BalanceComponent,Generation,Storage_Discharge,Storage_Charge,Flexible_Demand_Defer,Flexible_Demand_Stasify,Demand_Response,Nonserved_Energy,Transmission_NetExport,Transmission_Losses,Demand,Generation,Storage_Discharge,Storage_Charge,Flexible_Demand_Defer,Flexible_Demand_Stasify,Demand_Response,Nonserved_Energy,Transmission_NetExport,Transmission_Losses,Demand,Generation,Storage_Discharge,Storage_Charge,Flexible_Demand_Defer,Flexible_Demand_Stasify,Demand_Response,Nonserved_Energy,Transmission_NetExport,Transmission_Losses,Demand,Generation,Storage_Discharge,Storage_Charge,Flexible_Demand_Defer,Flexible_Demand_Stasify,Demand_Response,Nonserved_Energy,Transmission_NetExport,Transmission_Losses,Demand,Generation,Storage_Discharge,Storage_Charge,Flexible_Demand_Defer,Flexible_Demand_Stasify,Demand_Response,Nonserved_Energy,Transmission_NetExport,Transmission_Losses,Demand,Generation,Storage_Discharge,Storage_Charge,Flexible_Demand_Defer,Flexible_Demand_Stasify,Demand_Response,Nonserved_Energy,Transmission_NetExport,Transmission_Losses,Demand,Generation,Storage_Discharge,Storage_Charge,Flexible_Demand_Defer,Flexible_Demand_Stasify,Demand_Response,Nonserved_Energy,Transmission_NetExport,Transmission_Losses,Demand,Generation,Storage_Discharge,Storage_Charge,Flexible_Demand_Defer,Flexible_Demand_Stasify,Demand_Response,Nonserved_Energy,Transmission_NetExport,Transmission_Losses,Demand,Generation,Storage_Discharge,Storage_Charge,Flexible_Demand_Defer,Flexible_Demand_Stasify,Demand_Response,Nonserved_Energy,Transmission_NetExport,Transmission_Losses,Demand,Generation,Storage_Discharge,Storage_Charge,Flexible_Demand_Defer,Flexible_Demand_Stasify,Demand_Response,Nonserved_Energy,Transmission_NetExport,Transmission_Losses,Demand,Generation,Storage_Discharge,Storage_Charge,Flexible_Demand_Defer,Flexible_Demand_Stasify,Demand_Response,Nonserved_Energy,Transmission_NetExport,Transmission_Losses,Demand
Zone,1,1,1,1,1,1,1,1,1,1,2,2,2,2,2,2,2,2,2,2,3,3,3,3,3,3,3,3,3,3,4,4,4,4,4,4,4,4,4,4,5,5,5,5,5,5,5,5,5,5,6,6,6,6,6,6,6,6,6,6,7,7,7,7,7,7,7,7,7,7,8,8,8,8,8,8,8,8,8,8,9,9,9,9,9,9,9,9,9,9,10,10,10,10,10,10,10,10,10,10,11,11,11,11,11,11,11,11,11,11
AnnualSum,9.936079109112e7,5.406838424824122e6,-6.904071719568446e6,2.8358788968100646e6,-2.835878896810065e6,0.0,0.0,1.9585864347056385e7,-287704.14343206567,-1.17161718e8,3.3042238368626878e7,2.626804997012172e6,-3.1952538760248763e6,179776.46697503104,-179776.46697503107,0.0,0.0,-2.2050489330824986e7,-168567.158789188,-1.0254733000000002e7,1.0203542671009699e7,0.0,0.0,135335.17615484726,-135335.17615484732,0.0,0.0,-2.274899761143841e6,-164956.9098658624,-7.763685999999998e6,3.050275762772721e7,5.529072956817264e6,-6.532458597373893e6,266673.25644139946,-266673.25644139946,0.0,0.0,-1.3214143353730943e7,-902016.633439645,-1.5383212000000002e7,2.444401513572086e7,1.9131332518977327e6,-2.2603181142459037e6,31601.60593728675,-31601.605937286746,0.0,0.0,-2.2156491314564858e7,-183568.9588078263,-1.7567699999999998e6,5.6792709166345805e7,1.1229082061791409e7,-1.3739959405603433e7,162152.46361254065,-162152.46361254068,0.0,0.0,-4.418111736549779e7,-597615.4570359803,-9.503099000000002e6,2.7052810396589365e7,1.3467208762201364e6,-1.5911163471409925e6,302388.09645684384,-302388.09645684395,0.0,0.0,-8.880042704049814e6,-998182.221618703,-1.6930189999999996e7,-8.651201863043326e-11,1.0964457619525578e6,-1.2954226866169164e6,1.1667286841057842e6,-1.1667286841057842e6,0.0,0.0,6.510638647572347e7,-255811.55105907953,-6.465159799999999e7,9.548392921631893e6,0.0,0.0,384723.67358747736,-384723.67358747724,0.0,0.0,1.0829842998786056e7,-255774.9204179455,-2.0122461000000004e7,1.468193873660432e8,2.248092007383337e6,-2.9927017778748306e6,3.3158109203623366e6,-3.3158109203623366e6,0.0,0.0,7.574142843355461e6,-133843.4389071852,-1.53515077e8,5.731512063041048e8,3.415366449940303e7,-4.143449581586744e7,1.1578236243913531e7,-1.1578236243913533e7,0.0,0.0,9.660947164890874e6,-364710.1525313218,-5.751666120000001e8
t1,12837.948472918262,901.9273642569653,-1592.6891723519661,94.03042056033316,-551.982114067277,0.0,0.0,945.2851435510534,-43.00198801224795,-12591.518126855126,2810.8054116070552,672.6012578514371,-450.97889526037414,6.750462012360777,-0.0,0.0,0.0,-1934.6919275309922,-20.33330501768197,-1084.1530036618053,2501.2778737042904,0.0,-0.0,5.122062213835634,-0.0,0.0,0.0,-1665.3080724690078,-19.983305017681968,-821.1085584314361,6260.588973992672,0.0,-225.89774135622017,10.121049278516724,-44.65470879437935,0.0,0.0,-4262.846874815209,-110.67837671781682,-1626.6323215875623,4251.152368657231,0.0,-831.4883200598783,1.0825693185526108,-13.700000000000001,0.0,0.0,-3200.0,-21.6,-185.44661791590494,1800.1793265467643,2593.1520989381843,-2176.4810489248002,6.193149055400447,-0.0,0.0,0.0,-1144.6505258280204,-74.47687671781681,-1003.9161230697116,2426.4059844098038,241.73494849352934,-285.60367260577664,11.456861378488382,-0.0,0.0,0.0,-480.85145118138826,-120.889,-1792.2536704946574,0.0,191.96370528248553,-226.80021890652827,41.04789922318756,-0.0,0.0,0.0,6848.348851824618,-30.21,-6824.350237423762,1088.9206927645987,0.0,-0.0,13.975802576994631,-0.0,0.0,0.0,1064.7148564489466,-34.85298801224795,-2132.758363778292,15095.691570277511,0.0,-0.0,109.05218733998585,-484.80252316257935,0.0,0.0,1320.0,-9.702,-16030.239234454917,56717.902517314564,343.9246276484405,-0.0,450.1326055591516,-1621.2707705457956,0.0,0.0,2510.0,-40.8615,-58359.82747997635
t2,12163.357064369673,1019.1724809896322,-1259.42036029078,52.66592885951238,-440.4819440419078,0.0,0.0,270.7672668835505,-43.00198801224795,-11763.058448757434,3028.953711181335,617.1814959486533,-740.7747386753833,3.7638624168150194,-0.0,0.0,0.0,-1878.1574713418738,-20.33330501768197,-1010.6335545118643,2504.1648345445155,0.0,-0.0,2.8554817048501873,-0.0,0.0,0.0,-1721.8425286581262,-19.983305017681968,-765.1944825735577,6378.922530759535,191.19984828390477,-653.9398270357333,5.6429968459215445,-32.457064472613055,0.0,0.0,-4262.846874815209,-110.67837671781682,-1515.8432328479894,4225.450932029445,0.0,-831.4883200598783,0.6518304435961015,-0.0,0.0,0.0,-3200.0,-21.6,-173.0144424131627,1766.3167014229775,2095.3156417222663,-2156.656068712972,3.452841251485938,-0.0,0.0,0.0,-698.3438108679838,-74.47687671781681,-935.608428097958,2425.204758127684,0.0,-527.338621099306,6.387476637318887,-10.329413497130163,0.0,0.0,-102.06185324121816,-120.889,-1670.9733469273497,0.0,0.0,-418.76392418901384,22.885317098629805,-37.00597688311197,0.0,0.0,6823.25253892441,-30.21,-6360.157954950914,1088.9206927645987,0.0,-0.0,7.7921772102152795,-12.593819458963504,0.0,0.0,939.2327331164497,-34.85298801224795,-1988.4987956200523,14312.270853004633,0.0,-0.0,63.01978982221808,-186.4098944469224,0.0,0.0,1320.0,-9.702,-15499.17874837993,54048.18880800673,0.0,-0.0,260.05596751478146,-0.0,0.0,0.0,2510.0,-40.8615,-56777.38327552151
t3,11104.355374778668,0.0,-2407.214883136408,26.30439497227259,-19.54080778784531,0.0,0.0,2646.770780046713,-43.00198801224794,-11307.672870861154,3228.871806603698,527.386040192213,-830.5701944318236,1.885899582165205,-7.211340122794542,0.0,0.0,-1932.8857306643,-20.33330501768197,-967.1431761414767,2423.208846030092,0.0,-0.0,1.4310339171979551,-5.482090195389727,0.0,0.0,-1667.1142693357,-19.983305017681968,-732.0602153985187,6383.3822637260155,553.4946696030447,-1091.280123005504,2.8275837115521787,-24.28686844468131,0.0,0.0,-4262.846874815209,-110.67837671781682,-1450.6122740573996,4023.0776502581407,98.00320442962294,-733.4851156302555,0.32665507910586333,-0.5600541000509739,0.0,0.0,-3200.0,-21.6,-165.76234003656307,1697.8984884916058,2870.3286496652645,-985.5067627491557,1.7302438270514846,-6.622659296443965,0.0,0.0,-2607.0713279850715,-74.47687671781681,-896.2797552354332,2422.5213288209384,0.0,-527.338621099306,3.200824513875684,-0.0,0.0,0.0,-178.0454786940063,-120.889,-1599.4490535415016,0.0,0.0,-418.76392418901384,11.46796690813132,-0.0,0.0,0.0,6524.731256167584,-30.21,-6087.225298886701,1088.9206927645987,0.0,-0.0,3.904517380391937,-0.0,0.0,0.0,846.4616452799896,-34.85298801224794,-1904.4338674127328,14009.021954628868,0.0,-0.0,32.08916762601632,-115.05664295076167,0.0,0.0,1320.0,-9.702,-15236.352479304123,53469.069693062476,0.0,-0.0,137.68629361953748,-159.22584432383144,0.0,0.0,2510.0,-40.8615,-55916.668642358185
t4,10377.569893243639,388.06385563278127,-1824.6418430083247,35.999696061229116,-64.94770555656089,0.0,0.0,2235.524718837979,-43.00198801224795,-11104.566627198494,3009.09316829956,606.6310852420112,-751.3251493820255,2.574248938708246,-0.0,0.0,0.0,-1904.348516722174,-20.33330501768197,-942.2915313583981,2427.103299561596,0.0,-0.0,1.9536788464711523,-0.0,0.0,0.0,-1695.651483277826,-19.983305017681968,-713.4221901125592,6459.1076763493065,923.6594961118586,-1584.4994602525214,3.859799785613391,-15.264819998455351,0.0,0.0,-4262.846874815209,-110.67837671781682,-1413.337440462777,3176.6313182596728,518.9566001118051,-312.53171994807326,0.44594320719366365,-0.28386009494897996,0.0,0.0,-3200.0,-21.6,-161.618281535649,1726.452624405979,1667.82060028727,-1859.1343810598646,2.361986595106909,-1.5027887379651879,0.0,0.0,-589.0456062698568,-74.47687671781681,-872.4755585028524,2425.175635417456,0.0,-0.0,4.369517838702884,-1.922506201291172,0.0,0.0,-748.7479519979158,-120.889,-1557.985695056952,0.0,418.76392418901384,-0.0,15.655089445029999,-16.847687033833143,0.0,0.0,5537.551748793757,-30.21,-5924.913075393968,1088.9206927645987,0.0,-0.0,5.329899966332973,-2.34395650968233,0.0,0.0,797.5639654512461,-34.85298801224795,-1854.6176136602471,13915.70804068588,0.0,-0.0,44.45811615143262,-51.41711088797375,0.0,0.0,1320.0,-9.702,-15219.047045949339,53512.72662694352,0.0,-0.0,175.049122364514,-0.0,0.0,0.0,2510.0,-40.8615,-56156.914249308036
t5,10309.50294279207,1214.6433992502411,-2186.4131071995275,34.45192157854372,-0.0,0.0,0.0,1733.693229827081,-43.00198801224795,-11062.876398236158,3194.0560850613397,508.50352864914555,-849.4527059748909,2.4988910303571927,-8.086719756867598,0.0,0.0,-1897.3200650245435,-20.33330501768197,-929.8657089668588,2431.000506517744,0.0,-0.0,1.8979798831804884,-6.132068938206632,0.0,0.0,-1702.6799349754565,-19.983305017681968,-704.1031774695795,6312.066938040801,1009.6063660663249,-1544.6017039110825,3.7475259905851854,-12.593850988135076,0.0,0.0,-4262.846874815209,-110.67837671781682,-1394.7000236654656,2977.892663837438,617.1961144336299,-214.29220562624846,0.3496796403731078,-0.0,0.0,0.0,-3200.0,-21.6,-159.54625228519194,1551.8177958997953,2277.186932946771,-2620.359625042968,2.2938081579455893,-4.753574837493905,0.0,0.0,-270.6175177320065,-74.47687671781681,-861.0909426742269,2422.600941105837,205.82727828444987,-321.5113428148561,4.24346403670428,-8.793242831261617,0.0,0.0,-643.1874980040825,-120.889,-1538.290599776791,0.0,349.09089694092836,-69.67302724808542,15.20303986520563,-43.777310614158,0.0,0.0,5626.7417900681985,-30.21,-5847.375389012089,1088.9206927645987,0.0,-0.0,5.17500054796038,-13.674411932638554,0.0,0.0,786.2168706560187,-34.85298801224795,-1831.785164023691,14312.68472446576,0.0,-0.0,43.84240953865684,-0.0,0.0,0.0,1320.0,-9.702,-15666.825134004417,55020.45294714424,0.0,-0.0,190.19979805684363,-88.35260728747949,0.0,0.0,2510.0,-40.8615,-57591.43863791359
t6,10119.054869525182,1185.6089662628697,-2237.0802060890965,76.23124905041212,-27.179040284668083,0.0,0.0,2288.55701212868,-43.00198801224795,-11362.19086258113,3197.6495726437374,713.5888918522469,-644.3673427717897,5.330369518826111,-0.0,0.0,0.0,-2313.7185956641206,-20.33330501768197,-938.1495905612184,2012.53491431818,0.0,-0.0,4.045647600280664,-0.0,0.0,0.0,-1286.2814043358794,-19.983305017681968,-710.3158525648993,5661.657731488628,1334.6774982253287,-1219.5305717520794,7.992421609979164,-4.146859841824515,0.0,0.0,-4262.846874815209,-110.67837671781682,-1407.1249681970066,2550.0585738897053,831.4883200598783,-0.0,0.9234412288384066,-0.28806826800128343,0.0,0.0,-3200.0,-21.6,-160.58226691042046,1341.2086011399974,1161.56254245553,-1166.7,4.891017800857448,-0.0,0.0,0.0,-398.14958647703406,-74.47687671781681,-868.335698201534,2414.3131286702096,431.6401189716437,-0.0,9.048069664760277,-12.08903742399027,0.0,0.0,-1170.2570885983548,-120.889,-1551.7661912842696,0.0,191.96370528248553,-0.0,32.41731004716586,-21.080183614222133,0.0,0.0,5720.807169125787,-30.21,-5893.898000841216,1088.9206927645987,0.0,-0.0,11.036556953159801,-7.565209780610813,0.0,0.0,791.8893686361307,-34.85298801224795,-1849.4284205610297,15644.915652461228,0.0,-0.0,101.78051758689314,-124.70922197500278,0.0,0.0,1320.0,-9.702,-16932.28494807312,53404.70251077571,6299.575149609812,-0.0,407.80322103529784,-716.9828413907652,0.0,0.0,2510.0,-40.8615,-61864.23654003005
t7,10181.781695536585,1392.1536555168034,-2030.5355168351628,232.14958825484186,-0.0,0.0,0.0,2590.656654713635,-43.00198801224795,-12323.204089174455,3194.8647024670413,744.1365226691297,-613.8197119549069,16.07048589225077,-0.0,0.0,0.0,-2333.0658139284574,-20.33330501768197,-987.8528801273756,1965.802030304527,0.0,-0.0,12.200286758360104,-0.0,0.0,0.0,-1210.4271089083873,-19.983305017681968,-747.5919031368182,5774.542411938324,1336.3980369873807,-1217.8100329900278,24.09777248223207,-5.52122433547499,0.0,0.0,-4319.353951978364,-110.67837671781682,-1481.674635386252,3727.7927345047046,246.16588663744335,-585.3224334224349,2.7846522309672257,-0.9504560384314082,0.0,0.0,-3200.0,-21.6,-168.87038391224863,1743.2624925781724,2197.4838809622424,-1763.914616845127,14.74789276828113,-5.0318260858133375,0.0,0.0,-1198.1967851439022,-74.47687671781681,-913.8741615160365,2424.2411302230303,527.338621099306,-0.0,27.282805985705686,-0.0,0.0,0.0,-1221.2074811304444,-120.889,-1636.7660761775962,0.0,0.0,-69.55349362875806,97.74761244176355,-0.0,0.0,0.0,6195.726269371476,-30.21,-6193.710388184481,1088.9206927645987,0.0,-0.0,33.27636078857876,-0.0,0.0,0.0,865.8682170044449,-34.85298801224795,-1953.2122825453748,17427.348402618238,0.0,-0.0,322.12525850885027,-0.0,0.0,0.0,1320.0,-9.702,-19059.771661127088,54091.53056965793,10971.262083870646,-0.0,1273.6164765568315,-0.0,0.0,0.0,2510.0,-40.8615,-68805.5476300854
t8,10826.909510904792,1637.1526004360662,-1649.2565747104807,393.38236681312424,-238.2944498291582,0.0,0.0,2953.81681839602,-43.00198801224795,-13880.708283998116,3144.34501894043,434.23086467989873,-240.0,26.14319132313586,-4.217633606459922,0.0,0.0,-2250.837706661043,-20.333305017682004,-1089.33042965828,2177.758839300728,0.0,-0.0,19.84072852397628,-3.20362763974853,0.0,0.0,-1349.1622933389574,-19.983305017682007,-825.250341828316,5651.491643157054,1030.7544119227596,-707.7141393063383,39.19872640517464,-6.325184747994253,0.0,0.0,-4262.846874815209,-110.67837671781682,-1633.880205897628,2921.208948606798,657.8757826492855,-173.61253741059278,2.902884962537848,-0.2924462668943913,0.0,0.0,-3200.0,-21.6,-186.48263254113346,1575.6176838727529,2652.1162283295316,-1166.7,23.987420638616126,-0.0,0.0,0.0,-2002.488472752054,-74.47687671781681,-1008.05598337103,2485.666357852605,527.338621099306,-0.0,44.37512212348691,-0.0,0.0,0.0,-1130.7618390732641,-120.889,-1805.729262002136,-6.90067974633051e-14,383.9274105649711,-0.0,158.98704092338477,-0.0,0.0,0.0,6319.916472482807,-30.21,-6832.6209239711625,1089.7061751265114,0.0,-0.0,37.97604257055016,-30.640150651508527,0.0,0.0,1092.3638957617,-34.85298801224795,-2154.5529747950045,17940.136834896333,184.73525785315906,-0.0,506.09707988699427,-0.0,0.0,0.0,1320.0,-9.702,-19941.267172636482,50098.48483383977,17837.455225140966,-0.0,1986.2836673975735,-0.0,0.0,0.0,2510.0,-40.8615,-72391.36222637832
t9,11577.132995025659,1219.354933824806,-1406.3455564195153,377.48967517184315,-0.0,0.0,0.0,3201.540889155371,-43.00198801224795,-14926.170948745914,6377.033009426362,0.0,-1357.9562346240366,23.184631744289902,-20.537878979590598,0.0,0.0,-3827.1500065488776,-20.33330501768197,-1174.2402160004654,680.5528425675976,0.0,-0.0,17.338144105649526,-15.609703724488858,0.0,0.0,227.15000654887763,-19.98330501768197,-889.4479844799541,4858.27169848505,599.0092475088848,-1955.198822468523,36.71273595724615,-18.397991292506912,0.0,0.0,-1648.4826041264123,-110.67837671781682,-1761.235887345922,3959.343376169174,146.94565166432574,-684.5426683955526,4.240477856385434,-3.4,0.0,0.0,-3200.0,-21.6,-200.98683729433273,12061.908688861407,0.0,-4653.036206814645,22.463110999414518,-11.262920170756004,0.0,0.0,-6258.882467061522,-74.47687671781681,-1086.7133290960796,3855.9287300257865,0.0,-527.338621099306,41.55483968295554,-20.83624495365371,0.0,0.0,-1284.82477469252,-120.889,-1943.5949289632633,-1.0722900485962448e-13,0.0,-418.76392418901384,148.88497778891815,-74.64849919919318,0.0,0.0,7752.189845880454,-30.21,-7377.452400281165,1091.1169467944687,0.0,-0.0,50.6948912438898,-0.0,0.0,0.0,1208.4591108446289,-34.85298801224795,-2315.417960870739,17378.692496115276,950.5619721790102,-0.0,452.58739941585213,-236.3182722629081,0.0,0.0,1320.0,-9.702,-19855.82159544723,59588.7451545894,8523.158576157015,-0.0,1756.9102243328352,-1009.8259520203364,0.0,0.0,2510.0,-40.8615,-71328.12650305891
t10,12774.557775264553,1047.688857601394,-1679.8455359019645,292.3499397392609,-239.06808053313964,0.0,0.0,3078.1493460820475,-43.00198801224795,-15230.830314239905,5964.7565462717375,233.47266251680477,-1124.4835721072318,18.799756401726018,-20.08309075055928,0.0,0.0,-3827.1500065488776,-20.33330501768197,-1224.9789907659176,339.26484999999997,0.0,-0.0,14.25254449723776,-15.26556028272187,0.0,0.0,609.4909517042593,-19.98330501768197,-927.759480901093,3591.6781014622593,0.0,-2554.208069977408,28.180847881023883,-40.026324363731305,0.0,0.0,922.910200339431,-110.67837671781682,-1837.8563786237576,3908.820726151757,0.0,-831.4883200598783,3.25389758581497,-3.4,0.0,0.0,-2845.2753347563043,-21.6,-210.3109689213894,16048.397852180717,0.0,-4897.546557989739,17.239777846007588,-24.497170327656548,0.0,0.0,-9934.79530243027,-74.47687671781681,-1134.3217225612411,4292.8149606278175,0.0,-527.338621099306,31.891710342957516,-80.88798668194674,0.0,0.0,-1571.1425851813856,-120.889,-2024.4484780081352,4.370025579096882e-14,0.0,-418.76392418901384,114.26580006995991,-357.80491148478814,0.0,0.0,8405.96207687315,-30.21,-7713.449041269307,1091.0862882066554,0.0,-0.0,38.91283055540153,-18.1733480111116,0.0,0.0,1331.8506539179525,-34.85298801224795,-2408.82343665665,17661.920208292293,0.0,-0.0,341.44201920509795,-336.81305115815354,0.0,0.0,1920.0,-19.512,-19567.037176339243,74316.79184827577,0.0,-5722.132767952548,1105.6113223542038,-1881.4236341253936,0.0,0.0,1910.0,-50.6715,-69678.17526855203
t11,13904.58054430738,461.2882664048843,-2101.2052920759716,307.3664370646334,-219.70828301408173,0.0,0.0,3008.0980281793895,-43.00198801224795,-15317.417712853987,4605.4266256163155,0.0,-1357.9562346240366,20.01185724957526,-18.39897174013199,0.0,0.0,-1972.7064247392755,-20.33330501768197,-1256.0435467447658,339.26484999999997,0.0,-0.0,15.168204354271342,-2.758503194220766,0.0,0.0,618.848043441564,-19.983305017681968,-950.5392895839324,1621.44113,1079.9325725135661,-1474.2754974638417,29.99622049017286,-29.4,0.0,0.0,767.4338717949577,-110.67837671781682,-1884.449920617036,3044.1651348123596,0.0,-831.4883200598783,3.463082537179168,-8.320239560091995,0.0,0.0,-1970.7286156820364,-21.6,-215.49104204753198,18187.472146460008,375.1748593678948,-4522.371698621844,18.34918899743561,-18.0,0.0,0.0,-12802.846874815208,-74.47687671781681,-1163.3007446704698,3960.3910979212587,0.0,-527.338621099306,33.94384310683687,-33.3,0.0,0.0,-1237.5662277770807,-120.889,-2075.2410921517085,-3.7469920274833376e-14,0.0,-418.76392418901384,121.61937900042594,-119.3,0.0,0.0,8357.56622777708,-30.21,-7910.911682588491,1091.487158291418,0.0,-0.0,41.41924441325014,-30.937309905460314,0.0,0.0,1401.9019718206105,-34.85298801224795,-2469.01807660757,17343.656684786016,0.0,-0.0,355.8994173012476,-244.9984843441467,0.0,0.0,1920.0,-19.512,-19355.04561774312,81529.00138374402,0.0,-14898.161818420249,1264.157858816862,-1411.4,0.0,0.0,1910.0,-50.6715,-68342.92592414064
t12,13577.174457078145,924.9449396567222,-1928.758976756033,375.2074701168805,-580.8527265157029,0.0,0.0,2990.5665768266163,-43.00198801224795,-15315.27975239438,6477.343972518819,0.0,-1357.9562346240366,24.55331738501066,-22.810948580453996,0.0,0.0,-3827.1500065488776,-20.33330501768197,-1273.64679513278,339.26484999999997,0.0,-0.0,18.609452133033496,-16.611371059986062,0.0,0.0,643.7559054176468,-19.98330501768197,-965.0355314730119,3878.1069110901162,0.0,-2554.208069977408,36.80303570425122,-20.550388119004253,0.0,0.0,681.8975217885691,-110.67837671781682,-1911.3706337687079,2799.626049126677,243.85210197092306,-587.6362180889553,4.248802666950207,-2.7157921862858707,0.0,0.0,-2217.1758575660915,-21.6,-218.59908592321756,16458.051411000062,86.21398316474355,-4811.332574824995,22.512677912040928,-12.58187027694138,0.0,0.0,-10487.49159930602,-74.47687671781681,-1180.8951509510732,4178.843309900962,0.0,-527.338621099306,41.645760099949236,-23.276460012341545,0.0,0.0,-1444.719545798369,-120.889,-2104.2654430908933,4.7042920894892645e-14,0.0,-418.76392418901384,149.21531247078855,-83.38984022439482,0.0,0.0,8410.883582013143,-30.21,-8027.735130070522,1092.3893589902705,0.0,-0.0,50.81810828239175,-25.558989991237162,0.0,0.0,1419.4334231733837,-34.85298801224795,-2502.2289124425606,17898.706456510838,0.0,-899.284460514812,429.037989879817,-231.32068928516557,0.0,0.0,1920.0,-19.512,-19097.62729659068,86811.01557043381,0.0,-21687.727950577515,1489.9079890423518,-1154.1166408417002,0.0,0.0,1910.0,-50.6715,-67318.40746805696
t13,13473.109704360873,597.8515056901431,-1830.0,319.73090736084873,-267.72102148675356,0.0,0.0,2985.1371272462557,-43.00198801224795,-15235.106235159119,2551.03371209098,1117.9562346240366,-240.0,25.592940113681763,-0.0,0.0,0.0,-2160.602786678236,-20.33330501768197,-1273.64679513278,339.26484999999997,0.0,-0.0,5.332498477788498,-5.442216084568919,0.0,0.0,644.8282582482545,-19.983305017681968,-964.000085623792,3052.4558760758214,201.5736134826407,-2352.634456494767,38.35823839475475,-48.225536911735894,0.0,0.0,1129.4858638955156,-110.67837671781682,-1910.3352217244128,3928.609722871546,0.0,-831.4883200598783,4.427504637279695,-0.0,0.0,0.0,-2861.3498215257305,-21.6,-218.59908592321756,17146.119681616066,0.0,-4897.546557989739,23.4617340390816,-29.486162546257333,0.0,0.0,-10987.176667450265,-74.47687671781681,-1180.8951509510732,4718.581595322553,0.0,-527.338621099306,43.40109079472417,-0.0,0.0,0.0,-2010.5262058891913,-120.889,-2103.2288591287793,3.549223924604616e-14,296.15090319757996,-122.61302099143387,155.5064329067033,-274.3728728051283,0.0,0.0,8005.341359399652,-30.21,-8029.802801707372,1091.810207568485,0.0,-0.0,52.96496315927696,-34.63182026638474,0.0,0.0,1424.8628727537443,-34.85298801224795,-2500.1532352028735,18144.04168420242,0.0,-1490.0,441.5794492862316,-317.05700616685465,0.0,0.0,1920.0,-19.512,-18679.0521273218,86277.31342755348,0.0,-22078.817599059374,1532.0541813278721,-1123.2509209508773,0.0,0.0,1910.0,-50.6715,-66466.62758887111
t14,14227.283556272594,0.0,-2498.981211892112,410.86303317363024,-111.3549371680516,0.0,0.0,3004.432329930507,-43.00198801224795,-14989.24078230432,2382.673362150489,419.4757795426412,-938.4804550813953,7.836201379314389,-74.45076313533147,0.0,0.0,-514.4643618975008,-20.33330501768197,-1262.2564579405355,1444.36485,0.0,-0.0,20.26716558179043,-51.55934379062504,0.0,0.0,-437.3728479434511,-19.983305017681968,-955.7165188300322,3189.3622511916356,0.0,-2554.208069977408,40.08884221244165,-0.0,0.0,0.0,1329.2039823068394,-110.67837671781682,-1893.7686290156917,2228.2232495891326,831.4883200598783,-0.0,1.3593410555953531,-2.5761527887819904,0.0,0.0,-2820.367701243064,-21.6,-216.5270566727605,17826.026706960278,240.11896912236068,-4657.427588867378,17.324366089960424,-0.0,0.0,0.0,-12182.055041464955,-74.47687671781681,-1169.5105351224474,4627.041054711609,0.0,-527.338621099306,13.313546220978015,-0.0,0.0,0.0,-1907.556632022548,-120.889,-2084.570347810732,-1.2173715200460029e-13,0.0,-418.76392418901384,114.82945216037871,-0.0,0.0,0.0,8292.61260226468,-30.21,-7958.468130236043,1092.4721544910258,0.0,-0.0,55.354738367995935,-41.220789349948795,0.0,0.0,1405.567670069493,-34.85298801224795,-2477.3207855663177,18987.11086700931,0.0,-1490.0,461.87652064720146,-1286.4190396327704,0.0,0.0,1920.0,-19.512,-18573.05634802374,87243.29902111703,0.0,-21668.63789972545,1601.290651259523,-3318.1792674458784,0.0,0.0,1910.0,-50.6715,-65717.10100520523
t15,16068.274514252473,0.0,-3422.689172351966,432.9319349395732,-1070.1075798832555,0.0,0.0,2892.348505093917,-43.00198801224795,-14857.756214038493,6434.629228367302,0.0,-1357.9562346240366,27.889349767353764,-0.0,0.0,0.0,-3827.150006548877,-20.33330501768197,-1257.0790319440607,339.26484999999997,0.0,-0.0,18.842843895891757,-11.28961075083872,0.0,0.0,624.739957305781,-19.98330501768197,-951.5747354331523,3886.7520941740804,0.0,-2554.208069977408,41.79801614450957,-10.521842634025624,0.0,0.0,633.378923716286,-110.67837671781682,-1886.5207447056262,3225.3625394340797,0.0,-831.4883200598783,4.823985946910341,-11.415109775240493,0.0,0.0,-2150.1920534983396,-21.6,-215.49104204753198,15142.742421403227,629.1108144014632,-4268.435743588276,25.564166900010797,-6.441944469811607,0.0,0.0,-10282.69216310767,-74.47687671781681,-1165.3706748211291,4611.998349394957,0.0,-527.338621099306,12.472618992391087,-112.91759726915147,0.0,0.0,-1788.0846578671826,-120.889,-2075.2410921517085,-7.478213828772835e-14,0.0,-418.76392418901384,169.44201927214868,-340.9473677629921,0.0,0.0,8550.0,-30.21,-7929.520727320142,1092.769860379774,0.0,-0.0,54.23619347443123,-163.9,0.0,0.0,1517.651494906083,-34.85298801224795,-2465.90456074804,19343.105294865934,0.0,-1559.4823436796746,101.32357338780372,-820.5335070870922,0.0,0.0,1382.140736605762,-19.512,-18427.041754092734,86820.90056111735,0.0,-21936.615839447262,1640.8740029598716,-3958.743068252637,0.0,0.0,2447.859263394238,-50.671499999999995,-64963.603419771585
t16,15266.31966634566,253.7059351861454,-3168.983237165821,531.2348402824339,-1054.3749352024329,0.0,0.0,2963.819949164795,-43.00198801224795,-14748.720230598537,5475.687505306214,512.4773380555594,-845.4788965684774,34.32209630353887,-71.4102143869204,0.0,0.0,-3827.150006548877,-20.33330501768197,-1258.1145171433557,569.5968674396038,0.0,-0.0,25.990719200504387,-45.1,0.0,0.0,422.10589965994586,-19.98330501768197,-952.6101812823723,3392.5258264931017,1170.8631447296782,-1383.3449252477294,51.434587136856265,-101.05430206897158,0.0,0.0,-1133.2252096194907,-110.67837671781682,-1886.5207447056262,4254.144930372381,0.0,-831.4883200598783,5.93500468427534,-0.0,0.0,0.0,-3191.500572949247,-21.6,-215.49104204753198,10016.227641416212,1887.2708449331017,-3010.275713056637,31.454888788600297,-54.6,0.0,0.0,-7630.230110542331,-74.47687671781681,-1165.3706748211291,3568.787578281053,220.25755231357527,-307.0810687857306,58.10782908749297,-82.34289163656169,0.0,0.0,-1260.5623231460067,-120.889,-2076.277676113822,0.0,0.0,-418.76392418901384,208.48734295652855,-208.48734295652855,0.0,0.0,8380.562323146007,-30.21,-7931.588398956992,1091.9780073691195,0.0,-0.0,71.01946655690588,-106.34429876125543,0.0,0.0,1446.1800508352048,-34.85298801224795,-2467.9802379877265,18149.855180320483,0.0,-1502.609272198958,605.830934042242,-609.7114129262269,0.0,0.0,1920.0,-19.512,-18543.853429237537,81044.16017214561,0.0,-18135.457089436513,1956.590921423444,-1956.590921423444,0.0,0.0,1910.0,-50.6715,-64768.0315827091
t17,13785.181307712654,730.0975495443589,-2692.5916228076076,661.4300132970145,-661.4300132970145,0.0,0.0,2950.862320254723,-43.00198801224795,-14730.54756669188,5401.380898090343,512.4773380555594,-845.4788965684774,43.266916617693695,-6.048427485203449,0.0,0.0,-3827.150006548877,-20.33330501768197,-1258.1145171433557,739.9564848695754,0.0,-0.0,32.76169462874619,-27.274699747144847,0.0,0.0,227.15000654887717,-19.98330501768197,-952.6101812823723,4208.082641088706,1170.8631447296782,-1383.3449252477294,12.668782215492124,-116.08796280818578,0.0,0.0,-1894.9825585545177,-110.67837671781682,-1886.5207447056262,3748.5439158996583,256.2770874325347,-575.2112326273436,7.481271342683159,-0.0,0.0,0.0,-3200.0,-21.6,-215.49104204753198,9799.23758301478,1533.2106614387735,-3364.335896550965,7.753438637874566,-71.00079355603211,0.0,0.0,-6665.017441445482,-74.47687671781681,-1165.3706748211291,3461.4172992051313,241.73494849352934,-285.60367260577664,73.3477555711643,-73.3477555711643,0.0,0.0,-1220.3818989790616,-120.889,-2076.277676113822,5.291908964479027e-15,17.505622537410687,-401.2583016516031,262.8113347774598,-262.8113347774598,0.0,0.0,8340.381898979062,-30.21,-7926.419219864867,1091.0360743034666,0.0,-0.0,89.52619607613892,-135.82888550506428,0.0,0.0,1459.1376797452772,-34.85298801224795,-2469.01807660757,16782.71723585741,0.0,-0.0,784.3201193959178,-448.85409834385973,0.0,0.0,1920.0,-19.512,-19018.67125690947,71411.09518792326,0.0,-7366.685599633016,2503.406402895746,-2503.406402895746,0.0,0.0,1910.0,-50.6715,-65903.73808829024
t18,13533.493458145971,1843.016001561573,-229.99311544018948,759.2280421913435,-759.2280421913435,0.0,0.0,-12.720452119457377,-43.00198801224795,-15090.79390413565,4665.093342917191,738.2785526119262,-619.6776820121105,29.59348419237643,-66.81197332486667,0.0,0.0,-3445.24722783899,-20.33330501768197,-1280.8951915278444,1156.0947629637094,0.0,-0.0,38.40120064306358,-50.582571558189464,0.0,0.0,-154.75277216100994,-19.983305017681968,-969.1773148698918,3833.6936890363218,1170.8631447296782,-1383.3449252477294,75.9983053815186,-75.9983053815186,0.0,0.0,-1589.8441896330905,-110.67837671781682,-1920.6893421673635,3502.57024855218,381.158857289147,-450.3294627707313,8.769058361565504,-0.9336008837150881,0.0,0.0,-3200.0,-21.6,-219.63510054844608,4350.786892122734,1166.7,-0.0,46.475949190682456,-46.475949190682456,0.0,0.0,-4256.940039077195,-74.47687671781681,-1186.0699763277212,3036.1124896789574,241.73494849352934,-285.60367260577664,85.9732069719233,-85.9732069719233,0.0,0.0,-755.6868988925632,-120.889,-2115.6678666741445,0.0,146.92209899963305,-173.5847105383188,308.0492943190924,-308.0492943190924,0.0,0.0,8122.859666890936,-30.21,-8065.987055352249,1089.2797283012455,0.0,-0.0,104.93613784907005,-104.93613784907005,0.0,0.0,1462.3319128313715,-34.85298801224795,-2516.7586531203688,16400.578664637495,1490.0,-0.0,958.8716041031561,-0.0,0.0,0.0,1320.0,-9.702,-20159.748268740652,62393.78506737912,341.1255236412794,-0.0,3026.6960331808364,-0.0,0.0,0.0,2510.0,-40.8615,-68230.74512420125
t19,12804.00586918017,1830.0,-0.0,698.7859776197693,-698.7859776197693,0.0,0.0,1414.8370996794993,-43.00198801224795,-16005.840980847424,3275.572109022218,934.2182479891785,-423.7379866348583,45.636268432879376,-0.0,0.0,0.0,-2498.360101085748,-20.33330501768197,-1312.9952327059877,2081.0779364381788,0.0,-0.0,34.57328274492645,-0.0,0.0,0.0,-1101.6398989142522,-19.983305017681968,-994.028015251171,3776.9927007490674,1646.715956187315,-0.0,68.39695025105081,-0.0,0.0,0.0,-3412.073522220384,-110.67837671781682,-1969.353708249232,3513.0098350015137,381.158857289147,-450.3294627707313,3.625161167398736,-1.049217012739374,0.0,0.0,-3200.0,-21.6,-224.81517367458866,1771.3286247869585,3543.031708871028,-0.0,41.833473901915674,-0.0,0.0,0.0,-4064.598002254478,-74.47687671781681,-1217.1189285876092,2426.5993057868427,0.0,-0.0,77.38618147871716,-0.0,0.0,0.0,-214.56283852361412,-120.889,-2168.533648741945,0.0,418.76392418901384,-0.0,277.2763742539592,-207.92022933275493,0.0,0.0,7815.8779857454665,-30.21,-8273.788054855684,1088.9206927645987,0.0,-0.0,94.44198798511432,-0.0,0.0,0.0,1430.5192775735109,-34.85298801224795,-2579.0289703109756,18145.181508618436,991.9633044490693,-0.0,869.3518418224477,-220.38980582152755,0.0,0.0,1320.0,-9.702,-21096.40484906843,51789.74891816864,14578.577846638958,-0.0,2889.650346143203,-531.0249166701302,0.0,0.0,2510.0,-40.8615,-71196.09069428068
t20,12157.960988203231,2535.4165646129336,-0.0,495.7835606534527,-260.3945725268213,0.0,0.0,1532.7027966210167,-43.00198801224794,-16418.467349551564,3480.6664740582287,877.334450197643,-480.6217844263938,32.43352613423168,-22.19452683391061,0.0,0.0,-2514.9411638329216,-20.33330501768197,-1352.3436702791955,2121.3061606799124,0.0,-0.0,24.58677706476343,-16.794851681365245,0.0,0.0,-1085.0588361670784,-19.983305017681968,-1024.0559448785502,3515.709041774482,2554.208069977408,-0.0,48.61698751186984,-17.09195859751388,0.0,0.0,-3962.3915691743773,-110.67837671781682,-2028.3721947740514,2628.116701567238,831.4883200598783,-0.0,5.613311021242727,-11.551056597170751,0.0,0.0,-3200.0,-21.6,-232.0672760511883,1552.9028394244572,3282.8173058934326,-0.0,29.741036010916318,-16.2158407702286,0.0,0.0,-3521.425757616616,-74.47687671781681,-1253.342706224145,2424.5857384995884,527.338621099306,-0.0,47.57544714464365,-0.0,0.0,0.0,-644.7723683884269,-120.889,-2233.8384383551106,0.0,418.76392418901384,-0.0,197.12474795545126,-69.35614492120429,0.0,0.0,8007.653795691287,-30.21,-8523.976322914546,1088.9206927645987,0.0,-0.0,67.13140148030071,-23.603180920376314,0.0,0.0,1558.2331028671165,-34.85298801224794,-2655.829028179391,18097.783362883405,698.2925228771967,-0.0,576.6651121330278,-94.98125362203064,0.0,0.0,1320.0,-9.702,-20588.0577442716,52405.506135026364,16781.33177109078,-0.0,2095.3427283259502,-3139.9584504659847,0.0,0.0,2510.0,-40.8615,-70611.36068397711
t21,10939.398593646705,3165.8367432552805,-0.0,325.4651367947545,-297.7965160854037,0.0,0.0,1924.4908530867538,-43.00198801224795,-16014.392822685852,3359.847284281173,834.52067870974,-385.93172832007167,18.473822293210752,-19.6,0.0,0.0,-2460.5202116495484,-20.33330501768197,-1326.456540296822,2164.755768928385,0.0,-0.0,13.989798183119541,-14.9,0.0,0.0,-1139.4797883504514,-19.983305017681968,-1004.3824737433707,3601.8235509618466,2554.208069977408,-0.0,43.11380759901312,-51.30499165353692,0.0,0.0,-4048.135523076074,-110.67837671781682,-1989.0265370908385,2645.2127297633556,817.4841118660189,-14.004208193859427,3.1945694895314336,-3.4,0.0,0.0,-3200.0,-21.6,-226.8872029250457,1770.5485247994138,3247.7531320493426,-0.0,26.377122759665347,-50.90420172577187,0.0,0.0,-3690.794156748598,-74.47687671781681,-1228.5035444162347,2422.147764559216,527.338621099306,-0.0,48.79507929219537,-134.3,0.0,0.0,-552.7905530043843,-120.889,-2190.301911946334,0.0,418.76392418901384,-0.0,121.04784179305133,-0.0,0.0,0.0,7846.893154347623,-30.21,-8356.494920329687,1088.9206927645987,0.0,-0.0,59.53316704018853,-0.0,0.0,0.0,1490.3362253946802,-34.85298801224795,-2603.9370971872186,17694.188730479775,898.0908231910872,-0.0,437.20296977341906,-339.0259236507209,0.0,0.0,1320.0,-9.702,-20000.75459979356,55400.875117415206,14373.040306771582,-0.0,1810.6288561587548,-4910.6,0.0,0.0,2510.0,-40.8615,-69143.08278034555
t22,10532.478714404573,1830.0,-0.0,364.3309953733556,-132.86831345903678,0.0,0.0,2819.9273160375164,-43.00198801224795,-15370.86672434416,3279.4393992871096,790.4255154213789,-72.42776672503615,24.450909973588814,-79.2,0.0,0.0,-2633.1756798171555,-20.33330501768197,-1289.179073122204,2004.6880673264027,0.0,-0.0,18.544993688555813,-60.0,0.0,0.0,-966.8243201828448,-19.983305017681968,-976.4254358144316,3425.483951163787,2554.208069977408,-0.0,36.655858041001366,-18.87857880831647,0.0,0.0,-3952.6412249128634,-110.67837671781682,-1934.1496987431997,3033.400375871039,625.2967188662533,-206.1916011936251,3.4656216300071447,-13.700000000000001,0.0,0.0,-3200.0,-21.6,-220.6711151736746,1485.3876506976603,4117.582501310737,-0.0,22.42729575780193,-0.0,0.0,0.0,-4355.535909042695,-74.47687671781681,-1195.3846620056875,2415.2213918702073,527.338621099306,-0.0,26.630222222128907,-0.0,0.0,0.0,-719.1577770100193,-120.889,-2129.143458181623,0.0,418.76392418901384,-0.0,148.6479173870652,-119.3,0.0,0.0,7713.216870336948,-30.21,-8131.118711913027,1088.9206927645987,0.0,-0.0,37.02470556936602,-26.070418354341793,0.0,0.0,1464.190724591113,-34.85298801224795,-2529.2127165584902,17468.563259847804,0.0,-0.0,410.4845721956575,-206.36703142823052,0.0,0.0,1320.0,-9.702,-18982.978800615227,52853.931295882816,11802.988742294603,-0.0,848.2658435620053,-1411.4,0.0,0.0,2510.0,-40.8615,-66562.92438173943
t23,10436.042372464868,2026.7475096602852,-0.0,266.1142770112773,-39.5482360213075,0.0,0.0,1745.3268987413048,-43.00198801224795,-14391.680833844177,3087.3861309750364,1084.123968494106,-273.8322661299306,14.175679658266429,-0.0,0.0,0.0,-2665.5057320145843,-20.33330501768197,-1226.0144759652126,1869.5921330069064,0.0,-0.0,13.6803667465045,-0.0,0.0,0.0,-934.494267985416,-19.983305017681968,-928.7949267503129,3866.839256775641,2554.208069977408,-0.0,27.03564715913791,-19.915335852209687,0.0,0.0,-4477.562058629811,-110.67837671781682,-1839.9272027123477,1862.5776244114422,831.4883200598783,-0.0,3.1228785157433108,-0.0,0.0,0.0,-2465.2778540656745,-21.6,-210.3109689213894,1835.9504132827092,2416.221375057856,-0.0,14.17951973789836,-18.0,0.0,0.0,-3037.4827786487467,-74.47687671781681,-1136.3916527119004,2424.265056927628,527.338621099306,-0.0,30.602205209731682,-22.557166118319138,0.0,0.0,-814.3112391102104,-120.889,-2024.4484780081352,0.0,418.76392418901384,-0.0,109.64295615667703,-119.3,0.0,0.0,7354.195041473692,-30.21,-7733.091921819382,1088.9206927645987,0.0,-0.0,37.3323562678996,-150.8021304625753,0.0,0.0,1465.1119902394453,-34.85298801224795,-2405.7099207971196,17032.837794668987,0.0,-0.0,292.4953604170084,-1167.9593625991936,0.0,0.0,1320.0,-9.702,-17467.671792486803,53919.26133638525,5154.593865231593,-0.0,1127.8543303034128,-265.5625010320655,0.0,0.0,2510.0,-40.8615,-62405.2855308882
t24,9868.3295894795,2385.8864724466935,-0.0,172.1374896311911,-0.0,0.0,0.0,715.9321724666424,-43.00198801224795,-13099.283736011777,2876.2323211239623,1178.0710771548947,-179.88515746914183,11.806662951584602,-25.98234260985103,0.0,0.0,-2691.556170115675,-20.33330501768197,-1148.3530860180917,1811.8820149932862,0.0,-0.0,8.955794715532912,-22.63616146203741,0.0,0.0,-908.4438298843249,-19.983305017681968,-869.7745133447746,3932.3516234911967,396.4492879902855,-0.0,17.70054095791206,-18.34317903301227,0.0,0.0,-2494.554254981561,-110.67837671781682,-1722.9256417070044,1995.41116225726,831.4883200598783,-0.0,2.044428962625248,-0.0,0.0,0.0,-2610.5011324863453,-21.6,-196.84277879341863,1819.0029288686562,3257.0173259123803,-0.0,10.830120486461787,-60.26852615865896,0.0,0.0,-3888.160874952194,-74.47687671781681,-1063.9440974388283,2417.3700163201756,527.338621099306,-0.0,20.03477755300782,-94.16674678210546,0.0,0.0,-853.7756014843517,-120.889,-1895.9120667060313,0.0,0.0,-0.0,61.60626841486699,-399.4697317071118,0.0,0.0,7606.991863904453,-30.21,-7238.918400612208,1088.9206927645987,0.0,-0.0,19.917753753172747,-114.90564235874854,0.0,0.0,1294.0678275333576,-34.85298801224795,-2253.147643680132,15978.249126802913,0.0,-0.0,190.02396105488071,-1408.3130387699355,0.0,0.0,1320.0,-9.702,-16070.258049087859,52812.58737095498,3133.1465738871702,-0.0,737.9123620217583,-1106.6664665410958,0.0,0.0,2510.0,-40.8615,-58046.11834032282
t25,10767.212717335518,0.0,-0.0,78.85127076247667,-789.6879687401665,0.0,0.0,895.7259618342845,-7.882388464141698,-10944.219592727972,2519.0376092142,0.0,-0.0,5.550331507988679,-8.11555380624592,0.0,0.0,-1504.567992920704,-14.732147074208545,-997.1722469210301,2081.936609340715,0.0,-0.0,4.2081202612786495,-6.169477128217561,0.0,0.0,-1305.1519233747372,-19.983305017681968,-754.840024081358,4684.631425482196,0.0,-0.0,8.320085929924932,-12.173330709368875,0.0,0.0,-3102.0908999785534,-82.51687671781681,-1496.170404006383,4224.413859341051,0.0,-831.4883200598783,0.9607143369142896,-1.3438404553811232,0.0,0.0,-3200.0,-21.6,-170.94241316270566,852.8562519902811,0.0,-0.0,5.089954488646063,-7.453059617980944,0.0,0.0,143.04489566567418,-68.27926518195851,-925.258777344662,2404.0307590731686,0.0,-0.0,9.415874670789409,-13.788160293264749,0.0,0.0,-650.8438935004149,-105.82900000000001,-1642.9855799502786,0.0,0.0,-0.0,33.73634989389551,-183.497606127894,0.0,0.0,6488.43742026366,-30.21,-6308.466164029662,1088.9206927645987,0.0,-0.0,11.488611744742418,-50.79551270423694,0.0,0.0,914.2627739383202,-16.891314917110584,-1946.985250826314,14509.189646732297,0.0,-0.0,78.03069704049216,-802.9473691106879,0.0,0.0,762.219716613685,-5.602314917110585,-14540.890376358675,58024.57733923066,0.0,-0.0,419.32303887111675,-3162.487872268951,0.0,0.0,558.9639414587856,-7.098842056526577,-55833.27760523509
t26,10685.61146254811,0.0,-115.36361069901902,43.07963692792455,-531.7749415004478,0.0,0.0,0.0,-0.0,-10081.552547276568,2281.9580192956823,0.0,-0.0,3.142833911286142,-8.858767530412448,0.0,0.0,-1308.4398233040013,-20.33330501768197,-947.4689573548728,2123.303213257599,0.0,-0.0,2.382101859534668,-6.734471234854361,0.0,0.0,-1382.4390112043784,-19.983305017681968,-716.5285276602191,5016.069127337189,0.0,-0.0,4.710843297534996,-73.51917387120068,0.0,0.0,-3444.1585952728647,-82.51687671781681,-1420.5853247728426,4099.101796313216,0.0,-716.4273789495552,0.5438641719886143,-0.0,0.0,0.0,-3200.0,-21.6,-161.618281535649,833.5830827213869,0.0,-0.0,2.8816862536297574,-20.8201422059964,0.0,0.0,123.43759890362617,-60.39687671781681,-878.68534895483,2403.901237120599,0.0,-0.0,5.330778812275629,-77.10639214683563,0.0,0.0,-667.2743447669718,-105.82900000000001,-1559.0222790190658,0.0,0.0,-418.76392418901384,19.099971213860318,-242.20138027392204,0.0,0.0,6665.221572659097,-30.21,-5993.146239410022,1088.9206927645987,0.0,-0.0,6.504801207187526,-120.73435363593764,0.0,0.0,893.6526029854931,-20.991,-1847.3527433213428,13479.92347313498,0.0,-993.086467499537,52.67541902680941,-53.05368255936418,0.0,0.0,1320.0,-9.702,-13796.756742102889,57131.040091555886,0.0,-3097.2492696794475,202.73837653673118,-2376.7449225382807,0.0,0.0,1000.0,-12.7,-52847.08427587489
t27,11236.651819511992,0.0,-1562.8527891055605,17.482186244189123,-14.499418733022374,0.0,0.0,-69.24709820952894,-0.6093744642438548,-9606.925325243825,1843.7326048495297,0.0,-0.0,1.2988475033300086,-18.565358409988914,0.0,0.0,-890.7638727484591,-20.33330501768197,-915.3689161767296,1800.3375079492807,0.0,-0.0,0.9840981997343954,-14.048618528364093,0.0,0.0,-1074.5764094748095,-19.983305017681968,-692.7132731281598,5348.6980948914625,0.0,-0.0,1.946690297033665,-5.690545068106978,0.0,0.0,-3886.2941172733276,-85.70375211179226,-1372.956370735269,4215.495286840165,0.0,-831.4883200598783,0.1628386700187957,-6.131597040799359,0.0,0.0,-3200.0,-21.6,-156.4382084095064,994.6003826488848,0.0,-0.0,1.190689682130642,-33.05675148910963,0.0,0.0,-53.05670788957468,-61.00625118206066,-848.6713617702717,2406.9857506268922,0.0,-527.338621099306,2.202617816145553,-6.445413291427293,0.0,0.0,-263.41883710103957,-105.82900000000001,-1506.156496951265,0.0,0.0,-417.1181652574401,7.891995505645736,-0.0,0.0,0.0,6233.052096205782,-30.21,-5793.6159264539865,1088.9206927645987,0.0,-0.0,2.6879854658157574,-0.0,0.0,0.0,713.426909280478,-20.991,-1784.0445875108924,13527.186498017445,0.0,-1490.0,22.044358139173667,-0.0,0.0,0.0,1320.0,-9.702,-13369.528856156618,54675.86268930092,0.0,-4592.009536617617,88.55309061237506,-82.61234253098398,0.0,0.0,1170.8780372104795,-15.886875393975442,-51244.78506258121
t28,9758.87415897121,0.0,-370.6580587334858,23.085842952065217,-0.0,0.0,0.0,0.0,-0.0,-9411.30194318979,2092.903123616314,0.0,-0.0,1.7461334814809137,-0.9154611280878504,0.0,0.0,-1173.5638527647202,-20.33330501768197,-899.8366381873054,1832.228481037426,0.0,-0.0,1.323271058531648,-0.6959372861484168,0.0,0.0,-1131.5491410053871,-19.983305017681968,-681.3233687867402,5086.724730267143,0.0,-0.0,2.6172081602888873,-0.838296854581455,0.0,0.0,-3643.7987682448306,-94.5275675672423,-1350.1773057607775,4207.249316839881,0.0,-831.4883200598783,0.2051823790457621,-0.0,0.0,0.0,-3200.0,-21.6,-154.36617915904935,827.3530927724715,0.0,-0.0,1.6009087873285153,-0.0,0.0,0.0,66.65969094900356,-60.39687671781681,-835.2168157909869,2406.577754309148,0.0,-0.0,2.961482050364504,-0.0,0.0,0.0,-822.4317544989763,-105.82900000000001,-1481.278481860535,0.0,0.0,-418.76392418901384,10.610932499356014,-118.30376646854045,0.0,0.0,6255.16978931708,-30.21,-5698.503031158882,1088.9206927645987,0.0,-0.0,3.6138604000308483,-2.067611974316101,0.0,0.0,685.5091649649621,-20.991,-1754.9851061552756,13429.715431102524,0.0,-1502.609272198958,27.267505978854786,-5.464946362560359,0.0,0.0,1320.0,-9.702,-13259.20671851986,48856.15881938077,0.0,-0.0,106.17476755003328,-0.0,0.0,0.0,1644.004871282868,-24.710690849425486,-50581.627767364254
t29,9265.94564777934,0.0,-179.8624673876049,30.64399210693869,-11.546051072614429,0.0,0.0,263.5428290072522,-2.319176895263819,-9366.404773538045,2408.5332618792536,0.0,-0.0,2.4512997493643924,-0.0,0.0,0.0,-1485.6371924271562,-20.33330501768197,-905.0140641837802,1896.3909182558536,0.0,-0.0,1.8613284348604704,-0.0,0.0,0.0,-1192.8037894894135,-19.983305017681968,-685.46515218362,4481.453039897833,0.0,-0.0,3.675912149971484,-0.0,0.0,0.0,-3035.0334919476923,-91.63485798497459,-1358.460602115138,3948.7702539227867,0.0,-573.2288979445976,0.42482318086061976,-0.0,0.0,0.0,-3200.0,-21.6,-154.36617915904935,704.0677167509509,0.0,-0.0,2.2497962333151182,-0.5132429721927275,0.0,0.0,197.30342476864007,-62.716053613080625,-840.3916411676348,2403.816215384871,0.0,-0.0,4.162019284225458,-17.06162984967828,0.0,0.0,-794.4798672998595,-105.82900000000001,-1490.607737519559,-3.5811508470325136e-15,0.0,-0.0,14.911391556978282,-0.0,0.0,0.0,5745.850549973081,-30.21,-5730.551941530059,1088.9206927645987,0.0,-0.0,5.076062021565364,-0.0,0.0,0.0,692.3577375675459,-20.991,-1765.3634923537102,13379.762055639725,0.0,-1184.0749658317486,39.57451888120105,-81.93245866591133,0.0,0.0,1320.0,-9.702,-13463.627150023265,49775.91107422136,0.0,-0.0,167.20503537200196,-195.1953788508426,0.0,0.0,1488.899799847602,-21.81798126715778,-51215.00254932297
t30,10045.788746880491,0.0,-472.27899597691277,78.3127439919927,-0.0,0.0,0.0,0.0,-0.0,-9651.822494895572,2480.3244073730466,0.0,-0.0,6.341872732092522,-0.0,0.0,0.0,-1525.0769289283542,-20.33330501768197,-941.2560461591032,1881.9071829746244,0.0,-0.0,4.812682512006894,-0.0,0.0,0.0,-1154.3498162056105,-19.983305017681968,-712.3867442633392,4489.724008311386,0.0,-0.0,9.508756978706344,-0.0,0.0,0.0,-2992.0639197395567,-94.86681713205412,-1412.302028418482,4028.7272773233794,0.0,-647.438377583986,1.09854955007286,-0.2051823790457621,0.0,0.0,-3200.0,-21.6,-160.58226691042046,1397.3081550663828,0.0,-0.0,5.818710878808625,-0.0,0.0,0.0,-469.2194656491929,-60.39687671781681,-873.5105235781821,2409.5337677451157,0.0,-0.0,10.764209913852714,-0.0,0.0,0.0,-763.739370336812,-105.82900000000001,-1550.7296073221557,6.906367179976913e-15,0.0,-418.76392418901384,38.566068152415845,-0.0,0.0,0.0,6365.302170164892,-30.21,-5954.894314128294,1088.9206927645987,0.0,-0.0,13.13036875736925,-0.0,0.0,0.0,756.952134220784,-20.991,-1838.0121957427518,13400.864880326624,0.0,-539.4499678262335,106.33842787694073,-81.10645194502288,0.0,0.0,1320.0,-9.702,-14196.944888432308,53155.49323163135,0.0,-1310.1098534984617,424.81311367598136,-0.0,0.0,0.0,1662.19519647385,-25.049940414237305,-53907.34174786847
t31,9980.852063001084,0.0,-2483.091378269427,221.29022286335984,-82.45866562931687,0.0,0.0,2833.2429075496384,-43.00198801224795,-10426.833161503091,3366.2221144149935,0.0,-0.0,18.87476728408746,-3.8638765595558855,0.0,0.0,-2327.485471225491,-20.33330501768197,-1033.414228896353,1637.5026904633046,0.0,-0.0,14.326056810493323,-2.930241423780542,0.0,0.0,-846.1181388220386,-19.983305017681968,-782.7970620102972,3875.1592374217225,0.0,-1071.6443648873042,28.301285263208783,-47.719620626112835,0.0,0.0,-1122.3709180996748,-110.67837671781682,-1551.0472423540218,3273.7918019005556,123.86578690228755,-0.0,3.2699811085554646,-2.169068997321994,0.0,0.0,-3200.0,-21.6,-177.15850091407677,7708.39430584403,0.0,-0.0,17.319334572062388,-29.199243435459955,0.0,0.0,-6663.659860507605,-74.47687671781681,-958.3776597552093,2929.423456011773,0.0,-527.338621099306,32.03968239202318,-54.01630677102911,0.0,0.0,-554.0385928563583,-120.889,-1705.180617677103,0.0,0.0,-418.76392418901384,114.79123612396205,-193.5314484667993,0.0,0.0,7053.285822430773,-30.21,-6525.571685898923,1089.345381167162,0.0,-0.0,39.080657618160245,-65.89415498925717,0.0,0.0,997.1442515307563,-34.85298801224795,-2024.823147314573,14266.48869942279,0.0,-208.91636201732604,313.95456309277927,-117.75077703786803,0.0,0.0,1320.0,-9.702,-15564.074123460377,63275.463969916585,0.0,-8663.289551615739,1227.8842891364889,-0.0,0.0,0.0,2510.0,-40.8615,-58309.19720743733
t32,10466.272776999233,0.0,-1958.5066868884096,329.87524445627537,-0.0,0.0,0.0,3190.766990001704,-43.00198801224795,-11985.406336556556,5249.678645748988,0.0,-224.12301095862136,26.68587277748447,-43.979287591660416,0.0,0.0,-3827.1500065488776,-20.33330501768197,-1160.7789084096312,674.3743776768408,0.0,-0.0,12.130012971065641,-15.613012040567737,0.0,0.0,227.15000654887763,-19.98330501768197,-878.0580801385345,3720.8570697291616,0.0,-2554.208069977408,40.00743259759802,-40.00743259759802,0.0,0.0,684.557023426084,-110.67837671781682,-1740.5276464600206,3419.2939149050044,0.0,-0.0,4.62089313887088,-3.4,0.0,0.0,-3200.0,-21.6,-198.91480804387567,11478.886163927466,0.0,-1328.7129973190033,24.47864125423078,-24.47864125423078,0.0,0.0,-9000.36757662319,-74.47687671781681,-1075.328713267454,3456.5530003830795,0.0,-527.338621099306,45.283348663464075,-45.283348663464075,0.0,0.0,-893.7548012596953,-120.889,-1914.5705780240787,-6.83941005096545e-14,0.0,-418.76392418901384,162.24398240099845,-162.24398240099845,0.0,0.0,7769.5653544568,-30.21,-7320.591430267787,1090.5622327107972,0.0,-0.0,55.24428757408704,-55.24428757408704,0.0,0.0,1219.233009998296,-34.85298801224795,-2274.942254696845,16560.380686799042,0.0,-1490.0,444.82348797778656,-197.86757634974026,0.0,0.0,1920.0,-19.512,-17217.824598427087,76779.7957565842,0.0,-16222.881786956828,1678.5393385573425,-346.3049293495791,0.0,0.0,1910.0,-50.6715,-63748.47687883512
t33,11405.486916746371,0.0,-970.6796542545154,304.6007186578584,-274.57842734810305,0.0,0.0,3070.84089479009,-43.00198801224795,-13492.668460579454,5750.626603964222,0.0,-849.1907709271753,23.263887386606594,-19.6,0.0,0.0,-3633.9002946576807,-20.33330501768197,-1250.8661207482912,930.8536528448343,0.0,-0.0,20.397382584426595,-17.735073032987376,0.0,0.0,33.90029465768066,-19.983305017681968,-947.4329520362725,3104.638565030714,0.0,-0.0,40.32192306305832,-18.843524529959126,0.0,0.0,-1138.2365505390244,-110.67837671781682,-1877.2020363069705,3433.577675743794,0.0,-0.0,4.6565347874166,-2.179183108906838,0.0,0.0,-3200.0,-21.6,-214.45502742230346,13041.363199099398,0.0,-4398.059392568028,24.669220844942316,-11.536851753036201,0.0,0.0,-7421.763449460976,-74.47687671781681,-1160.1958494444812,3923.853997810957,0.0,-527.338621099306,45.635653367338904,-33.04529200940297,0.0,0.0,-1224.37806950113,-120.889,-2063.8386685684573,-6.90067974633051e-14,0.0,-418.76392418901384,163.50772583474458,-163.50772583474458,0.0,0.0,8344.37806950113,-30.21,-7895.404145312115,1091.3906285394019,0.0,-0.0,55.678074333167444,-0.0,0.0,0.0,1339.1591052099102,-34.85298801224795,-2451.374820070231,16217.03215230716,0.0,-0.0,444.7295793017437,-267.1619068464115,0.0,0.0,1920.0,-19.512,-18295.087824762493,86075.09277712094,0.0,-19265.307839004854,1185.5166205110565,-1656.64569900997,0.0,0.0,1910.0,-50.6715,-68197.98435961718
t34,12490.390115428347,0.0,-670.0633133328073,290.11359938617875,-671.6719806559854,0.0,0.0,2944.603350000125,-43.00198801224795,-14340.36978281361,6498.7083924237595,0.0,-1357.9562346240366,18.690901273528883,-0.0,0.0,0.0,-3827.1500065488776,-20.33330501768197,-1311.9597475066928,785.1401058229108,0.0,-0.0,15.585762047844835,-14.9,0.0,0.0,227.15000654887763,-19.98330501768197,-992.9925694019511,3426.942043460288,0.0,-2554.208069977408,33.026269563196266,-0.0,0.0,0.0,1172.2010178323808,-110.67837671781682,-1967.282884160642,3598.475311789771,0.0,-146.34426618890305,3.813188836279844,-9.529060762558785,0.0,0.0,-3200.0,-21.6,-224.81517367458866,12718.384022588682,0.0,-1715.8256552531172,20.20349072691446,-0.0,0.0,0.0,-9732.20101783238,-74.47687671781681,-1216.0839635122795,3967.688805903196,0.0,-372.5807871501747,37.374188285688746,-0.0,0.0,0.0,-1348.2424781073332,-120.889,-2163.3507289313766,5.145327764417928e-14,0.0,-154.93990088582217,133.90954251129003,-133.90954251129003,0.0,0.0,8468.242478107333,-30.21,-8283.092577221509,1091.4657008875197,0.0,-0.0,45.60338261755104,-0.0,0.0,0.0,1465.396649999875,-34.85298801224795,-2567.6127454926977,17075.22926005526,0.0,-0.0,364.51969059214514,-331.3,0.0,0.0,1920.0,-19.512,-19008.936950647403,85648.14062508968,0.0,-15618.68491672244,1374.914528036788,-1411.4,0.0,0.0,1910.0,-50.6715,-71852.29873640405
t35,12457.818208955128,0.0,-0.0,326.9202367995922,-582.0696627524304,0.0,0.0,2784.6768176625333,-43.00198801224795,-14944.343612652574,6529.196380672307,0.0,-1334.336409004766,23.63419613009212,-16.59621555328836,0.0,0.0,-3827.150006548877,-20.33330501768197,-1354.4146406777854,699.0643358850659,0.0,-0.0,17.912522086178225,-0.0,0.0,0.0,328.0978377742081,-19.98330501768197,-1025.0913907277702,3299.2414760703705,0.0,-2554.208069977408,35.42521357138133,-24.894323329932533,0.0,0.0,1387.6279233346377,-110.67837671781682,-2032.5138429512317,3450.980971804233,0.0,-0.0,4.089696637844957,-1.4033923908896022,0.0,0.0,-3200.0,-21.6,-232.0672760511883,14128.000649676795,0.0,-2754.9287394955736,21.669744993595785,-15.24142244689747,0.0,0.0,-10048.575754559968,-74.47687671781681,-1256.4476014501338,4181.020684926815,0.0,-436.3796667474814,40.08642017577652,-0.0,0.0,0.0,-1430.0,-120.889,-2233.8384383551106,0.0,0.0,-0.0,143.628339797542,-117.10521806917717,0.0,0.0,8555.576768283658,-30.21,-8551.889890012022,1091.6639300812071,0.0,-0.0,16.758156197093484,-40.6,0.0,0.0,1619.7464140538086,-34.85298801224795,-2652.715512319861,17697.524247932844,0.0,-0.0,391.3867627119477,-349.8953321323878,0.0,0.0,1920.0,-19.512,-19639.503678512407,84789.99196353175,0.0,-11652.506815882907,1427.8356510504468,-558.6605255255337,0.0,0.0,1910.0,-50.6715,-75865.98877317377
t36,13454.208938106261,0.0,-657.8774789719172,303.09244532678946,-104.02868975477189,0.0,0.0,2484.7502718978617,-43.00198801224795,-15437.143498591975,6423.726427877107,0.0,-1207.6281693386873,26.69975057187421,-7.764530488511652,0.0,0.0,-3827.150006548877,-20.33330501768197,-1387.5501670552235,828.6944255038619,0.0,-0.0,20.23112484583195,-6.150160771839727,0.0,0.0,227.15000654887717,-19.98330501768197,-1049.9420911090494,3357.996542376047,0.0,-614.5645735050257,40.01785535431572,-0.0,0.0,0.0,-591.5932384744192,-110.67837671781682,-2081.1782090331003,3455.5749873172867,0.0,-0.0,4.6192702100921395,-1.3469083500479395,0.0,0.0,-3200.0,-21.6,-237.2473491773309,14201.379433618957,0.0,-4897.546557989739,24.477386173543493,-0.0,0.0,0.0,-7968.406761525581,-74.47687671781681,-1285.4266235593627,4190.319401813634,0.0,-368.772953272555,45.27998737070591,-28.19663152676032,0.0,0.0,-1430.0,-120.889,-2287.740804385025,0.0,0.0,-0.0,162.2380892565789,-114.97745215048502,0.0,0.0,8737.47107331724,-30.21,-8754.521710423332,1091.5754531253165,0.0,-0.0,55.25670110767496,-132.69631425548693,0.0,0.0,1737.7786547848987,-34.85298801224795,-2717.061506750155,17928.655169788173,0.0,-0.0,443.8418339799655,-116.48150378150649,0.0,0.0,1920.0,-19.512,-20156.50349998663,84104.98072965197,0.0,-5744.124070356926,1594.8990432450796,-2489.3601392000296,0.0,0.0,1910.0,-50.6715,-79325.7240633401
t37,13663.050189539392,0.0,-0.0,411.511344549162,-610.5751001211795,0.0,0.0,2300.507793764572,-43.00198801224795,-15721.492239719699,5702.989582180747,0.0,-413.398699508111,28.628396502871716,-66.6180373650062,0.0,0.0,-3827.150006548877,-20.33330501768197,-1404.1179302439427,769.9688486762166,0.0,-0.0,21.687945970695544,-0.0,0.0,0.0,291.72939751967897,-19.98330501768197,-1063.402887148909,3410.923064391389,0.0,-642.0399089678167,42.90633576246551,-0.0,0.0,0.0,-594.047604327744,-110.67837671781682,-2107.063510140477,3468.520716893285,0.0,-0.0,4.9520908046818475,-11.517414644950055,0.0,0.0,-3200.0,-21.6,-240.35539305301646,14278.29874021387,0.0,-4897.546557989739,26.242545901380645,-0.0,0.0,0.0,-8030.531786643058,-74.47687671781681,-1301.9860647646362,4143.611313428785,0.0,-294.9381135392954,48.54508401836998,-29.564128583648184,0.0,0.0,-1430.0,-120.889,-2316.76515532421,-2.5761536364048488e-14,0.0,-0.0,173.93822298891374,-247.72198182337243,0.0,0.0,8965.000558555574,-30.21,-8861.006799721114,1091.671521537382,0.0,-0.0,59.244700054482465,-59.244700054482465,0.0,0.0,1694.4916476798549,-34.85298801224795,-2751.3101812049886,18290.634805335296,0.0,-0.0,480.94889282895844,-105.6457455861373,0.0,0.0,1920.0,-19.512,-20566.425952578116,80117.7227166761,0.0,-1137.7926222028284,1716.943804373557,-491.47986618997567,0.0,0.0,1910.0,-50.6715,-82064.72253265684
t38,12864.33123797009,0.0,-0.0,406.68734783588013,-0.0,0.0,0.0,2566.035648409079,-32.18153657068198,-15804.87269764437,5268.169004999222,0.0,-0.0,6.082588576931633,-6.082588576931633,0.0,0.0,-3827.1500065488776,-20.33330501768197,-1420.6856934326618,874.0149492727693,0.0,-0.0,20.394019613330187,-25.747433077746628,0.0,0.0,227.15000654887763,-19.98330501768197,-1075.8282373395487,3273.366556575914,0.0,-1314.9142579984932,40.35583051040923,-118.69999999999999,0.0,0.0,362.4836468335461,-110.67837671781682,-2131.913399203559,3387.4128882001605,0.0,-0.0,1.0551429164065078,-0.0,0.0,0.0,-3123.404594187865,-21.6,-243.463436928702,14465.310950107343,0.0,-4026.3248745475194,24.680394698251682,-72.6,0.0,0.0,-8999.07905264568,-74.47687671781681,-1317.5105408945803,4086.5196251170514,0.0,-64.76242171770241,0.0,-126.11528109806858,0.0,0.0,-1430.0,-120.889,-2344.752922301281,5.327325641102809e-14,88.66444015264999,-0.0,171.2854995715205,-0.0,0.0,0.0,8736.27106292528,-29.76294944897933,-8966.45805320047,1092.070119522888,0.0,-0.0,58.34309487111024,-0.0,0.0,0.0,1657.6932886656423,-23.58548601966131,-2784.521017039979,19548.83104880171,0.0,-0.0,476.30426893518273,-1035.802079341216,0.0,0.0,1920.0,-19.512,-20889.821238395674,83429.57568961824,0.0,-0.0,1699.4537394906738,-2758.4466825775344,0.0,0.0,1910.0,-50.6715,-84229.91124653138
t39,14187.805344995977,0.0,-0.0,438.6330709227571,-845.3204187586372,0.0,0.0,2233.4348447309335,-36.505347018497865,-15978.047494872533,5414.8801337257,0.0,-175.97086121521295,30.05255113027763,-4.81762920796183,0.0,0.0,-3811.734858790215,-20.33330501768197,-1432.0760306249063,937.460250360775,0.0,-0.0,0.0,-45.1,0.0,0.0,211.73485879021518,-19.983305017681968,-1084.1118041333084,2870.421981437473,0.0,-0.0,45.036486222392426,-0.0,0.0,0.0,-656.3000990297687,-110.67837671781682,-2148.47999191228,2316.5824228699294,619.1556235326406,-0.0,5.196779910610275,-0.0,0.0,0.0,-2673.7993601340213,-21.6,-245.53546617915904,13974.241063570496,0.0,-4169.545705993959,27.542251625365477,-0.0,0.0,0.0,-8429.90054083621,-74.47687671781681,-1327.8601916478763,3914.30043361933,0.0,-0.0,50.948931459623715,-50.948931459623715,0.0,0.0,-1430.0,-120.889,-2363.4114336193284,-2.3171158381610665e-14,0.0,-0.0,182.55380271626674,-54.69197672637945,0.0,0.0,8938.359124762917,-29.462061899431003,-9036.758888853372,1091.852423929054,0.0,-0.0,62.18517802653736,-108.31959548711919,0.0,0.0,1788.206030506149,-27.60840891792887,-2806.315628056692,20097.998754138902,0.0,-0.0,72.51581706388393,-973.5161325496862,0.0,0.0,1920.0,-19.512,-21097.4864386531,84658.06085015433,0.0,-0.0,342.8243279807522,-1262.2923226082294,0.0,0.0,1910.0,-50.6715,-85597.92135552685
t40,12928.34516188368,0.0,-0.0,576.7847506944173,-496.32754286281533,0.0,0.0,3096.307381337344,-32.99199595738548,-16072.11775509524,5259.00759661811,0.0,-0.0,39.95525511738329,-5.942201953193893,0.0,0.0,-3827.150006548877,-20.33330501768197,-1445.5373382157404,890.6585050317228,0.0,-0.0,30.25535157643744,-33.61429551384754,0.0,0.0,227.15000654887717,-19.98330501768197,-1094.466262625508,2482.6944208207087,0.0,-0.0,59.875813794926955,-0.0,0.0,0.0,-263.73903714393145,-110.67837671781682,-2168.1528207538863,1753.9728602934804,0.0,-0.0,6.9088848929785,-2.921644240280459,0.0,0.0,-1488.7526055165624,-21.6,-247.60749542961608,12923.644941325614,0.0,-1539.031633141309,36.61673334952005,-0.0,0.0,0.0,-10007.508357339506,-74.47687671781681,-1339.2448074765018,3794.6501616464952,106.74928649554118,-0.0,67.73524980849727,-33.0660011268167,0.0,0.0,-1430.0,-120.889,-2385.1796968237168,-2.910420146797231e-14,364.4942804283985,-0.0,242.70088766103117,-11.654757035752693,0.0,0.0,8550.0,-30.21,-9115.330411053676,1092.0469632077998,0.0,-0.0,82.67477735849,-0.0,0.0,0.0,1681.7532803203771,-22.137750094201223,-2834.337270792465,19574.36539322945,0.0,-0.0,677.9158639732136,-540.6680400700025,0.0,0.0,1551.939338342279,-16.806754136815748,-21246.74580133813,84245.32567367867,0.0,-0.0,763.9483576057787,-403.0172895007081,0.0,0.0,1910.0,-50.6715,-86465.58524178376
t41,12472.004751249919,0.0,-0.0,725.1577745790875,-651.6504099860665,0.0,0.0,3688.085516940318,-40.685111720224135,-16192.912521063032,5317.876340413119,0.0,-0.0,50.580920122524944,-65.08175876039479,0.0,0.0,-3827.150006548877,-20.33330501768197,-1455.8921902086897,798.7508025989591,0.0,-0.0,38.2943053410916,-0.0,0.0,0.0,285.68802649689906,-19.98330501768197,-1102.7498294192678,2299.2557688483384,0.0,-2554.208069977408,28.43450490007165,-96.52644381194274,0.0,0.0,2618.4420302213657,-110.67837671781682,-2184.7194134626075,2085.0221587623682,32.12704855249797,-0.0,8.744899920381828,-0.0,0.0,0.0,-1854.6145825551748,-21.6,-249.67952468007311,14048.068904183336,0.0,-0.0,17.392251732741656,-59.024353354250664,0.0,0.0,-12582.36546761421,-74.47687671781681,-1349.594458229798,3670.3639620016725,299.62341871144065,-0.0,85.73982742865121,-101.0,0.0,0.0,-1430.0,-120.889,-2403.838208141764,-6.748411112623009e-14,353.4572896566606,-0.0,307.2147779577934,-0.0,0.0,0.0,8550.0,-30.21,-9180.462067614453,1091.4511155713385,0.0,-0.0,104.65585352921312,-0.0,0.0,0.0,1686.5090926680718,-25.446341339602466,-2857.169720429021,18850.123681172336,800.8592473499444,-0.0,855.3741994633698,-81.45645393625968,0.0,0.0,955.4053903916101,-12.422229619378335,-21367.883834821627,86698.72830313245,0.0,-0.0,2234.3567526832953,-3878.1051142744095,0.0,0.0,1910.0,-50.6715,-86914.30844154135
t42,12213.869126637019,0.0,-0.0,860.2807309416884,-563.4367283422873,0.0,0.0,3866.3067701729187,-43.00198801224795,-16334.01791139709,5278.438766095952,0.0,-0.0,60.88602407638455,-67.04258859067595,0.0,0.0,-3802.2696175510587,-20.333305017681777,-1449.6792790129202,937.7792316089153,0.0,-0.0,27.124342209579616,-49.61728617870352,0.0,0.0,202.26961755105867,-19.98330501768178,-1097.572600173168,2491.9025522242973,0.0,-0.0,11.163882886013909,-117.59982395639692,0.0,0.0,-100.42294141644015,-110.67837671781672,-2174.3652930196567,2827.66411259304,0.0,-0.0,10.527091244238315,-0.95091733598685,0.0,0.0,-2566.9967764464473,-21.59999999999991,-248.6435100548446,12221.658696277538,0.0,-1646.125477152718,6.835030338375864,-71.9264228304471,0.0,0.0,-9092.580282137113,-74.47687671781681,-1343.3846677778204,3665.646611526384,298.1238331045753,-0.0,12.644806125995347,-32.05388223632713,0.0,0.0,-1430.0,-120.889,-2393.472368520627,0.0,313.8665803688217,-0.0,369.8174934333988,-69.53461801689433,0.0,0.0,8550.0,-30.21,-9133.939455785327,1090.2537797469681,0.0,-0.0,125.98013956801834,-23.66391862100511,0.0,0.0,1680.717195401878,-26.495861865273188,-2846.791334230586,18607.14254842718,1068.5518379150049,-0.0,1022.9622029934873,-110.16504217894071,0.0,0.0,782.9760344252031,-11.154873853025244,-21360.31270772891,85235.87052534985,0.0,-0.0,3409.718290352446,-3992.672803147285,0.0,0.0,1910.0,-50.6715,-86512.24451255501
t43,11310.30496049863,1201.1981176232268,-0.0,613.8396072619868,-0.0,0.0,0.0,2986.89656691978,-31.569655369957143,-16080.669596933667,5304.988330614732,0.0,-0.0,10.040674814559502,-69.6406748145595,0.0,0.0,-3827.150006548877,-20.33330501768197,-1397.905019048173,887.8125371048927,0.0,-0.0,23.24641926672141,-60.0,0.0,0.0,227.15000654887717,-19.98330501768197,-1058.2256579028092,2723.9889124177553,4.338587287156756,-0.0,75.50781387336772,-75.50781387336772,0.0,0.0,-520.9397332895696,-110.67837671781682,-2096.709389697526,2847.0811756193734,605.1244255815668,-0.0,8.713777226847776,-0.0,0.0,0.0,-3200.0,-21.6,-239.31937842778794,8241.578452665579,1166.7,-0.0,46.17954267449932,-46.17954267449932,0.0,0.0,-8039.06026671043,-74.47687671781681,-1294.741309237329,3246.5974775389227,527.338621099306,-0.0,85.42538498907217,-0.0,0.0,0.0,-1430.0,-120.889,-2308.4724836273,-1.2567959331472105e-14,234.06629661157342,-0.0,306.0835409630741,-251.65866459321217,0.0,0.0,8550.0,-30.21,-8808.281172981435,1089.3991980817204,0.0,-0.0,104.25980209417149,-0.0,0.0,0.0,1572.707377071812,-22.32106638161894,-2744.0453108660845,17974.043377489856,132.86238842126016,-0.0,841.6536501698403,-0.0,0.0,0.0,1770.3960560084079,-18.412411011661796,-20700.543061077704,81619.25359820512,0.0,-0.0,2974.108047239518,-2051.0330724573814,0.0,0.0,1910.0,-50.6715,-84401.65707298726
t44,10772.110355374465,1415.2206337387838,-0.0,439.527177104265,-450.808575024024,0.0,0.0,3364.923669580653,-36.48400770454849,-15504.489253069594,4429.162744423437,738.530713606385,-0.0,30.541670846416782,-30.541670846416782,0.0,0.0,-3809.5132755230743,-20.33330501768197,-1337.8468774890664,823.1360700317383,0.0,-0.0,23.140768895218955,-23.140768895218955,0.0,0.0,209.5132755230743,-19.983305017681968,-1012.6660405371305,2363.7425374917793,2554.208069977408,-0.0,45.775451728808534,-45.775451728808534,0.0,0.0,-2827.4145026484266,-83.90756297690632,-2006.6285418438547,2627.4872352601337,831.4883200598783,-0.0,5.283676855490341,-13.700000000000001,0.0,0.0,-3200.0,-21.6,-228.95923217550273,713.9716041577296,4897.546557989739,-0.0,27.99856302846648,-27.99856302846648,0.0,0.0,-4297.153125184791,-74.47687671781681,-1239.8881602448603,2463.511269087466,527.338621099306,-0.0,32.63351660913351,-118.05890159820568,0.0,0.0,-577.6482498575465,-120.889,-2206.8872553401534,0.0,418.76392418901384,-0.0,146.9843972845407,-481.2,0.0,0.0,8384.86346433014,-30.21,-8439.201785803692,1088.9206927645987,0.0,-0.0,38.369391337597015,-163.9,0.0,0.0,1677.861115946754,-18.633007704548493,-2622.618192344401,17699.6234465957,1213.161812076114,-0.0,512.9215953071819,-0.0,0.0,0.0,600.0,-9.81,-20015.896853978997,72587.7352823173,6706.39223287477,-0.0,1943.675658394789,-0.0,0.0,0.0,474.56762783321733,-23.900686259089504,-81688.47011516099
t45,10688.582086376846,3422.689172351966,-0.0,359.2393399301252,-135.10245596913686,0.0,0.0,796.6032372876916,-7.010108488131687,-15125.00127148936,2519.9385666261574,1357.9562346240366,-0.0,25.693943802549207,-0.0,0.0,0.0,-2567.4484902273716,-16.932110923613905,-1319.2081439017575,1288.4579111466883,0.0,-0.0,19.472246688950364,-0.0,0.0,0.0,-295.6431172790981,-13.081796059269635,-999.2052444972709,2955.4775552586743,2554.208069977408,-0.0,38.51190277356508,-0.0,0.0,0.0,-3469.0417407729974,-99.44795854446704,-1979.7078286921828,2624.3744065735355,831.4883200598783,-0.0,4.445862788709234,-12.85740112230516,0.0,0.0,-3200.0,-21.6,-225.85118829981718,568.5773208262005,4897.546557989739,-0.0,23.557400361584456,-0.0,0.0,0.0,-4211.229822612811,-55.122737525128684,-1223.3287190395868,2404.0855752491657,527.338621099306,-0.0,43.57828937590537,-14.27522981459181,0.0,0.0,-683.8121918288125,-100.0887436421159,-2176.826320438855,0.0,418.76392418901384,-0.0,156.13998430245067,-413.0421896961202,0.0,0.0,8195.731140813883,-29.011506377017053,-8328.581353232212,1088.9206927645987,0.0,-0.0,53.17757755773106,-140.70463454872154,0.0,0.0,1604.8409846195154,-20.978618363086838,-2585.2560020300366,17776.592178168572,1187.289047066811,-0.0,438.2906784792158,-1188.338397530262,0.0,0.0,1920.0,-19.512,-20114.32150618434,53212.219255481454,24510.156985536545,-0.0,1599.1787698699611,-1411.4,0.0,0.0,1910.0,-50.6715,-79769.48351088796
t46,10696.70132269637,699.4232080665084,-0.0,324.10692346915164,-258.5,0.0,0.0,3722.5759687578434,-41.13348759385197,-15143.17393539602,2732.0750419717683,1357.9562346240366,-0.0,22.455984198539195,-48.1499280010884,0.0,0.0,-2727.9023394717015,-20.33330501768197,-1316.1016883038726,1907.6521191845416,0.0,-0.0,17.023227054520124,-36.495473743470484,0.0,0.0,-872.0976605282983,-19.983305017681968,-996.098906949611,3618.8087549680286,2554.208069977408,-0.0,33.66096369267056,-34.60308134486224,0.0,0.0,-4087.9009741490145,-110.67837671781682,-1973.4953564264124,2622.3763656646333,831.4883200598783,-0.0,3.886502575305243,-10.3,0.0,0.0,-3200.0,-21.6,-225.85118829981718,864.4046264275112,4897.546557989739,-0.0,20.591846061125324,-15.743304095974684,0.0,0.0,-4472.0990258509855,-74.47687671781681,-1220.2238238135978,2408.8587927066983,527.338621099306,-0.0,38.09261395256803,-14.849882762961357,0.0,0.0,-671.5238414370633,-118.34607085448951,-2169.570232704059,0.0,418.76392418901384,-0.0,136.48354933521287,-415.1009313399787,0.0,0.0,8194.800937774116,-27.042843094654582,-8307.90463686371,1088.9206927645987,0.0,-0.0,46.4798046031854,-141.40526246775468,0.0,0.0,1604.1469349051035,-22.2267153536869,-2575.9154544514454,17759.747347718694,1160.9697294734615,-0.0,376.2806162106212,-0.0,0.0,0.0,600.0,-9.81,-19887.18769340278,55047.1859920026,20627.958081056477,-0.0,1390.3672692970524,-690.1485147098234,0.0,0.0,1910.0,-50.6715,-78234.69132764632
t47,10184.52407247151,660.3319088384261,-0.0,257.7021015160001,-82.66006202248354,0.0,0.0,3666.605985546048,-40.40587781209862,-14646.098128537404,2678.3389523813144,752.4773380555592,-0.0,17.173160048642202,-0.0,0.0,0.0,-2202.920633212744,-15.94788570967441,-1229.1209315630974,2185.4394528458597,0.0,-0.0,13.023471113655015,-0.0,0.0,0.0,-1252.68509260346,-14.91201290730138,-930.8658184487529,3751.840479311285,2176.106696482989,-0.0,25.744542747053234,-0.0,0.0,0.0,-4001.678455339338,-107.94441231246246,-1844.068850889528,3442.161848598721,0.0,-0.0,2.9731247187993377,-13.224004396131196,0.0,0.0,-3200.0,-21.6,-210.3109689213894,1001.3437943425695,4897.546557989739,-0.0,15.750799564874184,-0.0,0.0,0.0,-4702.715818844458,-72.42878511483548,-1139.496547937889,2410.7484991782608,272.7907017554186,-0.0,29.137459462426236,-0.0,0.0,0.0,-568.1102506366424,-118.04476382710048,-2026.5216459323626,0.0,0.0,-0.0,104.39634538101734,-0.0,0.0,0.0,7688.110250636642,-27.36576382710049,-7765.140832190559,1088.9206927645987,0.0,-0.0,35.54909287432875,-0.0,0.0,0.0,1309.337329603938,-28.097194445746222,-2405.7099207971196,17768.841411726928,0.0,-0.0,281.14996829841596,-1042.7732129995343,0.0,0.0,1354.0566848500139,-15.3523166336476,-18345.922535242178,56233.77728504241,14863.302531752815,-0.0,1089.5012180153822,-599.2535886484144,0.0,0.0,1910.0,-50.6715,-73446.6559461622
t48,10157.009210675058,0.0,-0.0,174.6159412861769,-478.73715129284983,0.0,0.0,3307.7925641931865,-35.74130333451142,-13124.93926152706,2387.037042708768,346.94818296209223,-0.0,11.704265637683372,-0.0,0.0,0.0,-1611.9776512124372,-14.35233965827358,-1119.3595004378333,1908.2110602329253,0.0,-0.0,8.875687453759383,-0.0,0.0,0.0,-1060.49545610671,-9.59658691803953,-846.9947046619353,3898.5986164002707,1888.0306003887015,-0.0,17.545857184275093,-0.0,0.0,0.0,-4025.3827309280173,-100.38941924291413,-1678.402923802316,3411.2364613050813,0.0,-0.0,2.0262443621950905,-0.0,0.0,0.0,-3200.0,-21.6,-191.66270566727604,1088.3387503782549,4897.546557989739,-0.0,10.734616933209274,-0.0,0.0,0.0,-4893.142690998691,-65.40726374692497,-1038.0699705555883,2412.405590175957,0.0,-0.0,19.85798719921216,-0.0,0.0,0.0,-475.5056532089475,-112.67505556587764,-1844.0828686003442,0.0,0.0,-0.0,71.14911519307313,-0.0,0.0,0.0,7026.5041824548025,-25.18246380210085,-7072.470833845775,1088.9206927645987,0.0,-0.0,24.227985393094187,-0.0,0.0,0.0,1102.2074358068135,-27.59230333451142,-2187.7638106299946,16653.235653768443,0.0,-0.0,192.33844747091842,-1474.5159368106297,0.0,0.0,1320.0,-9.702,-16681.35616442873,58663.59301394908,5299.844960842301,-0.0,754.7879349292851,-0.0,0.0,0.0,2510.0,-40.8615,-67187.36440972067
t49,12477.841806886112,0.0,-0.0,171.7316064043875,-893.2805246949814,0.0,0.0,-115.1538127136056,-1.0133535518797294,-11640.125722330034,1656.2205059007456,136.7098049142332,-0.0,10.230822319666949,-9.765726268631285,0.0,0.0,-775.6225235335589,-17.49418081354061,-1000.2787025189149,508.0613867882848,0.0,-0.0,7.753227341784422,-12.354880509685005,0.0,0.0,265.4188305147936,-11.967648355379744,-756.910915779798,2614.8436074383285,0.0,-0.0,15.334566894596918,-17.371182604892056,0.0,0.0,-1051.3846926779906,-61.11024686647865,-1500.3120521835633,1929.5936626381265,0.0,-0.0,1.7702107062041335,-2.8192344787200687,0.0,0.0,-1745.8179545099626,-11.784271192942247,-170.94241316270566,1090.0885375318585,0.0,-0.0,9.379938975130237,-14.925359004988595,0.0,0.0,-148.9265060316411,-9.322869050367238,-926.2937424199916,2424.0105057868427,0.0,-0.0,17.351720445500586,-16.59176962986846,0.0,0.0,-701.5126436214247,-71.97956133386344,-1651.2782516471887,0.0,0.0,-0.0,62.170873299423995,-49.158042284681756,0.0,0.0,6318.620318104369,-29.37,-6302.263149119111,1088.9206927645987,0.0,-0.0,21.17408445731889,-33.66497642236316,0.0,0.0,908.3497065640983,-20.151,-1964.628507363653,17805.723143680836,0.0,-0.0,164.13296987462135,-1395.3554433301351,0.0,0.0,-1920.0,-19.512,-14634.98867022532,50880.72695447074,3638.585444534907,-0.0,682.6807256876546,-0.0,0.0,0.0,-1033.9707220950772,-34.33355396707319,-54133.68884863114
t50,11751.903114576191,0.0,-0.0,52.89601849387286,-464.3875498405431,0.0,0.0,-567.8751846041997,-6.8365042745290525,-10765.699894350792,1563.1324779250335,0.0,-0.0,4.175304307141207,-0.0,0.0,0.0,-602.6229001636851,-8.932043119257344,-955.7528389492323,471.7839719847053,0.0,-0.0,3.1646560971429025,-0.0,0.0,0.0,255.63717814344716,-6.809157620536437,-723.776648604759,2840.9822119348805,0.0,-0.0,6.258427669721539,-0.0,0.0,0.0,-1373.698767484177,-40.53160281604125,-1433.0102693043834,1922.007778874682,0.0,-0.0,0.7225314200384714,-0.0,0.0,0.0,-1747.2460884118345,-11.793911096779883,-163.69031078610604,804.3269377433015,0.0,-0.0,3.828363135020335,-0.0,0.0,0.0,77.42114460097437,-0.6813060724885746,-884.8951394068076,2420.653931286187,0.0,-0.0,7.082018920688591,-0.0,0.0,0.0,-799.4463125641203,-49.57226334352799,-1578.7173742992268,0.0,253.35649537072695,-0.0,25.37459682944916,-0.0,0.0,0.0,5761.025097127842,-18.696382820521876,-6021.059806507497,1088.9206927645987,0.0,-0.0,8.64172796466493,-0.0,0.0,0.0,791.1539689931167,-11.266326425577876,-1877.450063296803,17066.749771511273,0.0,-0.0,67.2029854819873,-1150.0,0.0,0.0,-1920.0,-19.512,-14044.44075699326,52501.159583342494,0.0,-0.0,294.85361957898203,-369.47745841433925,0.0,0.0,125.65186436263673,-15.834221322594514,-52536.353387547184
t51,10632.495662738283,0.0,-0.0,49.26418920375971,-184.9239683531869,0.0,0.0,-209.2665666334511,-1.8415457863743698,-10285.727771169031,1446.4844812882611,0.0,-0.0,3.1048728446422977,-2.3930959636835656,0.0,0.0,-506.2627727896527,-13.138746811298693,-927.7947385682689,575.0037245563209,0.0,-0.0,2.3526953158676234,-1.8192413193308736,0.0,0.0,142.27591026175378,-15.780803043471666,-702.0322857711395,2917.040277296052,0.0,-0.0,4.653638257302543,-3.5896439455253475,0.0,0.0,-1443.9936073574308,-82.5168767178168,-1391.5937875325803,2191.465000321761,0.0,-0.0,0.5371769386918854,-3.918908816818824,0.0,0.0,-2007.9730307836708,-21.599999999999998,-158.51023765996342,592.8241255333352,0.0,-0.0,2.8464692116588535,-2.1977411911379683,0.0,0.0,306.4120250673028,-40.863866097591426,-859.0210125235676,2415.668256582016,0.0,-0.0,5.265600940602789,-4.065821203605241,0.0,0.0,-809.3401926636375,-74.42016368915412,-1533.1076799662221,0.0,0.0,-0.0,18.866621955082053,-14.566140227931088,0.0,0.0,5859.309119925417,-19.335720095753874,-5844.273881556814,1088.9206927645987,0.0,-0.0,6.425753591577626,-4.957127353344528,0.0,0.0,753.2441360621119,-20.151,-1823.4824550649435,15799.818173479243,0.0,-69.48234367967453,52.02934446917617,-36.36212590379009,0.0,0.0,-1920.0,-19.512,-13806.491048364956,51902.22658801004,0.0,-0.0,205.52274171576468,-0.0,0.0,0.0,-164.4050210887424,-19.517943767827028,-51923.82636486924
t52,10671.233681448004,0.0,-0.0,41.30789036405704,-144.60738382464177,0.0,0.0,-446.1105401442622,-3.9257727532695075,-10117.897875089886,1483.9737988765717,0.0,-0.0,2.661113359966768,-43.71019084009068,0.0,0.0,-515.0167085730639,-11.50361144735927,-916.4044013760246,792.3325935631037,0.0,-0.0,2.0176779223509165,-17.73420646268943,0.0,0.0,-73.7876203574881,-9.079725687897225,-693.7487189773798,2855.501117718189,0.0,-0.0,3.9891185256014534,-65.49194701376003,0.0,0.0,-1342.888107185187,-76.08298722098414,-1375.0271948238592,2186.7963215550863,0.0,-0.0,0.46063234259371966,-0.19782636467782463,0.0,0.0,-2007.9849044982673,-21.6,-157.4742230347349,524.4363742489434,0.0,-0.0,2.440442882683479,-40.04322852129113,0.0,0.0,426.1604226310245,-64.32264947108632,-848.6713617702717,2412.6324781061594,0.0,-0.0,4.5145641815295665,-74.072638839751,0.0,0.0,-722.7962347997637,-105.82900000000001,-1514.449168648175,0.0,0.0,-0.0,16.175308459133532,-126.24649474255324,0.0,0.0,5910.312724732054,-29.37,-5770.871538448635,1088.9206927645987,0.0,-0.0,5.5082967230974935,-21.39373273909314,0.0,0.0,748.803587299628,-20.151,-1801.687844048231,15662.273775114862,0.0,-0.0,44.792048201828024,-0.0,0.0,0.0,-1920.0,-19.512,-13767.553823316688,54724.95962242947,0.0,-0.0,182.87561384967415,-2823.7897180356285,0.0,0.0,-56.69261910467526,-18.149996262629376,-52009.20290287621
t53,10798.886375914539,0.0,-0.0,9.632753465499604,-93.70896923385205,0.0,0.0,-759.1308102351799,-6.6803511300695835,-9948.998998780937,1673.3162761264803,0.0,-0.0,0.6296764895536832,-1.4862806450487402,0.0,0.0,-755.6181594963107,-10.79196309159941,-906.0495493830751,825.1743016430855,0.0,-0.0,0.4776913938505428,-1.1298766128176645,0.0,0.0,-127.55246643589226,-10.46905195538601,-686.50059803284,2533.9794770206026,0.0,-0.0,0.9440385486717198,-2.22942096757311,0.0,0.0,-1096.1367262519507,-77.06135419031665,-1359.4960141594331,1414.6364570576393,0.0,-0.0,0.10904495170793907,-4.050162451567651,0.0,0.0,-1233.6931457735018,-21.6,-155.40219378427787,674.5250953859044,0.0,-0.0,0.5776329342129514,-1.364951612799863,0.0,0.0,232.6961272328742,-67.07722784788639,-839.3566760923053,2413.876702337546,0.0,-0.0,1.0685733097280796,-2.5251604836797465,0.0,0.0,-819.1818845398534,-95.37440536938604,-1497.863825254355,0.0,0.0,-0.0,3.828533835076227,-9.04659596705687,0.0,0.0,5731.941021026074,-18.91540536938604,-5707.807553524707,1088.9206927645987,0.0,-0.0,1.303581579468793,-3.078724193315247,0.0,0.0,714.9743601204532,-20.151,-1781.9689102712055,15742.334789609145,0.0,-12.609272198957933,10.658288889549254,-23.58367672098388,0.0,0.0,-1920.0,-19.512,-13777.288129578756,52050.462133614164,0.0,-0.0,58.23277434075452,-0.0,0.0,0.0,31.701684353287646,-17.027388608713245,-52123.36920369949
t54,10246.121545016706,0.0,-0.0,29.73675914877763,-0.0,0.0,0.0,-318.80145596642643,-3.7819284989077393,-9953.27491970015,1870.3951152908326,0.0,-0.0,1.9460131991629102,-0.0,0.0,0.0,-954.5020161809625,-8.683107328073454,-909.1560049809599,839.0300941252829,0.0,-0.0,1.476354457035341,-0.0,0.0,0.0,-141.19936848352654,-10.735590367511621,-688.5714897312799,2646.5251136854395,0.0,-0.0,2.917572511743515,-0.0,0.0,0.0,-1243.9835219059692,-40.786089910304874,-1364.6730743809085,1424.9028482121716,0.0,-0.0,0.3370125253034406,-0.0,0.0,0.0,-1261.3237317637916,-8.513935189405593,-155.40219378427787,782.7824160226203,0.0,-0.0,1.7852055718423443,-0.0,0.0,0.0,58.40793959224327,-0.5139898684117408,-842.4615713182941,2409.1772430787746,0.0,-0.0,3.302485579208252,-0.0,0.0,0.0,-862.1505376266944,-47.282445966365444,-1503.0467450649237,0.0,0.0,-0.0,11.832283518121956,-0.0,0.0,0.0,5733.188837903317,-18.604523165080945,-5726.416598256358,1088.9206927645987,0.0,-0.0,4.028753032978978,-0.0,0.0,0.0,706.8542365347232,-11.60774034203437,-1788.1959419902662,16007.524365142068,0.0,-0.0,33.805393540908256,-73.60084545982693,0.0,0.0,-1920.0,-19.512,-14028.216913223148,52793.66227366182,0.0,-0.0,136.93568711365327,-32.92501843705722,0.0,0.0,203.50961789708725,-14.845427852706992,-53086.3371323828
t55,10495.01636510797,0.0,-0.0,69.18653809918717,-86.88872090420129,0.0,0.0,-273.62792356106286,-2.407925727337353,-10201.278333014558,2144.4527039230347,0.0,-0.0,4.592639339532532,-0.0,0.0,0.0,-1203.3084452214425,-9.658277878496637,-936.0786201626285,936.7963055823445,0.0,-0.0,3.485037695428928,-0.0,0.0,0.0,-217.13252693062395,-13.868409631470234,-709.2804067156793,2594.957135534761,0.0,-0.0,6.88592990810694,-0.0,0.0,0.0,-1145.3765993375137,-51.412321996937735,-1405.0541441084165,1945.436414002055,0.0,-0.0,0.7955077849669642,-0.0,0.0,0.0,-1773.6773328796637,-11.97232199693773,-160.58226691042046,930.4721662218524,321.9457607476878,-0.0,4.213649991842885,-0.0,0.0,0.0,-383.24443291159434,-6.086410923584234,-867.3007331262045,2410.5907999907918,191.59868337616294,-0.0,7.794949574790153,-0.0,0.0,0.0,-991.7770923096807,-70.58748519624687,-1547.6198554358145,-3.419705025482725e-14,8.075304467474723,-0.0,27.92784256954789,-16.059698580003356,0.0,0.0,5903.324552384197,-29.37,-5893.898000841216,1088.9206927645987,0.0,-0.0,9.508564330015899,-0.0,0.0,0.0,763.8852931275107,-20.151,-1842.1635502221257,16394.833636050655,0.0,-0.0,79.07920279997214,-0.0,0.0,0.0,-1920.0,-19.512,-14534.40083885063,52131.33688490291,1087.5081504000098,-0.0,333.17595942962174,-0.0,0.0,0.0,1240.9345076398743,-17.9498682470264,-54775.00563412539
t56,10353.739149831114,0.0,-0.0,173.90813723625817,-0.0,0.0,0.0,190.19127576237224,-43.00198801224795,-10674.836574817497,2313.06933714508,231.85432260912316,-0.0,11.480225584132103,-3.271351904554276,0.0,0.0,-1560.4786262781486,-20.33330501768197,-972.3206021379515,1361.927096216798,0.0,-0.0,7.311372650405213,-4.598166434620765,0.0,0.0,-608.4549986195017,-19.983305017681968,-736.2019987953986,2835.427031217299,19.04688022518826,-0.0,14.442752459225229,-20.465613403078827,0.0,0.0,-1278.8771033690582,-110.67837671781682,-1458.8955704117602,1618.8070386658285,466.3358610213181,-0.0,1.9894355004826019,-0.6260537881398998,0.0,0.0,-1898.107926737698,-21.6,-166.7983546617916,2908.9125596421454,0.0,-0.0,10.536005080876016,-9.958145882890115,0.0,0.0,-1934.593926585563,-74.47687671781681,-900.4196155367516,2807.9491955749786,0.0,-0.0,19.491085305191813,-5.548445465861398,0.0,0.0,-1092.2245262137837,-120.889,-1608.7783092005252,-8.13976734116583e-14,0.0,-0.0,69.8315232285844,-66.00420840032305,0.0,0.0,6145.656894429617,-30.21,-6119.274209257877,1088.9206927645987,0.0,-0.0,23.772231511820788,-9.916620264768511,0.0,0.0,846.8889376117638,-34.85298801224795,-1914.812253611167,16766.030316313714,69.48234367967453,-0.0,200.3323339802698,-55.74822949554624,0.0,0.0,-1920.0,-19.512,-15040.584764478112,52774.557116980475,936.5745601635415,-0.0,876.7643081631747,-217.60416943007277,0.0,0.0,3110.0,-50.6715,-57429.62031587712
t57,10635.576778156405,0.0,-3409.459529084296,293.3026662881928,-64.983273094318,0.0,0.0,3866.3067701729187,-43.00198801224795,-11277.741424426657,5565.34769988731,0.0,-1357.9562346240366,18.860255510099055,-21.507752245382747,0.0,0.0,-3170.67065340056,-20.33330501768197,-1013.7400101097492,546.0276300071955,0.0,-0.0,14.317495221593173,-1.1507329712628014,0.0,0.0,228.05428703215375,-19.98330501768197,-767.2653742719976,2492.3337306953335,0.0,-0.0,28.280704325019904,-0.0,0.0,0.0,-888.9157652330719,-110.67837671781682,-1521.0202930694647,1053.7071057532246,0.0,-831.4883200598783,2.463802232246973,-3.662805977915895,0.0,0.0,-25.36932490928598,-21.6,-174.05045703839122,9635.099578717649,0.0,-3670.3676714196426,17.307605875631943,-10.234210240620483,0.0,0.0,-4958.615102891255,-74.47687671781681,-938.7133233239468,3235.3320276284417,0.0,-527.338621099306,24.142440584809336,-37.81973687843629,0.0,0.0,-895.1976755733633,-120.889,-1678.2294346621459,-2.2418871260124664e-14,0.0,-418.76392418901384,86.49801311976844,-119.3,0.0,0.0,6858.475239114961,-30.21,-6376.699328045715,1088.9206927645987,0.0,-0.0,39.05246236500298,-39.02708140455215,0.0,0.0,944.784096105685,-34.85298801224795,-1998.8771818184866,17363.126319148658,0.0,-1559.4823436796746,53.71344343878761,-72.74606150013572,0.0,0.0,-192.3725172698646,-19.512,-15572.726840137771,67058.02783033345,0.0,-6567.684289087609,1465.0294179147177,-1082.4765662348752,0.0,0.0,-1766.4793531483174,-50.6715,-59055.74553977738
t58,13008.309128284034,0.0,-3422.689172351966,174.62706830454184,-626.2716428714277,0.0,0.0,3223.678853983091,-43.00198801224795,-12314.652247336026,5671.162296060006,0.0,-1357.9562346240366,24.67763240345964,-19.6,0.0,0.0,-3218.9748111564177,-20.33330501768197,-1078.9755776653305,632.448626301793,0.0,-0.0,7.924658287147689,-30.573211085580056,0.0,0.0,227.15000654887763,-19.98330501768197,-816.9667750345562,2367.843643154576,0.0,-2117.527626540034,36.99887730078336,-38.04329353490278,0.0,0.0,1479.7558015705963,-110.67837671781682,-1618.3490252332017,1208.357632933755,0.0,-831.4883200598783,2.9960870459850053,-1.0499323683879147,0.0,0.0,-172.80486426079722,-21.6,-184.41060329067642,12415.010161861259,0.0,-4338.367659476029,10.75267154760636,-5.284701310254109,0.0,0.0,-7008.892298211704,-74.47687671781681,-998.7412976930636,3929.7080494497545,0.0,-46.85239166666727,41.88125187609064,-24.134234425937276,0.0,0.0,-1995.752676435491,-120.889,-1783.9609987977474,-3.2446866571896135e-14,0.0,-418.76392418901384,105.2137133439979,-0.0,0.0,0.0,7125.723179713352,-30.21,-6781.962968868335,1088.9206927645987,0.0,-0.0,51.09034078595681,-86.76815937759864,0.0,0.0,1106.0657686588352,-34.85298801224795,-2124.455654819544,16972.07484517719,0.0,-1502.609272198958,380.2959570128302,-688.4227450224901,0.0,0.0,952.2262349821176,-19.512,-16094.05301995069,71030.51715654664,0.0,-9481.201163598038,1834.2957531056677,-1411.4,0.0,0.0,-1718.17519539246,-50.6715,-60203.36505066182
t59,11360.624524440482,0.0,-1945.5281888206339,435.38232230295375,-355.2303665874563,0.0,0.0,3577.5537177514484,-43.00198801224795,-13029.80002107455,4930.192213608967,0.0,-1357.9562346240366,22.03998131762897,-0.0,0.0,0.0,-2458.7250956442244,-20.33330501768197,-1115.2175596406537,465.5697420781463,0.0,-0.0,20.692680875504344,-0.0,0.0,0.0,377.6092491783065,-19.98330501768197,-843.8883671142754,2286.8575716091277,0.0,-2554.208069977408,36.54713640447601,-0.0,0.0,0.0,2013.672190218167,-110.67837671781682,-1672.1904515365457,1458.5441832448555,0.0,-831.4883200598783,4.723946105452867,-3.4,0.0,0.0,-416.1531182483825,-21.6,-190.62669104204753,12562.334413055743,0.0,-2083.1357987868787,22.36147855184725,-18.0,0.0,0.0,-9376.188070923954,-74.47687671781681,-1032.8951451789403,3916.027620942682,0.0,-527.338621099306,37.38231341906925,-0.0,0.0,0.0,-1461.0994446620998,-120.889,-1844.0828686003442,-2.7511720046979602e-14,0.0,-418.76392418901384,165.8746359283677,-173.70155634907303,0.0,0.0,7469.309200986841,-30.21,-7012.508356377121,1092.3476136256045,0.0,-0.0,56.48401995224998,-26.434866676001803,0.0,0.0,1108.522740699138,-34.85298801224795,-2196.0665195887423,15994.421995324925,0.0,-1490.0,463.35619694739296,-382.4066283109149,0.0,0.0,1643.9235415494136,-19.512,-16209.783105510818,77772.8751964871,0.0,-13758.733566797247,1238.3229282684665,-2965.748044823617,0.0,0.0,-2478.4249109046523,-50.6715,-59757.62010223007
t60,11621.561685165389,0.0,-1830.0,485.1121164544681,-510.5028693193035,0.0,0.0,3551.427549411242,-43.00198801224795,-13274.596493699546,5342.47710721236,0.0,-780.2324406655606,30.994561767562125,-64.03251457131469,0.0,0.0,-3376.0526006966984,-20.33330501768197,-1132.8208080286677,624.1332197439611,0.0,-0.0,23.496147443993216,-14.9,0.0,0.0,244.60310098386253,-19.98330501768197,-857.349163154135,2412.298441891108,0.0,-0.0,46.46011518971551,-21.307702466142818,0.0,0.0,-628.6967252529412,-110.67837671781682,-1698.0757526439224,1431.2178167844925,0.0,-831.4883200598783,3.8646643891759305,-2.096376620786581,0.0,0.0,-386.16304957527063,-21.6,-193.73473491773308,12504.178449076473,0.0,-4897.546557989739,28.421658511691227,-18.0,0.0,0.0,-6494.157051571725,-74.47687671781681,-1048.4196213088844,3915.8712499549774,0.0,-527.338621099306,52.576895500465994,-125.83470183447992,0.0,0.0,-1322.3151869442427,-120.889,-1872.0706355774153,0.0,0.0,-153.2941419542483,114.82168363050867,-0.0,0.0,0.0,7193.878918909193,-30.21,-7125.196460585453,1092.235938512165,0.0,-0.0,64.15316336453522,-55.45174063290219,0.0,0.0,1162.1551435723395,-34.85298801224795,-2228.2395168038893,15561.36531355048,0.0,-1490.0,467.96439318608174,-0.0,0.0,0.0,1616.4173070164184,-19.512,-16136.23501375298,73226.04770291074,0.0,-13258.0534082434,2093.050643007268,-1411.4,0.0,0.0,-1561.0974058521786,-50.6715,-59037.87603182244
t61,11484.112420848589,0.0,-1830.0,523.9603075039081,-323.37493794415514,0.0,0.0,3612.557923475938,-43.00198801224795,-13424.253725872033,4970.5304433469555,0.0,-240.0,33.73012237375307,-9.168877930864651,0.0,0.0,-3592.618207949841,-20.33330501768197,-1142.140174822322,480.403143991971,0.0,-0.0,22.73224762121363,-45.1,0.0,0.0,426.5451975031724,-19.98330501768197,-864.5972840986748,2435.155361165083,0.0,-2150.5142949766473,50.553973418946896,-19.14248966193234,0.0,0.0,1508.2327600807143,-110.67837671781682,-1713.6069333083487,1339.421633229599,0.0,-0.0,5.835164234386323,-1.5905196410683577,0.0,0.0,-1126.2595136547268,-21.6,-195.8067641681901,14187.931122418084,0.0,-4897.546557989739,30.92113545852714,-8.420398099773658,0.0,0.0,-8179.639153007101,-74.47687671781681,-1058.7692720621803,4008.18701574818,0.0,-527.338621099306,57.19997958410694,-15.577736484581266,0.0,0.0,-1512.9256587771642,-120.889,-1888.655978971235,-2.7511720046979602e-14,0.0,-418.76392418901384,204.94803015540862,-55.80852740572208,0.0,0.0,7491.196374403983,-30.21,-7191.361952964656,1092.5092749226874,0.0,-0.0,69.80478040870139,-89.56268070264869,0.0,0.0,1209.0222253445786,-34.85298801224795,-2246.9206119610717,15632.567956820314,0.0,-1490.0,574.8928785429149,-80.94956863647803,0.0,0.0,1508.4198511794834,-19.512,-16125.419117906238,81533.46451275126,0.0,-23586.164101127735,1753.1290926450674,-0.0,0.0,0.0,-1344.5317985990364,-50.6715,-58305.22620566957
t62,11758.332958306803,0.0,-1830.0,541.3356188451114,-771.4424325284372,0.0,0.0,3866.3067701729187,-43.00198801224795,-13521.53092678415,5233.765427186061,0.0,-240.0,8.898923778681125,-8.898923778681125,0.0,0.0,-3827.1500065488776,-20.33330501768197,-1146.2821156195018,578.7961200728536,0.0,-0.0,26.156051750430827,-14.9,0.0,0.0,297.6347548407325,-19.98330501768197,-867.7036216463347,2688.561412728813,0.0,-2554.208069977408,51.743531653749905,-18.12749195621338,0.0,0.0,1661.4929877986992,-110.67837671781682,-1718.783993529824,1924.693388391713,0.0,-377.8210344919589,5.972246331605216,-11.843690859567134,0.0,0.0,-1322.5581305783735,-21.6,-196.84277879341863,14402.326216761081,0.0,-4897.546557989739,31.64812459145906,-8.172481021237767,0.0,0.0,-8391.904258335575,-74.47687671781681,-1061.8741672881692,4163.204162817097,0.0,-527.338621099306,58.544730925779795,-15.119089889289869,0.0,0.0,-1664.5632839724767,-120.889,-1893.838898781804,-4.1722574762181606e-14,0.0,-418.76392418901384,0.0,-361.9,0.0,0.0,8027.047936795871,-30.21,-7216.174012606857,1091.8078694868868,0.0,-0.0,71.44716358199855,-18.992675713933917,0.0,0.0,1144.7761129572723,-34.85298801224795,-2254.185482299976,15672.154745220001,0.0,-853.4915637830287,590.3137789380514,-599.1868031087062,0.0,0.0,1318.9171168698088,-19.512,-16109.195274136127,82933.30606439759,0.0,-24785.521481010725,2228.1741491021958,-1411.4,0.0,0.0,-1110.0,-50.6715,-57803.88723248908
t63,11921.920603973756,0.0,-1830.0,554.9831174914864,-642.9085884843865,0.0,0.0,3506.019790095572,-43.00198801224795,-13467.012935064173,5156.860902394196,0.0,-240.0,35.96965746983483,-69.66256749979289,0.0,0.0,-3716.552571727055,-20.33330501768197,-1146.2821156195018,599.6669350981235,0.0,-0.0,27.253795449625354,-7.649604885046632,0.0,0.0,268.4158010013143,-19.98330501768197,-867.7036216463347,2421.519322704287,0.0,-2554.208069977408,6.1641714192874595,-103.05331689629696,0.0,0.0,2060.0756750420665,-110.67837671781682,-1719.8194055741192,1708.5881002443193,0.0,-0.0,1.7455474234334594,-1.7455474234334594,0.0,0.0,-1490.1453214509008,-21.6,-196.84277879341863,14039.09784310128,0.0,-4897.546557989739,9.241133418177139,-63.84113341817714,0.0,0.0,-7950.600241105553,-74.47687671781681,-1061.8741672881692,4363.058531579764,0.0,-527.338621099306,60.99905130306121,-92.52231081169143,0.0,0.0,-1788.4321682279106,-120.889,-1894.8754827439177,-1.086818961127818e-14,0.0,-418.76392418901384,218.55985421648376,-61.24817871047403,0.0,0.0,7507.836261289861,-30.21,-7216.174012606857,1091.9428261745757,0.0,-0.0,14.96313628589267,-0.0,0.0,0.0,1182.1325078517557,-34.85298801224795,-2254.185482299976,16686.40670134838,0.0,-1490.0,620.0968336972134,-1295.0330962525672,0.0,0.0,1641.8477020526725,-19.512,-16143.806140845698,83200.66267440359,0.0,-22638.968104110354,2338.8137334718776,-4267.126083118236,0.0,0.0,-1220.5974348218228,-50.6715,-57362.113285825086
t64,11598.414182458337,0.0,-1830.0,539.1970464415026,-539.1970464415026,0.0,0.0,3370.6646008762773,-43.00198801224795,-13096.076795322366,4598.79076606268,0.0,-240.0,34.6068006105183,-6.591628608460572,0.0,0.0,-3237.7937658155674,-20.33330501768197,-1128.6788672314879,418.24585499747093,0.0,-0.0,11.115738836440002,-50.11098297275829,0.0,0.0,494.97551976300474,-19.98330501768197,-854.2428256064751,2625.5692865874767,0.0,-2554.208069977408,51.86319559362635,-118.69999999999999,0.0,0.0,1799.0526569365675,-110.67837671781682,-1692.898692422447,2088.977048657811,0.0,-727.7852999263021,5.98499396058234,-11.44344577901867,0.0,0.0,-1140.3985619953394,-21.6,-193.73473491773308,12653.649770251814,0.0,-2620.247617555504,31.718442371660224,-60.65353647715767,0.0,0.0,-8884.675455790099,-74.47687671781681,-1045.3147260828955,3973.649605332001,0.0,-527.338621099306,58.6744178553563,-112.19904248274169,0.0,0.0,-1408.1193957248033,-120.889,-1863.7779638805055,0.0,0.0,-418.76392418901384,210.2337554051166,-402.0214945402727,0.0,0.0,7746.315243359546,-30.21,-7105.553580035376,1091.4514430690592,0.0,-0.0,19.482709817274753,-18.433484970125182,0.0,0.0,1160.2134507014937,-34.85298801224795,-2217.861130605455,14418.522577796952,0.0,-725.0462887010302,619.8850936047222,-140.6065467644885,0.0,0.0,1799.121948422229,-19.512,-15952.364784358382,75441.4948800922,0.0,-19417.910450276817,2252.207031097586,-537.6170460016889,0.0,0.0,-1699.3562407333097,-50.6715,-55988.14667417797
t65,9401.211511223064,0.0,-19.40351462141416,574.0674832946339,-574.0674832946339,0.0,0.0,3866.3067701729187,-43.00198801224795,-13205.11277876232,3335.372134626029,0.0,-308.40913886510555,37.244097891114414,-66.29972566879775,0.0,0.0,-1827.1500065488772,-20.33330501768197,-1150.4240564166817,530.3048471017719,0.0,-0.0,28.20643375270357,-28.20643375270357,0.0,0.0,360.48841710990473,-19.98330501768197,-870.8099591939946,2350.314707992151,0.0,-0.0,55.814897889989886,-55.814897889989886,0.0,0.0,-513.6044534344446,-110.67837671781682,-1726.0318778398896,1920.7729056405474,0.0,-0.0,6.440838818112643,-6.440838818112643,0.0,0.0,-1702.3301268471284,-21.6,-196.84277879341863,7641.257969178898,0.0,-963.2938873090714,34.13473417590111,-34.13473417590111,0.0,0.0,-5537.473177562521,-74.47687671781681,-1066.0140275894876,3299.313726393141,0.0,-0.0,63.14413333074887,-63.14413333074887,0.0,0.0,-1277.3297398765408,-120.889,-1901.0949865166,0.0,0.0,-0.0,226.24939070894803,-226.24939070894803,0.0,0.0,7277.399087159609,-30.21,-7247.189087159609,1090.2562040615862,0.0,-0.0,76.4404752849592,-163.9,0.0,0.0,1293.5066613045826,-34.85298801224795,-2261.45035263888,16138.629546213868,0.0,-0.0,642.9734681567783,-1481.3,0.0,0.0,1170.1865685224984,-19.512,-16450.977582893145,67302.99335241935,0.0,-3693.0,544.6053099909557,-4043.8053099909557,0.0,0.0,-3110.0,-50.6715,-56950.12185241934
t66,8528.381487787467,740.0821668257822,-0.0,547.248883013315,-0.0,0.0,0.0,3757.0204774324366,-41.58126620662168,-13531.15174885238,1741.3463718685534,240.0,-0.0,30.577872077327243,-0.0,0.0,0.0,-812.1732969312584,-20.33330501768197,-1179.4176419969401,431.3713892075225,0.0,-0.0,23.162842518026082,-0.0,0.0,0.0,458.00339531974737,-19.983305017681968,-892.554322027614,2102.103763192029,901.2962634107432,-0.0,45.82713702288142,-0.0,0.0,0.0,-1170.0650152518492,-110.67837671781682,-1768.4837716559875,1717.876801248634,365.1524590385602,-0.0,5.73758169962977,-0.0,0.0,0.0,-1865.1439900672626,-21.6,-202.02285191956125,753.7999410381286,4554.966809543728,-0.0,28.02828472111232,-0.0,0.0,0.0,-4170.430004112426,-74.47687671781681,-1091.8881544727276,2410.276902158994,0.0,-0.0,51.84835962474684,-0.0,0.0,0.0,-392.45841300990907,-120.889,-1948.7778487738321,0.0,418.76392418901384,-0.0,210.96958690476492,-0.0,0.0,0.0,6826.519172653364,-30.21,-7426.042683747142,1088.9206927645987,0.0,-0.0,63.277537585291604,-0.0,0.0,0.0,1198.727673967158,-33.43226620662168,-2317.493638110426,17763.489840297458,1228.363551674487,-0.0,669.3532769071634,-669.3532769071634,0.0,0.0,-1920.0,-19.512,-17052.341391971946,56929.06665286962,2814.4836619736034,-0.0,2430.5863645224126,-1845.695695853753,0.0,0.0,-1910.0,-50.6715,-58367.76948351188
t67,8416.080404335713,1438.1764892753545,-0.0,684.6384165077719,-153.31487773172483,0.0,0.0,3866.3067701729187,-43.00198801224795,-14208.885214547783,1563.9603273390198,1357.9562346240366,-0.0,44.1678750186258,-59.6,0.0,0.0,-1648.7463188065435,-20.33330501768197,-1237.4048131574568,452.5764964858994,0.0,-0.0,33.21272482987885,-50.37117952567469,0.0,0.0,521.6437567716507,-19.983305017681968,-937.0784935440727,2059.1466672977945,1731.4754848889133,-0.0,66.19148362104812,-89.3,0.0,0.0,-1800.3414636688703,-110.67837671781682,-1856.493795421069,1530.9020739616633,0.0,-0.0,7.584006174533279,-1.2028194890801311,0.0,0.0,-1303.3002624752698,-21.6,-212.38299817184642,573.3306994515531,4705.932277387616,-0.0,40.48107485680374,-54.6,0.0,0.0,-4043.925871512959,-74.47687671781681,-1146.7413034651963,2408.2706882127945,335.73993772314356,-0.0,74.88395559439786,-101.0,0.0,0.0,-551.8254242799251,-120.889,-2045.18015725041,0.0,418.76392418901384,-0.0,268.3136451014236,-243.47175932559784,0.0,0.0,7379.658589323196,-30.21,-7793.054399288036,1088.9206927645987,0.0,-0.0,91.39579568489683,-123.3,0.0,0.0,1410.5302244758022,-34.85298801224795,-2432.693724913049,17779.006243180487,1553.6445378939284,-0.0,794.2629650204649,-135.6715778840638,0.0,0.0,-1920.0,-19.512,-18051.73016821082,44576.838242906466,16979.721010295383,-0.0,2875.6745394350487,-1884.9955713856543,0.0,0.0,-1910.0,-50.6715,-60586.56672125126
t68,8999.341747427541,3422.689172351966,-0.0,128.51756768945998,-978.4,0.0,0.0,3866.3067701729187,-43.00198801224795,-15395.45326962964,1690.9877687407293,602.9753973269859,-0.0,33.14667875277004,-19.6,0.0,0.0,-1004.210377876369,-20.33330501768197,-1282.9661619264343,403.6445117152989,0.0,-0.0,36.09520035134551,-0.0,0.0,0.0,551.4917995193694,-19.983305017681968,-971.2482065683317,1888.4163936011819,2554.208069977408,-0.0,60.538840672138114,-29.4,0.0,0.0,-2438.2539371883695,-110.67837671781682,-1924.8309903445438,1078.0672744377314,831.4883200598783,-0.0,2.029400274855479,-10.3,0.0,0.0,-1660.049894224019,-21.6,-219.63510054844608,481.7046686713831,4897.546557989739,-0.0,30.37598356537724,-18.0,0.0,0.0,-4129.010427030303,-74.47687671781681,-1188.1399064783802,2408.0600124558573,527.338621099306,-0.0,68.4992556945898,-33.3,0.0,0.0,-729.894686727152,-120.889,-2119.8142025225993,0.0,410.6886197215391,-0.0,245.38852731940926,-481.2,0.0,0.0,7933.725938132399,-30.21,-8078.393085173349,1088.9206927645987,0.0,-0.0,68.58532624571015,-40.6,0.0,0.0,1439.8948152215255,-34.85298801224795,-2521.947846219586,17899.04385654961,1490.0,-0.0,837.4639164940863,-0.0,0.0,0.0,-1431.0242101721967,-11.517245836315416,-18783.96631703519,44543.25732798589,23260.30197186627,-0.0,2379.0136780745406,-3508.9740982019243,0.0,0.0,-2398.975789827803,-42.67674583631542,-64231.94634406066
t69,8636.724314561603,1991.8463434144414,-0.0,638.7252483864961,-258.5,0.0,0.0,3866.3067701729187,-43.00198801224795,-14832.10068852321,1883.5338648175994,240.0,-0.0,40.54626570994199,-59.6,0.0,0.0,-844.6710419538126,-20.33330501768197,-1239.4757835560467,446.4461905330181,0.0,-0.0,25.22778449091964,-60.0,0.0,0.0,546.423269387037,-19.983305017681968,-938.1139393932926,2125.8506586239623,2554.208069977408,-0.0,49.900576021929936,-89.3,0.0,0.0,-2671.4163083958256,-110.67837671781682,-1858.5646195096592,991.328466931209,831.4883200598783,-0.0,7.0138985105968406,-3.4,0.0,0.0,-1592.4476873298377,-21.6,-212.38299817184642,595.5682691732035,4180.1101376120105,-0.0,37.16900977084779,-63.45435291414108,0.0,0.0,-3527.1399183835774,-74.47687671781681,-1147.776268540526,2409.7134248542493,527.338621099306,-0.0,56.44436933644646,-101.0,0.0,0.0,-724.354090115367,-120.889,-2047.2533251746374,0.0,418.76392418901384,-0.0,246.34351209470327,-187.67535378099188,0.0,0.0,7357.204510787986,-30.21,-7804.426593290711,1088.9206927645987,0.0,-0.0,83.90720156990764,-123.3,0.0,0.0,1420.0944958304783,-34.85298801224795,-2434.7694021527363,17773.69465393447,1495.8378057857462,-0.0,698.9254056918613,-0.0,0.0,0.0,-1784.7780796239517,-17.30112160185161,-18166.378664186275,44628.60174466642,20594.938418975926,-0.0,2695.4643471114505,-3141.0735637021203,0.0,0.0,-2045.2219203760483,-48.46062160185161,-62684.24840507378
t70,7913.732902343785,2525.0790899726153,-0.0,566.5837577442853,-258.5,0.0,0.0,3866.3067701729187,-43.00198801224795,-14570.200532221357,2077.323502330569,179.9049600000003,-0.0,36.05772250669776,-45.69641406536283,0.0,0.0,-1026.0936345720886,-20.33330501768197,-1201.162831182134,396.0368585758373,0.0,-0.0,27.32008160308622,-34.64745426758161,0.0,0.0,540.3952747214735,-19.983305017681968,-909.1214556151335,1998.52161108033,1945.5546856301632,-0.0,54.04279783040677,-68.50083516840438,0.0,0.0,-2017.3229255812485,-110.67837671781682,-1801.61695707343,1076.167778276214,831.4883200598783,-0.0,6.237932829464764,-13.700000000000001,0.0,0.0,-1672.4271207450818,-21.6,-206.16691042047532,494.98473231306167,4452.8639101405,-0.0,33.05525798867689,-33.05525798867689,0.0,0.0,-3760.7843097564246,-74.47687671781681,-1112.5874559793197,2407.687881357187,527.338621099306,-0.0,61.14784868608826,-77.52378893626923,0.0,0.0,-813.7398587206233,-120.889,-1984.0217034856994,0.0,263.6645434693492,-0.0,219.09312105298002,-277.76127936669144,0.0,0.0,7387.722626623611,-30.21,-7562.509011779249,1088.9206927645987,0.0,-0.0,74.62219016015413,-94.58805124596037,0.0,0.0,1325.943177857463,-34.85298801224795,-2360.0450215240076,17676.962631832877,1490.0,-0.0,598.9774393013265,-266.8211639501037,0.0,0.0,-1920.0,-19.512,-17559.6069071841,44703.924900196005,18612.037757113714,-0.0,2354.4595892564894,-2067.8903055310593,0.0,0.0,-1910.0,-50.6715,-61641.86044103514
t71,8410.792542252024,1830.0,-0.0,421.7673381707598,-95.48267317099184,0.0,0.0,2799.725677255718,-29.13655724955925,-13337.666327257952,2019.569831152337,924.9277110806981,-0.0,26.760630687345703,-6.486331314578521,0.0,0.0,-1827.1500065488772,-20.33330501768197,-1117.2885300392434,332.0393588650919,0.0,-0.0,20.272729193046832,-15.341793652882549,0.0,0.0,527.5453913473484,-18.55642693988923,-845.9592588127153,1822.1652523031935,2554.208069977408,-0.0,33.10002498026911,-0.0,0.0,0.0,-2623.8897489071205,-109.25149864002408,-1676.332099713726,959.7742386098121,0.0,-0.0,4.628959847076112,-0.0,0.0,0.0,-751.140492789612,-21.6,-191.66270566727604,529.8263824714408,2018.9723038142845,-0.0,24.53027021216303,-0.0,0.0,0.0,-1463.8870044504697,-74.47687671781681,-1034.9650753295996,2404.9607008408743,527.338621099306,-0.0,45.37759816441893,-11.020144529360445,0.0,0.0,-1005.685134271396,-114.81560477927106,-1846.1560365245718,0.0,0.0,-0.0,162.58911716058455,-162.58911716058455,0.0,0.0,7060.620463549035,-23.30004752971181,-7037.320416019323,1088.9206927645987,0.0,-0.0,13.435972008769792,-0.0,0.0,0.0,1113.860854815374,-20.151,-2196.0665195887423,17594.17267714328,700.0770220230493,-0.0,441.5157512285256,-450.19005721509956,0.0,0.0,-1920.0,-19.512,-16346.063393179757,44936.55691423761,14233.825872834866,-0.0,1745.0053296394663,-514.4763509383287,0.0,0.0,-1910.0,-50.6715,-58440.24026577362
t72,8340.639015860601,1830.0,-0.0,312.860457465057,-0.0,0.0,0.0,1892.7347849838563,-17.753821551547396,-12358.480436757969,1822.9258603449873,1059.4452333170327,-0.0,20.271635986085798,-0.0,0.0,0.0,-1827.1500065488772,-20.33330501768197,-1055.1594180815468,335.797079378666,0.0,-0.0,15.362439353813112,-0.0,0.0,0.0,468.18798188301935,-19.983305017681968,-799.3641955978168,1823.8958004996764,0.0,-0.0,30.384327389473263,-0.0,0.0,0.0,-177.44499490423186,-93.6901172577485,-1583.1450157271693,1031.4355534556407,424.9187776068271,-0.0,3.5075408301689013,-0.0,0.0,0.0,-1269.9869008965934,-8.572411581052005,-181.30255941499087,406.79781903134676,2030.5914893075478,-0.0,18.585658458298013,-0.0,0.0,0.0,-1438.776403234615,-39.156567376105805,-978.0419961864716,2402.912558101744,527.338621099306,-0.0,34.38115548888579,-0.0,0.0,0.0,-1155.0100012966734,-65.05152515583693,-1744.5708082374251,0.0,418.76392418901384,-0.0,112.90366771402046,-0.0,0.0,0.0,6133.034226060769,-20.239012946000535,-6644.4628050178035,1088.9206927645987,0.0,-0.0,41.95490418743348,-27.090250783071077,0.0,0.0,992.0428935179409,-20.151,-2075.677239686902,17576.579186110157,0.0,-0.0,329.83555439615964,-438.52107334017927,0.0,0.0,-1920.0,-19.512,-15528.381667166132,46728.60134502112,10751.790951824612,-0.0,1300.8985300310069,-761.8968664541857,0.0,0.0,-1697.6315795645942,-46.71082895887969,-56275.05155189909
