Line,New_Trans_Capacity,Cost_Trans_Capacity
1,-0.0,-0.0
2,800.0,1.3364e7
3,0.0,0.0
4,0.0,0.0
5,1318.7766287620434,6.787743308238237e6
6,500.0,1.206e7
7,1300.0,1.16571e7
8,1600.0,2.04832e7
9,0.0,0.0
10,2150.0,2.56108e7
11,755.0,2.672247e7
12,487.72829016618255,5.199183573171506e6
13,1132.2223181266472,7.046951708020252e6
14,993.6913633254188,7.642480275335796e6
15,175.0,803600.0
16,660.0,9.22548e6
17,0.0,0.0
