BalanceComponent,Generation,Storage_Discharge,Storage_Charge,Flexible_Demand_Defer,Flexible_Demand_Stasify,Demand_Response,Nonserved_Energy,Transmission_NetExport,Transmission_Losses,Demand,Generation,Storage_Discharge,Storage_Charge,Flexible_Demand_Defer,Flexible_Demand_Stasify,Demand_Response,Nonserved_Energy,Transmission_NetExport,Transmission_Losses,Demand,Generation,Storage_Discharge,Storage_Charge,Flexible_Demand_Defer,Flexible_Demand_Stasify,Demand_Response,Nonserved_Energy,Transmission_NetExport,Transmission_Losses,Demand,Generation,Storage_Discharge,Storage_Charge,Flexible_Demand_Defer,Flexible_Demand_Stasify,Demand_Response,Nonserved_Energy,Transmission_NetExport,Transmission_Losses,Demand,Generation,Storage_Discharge,Storage_Charge,Flexible_Demand_Defer,Flexible_Demand_Stasify,Demand_Response,Nonserved_Energy,Transmission_NetExport,Transmission_Losses,Demand,Generation,Storage_Discharge,Storage_Charge,Flexible_Demand_Defer,Flexible_Demand_Stasify,Demand_Response,Nonserved_Energy,Transmission_NetExport,Transmission_Losses,Demand,Generation,Storage_Discharge,Storage_Charge,Flexible_Demand_Defer,Flexible_Demand_Stasify,Demand_Response,Nonserved_Energy,Transmission_NetExport,Transmission_Losses,Demand,Generation,Storage_Discharge,Storage_Charge,Flexible_Demand_Defer,Flexible_Demand_Stasify,Demand_Response,Nonserved_Energy,Transmission_NetExport,Transmission_Losses,Demand,Generation,Storage_Discharge,Storage_Charge,Flexible_Demand_Defer,Flexible_Demand_Stasify,Demand_Response,Nonserved_Energy,Transmission_NetExport,Transmission_Losses,Demand,Generation,Storage_Discharge,Storage_Charge,Flexible_Demand_Defer,Flexible_Demand_Stasify,Demand_Response,Nonserved_Energy,Transmission_NetExport,Transmission_Losses,Demand,Generation,Storage_Discharge,Storage_Charge,Flexible_Demand_Defer,Flexible_Demand_Stasify,Demand_Response,Nonserved_Energy,Transmission_NetExport,Transmission_Losses,Demand
Zone,1,1,1,1,1,1,1,1,1,1,2,2,2,2,2,2,2,2,2,2,3,3,3,3,3,3,3,3,3,3,4,4,4,4,4,4,4,4,4,4,5,5,5,5,5,5,5,5,5,5,6,6,6,6,6,6,6,6,6,6,7,7,7,7,7,7,7,7,7,7,8,8,8,8,8,8,8,8,8,8,9,9,9,9,9,9,9,9,9,9,10,10,10,10,10,10,10,10,10,10,11,11,11,11,11,11,11,11,11,11
AnnualSum,1.0980288781760514e8,4.767522841015691e6,-6.35707006946499e6,2.86289128038989e6,-2.8628912803898933e6,49104.030311232375,0.0,9.176152446392056e6,-276879.06585914496,-1.1716171799999999e8,1.5533180964317748e7,568177.8802198431,-757614.9537037415,183230.07378232435,-183230.07378232447,0.0,0.0,-4.9657247114611585e6,-123286.17937269877,-1.0254733000000002e7,3.9569735302870157e6,0.0,0.0,138368.4737040218,-138368.47370402177,0.0,0.0,3.879224407492998e6,-72511.93778001684,-7.763686000000002e6,3.815289867186667e7,1.0522235594795286e6,-1.24317528293895e6,279565.9903345519,-279565.99033455225,0.0,0.0,-2.1956169070264775e7,-622565.8781424634,-1.5383212e7,7.757628321733379e6,0.0,-1.1475265182525618e-12,32562.586407809322,-32562.586407809355,0.0,0.0,-5.931642213738705e6,-69216.10799467811,-1.7567699999999993e6,5.809341986094064e7,1.8982062568966456e7,-2.2880248932822622e7,168732.11586245205,-168732.1158624521,0.0,0.0,-4.421343868048206e7,-478695.8166023125,-9.503098999999987e6,1.1202553624163503e7,1.984351181812177e6,-2.3444602809690153e6,315396.7305605883,-315396.7305605884,0.0,0.0,6.925033997330386e6,-837288.5223370434,-1.693018999999999e7,4.170930623368873e7,0.0,0.0,1.1528133577476093e6,-1.1528133577476095e6,23273.382464534625,0.0,2.3085676793947868e7,-166658.41010108418,-6.465159799999993e7,3.880280024053105e6,1.145250561052081e-12,-1.3530843112619103e-12,392113.5773281707,-392113.5773281712,12129.683399877418,0.0,1.6459694987058822e7,-229643.6945118093,-2.0122461000000004e7,1.4680431922220367e8,6.100686282154584e6,-7.6118067226184625e6,3.440737915442189e6,-3.44073791544219e6,121506.59817519195,0.0,8.247877324301829e6,-147505.70421676544,-1.5351507699999994e8,5.68453982229414e8,8.282292466151266e6,-1.0478849445845328e7,1.1964341677493537e7,-1.1964341677493552e7,0.0,0.0,9.293314719422765e6,-384127.9691424987,-5.75166612e8
t1,15075.301277140374,784.2594213797375,-1045.7405786202623,101.68149417194124,-1115.5307399125036,0.0,0.0,-2725.5522495978253,-39.019999999999996,-11035.398624561461,2163.2887045338525,240.0,-0.0,7.198725768638713,-9.65561730006199,0.0,0.0,-1386.60850532994,-17.911,-996.3123076724892,340.80654999999996,0.0,-0.0,5.46158713978552,-7.340239682189981,0.0,0.0,427.03011498012916,-11.644216683583046,-754.3137957541414,3281.552993474543,0.0,-394.4633939379375,10.792845858523739,-14.48342595009298,0.0,0.0,-1301.4905505103775,-87.42808299315446,-1494.480385941504,1059.7349516898723,0.0,-0.0,1.2467256314117716,-0.0,0.0,0.0,-879.7211722337784,-10.8,-170.46050508750557,2063.673549694249,2595.3277876976326,-4537.1470159525925,6.6040129623689054,-0.0,0.0,0.0,864.5246826015855,-69.4125,-923.570517003243,675.7247767013816,729.0439029716646,-0.0,2.2943306195538753,-15.193575041706932,0.0,0.0,364.3367889411991,-111.93884413314534,-1644.2673800589469,7149.770394018431,0.0,-0.0,43.77115367484636,-58.77118081109158,0.0,0.0,-830.3861560967443,-22.728977823573853,-6281.655232961867,351.7025999999999,0.0,-0.0,14.903407558069102,-20.000921550128403,0.0,0.0,1637.8670472457516,-30.871000000000066,-1953.6011332536925,14181.172967521507,0.0,-1375.4882629666813,111.70438415341303,-687.3038203026425,0.0,0.0,1719.7776462283418,-19.512,-13930.350914633937,58592.189118470094,0.0,-3693.0,487.9350079707611,-1954.6079477967328,0.0,0.0,2110.222353771658,-50.6715,-55492.06703241578
t2,11815.52696365072,0.0,-1830.0,70.09230708719676,-42.79297741046188,0.0,0.0,231.2099008614772,-39.019999999999996,-10205.016194188931,1962.9134545338527,0.0,-240.0,5.022561057243464,-0.0,0.0,0.0,-779.2595702654812,-17.911,-930.7654453256148,340.77799999999996,0.0,-0.0,3.811604871012329,-0.0,0.0,0.0,371.95480329939505,-11.644216683583046,-704.9001914868246,3263.376794322606,0.0,-394.4633939379375,7.53068706917191,-0.0,0.0,0.0,-1392.3524858851233,-87.42808299315446,-1396.6635185755622,994.4297616898722,0.0,-0.0,0.870037411620348,-4.086362019423973,0.0,0.0,-821.0479944558799,-10.8,-159.36544262618864,2075.8489824948074,4457.985507969382,-2674.4892956808444,4.608307132126513,-6.627388218819112,0.0,0.0,-2925.847246843188,-69.4125,-862.0663668534638,675.7311767013816,0.0,-729.0439029716646,8.52505274276472,-9.483019417124233,0.0,0.0,1703.5490997832064,-111.93884413314534,-1537.3395627054201,7572.997471770783,0.0,-0.0,30.543571657378042,-0.0,0.0,0.0,-1713.4315920694398,-22.72897782357385,-5867.380473535146,351.7025999999999,0.0,-0.0,10.398919378057728,-0.0,0.0,0.0,1495.2250855750326,-30.871000000000066,-1826.4556049530906,14145.371037879782,0.0,-1950.8031158234198,78.86302708876947,-739.4933752221309,0.0,0.0,1920.0,-19.512,-13434.425573923,57818.26287402575,0.0,-4090.8270828907516,310.6832135436632,-1864.8886094490217,0.0,0.0,1910.0,-50.6715,-54032.558895229646
t3,11634.410982967513,544.6229486196673,-1285.3770513803327,27.493863804673012,-15.141968525332986,0.0,0.0,-1160.0,-39.019999999999996,-9706.988775486185,1752.2944045338527,240.0,-0.0,1.9729036296822806,-4.885762265046232,0.0,0.0,-1085.0752843153732,-17.911,-886.3952615831154,340.77799999999996,0.0,-0.0,1.4968243069316078,-3.239002993652653,0.0,0.0,344.23003704444636,-11.644216683583046,-671.621641674142,3299.046974322606,0.0,-394.4633939379375,2.9579214330918893,-15.916270939012325,0.0,0.0,-1474.0894359713934,-87.42808299315446,-1330.1077119141996,1282.2129516898722,0.0,-0.0,0.3416823394918428,-0.0,0.0,0.0,-1119.4496856967407,-10.8,-152.30494833262333,2098.6631424948073,2263.687739864267,-4868.787063785959,1.8099187465555424,-1.0269485049395897,0.0,0.0,1396.8014877765813,-69.4125,-821.7357765913134,675.7375767013816,729.0439029716646,-0.0,1.4483515458463594,-2.2943306195538753,0.0,0.0,171.70393768443955,-111.93884413314534,-1463.700594150633,8116.037163141509,0.0,-0.0,11.99607385067159,-187.41046921652185,0.0,0.0,-2327.704457152579,-22.72897782357385,-5590.189332799505,351.7025999999999,0.0,-0.0,4.084475500663746,-8.82573970082535,0.0,0.0,1423.583400630619,-30.871000000000066,-1739.6737364304574,14144.348436345894,0.0,-1899.4797773065586,31.891626681778455,-63.51059414617336,0.0,0.0,997.2703525897404,-19.512,-13191.008044164677,57640.60685868308,0.0,-5107.840335863493,135.90739795138091,-1918.2357841968678,0.0,0.0,2832.7296474102595,-50.6715,-53532.496283984365
t4,11818.267211576987,0.0,-1830.0,36.1083757799608,-0.0,0.0,0.0,-506.6714703430162,-39.019999999999996,-9478.684117013932,1709.596928488716,0.0,-240.0,2.6042955779134265,-22.011055857556563,0.0,0.0,-571.0942382978319,-17.911,-861.1849299112406,340.74944999999997,0.0,-0.0,1.9761002441198987,-8.038340642211152,0.0,0.0,329.41827159093833,-11.644216683583046,-652.4612645092641,3276.4777943226063,394.4633939379375,-0.0,3.904667893189746,-4.7137036620699,0.0,0.0,-2290.916367480245,-87.42808299315446,-1291.7877020182636,1334.81604,0.0,-0.0,0.4510771104558501,-0.0,0.0,0.0,-1177.2053789875222,-10.8,-147.2617381229338,2075.904882494807,2931.8727543683976,-4200.602049281828,2.3893085661877187,-9.73156095487204,0.0,0.0,68.12485199788352,-69.4125,-798.5456871905769,675.7439767013817,0.0,-729.0439029716646,4.420043300079241,-5.33899088254856,0.0,0.0,1588.4994393865813,-111.93884413314527,-1422.341721400684,8116.037163141509,0.0,-0.0,15.836220496425142,-19.127375744385684,0.0,0.0,-2661.1025427893874,-22.728977823573853,-5428.914487280587,351.7025999999999,0.0,-0.0,5.391822238465766,-25.933512464169787,0.0,0.0,1390.9474349225993,-30.871000000000002,-1691.237344696895,14114.93939355857,0.0,-1490.0,43.02673591286559,-168.2307920767285,0.0,0.0,809.7677686633965,-19.512,-13289.991106058102,57467.314719444985,0.0,-6639.144419997978,161.40597311239074,-0.0,0.0,0.0,3020.2322313366035,-50.671499999999995,-53959.137003896016
t5,10079.134692826057,0.0,-1830.0,42.52430376599377,-0.0,0.0,0.0,1174.5250426250457,-39.019999999999996,-9427.164039217096,1908.116928488716,240.0,-0.0,3.105964441036995,-5.2269067679249215,0.0,0.0,-1277.992602186212,-17.911,-850.0923839756157,340.7209,0.0,-0.0,2.359268914277299,-3.123430707978759,0.0,0.0,315.072774855817,-11.644216683583046,-643.3852963785324,3342.6426300000003,394.4633939379375,-0.0,4.6580349102903895,-7.84036015188738,0.0,0.0,-2371.851076006789,-87.42808299315446,-1274.6445396963975,1351.6772,0.0,-0.0,0.5384362137709697,-0.9067083168849353,0.0,0.0,-1195.264473857828,-10.8,-145.24445403905798,2098.7190424948076,3278.5300147341777,-3853.9447889160474,2.8511882502687347,-3.773271996215949,0.0,0.0,-665.5149096985051,-69.4125,-787.4547748684856,675.7503767013817,0.0,-729.0439029716646,5.274607087870649,-10.166615053215665,0.0,0.0,1574.3085458792357,-111.93884413314527,-1404.1841675104624,8116.037163141509,0.0,-0.0,18.897254867354086,-31.814794765991998,0.0,0.0,-2726.0657741912087,-22.72897782357385,-5354.324871228087,351.7025999999999,0.0,-0.0,6.432350733017184,-0.0,0.0,0.0,1342.782472580444,-30.870999999999995,-1670.0464233134612,14111.696025050454,0.0,-1490.0,51.33993435020292,-24.032154176235384,0.0,0.0,1024.110548605449,-19.512,-13653.602353829869,57570.65917785627,0.0,-4722.01775471947,212.32783938021532,-458.06552379363904,0.0,0.0,2805.889451394551,-50.6715,-55358.12169011794
t6,11186.614304233344,0.0,-1830.0,94.07622517980536,-149.4532078395735,0.0,0.0,376.0780168501611,-39.019999999999996,-9638.295338423737,2131.5961284887157,0.0,-240.0,6.715240843595996,-0.0,0.0,0.0,-1023.249092488571,-17.911,-857.1512768437407,340.69235,0.0,-0.0,5.0975229515775915,-0.0,0.0,0.0,314.281844627611,-11.644216683583046,-648.4275008956055,3317.51794,394.4633939379375,-0.0,10.069291688956259,-0.0,0.0,0.0,-2348.8853684937817,-87.42808299315446,-1285.737174139958,1446.8372600000002,0.0,-0.0,1.1635045962907964,-0.4263243452485206,0.0,0.0,-1289.5127021281087,-10.8,-147.2617381229338,2121.5443824948075,2536.283214431697,-4596.191589218528,6.162249916672029,-0.0,0.0,0.0,795.1186057831592,-69.4125,-793.5043634078082,675.7567767013817,607.7471704148538,-121.29673255681057,11.399805388199479,-0.0,0.0,0.0,354.62102762279756,-111.93884413314527,-1416.289203437277,7752.488904586572,0.0,-0.0,40.842855960000634,-0.0,0.0,0.0,-2372.935296761704,-22.72897782357385,-5397.667485961297,351.7025999999999,0.0,-0.0,13.904532413046693,-14.036301671283544,0.0,0.0,1364.4829649884364,-30.871000000000002,-1685.1827957301996,13465.202273833565,0.0,-0.0,118.7281731572698,-0.0,0.0,0.0,830.7560410129764,-17.701138729437837,-14396.985349274371,57712.468000158675,0.0,-2662.5337300082665,455.51157876605845,-455.51157876605845,0.0,0.0,2999.2439589870237,-48.86063872943784,-58000.31759040801
t7,8816.195098420016,0.0,-1830.0,230.60265118484347,-0.0,0.0,0.0,3019.156863753199,-39.019999999999996,-10196.934613358055,2147.1267799999996,205.70738921435736,-34.292610785642644,16.551797845296424,-0.0,0.0,0.0,-1429.778681424021,-17.911,-887.4036748499904,340.6638,0.0,-0.0,12.563391753710032,-0.0,0.0,0.0,330.038666604015,-11.644216683583055,-671.621641674142,3226.5049300000005,362.8436095098156,-31.619784428121875,24.81839996592992,-0.0,0.0,0.0,-2165.0113601402695,-87.42808299315448,-1330.1077119141996,1379.10672,0.0,-0.0,2.867625356055921,-0.0,0.0,0.0,-1218.8693970234328,-10.8,-152.30494833262333,2115.1574000000005,3759.557891733363,-3372.916911916863,15.188108451129967,-0.0,0.0,0.0,-1625.8382116763173,-69.4125,-821.7357765913134,675.7631767013817,729.0439029716646,-0.0,28.097070954388965,-0.0,0.0,0.0,145.76154663804755,-111.93884413314527,-1466.7268531323366,7776.4596832545,0.0,-0.0,100.66557693268149,-0.0,0.0,0.0,-2276.3025629780213,-22.728977823573853,-5578.093719385586,352.4939829398528,0.0,-0.0,34.27125770494805,-0.0,0.0,0.0,1390.843136246801,-30.871000000000002,-1746.737376891602,14002.922667561821,630.5716304478082,-0.0,243.2286978385812,-118.68280932903937,0.0,0.0,720.0,-19.512,-15458.528186519172,57520.48587679711,0.0,-0.0,1125.3321627971814,-0.0,0.0,0.0,3110.0,-50.6715,-61705.14653959431
t8,9972.974421492569,0.0,-1830.0,366.5444390143462,-496.1960214740037,0.0,0.0,2975.228989200491,-39.019999999999996,-10949.531828233401,1915.7220300000001,0.0,-240.0,25.570892399813275,-5.442444099899278,0.0,0.0,-734.0646605049246,-17.911,-943.8748177949897,340.6638,0.0,-0.0,19.402296749480875,-4.134383133780242,0.0,0.0,369.68866268543866,-11.644216683583055,-713.9761596175563,3177.65479,180.82420744642025,-213.63918649151728,38.33866015689166,-8.162232138417384,0.0,0.0,-1672.7730537697435,-87.42808299315448,-1414.8151022104792,1290.40751,0.0,-0.0,4.4289121425444105,-0.9435414006519338,0.0,0.0,-1121.710154031828,-10.8,-161.38272671006445,2092.3879600000005,4548.034734732477,-1888.8346294547384,23.459660831937406,-4.996231423285437,0.0,0.0,-3827.481715510836,-69.4125,-873.1572791755551,675.7695767013817,334.1977683466297,-394.84613462503495,43.39860469480138,-9.242884731934904,0.0,0.0,1023.2027953124498,-111.93884413314527,-1560.5408815651476,8109.105966243287,0.0,-0.0,155.48954370611173,-33.1142462025536,0.0,0.0,-2276.8618741805567,-22.72897782357385,-5931.890411742714,454.9780736508004,0.0,-0.0,52.94049670374025,-52.06295688413469,0.0,0.0,1434.771010799509,-30.871000000000002,-1859.755624269915,15538.982773388772,0.0,-416.94252769714086,468.29083737779115,-371.1519586270001,0.0,0.0,956.792651549781,-19.512,-16156.459775992202,59002.61975640468,2427.152611458183,-1265.847388541817,1736.9207582678007,-0.0,0.0,0.0,2873.207348450219,-50.6715,-64723.38158603907
t9,10483.210767531684,0.0,-1830.0,270.59435582833174,-258.5,0.0,0.0,2952.5998120778727,-39.019999999999996,-11578.884935437887,1913.9602971924007,0.0,-240.0,24.642805961021534,-12.06908615804499,0.0,0.0,-674.3275358566376,-17.911,-994.2954811387392,340.65265,0.0,-0.0,18.692707190669633,-9.1712726749342,0.0,0.0,414.7754870185744,-11.644216683583046,-753.3053548507268,3681.7602963061186,180.82420744642025,-213.63918649151728,36.9445827679515,-18.101853763387087,0.0,0.0,-2088.9048412700804,-87.42808299315446,-1491.4551220023511,1302.4164182197683,0.0,-0.0,4.267162313686697,-2.092928537621529,0.0,0.0,-1123.3301469083278,-10.8,-170.46050508750557,6308.222506257063,611.214750370491,-2497.0999100213558,22.604713077339532,-11.081463180594257,0.0,0.0,-3443.9023737693615,-69.4125,-920.5457227335818,1206.6191007205373,334.19776834662963,-394.84613462503495,41.81675657572006,-20.500529336731333,0.0,0.0,588.9192625109708,-111.93884413314527,-1644.2673800589469,8116.037163141509,0.0,-0.0,149.82359444753587,-73.44588969079736,0.0,0.0,-1913.2298517251381,-22.72897782357385,-6256.456038349536,529.7637614668973,0.0,-0.0,41.944549842464326,-40.6,0.0,0.0,1457.4001879221273,-30.871000000000002,-1957.6374992314893,18540.7188519606,0.0,-2691.6030413985154,452.2618685296452,-331.3,0.0,0.0,720.0,-19.512,-16670.56567909173,61282.74458637175,1698.08469649268,-0.0,1243.1349872629612,-800.7623552433136,0.0,0.0,3110.0,-50.6715,-66482.5304148841
t10,8681.43282747894,1188.0014995697675,-641.9985004302326,253.12252434273614,-0.0,0.0,0.0,2917.219134656229,-39.019999999999996,-12358.75748561744,1901.7042873104458,0.0,-240.0,16.89073622688841,-15.577944228177142,0.0,0.0,-609.4656542285436,-17.911,-1035.6404250806138,341.1203,0.0,-0.0,12.80166191111363,-11.840518854501184,0.0,0.0,454.1297964835508,-11.644216683583046,-784.5670228565803,5092.7245850785175,0.0,-394.4633939379375,25.317491685361773,-23.3660045910006,0.0,0.0,-3058.8073518302767,-87.42808299315446,-1553.97724341151,1240.8197282197682,0.0,-0.0,2.9228085200837874,-2.6080325312346595,0.0,0.0,-1052.8135048275462,-10.8,-177.52099938107088,10848.08565152384,299.68710115421135,-6832.7877024960135,15.48683050983476,-14.305047238458666,0.0,0.0,-3286.886285214235,-69.4125,-959.8680482391784,1664.2714769061452,0.0,-729.0439029716646,28.648775177697217,-26.46424621602202,0.0,0.0,886.3805718873155,-111.93884413314527,-1711.8538306503267,8116.037163141509,0.0,-0.0,102.64761405412023,-94.81088693907957,0.0,0.0,-1572.5375722702647,-22.72897782357385,-6528.607340162711,538.4689738052789,0.0,-0.0,34.95870515502896,-0.0,0.0,0.0,1492.780865343771,-30.871000000000002,-2035.3375443040793,19595.995339226305,0.0,-3240.891985364924,319.6095947593196,-184.46917896658147,0.0,0.0,720.0,-19.512,-17190.731769654118,66686.59209183377,0.0,-1595.6542511929204,1178.8923354416938,-1116.2528762544744,0.0,0.0,3110.0,-50.6715,-68212.90579982809
t11,12018.867030199828,0.0,-1830.0,317.16365095398123,-0.0,0.0,0.0,2757.486150971248,-39.019999999999996,-13224.496832125054,1783.0622014808755,0.0,-240.0,18.03872321053467,-15.073074063763414,0.0,0.0,-432.98004280140856,-17.911,-1095.136807826238,340.57815,0.0,-0.0,15.577310449161192,-16.50987897341785,0.0,0.0,500.93705781466394,-11.644216683583046,-828.9384226068239,5666.966558224449,0.0,-394.4633939379375,27.036723879376165,-22.60604151920738,0.0,0.0,-3546.7874446935316,-87.42808299315446,-1642.7183189599932,851.6262729214453,0.0,-0.0,3.556417768087358,-3.8615767533920806,0.0,0.0,-652.9136941356908,-10.8,-187.60741980044992,12201.163461320615,0.0,-7132.474803650225,18.843172374410134,-19.948988735002544,0.0,0.0,-3983.8559962167183,-69.4125,-1014.3143450930813,1867.7101931390075,0.0,-729.0439029716646,30.59205853777408,-25.59959346123902,0.0,0.0,776.9742069541085,-111.93884413314527,-1808.6941180648414,8116.037163141509,0.0,-0.0,109.61121303315424,-405.0297299269212,0.0,0.0,-901.3740869214234,-22.728977823573853,-6896.515581502744,488.21615712462125,0.0,-0.0,42.533151506816296,-0.0,0.0,0.0,1652.5138490287518,-30.871000000000002,-2152.3921576601892,20087.043346492283,0.0,-3169.026756133046,379.2518951296061,-331.3,0.0,0.0,720.0,-19.512,-17666.45648548885,71998.81421974767,0.0,-5483.326632520302,1344.034827876479,-811.8587564121808,0.0,0.0,3110.0,-50.6715,-70106.99215869168
t12,11500.30152372747,784.2594213797377,-1045.7405786202623,358.0971214973416,-429.0748707385152,0.0,0.0,2675.5276394946495,-39.019999999999996,-13804.350256740423,1818.5555266235306,0.0,-240.0,16.49609518202673,-79.2,0.0,0.0,-353.39156390244614,-17.911,-1144.5490579031125,340.57815,0.0,-0.0,12.51245299045262,-56.84996796557104,0.0,0.0,581.6543176918666,-11.644216683583046,-866.250736033165,5528.700225173562,0.0,-394.4633939379375,24.73071778286053,-118.69999999999999,0.0,0.0,-3236.5063912126184,-87.42808299315446,-1716.3330748127125,1147.42492,0.0,-0.0,2.856361923139084,-12.98120074382158,0.0,0.0,-930.8235250433644,-10.8,-195.67655613595312,12725.12022387718,0.0,-7132.474803650225,15.131392527333679,-68.79459217317306,0.0,0.0,-4408.87519668656,-69.4125,-1060.6945238945543,1913.0235740464002,0.0,-729.0439029716646,27.991733676549345,-134.3,0.0,0.0,924.6705499526984,-111.93884413314527,-1890.4031105708382,8116.037163141509,0.0,-0.0,148.6969834929895,-216.2913833157008,0.0,0.0,-816.7281907995757,-22.728977823573853,-7208.985594695648,506.022273271311,0.0,-0.0,50.6415174321902,-12.009301575986177,0.0,0.0,1734.4723605053505,-30.871000000000002,-2248.255849632865,19326.469292145463,0.0,-2610.50050973604,443.92570189103554,-0.0,0.0,0.0,720.0,-19.512,-17860.38248430046,73325.1139231129,0.0,-3693.0,1565.7945972439902,-3255.2915375715006,0.0,0.0,3110.0,-50.6715,-71001.94548278542
t13,9539.627331569374,1830.0,-0.0,329.98003607491614,-115.6902524477352,0.0,0.0,2525.1351113589235,-39.019999999999996,-14070.032226555477,2051.4651066125275,0.0,-240.0,25.524800201570358,-0.0,0.0,0.0,-649.3195172391116,-17.911,-1169.7593895749872,341.6056,0.0,-0.0,19.339153239832726,-5.277244031320047,0.0,0.0,541.3878206731134,-11.644216683583046,-885.411113198043,5713.7436860725165,0.0,-394.4633939379375,38.256020902780115,-27.8432038208466,0.0,0.0,-3487.611941514709,-87.42808299315446,-1754.6530847086485,1103.4379099999996,0.0,-0.0,4.28273924459179,-0.0,0.0,0.0,-896.200882898949,-10.8,-200.71976634564265,12313.228745870494,1.9253053458162626,-7130.549498304409,23.39914629997324,-6.375194131796028,0.0,0.0,-4048.331391784788,-69.4125,-1083.8846132952908,1737.8269634139615,0.0,-729.0439029716646,43.28530271499295,-31.491193571170296,0.0,0.0,1023.1236578678122,-111.93884413314527,-1931.761983320787,8116.037163141509,0.0,-0.0,155.09161705916796,-155.09161705916796,0.0,0.0,-723.0477451033678,-22.72897782357385,-7370.260440214566,508.00073062094316,0.0,-0.0,45.25270921023918,-109.54599561138187,0.0,0.0,1884.8648886410765,-30.871000000000002,-2297.701332860877,18809.66507264535,0.0,-1490.0,461.2337959496603,-1009.357645064556,0.0,0.0,1189.1557602748408,-19.512,-17941.184983805295,74469.6250195076,0.0,-6639.144419997978,1609.7294327798477,-842.8981854536796,0.0,0.0,2640.8442397251592,-50.6715,-71187.48458656095
t14,11934.937493536008,601.1906991937487,-1228.8093008062513,404.29081356785883,-258.5,0.0,0.0,2630.687580967626,-39.019999999999996,-14044.77728645899,2281.457279361763,0.0,-240.0,25.832880132664005,-6.941878054622343,0.0,0.0,-862.5937591960684,-17.911,-1179.8435222437372,341.59045,0.0,-0.0,19.571340974540334,-0.0,0.0,0.0,543.9610661344028,-11.644216683583046,-893.47864042536,5525.698328078188,0.0,-394.4633939379375,37.56761294757668,-14.88803642843682,0.0,0.0,-3296.707023261823,-87.42808299315446,-1769.7794044044126,818.0175199999999,0.0,-0.0,4.46874842105318,-0.0,0.0,0.0,-609.9578600334726,-10.8,-201.72840838758054,12227.967772574015,211.7859871776339,-6920.6888164725915,23.6807724518681,-0.0,0.0,0.0,-4380.374219626651,-69.4125,-1092.9589961042745,1641.379026051529,0.0,-729.0439029716646,42.50416224033606,-16.838652623427983,0.0,0.0,1121.840242659579,-111.93884413314527,-1947.9020312232062,8116.037163141509,0.0,-0.0,156.95839857407248,-60.33572657840186,0.0,0.0,-756.1684466759668,-22.728977823573853,-7433.76241063764,527.7853041172651,0.0,-0.0,53.460447993176786,-13.822191381852864,0.0,0.0,1779.3124190323738,-30.871000000000002,-2315.864979760963,19528.615837465404,0.0,-3240.891985364924,433.2326122684861,-638.8481995674385,0.0,0.0,1920.0,-19.512,-17982.596264801523,76576.87603077662,0.0,-6639.144419997978,1619.4195701645663,-2484.9795263292435,0.0,0.0,1910.0,-50.6715,-70931.50015461397
t15,11998.42758125431,430.6063743807487,-1399.393625619251,441.80842685006405,-0.0,0.0,0.0,2533.553116492077,-39.019999999999996,-13965.981873357947,2390.4845099665577,0.0,-240.0,28.314869544792696,-0.0,0.0,0.0,-980.0364440007384,-17.911,-1180.851935510612,341.40430000000003,0.0,-0.0,21.449766360146054,-0.0,0.0,0.0,543.2772316522118,-11.644216683583046,-894.4870813287746,5446.857367522853,278.75759536150923,-115.70579857642838,42.43612452408736,-29.4,0.0,0.0,-3763.7209588083515,-87.42808299315446,-1771.7962470305147,984.54923,0.0,-0.0,4.897734184934817,-3.4,0.0,0.0,-772.5099137554162,-10.8,-202.73705042951846,12090.485772845228,373.3947344331857,-6759.08006921704,25.954719656550218,-0.0,0.0,0.0,-4567.375396857095,-69.4125,-1093.9672608608282,1631.6161754361897,0.0,-729.0439029716646,48.012613385307716,-33.3,0.0,0.0,1144.5734954943205,-111.93884413314527,-1949.9195372110087,7218.443927213688,0.0,-0.0,172.03055611985928,-81.71133887145746,0.0,0.0,155.79198627506918,-22.728977823573853,-7441.826152913586,459.33067981999125,0.0,-0.0,13.985690916396697,-0.0,0.0,0.0,1876.4468835079228,-30.871000000000002,-2318.8922542443106,18667.475271268144,0.0,-1490.0,517.4941990892415,-903.4875187862235,0.0,0.0,1320.0,-9.702,-18101.77995157116,76555.51389255551,0.0,-6639.144419997978,1768.3955403917973,-3365.2783901197445,0.0,0.0,2510.0,-40.8615,-70788.6251228296
t16,12512.955047271227,1059.5000333241903,-770.4999666758097,83.88666387079004,-1162.4855658625343,0.0,0.0,2356.4002841156907,-39.019999999999996,-14040.736496043552,2105.0123735827647,0.0,-240.0,5.9309389051296195,-78.66161072953435,0.0,0.0,-588.4766999133732,-17.911,-1185.894001844987,341.2393,0.0,-0.0,4.507697735885717,-59.59071427908478,0.0,0.0,623.0003372658006,-11.644216683583046,-897.5124040390185,5090.074382949221,0.0,-394.4633939379375,51.627155615235914,-97.75567374039665,0.0,0.0,-2783.1991916710963,-87.42808299315446,-1778.8551962218712,1085.36402,0.0,-0.0,1.0286451806225476,-11.277867031202334,0.0,0.0,-861.5777477199017,-10.8,-202.73705042951846,9818.254593016694,2030.7301995642497,-5101.744604085976,5.44611659746662,-72.10556087406215,0.0,0.0,-5512.159659574775,-69.4125,-1099.008584643597,1353.0787893339282,180.99965790003773,-548.0442450716268,58.40511260073735,-110.5773447467758,0.0,0.0,1137.075188272962,-111.93884413314527,-1958.9983141561195,7934.382344606658,0.0,-0.0,209.2697392331153,-396.21162847718773,0.0,0.0,-254.66222665961516,-22.728977823573853,-7470.049250879397,384.94068347382074,0.0,-0.0,71.28543502587667,-148.96257370075398,0.0,0.0,2053.5997158843093,-30.871000000000002,-2329.992260683252,16552.7828244172,0.0,-0.0,649.4751708692869,-649.4751708692869,0.0,0.0,1920.0,-19.512,-18453.2708244172,72624.71612527178,0.0,-2440.9148779393536,2139.714178728541,-2654.046763570721,0.0,0.0,1910.0,-50.6715,-71528.79716249029
t17,15042.370617230006,0.0,-1830.0,675.4036956654311,-1073.9545901701135,0.0,0.0,1584.149018533979,-39.019999999999996,-14358.948741259303,2189.562405527383,240.0,-0.0,43.37926817890439,-0.0,0.0,0.0,-1251.9936463244253,-17.911,-1203.037027381862,340.83675,0.0,-0.0,32.84824464167932,-32.84824464167932,0.0,0.0,581.4296024669918,-11.644216683583046,-910.6221357834087,3987.401662002313,180.82420744642025,-213.63918649151728,65.0070027367693,-6.9169145891946435,0.0,0.0,-2121.1829590634916,-87.42808299315446,-1804.065729048145,1077.05248,0.0,-0.0,7.500973233072022,-7.500973233072022,0.0,0.0,-860.4895034446679,-10.8,-205.76297655533216,6262.177598182498,3234.741778655221,-3897.7330249950037,39.754728550325254,-39.754728550325254,0.0,0.0,-4415.641295850813,-69.4125,-1114.1325559919035,1066.5377240089779,334.19776834662963,-394.84613462503495,73.54005786494298,-62.518526903147055,0.0,0.0,1082.2713534261302,-111.93884413314527,-1987.2433979853529,8102.899893888969,0.0,-0.0,263.49994967147046,-224.01440481434574,0.0,0.0,-545.7865282403181,-22.72897782357385,-7573.869932682201,351.7025999999999,0.0,-0.0,62.96347537175227,-136.7376623738413,0.0,0.0,2117.243958496615,-30.871000000000002,-2364.3013714945255,16133.91717629539,2129.818254867761,-0.0,863.9460251769824,-748.4303894989235,0.0,0.0,1320.0,-9.702,-19689.54906684121,67476.79390315687,4454.256023110902,-0.0,2780.3238946146294,-2780.3238946146294,0.0,0.0,2510.0,-40.8615,-74400.18842626778
t18,15053.750273522037,1830.0,-0.0,821.1451252974807,-709.4154672681086,0.0,0.0,-1160.0,-39.019999999999996,-15796.459931551408,1998.0197021175318,240.0,-0.0,7.392317745071269,-6.487147352888894,0.0,0.0,-953.4383960478535,-17.911,-1267.5754764618612,340.4354,0.0,-0.0,38.80379960664792,-0.0,0.0,0.0,591.4323162242467,-11.644216683583046,-959.0272991473108,2964.6066322129896,394.4633939379375,-0.0,77.01723284822764,-92.11380644013869,0.0,0.0,-1355.671194464825,-87.42808299315446,-1900.874175101036,1026.403584261432,0.0,-0.0,8.886665460152807,-0.0,0.0,0.0,-807.6322107049357,-10.8,-216.8580390166491,2123.413015372726,5506.049776805169,-1626.425026845056,46.963289059250656,-0.0,0.0,0.0,-4806.968377763515,-69.4125,-1173.6201766285753,675.8367767013817,334.19776834662963,-394.84613462503495,87.12607536478609,-11.021530961795927,0.0,0.0,1515.825857639959,-111.93884413314534,-2095.179968332781,6711.771530053157,0.0,-0.0,312.18003634802864,-0.0,0.0,0.0,973.8185223328962,-22.728977823573853,-7975.04111091051,351.7025999999999,0.0,-0.0,106.3430685248029,-106.3430685248029,0.0,0.0,2172.633482784027,-30.871000000000066,-2493.465082784026,16664.73688253054,2914.4328697501687,-0.0,1072.5024174679331,-240.23824036077417,0.0,0.0,1320.0,-9.702,-21721.731929387865,70578.0169653449,3693.0,-0.0,3398.846737594935,-0.0,0.0,0.0,2510.0,-40.8615,-80139.00220293985
t19,15547.334702514163,1830.0,-0.0,738.2349543894137,-258.5,0.0,0.0,-866.9338641407323,-39.019999999999996,-16951.115792762845,2189.3312021175316,240.0,-0.0,49.44861612253096,-59.6,0.0,0.0,-1022.7678824219533,-17.911,-1378.50093581811,340.40684999999996,0.0,-0.0,22.14472276757156,-45.1,0.0,0.0,737.9289789501508,-11.644216683583046,-1043.7363350341395,3203.4801522129897,0.0,-394.4633939379375,74.11068764297994,-0.0,0.0,0.0,-727.4272498573841,-87.42808299315446,-2068.272113067493,1096.0490242614317,0.0,-0.0,6.480664222160534,-1.2823408333286896,0.0,0.0,-854.4251098367945,-10.8,-236.02223781346925,2139.3006200000004,6033.702160237479,-1098.7726434127462,26.785032928163602,-0.0,0.0,0.0,-5755.139487955838,-69.4125,-1276.4631817970587,675.8431767013817,729.0439029716646,-0.0,40.029162250710264,-0.0,0.0,0.0,945.7956154321864,-111.93884413314527,-2278.773013222798,7084.247348961373,0.0,-0.0,300.4395304521844,-84.4806217442167,0.0,0.0,1399.1094090720374,-22.72897782357385,-8676.586688917803,351.7025999999999,0.0,-0.0,102.33147597538823,-25.593821148657984,0.0,0.0,2313.8595907583285,-30.870999999999995,-2711.428845585058,16467.622012209526,3240.891985364924,-0.0,938.0495414970432,-271.49073446080223,0.0,0.0,1320.0,-9.702,-21685.370804610688,71478.59032874809,6639.144419997978,-0.0,2663.922281947459,-1588.785176441137,0.0,0.0,2510.0,-40.8615,-81662.01035425237
t20,14544.991772007637,1830.0,-0.0,521.1414145365394,-118.2792666556073,0.0,0.0,-126.13432441866155,-39.019999999999996,-16612.699595469905,2364.3442499779835,240.0,-0.0,27.806502152947953,-19.6,0.0,0.0,-1218.1556428465728,-17.911,-1376.4841092843599,340.37829999999997,0.0,-0.0,25.671453047014513,-14.9,0.0,0.0,703.2223577672939,-11.644216683583046,-1042.727894130725,2912.3704522129897,394.4633939379375,-0.0,41.67446386713509,-29.4,0.0,0.0,-1166.4333778965665,-87.42808299315446,-2065.2468491283403,1333.8739656059442,0.0,-0.0,5.860994398041761,-10.3,0.0,0.0,-1082.612722190517,-10.8,-236.02223781346925,2116.53118,6284.8618696509175,-847.6129339993076,31.053704010070618,-18.0,0.0,0.0,-6221.966402621176,-69.4125,-1275.4549170405048,675.8495767013817,729.0439029716646,-0.0,47.151215412703856,-33.3,0.0,0.0,967.9321502945845,-111.93884413314527,-2274.738001247193,6526.730724731226,0.0,-0.0,168.85381695703757,-0.0,0.0,0.0,1998.6912861306496,-22.72897782357385,-8671.546849995339,351.7025999999999,0.0,-0.0,70.09511233184664,-0.0,0.0,0.0,2315.4566757809657,-30.871000000000002,-2706.3833881128116,17159.932833395556,2093.8799673315857,-0.0,617.254413222123,-0.0,0.0,0.0,1320.0,-9.702,-21181.365213949266,72179.53669426906,5042.167637835678,-0.0,2264.3719608908104,-1411.4,0.0,0.0,2510.0,-40.8615,-80543.81479299556
t21,14214.782143894063,1830.0,-0.0,446.5763114358651,-258.5,0.0,0.0,-40.77876961610809,-39.019999999999996,-16153.05968571382,2190.4320499779838,102.78128135793142,-137.21871864206858,29.18645882886411,-19.6,0.0,0.0,-793.3710541096013,-17.911,-1354.2990174131103,340.37829999999997,0.0,-0.0,22.130006502069207,-0.0,0.0,0.0,673.7118680507753,-11.644216683583046,-1024.5759578692616,2712.9823200000005,394.4633939379375,-0.0,43.75198949061187,-29.4,0.0,0.0,-1003.4090959507867,-87.42808299315446,-2030.960524484608,1199.0397756059444,0.0,-0.0,3.406516535081112,-3.4,0.0,0.0,-956.2586224953077,-10.8,-231.98766964571763,2093.7729200000003,6252.782701973924,-879.6921016763008,21.3378067641606,-54.6,0.0,0.0,-6109.907469908909,-69.4125,-1254.281357152876,675.8559767013817,729.0439029716646,-0.0,49.51540726351088,-33.3,0.0,0.0,928.2376976694359,-111.93884413314527,-2237.414140472849,7689.914118883153,0.0,-0.0,177.40942198092276,-437.1054892373127,0.0,0.0,1117.9024474406312,-22.728977823573853,-8525.391521243819,351.7025999999999,0.0,-0.0,60.41413810557178,-74.14446616284417,0.0,0.0,2353.87299891987,-30.871000000000002,-2660.9742708625968,16037.655866546063,3240.891985364924,-0.0,519.5213601525703,-464.33861982145856,0.0,0.0,1320.0,-9.702,-20644.0285922421,69477.41076855901,6639.144419997978,-0.0,1891.161400558647,-1411.4,0.0,0.0,2510.0,-40.8615,-79065.45508911565
t22,12811.638833161962,1830.0,-0.0,254.83374275584646,-0.0,0.0,0.0,659.1826193645111,-39.019999999999996,-15516.635195282319,1999.8127999779845,240.0,-0.0,23.379753562679554,-0.0,0.0,0.0,-932.3274800694285,-17.911,-1312.9540734712357,340.34975,0.0,-0.0,17.72951700770127,-14.9,0.0,0.0,662.7876804427045,-11.644216683583046,-994.3227307668228,2551.1923100000004,0.0,-394.4633939379375,35.04855694370117,-89.3,0.0,0.0,-44.59414431105779,-87.42808299315446,-1970.4552457015511,1049.6178356059443,0.0,-0.0,4.047500217892477,-13.700000000000001,0.0,0.0,-804.2381604716845,-10.8,-224.92717535215232,2116.5870800000002,7132.474803650225,-0.0,16.167376866232733,-18.0,0.0,0.0,-7960.841199356071,-69.4125,-1216.9755611603869,675.8623767013817,62.857314844383694,-666.1865881272809,39.66710535209526,-0.0,0.0,0.0,2170.5750782379355,-111.93884413314527,-2170.8364428753703,8116.037163141509,0.0,-0.0,142.1231475823193,-119.3,0.0,0.0,153.23637108228291,-22.728977823573853,-8269.367703982536,351.7025999999999,0.0,-0.0,35.814299214750314,-40.6,0.0,0.0,2266.2192350808077,-30.870999999999995,-2582.2651342955573,15984.736038060575,2344.147727631596,-0.0,406.91808224430235,-331.3,0.0,0.0,1320.0,-9.702,-19714.799847936472,69061.15264133485,3693.0,-0.0,1514.491554960473,-0.0,0.0,0.0,2510.0,-40.8615,-76737.78269629534
t23,14130.887752312477,619.7857152661029,-1210.214284733897,258.3450103730442,-258.5,0.0,0.0,997.071817374187,-39.019999999999996,-14498.356010591917,1776.6870999779844,240.0,-0.0,17.025850235963837,-79.2,0.0,0.0,-683.1442594883367,-17.911,-1253.4576907256114,340.3212,0.0,-0.0,8.420501068995529,-60.0,0.0,0.0,671.8454057277523,-11.644216683583046,-948.9428901131645,2592.74968,394.4633939379375,-0.0,25.52494002305812,-115.0041525231498,0.0,0.0,-930.608450917724,-87.42808299315446,-1879.6973275269659,1065.0713956059444,0.0,-0.0,2.9763350316301063,-0.0,0.0,0.0,-842.4069757048011,-10.8,-214.84075493277328,2093.82882,6447.295011955811,-685.1797916944143,15.766833930433005,-54.6,0.0,0.0,-6587.185639398453,-69.4125,-1160.5127347933765,675.8687767013816,729.0439029716646,-0.0,29.1672592382123,-101.0,0.0,0.0,850.8375546949401,-111.93884413314527,-2071.9786494730533,7867.896762511273,0.0,-0.0,104.50229979391031,-481.2,0.0,0.0,419.88579696248235,-22.728977823573853,-7888.355881444091,351.7025999999999,0.0,-0.0,35.583261683945196,-163.9,0.0,0.0,2273.704750749953,-30.870999999999995,-2466.219612433897,15648.181034182348,2469.9594777996217,-0.0,286.4557811803138,-1417.1682802918924,0.0,0.0,1320.0,-9.702,-18297.72601287039,67192.3475389891,6639.144419997978,-0.0,1109.2535845111875,-4275.727148875312,0.0,0.0,2510.0,-40.8615,-73134.15689462297
t24,13962.172525793358,1830.0,-0.0,168.23203329487438,-591.4646124187858,0.0,0.0,-2056.933629559133,-39.019999999999996,-13272.986317110312,1883.1844045338526,0.0,-240.0,11.199529122709443,-0.0,0.0,0.0,-471.75561041595006,-17.911,-1164.7173232406124,340.29265,0.0,-0.0,8.494306155944832,-0.0,0.0,0.0,544.2346101120227,-11.644216683583046,-881.3773495843844,2642.462873474543,394.4633939379375,-0.0,16.789867623479555,-0.0,0.0,0.0,-1219.7023378385647,-87.42808299315446,-1746.585714204241,934.3051856059444,0.0,-0.0,1.939120456978015,-2.519532166967747,0.0,0.0,-723.2136495922498,-10.8,-199.71112430370474,2087.1026096942487,4678.310142623727,-2454.1646610264984,10.272585520884506,-18.0,0.0,0.0,-3155.2648872998398,-69.4125,-1078.843289512522,675.8751767013816,729.0439029716646,-0.0,19.003340607577876,-119.38297103076536,0.0,0.0,733.1088602406667,-111.93884413314534,-1925.70946535738,6709.665640875835,0.0,-0.0,68.08661344977648,-0.0,0.0,0.0,570.8865811948247,-22.728977823573853,-7325.909857696864,351.7025999999999,0.0,-0.0,23.184212230408033,-0.0,0.0,0.0,1948.6400631582233,-30.871000000000066,-2292.6558753886306,13643.42050854949,1798.0918133285338,-0.0,185.40360557966693,-0.0,0.0,0.0,1320.0,-9.702,-16937.21392745769,59618.00741892964,6639.144419997978,-0.0,732.8032381307876,-0.0,0.0,0.0,2510.0,-40.8615,-69459.0935770584
t25,11242.490087817045,1057.6204621076108,-772.3795378923893,192.52405664022646,-596.6067666376748,0.0,0.0,1199.3745608970187,-39.019999999999996,-12284.002862931835,1879.6983494779302,240.0,-0.0,13.117577516888492,-62.290410042955315,0.0,0.0,-1000.0,-12.7,-1057.8255169518634,338.17995,0.0,-0.0,9.946914831902943,-0.0,0.0,0.0,459.0084291628944,-6.433216683583045,-800.7020773112142,2823.232080608451,394.4633939379375,-0.0,8.887576546687837,-110.23843806943374,0.0,0.0,-1464.0880823054258,-66.00980528907625,-1586.2467254291403,1045.9037262528057,0.0,-0.0,2.270818713098466,-2.421452021635195,0.0,0.0,-858.4033030995246,-5.794222295921791,-181.5555675488225,2081.9531200000006,4311.29094214446,-0.0,12.030500008727877,-67.41945187924514,0.0,0.0,-5314.796539824806,-43.025227078884114,-980.0333433702535,676.5247767013817,0.0,-0.0,22.25521821640064,-0.0,0.0,0.0,1149.3355087372138,-101.96407121202938,-1746.1514324429675,6691.16126191928,0.0,-0.0,79.73829647947582,-326.4255868114605,0.0,0.0,242.93799730557748,-22.728977823573853,-6664.682991069299,351.7025999999999,0.0,-0.0,27.15316086040435,-28.914985905408507,0.0,0.0,1756.6314291270523,-30.870999999999995,-2075.701204082048,11837.752456001315,2344.8376268508655,-0.0,227.84879821844697,-0.0,0.0,0.0,845.3647801425316,-17.46228584466961,-15238.341375368489,55530.262255132744,0.0,-0.0,823.9357273517359,-2783.1363457800685,0.0,0.0,2984.6352198574687,-48.62178584466961,-56507.07507071723
t26,12322.727113999035,0.0,-0.0,91.59083910915014,-131.8717608172986,0.0,0.0,-843.3462327361336,-39.019999999999996,-11400.07995955475,1830.678600557414,198.95237586268274,-41.04762413731726,6.311169653459947,-0.0,0.0,0.0,-1000.0,-12.7,-982.1945219362393,338.15139999999997,0.0,-0.0,4.788157971806547,-52.30839254993339,0.0,0.0,455.76309600414163,-2.1648747060196727,-744.2293867199951,2948.190030608451,0.0,-0.0,9.462133607906956,-89.3,0.0,0.0,-1352.1730858589924,-41.86711867687974,-1474.3119596804852,919.6186362528057,0.0,-0.0,1.0930029690006786,-10.3,0.0,0.0,-731.1684182181764,-10.8,-168.44322100362976,2071.436332,2121.1685920595096,-1166.7,5.78974809867392,-0.0,0.0,0.0,-2086.507156911436,-34.72444007870404,-910.4630751680442,676.5311767013817,0.0,-0.0,10.710571895318456,-16.110031671998783,0.0,0.0,1020.735012135457,-68.78316187313797,-1623.0835671870216,7064.417479792376,0.0,-0.0,38.374241990854834,-0.0,0.0,0.0,-887.948676033192,-21.888977823573853,-6192.954067926463,351.7025999999999,0.0,-0.0,13.065875768579522,-0.0,0.0,0.0,1594.6454616183319,-30.031,-1929.3829373869112,12793.250539163928,0.0,-0.0,110.47732596088852,-263.80607922935684,0.0,0.0,1920.0,-19.512,-14540.409785895457,54584.58019899557,0.0,-119.27417309087656,460.6828015174152,-2367.7895965512516,0.0,0.0,1910.0,-50.6715,-54417.52773087086
t27,12660.360621903146,0.0,-0.0,55.20239477962976,-922.0360309485475,0.0,0.0,-805.9853551046864,-39.019999999999996,-10948.521630629542,2037.613250557414,0.0,-88.77410882906729,3.7094536739353563,-5.04949700916746,0.0,0.0,-1000.0,-12.7,-934.7990983931148,338.12284999999997,0.0,-0.0,2.8121982673060364,-0.0,0.0,0.0,373.4236826133456,-6.433216683583048,-707.9255141970685,2814.80429060845,0.0,-0.0,5.560460567215815,-7.574245513751189,0.0,0.0,-1340.0692975279442,-71.01558299315447,-1401.705625140817,824.8159462528056,0.0,-0.0,0.6420342305794569,-0.8759331546514981,0.0,0.0,-653.4079626606069,-10.8,-160.37408466812653,2094.261672,1339.5647721823686,-1166.7,3.4016305927292785,-4.6372931716844015,0.0,0.0,-1346.7913557237348,-53.0,-866.0994258796788,676.5375767013817,0.0,-0.0,6.2926446021804425,-0.0,0.0,0.0,955.65899709117,-95.0971377259059,-1543.3920806688272,7794.1680519731235,0.0,-0.0,22.54611963756051,-392.63494863233046,0.0,0.0,-1529.4761867680231,-5.047271416334476,-5889.555764793998,351.7025999999999,0.0,-0.0,7.678022698786181,-10.459672376132595,0.0,0.0,1516.6474780804797,-30.031,-1835.5374284031336,13198.04026045321,0.0,-0.0,68.20490720660293,-568.4886729515356,0.0,0.0,1581.9090051041899,-13.984212233453501,-14265.681287579011,54895.79405508958,0.0,-1771.914474635636,262.5758986869546,-2327.7737255767615,0.0,0.0,2248.09099489581,-45.1437122334535,-53261.6290362265
t28,11585.606876319014,650.6369233994862,-1179.3630766005138,47.17986246396804,-44.3148765455953,0.0,0.0,-333.7824913523989,-24.939999999999998,-10701.023217683958,1964.4265399293147,0.0,-0.0,3.1892739488964263,-49.3607002244707,0.0,0.0,-1000.0,-12.7,-905.5551136537401,338.0943,0.0,-0.0,2.419148508518009,-28.09781085856599,0.0,0.0,379.7573933555778,-6.433216683583046,-685.7398143219467,2724.236878605238,0.0,-0.0,4.781340553942585,-0.0,0.0,0.0,-1324.8730066153596,-45.80170386419452,-1358.3435086796262,795.0641562528056,0.0,-0.0,0.5522447254485838,-0.0,0.0,0.0,-629.4855265198171,-10.8,-155.33087445843702,2071.4922320000005,0.0,-0.0,2.9254629248939517,-0.0,0.0,0.0,-1228.6609163406592,-6.880501131507692,-838.8762774527273,676.5439767013817,0.0,-0.0,5.411849374113605,-5.351277756129924,0.0,0.0,858.7922158032115,-39.4160741671061,-1495.9806899554712,7696.24650017335,0.0,-0.0,19.389917916185397,-0.0,0.0,0.0,-2005.9351075718,-6.61958585498694,-5703.0817246627485,351.7025999999999,0.0,-0.0,6.60231402793937,-3.433048555207447,0.0,0.0,1454.187439241245,-30.03099999999999,-1779.0283047139771,13558.918932862496,0.0,-0.0,58.96978959764354,-735.2276844354801,0.0,0.0,1320.0,-9.702,-14192.959038024657,54967.87233180018,0.0,-2158.309136214363,226.81825225549545,-2533.6097260664487,0.0,0.0,2510.0,-40.8615,-52971.910221774866
t29,10030.365261060539,0.0,-1830.0,21.647852910685543,-198.75723962199586,0.0,0.0,2611.726792533341,-39.019999999999996,-10595.962666882568,1851.5199599999996,144.1502077964401,-95.8497922035599,1.5006386723549143,-1.2173394152445918,0.0,0.0,-1000.0,-12.7,-887.4036748499904,338.0943,0.0,-0.0,1.13980217233003,-0.9254263922012457,0.0,0.0,339.7461825775963,-6.433216683583045,-671.621641674142,2696.7133086052377,0.0,-0.0,2.25048267420836,-4.312009800775728,0.0,0.0,-1297.6299398109595,-64.89728712740884,-1332.1245545403015,850.5998162528056,0.0,-0.0,0.2601305584257259,-0.2874966770370769,0.0,0.0,-693.5857976673165,-4.681704134254386,-152.30494833262333,2094.3175720000004,3432.1095010841345,-0.0,1.377497310011968,-1.5220412313727598,0.0,0.0,-4672.253866164387,-31.284621650520563,-822.7440413478672,676.5503767013817,0.0,-0.0,2.548322490089739,-25.27720948272346,0.0,0.0,903.1288292072545,-90.22346578366583,-1466.7268531323366,7084.457548412819,0.0,-0.0,9.129856971588257,-10.087751050153905,0.0,0.0,-1469.4054081421882,-21.888977823573853,-5592.2052683684915,351.7025999999999,0.0,-0.0,3.1077188673688765,-28.333332431324266,0.0,0.0,1448.2732074666592,-30.031,-1744.7191939027036,13655.507386516594,0.0,-448.3573450235637,27.27021316707914,-251.7661234982137,0.0,0.0,1320.0,-9.702,-14292.952131161894,54785.84798006793,0.0,-3693.0,125.95850085553059,-303.28466732709967,0.0,0.0,2510.0,-40.8615,-53384.66031359637
t30,9649.359388202616,0.0,-0.0,38.62469879671768,-42.732597525011585,0.0,0.0,1044.3446144706932,-24.939999999999998,-10664.656103945015,2054.34896,240.0,-0.0,2.5954356021607445,-0.0,0.0,0.0,-1397.7835317501945,-13.774015535725525,-885.3868483162404,338.06575,0.0,-0.0,1.9701013115427872,-0.0,0.0,0.0,338.08458167849307,-7.507232219308573,-670.6132007707273,2700.7082986052383,0.0,-0.0,3.891731717801007,-5.6172495887193685,0.0,0.0,-1288.2444299046133,-81.6390602285583,-1329.0992906011486,898.8725062528056,0.0,-0.0,0.44967735908171946,-0.6479022481949553,0.0,0.0,-742.3669978376032,-5.010977235403821,-151.2963062906854,2117.1317320000003,2674.2025474888005,-0.0,2.381648384860944,-5.957507213239989,0.0,0.0,-3911.698408825662,-55.332499999999996,-820.7275118347596,676.5567767013816,0.0,-0.0,4.405907343448737,-0.0,0.0,0.0,894.6767542389475,-111.93884413314527,-1463.700594150633,5763.841393488785,0.0,-0.0,15.785367966264396,-0.0,0.0,0.0,-182.66796759936733,-21.888977823573853,-5575.069816032106,351.7025999999999,0.0,-0.0,5.374025384498513,-0.0,0.0,0.0,1415.6553855293068,-30.03099999999999,-1742.7010109138052,12904.878641366982,0.0,-0.0,49.64369355504638,-32.03351075625762,0.0,0.0,1825.7783109500915,-17.971475384033994,-14730.295659731826,54741.82888009525,0.0,-1461.2105618194637,197.49672448855918,-372.74038252970774,0.0,0.0,2004.2216890499085,-49.130975384033995,-55060.46537390051
t31,9998.577179469581,0.0,-0.0,92.88919660271995,-0.0,0.0,0.0,1009.2173861895093,-39.019999999999996,-11061.66376226181,2255.389359999999,90.41136163551141,-149.5886383644886,6.257420023141405,-6.275708719693943,0.0,0.0,-1277.1902671992918,-13.448413721438087,-905.5551136537401,338.0372,0.0,-0.0,4.750874539469436,-4.770819383848966,0.0,0.0,354.9041895713474,-7.181630405021134,-685.7398143219467,2665.0024586052377,0.0,-0.0,9.383227648162938,-9.413563079540912,0.0,0.0,-1219.2005315010788,-87.42808299315446,-1358.3435086796262,970.7600162528056,0.0,-0.0,1.084345405148322,-1.2998144723872969,0.0,0.0,-804.4136727271296,-10.8,-155.33087445843702,2126.7707800000003,3828.436498870359,-0.0,5.7427008883493516,-6.881370736168041,0.0,0.0,-5046.788096326367,-69.4125,-837.8680126961735,676.5631767013816,0.0,-0.0,10.623706404791383,-10.662301039071853,0.0,0.0,914.08298935311,-92.60937547693779,-1497.9981959432737,4926.490923094888,0.0,-0.0,38.06202255575467,-45.608196045824855,0.0,0.0,775.6088385958708,-2.5595091673663735,-5691.994079033322,352.8896744097792,0.0,-0.0,12.957237726215645,-15.521313993801247,0.0,0.0,1463.7791640440296,-30.031,-1784.0737621862233,12335.824720723895,1750.8919853649243,-0.0,121.10532381516879,-0.0,0.0,0.0,1320.0,-9.702,-15518.120029903988,54153.49554043067,1020.7763907227925,-0.0,481.9404841843558,-370.10369194881946,0.0,0.0,2510.0,-40.8615,-57755.24722338899
t32,11175.436356797907,0.0,-0.0,199.66611521183628,-25.176680831923846,0.0,0.0,369.0918687039093,-23.96,-11695.057659881732,2457.4052599999995,114.33809196297003,-125.66190803702997,13.38385529612001,-0.0,0.0,0.0,-1503.5477290922709,-14.059578868549131,-941.8579912612397,338.00865,0.0,-0.0,10.16361286014473,-0.0,0.0,0.0,372.58825140612913,-7.792795552132178,-712.9677187141417,2563.769698605238,315.4689306794774,-0.0,20.07057137914689,-0.0,0.0,0.0,-1398.07443677328,-87.42808299315446,-1413.8066808974284,967.6333200000001,0.0,-0.0,2.3196683730896073,-0.0,0.0,0.0,-797.7702616630254,-10.8,-161.38272671006445,2149.58494,3817.9639393287325,-0.0,12.284276021086006,-0.0,0.0,0.0,-5038.271640930818,-69.4125,-872.1490144190013,676.5695767013817,729.0439029716646,-0.0,22.725389482505797,-0.0,0.0,0.0,213.56767268912427,-83.38316626733085,-1558.5233755773452,3318.6951745749907,0.0,-0.0,81.41866766048332,-9.30216686603149,0.0,0.0,2543.424229624071,-8.393299957759433,-5925.842605035754,449.0427016019038,0.0,-0.0,27.715510654053684,-0.0,0.0,0.0,1408.9920460361604,-30.031,-1855.719258292118,13017.119400907539,1596.792895073193,-0.0,259.5203235943522,-0.0,0.0,0.0,1320.0,-9.702,-16183.730619575084,54931.115135602835,2259.4398374760053,-0.0,1060.2106598357577,-0.0,0.0,0.0,2510.0,-40.8615,-60719.90413291461
t33,12421.054822844893,0.0,-0.0,328.4428980284106,-65.35929520341905,0.0,0.0,-237.71572455525896,-9.879999999999999,-12436.542701114624,2251.2095558103592,0.0,-0.0,21.95322804088282,-0.0,0.0,0.0,-1273.496169190688,-13.438439656814857,-986.2281750037392,338.03225,0.0,-0.0,16.668550716915046,-0.0,0.0,0.0,399.72556505372194,-7.171656340397913,-747.254709430239,2840.249279864877,394.4633939379375,-0.0,32.92005030255905,-0.0,0.0,0.0,-1699.8421535534258,-87.42808299315448,-1480.3624875587907,873.1026300000001,0.0,-0.0,3.8044162230809313,-0.0,0.0,0.0,-696.6551831775134,-10.8,-169.45186304556765,5604.424227755767,559.3854696509965,-1166.7,20.147938893086227,-0.0,0.0,0.0,-4082.694179457184,-21.07558740496023,-913.4878694377055,1169.8376947668532,729.0439029716647,-0.0,37.27270777633301,-0.0,0.0,0.0,-254.57812941676684,-49.413831965952156,-1632.1623441321324,3447.607110518356,0.0,-0.0,133.5383464073334,-0.0,0.0,0.0,2630.5691670971255,-8.680878251420513,-6203.033745771395,544.4043458541755,0.0,-0.0,45.45915674948342,-0.0,0.0,0.0,1384.6868071999902,-30.031,-1944.5193098036495,16278.55375752962,0.0,-536.4212981571224,422.4342335788782,-114.69654559862015,0.0,0.0,720.0,-19.512,-16750.358147352756,57572.407246762814,340.417290612349,-0.0,1705.3374685294052,-0.0,0.0,0.0,3110.0,-50.6715,-62677.490505904585
t34,13180.69229809753,0.0,-1830.0,410.6846515130864,-615.4115136243117,0.0,0.0,2164.0204859162877,-39.019999999999996,-13270.965921902593,2298.199126483622,0.0,-240.0,26.82244505092819,-10.561061793488479,0.0,0.0,-1015.8670183260732,-17.911,-1040.6824914149886,338.4837,0.0,-0.0,20.353493647499363,-8.027572810334629,0.0,0.0,448.4269414132424,-11.644216683583046,-787.5923455668241,3641.5771456901603,0.0,-0.0,40.21587454286673,-15.841117355908708,0.0,0.0,-2017.4876272810966,-87.42808299315446,-1561.0361926028665,856.7905900000001,0.0,-0.0,4.645973781549064,-1.7828771746778438,0.0,0.0,-670.3240451838625,-10.8,-178.5296414230088,10143.550879530745,0.0,-2098.3720291024697,24.60889157304249,-9.69829405391014,0.0,0.0,-7026.775840682014,-69.4125,-963.9011072653934,1634.4916963868695,0.0,-729.0439029716645,45.52467010677606,-17.941796466301355,0.0,0.0,899.8407846729033,-111.93884413314527,-1720.9326075954375,3838.084266546507,0.0,-0.0,163.10641641137647,-64.27824872420226,0.0,0.0,2634.583239442468,-22.72897782357385,-6548.766695852576,546.3828032038077,0.0,-0.0,55.5328185528111,-38.4223902529058,0.0,0.0,1515.8335022282063,-30.871000000000002,-2048.4557337319193,17287.86901779087,0.0,-2502.585795802103,511.6448917350551,-216.77084278228074,0.0,0.0,1920.0,-19.512,-16980.645270941543,65870.49189720837,0.0,-4574.244720229128,1999.0209730771428,-880.4258488221874,0.0,0.0,1147.7495777999393,-50.6715,-63511.92037903412
t35,13177.566383184101,0.0,-1830.0,281.95652751835837,-502.9821855597108,0.0,0.0,2741.0742740903047,-39.019999999999996,-13828.594999233052,2446.236243661342,0.0,-240.0,29.721938648660235,-16.964664339144548,0.0,0.0,-1107.9625366783698,-17.911,-1093.119981292488,338.75835,0.0,-0.0,22.54280640339938,-12.893647647311083,0.0,0.0,490.15824872748954,-11.644216683583046,-826.9215407999945,4249.477841232631,0.0,-394.4633939379375,44.55795992499011,-25.4455748232767,0.0,0.0,-2147.005694382432,-87.42808299315446,-1639.6930550208406,809.4460083840203,0.0,-0.0,5.1461727673797455,-2.99125810597241,0.0,0.0,-613.1935032449777,-10.8,-187.60741980044992,11648.018182387548,0.0,-7132.474803650225,27.262054449422344,-15.577878857601167,0.0,0.0,-3445.517238749169,-69.4125,-1012.2978155799739,1866.541605866106,0.0,-729.0439029716646,50.43230592663132,-28.818933718018148,0.0,0.0,759.5043811071282,-111.93884413314527,-1806.676612077039,4746.440495684881,0.0,-0.0,180.69265986764924,-103.24705104392599,0.0,0.0,2077.2150346968356,-22.728977823573853,-6878.372161381865,522.2456235382949,0.0,-0.0,54.504304229377624,-64.43067900607765,0.0,0.0,1668.9257259096953,-30.871000000000002,-2150.3739746712904,17751.237085750767,0.0,-2969.9671131781715,550.0856097090225,-299.6798110429764,0.0,0.0,1920.0,-19.512,-16932.16377123864,69749.96058151315,745.8855312019339,-5378.867385996036,2081.8755377020925,-1380.3762133343062,0.0,0.0,-2343.198691476505,-50.6715,-63424.60785961034
t36,13211.764630401054,0.0,-1830.0,505.52314242999245,-571.5582652118607,0.0,0.0,2684.2213777194643,-39.019999999999996,-13960.930885338648,2486.58265043961,0.0,-240.0,32.9810311802679,-24.435915143044816,0.0,0.0,-1112.835973911221,-17.911,-1124.3807925656126,338.7514,0.0,-0.0,22.434705812290403,-22.975475366706103,0.0,0.0,524.5577087199445,-11.644216683583046,-851.1241224819456,4491.744032682222,0.0,-394.4633939379375,49.43857227210584,-36.64575876298493,0.0,0.0,-2335.556512526015,-87.42808299315446,-1687.088856734235,769.7300183840201,0.0,-0.0,5.708413256421492,-3.6989458145641025,0.0,0.0,-568.2888558157382,-10.8,-192.65063001013942,11210.730406310302,0.0,-7132.474803650225,30.244287473969777,-19.58470305584466,0.0,0.0,-2977.965193558169,-69.4125,-1041.5374935200327,2025.9757241785035,0.0,-729.0439029716646,55.948634377014486,-36.2314104146577,0.0,0.0,653.4128137299504,-111.93884413314527,-1858.1230147659999,5689.334922358532,0.0,-0.0,200.46011047430207,-129.8037369214319,0.0,0.0,1348.7512068996439,-22.72897782357385,-7086.013524987472,513.9361026698398,0.0,-0.0,40.65755639896997,-40.6,0.0,0.0,1725.7786222805357,-30.871000000000002,-2208.9012813493455,18022.638769975067,0.0,-3240.891985364924,595.8517939264907,-542.878899841035,0.0,0.0,1920.0,-19.512,-16735.2076786956,70652.91132222432,0.0,-6639.144419997978,2181.066482551585,-1523.2367922355363,0.0,0.0,-1862.075193538395,-50.6715,-62758.84989900402
t37,13085.470079787074,0.0,-1830.0,574.0951420349977,-655.8091234492707,0.0,0.0,2756.4911522995426,-39.019999999999996,-13891.227250672342,2307.8575331026723,0.0,-240.0,28.11586911701804,-17.493181819500325,0.0,0.0,-925.0958818989527,-17.911,-1135.4733385012375,338.949,0.0,-0.0,21.26594635611174,-14.9,0.0,0.0,525.5209200367342,-11.644216683583046,-859.1916497092627,4833.18356473629,0.0,-394.4633939379375,42.14725733894385,-17.20604866532606,0.0,0.0,-2673.0096987357674,-87.42808299315446,-1703.22359774305,720.3495783840202,0.0,-0.0,4.269595048565417,-4.945342351224653,0.0,0.0,-514.2059169873457,-10.8,-194.66791409401523,11395.844937756714,0.0,-7132.474803650225,34.24134318699782,-59.40173866637224,0.0,0.0,-3117.1770975415425,-69.4125,-1051.6201410855704,2058.7644843706876,0.0,-729.0439029716646,63.34228147046544,-109.88563379676916,0.0,0.0,704.0334307227477,-111.93884413314527,-1875.2718156623203,6564.115462848682,0.0,-0.0,226.95382144883447,-393.7192165450569,0.0,0.0,779.9342444041267,-22.728977823573853,-7154.555334333013,530.1594529368238,0.0,-0.0,77.29490209549826,-0.0,0.0,0.0,1653.5088477004574,-30.871000000000002,-2230.0922027327792,17738.83617207525,0.0,-3240.891985364924,665.7792723729666,-621.9128410927292,0.0,0.0,1920.0,-19.512,-16442.298617990564,70408.10675440094,0.0,-6639.144419997978,1858.0946818093612,-2764.215539780204,0.0,0.0,-1110.0,-50.6715,-61702.16997643214
t38,12739.22365559616,0.0,-1830.0,604.4191747882085,-593.2261338531707,0.0,0.0,2751.219967553107,-39.019999999999996,-13632.616664084302,2173.2591877411937,0.0,-240.0,28.004282139500443,-79.2,0.0,0.0,-736.7464375144569,-17.911,-1127.4060323662377,339.03805,0.0,-0.0,29.83856020317558,-14.9,0.0,0.0,511.81705167259713,-11.644216683583046,-854.1494451921895,5329.515364374657,0.0,-394.4633939379375,44.85012371441711,-118.69999999999999,0.0,0.0,-3081.6430478584916,-87.42808299315446,-1692.1309632994896,641.78818,0.0,-0.0,6.812557124368951,-3.4,0.0,0.0,-440.7414650722917,-10.8,-193.6592720520773,9659.894398190889,0.0,-7132.474803650225,27.59503300169831,-72.6,0.0,0.0,-1368.4398397526656,-69.4125,-1044.5622877896942,1987.4387959988671,0.0,-729.0439029716646,66.77492837315914,-134.3,0.0,0.0,784.2358024682885,-111.93884413314527,-1863.166779735506,7575.175961789628,0.0,-0.0,239.25217767846078,-481.2,0.0,0.0,-205.3342487516711,-22.72897782357385,-7105.164912892844,547.1741861436606,0.0,-0.0,81.48170321993601,-40.6,0.0,0.0,1658.780032446893,-30.871000000000002,-2215.96492181049,18792.952911046406,0.0,-3240.891985364924,155.91994424021976,-1481.3,0.0,0.0,1920.0,-19.512,-16127.1688699217,71342.57284697938,0.0,-6639.144419997978,2497.051210204463,-4910.6,0.0,0.0,-1793.147815191308,-50.6715,-60446.06032199458
t39,11759.710602500507,0.0,-1830.0,558.8662992328309,-424.69248589888707,0.0,0.0,3331.9683023962034,-39.019999999999996,-13356.832718230653,2365.937220756247,0.0,-240.0,36.064728278508426,-0.0,0.0,0.0,-1027.777462604143,-17.911,-1116.3134864306128,338.98290000000003,0.0,-0.0,27.32314636372015,-45.1,0.0,0.0,535.5116473813209,-11.644216683583046,-845.0734770614579,5852.773060842058,0.0,-394.4633939379375,54.05222029470232,-29.4,0.0,0.0,-3720.5460032280434,-87.42808299315446,-1674.9878009776237,644.03964,0.0,-0.0,6.238726939370933,-10.3,0.0,0.0,-437.5363789711695,-10.8,-191.64198796820153,8241.58839690952,0.0,-7132.474803650225,33.06022882471222,-0.0,0.0,0.0,-38.281681859850664,-69.4125,-1034.4796402241566,1646.443977170723,0.0,-729.0439029716646,58.9303007973551,-33.3,0.0,0.0,1011.9001889942133,-111.93884413314527,-1842.991719857482,7730.20660817339,0.0,-0.0,211.1492151936562,-281.69221335526146,0.0,0.0,-599.3035608564132,-22.72897782357385,-7037.631071331797,457.74791394028546,0.0,-0.0,66.22780821481203,-123.3,0.0,0.0,1820.9329122941622,-30.871000000000002,-2190.7376344492595,18088.32759281148,0.0,-3240.891985364924,651.4071729286742,-710.0562884052406,0.0,0.0,1177.0987853096344,-19.512,-15946.373277279627,69563.40949043108,0.0,-6639.144419997978,2278.0369267840547,-3776.7443016685743,0.0,0.0,-2053.9667488559135,-50.6715,-59320.919446692686
t40,12731.394695666326,0.0,-1830.0,551.3071807793136,-696.6740350482951,0.0,0.0,2454.958715327017,-39.019999999999996,-13171.96655672436,2297.1961824473615,0.0,-240.0,7.9469991805735924,-79.2,0.0,0.0,-860.7944145991975,-17.911,-1107.2377670287378,338.68015,0.0,-0.0,6.041341213803393,-60.0,0.0,0.0,564.9371162073351,-11.644216683583046,-838.0143907375555,5467.352070827263,0.0,-394.4633939379375,11.920498770860384,-101.22049877086039,0.0,0.0,-3235.290691301261,-87.42808299315446,-1660.8699025949104,751.2312800000001,0.0,-0.0,1.3785610823443986,-13.700000000000001,0.0,0.0,-538.4851371980187,-10.8,-189.62470388432573,8195.470003312392,0.0,-7132.474803650225,32.84573834012008,-68.04765297746128,0.0,0.0,67.02447239034575,-69.4125,-1025.4052574151726,1346.2457099777967,0.0,-729.0439029716646,60.7599369047191,-106.08078119563208,0.0,0.0,1367.918306366891,-111.93884413314527,-1827.860424948964,7768.8225761027525,0.0,-0.0,217.70517238919172,-217.70517238919172,0.0,0.0,-765.9166906634964,-22.728977823573853,-6980.1769076156825,394.8329702219817,0.0,-0.0,16.46164115975958,-163.9,0.0,0.0,1955.0412846729828,-30.871000000000002,-2171.564896054724,15887.585933748522,0.0,-1814.4298128860148,659.3925782698916,-659.3925782698916,0.0,0.0,1920.0,-19.512,-15973.644120862507,69022.064402254,0.0,-6639.144419997978,2239.410388751028,-2855.143456861694,0.0,0.0,-2929.392961202598,-50.6715,-58787.122452942756
t41,12620.289126243955,0.0,-1830.0,605.406860866531,-472.07331363930336,0.0,0.0,2428.524175658973,-37.742430261601164,-13314.404418868551,2331.794423279013,0.0,-240.0,39.56493992803606,-9.404769644560776,0.0,0.0,-1000.0,-12.7,-1109.2545935624878,338.2804,0.0,-0.0,24.207107383201297,-7.149544270609977,0.0,0.0,491.1265261153766,-6.433216683583047,-840.0312725443847,4569.905022824711,0.0,-0.0,59.29680557949792,-0.0,0.0,0.0,-2884.0443994460666,-81.26226242408119,-1663.8951665340633,875.5917400000001,0.0,-0.0,6.843683825504884,-1.631439632219726,0.0,0.0,-686.5451008780328,-4.6341794309267215,-189.62470388432573,5415.515897476191,0.0,-1166.7,36.266988002712566,-8.637033347045607,0.0,0.0,-3180.889134941976,-68.13493026160117,-1027.4217869282802,1072.4222360398821,0.0,-0.0,65.2641285893211,-0.0,0.0,0.0,805.13916343461,-111.93884413314527,-1830.8866839306677,8113.7066556544505,0.0,-0.0,240.38134482424135,-224.33015000541656,0.0,0.0,-1115.7643194045922,-22.728977823573853,-6991.264553245108,351.7025999999999,0.0,-0.0,19.48130854944732,-0.0,0.0,0.0,1836.2974449775234,-30.870999999999995,-2176.6103535269704,14009.51801643403,711.0681317109842,-0.0,758.5364797269361,-758.5364797269361,0.0,0.0,1920.0,-19.512,-16621.074148145017,62104.08383439942,0.0,-3693.0,2517.6287859949225,-2517.6287859949225,0.0,0.0,1386.1556444841844,-50.6715,-59746.56797888361
t42,12257.946402284886,1830.0,-0.0,530.8686532722107,-0.0,0.0,0.0,-349.14140998795256,-39.019999999999996,-14230.653645569142,2286.6701954154755,240.0,-0.0,26.888792820674485,-0.0,0.0,0.0,-1398.259868488743,-13.775301644919605,-1141.5238181024874,337.80879999999996,0.0,-0.0,28.91398675303566,-0.0,0.0,0.0,505.0195858018028,-7.508518328502661,-864.2338542263358,3050.9128433472697,0.0,-0.0,57.19194997849074,-14.107154466841159,0.0,0.0,-1334.687919326103,-48.018751285357894,-1711.2909682474578,1001.5574076299284,0.0,-0.0,6.601758725622533,-0.0,0.0,0.0,-801.6826102195978,-10.8,-195.67655613595312,2132.9033133333337,1289.7757317648468,-0.0,34.982333552728065,-0.0,0.0,0.0,-2359.886465310886,-40.10518371512934,-1057.669729624893,676.6367767013817,0.0,-0.0,64.71280553012733,-0.0,0.0,0.0,1194.5371692775238,-51.536158901600714,-1884.350592607431,8108.203066387911,0.0,-0.0,231.86565986789333,-0.0,0.0,0.0,-1145.7605418927892,-3.466009788246204,-7190.842174574769,351.7025999999999,0.0,-0.0,78.97076607997374,-19.48130854944732,0.0,0.0,1859.862060146745,-30.870999999999995,-2240.183117677271,14212.890603548149,2559.9806466013893,-0.0,696.0927947569226,-0.0,0.0,0.0,720.0,-19.512,-18169.45204490646,56351.44945561408,3693.0,-0.0,2611.297323032711,-1722.9360427818813,0.0,0.0,3110.0,-50.6715,-63992.13923586491
t43,12698.732069278654,1830.0,-0.0,729.7971269759137,-258.5,0.0,0.0,303.0765980628714,-39.019999999999996,-15264.085794317438,2234.494531328859,0.0,-0.0,36.601070014494354,-14.013630019617672,0.0,0.0,-1000.0,-12.7,-1244.3819713237365,337.78024999999997,0.0,-0.0,32.849669219283555,-0.0,0.0,0.0,577.6871012535618,-6.433216683583047,-941.8838037892622,3006.0793433472695,182.5994277060352,-0.0,70.25197059357185,-0.0,0.0,0.0,-1346.9481745059898,-45.39471668358305,-1866.5878504573036,962.9172676299285,0.0,-0.0,1.4451299665410122,-0.0,0.0,0.0,-740.738926747572,-10.8,-212.82347084889747,2110.1338733333337,3072.401074222823,-0.0,39.7528242319422,-0.0,0.0,0.0,-4042.0854763794277,-27.755678667724794,-1152.4466167409464,676.6431767013817,729.0439029716646,-0.0,20.102244259550623,-33.3,0.0,0.0,722.4054281415338,-61.07365649129865,-2053.8210955828317,8086.145695665617,0.0,-0.0,284.79749376850054,-179.3239149832895,0.0,0.0,-325.7194228057131,-21.89455271872762,-7844.005298926389,351.7025999999999,0.0,-0.0,97.00342698708543,-0.0,0.0,0.0,2022.322872980736,-30.03657489515377,-2440.9923250726665,15351.135468895054,1563.8736314651542,-0.0,885.245192516084,-0.0,0.0,0.0,720.0,-19.512,-18500.742292876294,57453.49604285315,3693.0,-0.0,2593.2137549421263,-0.0,0.0,0.0,3110.0,-50.6715,-66799.0382977953
t44,12610.733852632775,1830.0,-0.0,749.825579555503,-293.57591195550367,0.0,0.0,234.3886814285441,-39.019999999999996,-15092.352201661317,2436.2529813288593,240.0,-0.0,48.75713089495811,-0.0,0.0,0.0,-1455.6054602218576,-13.930134742599014,-1255.4745172593614,337.75169999999997,0.0,-0.0,29.806909598322417,-60.0,0.0,0.0,651.0645137478535,-7.663351426181815,-950.9597719199937,3106.561033347269,394.4633939379375,-0.0,56.9236704345055,-29.4,0.0,0.0,-1557.3890019473888,-87.42808299315422,-1883.7310127791698,1095.63049,0.0,-0.0,6.806660455253383,-3.4,0.0,0.0,-873.3963955224802,-10.8,-214.84075493277328,2132.9592133333335,5152.694957283561,-0.0,4.262168879073364,-72.6,0.0,0.0,-5984.36631043293,-69.4125,-1163.5375290630377,676.6495767013816,729.0439029716646,-0.0,63.38262186777999,-101.0,0.0,0.0,804.4987742321323,-98.57872031210348,-2073.9961554608553,5511.457570156594,0.0,-0.0,296.26514701385395,-119.3,0.0,0.0,2234.501212888507,-9.368854002532071,-7913.555076056422,351.7025999999999,0.0,-0.0,51.41838315842699,-23.343448046598503,0.0,0.0,2116.30398582762,-30.870999999999995,-2465.2105209394476,14753.46393330988,2524.956830281095,-0.0,892.1426060473651,-688.4689185623458,0.0,0.0,720.0,-19.512,-18182.582451075996,54928.85832413307,6639.144419997978,-0.0,3080.0678792567733,-1411.4,0.0,0.0,3110.0,-50.6715,-66295.99912338782
t45,12979.978645926314,1830.0,-0.0,467.49784720470126,-258.5,0.0,0.0,-425.02941672296504,-39.019999999999996,-14554.92707640805,2204.983731328859,63.06858004250211,-0.0,33.04581219633952,-61.15917778084014,0.0,0.0,-1000.0,-12.7,-1227.2389457868617,337.72315,0.0,-0.0,32.15536085577253,-0.0,0.0,0.0,566.3372187760972,-6.433216683583046,-929.7825129482866,2874.4995733472692,0.0,-0.0,63.60179529291345,-114.87772491947274,0.0,0.0,-935.0503990724978,-46.79592701718218,-1841.3773176310299,1078.0838162528057,0.0,-0.0,7.341797423908591,-0.0,0.0,0.0,-863.8194269116925,-10.8,-210.80618676502166,2110.189773333334,2919.208989196237,-0.0,38.90339163242723,-0.0,0.0,0.0,-3889.1901378295197,-41.78937093983812,-1137.32264539264,676.6559767013816,729.0439029716646,-0.0,71.96630877332797,-33.3,0.0,0.0,655.9247147309379,-73.70613842981284,-2026.5847647474993,7775.931023529311,0.0,-0.0,192.30552803712476,-119.3,0.0,0.0,-88.03889218826134,-22.728977823573853,-7738.168681554598,351.7025999999999,0.0,-0.0,87.82159207752352,-147.80904255068333,0.0,0.0,2148.8663392179014,-30.870999999999995,-2409.7104887447404,16027.261076221792,744.1766581332741,-0.0,589.4627194938416,-331.3,0.0,0.0,720.0,-19.512,-17730.088453848908,54965.93703435541,6639.144419997978,-0.0,2745.295241448717,-2070.1750351929563,0.0,0.0,3110.0,-50.6715,-65339.53016060915
t46,13261.704851707364,1830.0,-0.0,571.4500522509102,-397.1332702143757,0.0,0.0,-1160.0,-39.019999999999996,-14067.0016337439,2049.6529994779303,219.10354980610316,-20.89645019389684,36.992795622975514,-79.2,0.0,0.0,-1000.0,-12.7,-1192.952894713112,337.72315,0.0,-0.0,28.034300705416534,-60.0,0.0,0.0,604.2388154376729,-6.433216683583048,-903.5630494595063,2795.0054633472696,321.7843595750963,-0.0,44.9347405568169,-0.0,0.0,0.0,-1326.3820161301674,-45.39471668358305,-1789.9478306654316,1012.7250062528054,0.0,-0.0,4.386127568094199,-13.700000000000001,0.0,0.0,-787.8567993075055,-10.8,-204.75433451339427,2133.015113333334,3107.6344113009236,-0.0,25.471715269677123,-72.6,0.0,0.0,-4035.463066721015,-53.0,-1105.0581731829197,676.6623767013816,0.0,-0.0,62.74071817305166,-134.3,0.0,0.0,1430.938687983184,-65.94718576858526,-1970.0945970890325,6834.086879983683,0.0,-0.0,224.79874902481538,-0.0,0.0,0.0,460.0562935106647,-1.5181857685851934,-7517.423736750578,351.7025999999999,0.0,-0.0,76.56167338947631,-40.6,0.0,0.0,1984.4680852271663,-30.03100000000007,-2342.1013586166428,15118.127405485478,1490.0,-0.0,669.3257976791447,-825.5906207753048,0.0,0.0,720.0,-19.512,-17152.35058238932,52797.932058286424,6639.144419997978,-0.0,2392.188830524355,-1411.4,0.0,0.0,3110.0,-50.6715,-63477.193808808755
t47,13247.41607533167,1830.0,-0.0,460.9923559987901,-0.0,0.0,0.0,-2099.799526549588,-27.225515941802673,-13411.383388839067,2254.2299494779295,0.0,-0.0,30.032260995776497,-19.6,0.0,0.0,-1102.0954285790558,-12.97565765716345,-1149.5911242374875,337.6946,0.0,-0.0,22.76018701034152,-14.9,0.0,0.0,531.4385869772285,-6.708874340746619,-870.2844996468236,2750.6775133472693,0.0,-0.0,41.83376298011066,-29.4,0.0,0.0,-967.6952480171052,-71.01558299315458,-1724.40044531712,1022.8184162528056,0.0,-0.0,5.1965529552231615,-3.4,0.0,0.0,-817.1297710301376,-10.8,-196.68519817789104,2110.245673333334,2292.5709998948173,-500.3495418170525,27.53505584312567,-18.0,0.0,0.0,-2793.2663395769014,-53.0,-1065.7358476773231,676.6687767013817,0.0,-0.0,50.93646844842371,-0.0,0.0,0.0,1271.0122494471902,-100.14436007494794,-1898.4731345220478,7161.39423727109,0.0,-0.0,98.53966594601249,-119.3,0.0,0.0,127.53547732836887,-21.88897782357385,-7246.280402721897,351.7025999999999,0.0,-0.0,62.15649281275644,-147.49951122429758,0.0,0.0,2020.0,-30.031,-2256.3285815884587,15120.160287221903,0.0,-0.0,533.0952753272564,-67.99978734922087,0.0,0.0,720.0,-19.512,-16285.743775199942,51481.76824792823,5803.423660946581,-0.0,1927.6988787808173,-1222.9088314604035,0.0,0.0,3110.0,-50.6715,-61049.310456195235
t48,12806.880982155744,1127.2390186875414,-0.0,330.8938093714063,-1234.3608317499425,0.0,0.0,-451.039924152592,-39.019999999999996,-12540.593054312156,2068.0956494779302,126.41559227937762,-113.58440772062238,21.86790745517761,-0.0,0.0,0.0,-1000.0,-12.7,-1090.094741491863,337.66605,0.0,-0.0,9.869215985389861,-6.10740941118755,0.0,0.0,485.78427773821954,-2.3074753192565427,-824.9046589931653,2974.243260608451,0.0,-0.0,32.77864977375073,-52.50404322928392,0.0,0.0,-1252.9770770685038,-66.88984162882797,-1634.6509484555856,1104.0186262528055,0.0,-0.0,3.784412175463504,-10.3,0.0,0.0,-900.104260669757,-10.8,-186.598777758512,2105.3821800000005,1166.7,-0.0,20.051507805876682,-0.0,0.0,0.0,-2250.1815614198053,-31.670840319205425,-1010.2812860668663,676.6751767013817,674.219801468196,-0.0,34.19351827745034,-131.39881391903273,0.0,0.0,636.5353430440869,-90.60968445235076,-1799.6153411197306,8112.83693999364,0.0,-0.0,132.90235384216408,-361.9,0.0,0.0,-993.6578324752973,-21.88897782357385,-6868.292483536933,351.7025999999999,0.0,-0.0,45.26133322870041,-123.3,0.0,0.0,1895.641035003649,-30.03100000000007,-2139.273968232349,13936.426831872936,1629.3587838669046,-0.0,381.36166023550254,-1370.9127133420557,0.0,0.0,720.0,-19.512,-15276.722562633287,47108.3925288372,6639.144419997978,-0.0,1407.2851233828565,-248.55955203539528,0.0,0.0,3110.0,-50.6715,-57965.59102018264
t49,18190.167926042435,0.0,-1830.0,87.37136562279198,-602.6180203771019,0.0,0.0,-3375.0271219160777,-37.39223867286148,-12432.501910699186,1853.5048500000003,0.0,-0.0,6.901346430547939,-2.952115088403538,0.0,0.0,-787.6091022578565,-10.002635598674829,-1059.8423434856134,628.03055,0.0,-0.0,5.236123724702091,-52.52645859436347,0.0,0.0,223.03817532047728,-1.0594313327722773,-802.7189591180436,3810.5691097423924,0.0,-0.0,9.971704222831,-61.91276509087108,0.0,0.0,-2149.0803363982973,-19.267301794710857,-1590.280410681344,626.4332436585636,0.0,-0.0,1.1518428332191966,-13.700000000000001,0.0,0.0,-429.430860633683,-2.89865830927736,-181.5555675488225,2083.9092400000004,0.0,-0.0,6.101486916541134,-72.6,0.0,0.0,-1009.332203140005,-26.028650893175545,-982.0498728833611,1150.2166835069086,0.0,-0.0,11.287255607338828,-70.07255626179146,0.0,0.0,722.0101824347321,-62.24636787471525,-1751.1951974124734,4052.6847081066567,0.0,-0.0,40.440454836131764,-251.0622585261617,0.0,0.0,2840.056013774072,-9.372184845454438,-6672.746733345244,351.7025999999999,0.0,-0.0,6.687584858750278,-65.12749903616334,0.0,0.0,1819.731161418801,-29.219911203746143,-2083.773936037642,14044.784113846423,0.0,-0.0,116.42251493800215,-97.1407891162108,0.0,0.0,1920.0,-19.512,-15964.553839668215,62009.99522842857,0.0,-0.0,464.56701471856974,-1597.631695419695,0.0,0.0,225.64409139783618,-20.52198814613545,-61082.05265097915
t50,17599.17117189767,0.0,-1830.0,68.44545163872772,-815.6888860075451,0.0,0.0,-3321.267053297741,-36.91915006902012,-11663.741534162087,1654.57885,0.0,-0.0,4.779969257303781,-62.722784743027354,0.0,0.0,-602.7528977096248,-7.654961800912234,-986.2281750037392,628.03055,0.0,-0.0,3.627604529094973,-9.959459218785693,0.0,0.0,125.14199770561677,-0.5944244891016837,-746.2462685268243,3805.3152097423927,0.0,-0.0,7.167000622142806,-74.34936873797764,0.0,0.0,-2239.386042873708,-19.3927325071094,-1479.35406624574,592.2884088218158,0.0,-0.0,0.8280331974415861,-2.025643655511109,0.0,0.0,-419.8138339807465,-2.8337433793700386,-168.44322100362976,2061.1174400000004,0.0,-0.0,4.385789819735125,-0.0,0.0,0.0,-1126.106916084469,-25.908444297560493,-913.4878694377055,1072.5845307216744,0.0,-0.0,8.113415840128695,-84.0905514281718,0.0,0.0,698.4346435362545,-64.8972005255555,-1630.14483814433,3055.828176441415,0.0,-0.0,29.06872940013413,-102.24081340697865,0.0,0.0,3233.0626958019566,-10.669106896146456,-6205.0496813403815,351.7025999999999,0.0,-0.0,9.896724046994759,-122.1946546517473,0.0,0.0,1729.9345091928367,-28.856234762230983,-1940.4829438258525,13626.489835995917,0.0,-0.0,71.9446934129075,-0.0,0.0,0.0,1920.0,-19.512,-15598.922529408826,62034.04800204679,0.0,-0.0,333.41083250913596,-2545.655340616818,0.0,0.0,2.75289770962479,-17.464961800912235,-59807.091429847824
t51,15881.905157376548,0.0,-1830.0,27.240942904316473,-27.240942904316473,0.0,0.0,-2728.2160402802997,-31.700301154466636,-11291.98881594178,1747.7987477125282,0.0,-0.0,1.8794762958354982,-1.8794762958354982,0.0,0.0,-788.8632996772623,-10.01856390590123,-948.9168841293647,628.03055,0.0,-0.0,1.425984352993134,-10.295550262075755,0.0,0.0,99.32071252479018,-0.4717733844927494,-718.0099232312148,3805.75799,0.0,-0.0,2.8178687699962985,-7.347604807251188,0.0,0.0,-2357.2343495199625,-21.1114317278961,-1422.8824727148867,657.7889588218158,0.0,-0.0,0.32550981047387173,-0.8493568351904237,0.0,0.0,-491.5557417880277,-3.318001257069187,-162.39136875200234,2069.7865520453756,0.0,-0.0,1.7242371192783434,-15.235422915724111,0.0,0.0,-1160.5155651457533,-17.561198144852533,-878.1986029583239,1059.6571207439426,0.0,-0.0,3.18970410328924,-8.320323492424883,0.0,0.0,575.3343178663513,-62.258666698702754,-1567.602152522456,2996.5348931613835,0.0,-0.0,11.428174453315862,-228.87882833004565,0.0,0.0,3200.663168941817,-10.562188457507995,-5969.185219768963,351.7025999999999,0.0,-0.0,3.891086268326899,-3.891086268326899,0.0,0.0,1542.2034974010849,-28.095924164474702,-1865.8101732366101,13726.779239476522,281.950263358368,-0.0,33.96479805774449,-463.44345825344703,0.0,0.0,1920.0,-19.512,-15479.73884263919,60060.12059614772,0.0,-0.0,145.60901251362284,-1171.9152365062866,0.0,0.0,188.86329967726226,-19.82856390590123,-59202.849107926435
t52,14064.986476951115,0.0,-1441.6052957146892,36.36567770487773,-36.36567770487773,0.0,0.0,-1469.1926264311605,-18.780367461711066,-11135.408187343555,1959.3773977125281,0.0,-0.0,2.5009287556729545,-2.5009287556729545,0.0,0.0,-1027.8535742701342,-2.7752046505293624,-928.7486187918648,628.03055,0.0,-0.0,1.89772212548455,-1.89772212548455,0.0,0.0,83.12387132293873,-7.262670739528541,-703.89175058341,3811.01189,0.0,-0.0,3.749714584489092,-3.749714584489092,0.0,0.0,-2384.580539150812,-32.79309621277926,-1393.6382546364093,724.9179088218159,0.0,-0.0,0.43318371411905443,-0.43318371411905443,0.0,0.0,-561.7605822653362,-3.7918839302910192,-159.36544262618864,2092.5783520453756,0.0,-0.0,2.2945104034681747,-2.2945104034681747,0.0,0.0,-1225.6647918705444,-6.863722834475048,-860.0498373403562,1150.2166835069086,0.0,-0.0,4.244676391514089,-4.244676391514089,0.0,0.0,445.69602537119,-59.581899166579674,-1536.330809711519,2542.6472748802735,0.0,-0.0,15.20789672442437,-15.20789672442437,0.0,0.0,3314.5037375143124,-10.93786233379723,-5846.213150060788,351.7025999999999,0.0,-0.0,5.177857559719158,-5.177857559719158,0.0,0.0,1505.7284797795455,-27.948200343107267,-1829.4828794364382,13458.863506912872,190.4500946852194,-0.0,46.09083407930183,-0.0,0.0,0.0,1920.0,-19.512,-15595.892435677395,60180.48116909943,0.0,-0.0,174.0317409244787,-207.48654021324046,0.0,0.0,-600.0,-9.81,-59537.21636981068
t53,11997.6703071207,0.0,-0.0,42.849090178637724,-34.727324013871225,0.0,0.0,-831.3232462928673,-10.775106740975485,-11163.693720251622,2096.9936000000002,0.0,-0.0,3.013807004901752,-2.497854325629896,0.0,0.0,-1172.653661868488,-3.1661648870449177,-921.68972592374,628.03055,0.0,-0.0,2.28930633278106,-1.8988790536676252,0.0,0.0,77.78690984297509,-8.366781959166104,-697.8411051629223,3816.46801,0.0,-0.0,4.519844814937742,-3.746781488444844,0.0,0.0,-2388.226893297233,-46.46855983641136,-1382.545620192849,795.032258821816,0.0,-0.0,0.5224675793016748,-0.43330126056845136,0.0,0.0,-632.4952814068025,-4.269343149495917,-158.35680058425072,2106.7010400000004,0.0,-0.0,2.7666159085958446,-2.293947850068272,0.0,0.0,-1240.7038884178783,-12.469570839616157,-854.0002488010336,1150.2166835069086,0.0,-0.0,5.118152861660824,-4.243803522626303,0.0,0.0,430.09042680849643,-55.9469328758319,-1525.2345267786059,2390.24924236813,0.0,-0.0,18.336717433534822,-15.203776584063602,0.0,0.0,3416.7316955673764,-11.275214595372342,-5798.838664189606,351.7025999999999,0.0,-0.0,6.241525564930238,-5.174126817376214,0.0,0.0,1490.4720114128168,-27.886411646221752,-1815.355598514149,14123.37137671475,0.0,-0.0,55.785588727927305,-26.208376319143078,0.0,0.0,1920.0,-19.512,-16053.436589123536,62250.40315056657,0.0,-0.0,232.6009471181075,-291.8679361726147,0.0,0.0,-1069.6780723483957,-18.56949604929758,-61102.888593114374
t54,11536.449185236614,0.0,-0.0,94.43965820640723,-62.46793649090562,0.0,0.0,-71.44341069171664,-0.9287643389923164,-11496.048731921406,2245.3251897039445,0.0,-0.0,6.426313024562678,-4.426619800315579,0.0,0.0,-1307.98580958233,-3.5315616858722914,-935.8075116599898,628.03055,0.0,-0.0,4.878325118115422,-3.3651344400358223,0.0,0.0,87.70964697723548,-9.32787345824649,-707.9255141970685,3823.5418900000004,0.0,-0.0,9.636114346870444,-6.639929700473366,0.0,0.0,-2358.175711639682,-65.64831655284777,-1402.714046453868,870.9817088218159,0.0,-0.0,1.113467593862958,-0.7678830265853555,0.0,0.0,-706.186450182237,-4.7667585387301,-160.37408466812653,2121.3784100000003,0.0,-0.0,5.89719680749112,-4.0652630819224695,0.0,0.0,-1235.1282750583373,-21.982642787552685,-866.0994258796788,1150.2166835069086,0.0,-0.0,10.909478574861215,-7.520736701556569,0.0,0.0,456.8732503360884,-63.05158307186977,-1547.4270926444322,2378.0372372479633,0.0,-0.0,39.0860928295322,-26.943660315186143,0.0,0.0,3501.8662282049277,-12.569811018173471,-5879.476086949065,351.7025999999999,0.0,-0.0,13.306375966635649,-9.169426729225126,0.0,0.0,1509.277176498245,-21.506565376927984,-1843.6101603587274,13527.76771645478,1750.8919853649243,-0.0,117.63734843450803,-0.0,0.0,0.0,1920.0,-19.512,-17296.785050254217,66508.90117606815,0.0,-0.0,498.83166257245443,-0.0,0.0,0.0,-1796.8066448621942,-32.13044392667992,-65178.795749851735
t55,12052.468058591041,0.0,-0.0,236.6617044969184,-0.0,0.0,0.0,289.36663373615585,-2.5464263768781716,-12575.949970447238,2456.825589703945,0.0,-0.0,15.620313259247755,-0.0,0.0,0.0,-1476.1815581511953,-3.985690207008228,-992.2786546049891,628.03055,0.0,-0.0,11.856678853408628,-0.0,0.0,0.0,121.82015108108021,-10.418906890591275,-751.2884730438975,3843.35563,0.0,-0.0,23.421848270342647,-0.0,0.0,0.0,-2303.3739388190243,-74.97368138811952,-1488.4298580631983,952.54108,0.0,-0.0,2.7063031010521486,-0.0,0.0,0.0,-779.525083698581,-5.261794314965422,-170.46050508750557,2144.17021,0.0,-0.0,14.333572853943599,-0.0,0.0,0.0,-1212.233251099949,-27.741338533520576,-918.5291932204742,1489.8741835069086,8.672403471213464,-0.0,26.516247617942756,-0.0,0.0,0.0,184.52151809432598,-65.31697263144291,-1644.2673800589469,2378.7756961512723,0.0,-0.0,95.00174734851626,-0.0,0.0,0.0,3767.8067444273047,-14.359215327860436,-6227.224972599232,352.4939829398528,0.0,-0.0,32.34281492218195,-0.0,0.0,0.0,1597.7987844298832,-20.961717082631722,-1961.6738652092863,17634.30013451457,0.0,-0.0,330.19795366377394,-351.18245776015874,0.0,0.0,1920.0,-19.512,-19513.803630418188,74353.15862670621,0.0,-0.0,1231.3839437277866,-1138.8284243820165,0.0,0.0,-2110.0,-37.9715,-72297.74264605198
t56,12228.12162738769,0.0,-0.0,414.10584978724677,-0.0,0.0,0.0,1923.9983575243323,-21.400734329817183,-14544.825100369455,2479.7238247526207,0.0,-0.0,26.431344403966033,-0.0,0.0,0.0,-1373.0312552919047,-6.726294765320023,-1126.3976190993626,628.03055,0.0,-0.0,20.05576246913084,-0.0,0.0,0.0,214.71597653554795,-10.669725619318339,-852.1325633853603,3843.2128299067654,208.61298795160047,-0.0,39.6290242720243,-0.0,0.0,0.0,-2327.6959620788366,-74.65318069121592,-1689.105699360337,935.03578,0.0,-0.0,4.57805251202329,-0.0,0.0,0.0,-741.9550062099665,-5.008196291917274,-192.65063001013942,2152.2846400000003,2179.902520000607,-0.0,24.249449064070177,-0.0,0.0,0.0,-3271.5725419876453,-43.326573556999236,-1041.5374935200327,1489.8741835069086,729.0439029716646,-0.0,44.85968153513735,-0.0,0.0,0.0,-320.88783540760414,-77.70564688279741,-1865.1842857233082,2378.0372372479633,0.0,-0.0,160.72415784144755,-0.0,0.0,0.0,4545.094554020959,-16.993812028269165,-7066.862137082101,454.582382180874,0.0,-0.0,54.7223683120479,-0.0,0.0,0.0,1737.3798412088772,-22.6469379357154,-2224.0376537660836,16446.567348216002,1750.8919853649243,-0.0,531.9408212478293,-0.0,0.0,0.0,1920.0,-19.512,-20629.888154828754,76962.29962463344,0.0,-0.0,1959.2716996063814,-0.0,0.0,0.0,-2306.0461283137583,-40.46128582958473,-76575.06391009648
t57,14667.653471408445,0.0,-0.0,427.0250672283256,-152.16105684624523,0.0,0.0,673.6388825613355,-11.63397753376255,-15604.522386818096,2361.294920178587,0.0,-0.0,27.59295626719699,-10.48182861597528,0.0,0.0,-1142.0331329826445,-3.0834894590531405,-1233.2894253881116,628.2661499999999,0.0,-0.0,20.931161480186454,-7.968328896838348,0.0,0.0,299.67199882489945,-7.084704846302429,-933.8162765619451,4814.415202706129,0.0,-0.0,41.36776078879595,-15.722742923962914,0.0,0.0,-2919.31973430762,-70.28737681485387,-1850.4531094484885,874.43833,0.0,-0.0,4.778129176391499,-1.8182763925671401,0.0,0.0,-661.120788653454,-4.462565323410815,-211.81482880695958,4890.977697826565,0.0,-0.0,25.311277012895832,-9.626169137120154,0.0,0.0,-3721.2149946779336,-43.083841848997764,-1142.3639691754088,1652.5209531421854,0.0,-0.0,46.82369511265733,-17.808412903672284,0.0,0.0,439.5790893557969,-80.40801804485145,-2040.707306662116,2378.0372372479633,0.0,-0.0,167.7625764893817,-63.80010989213524,0.0,0.0,5290.742946199243,-19.454451722457502,-7753.288198321997,549.1526434932928,0.0,-0.0,57.122779448908794,-21.71235927594879,0.0,0.0,1871.7410718909541,-24.393633934582404,-2431.9105016226235,17875.355255253045,64.26313435743843,-0.0,510.0031106827727,-0.0,0.0,0.0,1920.0,-19.512,-20350.109500293256,77472.27881901794,0.0,-0.0,1885.4026387627164,-1411.4,0.0,0.0,-2051.6853382105774,-36.883931557627264,-75857.71218801246
t58,15488.891053471654,0.0,-1103.368519317496,203.12790524594402,-979.5178971573356,0.0,0.0,2010.581856458444,-19.232802298553473,-15600.481596402658,2389.21991859566,0.0,-0.0,19.275561029606088,-16.22386606409273,0.0,0.0,-1118.7344469606442,-13.02058300679374,-1260.5165835937362,628.76015,0.0,-0.0,14.609544173077825,-12.331647148186448,0.0,0.0,325.2570538985096,-1.3015653897486,-954.9935355336523,6313.0465998356785,0.0,-0.0,28.892292682918807,-24.334933403724204,0.0,0.0,-4372.308706007749,-53.496869823546575,-1891.7983832835773,803.3145299999999,0.0,-0.0,3.3355579670068476,-2.7248421177750495,0.0,0.0,-584.1329514522179,-3.9428974223024706,-215.8493969747112,8776.631977330777,0.0,-0.0,17.67369431579413,-14.898302799689597,0.0,0.0,-7563.353735084601,-47.47478091647376,-1168.5788528458065,1869.8848119000345,0.0,-0.0,32.69422959807011,-27.561773610184265,0.0,0.0,296.98755887327025,-88.92989435522394,-2083.074932405966,2378.0372372479633,0.0,-0.0,117.14222983847216,-98.74284221728398,0.0,0.0,5565.703370274989,-20.36182112190746,-7941.778174022233,550.3397179030721,0.0,-0.0,39.894871064699245,-33.60521933039726,0.0,0.0,1939.2611795656576,-18.570930330192418,-2477.3196188728384,19111.69013021332,0.0,-206.07066630312883,349.43234622303,-341.903228415015,0.0,0.0,990.7388204343425,-7.281930330192417,-19896.605471822357,70717.70431868733,0.0,-0.0,1274.8612462653614,-0.0,0.0,0.0,2510.0,-40.8615,-74461.7040649527
t59,14055.564012120354,0.0,-730.4769681309647,292.88768656324555,-482.22274719836776,0.0,0.0,2466.8839953886936,-33.47050805994698,-15569.165470683014,2410.6052643303915,0.0,-0.0,22.899702614730764,-16.675176739727092,0.0,0.0,-1130.1524226012607,-13.051411541023404,-1273.625956063111,629.10475,0.0,-0.0,17.35939168490558,-12.669553146480208,0.0,0.0,331.58312249146036,-1.3082073655018522,-964.0695036643839,7219.408800320735,0.0,-0.0,34.32598794328881,-25.009409919617067,0.0,0.0,-5259.526546756331,-58.240443356529994,-1910.9583882315453,739.0935299999998,0.0,-0.0,3.9632595638341273,-2.980498026451234,0.0,0.0,-518.7083292563156,-3.50128122248013,-217.866681058587,12879.190569810384,0.0,-3508.623824857506,20.99859720533879,-15.309418586723748,0.0,0.0,-8145.849401753773,-50.736756649821125,-1179.6697651678978,2074.8694965502336,0.0,-729.0439029716646,38.845048231996024,-28.322088866441568,0.0,0.0,855.4216805543238,-107.51148822055481,-2104.258745277891,2378.0372372479633,0.0,-0.0,139.17953465043934,-101.46820717744623,0.0,0.0,5627.231897321897,-20.56486526116226,-8022.415596781691,530.5551444067502,0.0,-0.0,47.39806602095935,-34.536165090904795,0.0,0.0,1985.1514995637606,-25.012547172046446,-2503.555997728518,19471.75628497867,0.0,-1750.8919853649243,325.22652311956404,-374.88815834960224,0.0,0.0,1877.9645050475458,-19.20303911209946,-19529.964130319157,72275.2110906587,0.0,-0.0,1276.1954445778028,-1588.992050151282,0.0,0.0,1910.0,-50.6715,-73821.74298508523
t60,12979.870569303215,0.0,-0.0,410.2383785200269,-410.2383785200269,0.0,0.0,2542.980738675969,-32.481250397212406,-15490.370057581971,2281.154364023481,0.0,-0.0,26.903308776710794,-20.723303470206368,0.0,0.0,-1000.0,-12.7,-1274.6343693299862,629.3269499999999,0.0,-0.0,20.39122342086771,-60.0,0.0,0.0,377.1512395347208,-1.791468387789924,-965.0779445677986,7659.5249421744375,0.0,-41.84442081225052,30.735346829294098,-99.39565937205668,0.0,0.0,-5578.180088209555,-58.873311065272986,-1911.9668095445963,666.7472799999998,0.0,-0.0,4.655578416870554,-9.118850699407336,0.0,0.0,-440.4357433493301,-2.972941267607978,-218.8753231005249,15128.460048782446,0.0,-5965.774803650225,24.667790956511645,-18.24841671290858,0.0,0.0,-7937.161586381727,-50.256738313090956,-1181.6862946810054,2212.4663178789215,0.0,-729.0439029716646,45.63249336336031,-40.57087963007429,0.0,0.0,723.4486250795862,-106.66515544833551,-2105.2674982717926,2397.310900730732,0.0,-0.0,163.4994498428701,-120.95160777832048,0.0,0.0,5615.177553326305,-20.525085925976807,-8034.51121019561,522.2456235382949,0.0,-0.0,55.682398225974374,-155.58283899864875,0.0,0.0,2102.800978246283,-22.59925477783385,-2502.546906234069,19026.09264353845,0.0,-1047.9390559469166,475.8610192542708,-945.0107218012479,0.0,0.0,1684.218283077748,-17.779004380621448,-19175.443163741682,71109.38366203272,0.0,-0.0,1658.2041256896853,-1411.4,0.0,0.0,1910.0,-50.6715,-73215.51628772239
t61,12131.822352158637,0.0,-0.0,425.1861389667299,-0.0,0.0,0.0,2841.8215339346134,-29.683679941149975,-15369.146345118828,2219.509920406534,0.0,-0.0,27.557692367437156,-59.6,0.0,0.0,-907.9520200330747,-12.948529545910697,-1266.567063194986,629.35055,0.0,-0.0,20.879899232744947,-35.01775008001002,0.0,0.0,346.14454402946956,-2.329944034893573,-959.0272991473108,7839.976363520364,0.0,-316.4943441165856,41.30311719544463,-78.98188033563835,0.0,0.0,-5525.9269095329455,-59.00217162960389,-1900.874175101036,620.6091799999999,0.0,-0.0,4.767456721728673,-12.576621108717207,0.0,0.0,-393.2872874063691,-2.6546891899929914,-216.8580390166491,15910.11786105559,0.0,-5965.774803650225,1.1433240437916794,-72.6,0.0,0.0,-8645.782503179527,-53.48370164105661,-1173.6201766285753,2260.573963355549,0.0,-729.0439029716646,0.0,-125.37133166113063,0.0,0.0,796.2897914135328,-111.30356377911083,-2091.144956357176,2392.3383393948134,0.0,-0.0,7.577697690241521,-481.2,0.0,0.0,6090.514384708914,-22.093697469539414,-7987.1367243244285,540.0517396849847,0.0,-0.0,19.433201596738133,-0.0,0.0,0.0,1945.676569918985,-18.760068877826026,-2486.4014423228814,18500.488598226257,0.0,-1428.0535245563678,490.9078895273068,-144.9614614978317,0.0,0.0,1542.5018961464016,-16.73738893667605,-18944.146008909087,69705.57922386381,0.0,-0.0,1538.1018533790202,-673.3059643344568,0.0,0.0,1910.0,-50.6715,-72429.70361290837
t62,12570.92320939066,0.0,-0.0,425.0181710607457,-850.2043100274757,0.0,0.0,3021.0571738596645,-32.01374326017564,-15134.780501023417,2310.2416271911484,0.0,-0.0,22.69581804051887,-67.78816777293193,0.0,0.0,-1000.0,-12.7,-1252.4492774587363,629.2947499999999,0.0,-0.0,20.81161761142031,-20.81161761142031,0.0,0.0,321.1737152606526,-1.5255751474880999,-948.9428901131645,7817.874587758925,0.0,-0.0,41.170034149784435,-41.170034149784435,0.0,0.0,-5878.018049360601,-60.159210871358745,-1879.6973275269659,637.3401673204265,0.0,-0.0,4.751921928425103,-4.751921928425103,0.0,0.0,-419.66666241634283,-2.832749971310314,-214.84075493277328,14569.070338626427,0.0,-5945.305612751861,25.181199451683106,-25.181199451683106,0.0,0.0,-7411.363214685202,-50.880511639431575,-1161.5209995499301,2231.841727498701,0.0,-729.0439029716646,46.58182384294413,-46.58182384294413,0.0,0.0,670.2887036513421,-105.14289068092957,-2067.9436374974484,2443.9449872672667,0.0,-0.0,166.90331614321767,-166.90331614321767,0.0,0.0,5477.585507550151,-20.071032174915498,-7901.459462642503,587.1390246062309,0.0,-0.0,46.95941369912374,-113.32367857969842,0.0,0.0,1956.0594652211307,-19.696435962931794,-2457.137788983854,19007.03316262872,0.0,-338.3673849492598,432.370969182714,-1481.3,0.0,0.0,1352.8833609192047,-15.343692702756156,-18957.276415078624,72912.87280906987,0.0,-0.0,1693.450384029201,-4590.581016075855,0.0,0.0,1910.0,-50.6715,-71875.07067702322
t63,12088.239953462837,0.0,-0.0,468.9432924770723,-468.9432924770723,0.0,0.0,2996.407843614952,-31.69330196699438,-15052.954495110796,2378.5766740779345,0.0,-0.0,30.147157007759045,-30.147157007759045,0.0,0.0,-1118.150456720429,-13.019006233145157,-1247.4072111243613,629.0315499999999,0.0,-0.0,22.838309434812174,-22.838309434812174,0.0,0.0,317.1417915732019,-1.2642150736958295,-944.909126499506,7216.745918228912,0.0,-0.0,45.18245672503829,-45.18245672503829,0.0,0.0,-5287.089621300931,-58.02633990542354,-1871.6299570225583,705.8367673204265,0.0,-0.0,5.214766073888708,-5.214766073888708,0.0,0.0,-488.70588967428955,-3.2987647553014545,-213.8321128908354,14097.38136380224,0.0,-4988.006280959191,27.634605417011002,-27.634605417011002,0.0,0.0,-7903.515719049208,-49.37968802667557,-1156.4796757671613,2026.4201916642646,0.0,-729.0439029716646,51.120192142810325,-51.120192142810325,0.0,0.0,867.8111580224759,-105.31383316883928,-2059.8736135462386,2517.4280030066257,0.0,-0.0,183.16495539739628,-183.16495539739628,0.0,0.0,5372.508737149179,-19.72427883259229,-7870.212461323213,430.4452025153612,0.0,-0.0,62.38752999427189,-62.38752999427189,0.0,0.0,2035.5744039712372,-18.972732447235884,-2447.0468740393617,17711.57024916604,0.0,-0.0,551.0074677199561,-551.0074677199561,0.0,0.0,1298.0177524138107,-14.94043048024151,-18994.64757109961,71744.65636562505,0.0,-0.0,1839.3716466392557,-4040.567190306055,0.0,0.0,1910.0,-50.6715,-71402.78932195823
t64,11083.838389077195,339.83765896762566,-0.0,576.2580580054201,-489.1737606204964,0.0,0.0,3560.0,-39.019999999999996,-15031.740345429746,2324.2458970059038,0.0,-0.0,37.023835252590054,-37.023835252590054,0.0,0.0,-1057.9317904460884,-12.856415834204437,-1253.4576907256114,628.6475499999999,0.0,-0.0,28.03798570216143,-28.03798570216143,0.0,0.0,321.7046771592565,-1.4093370460919876,-948.9428901131645,6090.041246755003,0.0,-0.0,55.48402186169812,-55.48402186169812,0.0,0.0,-4169.5718922915685,-40.77202693646843,-1879.6973275269659,792.5492173204265,0.0,-0.0,6.4024430677645565,-6.4024430677645565,0.0,0.0,-573.8350756271698,-3.873386760483396,-214.84075493277328,11508.483074226586,0.0,-1918.226832373195,33.93180284147374,-33.93180284147374,0.0,0.0,-8376.705690437015,-52.02955186644728,-1161.5209995499301,1620.2325754408887,0.0,-729.0439029716646,62.76866215500772,-62.76866215500772,0.0,0.0,1284.107429884727,-106.34371186260258,-2068.9523904913494,2680.6612750300665,0.0,-0.0,224.90451940333344,-224.90451940333344,0.0,0.0,5241.096774753616,-19.290619356686932,-7902.4674304269965,360.803503808308,0.0,-0.0,76.61093856764275,-0.0,0.0,0.0,2042.836092820125,-22.10365471777208,-2458.146880478303,16455.934554910735,1481.954976412872,-0.0,688.9691145174312,-103.192734957584,0.0,0.0,727.1639071798749,-10.74465471777208,-19240.085163345553,70833.24220928925,0.0,-0.0,2214.3593738442196,-2214.3593738442196,0.0,0.0,1001.1355670042421,-33.721178324629115,-71800.65659796887
t65,9790.46881239933,1395.3843045228964,-0.0,720.4603942438305,-186.44226173738988,0.0,0.0,3560.0,-39.019999999999996,-15240.851249428668,2404.1114665572695,0.0,-0.0,46.71069135598722,-26.774814314744717,0.0,0.0,-1147.18606039909,-11.302633271311564,-1265.5586499281112,628.24555,0.0,-0.0,35.37145904958018,-20.260807476425963,0.0,0.0,325.63185516235285,-10.969198491610712,-958.0188582438961,4839.052810424993,0.0,-0.0,69.99964723416616,-0.0,0.0,0.0,-2934.109609701436,-77.09393679584046,-1897.848911161883,902.7077673204265,0.0,-0.0,8.07713204753904,-0.0,0.0,0.0,-689.2742591023754,-4.652601248941034,-216.8580390166491,5584.32905050975,530.1180589324454,-0.0,42.80815069860525,-0.0,0.0,0.0,-4926.153863918483,-58.48948435029675,-1172.6119118720214,1787.504315784202,0.0,-0.0,79.18843981243825,-0.0,0.0,0.0,324.58901628642707,-102.15432151369293,-2089.1274503693735,2592.945963264579,0.0,-0.0,283.7384008612682,-240.26468552925496,0.0,0.0,5359.310123505982,-19.68072340756974,-7976.049078695003,351.7025999999999,0.0,-0.0,96.65353383769336,-78.32266947153686,0.0,0.0,2134.7686538674525,-21.42795039407422,-2483.3741678395336,20118.255066937432,0.0,-0.0,837.8776638613898,-1274.616969727887,0.0,0.0,635.2313461325475,-10.06895039407422,-20306.678156809405,73431.7840733541,0.0,-0.0,2847.3167138196413,-0.0,0.0,0.0,-2642.807201833378,-44.7381514632839,-73591.55543387707
t66,10241.624854715825,1718.6572885123178,-0.0,853.6331111803909,-0.0,0.0,0.0,3560.0,-39.019999999999996,-16334.895254408535,2117.0204999999996,0.0,-0.0,54.87872677128834,-0.0,0.0,0.0,-840.5361227767719,-15.38379072265582,-1315.9793132718607,628.03055,0.0,-0.0,41.555552345555455,-0.0,0.0,0.0,337.755442405263,-11.00193217716657,-996.3396125736521,4189.8372066629845,0.0,-0.0,82.23955577165532,-0.0,0.0,0.0,-2223.665660903633,-74.93059189030211,-1973.480509640704,1031.8997673204267,0.0,-0.0,9.489327025218047,-0.0,0.0,0.0,-809.9858723134387,-5.467404638115711,-225.9358173940902,2141.9825633333335,4587.333664168748,-0.0,50.293049699585325,-0.0,0.0,0.0,-5505.165884238086,-55.45130229008775,-1218.9920906734944,1489.8741835069086,0.0,-0.0,93.0342885057051,-0.0,0.0,0.0,690.7959048261928,-100.85042797563419,-2172.8539488631727,2990.2155861738593,0.0,-0.0,333.34948186548286,-0.0,0.0,0.0,4982.382919699079,-18.436863635006958,-8287.511124103414,351.70259999999996,0.0,-0.0,113.55395142080454,-29.804234136348352,0.0,0.0,2170.0,-21.169,-2584.2833172844557,20145.77635984288,0.0,-0.0,1073.6382877565018,-0.0,0.0,0.0,600.0,-9.81,-21809.604647599375,76563.33522866975,0.0,-0.0,3398.1351295090835,-0.0,0.0,0.0,-2961.580726698606,-48.7865752290723,-76951.10305625116
t67,11270.169303076467,1737.812242197428,-0.0,801.9885465401289,-0.0,0.0,0.0,3560.0,-39.019999999999996,-17330.950091814026,2327.39625,0.0,-0.0,52.24660221168216,-74.81460381253085,0.0,0.0,-891.5850142986104,-16.5908594786816,-1396.6523746218597,628.03055,0.0,-0.0,39.58209772180569,-56.66620391870967,0.0,0.0,458.23529164897286,-11.327227770124585,-1057.8545076819444,4241.500596662984,0.0,-0.0,78.30457837618322,-112.12190571879626,0.0,0.0,-2038.889109432539,-73.29467136796364,-2095.499488519869,998.4415960807414,0.0,-0.0,9.037856018649755,-12.939268008296168,0.0,0.0,-750.4266403295875,-5.065379822224715,-239.04816393928294,2119.1907633333335,5178.965060781616,-0.0,47.89358476320932,-68.57259533803852,0.0,0.0,-5928.652479750485,-55.22065113116202,-1293.6036826584725,1489.8741835069086,729.0439029716646,-0.0,73.42888937804994,-33.3,0.0,0.0,152.19337973116762,-104.22225853575912,-2307.0180970520314,3180.6158371259917,0.0,-0.0,317.44327927802766,-376.8231971974961,0.0,0.0,5700.136256851559,-20.805449647610143,-8800.566726410472,351.7025999999999,0.0,-0.0,108.12245110209302,-0.0,0.0,0.0,2305.0472279362225,-22.16159712533123,-2742.7106819129835,20496.759451719234,0.0,-0.0,932.4370537700302,-331.3,0.0,0.0,464.9527720637777,-10.80259712533123,-21552.04668042771,78514.28398120184,0.0,-0.0,3175.1815221729303,-1172.5026188765546,0.0,0.0,-3031.0116844204776,-49.66834839214007,-77436.28285168558
t68,11866.474709047718,1218.3195950770976,-0.0,535.2809493074457,-113.16444277609399,0.0,0.0,3560.0,-39.019999999999996,-17027.89081065617,2516.9592,0.0,-0.0,35.291147685591206,-0.0,0.0,0.0,-1156.3111424863723,-12.396203046733977,-1383.5430021524849,628.03055,0.0,-0.0,26.752685452868302,-0.0,0.0,0.0,404.16810957345024,-11.181246378520674,-1047.770098647798,4171.528656662984,0.0,-0.0,52.900313056840474,-0.0,0.0,0.0,-2074.0148189064303,-74.07466724149378,-2076.3394835719005,1037.82853,0.0,-0.0,6.1078162115947965,-0.0,0.0,0.0,-801.4953725911971,-5.41009376499058,-237.03087985540714,2141.9825633333335,4180.074641833917,-0.0,32.36119768835809,-0.0,0.0,0.0,-5020.850700547122,-51.054931972106274,-1282.5127703363812,1489.8741835069086,729.0439029716646,-0.0,59.86457487630783,-0.0,0.0,0.0,103.1147824346981,-97.07191260337349,-2284.8255311862054,3597.094537349184,0.0,-0.0,214.4913222112008,-0.0,0.0,0.0,4927.607516680167,-18.256104805044547,-8720.937271435507,351.7025999999999,0.0,-0.0,73.04587832200897,-0.0,0.0,0.0,2313.9528783914725,-22.227053656177322,-2716.4743030573036,19727.165416291828,0.0,-0.0,632.2790757637842,-0.0,0.0,0.0,456.0471216085275,-10.868053656177322,-20804.623560007964,78350.2746767045,0.0,-0.0,2250.7266396401715,-2301.9589637344316,0.0,0.0,-2712.218374157193,-45.61967335179635,-75541.20430510126
t69,12609.852425735462,163.6913182605324,-0.0,454.264333241075,-186.59836196014464,0.0,0.0,3560.0,-39.019999999999996,-16562.189715276927,2325.885964456567,0.0,-0.0,29.133033370766192,-19.6,0.0,0.0,-970.5003987697007,-14.653234712022847,-1350.2653643456104,628.03055,0.0,-0.0,22.088242419094204,-14.9,0.0,0.0,397.49507191677094,-11.16322917684764,-1021.5506351590177,4097.014406662985,0.0,-0.0,45.13930439253838,-19.969405759544443,0.0,0.0,-2022.912892482067,-74.36141620760819,-2024.9099966063025,1082.554293658564,0.0,-0.0,5.21250428408994,-3.4,0.0,0.0,-847.6660246723358,-5.721745666538267,-230.97902760377974,2119.1907633333335,4228.564880074484,-0.0,26.716774032240657,-18.0,0.0,0.0,-5054.027649741007,-51.188204815836684,-1251.2565628832147,1489.8741835069086,729.0439029716646,-0.0,51.08594772460822,-100.35369781280673,0.0,0.0,156.8397867266458,-97.14600659538094,-2229.3441165216395,3558.547629457851,0.0,-0.0,183.0363396596062,-119.3,0.0,0.0,4902.128187238878,-18.172023017888296,-8506.240133338446,351.7025999999999,0.0,-0.0,62.32984870916285,-27.5767984298471,0.0,0.0,2286.4526324875733,-22.024926848783668,-2650.8833559181044,19199.187766168405,0.0,-0.0,530.57573186488,-0.0,0.0,0.0,483.54736751242694,-10.665926848783668,-20202.644938696925,76112.04015344077,0.0,-0.0,1854.9707758903758,-1411.4,0.0,0.0,-2891.356080217185,-47.894722218758254,-73616.3601268952
t70,13646.977315349248,0.0,-0.0,370.6998492635275,-812.2653588217082,0.0,0.0,2814.3323867288454,-29.326321027474993,-15990.417871492436,2129.724164456567,0.0,-0.0,25.03632766583837,-19.6,0.0,0.0,-809.9673290215326,-16.272742697137623,-1308.9204204037358,628.03055,0.0,-0.0,18.986313581921788,-14.9,0.0,0.0,370.2702666773582,-11.089722202701225,-991.2974080565789,4193.975076662984,94.68494268416639,-0.0,37.53219894936233,-69.51729728702523,0.0,0.0,-2217.700554702135,-75.57806979715755,-1963.3962965101946,1095.9632936585638,0.0,-0.0,4.334392382063614,-3.114392338017544,0.0,0.0,-867.4097446162359,-5.8550157761595925,-223.9185333102144,2096.3989633333335,3061.1463449443863,-0.0,22.962519116380463,-42.52860506015204,0.0,0.0,-3878.148678403384,-46.88804179639226,-1212.942502134172,1489.8741835069086,729.0439029716646,-0.0,42.47843111036433,-0.0,0.0,0.0,-11.502063495111543,-89.14554115746722,-2160.7489129363585,4054.9624833138187,0.0,-0.0,152.1956755162027,-44.46138025353072,0.0,0.0,4109.122448286981,-15.555104079347036,-8256.264122784123,351.7025999999999,0.0,-0.0,51.82593330161557,-110.01285607686228,0.0,0.0,2289.6893459463786,-16.076261292312097,-2567.128761878819,17899.313603196602,0.0,-0.0,427.43435677100115,-372.9724357239615,0.0,0.0,1225.978267324776,-14.410940264837103,-19165.34285130358,73238.73622660323,0.0,-0.0,1526.5486773985158,-1411.4,0.0,0.0,-3024.6643447259407,-49.58773717801945,-70279.63282209779
t71,13665.572995370545,0.0,-0.0,269.1153775672149,-927.4074777494706,0.0,0.0,1910.0952596443954,-17.971695508537163,-14899.404459324149,2109.3783,0.0,-0.0,18.543660462659,-0.0,0.0,0.0,-874.1032651715824,-14.478790301715533,-1239.3399049893615,628.03055,0.0,-0.0,14.066319473635446,-0.0,0.0,0.0,306.6711753581076,-10.91800465613925,-937.8500401756037,4303.169389742392,0.0,-0.0,27.8007681643227,-10.898599699642922,0.0,0.0,-2385.0225911815783,-76.52848707259793,-1858.520479952896,1096.9557436585637,0.0,-0.0,3.21104869120309,-5.082568065260964,0.0,0.0,-876.3454218382005,-5.915331597407854,-212.82347084889747,2119.1907633333335,0.0,-0.0,17.01006191554516,-0.0,0.0,0.0,-955.3895323049862,-32.39773522916123,-1148.4135577147313,1489.8741835069086,48.4846385217654,-0.0,31.467142290791955,-91.66406144282621,0.0,0.0,621.8066213470365,-54.21745259205312,-2045.7510716316222,5603.906842216988,0.0,-0.0,112.74234561939627,-80.7955262526276,0.0,0.0,2186.134816486733,-7.214244894406219,-7814.774233176085,351.7025999999999,0.0,-0.0,38.38873269746168,-124.32911134566199,0.0,0.0,2176.08410828652,-10.94491951014463,-2430.901410128174,18105.149459464294,0.0,-0.0,150.15690295406213,-1371.7338058886444,0.0,0.0,786.9981466301953,-11.184436377731934,-17659.386266782174,70229.81940427063,0.0,-0.0,1122.2599651387607,-2770.9902607177382,0.0,0.0,-2896.9293172566404,-47.965502329159335,-65636.19428910586
t72,13104.65961844673,0.0,-0.0,174.16780894303076,-778.326675503633,0.0,0.0,1027.0011934645343,-9.037610502487903,-13518.464334848177,2087.50875,0.0,-0.0,12.142812747042257,-79.2,0.0,0.0,-871.8412202422129,-4.061284601717354,-1144.5490579031125,628.03055,0.0,-0.0,9.210019168140064,-38.393922349030774,0.0,0.0,271.338500016022,-3.9344108019661643,-866.250736033165,4359.592589742392,0.0,-0.0,18.204132497147093,-75.960124956077,0.0,0.0,-2553.654584727155,-31.848937743595094,-1716.3330748127125,1054.3206436585638,0.0,-0.0,2.1024951531622404,-8.76672875237897,0.0,0.0,-846.2675479745656,-5.712305948828318,-195.67655613595312,2106.7010400000004,0.0,-0.0,11.137976662682178,-46.45820511824633,0.0,0.0,-1001.5199971057823,-9.1662905440996,-1060.6945238945543,1150.2166835069086,0.0,-0.0,20.6042481636204,-85.94114697462172,0.0,0.0,840.1973599215717,-35.6827870405419,-1889.394357576937,7416.22523126914,0.0,-0.0,73.82238775979624,-307.9299019644674,0.0,0.0,34.01496594124984,-2.1072493876061245,-7214.025433618114,351.7025999999999,0.0,-0.0,25.137118853504795,-104.8848725695654,0.0,0.0,1991.4609905847801,-18.187261719201857,-2245.2285751495174,18076.028149317863,0.0,-1750.8919853649243,0.0,-1481.3,0.0,0.0,1410.0537009576435,-14.607526925920483,-16239.282337984661,64020.38112820706,0.0,-0.0,736.6028617860256,-3379.153240882038,0.0,0.0,-300.7833608360859,-9.87755310668912,-61067.16983516828
t73,16715.959645880423,1379.8041217837163,-450.19587821628375,197.06451110520334,-1157.5126401567647,0.0,0.0,-3560.0,-39.019999999999996,-13086.099760396299,2098.6363499999993,78.90512962975055,-161.09487037024945,12.8533033596248,-0.0,0.0,0.0,-869.8650945166386,-17.911,-1141.5238181024874,337.38054999999997,0.0,-0.0,9.745666258934184,-9.511840375104214,0.0,0.0,538.2636950260888,-11.644216683583046,-864.2338542263358,3044.9229370855555,394.4633939379375,-0.0,19.267720691807305,-0.0,0.0,0.0,-1658.9265791616372,-87.42808299315446,-1712.2993895605086,1340.7473557673882,0.0,-0.0,2.2249107337110794,-2.1704870654600223,0.0,0.0,-1134.325223299686,-10.8,-195.67655613595312,2083.9092400000004,3410.3766699234,-3722.098133726825,11.787575188562107,-11.490813875964822,0.0,0.0,-645.4023078842802,-69.4125,-1057.669729624893,676.7615767013816,0.0,-729.0439029716646,21.805790664076905,-122.25800567053491,0.0,0.0,2153.0589899929205,-111.93884413314534,-1888.3856045830357,8116.037163141509,0.0,-0.0,78.12828356975025,-438.0585608557002,0.0,0.0,-554.6313468711351,-22.728977823573853,-7178.74656116085,351.7025999999999,0.0,-0.0,26.605474412947252,-0.0,0.0,0.0,1901.8278667143672,-30.871000000000066,-2249.264941127314,16031.986987554075,1490.0,-0.0,220.62889740839492,-1182.6799594854326,0.0,0.0,720.0,-19.512,-17260.42392547704,68243.9869578643,0.0,-0.0,791.9440375314056,-2449.634626841033,0.0,0.0,3110.0,-50.6715,-69645.62486855466
t74,15454.307569349388,1041.6513846938028,-788.3486153061971,92.57632067836255,-0.0,0.0,0.0,-3560.0,-39.019999999999996,-12201.166659415354,1896.5396500000002,240.0,-0.0,6.121380575777113,-32.79154612004936,0.0,0.0,-1021.0235950344895,-17.911,-1070.9348894212383,337.38054999999997,0.0,-0.0,4.643762352254317,-33.84510159960237,0.0,0.0,514.2514922762917,-11.644216683583046,-810.7864863453606,3009.2349270855552,0.0,-394.4633939379375,9.177393695163357,-13.343130480913349,0.0,0.0,-916.762561678554,-87.42808299315446,-1606.4151516901593,1281.489005767388,0.0,-0.0,1.0600585447461532,-0.0,0.0,0.0,-1088.176212679436,-10.8,-183.5728516326983,2095.0854600000002,3150.3838603863846,-3982.090943263841,5.61537617936362,-0.0,0.0,0.0,-207.44873285300946,-69.4125,-992.1325204488986,676.7615767013816,0.0,-729.0439029716646,10.387978214972467,-0.0,0.0,0.0,1926.2122024728533,-111.93884413314534,-1772.3790102843984,8116.037163141509,0.0,-0.0,37.21855679476609,-0.0,0.0,0.0,-1396.293973913368,-22.72897782357385,-6734.232768199332,351.7025999999999,0.0,-0.0,12.672652785034671,-141.72622780697557,0.0,0.0,1919.2413814097122,-30.871000000000066,-2111.019406387771,16079.462987554076,0.0,-0.0,105.65290277130246,-208.97802377078688,0.0,0.0,720.0,-19.512,-16676.625866554594,66991.90749239484,0.0,-0.0,439.4363622299484,-2672.657267645155,0.0,0.0,3110.0,-50.6715,-67818.01508697963
t75,15544.032248555679,813.6943591442797,-1016.3056408557203,56.351820504061834,-68.33821133148513,0.0,0.0,-3560.0,-39.019999999999996,-11730.414576016816,1698.1963,0.0,-240.0,3.67387817812304,-0.0,0.0,0.0,-415.37764596563443,-17.911,-1028.5815322124888,337.38054999999997,0.0,-0.0,2.784992130636973,-3.606666900347384,0.0,0.0,453.6017188893861,-11.644216683583169,-778.5163774360925,2972.9326170855556,0.0,-394.4633939379375,5.507019740381897,-0.0,0.0,0.0,-953.6635509268963,-87.42808299315459,-1542.8846089679496,1271.2011057673883,0.0,-0.0,0.6358328878529644,-0.8229978161866514,0.0,0.0,-1083.7015834999213,-10.8,-176.512357339133,2117.87726,2578.231064288684,-4554.243739361541,3.368854719317573,-4.357047262164625,0.0,0.0,880.3380378024522,-69.4125,-951.8019301867483,676.7615767013816,729.0439029716646,-0.0,6.232001478057245,-8.060537435004555,0.0,0.0,409.7282011283594,-111.93884413314534,-1701.766300711315,8116.037163141509,0.0,-0.0,22.32890653484209,-390.77754102090216,0.0,0.0,-1259.7541810922376,-22.72897782357385,-6465.105369739637,351.7025999999999,0.0,-0.0,7.6042086839935426,-0.0,0.0,0.0,1698.8290036644921,-30.871000000000066,-2027.2648123484855,16031.986987554075,54.44482934092132,-0.0,65.78617704283656,-453.8387194311222,0.0,0.0,720.0,-19.512,-16398.867274506712,66275.30274943008,0.0,-0.0,253.4485423761411,-2606.4789533975827,0.0,0.0,3110.0,-50.6715,-66981.60083840865
t76,13714.724609184841,278.9265677383428,-1551.0734322616572,47.96661791454632,-301.7531105696215,0.0,0.0,-682.008052993111,-39.019999999999996,-11467.763199013338,1913.3281000000002,240.0,-0.0,3.1306797047058854,-47.180551722405944,0.0,0.0,-1096.0633335766856,-17.911,-995.3038944056142,337.38054999999997,0.0,-0.0,2.3744927165910097,-0.0,0.0,0.0,425.1945288177189,-11.644216683583055,-753.3053548507268,2870.8076970855554,394.4633939379375,-0.0,4.693395283653585,-4.465747438376582,0.0,0.0,-1685.6071125602134,-87.42808299315448,-1492.4635433154021,1242.5937057673882,0.0,-0.0,0.5420595162306208,-7.639175900401488,0.0,0.0,-1054.2360842957119,-10.8,-170.46050508750557,2095.0854600000002,2971.58705562287,-4160.887748027355,2.8715792789187518,-40.49504894775935,0.0,0.0,122.80518956346077,-69.4125,-921.5539874901356,676.7615767013816,729.0439029716646,-0.0,5.3121592386591665,-2.661643099364188,0.0,0.0,349.76773436755366,-111.93884413314527,-1646.284886046749,8116.037163141509,0.0,-0.0,19.032801662406058,-9.535556208833263,0.0,0.0,-1850.3812635599443,-22.728977823573853,-6252.424167211563,351.7025999999999,0.0,-0.0,6.480855530111096,-6.166984557758137,0.0,0.0,1640.5283942369329,-30.871000000000002,-1961.6738652092863,16076.982748778495,0.0,-0.0,56.251091701061014,-582.3191275691696,0.0,0.0,720.0,-19.512,-16251.402712910387,65168.86782031068,0.0,-0.0,196.37419054015498,-1668.1962850467078,0.0,0.0,3110.0,-50.6715,-66756.37422580413
t77,15513.518212215713,0.0,-1830.0,21.51864830729046,-360.4610792205143,0.0,0.0,-1942.8531330905398,-39.019999999999996,-11362.702648211947,2123.9341999999997,240.0,-0.0,1.4428845604853775,-0.0,0.0,0.0,-1367.288389157996,-17.911,-980.1776954024893,337.38054999999997,0.0,-0.0,1.0958743452618984,-2.0674791769558833,0.0,0.0,417.44777642844286,-11.644216683583041,-742.2125049131658,2679.9181270703975,394.4633939379375,-0.0,2.1638404979805435,-18.493175340834615,0.0,0.0,-1500.3458287440449,-87.42808299315446,-1470.2782744282813,1312.165255767388,0.0,-0.0,0.2501077194269956,-0.471773771922819,0.0,0.0,-1132.7003687112626,-10.8,-168.44322100362976,2117.87726,2158.341741816052,-4974.1330618341735,1.324442991847051,-2.4976258513561005,0.0,0.0,1675.9380237760124,-69.4125,-907.4382808983829,676.7615767013816,729.0439029716646,-0.0,2.4501709006422923,-25.83080502818848,0.0,0.0,352.59756577467374,-111.93884413314534,-1623.0835671870216,8116.037163141509,0.0,-0.0,8.77822730927182,-0.0,0.0,0.0,-1942.3952815890202,-22.728977823573853,-6159.691131038186,351.7025999999999,0.0,-0.0,2.9880680509736033,-0.0,0.0,0.0,1609.5996353137343,-30.871000000000066,-1933.419303364708,15989.196361885219,0.0,-0.0,25.416051132708393,-356.634388263634,0.0,0.0,720.0,-19.512,-16358.466024754296,64202.16096376138,0.0,-0.0,117.43501554229469,-187.9720318221026,0.0,0.0,3110.0,-50.6715,-67190.95244748157
t78,12463.799378157239,0.0,-1830.0,38.47808047545807,-24.338007437571783,0.0,0.0,841.670388552604,-39.019999999999996,-11450.589839747727,2302.6861085539367,240.0,-0.0,2.502520620183772,-2.795627188133455,0.0,0.0,-1546.321133117248,-17.911,-978.1608688687394,337.38054999999997,0.0,-0.0,1.899422979104529,-0.0,0.0,0.0,412.55986681081515,-11.644216683583046,-740.1956231063366,2545.7413370703975,394.4633939379375,-0.0,3.752338115317583,-4.193440782200181,0.0,0.0,-1385.0825348591693,-87.42808299315446,-1467.2530104891284,1408.1983057673883,0.0,-0.0,0.4335512609665031,-0.28494132028484676,0.0,0.0,-1230.1123367463779,-10.8,-167.43457896169187,2106.7010400000004,4209.315769727607,-2923.159033922618,2.2962898392048334,-0.0,0.0,0.0,-2420.319814258917,-69.4125,-905.4217513852755,676.7615767013816,0.0,-729.0439029716646,4.247991921033134,-4.749713539022655,0.0,0.0,1784.7802002267329,-111.93884413314534,-1620.0573082053181,8116.037163141509,0.0,-0.0,15.219635424442252,-68.62653624084852,0.0,0.0,-1898.3535735842222,-22.72897782357385,-6141.547710917307,351.7025999999999,0.0,-0.0,5.18152543258941,-5.790942032562155,0.0,0.0,1611.1789369757826,-30.871000000000066,-1931.4011203758096,16009.19089376098,89.09015382756336,-0.0,46.24988714971296,-29.008756537825132,0.0,0.0,720.0,-19.512,-16816.010178200435,65583.73677412597,0.0,-0.0,183.01253711003804,-0.0,0.0,0.0,3110.0,-50.6715,-68826.077811236
t79,13160.759127798372,0.0,-1830.0,92.62985483669777,-44.51871317310042,0.0,0.0,499.6656477716785,-39.019999999999996,-11839.515917233644,2489.173208553937,240.0,-0.0,5.980832496385231,-0.0,0.0,0.0,-1721.9391466447082,-17.911,-995.3038944056142,337.38054999999997,0.0,-0.0,4.540551201034043,-2.9613980210136353,0.0,0.0,425.98986835428946,-11.644216683583046,-753.3053548507268,2537.7574670703975,313.2793182437837,-81.1840756941539,8.968317355953515,-0.0,0.0,0.0,-1198.9294006674238,-87.42808299315446,-1492.4635433154021,1363.8669557673882,0.0,-0.0,1.0363546905186158,-0.0,0.0,0.0,-1183.6428053704012,-10.8,-170.46050508750557,2129.4928400000003,3368.3457313331896,-3764.129072317036,5.488652871186318,-1.5085128720962473,0.0,0.0,-747.7314162816624,-69.4125,-920.5457227335818,676.7615767013816,729.0439029716646,-0.0,10.153714672832255,-0.0,0.0,0.0,344.28204182181616,-111.93884413314527,-1648.3023920345515,8116.037163141509,0.0,-0.0,36.37825552026388,-0.0,0.0,0.0,-1889.3578870405534,-22.72897782357385,-6240.328553797644,352.0982914699263,0.0,-0.0,12.384260846102599,-7.546236197012812,0.0,0.0,1641.6630980569653,-30.871000000000002,-1967.7284141759815,16056.461269657435,656.362131960319,-0.0,112.75074098143484,-0.0,0.0,0.0,720.0,-19.512,-17526.062142599192,68119.19550389265,0.0,-0.0,445.597962019277,-130.05137364702867,0.0,0.0,3110.0,-50.6715,-71494.0705922649
t80,13545.181137541393,0.0,-1830.0,195.61655965559524,-36.071216677838834,0.0,0.0,683.6724241119573,-39.019999999999996,-12519.378904631105,2278.390958553937,102.85369460717868,-137.14630539282132,12.433174792169606,-0.0,0.0,0.0,-1199.9548576792256,-17.911,-1038.6656648812386,337.38054999999997,0.0,-0.0,9.441063955209856,-0.0,0.0,0.0,451.4065073917827,-11.644216683583046,-786.5839046634095,2616.33212,394.4633939379375,-0.0,18.64462858822465,-0.0,0.0,0.0,-1384.0011308692933,-87.42808299315446,-1558.0109286637137,1267.1554057673882,0.0,-0.0,2.154784639446456,-0.0,0.0,0.0,-1079.9805489838259,-10.8,-178.5296414230088,2106.7010400000004,3893.157701965071,-3239.3171016851547,11.411307102972827,-0.0,0.0,0.0,-1741.6641343871565,-69.4125,-960.8763129957322,676.7615767013816,729.0439029716646,-0.0,21.11040478049675,-0.0,0.0,0.0,406.96432026893945,-111.93884413314527,-1721.9413605893387,8115.363301614066,0.0,-0.0,75.63280547248795,-0.0,0.0,0.0,-1656.7952414366548,-22.72897782357385,-6511.471887826326,380.5880773046299,0.0,-0.0,25.74636641230456,-10.29673110734736,0.0,0.0,1690.3526615834767,-30.871000000000002,-2055.519374193064,16484.05116094805,825.1335911443912,-0.0,233.51157361218333,-0.0,0.0,0.0,720.0,-19.512,-18243.184325704624,70382.38073441564,0.0,-0.0,951.533877807063,-0.0,0.0,0.0,3110.0,-50.6715,-74393.2431122227
t81,9305.224623858969,1568.5188427594746,-261.48115724052536,318.327357426713,-251.17281925023795,0.0,0.0,2655.8240144446895,-39.019999999999996,-13296.22086199908,2066.098568329935,0.0,-240.0,20.279609161405247,-5.797791825809009,0.0,0.0,-731.5662309067932,-17.911,-1091.1031547587381,337.47734999999994,0.0,-0.0,15.396728723513975,-4.402042237225528,0.0,0.0,489.0852800938746,-11.644216683583046,-825.91309989658,3256.029169281339,180.82420744642025,-213.63918649151728,30.409847724361196,-8.694063465308274,0.0,0.0,-1519.8256791074018,-87.42808299315446,-1637.6762123947385,1158.8840200000002,0.0,-0.0,3.514182112954241,-1.0047218229525914,0.0,0.0,-962.9860604895518,-10.8,-187.60741980044992,4395.235074547684,3730.055352075006,-2698.2567987214234,18.61124602228481,-5.3209679615644765,0.0,0.0,-4361.638384651675,-69.4125,-1009.2730213103125,978.7470200577955,729.0439029716646,-0.0,34.42984853945223,-9.84352830155376,0.0,0.0,189.26447192452906,-111.93884413314527,-1809.7028710587426,8116.037163141509,0.0,-0.0,123.35343487406188,-35.26680554238579,0.0,0.0,-1342.3333968629822,-22.72897782357385,-6839.061417786629,436.77626603418423,0.0,-0.0,41.99272952073753,-40.6,0.0,0.0,1754.1759855553105,-30.871000000000002,-2161.473981110232,19999.924198462308,0.0,-1707.108570517446,384.5344382255526,-430.6619635299006,0.0,0.0,720.0,-19.512,-18947.17610264052,71967.76725060563,0.0,-0.0,1556.3836302950833,-333.85304320194837,0.0,0.0,3110.0,-50.6715,-76249.62633769875
t82,13155.679498104022,0.0,-1830.0,358.55212373440213,-0.0,0.0,0.0,2577.3604428998456,-39.019999999999996,-14222.572064738266,2266.802080928265,0.0,-240.0,25.009329301687842,-9.663409451960183,0.0,0.0,-870.6122234730058,-17.911,-1153.6247773049874,337.98335,0.0,-0.0,18.97603857622795,-7.345150920923867,0.0,0.0,535.3398013853464,-11.644216683583046,-873.3098223570674,4764.082631615778,180.82420744642025,-213.63918649151728,37.49662506770134,-14.494627835192746,0.0,0.0,-2936.3905936146098,-87.42808299315446,-1730.4509731954258,927.58747,0.0,-0.0,4.331618168419769,-1.6260238363818922,0.0,0.0,-721.799224112209,-10.8,-197.69384021982893,9678.478720137951,1296.3096744378129,-5211.327120744745,22.944356575043777,-8.873904626874932,0.0,0.0,-4640.366848588748,-69.4125,-1067.7523771904305,1380.3295554887086,0.0,-729.0439029716646,42.44532277534795,-16.41667492544387,0.0,0.0,1347.2202202028602,-111.93884413314527,-1912.5956764366645,8116.037163141509,0.0,-0.0,152.07414937327835,-58.8143813680955,0.0,0.0,-953.3911317996333,-22.72897782357385,-7233.176821523485,469.6186580380786,0.0,-0.0,51.777745305905576,-40.6,0.0,0.0,1832.6395571001544,-30.871000000000002,-2282.5649604441387,21313.787437303192,0.0,-2737.0587004484005,475.97405037664726,-331.3,0.0,0.0,720.0,-19.512,-19421.890787231438,74133.85802710571,0.0,-0.0,1569.666167302513,-1770.0777538866412,0.0,0.0,3110.0,-50.6715,-76992.7749405216
t83,12727.270484928717,784.2594213797377,-1045.7405786202623,350.8621448187985,-258.5,0.0,0.0,2495.4355136571476,-39.019999999999996,-15014.566986164135,2348.7308401039654,0.0,-240.0,27.86171031416733,-15.438180299399988,0.0,0.0,-891.1306233349962,-17.911,-1212.1127467837368,338.25775,0.0,-0.0,21.13003161004866,-11.73316426585563,0.0,0.0,581.6708214467012,-11.644216683583046,-917.6812221073111,5416.964528648395,0.0,-394.4633939379375,41.76827958585541,-23.155827634141897,0.0,0.0,-3135.5018762381583,-87.42808299315446,-1818.1836274308582,796.04787,0.0,-0.0,4.823736854038906,-2.7275855287233135,0.0,0.0,-579.5637606861077,-10.8,-207.78026063920797,11698.074781647952,686.1992626759924,-6446.275540974233,25.554573381661672,-14.175977299709517,0.0,0.0,-4758.774190143885,-69.4125,-1121.1904092877799,1716.8041404273872,0.0,-729.0439029716646,47.27353216753454,-26.225413722966803,0.0,0.0,1111.5576990901332,-111.93884413314527,-2008.427210857278,8115.6440067322455,0.0,-0.0,169.37570028616102,-93.95556398212051,0.0,0.0,-568.2580701336869,-22.72897782357385,-7600.077095079025,467.24450921851997,0.0,-0.0,45.65430375552825,-0.0,0.0,0.0,1914.5644863428524,-30.871000000000002,-2396.5922993169006,21576.54091805366,0.0,-2890.323714219775,519.0003012129309,-331.3,0.0,0.0,720.0,-19.512,-19574.405505046816,73135.74120297682,0.0,-0.0,1983.8786249402617,-1411.4,0.0,0.0,3110.0,-50.6715,-76767.54832791707
t84,11404.656288172999,1830.0,-0.0,489.6329210947665,-643.6807799060904,0.0,0.0,2321.4967301339984,-39.019999999999996,-15363.085159495671,2181.710269400551,0.0,-240.0,31.15218158125561,-16.404581562860123,0.0,0.0,-692.1480715614606,-17.911,-1246.3987978574864,338.32255,0.0,-0.0,23.615179023274106,-12.464727787282813,0.0,0.0,606.0719010436833,-11.644216683583046,-943.9006855960914,5636.770111420982,0.0,-394.4633939379375,46.69616460951733,-24.60394095566585,0.0,0.0,-3306.3493224342355,-87.42808299315446,-1870.6215357095075,875.84172,0.0,-0.0,5.391499917463616,-2.8445560591928314,0.0,0.0,-653.7565509674354,-10.8,-213.8321128908354,13166.610129969124,0.0,-7132.474803650225,28.565899160006964,-15.0614836465204,0.0,0.0,-4824.772360334884,-69.4125,-1153.4548814975,1894.016058713015,0.0,-729.0439029716646,52.84370266977628,-27.86345160720031,0.0,0.0,986.9038158449648,-111.93884413314527,-2064.917378515745,8116.037163141509,0.0,-0.0,189.33592346615376,-99.82485060345032,0.0,0.0,-355.94941159063274,-22.728977823573853,-7826.869846590003,493.360146233665,0.0,-0.0,64.47906393459706,-153.28823357816276,0.0,0.0,2088.5032698660016,-30.871000000000002,-2462.1832464561,21534.43496673175,0.0,-3240.891985364924,575.1581352774932,-52.35539249470071,0.0,0.0,720.0,-19.512,-19516.83372414962,72399.37243035942,0.0,-0.0,1573.2783923998327,-1411.4,0.0,0.0,3110.0,-50.6715,-75620.57932275924
t85,14640.539722260364,0.0,-1830.0,139.2851775345862,-0.0,0.0,0.0,2436.11709803897,-39.019999999999996,-15346.921997833919,1984.0875899368316,0.0,-240.0,6.8765583803724795,-72.98732261840433,0.0,0.0,-396.524002304439,-17.911,-1263.5418233943612,337.38054999999997,0.0,-0.0,18.29753736475023,-46.76336008381816,0.0,0.0,659.7399067431326,-11.644216683583046,-957.0104173404816,5628.8170437540575,0.0,-394.4633939379375,0.0,-56.260930572345124,0.0,0.0,-3194.8325677148387,-87.42808299315446,-1895.8320685357812,800.7774199999999,0.0,-0.0,4.178816737404155,-13.432084499787402,0.0,0.0,-563.8661132209677,-10.8,-216.8580390166491,14618.655187692399,0.0,-7132.474803650225,22.151785811870567,-72.6,0.0,0.0,-6196.732552251684,-69.4125,-1169.5871176023602,1812.8897254895955,0.0,-729.0439029716646,0.0,-53.125011745627674,0.0,0.0,1174.38049570582,-111.93884413314527,-2093.1624623449784,8116.037163141509,0.0,-0.0,0.0,-439.44452218361073,0.0,0.0,277.83483304297715,-22.72897782357385,-7931.6984961773005,480.6980191960189,0.0,-0.0,72.78243611032512,-0.0,0.0,0.0,1973.8829019610298,-30.871000000000002,-2496.4923572673733,21480.34477216239,0.0,-3240.891985364924,648.4458591976733,-204.8770460285043,0.0,0.0,720.0,-19.512,-19383.509599966637,68680.61676376947,0.0,-0.0,2348.696218190707,-0.0,0.0,0.0,3110.0,-50.6715,-74088.64148196019
t86,14017.40376112179,522.7782641392126,-1307.2217358607872,578.1077843137681,-1155.190837345167,0.0,0.0,2480.5459533118005,-39.019999999999996,-15097.403189680615,2007.5839099520354,0.0,-240.0,32.38794317055414,-44.403898381624096,0.0,0.0,-479.1571976809789,-17.911,-1258.4997570599862,337.38054999999997,0.0,-0.0,18.769392902873268,-49.51167549281464,0.0,0.0,657.9826030003476,-11.644216683583046,-952.9766537268231,5685.9451938520515,0.0,-394.4633939379375,37.16423029327234,-98.00491674421144,0.0,0.0,-3255.4483324386465,-87.42808299315446,-1887.7646980313734,717.2692150169571,0.0,-0.0,6.411973201607015,-10.6769979792312,0.0,0.0,-486.3547932646217,-10.8,-215.8493969747112,14038.740194453536,0.0,-7132.474803650225,22.723034423434157,-43.90469520031006,0.0,0.0,-5651.12543620684,-69.4125,-1164.5457938195914,1867.7711697590144,0.0,-729.0439029716646,54.91858927540467,-134.3,0.0,0.0,1136.6766734702587,-111.93884413314527,-2084.0836853998676,8116.037163141509,0.0,-0.0,150.6129332937879,-185.9359457966595,0.0,0.0,-162.57351687951905,-22.72897782357385,-7895.411655935543,558.2535473016009,0.0,-0.0,69.15575683863226,-40.6,0.0,0.0,1929.4540466881995,-30.871000000000002,-2485.392350828432,22512.21174442972,0.0,-3092.8449798108204,177.77750290182934,-1129.2593224857137,0.0,0.0,720.0,-19.512,-19168.37294503501,69930.21912903366,0.0,-0.0,2484.8263502933405,-2974.2250382471743,0.0,0.0,3110.0,-50.6715,-72500.14894107984
t87,10782.944581531752,1625.291410775495,-204.70858922450486,535.5226620311224,-258.5,0.0,0.0,2416.4562924520433,-39.019999999999996,-14857.986357565907,2245.9905563100538,0.0,-240.0,34.294694927227,-34.294694927227,0.0,0.0,-732.6050390506929,-17.911,-1255.4745172593614,338.24215,0.0,-0.0,25.98040935976316,-25.98040935976316,0.0,0.0,624.3618386035768,-11.644216683583046,-950.9597719199937,5427.128982916091,0.0,-394.4633939379375,51.398539180930584,-51.398539180930584,0.0,0.0,-3061.5064932058294,-87.42808299315446,-1883.7310127791698,748.036465016957,0.0,-0.0,5.932211140676351,-5.932211140676351,0.0,0.0,-522.3957100841839,-10.8,-214.84075493277328,13930.31423419142,0.0,-7132.474803650225,31.436531834105327,-31.436531834105327,0.0,0.0,-5566.9059309912645,-69.4125,-1161.5209995499301,1690.9791900104697,0.0,-729.0439029716646,58.153233572103865,-58.153233572103865,0.0,0.0,1229.0434775247022,-111.93884413314527,-2079.0399204303617,8116.037163141509,0.0,-0.0,208.36449784946592,-208.36449784946592,0.0,0.0,-209.99214279630814,-22.728977823573853,-7883.316042521625,549.5483349632193,0.0,-0.0,70.9706487336832,-104.86298087757083,0.0,0.0,1993.5437075479567,-30.871000000000002,-2478.3287103672874,22192.81892132379,0.0,-3240.891985364924,639.7462643290239,-1339.9349414283208,0.0,0.0,720.0,-19.512,-18952.22625885957,70950.58017501164,0.0,-0.0,2299.511896063689,-4910.6,0.0,0.0,3110.0,-50.6715,-71398.82057107534
t88,13318.475094397105,613.5608190392613,-1216.4391809607387,528.1713464386327,-841.7418832195173,0.0,0.0,2381.838030238897,-39.019999999999996,-14744.84422593364,2372.8260778651447,0.0,-240.0,34.12190724292854,-34.12190724292854,0.0,0.0,-866.499453473909,-17.911,-1248.4156243912364,338.15135,0.0,-0.0,25.84531648442314,-25.84531648442314,0.0,0.0,618.4019931830891,-11.644216683583046,-944.909126499506,4966.3787675588255,97.93338791508896,-296.5300060228485,51.13756148142854,-51.13756148142854,0.0,0.0,-2807.715688122302,-87.42808299315446,-1872.6383783356093,845.322215016957,0.0,-0.0,5.901541291603504,-5.901541291603504,0.0,0.0,-620.6901021261217,-10.8,-213.8321128908354,12498.113164279388,740.7966155551717,-6391.678188095054,31.275429931758026,-31.275429931758026,0.0,0.0,-5622.347680728898,-69.4125,-1155.4714110106077,1595.7319428106957,0.0,-729.0439029716645,57.85501543545592,-57.85501543545592,0.0,0.0,1312.185688797661,-111.93884413314527,-2066.934884503547,8116.037163141509,0.0,-0.0,207.29716934817677,-207.29716934817677,0.0,0.0,-253.33475752951927,-22.728977823573853,-7839.973427788415,411.0563204889657,0.0,-0.0,70.60990882997956,-14.755769635049296,0.0,0.0,2028.1619697611031,-30.871000000000002,-2464.201429444998,19946.310219206818,0.0,-1590.5387422347726,647.462036232779,-647.462036232779,0.0,0.0,720.0,-19.512,-19056.25947697205,68139.07015148891,0.0,-0.0,564.8938946039978,-564.8938946039978,0.0,0.0,3110.0,-50.6715,-71198.39865148893
t89,14163.833938616903,113.9260343244564,-1716.0739656755436,256.19601166279335,-120.58915152020428,0.0,0.0,2201.7338853652236,-39.019999999999996,-14860.006752773626,2437.0011210042644,0.0,-240.0,37.638727149783506,-0.0,0.0,0.0,-968.3132237628124,-17.911,-1248.4156243912364,337.86355,0.0,-0.0,13.799357953872963,-6.4103142477429635,0.0,0.0,612.3091903803734,-11.644216683583046,-945.9175674029207,3999.437158095027,180.82420744642025,-213.63918649151728,56.40908675241318,-0.0,0.0,0.0,-2061.956383160527,-87.42808299315446,-1873.6467996486604,869.9117150169571,0.0,-0.0,6.5101654142894,-5.047409142992348,0.0,0.0,-646.7423583974188,-10.8,-213.8321128908354,8282.692660541165,2734.7442557460736,-4397.7305479041515,34.50017264430534,-7.744003789219686,0.0,0.0,-5421.578626227565,-69.4125,-1155.4714110106077,1207.176554624651,543.4938580300915,-185.5500449415731,63.820418994738674,-0.0,0.0,0.0,550.9416949226861,-111.93884413314527,-2067.9436374974484,8116.037163141509,0.0,-0.0,228.67091184161816,-177.34537561640101,0.0,0.0,-304.6602937547359,-22.728977823573853,-7839.973427788415,351.7025999999999,0.0,-0.0,77.88892856813973,-140.76703076901774,0.0,0.0,2208.2661146347764,-30.870999999999995,-2466.219612433897,17612.10210355294,137.79986505982507,-0.0,741.462566291405,-0.0,0.0,0.0,1320.0,-9.702,-19801.66253490417,72860.18041242682,0.0,-0.0,1692.824158679296,-4173.736240051894,0.0,0.0,2510.0,-40.8615,-72848.40683105422
t90,14057.94165795746,1830.0,-0.0,563.1874362848048,-305.14884527997447,0.0,0.0,-360.0,-39.019999999999996,-15746.96024896229,2405.9500827266825,126.72984633535957,-113.27015366464043,32.07140936017304,-8.432359681594772,0.0,0.0,-1143.4445628778699,-17.911,-1281.693262198111,337.38054999999997,0.0,-0.0,26.491113478858487,-0.0,0.0,0.0,618.9011431930109,-11.644216683583046,-971.1285899882863,2532.5974480570108,180.82420744642025,-213.63918649151728,54.244651402677604,-12.648539522392154,0.0,0.0,-530.8910539108883,-87.42808299315446,-1923.0594439881568,868.1529299999999,0.0,-0.0,6.261286494559721,-5.968901070291226,0.0,0.0,-637.7613502818057,-10.8,-219.88396514246278,2152.2846400000003,5777.459808233102,-1355.014995417123,32.05377683541157,-50.643111187617876,0.0,0.0,-5300.0,-69.4125,-1186.7276184637742,676.7615767013816,288.97147719833686,-440.0724257733277,61.37653267094878,-0.0,0.0,0.0,1648.3267354978207,-111.93884413314534,-2123.4250521620143,8116.037163141509,0.0,-0.0,215.5166536097379,-0.0,0.0,0.0,-262.2180153181416,-22.728977823573853,-8046.60682360953,351.7025999999999,0.0,-0.0,74.9009473696727,-0.0,0.0,0.0,2137.0871036978738,-30.871000000000066,-2532.8196510675457,16587.993520547192,3240.891985364924,-0.0,663.1020517190674,-0.0,0.0,0.0,720.0,-19.512,-21192.475557631184,72289.90445748679,0.0,-0.0,2606.7112644615336,-1355.0834311129988,0.0,0.0,3110.0,-50.6715,-76600.86079083532
t91,17363.97800020486,1830.0,-0.0,658.6172699248244,-437.6138434921872,0.0,0.0,-2217.7551250834535,-39.019999999999996,-17158.206301554048,2209.0159327266824,240.0,-0.0,44.956749389241054,-0.0,0.0,0.0,-1096.552333030939,-17.911,-1379.509349084985,337.38054999999997,0.0,-0.0,8.139675883727651,-0.0,0.0,0.0,710.8687667374095,-11.644216683583046,-1044.744775937554,2502.1595180570107,331.97792201229674,-62.48547192564075,67.37765843833,-89.3,0.0,0.0,-593.021009208298,-87.42808299315446,-2069.280534380544,927.7505299999999,0.0,-0.0,7.776337194764266,-0.0,0.0,0.0,-687.6959873393571,-10.8,-237.03087985540714,2129.49284,4981.24412921324,-2151.2306744369857,41.20940795736252,-0.0,0.0,0.0,-3653.8317561800045,-69.4125,-1277.4714465536124,676.7615767013816,729.0439029716646,-0.0,76.23165815656749,-31.516471263683695,0.0,0.0,945.2349557595189,-111.93884413314527,-2283.816778192304,8116.037163141509,0.0,-0.0,273.14020694581006,-112.91036101373768,0.0,0.0,411.9610120383734,-22.72897782357385,-8665.499043288379,351.7025999999999,0.0,-0.0,90.49668422280064,-40.6,0.0,0.0,2350.79147630675,-30.871000000000002,-2721.51976052955,18220.100644371483,2023.2284985802999,-0.0,856.7069754834671,-331.3,0.0,0.0,720.0,-19.512,-21469.22411843525,73142.05064258806,0.0,-0.0,3009.9275414741246,-0.0,0.0,0.0,3110.0,-50.6715,-79211.30668406219
t92,17088.74837913595,913.576633048799,-916.423366951201,718.7124826780463,-258.5,0.0,0.0,-360.0,-39.019999999999996,-17147.094127911594,2004.818982726683,0.0,-240.0,46.42968736164863,-19.6,0.0,0.0,-387.16942813522246,-17.911,-1386.56824195311,337.38054999999997,0.0,-0.0,35.17801844126206,-14.9,0.0,0.0,703.7726286969482,-11.644216683583046,-1049.7869804546274,2536.338518057011,394.4633939379375,-0.0,26.528282817975974,-29.4,0.0,0.0,-760.1289429956646,-87.42808299315446,-2080.3731688241046,1125.01578,0.0,-0.0,8.032145434405267,-1.7551416955655477,0.0,0.0,-882.4532618414949,-10.8,-238.03952189734505,2106.7010400000004,6217.476165674303,-914.9986379759221,42.56314330740207,-18.0,0.0,0.0,-6080.808175912849,-69.4125,-1283.5210350929349,676.7615767013816,626.8859783457009,-102.15792462596369,51.940960692752306,-101.0,0.0,0.0,1255.4300671383926,-111.93884413314527,-2295.921814119118,8116.037163141509,0.0,-0.0,282.1122843371302,-0.0,0.0,0.0,334.4291561510172,-22.72897782357385,-8709.84962580608,351.7025999999999,0.0,-0.0,96.08668788695104,-26.1810203450861,0.0,0.0,2346.927956898873,-30.871000000000002,-2737.6652244407373,17987.102826252893,1915.255448235875,-0.0,860.32740851379,-331.3,0.0,0.0,720.0,-19.512,-21131.873683002555,74760.42694459965,0.0,-0.0,2406.076151172649,-1411.4,0.0,0.0,3110.0,-50.6715,-78814.43159577229
t93,17475.680371998278,933.7597144247278,-896.2402855752722,518.3793200750924,-978.4,0.0,0.0,-295.3887770476683,-39.019999999999996,-16718.770343875156,2211.292332726682,240.0,-0.0,5.735786420748539,-19.6,0.0,0.0,-1060.1760353999464,-17.911,-1359.341083747485,337.38054999999997,0.0,-0.0,30.226387046239772,-0.0,0.0,0.0,673.6554420236778,-11.644216683583046,-1029.6181623863347,2538.768978057011,394.4633939379375,-0.0,51.247027534556,-29.4,0.0,0.0,-828.6234215473328,-87.42808299315446,-2039.0278949890157,1095.27218,0.0,-0.0,6.901462734171646,-1.8573757050116793,0.0,0.0,-856.5199553415044,-10.8,-232.99631168765552,2108.888686666667,5650.341518629984,-1482.1332850202407,36.570863587393205,-0.0,0.0,0.0,-4985.940867684712,-69.4125,-1258.314416179091,676.7615767013816,729.0439029716646,-0.0,67.6513223457588,-18.19135616967321,0.0,0.0,908.210080671478,-111.93884413314527,-2251.5366823874656,8088.689857283373,0.0,-0.0,226.2955659021315,-65.17203576702744,0.0,0.0,309.3947572783409,-22.72897782357385,-8536.479166873243,351.7025999999999,0.0,-0.0,62.67364338495571,-4.710645197694536,0.0,0.0,2305.3887770476686,-30.871000000000002,-2684.1833752349285,16824.18789642495,3240.891985364924,-0.0,737.5703923624748,-784.3673698682759,0.0,0.0,720.0,-19.512,-20718.770904284072,76818.17171091479,0.0,-0.0,2733.3045744835836,-4910.6,0.0,0.0,3110.0,-50.6715,-77700.20478539837
t94,17401.567005561144,364.74208349556284,-1465.2579165044372,535.7936508619007,-258.5,0.0,0.0,-360.0,-39.019999999999996,-16179.324823414168,2015.0221327266831,0.0,-240.0,34.3393196351938,-70.04319383575336,0.0,0.0,-397.36063911926294,-17.911,-1324.0466194068606,337.38054999999997,0.0,-0.0,23.071677714185974,-60.0,0.0,0.0,713.5822469635368,-11.644216683583046,-1002.3902579941398,2583.6579980570104,0.0,-394.4633939379375,51.46888528198627,-104.96479075363001,0.0,0.0,-62.68905025695858,-87.42808299315446,-1985.5815653973154,922.7043299999999,0.0,-0.0,5.061319362764222,-13.700000000000001,0.0,0.0,-676.3211899267361,-10.8,-226.94445943602813,2131.6804866666666,6659.812575443642,-472.66222820658277,26.822104286047253,-72.6,0.0,0.0,-6978.5987589769575,-69.4125,-1225.041679212817,676.7615767013816,729.0439029716646,-0.0,51.645487176247585,-134.3,0.0,0.0,981.8168860250453,-111.93884413314527,-2193.0290087411963,8003.683954414863,0.0,-0.0,185.0479422009364,-481.2,0.0,0.0,624.8834965700382,-22.72897782357385,-8309.686415362265,351.7025999999999,0.0,-0.0,71.06844269020877,-101.021897799122,0.0,0.0,2324.687008721295,-30.871000000000002,-2615.5651536123814,17964.87941932151,805.193399333868,-0.0,629.06093317288,-0.0,0.0,0.0,720.0,-19.512,-20099.621751828257,70613.24851639278,0.0,-0.0,2350.830520980712,-0.0,0.0,0.0,3110.0,-50.6715,-76023.4075373735
t95,16509.37056852085,547.7364563668327,-1282.2635436331673,424.56665412428777,-258.5,0.0,0.0,-360.0,-39.019999999999996,-15541.890135378806,2209.8153827266824,240.0,-0.0,27.501087526564227,-0.0,0.0,0.0,-1176.7037947882611,-17.911,-1282.701675464986,337.38054999999997,0.0,-0.0,20.840308399710306,-14.9,0.0,0.0,639.4519482721591,-11.644216683583046,-971.1285899882863,2505.2912270855554,112.04976319167281,-282.4136307462647,41.21986267436876,-0.0,0.0,0.0,-363.64285259791995,-87.42808299315446,-1925.0762866142586,893.9061355720303,0.0,-0.0,4.758278373096368,-3.4,0.0,0.0,-664.5804488026639,-10.8,-219.88396514246278,2108.8886866666667,7132.474803650225,-0.0,25.213310409670825,-18.0,0.0,0.0,-7991.428417506235,-69.4125,-1187.7358832203279,676.7615767013816,0.0,-729.0439029716646,46.64144739634327,-33.3,0.0,0.0,2276.322281156901,-111.93884413314527,-2125.4425581498163,6497.375186768313,0.0,-0.0,167.11563111437414,-119.3,0.0,0.0,1531.2007580418708,-22.72897782357385,-8053.662598100982,351.7025999999999,0.0,-0.0,56.91661633784686,-123.3,0.0,0.0,2279.380526224149,-30.871000000000002,-2533.8287425619947,17666.237520626713,1154.6610997020553,-0.0,494.36341454172805,-865.5576522240744,0.0,0.0,720.0,-19.512,-19150.192382646423,68950.92921076031,0.0,-0.0,1858.8094364254134,-813.2930825000263,0.0,0.0,3110.0,-50.6715,-73055.7740646857
t96,15864.32575452057,1830.0,-0.0,302.91438209852043,-0.0,0.0,0.0,-3225.498281931762,-39.019999999999996,-14732.721854687326,2269.0531499999993,240.0,-0.0,19.877289731292546,-75.1175800835482,0.0,0.0,-1211.6881536615078,-17.911,-1224.2137059862366,337.38054999999997,0.0,-0.0,15.06564805111488,-45.1,0.0,0.0,631.055208870511,-11.644216683582998,-926.7571902380428,2520.0571070855553,0.0,-394.4633939379375,29.794245499036673,-112.5763701253223,0.0,0.0,-118.03987314935193,-87.42808299315442,-1837.3436323788262,924.8204355720302,0.0,-0.0,3.4396912215478777,-10.3,0.0,0.0,-697.3625820704943,-10.8,-209.79754472308377,2106.7010400000004,5677.927657636808,-1454.5471460134172,18.225439947890273,-54.6,0.0,0.0,-5091.004905204856,-69.4125,-1133.2895863664248,676.7615767013816,0.0,-729.0439029716646,16.723577776621333,-0.0,0.0,0.0,2176.0998633621075,-111.93884413314534,-2028.6022707353018,6092.502507993717,0.0,-0.0,120.79922666636102,-0.0,0.0,0.0,1493.165664355458,-22.72897782357385,-7683.738421191963,351.7025999999999,0.0,-0.0,41.14030300383119,-155.4435587444927,0.0,0.0,2213.2730594298955,-30.871000000000066,-2419.8014036892328,16058.988821876052,1618.6366135241497,-0.0,347.7670354095385,-671.5719876976747,0.0,0.0,720.0,-19.512,-18054.308483112065,65314.629083041254,0.0,-0.0,1337.1516750812305,-0.0,0.0,0.0,3110.0,-50.6715,-69711.1092581225
t97,16055.77425897221,1435.4375883338032,-394.5624116661968,96.41664339404753,-1182.7583180157308,0.0,0.0,-3560.0,-39.019999999999996,-12411.287761018135,2041.0840800000003,240.0,-0.0,6.802233656009859,-29.22657792988015,0.0,0.0,-1172.8390861055163,-17.911,-1067.9096496206134,338.63675,0.0,-0.0,5.160878648151872,-22.14806979589165,0.0,0.0,498.7642623698542,-11.644216683582998,-808.7696045385313,2431.6783982660627,0.0,-381.472536134642,10.198447053358654,-43.80619426845411,0.0,0.0,-326.7885654852148,-87.42808299315442,-1602.3814664379554,905.326591121144,0.0,-0.0,1.1780779774207608,-5.056859847000506,0.0,0.0,-708.0835996608039,-10.8,-182.56420959076038,2099.0635370485193,1166.7,-1791.6671741147775,6.24034465504365,-26.79537986743761,0.0,0.0,-395.0211015421107,-69.4125,-989.1077261792374,676.9151767013817,0.0,-0.0,11.54414726876514,-49.56808549212294,0.0,0.0,1238.3653449822114,-111.93884413314527,-1765.31773932709,8116.037163141509,0.0,-0.0,41.360761764192404,-177.60168017866903,0.0,0.0,-1229.8902731955795,-22.72897782357385,-6727.176993707879,351.7025999999999,0.0,-0.0,14.082635753560785,-60.48785444189067,0.0,0.0,1825.4930186371594,-30.871000000000002,-2099.9193999488293,16009.260533616089,0.0,-0.0,115.00308518992951,-1358.143182336366,0.0,0.0,720.0,-19.512,-15466.608436469654,59082.49227661302,0.0,-0.0,463.72868759883306,-4146.841146828989,0.0,0.0,3110.0,-50.6715,-58458.70831738286
t98,16483.367907546224,271.13137932943505,-1558.868620670565,53.998299106817775,-0.0,0.0,0.0,-3560.0,-39.019999999999996,-11650.608965311912,2052.5518434058927,240.0,-0.0,3.790666921463236,-21.089580982767206,0.0,0.0,-1256.9959686046,-17.911,-1000.3459607399891,338.63675,0.0,-0.0,2.875553527401114,-15.978491167089304,0.0,0.0,443.4495227876565,-11.644216683583046,-757.3391184643853,2432.74887227125,322.878354584361,-71.58503935357652,5.683057049039451,-31.608481038653725,0.0,0.0,-1070.1577666994554,-87.42808299315446,-1500.5309138198097,847.366451121144,0.0,-0.0,0.6564233776017321,-3.6483575526342156,0.0,0.0,-662.105369816668,-10.8,-171.46914712944346,2091.410349210516,2683.1670961707478,-4199.515460189917,3.477260234236512,-19.3331097037085,0.0,0.0,436.80167555102844,-69.4125,-926.5953112729044,676.9151767013817,0.0,-729.0439029716646,6.432637100022008,-35.76366390831103,0.0,0.0,1846.744754215775,-111.93884413314534,-1653.3461570040574,8116.037163141509,0.0,-0.0,23.047194885759364,-128.14159597119516,0.0,0.0,-1690.4310667187394,-22.728977823573853,-6297.782717513759,351.7025999999999,0.0,-0.0,7.847470528072499,-43.64487563709382,0.0,0.0,1682.6942192850029,-30.871000000000066,-1967.7284141759815,15961.785043616088,0.0,-1549.5321325590403,66.4570069113457,-121.65213524197705,0.0,0.0,720.0,-19.512,-15057.545782726416,54592.27100122007,0.0,-0.0,271.485380329074,-871.2987521540169,0.0,0.0,3110.0,-50.6715,-57051.78612939513
t99,16139.441242953364,0.0,-1830.0,26.849262595092487,-95.111219604901,0.0,0.0,-2934.415212494403,-39.019999999999996,-11267.744073449152,1856.2680934058928,68.48867057228873,-171.51132942771127,1.89414145865247,-38.34702923155715,0.0,0.0,-735.8468769119513,-17.911,-963.0346698656145,338.63675,0.0,-0.0,1.4371595078149562,-29.042139040984793,0.0,0.0,429.71521938552854,-11.644216683583046,-729.1027731687757,2443.67257227125,0.0,-394.4633939379375,2.839879310999571,-57.46797496628426,0.0,0.0,-462.0852580828646,-87.42808299315446,-1445.0677416020076,801.8228611211439,0.0,-0.0,0.32805872930494795,-6.631651831188942,0.0,0.0,-619.3019731414439,-10.8,-165.41729487781606,2069.3380400000005,3459.6118643463506,-3672.862939303875,1.7377223624232307,-35.14585243409542,0.0,0.0,-860.9520254207268,-69.4125,-892.3143095500766,676.9183767013817,152.25266951141353,-576.7912334602511,3.2146530827850635,-65.01457011497138,0.0,0.0,1513.1711727888726,-111.93884413314527,-1591.8122243760847,8116.037163141509,0.0,-0.0,11.517548662244655,-232.951165816,0.0,0.0,-1809.956312221838,-22.72897782357385,-6061.918255942342,351.7025999999999,0.0,-0.0,3.9214842148129057,-79.35052373800178,0.0,0.0,1649.671266098827,-30.871000000000002,-1895.0738265756377,16009.261553616088,0.0,-1849.5458100964447,33.716977709479146,-0.0,0.0,0.0,720.0,-19.512,-14893.92072122912,53621.511465969634,0.0,-0.0,143.95388828858646,-91.49998321574951,0.0,0.0,3110.0,-50.6715,-56733.29387104248
t100,12188.137957058601,1830.0,-0.0,36.58700678815564,-0.0,0.0,0.0,-2884.337566918641,-39.019999999999996,-11131.367396928117,1946.1732816485269,0.0,-240.0,2.5775969732769353,-0.0,0.0,0.0,-747.9734740936889,-17.911,-942.8664045281147,338.6653,0.0,-0.0,1.9560509646180257,-0.0,0.0,0.0,384.9990253365214,-11.644216683583046,-713.9761596175563,2458.352999432188,394.4633939379375,-0.0,3.8647386953243967,-0.0,0.0,0.0,-1354.437946861815,-87.42808299315446,-1414.8151022104792,818.4476557757712,0.0,-0.0,0.44649174991071106,-0.0,0.0,0.0,-646.7114208156175,-10.8,-161.38272671006445,2068.29966,2830.81576417199,-4301.659039478235,2.364949333356239,-0.0,0.0,0.0,342.74844514844426,-69.4125,-873.1572791755551,676.9183767013817,0.0,-729.0439029716646,4.374990590249942,-0.0,0.0,0.0,1719.221508384425,-111.93884413314534,-1559.5321285712464,8116.037163141509,0.0,-0.0,15.674745215593418,-0.0,0.0,0.0,-2174.068615437336,-22.72897782357385,-5934.914315096193,351.7025999999999,0.0,-0.0,5.336704528859214,-0.0,0.0,0.0,1530.5600452577082,-30.871000000000066,-1856.7283497865672,16056.738063616087,0.0,-1796.3301962109394,46.50164877670081,-18.53385803454537,0.0,0.0,720.0,-19.512,-14988.863658147304,54472.21860951271,0.0,-0.0,182.709070009159,-498.759076207156,0.0,0.0,3110.0,-50.6715,-57215.497103314716
t101,15942.54108945161,345.80972711818004,-1484.19027288182,34.71043102289678,-93.33061372485562,0.0,0.0,-3560.0,-39.019999999999996,-11146.52036098601,2144.2455316485257,0.0,-240.0,2.4774080382655574,-0.0,0.0,0.0,-953.0044280268027,-17.911,-935.8075116599898,338.6653,0.0,-0.0,1.8815518581746447,-0.0,0.0,0.0,379.02287902247707,-11.644216683583046,-707.9255141970685,2529.530619432188,0.0,-394.4633939379375,3.7152551125470175,-0.0,0.0,0.0,-647.6319298467224,-87.42808299315446,-1403.7224677669187,892.2379857757712,0.0,-0.0,0.4294221708792285,-0.2758449970371434,0.0,0.0,-721.2174782814868,-10.8,-160.37408466812653,2091.0691,2653.4293310143785,-4479.045472635847,2.2740163951380223,-0.0,0.0,0.0,667.7849511060085,-69.4125,-866.0994258796788,676.9183767013817,0.0,-729.0439029716646,4.20684463652021,-2.7016583533343748,0.0,0.0,1709.9862767646746,-111.93884413314534,-1547.4270926444322,8116.037163141509,0.0,-0.0,15.071875283796755,-0.0,0.0,0.0,-2223.8641347302,-22.72897782357385,-5884.515925871531,351.7025999999999,0.0,-0.0,5.130427165926584,-3.293913788149418,0.0,0.0,1518.9238639920518,-30.871000000000066,-1841.5919773698288,16104.214573616087,0.0,-1389.7200890865543,45.00583819562673,-81.25260446701745,0.0,0.0,720.0,-19.512,-15378.735718258144,55826.0205372945,0.0,-0.0,196.65913780129685,-196.65913780129685,0.0,0.0,3110.0,-50.6715,-58885.34903729451
t102,16140.656274027597,0.0,-1830.0,77.86803916870642,-30.625346493201995,0.0,0.0,-2832.9322108202905,-39.019999999999996,-11485.94675588281,1939.506581648527,0.0,-240.0,5.391364026486731,-3.5568341839177693,0.0,0.0,-734.5132273617311,-17.911,-948.9168841293647,338.6653,0.0,-0.0,4.091591928201461,-5.290827648914258,0.0,0.0,392.1880756355109,-11.644216683583046,-718.0099232312148,2564.2075294321876,0.0,-394.4633939379375,8.083709711252064,-5.335251275876653,0.0,0.0,-662.1820382215851,-87.42808299315446,-1422.8824727148867,967.2465957757713,0.0,-0.0,0.9339429384500944,-0.0,0.0,0.0,-794.9891699622191,-10.8,-162.39136875200234,2113.8497200000006,2429.09173175273,-4703.383071897495,4.946758847190874,-6.391603871171586,0.0,0.0,1109.497568127069,-69.4125,-878.1986029583239,676.9183767013817,729.0439029716646,-0.0,9.151170234455314,-0.0,0.0,0.0,266.44505273590244,-111.93884413314534,-1569.6196585102584,8116.037163141509,0.0,-0.0,32.78679683608217,-42.36213010170946,0.0,0.0,-2118.579503421318,-22.72897782357385,-5965.15334863099,351.7025999999999,0.0,-0.0,11.162582681542752,-7.213096755797082,0.0,0.0,1545.0654532886615,-30.871000000000066,-1869.8465392144071,15966.934836022707,0.0,-57.909141603615424,106.36666111995763,-126.11717595215802,0.0,0.0,720.0,-19.512,-16589.76317958689,60042.55865838331,0.0,-0.0,425.9082241824071,-0.0,0.0,0.0,3110.0,-50.6715,-63527.79538256572
t103,17322.6532317445,0.0,-1830.0,237.96888794636814,-232.48979015740468,0.0,0.0,-2955.8965865641126,-39.019999999999996,-12503.215742969353,2142.660181648526,0.0,-240.0,16.216836962238155,-0.0,0.0,0.0,-898.6032313370262,-17.911,-1002.3627872737391,338.6653,0.0,-0.0,12.310429427343898,-0.0,0.0,0.0,420.02448752745397,-11.644216683583046,-759.3560002712145,2587.1556794321878,299.67283879510063,-94.79055514283687,24.316763924695266,-0.0,0.0,0.0,-1225.3704662570285,-87.42808299315446,-1503.5561777589626,935.3408557757713,0.0,-0.0,2.8098321494785106,-0.9314579564063786,0.0,0.0,-754.9500828394,-10.8,-171.46914712944346,2091.0355600000003,2259.046868661585,-4873.42793498864,14.881575981000559,-0.0,0.0,0.0,1505.4800063755124,-69.4125,-927.603576029458,676.9183767013817,729.0439029716646,-0.0,27.53006641298483,-9.12280880833306,0.0,0.0,348.9854878107142,-111.93884413314527,-1661.416180955267,8116.037163141509,0.0,-0.0,98.63375993954148,-0.0,0.0,0.0,-1901.2150022351689,-22.72897782357385,-6290.726943022307,375.44408819558623,0.0,-0.0,33.5786756067388,-27.841456223109823,0.0,0.0,1631.545387519055,-30.871000000000002,-1981.8556950982706,16382.06557646906,1322.1556666807664,-0.0,338.4405482409742,-0.0,0.0,0.0,720.0,-19.512,-18743.149791390802,66437.23718899964,0.0,-0.0,1325.793816334583,-0.0,0.0,0.0,3110.0,-50.6715,-70822.35950533424
t104,16360.028172314685,0.0,-1830.0,410.8629500633957,-72.57914077806697,0.0,0.0,-343.0583422544081,-39.019999999999996,-14486.233639345603,2243.476729999999,0.0,-240.0,26.85432546351455,-3.4029122535801815,0.0,0.0,-879.5942843099467,-17.911,-1129.4228588999877,338.6653,0.0,-0.0,20.378656755191933,-0.0,0.0,0.0,507.75814602399544,-11.644216683583169,-855.1578860956041,2683.19135,394.4633939379375,-0.0,40.26414071966875,-5.1043683803702695,0.0,0.0,-1330.2302060454385,-87.42808299315459,-1695.1562272386425,1043.5281157757713,0.0,-0.0,4.6516768245595,-0.0,0.0,0.0,-843.7205205482535,-10.8,-193.6592720520773,2113.8050000000003,4246.253683853091,-2886.2211197971337,24.638769642211276,-0.0,0.0,0.0,-2383.493281151922,-69.4125,-1045.5705525462479,676.9215767013817,729.0439029716646,-0.0,45.57998909053056,-0.0,0.0,0.0,532.6389320501853,-111.93884413314527,-1872.2455566806166,7777.200570425531,0.0,-0.0,163.304337650741,-0.0,0.0,0.0,-828.7385019117455,-22.728977823573853,-7089.037428340952,511.56195385028116,0.0,-0.0,55.599556712761036,-40.6,0.0,0.0,1738.4380581475334,-30.871000000000002,-2234.128568710576,17605.509150334725,936.6925923931262,-0.0,530.6919173496274,-0.0,0.0,0.0,720.0,-19.512,-19773.381660077477,70534.26783463424,0.0,-0.0,2065.4260908518772,-299.388473277513,0.0,0.0,3110.0,-50.6715,-75359.63395220862
t105,14842.235068866572,0.0,-1830.0,191.68874763884898,-258.5,0.0,0.0,2586.9968338881263,-39.019999999999996,-15493.400650393549,2179.060411115127,0.0,-240.0,25.58285686129475,-12.143323535947964,0.0,0.0,-702.3079323192376,-17.911,-1232.2810121212365,338.98905,0.0,-0.0,19.404739208609335,-9.227955341342428,0.0,0.0,595.2862184748467,-11.644216683583046,-932.8078356585305,4217.1092795382765,53.842126397999664,-340.62126753993783,38.35341081290906,-18.213328539330938,0.0,0.0,-2013.5974495413247,-87.42808299315446,-1849.4446881354374,939.45043,0.0,-0.0,4.429748331007699,-2.105852480169971,0.0,0.0,-719.1594970438781,-10.8,-211.81482880695958,9679.514381048337,1455.4026757962938,-2947.551101099075,23.466343737593505,-11.149800258258201,0.0,0.0,-6988.914294806036,-69.4125,-1141.3557044188549,1435.013077175582,0.0,-729.0439029716646,43.41064846664468,-20.626964801318568,0.0,0.0,1422.8845399321162,-111.93884413314527,-2039.698553668215,7519.5012534768775,0.0,-0.0,155.53458226149132,-73.8987849567492,0.0,0.0,165.80841530351336,-22.728977823573853,-7744.216488261558,606.1322151626999,0.0,-0.0,52.96025788848717,-20.323229034885728,0.0,0.0,1823.0031661118737,-30.871000000000002,-2430.901410128174,20220.82374216609,0.0,-1558.703984808274,470.70040258117564,-242.74215499120209,0.0,0.0,720.0,-19.512,-19590.566004947785,70725.24681600601,0.0,-0.0,1820.6727158733609,-983.8017438899822,0.0,0.0,3110.0,-50.6715,-74621.4462879894
t106,15168.71607380986,0.0,-1830.0,272.054391727406,-433.9206018160032,0.0,0.0,2490.937265589464,-39.019999999999996,-15628.767129310725,2308.869267771051,0.0,-240.0,19.24956735230908,-17.025969135476377,0.0,0.0,-788.6316293266477,-17.911,-1264.550236661236,339.33285,0.0,-0.0,14.592265448080777,-12.941427386156342,0.0,0.0,628.679386865555,-11.644216683583046,-958.0188582438961,5051.6270619812185,0.0,-394.4633939379375,28.85449439201699,-25.53809675836324,0.0,0.0,-2675.2030715218975,-87.42808299315446,-1897.848911161883,910.4997200000001,0.0,-0.0,3.3315111510641104,-2.864886837444346,0.0,0.0,-683.3083052969708,-10.8,-216.8580390166491,13283.347082924649,461.73508836010757,-6670.739715290118,17.651428425478194,-15.634939851760203,0.0,0.0,-5835.3427974528895,-69.4125,-1171.6036471154678,1861.6696121825773,0.0,-729.0439029716646,32.65315692349,-28.924553031271245,0.0,0.0,1066.7294873871915,-111.93884413314527,-2091.144956357176,7921.196403417129,0.0,-0.0,116.99437827959025,-103.62510686018709,0.0,0.0,47.076929345658755,-22.72897782357385,-7958.913626358618,602.9666834032885,0.0,-0.0,37.86120749795616,-40.6,0.0,0.0,1919.062734410536,-30.871000000000002,-2488.41962531178,21345.912594991452,0.0,-2773.2062880724206,350.74184264563195,-383.85098621910987,0.0,0.0,720.0,-19.512,-19240.085163345553,71539.39576981994,0.0,-0.0,1306.482210011413,-3240.3543771112227,0.0,0.0,3110.0,-50.6715,-72664.85210272015
t107,14995.042101713958,0.0,-1830.0,97.6377533351065,-0.0,0.0,0.0,2445.5151784160466,-39.019999999999996,-15669.175033465108,2149.50111101745,0.0,-240.0,20.240336517926753,-21.588451772906552,0.0,0.0,-605.5234937637349,-17.911,-1284.718501998736,338.69385,0.0,-0.0,15.340091510684768,-16.404684143592036,0.0,0.0,646.1519902081916,-11.644216683583046,-972.137030891701,5738.936133767518,0.0,-394.4633939379375,30.338072901701715,-39.96226749601404,0.0,0.0,-3320.3273330017546,-87.42808299315446,-1927.0931292403604,830.4934800000001,0.0,-0.0,3.5023807096693385,-12.173725754098923,0.0,0.0,-591.1381698131078,-10.8,-219.88396514246278,15287.595259397049,0.0,-7132.474803650225,18.55784978661773,-19.821635349004993,0.0,0.0,-6894.691757451001,-69.4125,-1189.7524127334354,2093.3769785153654,0.0,-729.0439029716646,34.32977891772396,-34.2735502546474,0.0,0.0,870.9745920883815,-111.93884413314527,-2123.4250521620143,6615.623120550029,0.0,-0.0,123.00253852329365,-285.54125356250074,0.0,0.0,1654.5541717330252,-22.728977823573853,-8084.909599420273,578.0381207979228,0.0,-0.0,41.89116126898076,-25.768910055556617,0.0,0.0,1964.4848215839534,-30.871000000000002,-2527.7741935952995,20999.79129408321,0.0,-2836.142712584566,365.4779283193178,-205.67603264784083,0.0,0.0,720.0,-19.512,-19023.938477170115,68211.60566972829,0.0,-0.0,1280.3254062378755,-1411.4,0.0,0.0,3110.0,-50.6715,-71139.85957596617
t108,14664.987254260202,0.0,-1830.0,374.1122116059656,-0.0,0.0,0.0,2444.544896990524,-39.019999999999996,-15614.624362856692,2124.2567784192197,0.0,-240.0,22.250500389958344,-49.22584333238433,0.0,0.0,-548.6014538768083,-17.911,-1290.7689815999859,338.69385,0.0,-0.0,16.85689168597439,-37.25309865429081,0.0,0.0,670.5258090606736,-11.644216683583046,-977.179235408774,4896.996130248829,0.0,-394.4633939379375,33.34787365441592,-1.435019081573337,0.0,0.0,-2509.8401655197104,-87.42808299315446,-1937.17734237087,692.60906,0.0,-0.0,4.278611516840384,-2.7651398260433666,0.0,0.0,-462.42992450639633,-10.8,-220.8926071844007,17085.353497294574,0.0,-7132.474803650225,22.671150569523164,-41.25903340094996,0.0,0.0,-8669.076309540163,-69.4125,-1195.802001272758,2195.361739974001,0.0,-729.0439029716646,37.730893618118145,-12.597954112405475,0.0,0.0,754.000649726122,-111.93884413314527,-2133.512582101026,5596.609880331298,0.0,-0.0,150.26585255846135,-119.3,0.0,0.0,2525.421394656283,-22.72897782357385,-8130.2681497224685,567.7501425798355,0.0,-0.0,44.2347092776469,-16.804670449554404,0.0,0.0,1974.5650186263138,-30.871000000000002,-2538.874200034241,21254.170944612473,0.0,-3240.891985364924,438.2356897156002,-446.2043791707894,0.0,0.0,710.890084383162,-19.512,-18696.688354175523,65656.70257354401,0.0,-0.0,1489.6211398242326,-770.3711416072374,0.0,0.0,3110.0,-50.6715,-69435.28107176101
t109,14392.986622922672,92.42210109460348,-1737.5778989053965,391.0878683044731,-97.6377533351065,0.0,0.0,2475.9867462544134,-39.019999999999996,-15478.247686335657,1965.549926969181,0.0,-240.0,25.616670947056956,-6.870938905633931,0.0,0.0,-439.6493304781178,-17.911,-1286.735328532486,338.69385,0.0,-0.0,19.40754416967139,-5.223315800711509,0.0,0.0,632.9200510131535,-11.644216683583046,-974.1539126985302,5320.084935431306,0.0,-394.4633939379375,38.39313065133079,-99.60640835845089,0.0,0.0,-2845.8533663005287,-87.42808299315446,-1931.1268144925643,635.7641471988984,0.0,-0.0,4.431348233349917,-1.1481440001216283,0.0,0.0,-407.35474424772605,-10.8,-220.8926071844007,17674.781210343484,0.0,-7132.474803650225,23.482579425444015,-60.67840941240863,0.0,0.0,-9242.920869703197,-69.4125,-1192.7772070030967,1595.5178049909862,0.0,-729.0439029716646,43.439584360145965,-112.67358497742907,0.0,0.0,1441.1502538748227,-111.93884413314527,-2126.4513111437177,5753.639485944055,0.0,-0.0,155.6447557603522,-402.18634682779714,0.0,0.0,2621.708005841594,-22.72897782357385,-8106.076922894631,580.4122696174815,0.0,-0.0,53.01301361007497,-6.775160388944467,0.0,0.0,1934.0132537455866,-30.871000000000002,-2529.792376584198,20739.781829866264,0.0,-3240.891985364924,452.7806972733481,-353.42249766048224,0.0,0.0,720.0,-19.512,-18298.7360441142,63253.458928624386,0.0,-0.0,1514.1573478417668,-0.0,0.0,0.0,3110.0,-50.6715,-67826.94477646616
t110,13925.18665919016,0.0,-1830.0,350.10063205291544,-326.1761568055406,0.0,0.0,3120.352210836753,-39.019999999999996,-15200.443345274287,2163.3276672828815,0.0,-240.0,26.556809587519304,-79.2,0.0,0.0,-580.1559340741658,-17.911,-1272.6175427962362,338.69385,0.0,-0.0,20.121496018456757,-60.0,0.0,0.0,675.8899334260957,-11.644216683583046,-963.0610627609693,5168.161195628933,0.0,-394.4633939379375,39.802980535879804,-94.13983122176239,0.0,0.0,-2722.991322406515,-87.42808299315446,-1908.9415456054435,833.7169571988984,0.0,-0.0,4.594294661863884,-11.574208585751617,0.0,0.0,-598.0703622164237,-10.8,-217.866681058587,16022.978277049486,0.0,-7132.474803650225,24.345489747796428,-24.345489747796428,0.0,0.0,-7642.4294729879175,-69.4125,-1178.6615004113442,2205.039363305023,0.0,-729.0439029716646,45.03593264888347,-106.52198156100785,0.0,0.0,799.6706720019993,-111.93884413314527,-2102.241239290089,6206.978410503407,0.0,-0.0,161.364017170155,-161.364017170155,0.0,0.0,1828.086486256927,-22.728977823573853,-8012.335918936759,690.4144982570315,0.0,-0.0,54.95988095994848,-145.4505793129537,0.0,0.0,1931.4759233411455,-30.871000000000002,-2500.5287232451706,22269.289826803397,0.0,-3240.891985364924,116.95961318767164,-1188.0900246009755,0.0,0.0,78.17186582210161,-19.512,-18015.92729584727,65379.083146749676,0.0,-0.0,1395.0392643161615,-3345.959557578136,0.0,0.0,3110.0,-50.6715,-66487.49135348771
t111,14114.159870687543,207.4253172376823,-1622.5746827623177,84.54626709008704,-1062.946267090087,0.0,0.0,3345.0988522475427,-39.019999999999996,-15026.689357410449,2384.5198264408723,0.0,-240.0,27.676582240711078,-0.0,0.0,0.0,-891.7519985540981,-17.911,-1262.5334101274861,339.5586,0.0,-0.0,20.96411691875285,-16.40826187124185,0.0,0.0,623.5317380731391,-11.644216683583046,-956.0019764370669,5328.836837535309,156.14267810106338,-238.32071583687411,41.478491405698,-0.0,0.0,0.0,-3306.893982302363,-87.42808299315446,-1893.8152259096792,961.7600171988986,0.0,-0.0,4.786932487633482,-3.7473414029665424,0.0,0.0,-735.1415692669163,-10.8,-216.8580390166491,14312.30433158171,442.2601230037808,-6690.214680646444,25.368265138319803,-19.864547631259533,0.0,0.0,-6830.853873843747,-69.4125,-1169.5871176023602,2141.408066694887,0.0,-729.0439029716646,46.92765231035479,-0.0,0.0,0.0,738.7482194872373,-111.93884413314527,-2086.10119138767,5646.097585785527,0.0,-0.0,168.14371306745002,-0.0,0.0,0.0,2162.361466406748,-22.72897782357385,-7953.873787436151,671.0256162306359,0.0,-0.0,14.683637262741257,-12.413940599258162,0.0,0.0,1838.9316719565168,-30.871000000000002,-2481.355984850635,21399.713718089577,0.0,-3240.891985364924,489.6654063242588,-805.4649424873328,0.0,0.0,-54.030524204059475,-19.512,-17769.479672357516,64856.32133350163,0.0,-0.0,1356.5346006117215,-3928.6855226213074,0.0,0.0,3110.0,-50.6715,-65343.49891149205
t112,14431.953498706582,0.0,-1830.0,519.238846563153,-519.238846563153,0.0,0.0,2354.6545174870407,-39.019999999999996,-14917.58801619362,2358.4552577244604,0.0,-240.0,33.96390032683051,-61.64048256754158,0.0,0.0,-814.3679184237641,-17.911,-1258.4997570599862,339.4422,0.0,-0.0,25.718245006986983,-30.274100054497985,0.0,0.0,629.7345254579174,-11.644216683583046,-952.9766537268231,5026.59130546698,180.82420744642025,-213.63918649151728,50.89721047228425,-92.37570187798225,0.0,0.0,-2977.1050539916523,-87.42808299315446,-1887.7646980313734,1100.28977,0.0,-0.0,5.872836580342666,-6.912427665009605,0.0,0.0,-872.600781940622,-10.8,-215.8493969747112,12029.838086916645,2220.017440470753,-4912.457363179472,31.125821908610472,-36.62953941567074,0.0,0.0,-8096.927888124719,-69.4125,-1165.5540585761453,1934.3123984378892,334.19776834662963,-394.84613462503495,57.577906529133216,-104.505558839488,0.0,0.0,365.2511377082792,-111.93884413314527,-2080.0486734242627,4591.515368831297,0.0,-0.0,206.3063800984815,-374.45009316593155,0.0,0.0,3526.0159793145613,-22.72897782357385,-7926.658657254834,513.1447197299868,0.0,-0.0,70.2773592202094,-133.60421707366407,0.0,0.0,2055.3454825129593,-30.871000000000002,-2474.2923443894906,18737.513252143366,0.0,-1608.9297364010304,612.2979185498755,-612.2979185498755,0.0,0.0,720.0,-19.512,-17829.071515742333,60250.56321360954,0.0,-0.0,1829.1034565838897,-360.05107179378683,0.0,0.0,3110.0,-50.6715,-64778.944098399654
t113,11789.884844695003,1830.0,-0.0,650.5115429765791,-650.5115429765791,0.0,0.0,1350.865937952651,-39.019999999999996,-14931.730782647654,2235.372798126333,240.0,-0.0,43.226592485281145,-43.226592485281145,0.0,0.0,-1191.9031481982215,-17.911,-1265.5586499281112,339.1212,0.0,-0.0,32.72974289533758,-32.72974289533758,0.0,0.0,630.5418749274795,-11.644216683583046,-958.0188582438961,3951.320883628745,180.82420744642025,-213.63918649151725,64.77681845140033,-64.77681845140033,0.0,0.0,-1933.228910428611,-87.42808299315446,-1897.848911161883,1037.7651099999998,0.0,-0.0,7.474034711652723,-7.474034711652723,0.0,0.0,-810.1070709833507,-10.8,-216.8580390166491,8617.515997149498,1166.7,-0.0,39.612939256882456,-39.612939256882456,0.0,0.0,-8543.199850034032,-69.4125,-1171.6036471154678,1651.0348816587716,145.05364085700342,-171.37717492557113,73.27763059758041,-73.27763059758041,0.0,0.0,578.3724529001174,-111.93884413314527,-2091.144956357176,4061.25914838328,0.0,-0.0,262.5604749170814,-262.5604749170814,0.0,0.0,3925.423294721377,-22.72897782357385,-7963.9534652810835,356.05520616919074,0.0,-0.0,89.44168828497735,-89.44168828497735,0.0,0.0,2163.23541914259,-30.871000000000002,-2488.41962531178,15677.012859159377,1490.0,-0.0,796.2963191683017,-796.2963191683017,0.0,0.0,1193.98705873503,-11.762311589682259,-18349.237606304723,64475.44459855385,0.0,-0.0,2434.4045951461676,-3903.4569799362707,0.0,0.0,2636.01294126497,-42.92181158968226,-65599.48334343905
t114,12584.203796014044,1830.0,-0.0,754.339458541307,-0.0,0.0,0.0,291.8715060969203,-13.483200036261916,-15446.93156061601,2218.6657635919314,240.0,-0.0,50.74797382092383,-0.0,0.0,0.0,-1207.8642575461233,-10.780498266746264,-1290.7689815999859,484.0474,0.0,-0.0,38.425087006929495,-0.0,0.0,0.0,455.9377804089488,-1.2310320071041474,-977.179235408774,3276.6745889121084,62.2413152849216,-0.0,76.04811012854391,-0.0,0.0,0.0,-1458.6484470255455,-20.1466462422095,-1936.168921057819,1057.4147176569954,0.0,-0.0,8.774584000486891,-0.0,0.0,0.0,-839.6291973906945,-5.667497082387188,-220.8926071844007,2113.24168,5736.465816165336,-0.0,46.50580983987778,-0.0,0.0,0.0,-6661.578578314226,-39.84099117478306,-1194.7937365162043,1156.7054921940996,729.0439029716646,-0.0,86.02836314348971,-0.0,0.0,0.0,237.18495781674847,-75.45013402497594,-2133.512582101026,2830.312441546981,0.0,-0.0,308.2474048016308,-0.0,0.0,0.0,5000.124034843908,-18.495409314984894,-8120.188471877536,351.7025999999999,0.0,-0.0,105.00475196744792,-0.0,0.0,0.0,2110.6757239728904,-27.499784411647582,-2539.88329152869,14999.895351981562,1964.6950698830506,-0.0,981.6787209036245,-115.79679493080049,0.0,0.0,1920.0,-19.512,-19730.960347837437,65491.33830789231,0.0,-0.0,2954.1255622849653,-0.0,0.0,0.0,151.92647713717452,-19.35946625964212,-68578.0308810548
t115,13667.731506400445,1830.0,-0.0,704.0726495068515,-91.56956284032002,0.0,0.0,375.63281868672516,-16.61587603185152,-16469.25153572185,2410.8851451581145,240.0,-0.0,46.517680030471624,-0.0,0.0,0.0,-1348.6223794216621,-13.641280424438332,-1335.1391653424855,629.3723999999999,0.0,-0.0,33.40428622423305,-0.0,0.0,0.0,348.6223794216621,-0.9412804244383324,-1010.4577852214568,3908.065748912109,394.4633939379375,-0.0,69.7168057088672,-14.7053182409419,0.0,0.0,-2329.118881354281,-25.69702124450851,-2002.7247277191816,1071.7541099999999,0.0,-0.0,7.627664550354677,-0.0,0.0,0.0,-844.7181832932214,-5.701847737229245,-228.96174351990393,2136.01112,5656.959016646469,-0.0,40.423904798470815,-0.0,0.0,0.0,-6557.38426643272,-39.877183477311895,-1236.1325915349082,1150.3830835069086,729.0439029716646,-0.0,78.8778192195521,-0.0,0.0,0.0,328.74054735280606,-80.90255538901887,-2206.142797661912,2654.622113471763,0.0,-0.0,282.62162778763707,-0.0,0.0,0.0,5486.28341332471,-20.099735263971542,-8403.427419320136,351.7025999999999,0.0,-0.0,96.26421467665656,-13.946958663455433,0.0,0.0,2220.5645517159815,-28.9283391723077,-2625.656068556874,14426.469972465278,3240.891985364924,-0.0,869.6844638417385,-184.3879207844845,0.0,0.0,1920.0,-19.512,-20253.14650088745,68689.43504356893,0.0,-0.0,2663.2862262284793,-0.0,0.0,0.0,400.0,-22.509999999999998,-71730.21126979741
t116,12984.21973117564,1830.0,-0.0,474.4427262710819,-0.0,0.0,0.0,1157.1709296411952,-25.071336351322266,-16420.762050736594,2204.140695158114,240.0,-0.0,31.811481007297274,-17.66094980087609,0.0,0.0,-1102.968612875147,-10.099315478153692,-1345.2232980112353,629.4009499999999,0.0,-0.0,24.11312366596895,-14.9,0.0,0.0,381.01317370718937,-1.1019349243845544,-1018.5253124487738,3996.330958912109,363.14800873775044,-0.0,47.683548884579764,-29.4,0.0,0.0,-2334.955599064119,-24.95587005537414,-2017.8510474149457,1010.9047400000001,0.0,-0.0,5.505261401246335,-3.4,0.0,0.0,-776.7876571119609,-5.243316685505736,-230.97902760377974,2121.1606833493674,7132.474803650225,-0.0,29.169270448739034,-18.0,0.0,0.0,-7968.843991992727,-49.745526355159264,-1246.2152391004458,1150.3830835069086,674.2198014681957,-0.0,53.9597830675306,-63.9061823630418,0.0,0.0,497.47331626619143,-88.83820338755159,-2223.291598558232,2480.862415713769,0.0,-0.0,193.3352994202947,-40.98207311700083,0.0,0.0,5858.064263148016,-21.32661206838845,-8469.95329309669,351.7025999999999,0.0,-0.0,65.84229653082613,-0.0,0.0,0.0,2257.7041559422823,-29.411154027249623,-2645.837898445858,14109.370194850688,3240.891985364924,-0.0,505.46094871709334,-0.0,0.0,0.0,1920.0,-19.512,-19756.2111289327,70022.60470583546,0.0,-0.0,2020.6444318123858,-1411.4,0.0,0.0,112.13002233907946,-18.854051283706312,-70725.12510870321
t117,13490.305558633061,1830.0,-0.0,410.7364426923133,-152.9261911344651,0.0,0.0,413.9530795563701,-16.803982312735442,-15975.264907434543,2309.2764185091655,240.0,-0.0,27.640112284848442,-0.0,0.0,0.0,-1266.5931354582917,-3.419801465737388,-1306.9035938699858,629.4009499999999,0.0,-0.0,20.958231799793925,-14.9,0.0,0.0,361.540147607982,-7.7188031580263585,-989.2805262497496,4060.228658912109,0.0,-0.0,35.640616640928826,-0.0,0.0,0.0,-2103.300211597596,-32.198031384399606,-1960.3710325710417,912.70955,0.0,-0.0,4.784674207076882,-3.4,0.0,0.0,-685.5482402750062,-4.627450621856291,-223.9185333102144,2098.346523349367,5477.882848848697,-0.0,25.348903756640258,-18.0,0.0,0.0,-6334.92840062877,-38.732167461424694,-1209.9177078645105,1150.3830835069086,729.0439029716646,-0.0,46.89288290623477,-0.0,0.0,0.0,317.09386647293104,-83.67357591528098,-2159.740159942457,2380.4776713657066,0.0,-0.0,168.0129421109039,-66.5154427628215,0.0,0.0,5764.058343283881,-21.016392532836807,-8225.017121464833,351.7025999999999,0.0,-0.0,57.21383333426208,-22.636437352645032,0.0,0.0,2213.7245510385,-28.83941916350058,-2571.165127856616,13737.994298449654,3240.891985364924,-0.0,486.96478500728483,-0.0,0.0,0.0,1920.0,-19.512,-19366.33906882186,69974.6420512161,0.0,-0.0,1737.8334524919028,-1411.4,0.0,0.0,-600.0,-9.81,-69691.265503708
t118,13809.449665725502,1830.0,-0.0,342.75457493909903,-921.2698957009869,0.0,0.0,445.4469885573311,-18.031671146690805,-15488.349662374252,2105.8382685091656,240.0,-0.0,23.442048882032886,-79.2,0.0,0.0,-1010.2587950578672,-9.220806070845388,-1270.6007162624862,629.4009499999999,0.0,-0.0,17.77816898772724,-45.1,0.0,0.0,360.9480626389526,-0.9745597691251721,-962.0526218575546,4029.596148912109,394.4633939379375,-0.0,35.14262194601902,-118.69999999999999,0.0,0.0,-2408.5405393113274,-25.03692250539622,-1906.9247029793414,985.0041600000001,0.0,-0.0,4.058547741504161,-10.3,0.0,0.0,-755.794414385813,-5.1016122971042375,-217.866681058587,2112.9162800000004,6292.803810787379,-0.0,21.500865485866942,-54.6,0.0,0.0,-7151.422874430207,-43.544846188249316,-1177.6532356547903,1150.3830835069086,729.0439029716646,-0.0,39.77455601115082,-134.3,0.0,0.0,399.2305639038832,-84.9171260852206,-2099.2149803083853,2378.0372372479633,0.0,-0.0,142.50773045819187,-386.56533168463,0.0,0.0,5893.752860648413,-21.44438444013976,-8006.2881122297995,351.7025999999999,0.0,-0.0,48.52639194887765,-131.6577933039925,0.0,0.0,2257.3274150177194,-29.406256395230358,-2496.4923572673733,14409.32021611164,2326.820050615909,-0.0,404.4904936175051,-331.3,0.0,0.0,1920.0,-19.512,-18709.818760345057,66650.28298575236,0.0,-0.0,1478.7823787601053,-0.0,0.0,0.0,49.310732418914654,-18.056246301720215,-68160.31985062968
t119,12435.868072272324,1830.0,-0.0,250.01603185864673,-76.85396646391564,0.0,0.0,263.87547844992275,-11.601863187892768,-14691.303752929085,2075.93098,240.0,-0.0,17.23053351155375,-15.605036593649688,0.0,0.0,-1091.4229678818351,-10.995522451707433,-1215.1379865843617,629.4009499999999,0.0,-0.0,13.070526116923178,-8.554597947064094,0.0,0.0,286.55492403918714,-0.7736982949058053,-919.6981039141403,4064.199708912109,394.4633939379375,-0.0,25.832255232270413,-0.0,0.0,0.0,-2634.3291566306534,-26.940467455550355,-1823.225733996113,1004.75757,0.0,-0.0,2.9837179424910794,-1.9520559073837533,0.0,0.0,-792.6585263430834,-5.350445052815813,-207.78026063920797,2090.1133000000004,4747.238014101321,-0.0,15.805715014407038,-10.33441362732575,0.0,0.0,-5682.561967413879,-34.02891500397523,-1126.2317330705487,1150.3830835069086,729.0439029716646,-0.0,29.239218273147003,-26.512638702476245,0.0,0.0,203.86400664639677,-78.59911483226334,-2007.4184578633767,2378.0372372479633,0.0,-0.0,104.75992724255624,-94.9837176337963,0.0,0.0,5286.133147973248,-19.439239388311716,-7654.5073554416595,351.7025999999999,0.0,-0.0,35.670534361695296,-9.014874587750704,0.0,0.0,2035.677017318048,-26.524801225134624,-2387.5104758668576,13450.869362972455,2910.4977838102477,-0.0,290.6838895551768,-865.881925972824,0.0,0.0,1920.0,-19.512,-17686.657110365057,67827.70962094463,0.0,-0.0,1097.8845203575133,-4056.6502639475902,0.0,0.0,204.86804384264792,-20.031824156801626,-65053.78009704041
t120,13326.047553856017,1830.0,-0.0,162.90329564510682,-707.0597473341031,0.0,0.0,-961.8107254589086,-12.4127246045093,-13637.6676521036,2265.3478299999997,240.0,-0.0,11.25700701599628,-20.004704050519358,0.0,0.0,-1337.9589650160965,-13.083696779393449,-1145.5574711699876,484.07595,0.0,-0.0,8.538070262703926,-15.13778779661785,0.0,0.0,390.8382076310976,-1.0552631606039637,-867.2591769365797,3373.896818912109,394.4633939379375,-0.0,16.87611769582413,-29.973491136096982,0.0,0.0,-2014.8331908953573,-22.07973107560168,-1718.3499174388144,922.3035799999999,0.0,-0.0,1.949103997974142,-3.4571887872541875,0.0,0.0,-719.2553235985387,-4.854973434290136,-196.68519817789104,2081.4333429514813,4208.233658090209,-0.0,10.325416103277423,-18.326457066415394,0.0,0.0,-5191.896814025456,-29.07462215854255,-1060.6945238945543,1004.4402621458032,0.0,-0.0,19.101080508246206,-0.0,0.0,0.0,943.3424584412387,-74.46318453664766,-1892.4206165586406,2753.653232321282,0.0,-0.0,68.43675505551732,-216.1061850248156,0.0,0.0,4621.275906187561,-15.25021049041895,-7212.009498049128,351.7025999999999,0.0,-0.0,23.30332580315327,-96.93762139453519,0.0,0.0,2003.1776893494598,-29.96286964186531,-2251.2831241162125,13509.65068972831,1817.4252210351347,-0.0,189.2107525759132,-866.4027022610758,0.0,0.0,1920.0,-19.512,-16550.371961078283,61908.432967077046,0.0,-0.0,724.0921283200278,-1250.6765041275303,0.0,0.0,347.1207573849989,-21.838433618789487,-61707.13091503576
t121,16837.438625426545,393.52665965007714,-1436.4733403499229,52.99229836596213,-445.3154395979569,0.0,0.0,-3560.0,-39.019999999999996,-11803.148803494701,2081.615327516098,240.0,-0.0,6.82080825911499,-29.297009809024132,0.0,0.0,-1244.5792876187006,-17.911,-1036.6488383474887,339.15065,0.0,-0.0,5.175098097148005,-22.201865672136282,0.0,0.0,474.0873571151519,-11.644216683583046,-784.5670228565803,2665.891624426208,180.82420744642025,-213.63918649151728,10.226356497576592,-43.91196375812962,0.0,0.0,-956.9772904028432,-87.42808299315446,-1554.9856647245608,1072.9667846427403,0.0,-0.0,1.1813185361562337,-5.069124800489391,0.0,0.0,-880.7579789973364,-10.8,-177.52099938107088,2094.3261495887773,1694.4065309682578,-3238.1287624679767,6.2574669968948085,-26.860226088760243,0.0,0.0,500.2876539985391,-69.4125,-960.8763129957322,676.9759767013817,159.19790209619734,-188.08825862027095,11.575828355145806,-49.688063168665785,0.0,0.0,1213.8192894196836,-111.93884413314527,-1711.8538306503267,7829.832926646014,0.0,-0.0,41.47423374845297,-178.0314381334335,0.0,0.0,-1137.9075331367749,-22.728977823573853,-6532.639211300684,351.7025999999999,0.0,-0.0,14.121186422158933,-60.63394024591108,0.0,0.0,1762.0277896222806,-30.871000000000002,-2036.3466357985285,14408.347728060799,0.0,-0.0,112.91155778328664,-522.5137234088648,0.0,0.0,1320.0,-9.702,-15309.043562435221,62591.13060140881,0.0,-0.0,457.9239886582361,-4860.7967835581,0.0,0.0,2510.0,-40.8615,-60657.39630650895
t122,17033.017187710135,0.0,-1830.0,53.97627386970353,-595.2995017141682,0.0,0.0,-3560.0,-39.019999999999996,-11062.67395986567,2045.4963858983886,102.85369460717868,-137.14630539282132,3.8151264026728695,-57.62186292591394,0.0,0.0,-971.4093023895153,-17.911,-968.0767361999895,339.15065,0.0,-0.0,2.89417988914175,-43.6439022497889,0.0,0.0,446.37982582666444,-11.644216683583046,-733.1365367824342,2699.059524426208,0.0,-394.4633939379375,5.719761722326768,-86.35570435209992,0.0,0.0,-683.3969927589278,-87.42808299315446,-1453.1351121064151,1017.3712484893623,0.0,-0.0,0.6606723402194125,-9.965737227992248,0.0,0.0,-831.8488887237735,-10.8,-165.41729487781606,2073.310700547618,3094.261651510542,-4038.213152139683,3.4997438352904444,-52.81420182120905,0.0,0.0,-113.27660859971365,-69.4125,-897.3556333328453,676.9759767013817,0.0,-729.0439029716646,6.474233307119068,-97.69856436555963,0.0,0.0,1855.1133497891644,-111.93884413314527,-1599.8822483272943,8116.037163141509,0.0,-0.0,23.19620759184537,-350.05878085692643,0.0,0.0,-1665.2166125152755,-22.72897782357385,-6101.228999537578,351.7025999999999,0.0,-0.0,7.898160877178388,-119.23843171732449,0.0,0.0,1693.6552293713776,-30.871000000000002,-1903.1465585312314,13998.52985853432,0.0,-0.0,65.29802606604636,-439.80991050318335,0.0,0.0,1229.5716571039516,-11.180503406350391,-14842.409127794786,56433.31117569012,0.0,-0.0,265.02772966575674,-0.0,0.0,0.0,2600.4283428960484,-42.34000340635039,-59256.427244845574
t123,16085.922099682883,0.0,-1830.0,26.94775873546397,-0.0,0.0,0.0,-3560.0,-39.019999999999996,-10683.849858418347,1841.3536358983886,0.0,-240.0,1.908904572049016,-0.0,0.0,0.0,-655.5945084116972,-17.911,-929.7570320587398,339.15065,0.0,-0.0,1.4483962466945024,-0.0,0.0,0.0,374.9369210202988,-11.644216683583046,-703.89175058341,2649.699653916757,0.0,-394.4633939379375,2.8620305912029815,-0.0,0.0,0.0,-777.0319529404587,-87.42808299315446,-1393.6382546364093,1204.0609584893623,0.0,-0.0,0.3306222406505377,-0.0,0.0,0.0,-1034.2261381038243,-10.8,-159.36544262618864,2096.080140547618,2546.702540562603,-4585.772263087622,1.7512892271173466,-0.0,0.0,0.0,871.7088948471933,-69.4125,-861.05810209691,676.9791767013817,0.0,-729.0439029716646,3.239752443480037,-0.0,0.0,0.0,1696.0858746775662,-111.93884413314527,-1535.3220567176177,8112.949425581237,0.0,-0.0,11.607465284219762,-0.0,0.0,0.0,-2247.5510207051493,-22.728977823573853,-5854.276892336734,351.7025999999999,0.0,-0.0,3.952075337019253,-0.0,0.0,0.0,1501.6719296160713,-30.871000000000002,-1826.4556049530906,13886.405666066916,0.0,-0.0,33.35790832893928,-222.2822036347543,0.0,0.0,1009.2164133476927,-14.783311641765227,-14691.914472467028,55946.43891844789,0.0,-0.0,140.81787085674267,-248.60796249925312,0.0,0.0,2820.7835866523073,-45.942811641765225,-58613.48960181592
t124,16018.649009726956,0.0,-1830.0,36.92234380602401,-139.21950566236134,0.0,0.0,-3506.9300492003244,-39.019999999999996,-10540.401798670293,1638.9054870508057,0.0,-240.0,2.6039240609167678,-0.0,0.0,0.0,-476.02647092423274,-17.911,-907.5719401874901,339.15065,0.0,-0.0,1.9760760202874486,-0.8502498880803123,0.0,0.0,359.1244366801519,-11.644216683583046,-687.756696128776,2574.672213916757,0.0,-394.4633939379375,3.9042346573058895,-0.0,0.0,0.0,-735.3161990241929,-87.42808299315446,-1361.368772618779,1235.5301384893621,0.0,-0.0,0.45106076062197076,-0.19401675298476925,0.0,0.0,-1069.6563080385624,-10.8,-155.33087445843702,2073.2659805476183,2748.670771085821,-4383.804032564404,2.389134450871088,-1.0271475158017196,0.0,0.0,470.81060096173087,-69.4125,-840.8928069658349,676.9791767013817,0.0,-729.0439029716646,4.4197335907045865,-0.0,0.0,0.0,1659.5995387437988,-111.93884413314527,-1500.015701931076,7714.552769205113,0.0,-0.0,15.835037556222872,-0.0,0.0,0.0,-1990.4655552921088,-22.728977823573853,-5717.193273645654,351.7025999999999,0.0,-0.0,5.391247586933037,-0.0,0.0,0.0,1458.8600060937392,-30.871000000000002,-1785.0828536806725,14444.217221307317,0.0,-17.51536280808348,46.29086849462972,-416.9242549229655,0.0,0.0,720.0,-19.512,-14756.556472070897,56372.085404881844,0.0,-0.0,179.15631460998262,-659.7367926294875,0.0,0.0,3110.0,-50.6715,-58950.833426862344
t125,15893.713221114094,0.0,-1830.0,35.27397062241463,-83.99467871485126,0.0,0.0,-3428.4993311243484,-39.019999999999996,-10547.47318189731,1836.733937050806,0.0,-240.0,2.515478347790032,-2.7381188728435166,0.0,0.0,-682.1209022738869,-17.911,-896.4793942518652,339.15065,0.0,-0.0,1.910496706889516,-0.0,0.0,0.0,349.2637979747381,-11.644216683583046,-678.6807279980443,2655.766253916757,0.0,-394.4633939379375,3.7723623273949256,-4.107178309265273,0.0,0.0,-828.3059293938313,-87.42808299315446,-1345.2340316099637,1152.9142615106377,0.0,-0.0,0.34794187107057956,-0.0,0.0,0.0,-989.1486130071472,-10.8,-153.31359037456122,2074.0778747261916,2988.070252275554,-4144.404551374671,2.308981282191906,-0.0,0.0,0.0,-19.829897508968997,-69.4125,-830.8101594002973,676.9791767013817,0.0,-729.0439029716646,4.271529852626014,-4.6520080849841365,0.0,0.0,1647.250949670542,-111.93884413314534,-1482.8669010347558,6994.875965342064,0.0,-0.0,15.30361437675072,-16.666203139297522,0.0,0.0,-1322.1329344558317,-22.728977823573853,-5648.651464300113,351.7025999999999,0.0,-0.0,5.2092898436805894,-5.671817665175854,0.0,0.0,1443.5228601187341,-30.871000000000066,-1763.8919322972388,14453.144254445364,0.0,-0.0,45.191996349027306,-35.118825767697984,0.0,0.0,730.8269611666618,-19.33497918492508,-15174.70940700843,57581.18426681637,0.0,-0.0,193.8974324001056,-158.42645059014265,0.0,0.0,3099.173038833338,-50.494479184925076,-60665.33380827475
t126,16403.72632442403,0.0,-1830.0,79.12187861215146,-189.15297352698292,0.0,0.0,-3560.0,-39.019999999999996,-10864.675229509201,2036.19854,0.0,-240.0,5.448500198470638,-0.0,0.0,0.0,-874.1472734772303,-17.911,-909.5887667212401,339.1792,0.0,-0.0,4.135049637225697,-5.984515911344541,0.0,0.0,363.07961998989254,-11.644216683583055,-688.7651370321906,2676.0855439167567,0.0,-394.4633939379375,8.169424805853287,-0.0,0.0,0.0,-837.9694552335864,-87.42808299315448,-1364.394036557932,1126.85844,0.0,-0.0,0.9438585171795864,-1.27813378018315,0.0,0.0,-960.3932902785594,-10.8,-155.33087445843702,2096.847314726191,3508.6023667069467,-3623.8724369432784,4.99924543814087,-7.237975995935494,0.0,0.0,-1067.0166774531235,-69.4125,-842.9093364789424,676.9791767013817,0.0,-729.0439029716646,9.248271511375343,-0.0,0.0,0.0,1658.8060127987328,-111.93884413314527,-1504.0507139066808,5733.044347754259,0.0,-0.0,33.134663768665945,-0.0,0.0,0.0,-19.20098556224542,-22.728977823573853,-5724.249048137106,351.7025999999999,0.0,-0.0,11.280953209634987,-8.826291272836546,0.0,0.0,1466.84204921612,-30.871000000000002,-1790.1283111529185,15010.642923500838,0.0,-0.0,106.11425074393229,-64.54902451523343,0.0,0.0,1320.0,-9.702,-16362.506149729537,62566.534441931246,0.0,-0.0,419.7363265055558,-455.20730831551873,0.0,0.0,2510.0,-40.8615,-65000.20196012128
t127,14603.933236999503,1266.8462861758492,-563.1537138241508,243.0420419108509,-0.0,0.0,0.0,-3560.0,-39.019999999999996,-11951.64785126205,2247.6176399999995,0.0,-240.0,16.46976429146742,-14.218009554835483,0.0,0.0,-1023.8816585366419,-17.911,-968.0767361999895,339.1792,0.0,-0.0,12.502697470947972,-0.0,0.0,0.0,393.0988559950693,-11.644216683583055,-733.1365367824342,2688.6037,394.4633939379375,-0.0,24.696150909939256,-21.327014332253206,0.0,0.0,-1545.8730354160534,-87.42808299315448,-1453.1351121064151,1153.97898,0.0,-0.0,2.8537057440713784,-0.0,0.0,0.0,-979.6067488243175,-10.8,-166.42593691975395,2096.3675300000004,2682.068480618283,-4450.4063230319425,15.113850781974499,-0.0,0.0,0.0,622.6163302079767,-69.4125,-896.3473685762916,676.9791767013817,729.0439029716646,-0.0,27.959774393926633,-24.156108070205175,0.0,0.0,306.02935843927594,-111.93884413314527,-1603.917260302899,5694.1878627003625,0.0,-0.0,100.17322663911432,-86.54125203529964,0.0,0.0,396.9867521516014,-22.728977823573853,-6082.077611632206,377.81823701514486,0.0,-0.0,34.102590203771,-29.45159122073063,0.0,0.0,1560.6301459830893,-30.871000000000002,-1912.2283819812744,16572.932499437095,906.8633110506798,-0.0,336.6189822894869,-0.0,0.0,0.0,720.0,-19.512,-18516.90279277726,68022.42126282978,0.0,-0.0,1311.2429044117866,-0.0,0.0,0.0,3110.0,-50.6715,-72392.99266724156
t128,16054.21322152725,1225.965925280008,-604.034074719992,280.3466549294432,-243.0420419108509,0.0,0.0,-2807.4471769261454,-39.019999999999996,-13866.982508179713,2449.44334,0.0,-240.0,27.315518689077457,-28.92973294929981,0.0,0.0,-1088.7308383122897,-17.911,-1101.187287427488,339.1792,0.0,-0.0,20.7291280331586,-15.137950282620281,0.0,0.0,500.8544660569418,-11.644216683583055,-833.980627123897,2744.21038,394.4633939379375,-0.0,40.95586825377927,-43.378945509605245,0.0,0.0,-1397.0285029115048,-87.42808299315448,-1651.7941107774518,1174.99302,0.0,-0.0,2.6132080307472263,-4.275039307972638,0.0,0.0,-973.9151268803868,-10.8,-188.6160618423878,2073.5645500000005,4491.169364890885,-2641.30543875934,25.06223052120918,-18.297377668558497,0.0,0.0,-2841.425160108345,-69.4125,-1019.3556688758501,676.9823767013817,729.0439029716646,-0.0,46.36338548625329,-49.11045348790739,0.0,0.0,532.4850454351113,-111.93884413314527,-1823.8254129733593,4386.08102904274,0.0,-0.0,166.11095679197612,-175.95151601261074,0.0,0.0,2561.1475096250897,-22.728977823573853,-6914.659001623621,504.4395073916052,0.0,-0.0,56.554787630488164,-40.6,0.0,0.0,1684.0597840215291,-30.871000000000002,-2173.5830790436225,17176.374562683617,1021.1782172161821,-0.0,526.8801010630692,-0.0,0.0,0.0,720.0,-19.512,-19424.92088096287,71513.85763723032,0.0,-0.0,2047.5184080195036,-0.0,0.0,0.0,3110.0,-50.6715,-76620.70454524981
t129,17419.129630666648,1226.7006310071883,-603.2993689928117,396.2919080154125,-0.0,0.0,0.0,-3560.0,-39.019999999999996,-14839.802800696436,2350.4476222727612,240.0,-0.0,25.920923366174453,-0.0,0.0,0.0,-1392.395278456449,-17.911,-1206.062267182487,339.39799999999997,0.0,-0.0,15.215796652043002,-0.0,0.0,0.0,569.669437621778,-11.644216683583046,-912.6390175902379,3860.7777568035326,0.0,-394.4633939379375,38.86047088466276,-0.0,0.0,0.0,-1608.6389151437024,-87.42808299315446,-1809.1078356133996,1004.3143600000001,0.0,-0.0,4.488377132349049,-0.0,0.0,0.0,-791.2311185350791,-10.8,-206.77161859727005,6830.043554153689,1664.4198236056163,-5468.054980044609,18.40592256381176,-0.0,0.0,0.0,-1858.244470016944,-69.4125,-1117.1573502615647,1337.5532846237118,0.0,-729.0439029716646,43.98491370061144,-0.0,0.0,0.0,1454.757970717047,-111.93884413314527,-1995.3134219365625,5940.776421508332,0.0,-0.0,157.59195836413045,-81.90359668064765,0.0,0.0,1590.2138051588918,-22.72897782357385,-7583.949610527133,586.7433331363045,0.0,-0.0,53.66047614270592,-0.0,0.0,0.0,1765.8685686544568,-30.871000000000002,-2375.401377933467,20826.827575919488,0.0,-1952.5172732786032,328.2748642189664,-729.6500656057908,0.0,0.0,720.0,-19.512,-19173.423101254062,71640.46640646577,0.0,-0.0,1799.2125705329288,-971.6937999876071,0.0,0.0,3110.0,-50.6715,-75527.31367701112
t130,18534.6693595853,0.0,-1830.0,298.0114752336144,-258.5,0.0,0.0,-1756.2566929056445,-39.019999999999996,-14948.904141913265,2275.002952508239,0.0,-240.0,18.00282094397722,-19.6,0.0,0.0,-778.1716949966051,-17.911,-1237.3230784556115,339.72679999999997,0.0,-0.0,10.545490221153376,-14.9,0.0,0.0,613.1135257346186,-11.644216683583046,-936.841599272189,4622.478260517864,393.9518447177353,-0.5115492202021983,26.984333929037643,-29.4,0.0,0.0,-3070.5795909375365,-87.42808299315446,-1855.4952160137432,913.6442199999999,0.0,-0.0,2.155860389031861,-3.4,0.0,0.0,-689.7852515820723,-10.8,-211.81482880695958,10142.891787794375,1454.066164366771,-5678.408639283454,12.7518773943417,-18.0,0.0,0.0,-4697.49166207041,-69.4125,-1146.3970282016237,1681.863986291235,0.0,-729.0439029716646,30.534854341759676,-33.3,0.0,0.0,1205.6174721156344,-111.93884413314527,-2043.7335656438197,4266.736492896219,0.0,-0.0,118.22716835776225,-0.0,0.0,0.0,3430.3642584868267,-22.728977823573853,-7792.598941917233,551.9224837827778,0.0,-0.0,37.26029019020853,-40.6,0.0,0.0,1913.1896361551885,-30.871000000000002,-2430.901410128174,21119.0103355317,0.0,-3034.667758549082,345.17093281776425,-331.3,0.0,0.0,720.0,-19.512,-18798.70150980038,71678.44310070401,0.0,-0.0,1298.9443304832075,-2409.441739364046,0.0,0.0,3110.0,-50.6715,-73627.27419182318
t131,17068.350079122996,515.4282709880013,-1314.5717290119987,275.2934033407028,-258.5,0.0,0.0,-1226.351852652405,-39.019999999999996,-15020.628171787292,2332.061740345367,205.6349759651102,-34.36502403488981,20.501128139695616,-0.0,0.0,0.0,-1247.4220633552968,-17.911,-1258.4997570599862,339.9006,0.0,-0.0,15.53809448258649,-14.9,0.0,0.0,624.0821759278197,-11.644216683583046,-952.9766537268231,5033.328209707704,0.0,-394.4633939379375,30.729139331534363,-0.0,0.0,0.0,-2694.401174076772,-87.42808299315446,-1887.7646980313734,1013.3396799999999,0.0,-0.0,3.5475731531681776,-0.0,0.0,0.0,-790.237856178457,-10.8,-215.8493969747112,11166.194319471226,817.0490003948627,-6315.425803255363,18.797189313014393,-18.0,0.0,0.0,-4433.648147347595,-69.4125,-1165.5540585761453,1778.5987853206902,215.97897552943041,-513.0649274422342,34.77254494127571,-0.0,0.0,0.0,674.6933862143437,-111.93884413314527,-2079.0399204303617,4615.744092703005,0.0,-0.0,124.5888559516808,-89.18815360157859,0.0,0.0,3298.2428400253,-22.72897782357385,-7926.658657254834,516.7059429593248,0.0,-0.0,21.396526998206085,-0.0,0.0,0.0,1965.0426914430623,-30.871000000000002,-2472.274161400592,20092.55442370194,0.0,-2200.8805426006898,353.0039110818171,-331.3,0.0,0.0,720.0,-19.512,-18613.865792183064,69614.75860284411,0.0,-0.0,1286.079036551243,-1411.4,0.0,0.0,3110.0,-50.6715,-72548.76613939535
t132,16429.973360191503,0.0,-1830.0,375.5742037835317,-116.99445831509651,0.0,0.0,204.1256589389327,-39.019999999999996,-15023.65876459887,2288.8264341931194,0.0,-240.0,12.173324056548033,-15.324642748901464,0.0,0.0,-760.1886390389052,-17.911,-1267.5754764618612,339.90975,0.0,-0.0,18.816354392065215,-6.283109466774684,0.0,0.0,619.2369618090181,-11.644216683583046,-960.0357400507254,5330.337987434761,0.0,-394.4633939379375,18.253428544295332,-22.986964123352188,0.0,0.0,-2941.8303785105263,-87.42808299315446,-1901.8825964140867,945.1091599999999,0.0,-0.0,4.296089382758028,-2.6583563952176004,0.0,0.0,-719.0888539708914,-10.8,-216.8580390166491,11661.347501967264,999.997478818736,-6132.47732483149,22.763619014640916,-7.590333584023108,0.0,0.0,-5300.0,-69.4125,-1174.628441385129,1675.7341953672678,356.69216320393605,-372.35173976772853,20.665233062463802,-26.036255282572384,0.0,0.0,550.3977098947571,-111.93884413314527,-2093.1624623449784,5519.399501451988,0.0,-0.0,74.03878342042972,-0.0,0.0,0.0,2417.4353850600774,-22.728977823573853,-7988.144692108922,523.0370064781479,0.0,-0.0,51.385365853105625,-155.04390283701017,0.0,0.0,2099.9121558175375,-30.871000000000002,-2488.41962531178,20419.93296909995,0.0,-3185.1751470386425,431.16231538819505,-0.0,0.0,0.0,720.0,-19.512,-18366.4081374495,68163.31473902252,0.0,-0.0,1511.9081459245642,-1319.8558103401606,0.0,0.0,3110.0,-50.6715,-71414.69557460693
t133,16549.02455560786,1383.7583400125811,-446.2416599874189,394.81477517782105,-654.2744462585996,0.0,0.0,-2196.7291232768775,-39.019999999999996,-14991.332441275365,2116.802363122369,0.0,-240.0,25.781578962136866,-66.36914526225569,0.0,0.0,-548.7114938266393,-17.911,-1269.5923029956111,340.00975,0.0,-0.0,19.532857358615693,-50.245931857531104,0.0,0.0,663.3917221366387,-11.644216683583046,-961.0441809541401,5360.205857152761,0.0,-394.4633939379375,38.64046838666187,-99.45371789338351,0.0,0.0,-2912.593270361707,-87.42808299315446,-1904.9078603532396,972.7193676786301,0.0,-0.0,4.459945308241598,-11.474239484268843,0.0,0.0,-737.0383924440158,-10.8,-217.866681058587,12009.760437077019,0.0,-7132.474803650225,23.633992848250877,-60.81656197554093,0.0,0.0,-3594.0455934012666,-69.4125,-1176.6449708982366,1791.1599931217654,0.0,-729.0439029716646,43.719696763609775,-112.50063965475071,0.0,0.0,1214.792418200867,-111.93884413314527,-2096.188721326682,5967.739974245568,0.0,-0.0,156.64829594632283,-453.4090355697772,0.0,0.0,2354.0059842932874,-22.728977823573853,-8002.256241091827,557.0664728918216,0.0,-0.0,53.35457061842955,-14.021800900386761,0.0,0.0,1926.9277486797127,-30.871000000000002,-2492.4559912895766,20711.51475068317,0.0,-3240.891985364924,198.28599552290603,-238.32590319948775,0.0,0.0,720.0,-19.512,-18131.070857641662,66300.94149486098,0.0,-0.0,1557.2545252421055,-493.0322907794619,0.0,0.0,3110.0,-50.6715,-70424.49222932362
t134,16797.73516603156,0.0,-1830.0,408.596720878984,-106.91931412956585,0.0,0.0,-396.6509577076969,-39.019999999999996,-14833.741615073279,1956.0420022702233,0.0,-240.0,26.73018752416955,-0.0,0.0,0.0,-462.3277796669066,-17.911,-1262.5334101274861,340.03114999999997,0.0,-0.0,20.25326856738116,-0.0,0.0,0.0,607.3617745532691,-11.644216683583046,-956.0019764370669,5386.256979190942,361.64841489284044,-32.81497904509699,40.06303299729707,-0.0,0.0,0.0,-3773.910139133147,-87.42808299315446,-1893.8152259096792,910.89977767863,0.0,-0.0,4.624364825821502,-0.0,0.0,0.0,-687.8661034878024,-10.8,-216.8580390166491,11767.583344268436,61.61897148392836,-7070.855832166297,24.504694928907178,-0.0,0.0,0.0,-3543.8515609126134,-69.4125,-1169.5871176023602,1810.894276391581,729.0439029716646,-0.0,45.330460789582546,-0.0,0.0,0.0,-388.2373576259156,-111.93884413314527,-2085.0924383937686,4789.555204707523,0.0,-0.0,162.41919710179144,-0.0,0.0,0.0,3028.6602345883834,-22.728977823573853,-7957.905658574125,683.6877432682819,0.0,-0.0,39.69916920102621,-0.0,0.0,0.0,1786.8218893924295,-30.871000000000002,-2479.337801861737,20559.59880882593,0.0,-3240.891985364924,431.8605470127834,-544.2114489580497,0.0,0.0,720.0,-19.512,-17906.843921515738,69433.45569021621,0.0,-0.0,533.9703395721803,-3499.2,0.0,0.0,3110.0,-50.6715,-69527.55452978841
t135,17944.89093658395,0.0,-1830.0,430.9050650149631,-0.0,0.0,0.0,-1763.9521708729899,-39.019999999999996,-14742.823830725922,2138.0068657399734,0.0,-240.0,27.976184223406023,-13.671811148747834,0.0,0.0,-634.8920684877702,-17.911,-1259.5081703268613,340.06615,0.0,-0.0,21.191418255891165,-55.49336663858891,0.0,0.0,659.8651096965185,-11.644216683583046,-953.9850946302377,5527.569119020826,0.0,-394.4633939379375,41.92767469017562,-20.507716723121746,0.0,0.0,-3177.316059399313,-87.42808299315446,-1889.7815406574755,945.9094399999999,0.0,-0.0,4.838819074392173,-12.671640709476666,0.0,0.0,-711.4272213902043,-10.8,-215.8493969747112,11397.973940595957,221.23523544192355,-6911.2395682083015,25.643113907911555,-67.15574493252352,0.0,0.0,-3429.4738887157155,-69.4125,-1167.5705880892526,1948.1120924496922,0.0,-729.0439029716646,47.43610056514304,-23.22812812516851,0.0,0.0,948.7113556394097,-111.93884413314527,-2080.0486734242627,5400.671597144146,0.0,-0.0,169.96540089569828,-83.21668724722531,0.0,0.0,2478.094808837681,-22.728977823573853,-7942.786141806726,674.1911479900474,0.0,-0.0,57.89315044930284,-28.32018023669194,0.0,0.0,1800.390134692384,-30.871000000000002,-2473.2832528950416,21141.68050285817,0.0,-3240.891985364924,487.34218479993314,-1334.2894985928192,0.0,0.0,720.0,-19.512,-17754.32920370036,64936.456158580695,0.0,-0.0,1673.6792738387155,-982.2924020848845,0.0,0.0,3110.0,-50.6715,-68687.17153033453
t136,17973.46121704505,0.0,-1830.0,72.43210185625978,-1138.702134822397,0.0,0.0,-360.0,-39.019999999999996,-14678.171184078912,2280.4705753297994,0.0,-240.0,34.309133508931524,-59.6,0.0,0.0,-736.7521252449955,-17.911,-1260.5165835937362,339.93895,0.0,-0.0,20.604901509511993,-0.0,0.0,0.0,606.0939007077235,-11.644216683583046,-954.9935355336523,5357.481079993865,180.82420744642025,-213.63918649151728,51.414723412611686,-89.3,0.0,0.0,-3307.554358084649,-87.42808299315446,-1891.7983832835773,865.8584999999998,0.0,-0.0,4.705022914818531,-0.0,0.0,0.0,-643.9141259401073,-10.8,-215.8493969747112,11091.514716864185,1449.8837780786307,-5682.591025571594,24.935103919241264,-0.0,0.0,0.0,-5645.751220444656,-69.4125,-1168.5788528458065,1699.2865090663702,0.0,-729.0439029716646,58.16357764426078,-101.0,0.0,0.0,1266.5988398062418,-111.93884413314527,-2082.066179412065,5163.212187764188,0.0,-0.0,208.40479450212578,-361.9,0.0,0.0,2957.8140729329753,-22.72897782357385,-7944.8020773757125,525.0154638277801,0.0,-0.0,70.99195578869507,-123.3,0.0,0.0,2033.4650162674661,-30.871000000000002,-2475.30143588394,18851.999938523746,0.0,-1644.6339857641974,609.948304428035,-609.948304428035,0.0,0.0,720.0,-19.512,-17907.85395275955,67264.41377506511,0.0,-0.0,2002.7859290654208,-3874.5051636077883,0.0,0.0,3110.0,-50.6715,-68452.02304052276
t137,17926.494196131025,0.0,-1830.0,660.626035881558,-1059.0019905866316,0.0,0.0,-860.713542487757,-39.019999999999996,-14798.384698938196,2111.8646546847394,0.0,-240.0,43.26168007179343,-70.46759041972028,0.0,0.0,-559.1722678749519,-17.911,-1267.5754764618612,339.7861,0.0,-0.0,32.756685085071275,-53.36158659458327,0.0,0.0,651.490317340406,-11.644216683583046,-959.0272991473108,4720.763695018254,180.82420744642025,-213.63918649151728,64.82957879880962,-105.6013856295804,0.0,0.0,-2658.874651048196,-87.42808299315446,-1900.874175101036,927.9504599999999,0.0,-0.0,7.480171341663557,-12.185194256482088,0.0,0.0,-695.5873980685324,-10.8,-216.8580390166491,9930.54240978442,2343.2597854550786,-4789.2150181951465,39.6453362621345,-64.58044018137576,0.0,0.0,-6216.619396496537,-69.4125,-1173.6201766285753,1323.0194744861253,334.19776834662963,-394.84613462503495,73.33757795406078,-119.46381433554515,0.0,0.0,988.856434651887,-111.93884413314527,-2093.1624623449784,4866.063918480416,0.0,-0.0,262.77516497610793,-428.0481396465627,0.0,0.0,3303.026951631082,-22.728977823573853,-7981.088917617469,360.0121208684551,0.0,-0.0,89.51457237761701,-145.81143729799197,0.0,0.0,2217.5935523525986,-30.871000000000002,-2490.437808300678,17190.384048687964,0.0,-0.0,794.473372226885,-769.1623469432944,0.0,0.0,1320.0,-9.702,-18525.993073971553,68595.96561570457,0.0,-0.0,2614.9202503145693,-2676.094507792276,0.0,0.0,2510.0,-40.8615,-71003.92985822688
t138,16700.484038078623,1830.0,-0.0,766.0476454041544,-390.85437198600766,0.0,0.0,-3470.2356310737305,-39.019999999999996,-15396.421680423035,2195.0937359269474,240.0,-0.0,50.27550974207538,-43.478478579201195,0.0,0.0,-1132.2023722229605,-17.911,-1291.777394866861,339.35889999999995,0.0,-0.0,38.06779163706126,-0.0,0.0,0.0,612.4052013587108,-11.644216683583046,-978.1876763121887,3368.1470400649027,180.82420744642022,-213.63918649151725,75.3403141456983,-65.14476740138703,0.0,0.0,-1319.9137610870407,-87.42808299315446,-1938.1857636839209,1056.87702,0.0,-0.0,8.692974978097148,-0.0,0.0,0.0,-832.8687457517586,-10.8,-221.9012492263386,3872.7711364508423,3901.4442557460734,-3231.0305479041513,46.07312668457179,-39.830955208462846,0.0,0.0,-3283.2042497395623,-69.4125,-1196.8102660293116,678.7616537740109,334.19776834662963,-394.84613462503495,85.22798931971634,-73.6799720889148,0.0,0.0,1617.8076274955674,-111.93884413314527,-2135.5300880888285,6340.4026573868,0.0,-0.0,305.37946696847536,-264.0077415740422,0.0,0.0,1772.230712549302,-22.72897782357385,-8131.276117506962,351.7025999999999,0.0,-0.0,104.0274908740758,-89.94792632240785,0.0,0.0,2205.9812184714724,-30.871000000000002,-2540.8923830231392,16680.423087854073,1684.5112518891901,-0.0,985.7179123820936,-0.0,0.0,0.0,720.0,-19.512,-20051.140252125355,68201.91889368351,0.0,-0.0,3115.970085752013,-1252.9824620198165,0.0,0.0,3110.0,-50.6715,-73124.23501741572
t139,16087.8304544441,1830.0,-0.0,713.2665246259894,-249.51336771157057,0.0,0.0,-1789.4656745163252,-39.019999999999996,-16553.097936842194,2285.7820499999993,240.0,-0.0,46.002030449532455,-6.797031162874183,0.0,0.0,-1194.793858407298,-17.911,-1352.2821908793603,339.23629999999997,0.0,-0.0,34.84863710429827,-5.167130833001292,0.0,0.0,666.2939273781332,-11.644216683583055,-1023.567516965847,2478.3119348570985,180.82420744642025,-213.63918649151728,68.94429649650976,-10.195546744311272,0.0,0.0,-387.87394071253857,-87.42808299315448,-2028.9436818585061,1010.4477,0.0,-0.0,7.957163764143606,-1.1790768343761338,0.0,0.0,-774.43811728405,-10.8,-231.98766964571763,2114.6147610996054,6602.06901166541,-530.4057919848156,42.16763111214067,-6.242171476108943,0.0,0.0,-6900.526112776463,-69.4125,-1252.2648276397683,676.9887767013817,613.1307727725385,-115.91313019912604,78.00424263968134,-11.548017230801545,0.0,0.0,1105.664080940615,-111.93884413314527,-2234.3878814911454,5110.779939231415,0.0,-0.0,279.49139656806074,-41.37172539443316,0.0,0.0,3188.133243032924,-22.72897782357385,-8514.303875614392,351.7025999999999,0.0,-0.0,95.19760008036324,-14.079564551667948,0.0,0.0,2257.0064523450033,-30.871000000000002,-2658.956087873698,16516.992947100323,2706.917870722513,-0.0,877.9869070244783,-118.96591409661171,0.0,0.0,720.0,-19.512,-20683.419810750707,70450.65456207906,0.0,-0.0,2971.8152022692775,-0.0,0.0,0.0,3110.0,-50.6715,-76481.79826434834
t140,15254.772163054458,1830.0,-0.0,485.5800006068629,-0.0,0.0,0.0,-876.605534072498,-11.343399452609848,-16682.403230136213,2487.2147999999997,240.0,-0.0,31.95337256593323,-0.0,0.0,0.0,-1356.9194216406438,-13.663682438429738,-1388.5850684868599,339.23629999999997,0.0,-0.0,24.221243482235543,-0.0,0.0,0.0,689.8831379667854,-2.545260090978924,-1050.795421358042,2529.2675548570983,394.4633939379375,-0.0,47.896507893493265,-0.0,0.0,0.0,-843.9298843994737,-45.307560838848985,-2082.390011450206,1026.94431,0.0,-0.0,5.529922421585866,-0.0,0.0,0.0,-789.1082299719303,-5.326480552310529,-238.03952189734505,2137.3842010996054,7132.474803650225,-0.0,29.29974290632982,-0.0,0.0,0.0,-7968.549244608293,-44.06367368527188,-1286.5458293625961,676.9887767013817,729.0439029716646,-0.0,54.2011692811695,-0.0,0.0,0.0,904.0879536146958,-70.41749443759473,-2293.9043081313157,4493.578924504061,0.0,-0.0,194.20001348543633,-0.0,0.0,0.0,4068.5825958775026,-15.26490674162873,-8741.096627125371,351.7025999999999,0.0,-0.0,66.13640595665134,-0.0,0.0,0.0,2342.5586272338546,-30.805140705361254,-2729.592492485144,17445.526551815445,1709.833756329433,-0.0,458.91009861501027,-0.0,0.0,0.0,720.0,-19.512,-20314.758406759887,72419.8496748174,0.0,-0.0,1821.6840202582584,-1411.4,0.0,0.0,3110.0,-50.6715,-75889.46219507566
t141,16189.785329012,1830.0,-0.0,425.2502533924615,-258.5,0.0,0.0,-1847.9772441310124,-39.019999999999996,-16299.53833827345,2281.8388999999993,240.0,-0.0,20.27911280001893,-19.6,0.0,0.0,-1142.240689251909,-17.911,-1362.3663235481101,339.23629999999997,0.0,-0.0,15.36191967080431,-60.0,0.0,0.0,748.6810412059428,-11.644216683583055,-1031.635044193164,2499.0394848570986,394.4633939379375,-0.0,30.392562455603954,-81.86301576549755,0.0,0.0,-711.5427622507668,-87.42808299315448,-2043.0615802412194,1000.15262,0.0,-0.0,3.50768225828768,-13.700000000000001,0.0,0.0,-745.1553485286944,-10.8,-234.00495372959344,2114.5700410996055,6905.834559811791,-226.6402438384339,25.80902956804266,-18.0,0.0,0.0,-7470.821676192253,-69.4125,-1261.3392104487523,676.9887767013817,729.0439029716646,-0.0,34.38613436856471,-92.63666956680015,0.0,0.0,1015.6933820457998,-111.93884413314527,-2251.5366823874656,4775.6526214571195,0.0,-0.0,171.06260421078179,-331.913274418069,0.0,0.0,3982.708969257728,-22.728977823573853,-8574.781942683987,351.7025999999999,0.0,-0.0,58.25198991751877,-40.6,0.0,0.0,2340.654327845165,-30.871000000000002,-2679.1379177626827,16327.110585159486,3085.893709993734,-0.0,496.07169634741604,-761.4400193811816,0.0,0.0,720.0,-19.512,-19848.123972119454,71287.40394628783,0.0,-0.0,1827.9966857652119,-1411.4,0.0,0.0,3110.0,-50.6715,-74763.32913205304
t142,15868.702369973298,1830.0,-0.0,353.1840622612074,-538.6119993690954,0.0,0.0,-1715.1718126568062,-39.019999999999996,-15759.082620208605,2077.0457499999998,240.0,-0.0,23.762812032865288,-19.6,0.0,0.0,-980.2593558928797,-17.911,-1323.0382061399855,339.23629999999997,0.0,-0.0,18.0218823930072,-14.9,0.0,0.0,671.6762922847157,-11.644216683583055,-1002.3902579941398,2438.1017348570986,394.4633939379375,-0.0,35.623703235897146,-29.4,0.0,0.0,-765.7791836404617,-87.42808299315448,-1985.5815653973154,993.91948,0.0,-0.0,4.114165731117147,-3.4,0.0,0.0,-756.8891862950892,-10.8,-226.94445943602813,2091.7670610996056,6497.988195538229,-634.4866081119962,21.79535844478544,-14.626248406023048,0.0,0.0,-6666.97531459523,-69.4125,-1226.0499439693708,676.9887767013817,729.0439029716646,-0.0,40.319361641512984,-33.3,0.0,0.0,884.8545406024737,-111.93884413314527,-2185.967737783888,5084.572899159928,0.0,-0.0,144.4595791488437,-96.9395241576972,0.0,0.0,3227.5375692160815,-22.728977823573853,-8336.901545543582,351.7025999999999,0.0,-0.0,49.1907302184483,-40.6,0.0,0.0,2271.006450977196,-30.871000000000002,-2600.4287811956433,15118.427905816032,2685.016631087801,-0.0,406.8824409595102,-0.0,0.0,0.0,720.0,-19.512,-18910.81497786334,67652.6841728648,0.0,-0.0,1530.1674608266053,-0.0,0.0,0.0,3110.0,-50.6715,-72242.18013369139
t143,14113.245215236315,1830.0,-0.0,254.53099675793527,-0.0,0.0,0.0,-1395.7284291911365,-39.019999999999996,-14763.027782803112,2042.208902091043,240.0,-0.0,17.323134407126496,-35.01450996219098,0.0,0.0,-991.132009276617,-17.911,-1255.4745172593614,339.26484999999997,0.0,-0.0,13.141097540834544,-0.0,0.0,0.0,609.1896001593275,-11.644216683583046,-949.9513310165792,2430.2984800000004,394.4633939379375,-0.0,25.971241050252782,-0.0,0.0,0.0,-880.5824405289172,-87.42808299315446,-1882.7225914661187,987.55064,0.0,-0.0,2.9998141186178175,-0.0,0.0,0.0,-764.9096991858447,-10.8,-214.84075493277328,2068.9529010996057,6311.042188560565,-821.4326150896604,15.890870435343944,-32.077051072745434,0.0,0.0,-6310.434529626625,-69.4125,-1162.5292643064838,676.9919767013816,729.0439029716646,-0.0,29.396764249342603,-0.0,0.0,0.0,750.5023556716096,-111.93884413314534,-2073.9961554608553,4795.612671217461,0.0,-0.0,105.32429873835376,-0.0,0.0,0.0,3027.2833416482335,-22.728977823573853,-7905.4913337804755,351.7025999999999,0.0,-0.0,35.862483248361094,-16.286281144432245,0.0,0.0,2125.8118103299694,-30.871000000000066,-2466.219612433897,15414.407980791771,2630.0883319372297,-0.0,287.62861096545123,-1481.3,0.0,0.0,720.0,-19.512,-17551.312923694455,68407.2525369097,0.0,-0.0,1125.6643540507944,-4325.761454213276,0.0,0.0,3110.0,-50.6715,-68266.48393674723
t144,13698.42504363692,1830.0,-0.0,162.64948770501962,-555.2816564823562,0.0,0.0,-1634.8796058275411,-39.019999999999996,-13461.893269032043,2035.065412483902,240.0,-0.0,11.176985779864783,-0.0,0.0,0.0,-1105.6309015569043,-17.911,-1162.7004967068624,339.26484999999997,0.0,-0.0,8.477588927254438,-14.296539986858846,0.0,0.0,558.5672264241578,-11.644216683583046,-880.3689086809699,2433.6312900000003,313.2793182437837,-81.1840756941539,16.75625452406682,-0.0,0.0,0.0,-851.4942538154548,-87.42808299315446,-1743.560450265088,979.21415,0.0,-0.0,1.935288170611714,-3.2650634559788507,0.0,0.0,-767.3732504109281,-10.8,-199.71112430370474,2089.0432293116182,6509.003004302095,-623.4717993481298,10.252154417871676,-10.594270327961684,0.0,0.0,-6827.993058356079,-69.4125,-1076.8267599994144,676.9919767013816,729.0439029716646,-0.0,18.96556325848956,-0.0,0.0,0.0,607.6031015894832,-111.93884413314527,-1920.665700387874,3166.7081735418633,0.0,-0.0,67.95115352578657,-70.21646945143496,0.0,0.0,4177.140203412768,-22.72897782357385,-7318.8540832054105,351.7025999999999,0.0,-0.0,23.137832600715065,-72.43773621372732,0.0,0.0,2014.0605385404988,-30.871000000000002,-2285.592234927486,14546.26606071374,836.1115242931137,-0.0,185.7076590483071,-0.0,0.0,0.0,720.0,-19.512,-16268.573244055164,60557.520948560224,0.0,-0.0,734.4617422070554,-0.0,0.0,0.0,3110.0,-50.6715,-64351.31119076728
t145,13403.813016465783,0.0,-0.0,88.45439807824067,-806.6078894428208,0.0,0.0,-643.8160591574824,-8.369608769047204,-12033.473857174673,2112.89392,200.39701456522764,-0.0,6.491264375583611,-46.756851918172956,0.0,0.0,-1203.9659485434577,-13.250708061067336,-1055.8086904181134,630.0004999999999,0.0,-0.0,4.925290784439358,-38.64739485903006,0.0,0.0,203.9659485434577,-0.5507080610673358,-799.6936364077997,3329.8891700000004,394.4633939379375,-0.0,9.732383332464032,-0.0,0.0,0.0,-2108.381960398606,-41.47310406875686,-1584.2298828030384,915.5302914371199,0.0,-0.0,1.1242856286764171,-0.0,0.0,0.0,-731.172238946026,-4.935412612885676,-180.5469255068846,2088.5820001299667,4316.864096255072,-0.0,5.955286197165536,-0.0,0.0,0.0,-5403.1270572047115,-30.257511520346384,-978.0168138571461,847.8739767013816,0.0,-0.0,11.016828141665105,-0.0,0.0,0.0,945.9168999589851,-59.66502535296574,-1745.1426794490662,3446.246889071305,0.0,-0.0,39.471366605093124,-35.36071894158991,0.0,0.0,3206.7643565903586,-10.582322376748182,-6646.53957094842,351.7025999999999,0.0,-0.0,13.439098272276734,-163.72685308421438,0.0,0.0,1903.8160591574824,-28.5206087690472,-2076.7102955764976,11612.848630662054,2256.124816368409,-0.0,112.2493829486651,-53.179454610637855,0.0,0.0,1320.0,-9.702,-15238.341375368489,55681.64866757122,1324.2826398991401,-0.0,505.13608428199774,-1613.7710323969059,0.0,0.0,2510.0,-40.8615,-58366.43485935545
t146,11905.389330393637,0.0,-0.0,51.36050691628812,-213.9504543499827,0.0,0.0,-363.25208637875744,-4.722277122923856,-11374.825019458262,2129.7860805744267,0.0,-0.0,3.649845701998121,-4.243446108380957,0.0,0.0,-1120.8622576667296,-13.026328095700169,-995.3038944056142,630.0004999999999,0.0,-0.0,2.768925279697301,-0.0,0.0,0.0,120.86225766672968,-0.32632809570017013,-753.3053548507268,4131.92625,0.0,-0.0,5.472029203053434,-68.96751117434187,0.0,0.0,-2532.721614767713,-43.245609945596655,-1492.4635433154021,844.3981914371199,0.0,-0.0,0.6320743024092412,-7.9574788110396515,0.0,0.0,-662.1428178206943,-4.469464020289687,-170.46050508750557,2065.8013801299667,3475.4511500167882,-0.0,3.348209377420982,-42.17544614210963,0.0,0.0,-4555.361282708762,-25.510023183169064,-921.5539874901356,847.8739767013816,0.0,-0.0,6.193913413234441,-78.01782960105035,0.0,0.0,924.8265588639883,-55.60048632470552,-1645.2761330528479,3527.2257661776143,0.0,-0.0,22.191826888671493,-12.278119442247768,0.0,0.0,2735.3991564331805,-9.026817216229494,-6263.5118128409895,351.7025999999999,0.0,-0.0,7.556089975655933,-0.0,0.0,0.0,1623.2520863787577,-24.873277122923856,-1957.6374992314893,13198.422421079882,347.1737979169044,-0.0,65.29734581521694,-0.0,0.0,0.0,1320.0,-9.702,-14921.191564812003,55768.9338415532,0.0,-0.0,262.4749091137171,-1044.940718936815,0.0,0.0,2510.0,-40.8615,-57455.60653173011
t147,11503.146988003453,0.0,-0.0,25.80686561445555,-309.87745781441924,0.0,0.0,-135.4478592936713,-1.7608221708177272,-11081.867714339,2142.4722723014675,0.0,-0.0,1.8342381071398468,-37.861582434213155,0.0,0.0,-1134.3810822541932,-13.062828922086322,-959.0010167981145,619.3418219934485,0.0,-0.0,1.3918049354779425,-28.67442980250168,0.0,0.0,134.38108225419327,-0.36282892208632184,-726.0774504585319,3581.9564000000005,0.0,-0.0,2.750112771959376,-0.0,0.0,0.0,-2105.550394562294,-40.13890448596339,-1439.0172137237018,798.6471734126316,0.0,-0.0,0.31770164335573936,-0.0,0.0,0.0,-630.3016858406846,-4.254536379424621,-164.40865283587814,2043.0207601299667,3418.3337323816404,-0.0,1.682828268648309,-0.0,0.0,0.0,-4549.280101686947,-25.475968569446902,-888.2812505238616,847.8739767013816,729.0439029716646,-0.0,3.1131078581243328,-0.0,0.0,0.0,59.72340452346225,-53.994685641954995,-1585.7597064126776,3218.8597770051556,0.0,-0.0,11.153702160138607,-154.166666368065,0.0,0.0,2970.6066548088747,-10.742374060587542,-6035.711093545517,351.7025999999999,0.0,-0.0,3.797537753896207,-6.441677919676185,0.0,0.0,1560.2499820512598,-22.30734726543594,-1887.001094620044,12125.117303286968,1490.0,-0.0,33.46526082394971,-115.46140507231954,0.0,0.0,1320.0,-9.702,-14843.419159038598,55938.12324520871,0.0,-0.0,89.9540480597794,-1120.9842791963733,0.0,0.0,2510.0,-40.8615,-57376.231514072126
t148,11179.471579504298,0.0,-0.0,35.59455571282375,-21.420538187303602,0.0,0.0,-199.09720575944175,-2.588263674872743,-10991.960127595501,2029.5040991320573,0.0,-0.0,2.5102956330765385,-0.0,0.0,0.0,-1079.2592301163297,-12.91399992131409,-939.8411647274897,630.0004999999999,0.0,-0.0,1.905106712296814,-0.0,0.0,0.0,79.25923011632977,-0.21399992131409043,-710.9508369073125,2966.573745653379,0.0,-0.0,3.7638916512858147,-1.6388736178582832,0.0,0.0,-1520.9291290283081,-37.996639013273516,-1409.7729956452245,914.5632934126317,0.0,-0.0,0.43485772883468843,-0.1895296020652437,0.0,0.0,-748.3743678463735,-5.051526982963021,-161.38272671006445,2065.823740129967,3889.9149217951444,-0.0,2.3032833632394034,-0.0,0.0,0.0,-5059.575835702522,-28.333624679934125,-870.1324849058939,847.8739767013816,0.0,-0.0,4.260919042159997,-1.8562752202272395,0.0,0.0,754.9641469074804,-51.763156822954706,-1553.4796106078393,3490.2108422787387,0.0,-0.0,15.266012377080141,-0.0,0.0,0.0,2413.6118816548815,-8.365648042345708,-5910.723088268355,351.7025999999999,0.0,-0.0,5.197459556855842,-13.727868401208529,0.0,0.0,1529.4005097742838,-22.907991604508364,-1849.6647093254226,13633.973535663792,0.0,-0.0,46.682533266459274,-14.21078570867121,0.0,0.0,1320.0,-9.702,-14976.743283221578,56469.45743100237,29.955821035253333,-0.0,181.03302345371242,-1204.8296974439154,0.0,0.0,2510.0,-40.8615,-57944.75507804743
t149,10574.544111658093,435.78551143009514,-0.0,34.160779908009395,-0.0,0.0,0.0,0.0,-0.0,-11044.490402996198,2021.0962562706422,0.0,-0.0,2.4454654900162693,-1.5854238289974223,0.0,0.0,-1075.2624043137741,-12.90320849164719,-933.7906851262399,630.0004999999999,0.0,-0.0,1.8573774715270475,-0.0,0.0,0.0,75.26240431377414,-0.2032084916471902,-706.917073293654,3036.2347156533788,394.4633939379375,-0.0,3.6673933977863573,-0.0,0.0,0.0,-1991.9005620555859,-41.76773710575025,-1400.6972038277659,975.3994434126315,0.0,-0.0,0.423901321583988,-0.0,0.0,0.0,-809.9818823601579,-5.4673777059310655,-160.37408466812653,2088.626720129967,3165.8338810573364,-0.0,2.244751587612675,-2.45939348654352,0.0,0.0,-4364.712408676658,-24.44238948858928,-865.0911611231251,847.8739767013816,0.0,-0.0,4.152709953359644,-0.0,0.0,0.0,743.1049126996918,-50.730765691704406,-1544.4008336627285,3786.8319835589723,0.0,-0.0,14.877902484366217,-6.650259272465756,0.0,0.0,2087.6671128451367,-8.290491589410118,-5874.436248026599,351.7025999999999,0.0,-0.0,5.064342342231058,-3.2840922172089453,0.0,0.0,1505.822827547573,-20.740974786114176,-1838.5647028864812,12311.909410660039,1858.23791869842,-0.0,45.98456953811302,-45.681025013570235,0.0,0.0,1320.0,-9.702,-15480.748873883002,56205.101873308544,1100.473969386212,-0.0,197.08024879337424,-0.0,0.0,0.0,2510.0,-40.8615,-59971.794591488135
t150,9300.054140001179,1830.0,-0.0,76.4661413099241,-26.754543029409707,0.0,0.0,241.63435809764886,-2.12638235125931,-11419.27371402808,2048.1404361479167,0.0,-0.0,5.276247813879368,-0.0,0.0,0.0,-1090.5469099088023,-12.944476656753766,-949.9252973962397,630.0004999999999,0.0,-0.0,4.004493724774944,-5.289062842193951,0.0,0.0,90.54690990880228,-0.24447665675376618,-719.0183641346295,2985.0550300000004,0.0,-0.0,7.911234087946165,-5.326809487707291,0.0,0.0,-1522.1332394552148,-40.60689980403522,-1424.8993153409888,1116.8950134126317,0.0,-0.0,0.9140508447630578,-1.206900245869761,0.0,0.0,-947.813057123936,-6.397738135586568,-162.39136875200234,2111.0392,3512.872516761093,-0.0,4.841307507244106,-0.0,0.0,0.0,-4722.327890421188,-27.21826613227113,-879.2068677148777,847.8739767013816,729.0439029716646,-0.0,8.956105125114307,-11.82052299631266,0.0,0.0,48.45246644179451,-50.868763745581425,-1571.6371644980607,3449.239027346809,0.0,-0.0,32.08784242623821,-42.347999803606605,0.0,0.0,2542.1505919139413,-9.928306545433646,-5971.20115533795,351.7025999999999,0.0,-0.0,10.924439905664158,-0.0,0.0,0.0,1530.0367705469544,-20.79908824931269,-1871.8647222033055,12199.252609887997,3240.891985364924,-0.0,107.30156876967857,-116.47629786414007,0.0,0.0,1320.0,-9.702,-16741.26786615846,56726.63298330375,5111.171346575567,-0.0,424.8820422352549,-162.23238278783836,0.0,0.0,2510.0,-40.8615,-64569.59248932673
t151,10276.972888542838,1830.0,-0.0,234.7086405379668,-0.0,0.0,0.0,125.25918335930733,-1.1022808135619047,-12465.838431626551,2252.662586147916,0.0,-0.0,15.830996137365183,-5.3720011177812,0.0,0.0,-1240.350953451318,-13.348947574318558,-1009.421680141864,512.677935021924,0.0,-0.0,12.018263889364246,-0.0,0.0,0.0,240.350953451318,-0.6489475743185587,-764.3982047882877,3724.2951600000006,394.4633939379375,-0.0,23.73855621057713,-1.1112391541010929,0.0,0.0,-2578.966580964204,-48.77889914073816,-1513.640390889472,1241.8768,0.0,-0.0,2.7431152092584066,-0.12817204129049564,0.0,0.0,-1063.8244966025811,-7.180815352067422,-173.48643121331926,2133.84218,2987.716914213907,-0.0,14.527977928170838,-5.612906672003522,0.0,0.0,-4173.051085436101,-23.76991546519195,-933.6531645687807,847.8739767013816,729.0439029716646,-0.0,26.875965367568984,-1.256832637897093,0.0,0.0,127.9882325910362,-58.01278110557418,-1672.5124638881803,3067.7740324506067,0.0,-0.0,96.29006146731987,-0.0,0.0,0.0,3178.139847124718,-12.16625442510017,-6330.037686617543,440.7331807334486,0.0,-0.0,32.78030372023115,-11.127716601118198,0.0,0.0,1554.454899927825,-20.85769175982678,-1995.9829760205598,14890.960560406047,2227.0609646618886,-0.0,335.0308911990792,-0.0,0.0,0.0,1320.0,-9.702,-18763.350416267014,63370.96895524136,4832.626438201682,-0.0,1318.4227469049702,-0.0,0.0,0.0,2510.0,-40.8615,-71991.15664034802
t152,11984.566989428828,923.1602031151833,-0.0,403.8481648684036,-47.1266044689161,0.0,0.0,918.9782821804579,-8.334257767088564,-14175.092777356867,2309.5570699999994,166.42471499489363,-0.0,26.496157860486235,-0.0,0.0,0.0,-1354.356255730545,-13.65676189047247,-1134.4649252343627,484.6755,0.0,-0.0,20.108214965775808,-0.0,0.0,0.0,354.35625573054483,-0.9567618904724712,-858.183208805848,3092.0924012632668,394.46339393793744,-0.0,39.72777260464996,-5.10932793246064,0.0,0.0,-1777.2928099645594,-42.674674791885806,-1701.2067551169482,1179.7966,0.0,-0.0,4.5898882097678495,-0.0,0.0,0.0,-983.0827654489717,-6.635808666780559,-194.66791409401523,6222.013315994324,1584.8882251088917,-0.0,24.311029947768176,-0.0,0.0,0.0,-6740.882990812842,-40.725968665679915,-1049.603611572463,1225.6857333577805,674.219801468196,-0.0,44.97375898476319,-0.0,0.0,0.0,0.07988657418263756,-65.65235274699712,-1879.306827637925,2837.87280544578,0.0,-0.0,161.13194568612647,-0.0,0.0,0.0,4130.858705549689,-15.626833728313974,-7114.236622953283,587.1390246062309,0.0,-0.0,54.859026132882434,-0.0,0.0,0.0,1621.341691922043,-21.138441994986557,-2242.2013006661696,16557.813293144645,1137.092224456846,-0.0,525.7706439614781,-0.0,0.0,0.0,1320.0,-9.702,-19530.97416156297,64153.76431116853,6639.144419997978,-0.0,2038.4362670787764,-301.01368865975553,0.0,0.0,2510.0,-40.8615,-74999.46980958553
t153,13166.669494211397,0.0,-882.6782278373985,385.3276229161355,-172.40831910075536,0.0,0.0,2640.7940749516056,-31.20967702562913,-15106.49496811535,2263.756720719517,0.0,-240.0,25.075329070085637,-12.024822640944704,0.0,0.0,-800.3629142979,-13.23902013139567,-1223.2052927193618,339.75010000000003,0.0,-0.0,19.021140412219342,-9.138088978482307,0.0,0.0,583.0878347158698,-6.972236814978716,-925.7487493346281,4695.137752613361,0.0,-0.0,37.59318843197215,-18.035682163088058,0.0,0.0,-2797.5062383356353,-82.87065210693623,-1834.3183684396733,1121.09007,0.0,-0.0,4.342122424607312,-2.0853369036689617,0.0,0.0,-907.3067416840729,-6.242569113781769,-209.79754472308377,11388.332946987573,0.0,-1166.7,23.001687076031388,-11.041114288832615,0.0,0.0,-9031.8996981649,-69.4125,-1132.2813216098712,1689.741185290182,0.0,-0.0,42.55114057334244,-20.425906254507435,0.0,0.0,417.07675876306257,-105.38467260628322,-2023.5585057657959,3326.7498541892965,0.0,-0.0,152.45469166098894,-73.17841401170627,0.0,0.0,4296.910999003577,-16.1748062967118,-7686.762324545443,638.578915696668,0.0,-0.0,51.910630658788925,-24.906122644582748,0.0,0.0,1769.2059250483944,-23.06067702562913,-2411.7286717336387,18645.90967685452,0.0,-987.0254408764024,465.6060719777819,-245.20470680087266,0.0,0.0,1320.0,-9.702,-19189.58360115503,71622.20459857164,0.0,-1174.2749736695296,1795.567427411488,-1042.6972884992695,0.0,0.0,2510.0,-40.8615,-73669.93826381434
t154,13554.603713475593,0.0,-1830.0,280.4113336340879,-295.2457737196077,0.0,0.0,3560.0,-39.019999999999996,-15230.749273390073,2340.5526231335098,0.0,-240.0,18.97556858322449,-20.079682993875497,0.0,0.0,-825.0545781966225,-17.911,-1256.4829305262363,340.0065,0.0,-0.0,8.19597287824616,-15.262981594358807,0.0,0.0,629.6644973196894,-11.644216683583046,-950.9597719199937,5430.37826189353,0.0,-394.4633939379375,6.518481377330282,-72.39779356180583,0.0,0.0,-2997.8680386857422,-87.42808299315446,-1884.7394340922208,1133.36182,0.0,-0.0,3.2842739663952703,-3.4,0.0,0.0,-907.6053390336219,-10.8,-214.84075493277328,13347.50221106105,0.0,-7132.474803650225,17.40081543586499,-20.152588680567924,0.0,0.0,-4979.325605103084,-69.4125,-1163.5375290630377,1993.778692808378,0.0,-729.0439029716646,28.84448598523806,-34.112885610426595,0.0,0.0,928.4861153702768,-111.93884413314527,-2076.013661448658,5701.24396457984,0.0,-0.0,115.33319463336879,-162.29540493969157,0.0,0.0,2277.9704284685067,-22.728977823573853,-7909.523204918449,634.226309527477,0.0,-0.0,39.27651992506698,-51.82381248430319,0.0,0.0,1876.3806092043242,-28.812739255320043,-2469.2468869172444,19636.869115045884,0.0,-1622.2783306018937,346.84125278134695,-490.4077723996461,0.0,0.0,893.6193907956758,-17.453739255320045,-18747.189916366046,78875.36818637757,0.0,-6639.144419997978,1297.3540037332855,-1446.247866005536,0.0,0.0,-456.26748013940187,-50.6715,-71580.39092396796
t155,13457.543517192804,0.0,-1830.0,304.73561459850856,-176.02094489396825,0.0,0.0,3518.562074512029,-39.02,-15235.800261409371,2562.3163179563044,0.0,-240.0,20.08562233095972,-26.201074492738535,0.0,0.0,-1023.6554964645397,-17.911,-1274.6343693299862,340.1929,0.0,-0.0,15.223825049649939,-18.638223074830453,0.0,0.0,639.9436592765624,-11.644216683583046,-965.0779445677986,5850.283512270842,0.0,-394.4633939379375,30.1066491396219,-29.4,0.0,0.0,-3456.1234536217257,-87.42808299315446,-1912.9752308576471,959.8203899999999,0.0,-0.0,3.4757936129310583,-4.623687954901419,0.0,0.0,-728.9971725575047,-10.8,-218.8753231005249,13755.706889976082,689.3633377746684,-6443.111465875557,18.41663749680043,-18.0,0.0,0.0,-6751.276604690986,-69.4125,-1181.6862946810054,2102.459546437548,0.0,-729.0439029716646,34.068600933399026,-36.46900920161296,0.0,0.0,847.1998602011681,-111.93884413314527,-2106.2762512656936,5818.540613049408,0.0,-0.0,122.06646375927362,-119.3,0.0,0.0,2232.9092078570247,-22.728977823573853,-8031.487306842131,616.8158848507138,0.0,-0.0,41.571699410560214,-40.6,0.0,0.0,1911.1626199518334,-23.37602349569061,-2505.5741807174163,19758.22498362804,0.0,-2280.1061776959896,361.5530605667143,-217.08754322480644,0.0,0.0,900.2753055361375,-12.01702349569061,-18510.842605314396,77852.39678780187,0.0,-6639.144419997978,1237.6340158406979,-3928.3867263121447,0.0,0.0,1910.0,-50.6715,-70381.82815733245
t156,14007.825134945004,0.0,-1830.0,371.40643027163367,-173.18869294690768,0.0,0.0,2800.0,-29.14,-15146.902872269731,2439.102750105758,0.0,-240.0,16.37315622578722,-13.845430368393423,0.0,0.0,-901.0178004981657,-17.911,-1282.701675464986,340.14930000000004,0.0,-0.0,16.483129728610184,-0.0,0.0,0.0,626.140376943259,-11.644216683583046,-971.1285899882863,5903.497628358354,0.0,-394.4633939379375,36.80197733330017,-12.594955779878877,0.0,0.0,-3521.745307679476,-87.42808299315446,-1924.0678653012076,911.7101399999999,0.0,-0.0,2.8350518962502833,-2.4017583292111033,0.0,0.0,-681.4594684245764,-10.8,-219.88396514246278,12817.395648353395,1317.903845981229,-5814.570957668996,22.511907123047482,-47.28125407723606,0.0,0.0,-7037.802541734557,-69.4125,-1188.7441479768815,1747.522460655487,0.0,-729.0439029716646,41.64431742494429,-31.54047906144025,0.0,0.0,1201.7377352783278,-111.93884413314527,-2118.381287192508,6017.21436049654,0.0,-0.0,99.54270422259138,-84.27346137496605,0.0,0.0,2074.1470061151886,-22.728977823573853,-8083.901631635779,601.7796089935091,0.0,-0.0,50.81661488371253,-0.0,0.0,0.0,1886.0780547735858,-20.991,-2517.683278650807,19442.523098904643,0.0,-3191.057784312091,434.2622660110403,-128.5651059978183,0.0,0.0,1643.9219452264142,-19.512,-18181.572419832184,73629.36275343999,0.0,-6639.144419997978,1507.859098927353,-1373.5702735381333,0.0,0.0,1910.0,-50.6715,-68983.83565883125
t157,14936.257987598277,0.0,-1830.0,389.1942815197605,-1212.3411757360025,0.0,0.0,2767.4452999705222,-39.019999999999996,-15011.536393352555,2284.00989373105,0.0,-240.0,25.497280925082215,-66.49720684368046,0.0,0.0,-706.4309454149659,-17.911,-1278.668022397486,340.1691,0.0,-0.0,19.318173067437584,-60.0,0.0,0.0,680.260210894188,-11.644216683583046,-968.1032672780425,6060.888746712583,0.0,-394.4633939379375,38.21471320963439,-0.0,0.0,0.0,-3699.1946455682237,-87.42808299315446,-1918.0173374229018,829.6697399999998,0.0,-0.0,4.410896581253248,-10.3,0.0,0.0,-594.1053134807283,-10.8,-218.8753231005249,12527.702409844873,567.7610740118721,-6564.713729638353,23.37383473227409,-0.0,0.0,0.0,-5300.0,-69.4125,-1184.7110889506666,1857.520911449564,0.0,-729.0439029716646,43.23847343690817,-101.0,0.0,0.0,1152.5433784535362,-111.93884413314527,-2111.3200162351995,6664.750948754092,0.0,-0.0,154.923864328214,-361.9,0.0,0.0,1627.6884729026915,-22.728977823573853,-8062.734308161422,615.233118971008,0.0,-0.0,52.76675477940199,-123.41952869194799,0.0,0.0,1995.9012016367524,-30.871000000000002,-2509.6105466952135,19839.89172748039,0.0,-3240.891985364924,450.43343745924665,-722.0517562536298,0.0,0.0,1566.6534983927254,-19.512,-17874.522921713804,70276.28659525081,1276.7400132564453,-5362.4044067415325,1546.1814659049014,-501.379387995123,0.0,0.0,509.2388422135018,-50.6715,-67693.99162188903
t158,13096.83563306362,0.0,-1830.0,406.6710336402766,-161.40348370405863,0.0,0.0,3359.648234469583,-39.019999999999996,-14832.73141746942,2598.704414837783,0.0,-240.0,26.58143372890728,-7.688681202902637,0.0,0.0,-1094.1275174356763,-17.911,-1265.5586499281112,340.3009,0.0,-0.0,20.14132822414115,-5.844966832818841,0.0,0.0,615.0658135361571,-11.644216683583046,-958.0188582438961,5428.782373067061,0.0,-394.4633939379375,39.840451344156214,-0.0,0.0,0.0,-3088.8824363182416,-87.42808299315446,-1897.848911161883,919.5531599999999,0.0,-0.0,4.598773488996377,-0.0,0.0,0.0,-696.4938944723473,-10.8,-216.8580390166491,12686.366863478464,481.8817641101223,-6650.593039540103,24.368823823537085,-0.0,0.0,0.0,-5300.0,-69.4125,-1172.6119118720214,1857.964998230408,0.0,-729.0439029716646,45.07915414862314,-0.0,0.0,0.0,1026.0572921012508,-111.93884413314527,-2088.118697375472,7192.058011129637,0.0,-0.0,161.51854549970187,-0.0,0.0,0.0,646.2094676737306,-22.728977823573853,-7977.0570464794955,488.21615712462125,0.0,-0.0,55.011728189700555,-145.01824686593474,0.0,0.0,2115.0264378966986,-30.871000000000002,-2482.3650763450846,21210.536033286124,0.0,-3240.891985364924,83.98537082779546,-1269.447698109149,0.0,0.0,855.3253276337189,-19.512,-17619.995048273566,70702.67321234795,0.0,-6639.144419997978,1611.4539849276625,-542.2255388305502,0.0,0.0,1562.1712749151266,-50.6715,-66644.25701336222
t159,14118.431264697236,0.0,-1830.0,430.67792510184097,-1067.292448232442,0.0,0.0,3106.792544270518,-39.019999999999996,-14719.589285837154,2449.8601482406866,0.0,-240.0,27.878019476042123,-0.0,0.0,0.0,-961.3274106567427,-17.911,-1258.4997570599862,340.5935,0.0,-0.0,21.1177480160431,-0.0,0.0,0.0,602.9096223943632,-11.644216683583046,-952.9766537268231,4946.293097197543,0.0,-394.4633939379375,41.78088634449008,-99.64581026552068,0.0,0.0,-2517.7635770009947,-87.42808299315446,-1888.7731193444245,969.01061,0.0,-0.0,4.218563744376713,-1.1964542483935492,0.0,0.0,-745.383322521272,-10.8,-215.8493969747112,11663.315754062389,992.9572309596094,-6139.517572690615,25.55358055163409,-6.334169550318791,0.0,0.0,-5300.0,-69.4125,-1166.562323332699,1629.6229136124782,0.0,-729.0439029716646,45.02317214887866,-134.3,0.0,0.0,1378.6678287799132,-111.93884413314527,-2078.0311674364602,8064.184335830946,0.0,-0.0,161.3206141709253,-119.3,0.0,0.0,-142.70576594055728,-22.728977823573853,-7940.770206237739,524.6197723578537,0.0,-0.0,57.690530119615225,-44.564158183641716,0.0,0.0,1961.3626511289688,-30.871000000000002,-2468.2377954227954,19281.040977381665,0.0,-3240.891985364924,490.86300698644715,-346.265722897934,0.0,0.0,1261.844804600513,-19.512,-17427.079080705767,67506.54343260889,1141.2971261806815,-5497.847293817296,1652.7188638637767,-454.58177342315315,0.0,0.0,1355.6026249452902,-50.6715,-65653.06148035818
t160,13207.130475431975,0.0,-1830.0,531.0612683058091,-63.30523315189993,0.0,0.0,2828.8661765270667,-39.019999999999996,-14634.732687112952,2231.1575334336694,0.0,-240.0,34.08523350580653,-59.6,0.0,0.0,-698.3077292813649,-17.911,-1249.4240376581113,340.4835,0.0,-0.0,25.811070472344824,-45.1,0.0,0.0,636.3672136141589,-11.644216683583046,-945.9175674029207,5520.532781904334,180.82420744642025,-213.63918649151728,51.07949246511767,-100.83302180435395,0.0,0.0,-3475.8809695651335,-87.42808299315446,-1874.6552209617112,910.0920085628808,0.0,-0.0,5.893993606553166,-11.633750820911683,0.0,0.0,-679.7201384576869,-10.8,-213.8321128908354,12149.186855127828,770.8100285416031,-6361.664775108622,31.23763047722885,-61.661033757767726,0.0,0.0,-5300.0,-69.4125,-1158.496205280269,1536.401534617446,0.0,-729.0439029716646,57.78478060351416,-57.78478060351416,0.0,0.0,1367.4810850153062,-111.93884413314527,-2062.8998725279425,7631.0727965803335,0.0,-0.0,207.04735659258267,-393.94050158267396,0.0,0.0,459.84943318597016,-22.728977823573853,-7881.300106952638,385.73206641367364,0.0,-0.0,70.52913572924018,-59.62515949909297,0.0,0.0,2085.318197373338,-30.871000000000002,-2451.0832400171585,19529.388223366383,0.0,-3240.891985364924,614.3095262553171,-758.9068103438302,0.0,0.0,1415.8156260995952,-19.512,-17540.20258001254,72171.02933913046,860.7387248132084,-5778.405695184769,379.65312436035504,-3878.8531243603547,0.0,0.0,1360.2111054887505,-50.6715,-65063.70197424766
t161,14806.351422857428,0.0,-1830.0,666.9891078451793,-1134.7451429990886,0.0,0.0,2255.0648861529307,-39.019999999999996,-14724.64027385645,2324.011727506906,0.0,-240.0,42.8872798889891,-77.10376318039403,0.0,0.0,-781.4517932905148,-17.911,-1250.4324509249864,340.2033,0.0,-0.0,32.473910923920094,-58.40643221366689,0.0,0.0,644.2994462796653,-11.644216683583046,-946.9260083063352,6064.519729475649,180.82420744642025,-213.63918649151728,64.26886551394678,-81.67015211699972,0.0,0.0,-4051.211738559582,-87.42808299315446,-1875.6636422747622,967.22943,0.0,-0.0,7.415568305820553,-12.732962438435493,0.0,0.0,-737.2799229765496,-10.8,-213.8321128908354,9348.791122094897,221.7276049872138,-6910.747198663012,7.441249747591332,-70.67488455342308,0.0,0.0,-1368.629188332999,-69.4125,-1158.496205280269,1133.3513217556194,334.19776834662963,-394.84613462503495,72.70377861586044,-72.70377861586044,0.0,0.0,1104.1532671716764,-111.93884413314527,-2064.917378515745,8071.2345726640415,0.0,-0.0,260.50400177078154,-397.82941936691475,0.0,0.0,-29.88007029169603,-22.72897782357385,-7881.300106952638,354.07674881955853,0.0,-0.0,88.7404229822052,-112.77077114832593,0.0,0.0,2154.9351138470693,-30.871000000000002,-2454.1105145005063,17707.066881916835,0.0,-1683.5404292563164,794.3646644701071,-794.3646644701071,0.0,0.0,1920.0,-19.512,-17924.014452660518,74575.4446390921,0.0,-6639.144419997978,2488.085496603501,-3921.207491926302,0.0,0.0,-1110.0,-50.6715,-65342.50672377132
t162,13377.724967300945,0.0,-318.7975900330753,772.0809489777041,-772.0809489777041,0.0,0.0,2223.607956742437,-36.633096562348314,-15245.902237447966,2371.0457002118615,0.0,-240.0,50.44122267182848,-50.44122267182848,0.0,0.0,-835.4750910812504,-17.911,-1277.659609130611,339.7687,0.0,-0.0,38.19411686690337,-38.19411686690337,0.0,0.0,638.9703430582113,-11.644216683583046,-967.0948263746278,4758.4721542983025,180.82420744642025,-213.63918649151725,75.58905147786678,-75.58905147786678,0.0,0.0,-2722.2285974632505,-87.42808299315446,-1916.0004947968,1194.75003,0.0,-0.0,8.721786217202027,-8.721786217202027,0.0,0.0,-965.0747068994751,-10.8,-218.8753231005249,6350.577859864307,0.0,-1166.7,46.225538229805515,-46.225538229805515,0.0,0.0,-3930.7625356701947,-69.4125,-1183.7028241941127,803.0563354940776,334.19776834662963,-394.84613462503495,85.5099674721526,-85.5099674721526,0.0,0.0,1479.84213815877,-111.93884413314527,-2110.3112632412985,7145.872287127514,0.0,-0.0,306.3895776356264,-306.3895776356264,0.0,0.0,924.4714820900822,-22.728977823573853,-8047.614791394023,351.7025999999999,0.0,-0.0,104.37101727326824,-104.37101727326824,0.0,0.0,2186.392043257563,-28.48409656234832,-2509.6105466952135,15361.551882767139,704.3415601447035,-0.0,707.0761926560411,-0.0,0.0,0.0,1920.0,-19.512,-18673.457635567884,71821.19906153763,976.3129146818966,-4846.4887933387245,2974.447271995895,-2974.447271995895,0.0,0.0,-919.7430321928928,-50.6715,-66980.60865068792
t163,13226.678737061427,1830.0,-0.0,704.8365877723913,-73.4469124100846,0.0,0.0,377.2487262532354,-15.297608556821134,-16050.019530120147,2358.5132199999994,240.0,-0.0,45.52413995030166,-0.0,0.0,0.0,-1317.5259663698675,-13.557320109198642,-1312.9540734712357,484.6755,0.0,-0.0,34.48780096235117,-0.0,0.0,0.0,476.77317415062896,-1.6137443461572363,-994.3227307668228,3988.1631500000003,394.4633939379375,-0.0,68.22864163139826,-0.0,0.0,0.0,-2433.471377061337,-47.9369841194982,-1969.4468243885003,1312.863,0.0,-0.0,7.874722285521105,-0.0,0.0,0.0,-1088.4634188560904,-7.347128077278609,-224.92717535215232,2111.4205,2529.7616128341588,-0.0,41.730342660326464,-0.0,0.0,0.0,-3443.686840030206,-22.250054303892185,-1216.9755611603869,762.4521767013816,729.0439029716646,-0.0,77.19537709219853,-0.0,0.0,0.0,639.1316653558988,-40.012938227476674,-2167.810183893667,7201.898733779927,0.0,-0.0,276.5928703451097,-0.0,0.0,0.0,800.5527628975258,-4.636824117561835,-8274.407542905,351.7025999999999,0.0,-0.0,94.20953972068253,-0.0,0.0,0.0,2159.441273660212,-28.133736557582793,-2577.219676823311,14351.96795935666,3240.891985364924,-0.0,868.2036528682726,-0.0,0.0,0.0,1320.0,-9.702,-19771.361597589857,61571.48055353551,3693.0,-0.0,2865.4982146356347,-0.0,0.0,0.0,2510.0,-40.8615,-70599.11726817116
t164,14764.875759216362,1830.0,-0.0,489.3411437345511,-0.0,0.0,0.0,-709.7884703125266,-9.227250114062846,-16365.20118252432,2498.6457896001994,240.0,-0.0,32.139127146661586,-11.213436693992785,0.0,0.0,-1384.4754859595423,-13.738083812090764,-1361.3579102812353,630.0004999999999,0.0,-0.0,17.18870114229761,-0.0,0.0,0.0,384.47548595954237,-1.0380838120907645,-1030.6266032897493,3167.4334900000003,0.0,-0.0,48.17546092231224,-0.0,0.0,0.0,-1134.839201923568,-38.71659007057608,-2042.0531589281684,1224.04735,0.0,-0.0,5.56226968552451,-0.0,0.0,0.0,-989.9312719124599,-6.682036085409104,-232.99631168765552,2088.63988,2475.89106259416,-0.0,29.47076642760985,-0.0,0.0,0.0,-3314.1035188673604,-18.55897970565722,-1261.3392104487523,847.8803767013816,729.0439029716646,-0.0,54.51759491131021,-0.0,0.0,0.0,651.2430117554572,-35.18321592795237,-2247.501670411861,8106.236817047139,0.0,-0.0,195.33344444245063,-68.25321416292546,0.0,0.0,347.6309809479311,-3.1421822371281722,-8577.805846037467,351.7025999999999,0.0,-0.0,66.52168797887308,-35.720230875797824,0.0,0.0,2319.7884703125264,-30.218250114062847,-2672.074277301538,16629.388472930023,1490.0,-0.0,389.15634514909266,-331.3,0.0,0.0,1320.0,-9.702,-19487.542818079117,61932.13987692602,6639.144419997978,-0.0,1625.7671656523103,-807.9864768054116,0.0,0.0,2510.0,-40.8615,-71858.20348577091
t165,14703.935627860857,1721.90016816075,-0.0,426.04035012841615,-258.5,0.0,0.0,-684.9714304096196,-8.904628595325056,-15899.50008714508,2478.080359312933,240.0,-0.0,28.51760390677545,-0.0,0.0,0.0,-1390.6451630688125,-13.754741940285793,-1342.1980582106103,630.0004999999999,0.0,-0.0,21.625131254981593,-24.707621741563877,0.0,0.0,390.64516306881256,-1.054741940285794,-1016.5084306419445,3642.37208,0.0,-0.0,28.594189607511595,-29.4,0.0,0.0,-1588.0271785826553,-40.73015017516573,-2012.808940849691,1161.76407,0.0,-0.0,3.2997433785576638,-3.4,0.0,0.0,-925.4466628425289,-6.246764974187069,-229.97038556184182,2111.44286,2663.2529248984,-0.0,17.48756400435918,-18.0,0.0,0.0,-3511.329459101009,-19.66344497096565,-1243.1904448307846,847.8803767013816,0.0,-0.0,32.34939604136517,-33.3,0.0,0.0,1407.475068196809,-38.17451333863128,-2216.230327600924,8107.740417745848,0.0,-0.0,173.35327720523986,-0.0,0.0,0.0,177.32823232938426,-2.5801831666869677,-8455.841744113784,351.7025999999999,0.0,-0.0,59.03136375876012,-40.06278207168761,0.0,0.0,2294.9714304096196,-29.895628595325057,-2635.7469835013662,17408.337470311984,0.0,-0.0,493.98896834235956,-292.71917959670674,0.0,0.0,1320.0,-9.702,-18919.905259057636,62582.4537369071,3693.0,-0.0,1816.821897876538,-0.0,0.0,0.0,2510.0,-40.8615,-70561.41413478363
t166,13959.716730121507,1479.5639557608376,-0.0,353.11895129411806,-0.0,0.0,0.0,-571.3955805054317,-7.428142546570612,-15213.575914124462,2357.3614699999994,240.0,-0.0,24.31798321181309,-19.6,0.0,0.0,-1285.738019755986,-13.471492653341162,-1302.8699408024859,630.0004999999999,0.0,-0.0,18.44379110422731,-14.9,0.0,0.0,353.8057266965874,-1.0948142613090186,-986.2552035395057,3948.0794460944617,0.0,-0.0,36.456395302691206,-29.4,0.0,0.0,-1956.37888882909,-44.43644787532598,-1954.320504692736,1268.8313699999999,0.0,-0.0,4.210445847242269,-3.4,0.0,0.0,-1039.713856050624,-7.018068528341711,-222.9098912682765,2134.24584,2003.20841303817,-0.0,22.30512237836149,-18.0,0.0,0.0,-2917.5200845914164,-16.33811247371193,-1207.9011783514031,847.8803767013816,0.0,-0.0,41.26241844846591,-33.3,0.0,0.0,1331.9371643223149,-37.11857647481545,-2150.661382997346,8116.037163141509,0.0,-0.0,147.83819631675806,-119.3,0.0,0.0,73.607958208215,-2.2379062620871095,-8215.945411404393,351.7025999999999,0.0,-0.0,50.340625986568156,-0.0,0.0,0.0,2181.3955805054316,-28.419142546570612,-2555.0196639454284,16213.803440807102,0.0,-0.0,403.9531368286541,-0.0,0.0,0.0,1320.0,-9.702,-17928.054577635758,62439.05856804141,2946.1444199979774,-0.0,1520.9251938867862,-1411.4,0.0,0.0,2510.0,-40.8615,-67963.86668192617
t167,14299.177021234329,0.0,-0.0,253.77831970094718,-258.5,0.0,0.0,-121.2443395304785,-9.230397690383278,-14163.980603714414,2156.26747,240.0,-0.0,17.791228597595392,-17.82405836311293,0.0,0.0,-1149.840645104589,-13.10456974178239,-1233.2894253881116,630.0004999999999,0.0,-0.0,13.496815178354343,-0.0,0.0,0.0,291.39591867483176,-1.0769572912410437,-933.8162765619451,3473.2291960944613,0.0,-0.0,26.673320136382635,-0.0,0.0,0.0,-1606.5338134369779,-43.92401465842812,-1849.4446881354374,1393.7432199999998,0.0,-0.0,3.0809900130482113,-0.0,0.0,0.0,-1178.066077226746,-7.951946021280535,-210.80618676502166,2111.46522,2020.446054139974,-0.0,16.32066907614496,-0.0,0.0,0.0,-2988.011553922015,-17.85642011869533,-1142.3639691754088,847.8803767013816,0.0,-0.0,30.19188551486713,-0.0,0.0,0.0,1189.9451032867323,-32.35382381037114,-2035.6635416926101,8116.037163141509,0.0,-0.0,108.17292313200764,-96.89862890817528,0.0,0.0,-350.0,-0.84,-7776.471457365341,351.7025999999999,0.0,-0.0,36.83200918643118,-24.966083956519245,0.0,0.0,2082.3554072592424,-27.13162029437015,-2418.7923121947833,16001.903432167785,0.0,-0.0,286.5444804758516,-1040.293701614869,0.0,0.0,1320.0,-9.702,-16558.45221102877,63873.85476828263,0.0,-0.0,1125.995207178294,-3468.911737830223,0.0,0.0,2510.0,-40.8615,-64000.076737630705
t168,13661.892535006242,0.0,-0.0,162.61535886552377,-634.4697680876245,0.0,0.0,-294.6771725324221,-5.239528004167102,-12890.121425247551,2145.45457,233.072670439879,-0.0,11.544647776312903,-34.31070325630888,0.0,0.0,-1196.9718896877387,-13.231824102156894,-1145.5574711699876,630.0004999999999,0.0,-0.0,8.756864638153601,-16.15567887688462,0.0,0.0,245.41944114689863,-0.7619499715879043,-867.2591769365797,3184.6170600000005,30.925930084734503,-0.0,17.307640660566125,-112.87254962203767,0.0,0.0,-1357.7334226869366,-42.88631968446132,-1719.3583387518654,1423.46454,0.0,-0.0,1.9990248372346604,-13.026077167174426,0.0,0.0,-1207.6009828578785,-8.15130663429068,-196.68519817789104,2108.152012196121,1790.459115194893,-0.0,10.58965925870342,-69.03217323798225,0.0,0.0,-2762.7874298673164,-15.678394893311372,-1061.702788651108,847.8803767013816,0.0,-0.0,19.589936528211005,-127.69952049026716,0.0,0.0,1184.7489400480745,-32.09911622875883,-1892.4206165586406,8116.037163141509,0.0,-0.0,0.0,-481.2,0.0,0.0,-409.69505798710395,-1.036993691357443,-7224.105111463046,351.7025999999999,0.0,-0.0,23.89925024480023,-70.98170656884034,0.0,0.0,1969.2975744244231,-25.661868467517493,-2248.255849632865,16039.952103720114,0.0,-0.0,0.0,-1481.3,0.0,0.0,736.3058273915109,-19.245399722148797,-15275.712531389478,52590.50163468482,3693.0,-0.0,736.2849542236384,-0.0,0.0,0.0,3093.694172608489,-50.4048997221488,-60063.07586179481
t169,8411.696784225955,1830.0,-0.0,164.09141416035993,-0.0,0.0,0.0,1428.2990242775109,-39.019999999999996,-11795.067222663825,2059.988482575995,240.0,-0.0,11.090815648801417,-3.656588158302277,0.0,0.0,-1215.5515808446307,-17.911,-1073.9601292218633,339.5218,0.0,-0.0,8.40531800489691,-0.0,0.0,0.0,476.520466830876,-11.644216683583046,-812.8033681521898,3259.99236,394.4633939379375,-0.0,16.62374993714424,-5.484882237453413,0.0,0.0,-1966.70928038906,-87.42808299315446,-1611.457258255414,1117.7301899411405,0.0,-0.0,1.919080323055352,-0.0,0.0,0.0,-925.2764186314976,-10.8,-183.5728516326983,2099.6794514228336,7107.131818202033,-25.34298544819243,10.168641853392723,-3.3580911657878048,0.0,0.0,-8123.7090201457195,-69.4125,-995.15731471856,677.0975767013816,729.0439029716646,-0.0,18.81074007517075,-6.212468656707439,0.0,0.0,468.6043623077385,-111.93884413314527,-1775.405269266102,2456.1929669848114,0.0,-0.0,67.39840899784416,-0.0,0.0,0.0,4257.5615968680895,-22.728977823573853,-6758.423995027169,351.7025999999999,0.0,-0.0,22.95423114442626,-0.0,0.0,0.0,1770.2608497266924,-30.871000000000002,-2114.0466808711185,11293.185301135554,2638.832954480057,-0.0,191.0719945139094,-895.330280336371,0.0,0.0,1920.0,-19.512,-15128.247969793149,56227.632584119005,3693.0,-0.0,687.2727850388824,-3850.767704179796,0.0,0.0,1910.0,-50.6715,-58616.4661649781
t170,9152.6798676022,1830.0,-0.0,79.6560354907522,-87.8911731646617,0.0,0.0,109.06567306790771,-39.019999999999996,-11044.490402996198,1856.889082575995,240.0,-0.0,5.526106527982332,-0.0,0.0,0.0,-1076.0909222289881,-17.911,-1008.413266874989,339.5218,0.0,-0.0,4.1911138726443955,-4.835742881095527,0.0,0.0,436.1568095769073,-11.644216683583046,-763.3897638848731,3135.1253300000003,258.07638918583257,-136.38700475210493,8.284425591897355,-0.0,0.0,0.0,-1664.0306661429981,-87.42808299315446,-1513.640390889472,1206.26387,0.0,-0.0,0.9567746058449619,-1.1034581070956238,0.0,0.0,-1022.839397327368,-10.8,-172.47778917138137,2076.8876514228336,6339.659562552406,-792.8152410978191,5.0686191133506036,-0.0,0.0,0.0,-6624.726662665437,-69.4125,-934.6614293253344,677.0975767013816,729.0439029716646,-0.0,9.376471939691001,-0.0,0.0,0.0,364.89834443298423,-111.93884413314527,-1668.4774519125754,2634.825996755965,0.0,-0.0,33.59478577016927,-293.4713655276523,0.0,0.0,3992.9367642100333,-22.728977823573853,-6345.157203384942,351.7025999999999,0.0,-0.0,11.439495493558034,-0.0,0.0,0.0,1654.630057076959,-30.871000000000002,-1986.9011525705168,11353.903495968001,1291.702588055356,-0.0,95.31882625314947,-0.0,0.0,0.0,1920.0,-19.512,-14641.412910276505,56389.22811150508,0.0,-0.0,399.209833292698,-1389.605269491909,0.0,0.0,1910.0,-50.6715,-57258.16117530588
t171,10204.512145653498,1286.1357566771653,-543.8642433228348,44.60722023813647,-978.4,0.0,0.0,719.9809552109782,-39.019999999999996,-10693.951834456942,2042.9167028171164,240.0,-0.0,2.9963146433050105,-46.67206834130685,0.0,0.0,-1255.270039452875,-17.911,-966.0599096662395,339.5218,0.0,-0.0,2.2698539648082874,-0.0,0.0,0.0,400.97221769437897,-11.644216683583046,-731.1196549756049,3200.33746,80.90186157727385,-313.56153236066365,4.490649649393735,-69.93553652120286,0.0,0.0,-1365.7033924974335,-87.42808299315446,-1449.1014268542115,1282.5019699999998,0.0,-0.0,0.5182867443343014,-0.0,0.0,0.0,-1106.8029618665182,-10.8,-165.41729487781606,2065.921481500824,6623.0589369367735,-509.4158667134516,2.7465691045207348,-3.1433306784741775,0.0,0.0,-7215.4244510870085,-69.4125,-894.330839063184,677.0975767013816,0.0,-729.0439029716646,5.080770611806981,-5.815161755177227,0.0,0.0,1762.4843038862873,-111.93884413314527,-1597.8647423394918,3442.577472297241,0.0,-0.0,18.20454154970508,-0.0,0.0,0.0,2638.9847366863687,-22.728977823573853,-6077.03777270974,351.7025999999999,0.0,-0.0,6.200645265245868,-14.664318159835359,0.0,0.0,1590.778631425821,-30.871000000000002,-1903.1465585312314,11561.536709560905,1490.0,-0.0,54.52789986998608,-559.0656979659931,0.0,0.0,1920.0,-19.512,-14447.486911464895,55892.68174327437,0.0,-0.0,208.0764667703013,-1210.917835470602,0.0,0.0,1910.0,-50.6715,-56749.168874574076
t172,10369.56013493063,1172.5460609136217,-657.4539390863783,36.58598504295012,-0.0,0.0,0.0,-360.0,-39.019999999999996,-10522.218241800821,2239.8915028171155,240.0,-0.0,2.4700162253374285,-0.0,0.0,0.0,-1523.600941048089,-17.911,-940.8495779943647,339.5218,0.0,-0.0,1.872290211149945,-34.86238606592906,0.0,0.0,418.08023125250315,-11.644216683583046,-712.9677187141417,3270.4028700000003,394.4633939379375,-0.0,3.7024176316583786,-0.0,0.0,0.0,-2169.3507603051153,-87.42808299315446,-1411.7898382713263,1404.79297,0.0,-0.0,0.4274614386685843,-0.0,0.0,0.0,-1233.0377047286042,-10.8,-161.38272671006445,2088.713281500824,4512.414968721552,-2620.0598349286734,2.2648711739026917,-42.20590419511589,0.0,0.0,-3000.5741326100424,-69.4125,-871.1407496624477,677.0975767013816,729.0439029716646,-0.0,4.189751001085203,-0.0,0.0,0.0,259.1222360424558,-111.93884413314527,-1557.514622583444,3675.9103904829817,0.0,-0.0,15.01167106740287,-0.0,0.0,0.0,2249.5857790329974,-22.728977823573853,-5917.778862759808,351.7025999999999,0.0,-0.0,5.112365928223902,-0.0,0.0,0.0,1529.775292363894,-30.871000000000002,-1855.719258292118,11670.231541693638,855.9638894842307,-0.0,45.04423013848019,-0.0,0.0,0.0,1920.0,-19.512,-14471.727661316347,56120.14677099094,403.32798328241734,-0.0,171.72258764289555,-1741.8569532158244,0.0,0.0,1910.0,-50.6715,-56812.66888870046
t173,10727.554822241516,994.6888612597722,-835.3111387402278,21.665527569851967,-22.716746665171943,0.0,0.0,-360.0,-39.019999999999996,-10486.861325665739,2438.6549028171157,240.0,-0.0,1.5123399111941471,-2.1413702915930366,0.0,0.0,-1730.3578403779775,-17.911,-929.7570320587398,339.5218,0.0,-0.0,1.1486832182074642,-2.1738680814994886,0.0,0.0,377.0393521302849,-11.644216683583046,-703.89175058341,3323.1784700000003,394.4633939379375,-0.0,2.26802767071459,-0.0,0.0,0.0,-2237.835132666037,-87.42808299315446,-1394.6466759494604,1482.16727,0.0,-0.0,0.2621577044835569,-2.2684472565092717,0.0,0.0,-1309.9955378217858,-10.8,-159.36544262618864,2111.505081500824,4743.545681621039,-2388.929122029186,1.3882341033199805,-1.966564553503809,0.0,0.0,-3536.080973302138,-69.4125,-860.0498373403562,677.0975767013816,122.56024018761097,-606.4836627840536,2.568184871534301,-12.598271418463309,0.0,0.0,1467.1430922744566,-111.93884413314527,-1538.3483156993213,3899.0415968732436,0.0,-0.0,9.201019652755306,-9.949582319231126,0.0,0.0,1964.6012869706346,-22.72897782357385,-5840.165343353829,351.7025999999999,3.8175018701736033e-13,-4.510281037539701e-13,3.1319463650674573,-25.9300537433948,0.0,0.0,1535.4857527925624,-30.871000000000002,-1833.519245414235,11633.555552032065,1104.2448744089556,-0.0,26.355202443127684,-0.0,0.0,0.0,1920.0,-19.512,-14664.643628884145,56469.38515001567,0.0,-0.0,123.85793248573182,-846.1525172211392,0.0,0.0,1910.0,-50.6715,-57606.41906528028
t174,11394.192676366725,0.0,-1830.0,27.333539198990536,-144.44025074238846,0.0,0.0,1194.968085286258,-39.019999999999996,-10603.034050109585,2240.9619528171156,240.0,-0.0,1.8176904727395646,-0.0,0.0,0.0,-1534.103197964241,-17.911,-930.7654453256148,339.5218,0.0,-0.0,1.3788262422150752,-0.0,0.0,0.0,375.64378192819254,-11.644216683583046,-704.9001914868246,3344.1573138076196,394.4633939379375,-0.0,2.7250995890994436,-1.374628863105251,0.0,0.0,-2255.8795769028357,-87.42808299315446,-1396.6635185755622,1462.89787,0.0,-0.0,0.31475679057343153,-0.0,0.0,0.0,-1293.047184164385,-10.8,-159.36544262618864,2134.296881500824,4524.99739857379,-2607.4774050764354,1.6673732112780983,-0.0,0.0,0.0,-3122.0053813559925,-69.4125,-862.0663668534638,677.0975767013816,729.0439029716646,-0.0,3.0844968288634913,-1.5569775898437028,0.0,0.0,245.64441990210344,-111.93884413314527,-1541.374574681025,4813.793126660725,0.0,-0.0,11.05131421163993,-0.0,0.0,0.0,1044.0976870119982,-22.728977823573853,-5846.213150060788,352.8896744097792,0.0,-0.0,3.7629592192306793,-1.898297001431061,0.0,0.0,1514.681366258902,-30.871000000000002,-1838.5647028864812,11685.481139730045,1610.58931422976,-0.0,33.93099586701904,-15.378793065977685,0.0,0.0,1920.0,-19.512,-15215.11065676085,56620.943150126834,1012.3924751192881,-0.0,138.810078033388,-0.0,0.0,0.0,1910.0,-50.6715,-59631.47420327953
t175,7247.364075782891,1303.087158194242,-526.9128418057581,72.27843538932773,-17.226158634441486,0.0,0.0,2994.817758031343,-39.019999999999996,-11034.388426957603,2134.7254499999995,79.17984791209628,-160.82015208790372,4.849481599009825,-2.821583245380424,0.0,0.0,-1084.2515069809572,-17.911,-952.9505371968646,339.5218,0.0,-0.0,3.6803910630129426,-0.0,0.0,0.0,390.48571246544356,-11.644216683583046,-722.0436868448734,3298.15608380762,394.4633939379375,-0.0,7.2712417369904045,-6.065067242278796,0.0,0.0,-2176.4561473408726,-87.42808299315446,-1429.9414219062435,1351.42768,0.0,-0.0,0.8400808371963514,-0.0,0.0,0.0,-1178.0677500432562,-10.8,-163.40001079394025,2111.505081500824,5965.774803650225,-1166.7,4.449590781527271,-0.0,0.0,0.0,-5963.385313948038,-69.4125,-882.231661984539,677.0975767013816,729.0439029716646,-0.0,8.231444879673017,-6.862708911041413,0.0,0.0,284.13581694073764,-111.93884413314527,-1579.7071884492702,4512.576017621298,0.0,-0.0,29.49159438970031,-24.58902212698921,0.0,0.0,1487.5391889069415,-22.72897782357385,-5982.288800967375,494.1515291735178,0.0,-0.0,10.040670844124973,-4.529621849603581,0.0,0.0,1415.1822419686569,-30.871000000000002,-1883.973820136696,12611.139756692888,1252.1019119244154,-0.0,90.32056101454256,-20.80045165899463,0.0,0.0,1920.0,-19.512,-15833.249777972853,58721.25503764332,1430.5424683510698,-0.0,368.70818369275844,-0.0,0.0,0.0,1910.0,-50.6715,-62379.83418968716
t176,10415.141855384361,0.0,-1830.0,187.16593553778256,-253.48218858830154,0.0,0.0,3079.8855786307126,-39.019999999999996,-11559.691180964555,2262.3162286361244,0.0,-240.0,12.673909649353813,-3.239863022850293,0.0,0.0,-1025.5942737251385,-17.911,-988.2450015374892,339.75559999999996,0.0,-0.0,9.62370841323372,-2.4550004370136285,0.0,0.0,412.98305904101676,-11.644216683583046,-748.2631503336537,5001.250033346582,0.0,-394.4633939379375,19.005556413344664,-4.855972218711662,0.0,0.0,-3051.1288104252303,-87.42808299315446,-1482.3793301848928,1217.90893,0.0,-0.0,2.1964771197239275,-0.5605349326227691,0.0,0.0,-1039.2930091415335,-10.8,-169.45186304556765,8918.107826875941,0.0,-2988.9520119803083,11.632155147258004,-2.970235983694974,0.0,0.0,-4953.909099864937,-69.4125,-914.4961341942592,1349.954766129058,0.0,-729.0439029716646,21.5189562163587,-5.4945543382793245,0.0,0.0,1112.2096881993102,-111.93884413314527,-1637.2061091016385,5858.580816736956,0.0,-0.0,77.0965779401534,-19.68695592112102,0.0,0.0,304.7324459165129,-22.728977823573853,-6197.993906848928,627.1038630688013,0.0,-0.0,26.244757321154815,-0.0,0.0,0.0,1330.1144213692874,-30.871000000000002,-1952.5920417592433,17008.742755629075,0.0,-1490.0,236.19237978449829,-59.58595463829208,0.0,0.0,720.0,-19.512,-16395.83718077528,63322.287962043105,0.0,-2998.503077015604,988.0772789339846,-225.26233138423842,0.0,0.0,3110.0,-50.6715,-64145.92833257725
t177,10665.675209243765,0.0,-1830.0,282.12913698610424,-184.0580882457718,0.0,0.0,3560.0,-39.019999999999996,-12454.726257984095,1952.6183302717168,0.0,-240.0,18.67588637655037,-21.153596983267263,0.0,0.0,-655.5807813175111,-17.911,-1036.6488383474887,339.5218,0.0,-0.0,13.914595702613191,-16.075624562841497,0.0,0.0,458.8504684003917,-11.644216683583169,-784.5670228565803,5544.132420279422,0.0,-394.4633939379375,27.487413834243284,-31.727788768553125,0.0,0.0,-3503.014903689458,-87.42808299315459,-1554.9856647245608,1097.03273,0.0,-0.0,3.235730324193085,-2.4513103230705955,0.0,0.0,-909.4961506200516,-10.8,-177.52099938107088,13464.357095890222,0.0,-7132.474803650225,16.821517665060004,-19.423261665879068,0.0,0.0,-5300.0,-69.4125,-959.8680482391784,1358.4455080148966,144.58699991420954,-584.4569030574551,31.118785320807227,-35.9327734112415,0.0,0.0,916.083575965662,-111.93884413314527,-1717.906348613734,5794.253207048912,0.0,-0.0,111.49166647460643,-128.73367027255742,0.0,0.0,753.1577912609673,-22.728977823573853,-6507.440016688353,651.241042734314,0.0,-0.0,37.95686222909068,-43.81406892679284,0.0,0.0,1433.9428976953075,-30.871000000000002,-2048.4557337319193,18951.389044222364,0.0,-3240.891985364924,311.5384531204772,-360.9654370725025,0.0,0.0,1336.0571023046925,-19.512,-16977.61517721011,69136.55399509781,0.0,-6639.144419997978,1447.8253437900391,-354.90042128028267,0.0,0.0,1910.0,-50.6715,-65449.6629976096
t178,11884.38005855274,0.0,-1830.0,180.04193851070622,-374.3245363401629,0.0,0.0,3560.0,-39.019999999999996,-13381.077460723282,2232.9444863509893,0.0,-240.0,25.700993774245617,-38.62726656585733,0.0,0.0,-855.8778597975152,-17.911,-1106.229353761863,339.5218,0.0,-0.0,19.498453533250213,-19.5033742719085,0.0,0.0,510.1417281597969,-11.644216683583046,-838.0143907375555,6997.384809907298,0.0,-394.4633939379375,38.532492671550884,-64.60976092140274,0.0,0.0,-4829.554583444494,-87.42808299315446,-1659.8614812818594,746.0960181004658,0.0,-0.0,1.999099470454483,-1.0513249445822073,0.0,0.0,-546.6190887420124,-10.8,-189.62470388432573,13526.279974881958,0.0,-7132.474803650225,23.577364337001942,-23.57304291011539,0.0,0.0,-5300.0,-69.4125,-1024.396992658619,2083.449132400492,199.55764698382634,-529.4862559878383,43.616224224471836,-38.24796738697217,0.0,0.0,184.94550082373462,-111.93884413314527,-1831.895436924569,4343.659034976502,0.0,-0.0,156.26996427564254,-126.24238591716107,0.0,0.0,2596.96430300049,-22.72897782357385,-6947.921938511899,646.0970536252703,0.0,-0.0,53.20791883408122,-89.21549296314623,0.0,0.0,1604.45551449191,-30.871000000000002,-2183.673993988115,19467.49321799963,0.0,-3240.891985364924,471.966626767329,-454.36731971965185,0.0,0.0,1053.915948183246,-19.512,-17278.60448786563,70141.86292449685,157.3045932604147,-6481.839826737563,1822.211920685778,-1809.5991982841579,0.0,0.0,2021.6285373248443,-50.6715,-65800.89745074617
t179,12056.47922642542,0.0,-1830.0,263.9815391062069,-0.0,0.0,0.0,3560.0,-39.019999999999996,-14011.440765531624,2390.0746199483638,0.0,-240.0,30.443808517388167,-19.6,0.0,0.0,-987.3658246270145,-17.911,-1155.6416038387374,339.5218,0.0,-0.0,23.088811795001774,-11.238612949436364,0.0,0.0,535.5989220019144,-11.644216683583046,-875.3267041638967,7206.247644751316,0.0,-394.4633939379375,45.639437390615356,-22.175518168686512,0.0,0.0,-5014.343849907575,-87.42808299315446,-1733.4762371345785,678.8992181004658,0.0,-0.0,5.270880409672013,-3.4,0.0,0.0,-471.26761624837087,-10.8,-198.70248226176685,14669.423887223977,0.0,-7132.474803650225,27.923208323299043,-13.576847858379498,0.0,0.0,-6412.114037335132,-69.4125,-1069.768906703538,2182.0478775085626,29.751776250816235,-699.2921267208484,51.655307859556544,-25.117168538002073,0.0,0.0,486.4976072036261,-111.93884413314527,-1913.6044294305657,3564.0275428266723,0.0,-0.0,185.0749505326965,-89.98433052803746,0.0,0.0,3622.9947989125503,-22.72897782357385,-7259.383983920309,631.0607777680656,0.0,-0.0,57.20726627703364,-30.623334613900425,0.0,0.0,1654.7821595184905,-30.871000000000002,-2281.5558689496893,19298.127876067934,168.26189779357895,-3072.630087571345,531.4639028162179,-247.2045365979583,0.0,0.0,648.3783101838928,-19.512,-17306.885362692323,70316.09393261676,0.0,-6639.144419997978,863.898581017552,-1411.4,0.0,0.0,2376.839530297617,-50.6715,-65455.61612393395
t180,11959.943905345819,0.0,-1830.0,492.852746291406,-0.0,0.0,0.0,3560.0,-39.019999999999996,-14143.776651637223,2206.8228087387192,0.0,-240.0,28.98548959641763,-11.589813144443587,0.0,0.0,-787.4723762138311,-17.911,-1178.835108976862,339.5218,0.0,-0.0,22.287646278796252,-0.0,0.0,0.0,542.3049699267323,-11.644216683583046,-892.4701995219453,2967.752464601281,226.8147160894108,-167.6486778485267,38.54538300776417,-0.0,0.0,0.0,-1209.2648197654134,-87.42808299315446,-1768.7709830913618,1016.3425681004658,0.0,-0.0,5.655950003949865,-3.4,0.0,0.0,-806.0701097168353,-10.8,-201.72840838758054,14847.803749447316,2609.53414042391,-4522.940663226315,26.96600470281141,-0.0,0.0,0.0,-11800.0,-69.4125,-1091.9507313477209,677.0975767013816,0.0,-729.0439029716646,49.883569406789846,-0.0,0.0,0.0,2063.9211382076483,-111.93884413314527,-1949.9195372110087,3830.2379177661132,0.0,-0.0,178.73294507603737,-328.21205984801094,0.0,0.0,3756.5811975617,-22.72897782357385,-7414.611022732269,623.1469483695369,0.0,-0.0,63.983456809493916,-24.007470084918854,0.0,0.0,1689.6675936335469,-30.871000000000002,-2321.9195287276584,15375.052333940299,1750.8919853649243,-1490.0,539.8207007745739,-0.0,0.0,0.0,951.656187581868,-19.512,-17107.90920766166,69318.72479053526,0.0,-6639.144419997978,899.66512046264,-1411.4,0.0,0.0,2038.6762187845852,-50.6715,-64155.8502097845
t181,12126.923443064828,0.0,-1830.0,449.5059481119008,-175.15281733634077,0.0,0.0,3560.0,-39.019999999999996,-14092.256573840386,2010.856290918633,0.0,-240.0,37.959227484989626,-11.27929619573308,0.0,0.0,-596.7564601635277,-17.911,-1182.868762044362,339.5218,0.0,-0.0,28.763575414420988,-14.9,0.0,0.0,553.7543635013512,-11.644216683583046,-895.4955222321893,2408.516874601281,0.0,-394.4633939379375,56.89407624209977,-29.4,0.0,0.0,-180.30638425567258,-87.42808299315446,-1773.8130896566165,813.2928181004659,0.0,-0.0,6.567406100002108,-0.0,0.0,0.0,-606.3231737709496,-10.8,-202.73705042951846,17398.775710959857,1340.6434494825576,-5791.831354167668,34.80021934263563,-18.0,0.0,0.0,-11800.0,-69.4125,-1094.9755256173821,1288.597257160881,196.7824602644612,-532.2614427072034,64.37592928533745,-134.3,0.0,0.0,1184.716695304085,-111.93884413314527,-1955.9720551744158,4142.233799061318,0.0,-0.0,230.65856558416917,-119.3,0.0,0.0,3204.914959384714,-22.728977823573853,-7435.778346206626,629.8737033582863,0.0,-0.0,78.55948338473118,-23.364256405447094,0.0,0.0,1674.7852388512324,-30.871000000000002,-2328.9831691888025,18832.35424106835,0.0,-3240.891985364924,415.50316174437387,-331.3,0.0,0.0,1095.2147611487676,-19.512,-16751.368178596567,64999.55244521536,420.4133885307692,-6218.731031467209,2353.5625750070517,-841.8072697782211,0.0,0.0,1910.0,-50.6715,-62572.31860750776
t182,8334.070800486417,1778.7305905499488,-51.26940945005106,525.7971673277883,-258.5,0.0,0.0,3560.0,-39.019999999999996,-13849.8091489141,2219.0538235188164,0.0,-240.0,36.4750280145217,-68.2133659096824,0.0,0.0,-759.6450960486687,-17.911,-1169.7593895749872,339.5218,0.0,-0.0,11.653512086009115,-45.1,0.0,0.0,590.9800177956173,-11.644216683583046,-885.411113198043,2413.770774601281,394.4633939379375,-0.0,54.66579426657307,-89.3,0.0,0.0,-931.5187951039885,-87.42808299315446,-1754.6530847086485,1077.0004681004657,0.0,-0.0,2.60941046553108,-13.700000000000001,0.0,0.0,-854.3901122203544,-10.8,-200.71976634564265,14865.700864946097,1157.1033463317217,-5975.371457318503,14.091288335762549,-54.6,0.0,0.0,-8853.626928999787,-69.4125,-1083.8846132952908,2209.4055720445904,431.9144216265666,-297.129481345098,19.211132443518206,-0.0,0.0,0.0,-317.6833113278417,-111.93884413314527,-1933.7794893085895,4639.334050640602,0.0,-0.0,221.60739921656867,-361.9,0.0,0.0,2885.8842259050234,-22.72897782357385,-7362.19669793862,640.1616815763737,0.0,-0.0,75.4819544147515,-141.14197224148495,0.0,0.0,1758.1070350890332,-30.871000000000002,-2301.7376988386736,19223.01671923579,0.0,-3240.891985364924,635.0498936997251,-1286.44066126063,0.0,0.0,1011.8929649109668,-19.512,-16323.114931220929,66543.55193452713,0.0,-6639.144419997978,2244.5390619554073,-3386.5975279217173,0.0,0.0,1910.0,-50.6715,-60621.67754856286
t183,12070.928848368469,0.0,-1830.0,554.1433862557338,-767.2819716602401,0.0,0.0,3560.0,-39.019999999999996,-13548.770262963963,2072.111306000159,0.0,-240.0,36.444422177210384,-7.581568685559635,0.0,0.0,-692.4636219874473,-17.911,-1150.5995375043624,339.5218,0.0,-0.0,27.604390004797267,-12.311455381076849,0.0,0.0,528.122422610101,-11.644216683583046,-871.2929405502382,2984.1284646012814,0.0,-394.4633939379375,54.61820565928596,-24.29240189286304,0.0,0.0,-806.1455034933897,-87.42808299315446,-1726.417287943222,710.2728784788346,0.0,-0.0,6.303213550657666,-0.0,0.0,0.0,-508.08225180966343,-10.8,-197.69384021982893,14783.123790420073,2377.3409410848735,-4755.133862565352,33.40413828456148,-14.872899118079411,0.0,0.0,-11288.713760428755,-69.4125,-1065.7358476773231,677.0975767013816,0.0,-729.0439029716646,61.79281306578578,-27.514863368446914,0.0,0.0,2032.1153672037417,-111.93884413314527,-1902.5081464976524,4662.833442124863,0.0,-0.0,208.57489299664158,-98.57427026593746,0.0,0.0,2495.1673479054116,-22.728977823573853,-7245.272434937404,620.7727995499783,0.0,-0.0,75.41591684253211,-15.704677991516384,0.0,0.0,1613.7791836486094,-30.871000000000002,-2263.3922220496033,18068.737008681746,0.0,-3240.891985364924,119.93911308406462,-119.93911308406462,0.0,0.0,1156.2208163513906,-19.512,-15964.553839668215,58222.36949582445,2701.0578824591507,-3938.086537538826,566.4288950913724,-566.4288950913724,0.0,0.0,1910.0,-50.6715,-58844.66934074479
t184,12005.38674522463,0.0,-1830.0,570.1725359435765,-978.4,0.0,0.0,3560.0,-39.019999999999996,-13288.139281168204,2190.001965310703,0.0,-240.0,7.467984358370815,-7.467984358370815,0.0,0.0,-802.6681064107154,-17.911,-1129.4228588999877,339.5218,0.0,-0.0,5.677192190802302,-0.0,0.0,0.0,521.6031105883851,-11.644216683583046,-855.1578860956041,6577.988641428176,102.01871975833252,-292.444674179605,11.20197653755622,-0.0,0.0,0.0,-4616.180353312663,-87.42808299315446,-1695.1562272386425,1047.3091284788347,0.0,-0.0,1.2954666744112635,-0.0,0.0,0.0,-844.1453231011686,-10.8,-193.6592720520773,14132.825437628477,0.0,-7132.474803650225,6.858352982177276,-0.0,0.0,0.0,-5891.217669657627,-69.4125,-1046.5788173028016,1541.12796522353,0.0,-729.0439029716646,63.714290643395344,-101.0,0.0,0.0,1204.3422829489937,-111.93884413314527,-1867.2017917111107,4719.399978253384,0.0,-0.0,228.2915957941865,-0.0,0.0,0.0,2188.266058944795,-22.72897782357385,-7113.22865516879,566.9587596399825,0.0,-0.0,77.76194497616936,-138.76939617091097,0.0,0.0,1746.9391623319443,-30.871000000000002,-2222.0194707771852,18679.48863657053,0.0,-3240.891985364924,665.8009051610063,-1269.6464598427647,0.0,0.0,1023.0608376680557,-19.512,-15838.299934191906,62469.063197138676,0.0,-6639.144419997978,2271.744558266775,-2238.4868068023966,0.0,0.0,1910.0,-50.6715,-57722.505028605075
t185,8078.379029242205,1568.5188427594744,-261.4811572405255,558.4165604944301,-258.5,0.0,0.0,3560.0,-39.019999999999996,-13206.313275255583,1912.5780802717168,0.0,-240.0,40.731135652091325,-67.21950017531412,0.0,0.0,-509.84840278413094,-17.911,-1118.3303129643627,339.5218,0.0,-0.0,28.16627026289039,-45.1,0.0,0.0,536.14650528898,-11.644216683583169,-847.0903588682871,5995.412121634096,0.0,-394.4633939379375,55.74903414002131,-89.3,0.0,0.0,-3801.956613926249,-87.42808299315459,-1678.0130649167766,1226.8649699999999,0.0,-0.0,6.43204981609397,-11.615170078107283,0.0,0.0,-1019.239861769785,-10.8,-191.64198796820153,12210.118595404403,1692.7690307998737,-5439.705772850351,37.33131386959397,-68.45585314318004,0.0,0.0,-7327.156909099628,-69.4125,-1035.4879049807103,1170.3300241765767,0.0,-729.0439029716646,63.063247135564836,-101.0,0.0,0.0,1556.6249606196561,-111.93884413314527,-1848.035484826988,4872.883505544205,0.0,-0.0,225.96215750899546,-361.9,0.0,0.0,2325.430321671156,-22.728977823573853,-7039.647006900784,436.77626603418423,0.0,-0.0,84.28433516661762,-139.08325036315065,0.0,0.0,1848.7131070616515,-30.871000000000002,-2199.8194578993025,16863.068832014327,802.6185964107842,-2438.27338895414,746.7842695778905,-746.7842695778905,0.0,0.0,921.2868929383485,-19.512,-16129.18893240932,61773.43980300023,1350.5289412295756,-5288.615478768402,2090.615998992381,-4075.6911762181508,0.0,0.0,1910.0,-50.6715,-57709.60658823565
t186,12176.825452379111,0.0,-1830.0,448.1982037314083,-0.0,0.0,0.0,2589.7168884776806,-39.019999999999996,-13345.720544588197,2163.6270785772253,0.0,-240.0,37.26870218205471,-67.64059073481639,0.0,0.0,-752.9802239926007,-17.911,-1122.3639660318627,339.5218,0.0,-0.0,28.229735302567402,-60.0,0.0,0.0,552.9999220561322,-11.644216683583046,-849.1072406751164,5393.6027424986405,180.82420744642025,-213.63918649151728,55.854012817633674,-118.69999999999999,0.0,0.0,-3527.4585217959907,-87.42808299315446,-1683.0551714820313,1312.51697,0.0,-0.0,6.44596326314175,-13.700000000000001,0.0,0.0,-1101.8123032530023,-10.8,-192.65063001013942,10075.495387229994,2169.832918104318,-4962.641885545907,34.160304655772826,-61.98421598095381,0.0,0.0,-6145.929044456298,-69.4125,-1039.5209640069254,1143.1851760623247,334.19776834662963,-394.84613462503495,63.19165956763489,-82.83086000287034,0.0,0.0,904.1379905687572,-111.93884413314527,-1855.0967557842964,5509.298712042113,0.0,-0.0,226.41835085258788,-481.2,0.0,0.0,1831.0421808730025,-22.728977823573853,-7062.830265944128,351.7025999999999,0.0,-0.0,66.77747833257693,-0.0,0.0,0.0,1820.2831115223194,-30.870999999999995,-2207.892189854896,14379.379933566566,262.0275590308453,-0.0,707.7642092164873,-570.0037415278753,0.0,0.0,1920.0,-19.512,-16679.655960286025,57336.96044310805,0.0,-593.7134062201344,2371.4404386159804,-2371.4404386159804,0.0,0.0,1910.0,-50.6715,-58602.57553688795
t187,15115.968671684019,1568.5188427594744,-261.4811572405255,319.7800084766599,-0.0,0.0,0.0,-2675.152240882392,-39.019999999999996,-14028.614124797237,2157.778391237093,240.0,-0.0,32.40716358627273,-0.0,0.0,0.0,-1255.6245377177536,-17.911,-1156.6500171056123,339.5336,0.0,-0.0,25.53555608913457,-0.0,0.0,0.0,521.9017647583453,-11.644216683583046,-875.3267041638967,2849.8329360204316,394.4633939379375,-0.0,64.4727866478472,-0.0,0.0,0.0,-1486.8563751654328,-87.42808299315446,-1734.4846584476295,1334.38997,0.0,-0.0,7.739796742534905,-6.113006648668786,0.0,0.0,-1127.5229198740371,-10.8,-197.69384021982893,2101.3893528557087,4120.693702056436,-3011.781101593789,30.89598289828886,-0.0,0.0,0.0,-2100.0,-69.4125,-1071.7854362166456,677.0975767013816,729.0439029716646,-0.0,75.8760484708167,-59.94307490442207,0.0,0.0,600.4425613425674,-111.93884413314534,-1910.578170448862,5377.997924184938,0.0,-0.0,234.48865308884461,-0.0,0.0,0.0,1693.81761129794,-22.72897782357385,-7283.575210748148,351.7025999999999,0.0,-0.0,92.60381863814568,-139.95550937926248,0.0,0.0,1998.9941362407635,-30.871000000000066,-2272.4740454996463,13006.166949536786,2553.7707412327036,-0.0,899.4236620284473,-0.0,0.0,0.0,1785.993497940862,-17.320993691333094,-18228.033857047467,51565.40856833083,6639.144419997978,-0.0,2892.1173384590493,-751.0574665767906,0.0,0.0,2044.006502059138,-48.480493691333095,-62341.13886857889
t188,15437.80322806496,0.0,-1830.0,753.5728020288443,-0.0,0.0,0.0,745.7514290748845,-39.019999999999996,-15068.107459168688,2252.6901999999995,240.0,-0.0,48.52172783740414,-59.6,0.0,0.0,-1231.4199157161681,-17.911,-1232.2810121212365,339.5218,0.0,-0.0,36.75868572212081,-0.0,0.0,0.0,568.171566619993,-11.644216683583055,-932.8078356585305,3156.394636020432,0.0,-394.4633939379375,54.227213352152795,-118.69999999999999,0.0,0.0,-761.5941056191064,-87.42808299315448,-1848.4362668223866,1505.50767,0.0,-0.0,8.393241609724106,-0.0,0.0,0.0,-1292.2947248447024,-10.8,-210.80618676502166,2124.1811528557087,5715.119481622867,-1417.355322027358,44.47812175085347,-0.0,0.0,0.0,-5255.655229783217,-69.4125,-1141.3557044188549,677.0975767013816,729.0439029716646,-0.0,82.27838919833441,-0.0,0.0,0.0,660.1912699482741,-111.93884413314534,-2036.6722946865113,7201.565274438401,0.0,-0.0,219.85598301173366,-361.9,0.0,0.0,721.5357576179022,-22.72897782357385,-7758.328037244463,351.7025999999999,0.0,-0.0,87.69221696489103,-0.0,0.0,0.0,2015.3139527021399,-30.871000000000066,-2423.8377696670295,14065.314349945853,2810.4495234763235,-0.0,916.5152817865824,-137.76046768861207,0.0,0.0,929.9746137565285,-16.07891506508076,-18568.414386211593,52818.931588381405,6639.144419997978,-0.0,3130.862516286039,-0.0,0.0,0.0,2900.0253862434715,-47.23841506508076,-65441.7254958438
t189,16677.46261123871,1830.0,-0.0,543.2536855661267,-1236.9,0.0,0.0,-2962.268831412609,-39.019999999999996,-14812.52746539223,2364.602932575994,240.0,-0.0,44.345855367619734,-19.6,0.0,0.0,-1367.0558166198782,-17.911,-1244.3819713237365,339.5218,0.0,-0.0,33.601115653880484,-60.0,0.0,0.0,640.4051048189647,-11.644216683583046,-941.8838037892622,3179.7926393782877,186.70045778628122,-207.76293615165628,66.46556299845223,-0.0,0.0,0.0,-1271.179790560906,-87.42808299315446,-1866.5878504573036,1560.1269200000002,0.0,-0.0,6.170224609525404,-13.700000000000001,0.0,0.0,-1328.973673760628,-10.8,-212.82347084889747,2146.9729528557086,3233.422007311012,-3899.0527963392133,40.65410138870167,-72.6,0.0,0.0,-227.53714847526317,-69.4125,-1152.4466167409464,677.0975767013816,729.0439029716646,-0.0,75.20476556380035,-134.3,0.0,0.0,821.7399534608321,-111.93884413314534,-2056.847354564535,7914.649326732893,0.0,-0.0,269.45876777192296,-119.3,0.0,0.0,-210.16943116877064,-22.72897782357385,-7831.90968551247,351.7025999999999,0.0,-0.0,91.775640321105,-40.6,0.0,0.0,2075.0396337182574,-30.871000000000066,-2447.0468740393617,14793.229083046745,2295.5363192027608,-0.0,811.0077807142756,-255.0637016343001,0.0,0.0,720.0,-19.512,-18345.19748132948,52523.685060238204,6639.144419997978,-0.0,2851.4658712187274,-0.0,0.0,0.0,3110.0,-50.6715,-65073.62385145491
t190,15055.632301851696,1830.0,-0.0,576.4943846005219,-258.5,0.0,0.0,-2791.515178738881,-39.019999999999996,-14373.091507713336,2193.725432575994,157.78170158311815,-82.21829841688185,31.830266134227088,-77.90501292552369,0.0,0.0,-986.1314492990731,-17.911,-1219.1716396518616,339.5218,0.0,-0.0,24.104642534864148,-14.9,0.0,0.0,585.6412007731032,-11.644216683583046,-922.7234266243842,3298.7018193782874,394.4633939379375,-0.0,47.75802584614834,-106.29974787505135,0.0,0.0,-1718.9275677327996,-87.42808299315446,-1828.2678405613676,1572.27207,0.0,-0.0,5.504280128418205,-3.4,0.0,0.0,-1354.7874474472724,-10.8,-208.78890268114586,2124.1811528557087,3116.5154851044936,-4015.9593185457315,29.17179396215601,-18.0,0.0,0.0,-37.24008603641687,-69.4125,-1129.25652734021,677.0975767013816,729.0439029716646,-0.0,34.490492424955924,-33.3,0.0,0.0,720.0953538497297,-111.93884413314534,-2015.4884818145863,8017.947859177131,0.0,-0.0,230.7332434051333,-119.3,0.0,0.0,-434.00134919615357,-22.72897782357385,-7672.650775562538,351.7025999999999,0.0,-0.0,54.81235847803632,-163.9,0.0,0.0,2186.8665238277636,-30.871000000000066,-2398.610482305799,15143.054876957724,1321.238805913707,-0.0,684.5317208470227,-331.3,0.0,0.0,964.4395876495612,-15.515412741929676,-17766.449578626085,52677.18759014842,6639.144419997978,-0.0,2449.127621012576,-928.5575322282837,0.0,0.0,2865.560412350439,-46.674912741929674,-63655.78759853921
t191,15904.022940390549,1830.0,-0.0,446.6392570645207,-846.9955753809533,0.0,0.0,-3560.0,-39.019999999999996,-13734.646622074115,2410.0360825759944,41.452688321002,-198.547311678998,29.588321253594945,-0.0,0.0,0.0,-1086.792084761607,-17.911,-1177.8266957099872,339.5218,0.0,-0.0,22.418823045402604,-0.0,0.0,0.0,542.1737931601259,-11.644216683583046,-892.4701995219453,3366.75688,148.7374753670353,-245.7259185709022,44.34676974831708,-0.0,0.0,0.0,-1458.9245617729853,-87.42808299315446,-1767.7625617783108,1531.15497,0.0,-0.0,4.634761135561085,-0.0,0.0,0.0,-1323.2613227479806,-10.8,-201.72840838758054,2118.353628577167,3321.470602635559,-3811.0042010146663,27.124846034587762,-0.0,0.0,0.0,-495.589909641481,-69.4125,-1090.942466591167,677.0975767013816,0.0,-729.0439029716646,50.17739395077983,-0.0,0.0,0.0,2060.601054681953,-111.93884413314534,-1946.893278229305,8116.037163141509,0.0,-0.0,179.785784604502,-412.443578623864,0.0,0.0,-443.0154652128231,-22.728977823573853,-7417.634926085748,351.7025999999999,0.0,-0.0,61.233974960614006,-0.0,0.0,0.0,1934.8084962947983,-30.871000000000066,-2316.874071255412,15405.415191828013,0.0,-0.0,524.4712462602276,-621.3616181728502,0.0,0.0,1621.0932955608935,-14.624875382420608,-16914.993240093863,53373.301789562385,4726.452611095344,-0.0,1885.9689823249332,-963.6055381048259,0.0,0.0,2208.9067044391063,-45.784375382420606,-61185.24017393453
t192,15563.288698471111,0.0,-1830.0,306.8620874744018,-1062.4559738400542,0.0,0.0,-140.48136880912398,-39.019999999999996,-12798.193443296333,2217.2482325759943,30.074432756072298,-209.9255672439277,20.544221100952523,-14.317439353633866,0.0,0.0,-909.3993934048447,-17.911,-1116.3134864306128,339.5218,0.0,-0.0,15.567049859241118,-55.98417583516044,0.0,0.0,557.6130197209604,-11.644216683583046,-845.0734770614579,3327.63113,0.0,-394.4633939379375,30.7919513288046,-29.4,0.0,0.0,-1172.1438034200887,-87.42808299315446,-1674.9878009776237,1372.04672,0.0,-0.0,3.554339861800754,-12.78363743889567,0.0,0.0,-1160.3754344547037,-10.8,-191.64198796820153,2095.561828577167,5063.3605851325765,-2069.1142185176486,18.834303025503417,-67.74866879415355,0.0,0.0,-3937.0016891992873,-69.4125,-1034.4796402241566,677.0975767013816,0.0,-729.0439029716646,34.8410225649189,-125.32503726918407,0.0,0.0,2099.3784109529747,-111.93884413314527,-1845.0092258452844,8116.037163141509,0.0,-0.0,124.83526379430994,-36.60287621738698,0.0,0.0,-1152.9812116234998,-22.728977823573853,-7028.559361271357,351.7025999999999,0.0,-0.0,42.517574630706505,-152.957552946813,0.0,0.0,1985.3914702376123,-30.871000000000002,-2195.7830919215057,15957.509382734537,0.0,-0.0,9.25548636131424,-1481.3,0.0,0.0,1444.3628662197714,-11.735332862693262,-15918.092402452932,55029.570736657544,3693.0,-0.0,1314.6322445122014,-4166.307331723454,0.0,0.0,2385.637133780229,-42.894832862693264,-58213.63795036384
t193,13006.369833367939,1547.7760342261572,-282.2239657738428,108.38338968615045,-932.5915640865697,0.0,0.0,-3485.5226647077106,-39.019999999999996,-9923.171062712123,1861.7838105376325,127.96904150741432,-112.03095849258568,7.105688044049282,-10.942651685269372,0.0,0.0,-1000.0,-12.7,-861.1849299112406,339.5218,0.0,-0.0,5.391307676549489,-0.0,0.0,0.0,312.97293261288297,-6.433216683583046,-651.4528236058494,2710.128480233953,0.0,-0.0,10.653504580878717,-0.0,0.0,0.0,-1343.8088488552494,-85.18543394131795,-1291.7877020182636,1104.82812,0.0,-0.0,1.2306699215451027,-8.004831892579851,0.0,0.0,-939.9922199060316,-10.799999999999999,-147.2617381229338,2075.492224644583,0.0,-0.0,6.518860162435393,-0.0,0.0,0.0,-1250.7370249561961,-32.7283726602453,-798.5456871905769,677.0975767013816,306.68685137454605,-0.0,12.059388551985958,-0.0,0.0,0.0,493.51383620489605,-71.05094340773012,-1418.3067094250791,3932.9735855908584,0.0,-0.0,43.20672960090901,-428.5050176557467,0.0,0.0,1922.2795554735103,-21.888977823573853,-5448.065875185958,351.7025999999999,0.0,-0.0,14.711024900223908,-118.49175361554298,0.0,0.0,1461.294434133898,-28.06987566617606,-1681.1464297524026,12478.517022323736,0.0,-523.5441977503589,70.51403142229977,-1473.2996510564476,0.0,0.0,1920.0,-19.512,-12452.675204939227,50902.425903510266,0.0,-3693.0,520.418609429985,-1960.193667268294,0.0,0.0,1910.0,-50.6715,-47628.97934567196
t194,13181.632909105547,0.0,-1830.0,61.05717251330262,-195.11239308149212,0.0,0.0,-2000.4427496509113,-19.28575574546185,-9197.849183140985,1668.0745605376324,0.0,-0.0,4.113542310762484,-0.0,0.0,0.0,-836.6228770784037,-12.7,-822.8652257699911,339.5218,0.0,-0.0,3.1206340301638624,-19.52635578042738,0.0,0.0,305.52517584067175,-6.433216683583046,-622.2080374068252,2592.46032,0.0,-0.0,6.1671920583214375,-9.543735174580876,0.0,0.0,-1273.5350619403262,-82.24944908210578,-1233.2992658613086,979.0089199999999,0.0,-0.0,0.7123633243440339,-1.1036972650875843,0.0,0.0,-832.7949761409365,-5.621366088951321,-140.20124382936848,2052.700424644583,1034.621161390705,-132.07883860929496,3.773538593225323,-26.347365308022827,0.0,0.0,-2100.0,-69.4125,-763.2564207111955,677.0975767013816,272.5085676816913,-0.0,6.980734256684619,-92.45634539749155,0.0,0.0,568.1019544951328,-77.47721692809472,-1354.755270809304,3948.0632126273113,0.0,-0.0,25.010903560257482,-0.0,0.0,0.0,1234.1282104610536,-4.072623094521477,-5203.129703554101,351.7025999999999,0.0,-0.0,8.516004002858695,-0.0,0.0,0.0,1269.017446935316,-23.771483269463687,-1605.4645676687112,11728.863460617917,0.0,-1750.8919853649243,70.21013902481198,-0.0,0.0,0.0,1920.0,-19.512,-11948.669614277804,50657.55927911024,0.0,-5171.1531543218925,278.88386244186626,-1697.5749335992261,0.0,0.0,1746.6228770784037,-50.6715,-45763.666430709396
t195,12065.197446588494,957.7407726500857,-872.2592273499143,22.80112491079769,-0.0,0.0,0.0,-3312.404442294223,-39.019999999999996,-8822.05567450524,1877.7999105376323,0.0,-53.244337889835606,1.5526843757963933,-13.736536391726652,0.0,0.0,-1000.0,-12.7,-799.6717206318663,339.5218,0.0,-0.0,1.1773745629493249,-0.0,0.0,0.0,270.79858416941033,-6.433216683583047,-605.0645420487765,2574.4665600000003,0.0,-0.0,2.3275938243426415,-0.0,0.0,0.0,-1331.229102577188,-45.5436887165276,-1200.0213625306274,1012.0726199571391,0.0,-0.0,0.2687876560527005,-0.0,0.0,0.0,-864.3660899096367,-10.799999999999999,-137.17531770355478,2075.492224644583,281.98685804708276,-884.7131419529173,1.4240048186450838,-0.0,0.0,0.0,-679.1070847338269,-53.0,-742.0828608235665,677.0975767013816,0.0,-0.0,2.63426564055821,-0.0,0.0,0.0,747.4827327485311,-109.78316505551163,-1317.4314100349598,2625.9440857868167,0.0,-0.0,9.438321798313147,-17.967766735014475,0.0,0.0,2464.4726151295195,-21.888977823573853,-5059.998278156061,351.7025999999999,0.0,-0.0,3.2140233308823243,-6.114763867909368,0.0,0.0,1240.138003372339,-27.87532092236637,-1561.0645419129453,11853.523154896626,0.0,-1980.796580926938,27.192253071339323,-47.683274062450955,0.0,0.0,1920.0,-19.512,-11752.723552978574,49778.012229562555,0.0,-3693.0,114.0846244631559,-1863.2895538719174,0.0,0.0,544.2147840950745,-25.19960572337314,-44854.8224785255
t196,10403.793745393677,1395.0374914891277,-434.96250851087234,32.291415688501985,-324.5007508685115,0.0,0.0,-2360.0,-23.96,-8687.699393191922,2073.880410537632,240.0,-0.0,2.2445374506016664,-0.0,0.0,0.0,-1508.5801105657135,-15.94042292565405,-791.6044144968664,339.5218,0.0,-0.0,1.7026005101153134,-1.430874696835596,0.0,0.0,270.86458749859185,-11.644216683583046,-599.0138966282888,2633.815265,0.0,-0.0,3.3650258323803257,-0.0,0.0,0.0,-1366.6218069697265,-82.63817708863824,-1187.9203067740161,1031.163769957139,0.0,-0.0,0.38866820006516056,-0.0,0.0,0.0,-890.3843104420416,-6.0100940954837805,-135.15803361967897,2098.284024644583,1971.5148796959284,-1166.7,2.058911889890031,-1.7285734592644786,0.0,0.0,-2100.0,-69.4125,-734.0167427711364,677.0975767013816,0.0,-0.0,3.80880896194434,-3.197860899639285,0.0,0.0,720.2472512067147,-93.63815485615612,-1304.3176211142443,2682.2137699122995,0.0,-0.0,13.646425883704103,-7.203362676957235,0.0,0.0,2339.8081302824467,-21.888977823573853,-5006.57598557792,351.7025999999999,0.0,-0.0,4.646601322140036,-2.45143775929978,0.0,0.0,1219.829808150827,-26.790310723010847,-1546.9372609906563,11432.111460665348,0.0,-1490.0,39.36595357831011,-139.34217370318635,0.0,0.0,1920.0,-19.512,-11742.62324054047,49290.28990437732,0.0,-6182.385368931289,147.78703057971833,-208.20776292742318,0.0,0.0,1754.8364508389013,-48.700922925654055,-44753.61933101158
t197,10978.075196288653,334.65551706545136,-446.2335351213289,41.29983600336568,-0.0,0.0,0.0,-2166.934854590185,-39.019999999999996,-8701.842159645956,2261.370210537632,0.0,-240.0,3.03171469207837,-3.668250359605816,0.0,0.0,-1205.7894960651129,-13.255631639375805,-801.6885471656162,339.5218,0.0,-0.0,2.302811681288806,-0.0,0.0,0.0,272.24566049727594,-6.988848322958852,-607.0814238556057,2646.2479749999998,0.0,-0.0,4.546654392070811,-13.827494587080832,0.0,0.0,-1385.444230426344,-49.4846992219172,-1202.0382051567292,988.42282,0.0,-0.0,0.5255538695464904,-0.7575446468152818,0.0,0.0,-840.2155115191763,-10.799999999999999,-137.17531770355478,2120.4124400000005,1016.4399616543075,-150.26003834569258,2.7829917653967673,-1.5422286723591698,0.0,0.0,-2191.742000821532,-53.0,-743.0911255801202,677.0975767013816,388.7149131685097,-0.0,5.148443001379346,-0.0,0.0,0.0,325.0069582402839,-75.51022209489074,-1320.4576690166634,2935.0266501584547,0.0,-0.0,18.44526509584615,-0.0,0.0,0.0,2118.5574413807835,-6.991239556556586,-5065.038117078528,351.7025999999999,0.0,-0.0,6.278538418374598,-5.147080842740837,0.0,0.0,1244.3160333040069,-30.031,-1567.1190908796407,11463.948478218386,0.0,-1338.2005366801054,51.80599090966383,-41.49959995862784,0.0,0.0,1920.0,-19.512,-12036.542332489315,47219.13871645419,0.0,-3311.5923652949864,224.00256759615158,-0.0,0.0,0.0,1910.0,-50.6715,-45990.877418755364
t198,11597.160939429661,784.2594213797377,-1045.7405786202623,90.04280179812885,-49.632720519693706,0.0,0.0,-2312.974668190426,-39.019999999999996,-9024.095195277145,2459.9223499999994,240.0,-0.0,6.790744774964668,-0.0,0.0,0.0,-1837.463221854934,-15.123835876914605,-854.1260370431157,339.5218,0.0,-0.0,5.154807271041875,-1.888953314207844,0.0,0.0,312.4800176924398,-8.857052560497651,-646.4106190887762,2632.399725,0.0,-0.0,10.182492784149137,-0.0,0.0,0.0,-1300.079933525863,-61.80721668358305,-1280.6950675747032,916.20512,0.0,-0.0,1.1765809673375567,-0.32150500569552376,0.0,0.0,-760.0070998806461,-10.8,-146.2530960809959,2143.2042400000005,1193.6898351871207,-0.0,6.231516447056143,-0.0,0.0,0.0,-2482.2252577394765,-69.4125,-791.4878338947007,677.0975767013816,0.0,-0.0,11.52794298922408,-0.0,0.0,0.0,789.451415672359,-69.85775587689702,-1408.2191794860673,2883.3802315519647,0.0,-0.0,41.301951917924946,-11.296374908855343,0.0,0.0,2487.4504248798985,-8.208586402103665,-5392.62764703883,354.47244028948495,0.0,-0.0,14.060847296530167,-3.8486958448794257,0.0,0.0,1333.6220925415682,-27.25116947479335,-1671.0555148079104,11463.650136997085,0.0,-301.5925170845883,120.7662258415796,-51.895644974215486,0.0,0.0,1920.0,-19.512,-13131.416200779859,47282.3145000064,2236.3903148017716,-1456.6096851982284,491.3416184514459,-715.3441860475975,0.0,0.0,1849.7462304050805,-50.6715,-49637.167292418904
t199,13147.15209730398,784.2594213797377,-1045.7405786202623,234.71746926784613,-0.0,0.0,0.0,-3015.500095614282,-34.22840084140569,-10070.659912875613,2254.207799999999,222.9463861150437,-17.0536138849563,18.69306894322893,-0.0,0.0,0.0,-1481.7133590377016,-17.911,-979.1692821356144,339.5218,0.0,-0.0,14.189407298041145,-0.0,0.0,0.0,399.1370733952932,-11.644216683583046,-741.2040640097513,2530.0725850000003,394.4633939379375,-0.0,28.029447919438866,-0.0,0.0,0.0,-1396.8759120620412,-87.42808299315446,-1468.2614318021795,1022.34782,0.0,-0.0,3.2387373796889785,-0.0,0.0,0.0,-847.3519784179972,-10.8,-167.43457896169187,2120.4124400000005,822.3900917427995,-666.7024770908525,17.153425300991902,-0.739728351516078,0.0,0.0,-1320.4545698616494,-64.62090084140569,-907.4382808983829,677.0975767013816,729.0439029716646,-0.0,31.73282125729456,-4.221620494169209,0.0,0.0,294.30845992668674,-111.93884413314527,-1616.0222962297132,3999.637854731222,0.0,-0.0,113.69146063827958,-15.124304052684282,0.0,0.0,2093.4547753898732,-21.888977823573853,-6169.770808883118,467.64020068844644,0.0,-0.0,38.70539846105281,-0.0,0.0,0.0,1444.9956062818183,-30.031,-1921.3102054313174,12964.066799405828,0.0,-0.0,330.35523247880957,-0.0,0.0,0.0,1920.0,-19.512,-15194.91003188464,49502.539219205944,3705.9856868063744,-0.0,1288.4091311547422,-0.0,0.0,0.0,1910.0,-50.6715,-56356.262537167066
t200,13434.734965657093,0.0,-1830.0,424.631717997085,-287.48887599069434,0.0,0.0,220.5045106905012,-39.019999999999996,-11923.362318353984,2199.132205526313,0.0,-240.0,31.049070085748173,-5.484527963199734,0.0,0.0,-887.7835520926237,-17.911,-1079.0021955562381,339.73679999999996,0.0,-0.0,23.56148026365331,-4.166378106434518,0.0,0.0,469.3494462922126,-11.644216683583046,-816.8371317658483,4172.585102573484,0.0,-0.0,46.5533568171016,-8.22535920544765,0.0,0.0,-2504.968809745212,-87.42808299315446,-1618.5162074467705,955.49733,0.0,-0.0,5.378211792040142,-0.950842155908382,0.0,0.0,-764.5432059614957,-10.8,-184.5814936746362,8256.3241517153,0.0,-1166.7,28.48717888363886,-5.034881582586926,0.0,0.0,-6043.465310515023,-69.4125,-1000.1986385013288,1404.2267528968412,0.0,-0.0,52.69925610357983,-9.31438765385062,0.0,0.0,446.79376300998547,-111.93884413314527,-1782.4665402234104,2982.9149443069,0.0,-0.0,188.8114157625835,-33.37041057266103,0.0,0.0,3685.1316703026373,-22.72897782357385,-6800.758641975885,582.3907269671137,0.0,-0.0,64.28411211666018,-45.69318875942624,0.0,0.0,1548.981488019017,-30.871000000000002,-2119.0921383433647,15579.999126450726,0.0,-1252.0666883971708,539.5520892961216,-328.70400309054384,0.0,0.0,1920.0,-19.512,-16439.268524259132,51854.840286849765,5136.168785369935,-0.0,2011.4494047585454,-0.0,0.0,0.0,1910.0,-50.6715,-60861.786976978256
t201,12062.22034351599,0.0,-1830.0,259.63112286764283,-258.5,0.0,0.0,2792.768928834435,-39.019999999999996,-12987.100395218065,2376.7756317001863,0.0,-240.0,29.47124592825326,-13.701478421348657,0.0,0.0,-1009.2451933746039,-17.911,-1125.3892058324877,340.1764,0.0,-0.0,22.356245431742877,-10.412213799101544,0.0,0.0,511.65634843630204,-11.644216683583046,-852.1325633853603,5539.596253515995,0.0,-394.4633939379375,44.183850415203096,-20.55043728850081,0.0,0.0,-3393.2409116643194,-87.42808299315446,-1688.097278047286,889.85803,0.0,-0.0,5.103433455587625,-2.376096735806985,0.0,0.0,-689.1347367096413,-10.8,-192.65063001013942,13292.255898770301,0.0,-4988.634326944088,27.03442545464752,-12.5805923732291,0.0,0.0,-7205.108881874491,-69.4125,-1043.5540230331403,1782.6359624574645,0.0,-729.0439029716646,50.011385243380225,-23.273917856121614,0.0,0.0,887.7148260382837,-111.93884413314527,-1856.1055087781976,4370.701721164723,0.0,-0.0,179.1835352413106,-83.38178597605693,0.0,0.0,2657.35854914847,-22.72897782357385,-7101.133041754871,606.5279066326264,0.0,-0.0,52.57693757335725,-40.6,0.0,0.0,1617.231071165565,-30.871000000000002,-2204.8649153715487,16059.784946213926,0.0,-1490.0,451.8002646167756,-331.3,0.0,0.0,1920.0,-19.512,-16590.773210830703,61045.89272328756,764.3629429413768,-2928.637057058623,1859.1569913055887,-942.582571476379,0.0,0.0,1910.0,-50.6715,-61657.52152899952
t202,12546.683915188501,0.0,-1830.0,229.59820485209838,-409.715513127807,0.0,0.0,2760.2867461396268,-39.019999999999996,-13257.833353052418,2380.8867413933867,0.0,-240.0,19.156202837524326,-20.146917043858657,0.0,0.0,-968.3602498820654,-17.911,-1153.6247773049874,339.5218,0.0,-0.0,16.210022606228314,-15.313858367080963,0.0,0.0,544.5360748015031,-11.644216683583046,-873.3098223570674,6149.959845199877,0.0,-394.4633939379375,32.05274816929401,-100.66700449973024,0.0,0.0,-3869.0031387429226,-87.42808299315446,-1730.4509731954258,801.6816799999999,0.0,-0.0,3.70083700798939,-11.620046431659818,0.0,0.0,-585.2686303565006,-10.8,-197.69384021982893,15578.55488144029,529.9848935928239,-6602.489910057401,19.60808437235956,-61.574226715400584,0.0,0.0,-8324.902315929132,-69.4125,-1069.768906703538,1969.9181148824484,0.0,-729.0439029716646,36.27277189210629,-113.90433879588751,0.0,0.0,849.1868396359932,-111.93884413314527,-1900.4906405098502,3192.206381306191,0.0,-0.0,129.96312232702047,-122.62096104316186,0.0,0.0,4113.811420473125,-22.72897782357385,-7290.6309852396,609.2977469221115,0.0,-0.0,44.25915852567479,-18.08876070859918,0.0,0.0,1649.7132538603732,-30.871000000000002,-2254.3103985995604,17382.279609494497,0.0,-2654.1389584046306,365.15677805137875,-331.3,0.0,0.0,1920.0,-19.512,-16662.485429141245,65803.77493998219,0.0,-3693.0,1328.2164460247986,-2820.259111968099,0.0,0.0,1910.0,-50.6715,-62478.06077403891
t203,12335.899212957167,0.0,-1830.0,337.21213334162337,-0.0,0.0,0.0,2678.005874810447,-39.019999999999996,-13482.097221109234,2624.2033126659453,0.0,-240.0,22.974425400989247,-79.2,0.0,0.0,-1132.2400423569482,-17.911,-1177.8266957099872,339.5218,0.0,-0.0,17.41352816332558,-16.53459461233603,0.0,0.0,562.7052417511245,-11.644216683583046,-891.4617586185308,6310.205065844674,0.0,-394.4633939379375,34.43679039379861,-29.4,0.0,0.0,-4066.5962388421212,-87.42808299315446,-1766.7541404652598,868.87848,0.0,-0.0,3.9757246829058923,-5.959313891581349,0.0,0.0,-654.366482403744,-10.8,-201.72840838758054,16318.299679497759,254.2360041783029,-6878.238799471922,21.065493761985493,-31.566848396149673,0.0,0.0,-8522.432298222255,-69.4125,-1091.9507313477209,2020.2679420051365,0.0,-729.0439029716646,38.96867868890464,-58.39618476210837,0.0,0.0,780.9830714387735,-111.93884413314527,-1940.8407602658979,2702.7274357275564,0.0,-0.0,102.29757143439991,-132.41662505996473,0.0,0.0,4791.94674863517,-22.728977823573853,-7441.826152913586,599.8011516438769,0.0,-0.0,42.770174385261086,-41.956752380017306,0.0,0.0,1731.994125189553,-30.871000000000002,-2301.7376988386736,16815.49590682967,0.0,-2065.085513726321,392.281842977325,-128.186995986813,0.0,0.0,1920.0,-19.512,-16914.993240093863,66714.70785502187,0.0,-4895.21497217415,1356.861101229268,-1122.9182658700815,0.0,0.0,1910.0,-50.6715,-63912.764218206925
t204,12473.728063851371,0.0,-1830.0,398.3817377411371,-0.0,0.0,0.0,2681.0469402886324,-39.019999999999996,-13684.136741881139,2440.0455444683716,0.0,-240.0,25.580131573501433,-19.6,0.0,0.0,-997.1786078625111,-17.911,-1190.936068179362,339.5218,0.0,-0.0,19.383099070227928,-28.6121169232583,0.0,0.0,582.8976021892908,-11.644216683583046,-901.546167652677,6301.286850089272,0.0,-394.4633939379375,38.33992239288196,-29.4,0.0,0.0,-4041.412728824782,-87.42808299315446,-1786.9225667262788,801.6816799999999,0.0,-0.0,4.425630489688334,-6.518321639130459,0.0,0.0,-585.0432963791015,-10.8,-203.74569247145635,16538.409225602194,195.93210548859815,-6936.5426981616265,23.451179040023092,-34.53013218412845,0.0,0.0,-8613.257271358694,-69.4125,-1104.0499084263658,2058.6029943463595,0.0,-729.0439029716646,43.381653727305704,-63.8777170439006,0.0,0.0,765.9091422067704,-111.93884413314527,-1963.0333261317242,2976.0423421890932,0.0,-0.0,155.4362674632061,-229.3313772622434,0.0,0.0,4648.085160029028,-22.728977823573853,-7527.5034145955115,595.4485454746862,0.0,-0.0,51.77148499679869,-17.328012488498587,0.0,0.0,1728.9530597113676,-30.871000000000002,-2327.9740776943536,16167.064999454526,0.0,-807.1776497026236,454.6695877478573,-677.837916904834,0.0,0.0,1920.0,-19.512,-17037.207020594928,69131.86337490201,0.0,-6639.144419997978,1534.237196443315,-1188.699946047122,0.0,0.0,1910.0,-50.6715,-64697.58470530022
t205,12742.335187009881,0.0,-1830.0,414.3476056729602,-113.23187902043651,0.0,0.0,2638.000923908898,-39.019999999999996,-13812.4318375713,2435.6110732874563,0.0,-240.0,27.426374650541476,-38.6997591528896,0.0,0.0,-970.4485542713718,-17.911,-1195.978134513737,339.5218,0.0,-0.0,20.77749774001663,-0.0,0.0,0.0,556.924850209902,-11.644216683583046,-905.5799312663355,6269.59931960783,0.0,-394.4633939379375,41.10490446138226,-0.0,0.0,0.0,-4033.822809907433,-87.42808299315446,-1794.9899372306863,734.4848799999999,0.0,-0.0,4.744197790927214,-0.0,0.0,0.0,-523.6747432775329,-10.8,-204.75433451339427,14111.733599300649,1115.7351042372568,-6016.739699412969,25.14080537391816,-0.0,0.0,0.0,-8056.357812533165,-69.4125,-1110.0994969656883,2075.6302813885004,0.0,-729.0439029716646,46.5070241903056,-0.0,0.0,0.0,689.9487916089383,-111.93884413314527,-1971.1033500829337,3363.6634097681836,0.0,-0.0,166.63575792605786,-41.210213204062654,0.0,0.0,4097.430278170663,-22.72897782357385,-7563.790254837268,604.5494492829943,0.0,-0.0,32.98746726474979,-40.6,0.0,0.0,1771.9990760911019,-30.871000000000002,-2338.064992638846,17599.88232736408,0.0,-2507.5062169800203,229.03409731831923,-104.89871884642398,0.0,0.0,1920.0,-19.512,-17116.999488855956,70414.59898721552,0.0,-6639.144419997978,1549.4487797454046,-1763.3422932543494,0.0,0.0,1910.0,-50.6715,-65420.889553708585
t206,13717.543378795275,0.0,-1830.0,415.7599880145802,-1101.436694091032,0.0,0.0,2651.605560060197,-39.019999999999996,-13814.452232779018,2225.729358848328,0.0,-240.0,27.558689824805146,-13.254561960958023,0.0,0.0,-778.0770460634386,-17.911,-1204.0454406487368,339.5218,0.0,-0.0,5.368039909745689,-55.17617210297319,0.0,0.0,633.561125563634,-11.644216683583046,-911.6305766868234,6101.3600324992485,0.0,-394.4633939379375,41.30267462996923,-19.88184294143703,0.0,0.0,-3834.8068155824412,-87.42808299315446,-1806.0825716742468,779.5106964687458,0.0,-0.0,4.7668779892512765,-2.299260748329453,0.0,0.0,-565.4153371543355,-10.8,-205.76297655533216,16052.996850893313,622.747234831402,-6509.727568818823,25.26137295996922,-12.172556902920633,0.0,0.0,-8992.535482701376,-69.4125,-1117.1573502615647,2109.6303131875784,0.0,-729.0439029716646,46.7300039652192,-22.51923027040317,0.0,0.0,691.3587992260636,-111.93884413314527,-1984.2171390036492,3263.926669293036,0.0,-0.0,167.43501703192942,-401.3667889358502,0.0,0.0,4605.914756711894,-22.728977823573853,-7613.180676277437,637.3918412868886,0.0,-0.0,57.030291611435906,-68.74420778254336,0.0,0.0,1758.3944399398029,-30.871000000000002,-2353.201365055584,17732.432363752243,0.0,-2761.066183388956,471.7841732439613,-100.38495927498569,0.0,0.0,1920.0,-19.512,-17243.253394332263,72034.30148607043,0.0,-6639.144419997978,1544.6045715758464,-2865.2395323250225,0.0,0.0,1910.0,-50.6715,-65933.85060532328
t207,13093.692163162223,0.0,-1830.0,74.13619104743793,-95.78567381702237,0.0,0.0,2697.2963487144416,-39.019999999999996,-13900.319029107077,2408.432094739799,0.0,-240.0,29.749452252151425,-5.722870104978008,0.0,0.0,-967.4769964376113,-17.911,-1207.0706804493618,339.5218,0.0,-0.0,22.531738052013495,-4.3505492124577705,0.0,0.0,567.5886863376801,-11.644216683583046,-913.6474584936526,6169.875342382928,361.6484148928404,-32.81497904509699,8.58430515746701,-8.58430515746701,0.0,0.0,-4601.164438311066,-87.42808299315446,-1810.1162569264507,846.7074964687458,0.0,-0.0,5.14498767458577,-0.9927427733125116,0.0,0.0,-633.2881227727491,-10.8,-206.77161859727005,15656.110715985296,305.80029634975693,-6826.674507300469,27.266626317661547,-5.255697035183884,0.0,0.0,-7968.66105454239,-69.4125,-1119.1738797746723,2064.62989037011,0.0,-729.0439029716646,50.43922738194446,-9.723039515090186,0.0,0.0,723.8888198471013,-111.93884413314527,-1988.252150979254,3229.9390462116794,0.0,-0.0,180.72654636320314,-396.73359201652426,0.0,0.0,4639.113105879036,-22.728977823573853,-7630.316128613822,626.7081715988747,0.0,-0.0,61.56051628942323,-11.854516646025873,0.0,0.0,1712.7036512855584,-30.871000000000002,-2358.2468225278303,18005.369329939644,0.0,-1876.3747971340758,511.9293892058703,-1238.5666842943592,0.0,0.0,1920.0,-19.512,-17302.84523771708,71517.23430024863,0.0,-6639.144419997978,1627.6836726630063,-2376.681122950523,0.0,0.0,1910.0,-50.6715,-65988.42092996315
t208,13898.333067004054,0.0,-1830.0,587.6171140418628,-1236.9,0.0,0.0,2531.4010217036166,-39.019999999999996,-13911.431202749533,2191.248519872364,0.0,-240.0,21.057189926545167,-66.15839598785597,0.0,0.0,-679.1488068279422,-17.911,-1209.0875069831118,339.5218,0.0,-0.0,29.260661434306765,-50.085719398931325,0.0,0.0,608.6118149486896,-11.644216683583046,-915.6643403004819,5888.129994370905,0.0,-394.4633939379375,57.903055705930896,-99.13759398178395,0.0,0.0,-3551.862458298356,-87.42808299315446,-1813.1415208656035,793.0999199999999,0.0,-0.0,3.1380156742588734,-11.437680936668894,0.0,0.0,-567.2286361403198,-10.8,-206.77161859727005,14868.964559037164,1035.220883582852,-6097.253920067374,16.626732905328858,-60.6230167235412,0.0,0.0,-8572.33232944665,-69.4125,-1121.1904092877799,1909.1550584254057,668.3955366932591,-60.648366278405305,30.757513802297616,-112.14258093855122,0.0,0.0,-331.2911546160012,-111.93884413314527,-1992.2871629548588,2808.8652461172537,0.0,-0.0,234.71082443543418,-234.71082443543418,0.0,0.0,4853.25157038058,-22.728977823573853,-7639.387838674261,572.4984402189527,0.0,-0.0,79.95111031672776,-136.88524883198735,0.0,0.0,1878.5989782963834,-30.871000000000002,-2363.2922800000765,16974.66263201951,0.0,-886.7411215645197,666.9479062188203,-1251.5090545756793,0.0,0.0,1920.0,-19.512,-17403.848362098128,69474.68244119975,0.0,-4191.300217929844,2065.1775188712727,-3085.521969880213,0.0,0.0,1910.0,-50.6715,-66122.366272261
t209,13417.913129939987,0.0,-1830.0,727.9232867231243,-727.9232867231243,0.0,0.0,2322.130168655164,-39.019999999999996,-13871.023298595152,2353.9934572601705,0.0,-240.0,48.68545423540679,-48.68545423540679,0.0,0.0,-880.9444706758088,-17.911,-1215.1379865843617,340.3898,0.0,-0.0,36.86464925581725,-50.282532716897215,0.0,0.0,604.3704040588034,-11.644216683583046,-919.6981039141403,5548.831230503931,180.82420744642025,-213.63918649151728,29.01019034012772,-99.52593703870993,0.0,0.0,-3535.855109084035,-87.42808299315446,-1822.217312683062,860.2967199999999,0.0,-0.0,8.41819668750588,-11.482591358218157,0.0,0.0,-638.6520646900798,-10.8,-207.78026063920797,13015.971512195683,2734.7442557460736,-4397.7305479041515,44.61651088356994,-60.860777778802,0.0,0.0,-10141.096720071826,-69.4125,-1126.2317330705487,1812.0137638149051,0.0,-729.0439029716646,82.53352027506139,-112.58243889078369,0.0,0.0,1061.3925947994976,-111.93884413314527,-2002.3746928938708,2405.602355507155,0.0,-0.0,295.72471069503877,-295.72471069503877,0.0,0.0,5290.785365663449,-22.728977823573857,-7673.658743347031,442.7116380830808,0.0,-0.0,14.121532101075621,-137.42153210107563,0.0,0.0,2087.869831344836,-30.871000000000002,-2376.4104694279163,15748.21689939189,0.0,-42.850288531670635,845.0146142731735,-845.0146142731735,0.0,0.0,1920.0,-19.512,-17605.85461086022,65428.616257483736,0.0,-684.3674406712323,2582.7270205862856,-2582.7270205862856,0.0,0.0,1910.0,-50.6715,-66603.57731681252
t210,12074.83436582959,1830.0,-0.0,827.2555873775037,-827.2555873775037,0.0,0.0,6.505546286988192,-34.255427898269154,-13877.084484218309,2443.100816769839,0.0,-0.0,56.82599874805053,-0.0,0.0,0.0,-1268.3390736340914,-13.424515498812045,-1218.1632263849867,340.01279999999997,0.0,-0.0,43.025819257383304,-43.025819257383304,0.0,0.0,583.9257378749257,-2.22355215395601,-921.7149857209696,4407.275112066292,30.9259300847343,-0.0,85.15563234018263,-0.0,0.0,0.0,-2635.9121509270663,-61.1935256288764,-1826.2509979352658,929.13172,0.0,-0.0,9.825245704131834,-9.825245704131834,0.0,0.0,-709.5428173188543,-10.799999999999999,-208.78890268114586,9081.29757810928,499.99752290914745,-666.7024770908525,52.07485310321075,-52.07485310321075,0.0,0.0,-7715.923596587365,-69.4125,-1129.25652734021,1439.3838169418793,0.0,-0.0,96.33014166275056,-84.19943971207138,0.0,0.0,646.5424057681248,-90.6384667973063,-2007.4184578633767,2378.194346494288,0.0,-0.0,313.57561911434186,-301.70076467127353,0.0,0.0,5322.446004785139,-22.728977823573853,-7689.786227898922,351.7025999999999,0.0,-0.0,117.57999403512973,-0.0,0.0,0.0,1940.2979437522004,-26.106427898269153,-2383.474109889061,13683.01871322008,2613.94312403363,-0.0,991.2936819402153,-880.2111714424661,0.0,0.0,1353.504561802947,-10.249799585478183,-17751.299109968928,60633.249025796154,3693.0,-0.0,3001.0080417501313,-3001.0080417501313,0.0,0.0,2476.495438197053,-41.40929958547818,-66761.33516440775
t211,11912.120601381544,1830.0,-0.0,701.0003740239431,-0.0,0.0,0.0,-694.6465269738262,-24.939999999999998,-13723.53444843166,2434.0622091718396,240.0,-0.0,48.52036881231098,-27.48100508605811,0.0,0.0,-1489.1364231094606,-14.020668342395544,-1191.944481446237,339.55899999999997,0.0,-0.0,36.75692538073004,-20.69205640741585,0.0,0.0,554.6846246087562,-7.753885025978589,-902.5546085560917,2457.439552491547,394.4633939379375,-0.0,72.7188434674585,-60.767203401387704,0.0,0.0,-1005.6760783727716,-70.24752008345419,-1787.9309880393298,928.7826699999999,0.0,-0.0,8.392870400724327,-0.0,0.0,0.0,-722.6298479292682,-10.8,-203.74569247145635,2120.4124400000005,7132.474803650225,-0.0,44.47640312219323,-0.0,0.0,0.0,-8136.9729735895,-55.332499999999996,-1105.0581731829197,677.0975767013816,435.3533722151129,-0.0,82.27517480095668,-12.130701950679182,0.0,0.0,877.2136915761989,-94.75828122344507,-1965.0508321195266,2378.0372372479633,0.0,-0.0,294.79411519066025,-0.0,0.0,0.0,4875.3851044114745,-22.728977823573853,-7525.487479026525,351.7025999999999,0.0,-0.0,100.40950578820306,-0.0,0.0,0.0,1911.7784293783966,-30.871000000000066,-2333.0195351666,13416.599201435569,2030.8479536714035,-0.0,846.0684669442212,-111.08251049774907,0.0,0.0,1320.0,-9.702,-17492.731111553447,54901.801777127774,5578.199295044571,-0.0,2727.734413483232,-0.0,0.0,0.0,2510.0,-40.8615,-65676.87398565558
t212,13332.31072542786,1408.0743222497329,-0.0,476.4767739250889,-258.5,0.0,0.0,-1317.978516783988,-24.939999999999998,-13615.443304818691,2124.2376686044768,240.0,-0.0,27.121642069823277,-18.881349951305996,0.0,0.0,-1145.2561956771797,-13.092191728328384,-1214.1295733174868,339.5218,0.0,-0.0,25.601103883191367,-0.0,0.0,0.0,561.4006084428605,-6.8254084119114315,-919.6981039141403,2444.20651,394.4633939379375,-0.0,50.625462456079056,-0.0,0.0,0.0,-999.1880099378793,-67.89004377307546,-1822.217312683062,930.9538699999999,0.0,-0.0,5.027045017122271,-0.0,0.0,0.0,-717.4006543779142,-10.8,-207.78026063920797,2143.2042400000005,7132.474803650225,-0.0,30.969047313449444,-0.0,0.0,0.0,-8125.083857893127,-55.332499999999996,-1126.2317330705487,677.0975767013816,729.0439029716646,-0.0,49.278364733267225,-0.0,0.0,0.0,636.9409435225812,-90.99484802892681,-2001.3659398999696,2378.6788705329345,0.0,-0.0,147.33470073328021,-83.34138073592192,0.0,0.0,5253.715530640313,-22.728977823573853,-7673.658743347031,351.7025999999999,0.0,-0.0,69.90457749054647,-40.6,0.0,0.0,2022.8501520643326,-29.465043115860546,-2374.392286439018,12963.950082578185,3240.891985364924,-0.0,508.8674778546497,-0.0,0.0,0.0,1320.0,-9.702,-18024.007545797755,55085.37148791433,6639.144419997978,-0.0,1795.7587097715596,-0.0,0.0,0.0,2510.0,-40.8615,-65989.41311768387
t213,14164.037521371138,1830.0,-0.0,451.9038301786385,-153.24329623070625,0.0,0.0,-1947.1666254025704,-23.96,-14321.5714299165,2335.710968604477,240.0,-0.0,30.22066549272442,-59.6,0.0,0.0,-1319.6474259963998,-13.563048050190279,-1213.1211600506117,339.5218,0.0,-0.0,22.91390461215567,-12.66297221746742,0.0,0.0,576.2131953498109,-7.296264733773326,-918.6896630107257,2440.9671700000004,394.4633939379375,-0.0,32.10415508293788,-29.4,0.0,0.0,-947.0620599471945,-70.87218901672085,-1820.20047005696,936.24617,0.0,-0.0,5.231189710610902,-13.700000000000001,0.0,0.0,-709.197099071403,-10.8,-207.78026063920797,2125.8601022665603,6394.895331399197,-0.0,3.9050169039432383,-18.0,0.0,0.0,-7312.024482255705,-69.4125,-1125.2234683139948,677.0975767013816,729.0439029716646,-0.0,51.269627081474205,-33.3,0.0,0.0,655.2294482880316,-78.98336813648315,-2000.3571869060684,2413.7283982116824,0.0,-0.0,143.20344235200963,-0.0,0.0,0.0,5134.416041684445,-22.728977823573853,-7668.618904424565,351.7025999999999,0.0,-0.0,51.56391407890546,-40.6,0.0,0.0,2039.239007350986,-29.53141797977149,-2372.3741034501195,13154.145862262167,3240.891985364924,-0.0,517.8589378935459,-185.04680230953807,0.0,0.0,1320.0,-9.702,-18038.1479832111,57494.03497704127,6639.144419997978,-0.0,1778.7766887206994,-1411.4,0.0,0.0,2510.0,-40.8615,-66969.69458575995
t214,13918.43446908801,1830.0,-0.0,371.7843912932304,-445.8559305259222,0.0,0.0,-1712.706589405436,-23.96,-13937.69634044988,2266.6224718605054,240.0,-0.0,23.85083978058224,-19.6,0.0,0.0,-1349.6549455842735,-13.644068353077538,-1147.5742977037376,339.5218,0.0,-0.0,8.083094748806205,-60.0,0.0,0.0,588.040008127849,-7.377285036660585,-868.2676178399943,2446.34873,0.0,-0.0,35.75408174469277,-29.4,0.0,0.0,-664.5622300707414,-66.76540029598502,-1721.3751813779672,936.51757,0.0,-0.0,4.128790970153427,-0.0,0.0,0.0,-738.9730944050284,-4.988068387233942,-196.68519817789104,2103.0683022665603,7132.474803650225,-0.0,21.873960142822085,-72.6,0.0,0.0,-8051.6852478953915,-69.4125,-1063.7193181642156,677.0975767013816,0.0,-0.0,40.464608471602794,-101.0,0.0,0.0,1355.8690184465963,-82.02809304874188,-1890.4031105708382,2378.0372372479633,0.0,-0.0,144.98092179603515,-119.3,0.0,0.0,4873.522931561913,-21.88897782357385,-7255.352112782337,351.7025999999999,0.0,-0.0,49.370459947208005,-0.0,0.0,0.0,1870.150149224513,-30.031,-2241.1922091717206,12377.375320484347,3240.891985364924,-0.0,407.6207149437205,-331.3,0.0,0.0,1320.0,-9.702,-17004.886020792994,53484.66271175322,6639.144419997978,-0.0,1429.9514234561811,-0.0,0.0,0.0,2510.0,-40.8615,-64022.89705520738
t215,12843.199858442324,1830.0,-0.0,284.80758391650284,-354.86069957812515,0.0,0.0,-1740.925029924932,-36.752934255227174,-12825.468778600542,2072.452521860506,240.0,-0.0,18.222840133872673,-79.2,0.0,0.0,-1182.4739917984095,-13.192679777855705,-1055.8086904181134,339.5218,0.0,-0.0,13.822943397403305,-0.0,0.0,0.0,448.10331205949217,-1.7544190490958484,-799.6936364077997,2455.35134,394.4633939379375,-0.0,27.319784038907095,-89.3,0.0,0.0,-1125.5484225301552,-78.05621264364987,-1584.2298828030384,991.74747,0.0,-0.0,3.1554917155465594,-3.4,0.0,0.0,-800.1560362086622,-10.8,-180.5469255068846,2118.3318151404474,4958.926770829882,-0.0,8.811778445203148,-0.0,0.0,0.0,-6036.62452104528,-69.4125,-980.0333433702535,677.0975767013816,729.0439029716646,-0.0,30.922713644558307,-33.3,0.0,0.0,436.458528784382,-100.12380762242645,-1740.09891447956,2378.0372372479633,0.0,-0.0,110.79173928484306,-119.3,0.0,0.0,4325.555833338401,-14.27433425001672,-6680.810475621191,351.7025999999999,0.0,-0.0,36.4240306585134,-143.3900090742416,0.0,0.0,1845.6103273251638,-27.76393425522717,-2062.5830146542085,11391.931428801328,2437.8312573676158,-0.0,304.32706293688216,-0.0,0.0,0.0,1320.0,-9.702,-15444.387749105825,49664.77700875168,6639.144419997978,-0.0,1110.386067345407,-877.0500568721377,0.0,0.0,2510.0,-40.8615,-59006.39593922293
t216,12910.777602120794,1830.0,-0.0,199.47401215608804,-0.0,0.0,0.0,-3467.8151337947675,-39.019999999999996,-11433.416480482114,2085.587610537632,151.83039608197242,-88.16960391802759,12.761186000149035,-0.0,0.0,0.0,-1193.818913903572,-13.223311067539644,-954.9673637306146,339.5218,0.0,-0.0,9.680401677464896,-12.488931001154175,0.0,0.0,393.2953848230999,-6.95652775112269,-723.052127748288,2524.41329,0.0,-0.0,19.131832957970886,-113.94258868684112,0.0,0.0,-918.6468205171145,-78.99744922166975,-1431.9582645323453,1128.87232,0.0,-0.0,2.0516131033163356,-3.4,0.0,0.0,-957.659719204744,-6.464203104632022,-163.40001079394025,2095.5400151404474,3013.2141713931783,-0.0,11.70605982077614,-15.087299196025178,0.0,0.0,-4150.703990904178,-69.4125,-885.2564562542002,677.0975767013816,0.0,-0.0,20.10573385696175,-33.3,0.0,0.0,1006.2950549865636,-98.56120104684626,-1571.6371644980607,2378.0372372479633,0.0,-0.0,77.5874838886697,-223.32758889780666,0.0,0.0,3820.0520040580545,-12.606171613391579,-6039.74296468349,351.7025999999999,0.0,-0.0,26.418255791054534,-123.3,0.0,0.0,1639.0021344566571,-30.031,-1863.7919902477117,11334.951385677577,1936.8157902716948,-0.0,214.1408147236774,-829.493951261835,0.0,0.0,1320.0,-9.702,-13966.712039411113,49460.81615630897,3918.224365902008,-0.0,799.8802721953184,-2685.945727348125,0.0,0.0,2510.0,-40.8615,-53962.113567058186
t217,6032.940799783443,1490.9223173220685,-339.07768267793176,93.96996937417839,-0.0,0.0,0.0,3523.920065321491,-39.019999999999996,-10763.655469123249,1850.018941595048,211.95533306638777,-28.044666933612227,6.076677818659208,-8.629982217660194,0.0,0.0,-1099.842883540083,-17.911,-913.62241978874,334.8967,0.0,-0.0,4.6081502810313975,-45.1,0.0,0.0,409.02982614498615,-11.644216683583046,-691.7904597424345,2735.439718500657,0.0,-394.4633939379375,9.1095570713759,-0.0,0.0,0.0,-892.2132342047039,-87.42808299315446,-1370.4445644362374,1063.06957,0.0,-0.0,1.052000571080774,-0.0,0.0,0.0,-896.9820540707059,-10.8,-156.3395165003749,2048.3824355628153,3696.9632200241813,-3435.5115836260443,5.57326866333086,-70.93080001856474,0.0,0.0,-1328.1216451005603,-69.4125,-846.9423955051574,675.6511767013817,729.0439029716646,-0.0,10.310001061500799,-0.0,0.0,0.0,203.00198329308023,-111.93884413314527,-1506.068219894483,7356.718160674114,0.0,-0.0,36.93966011628588,-361.9,0.0,0.0,-1232.365470036072,-22.72897782357385,-5776.663372930754,351.7025999999999,0.0,-0.0,12.578824592545214,-83.17973655356491,0.0,0.0,1535.8612571361418,-30.871000000000002,-1786.0919451751217,14068.300522214837,835.848235990768,-2405.0437493741565,109.76769184004485,-702.9123963387393,0.0,0.0,1270.218677542367,-19.512,-13156.66698187512,51131.46868240816,3965.158615333377,-2673.9858046646004,418.81714194057406,-1547.0117322293304,0.0,0.0,-1492.506522485941,-50.6715,-49751.268880302254
t218,7508.208614729801,784.2594213797375,-1045.7405786202623,47.981893523346166,-832.9166296727858,0.0,0.0,3560.0,-39.019999999999996,-9982.772721339836,1631.2281415950483,96.5333375059009,-143.4666624940991,3.1827662798463705,-0.0,0.0,0.0,-694.2638672392056,-17.911,-875.3027156474905,334.8967,0.0,-0.0,2.412459710339156,-3.021729652436414,0.0,0.0,339.90246016909055,-11.644216683583046,-662.5456735434103,2874.616488500657,0.0,-394.4633939379375,4.770742379400353,-13.452524902076647,0.0,0.0,-1071.0786794545552,-87.42808299315446,-1312.9645495923335,1023.3520199999999,0.0,-0.0,0.5507914206465163,-0.0,0.0,0.0,-863.8237892138369,-10.8,-149.2790222068096,2025.5459155628153,2609.40231933638,-4523.072484313845,2.9183595495657,-0.0,0.0,0.0,766.2715188908605,-69.4125,-811.6531290257758,675.6447767013817,0.0,-729.0439029716646,5.398624462659624,-15.237043511535795,0.0,0.0,1617.6931707310114,-111.93884413314527,-1442.5167812787079,8115.33432304575,0.0,-0.0,19.343033546263257,-54.58796669448109,0.0,0.0,-2524.6252429905676,-22.72897782357385,-5532.73516908339,351.7025999999999,0.0,-0.0,6.587519087673021,-110.31183056198807,0.0,0.0,1493.302794565745,-30.871000000000002,-1710.4100830914301,14019.415178949532,829.0512241691247,-2411.8407611957996,58.80042321416881,-338.1551832914763,0.0,0.0,486.6216345414578,-19.512,-12624.380516387006,50852.97737638993,4134.08153761224,-2505.062882385737,218.0815632607788,-1785.4110963939368,0.0,0.0,-3110.0,-50.6715,-47753.994998483286
t219,6299.585321150065,784.2594213797375,-1045.7405786202623,18.59931828262559,-0.0,0.0,0.0,3560.0,-39.019999999999996,-9577.683482192166,1835.1400415950482,240.0,-0.0,1.2372815663526344,-1.4630938916048828,0.0,0.0,-1208.9276718279302,-17.911,-848.0755574418657,334.86814999999996,0.0,-0.0,0.9373510323705929,-0.0,0.0,0.0,318.21557112633013,-11.644216683583046,-642.3768554751177,2939.0653285006565,109.1885355197576,-285.2748584181799,1.8543680577595731,-0.0,0.0,0.0,-1404.777593596545,-87.42808299315446,-1272.6276970702957,1035.1773784362142,0.0,-0.0,0.1600920522459594,-0.6895222025693828,0.0,0.0,-878.6034942468328,-10.8,-145.24445403905798,2048.304175562815,3287.325454809795,-3845.1493488404303,1.1341854536548897,-1.3436576555555044,0.0,0.0,-634.4117992183478,-69.4125,-786.4465101119318,675.6415767013816,0.0,-729.0439029716646,2.098087660084608,-0.0,0.0,0.0,1560.3659792964977,-111.93884413314528,-1397.122896553154,6196.029045203467,0.0,-0.0,7.517491813692205,-0.0,0.0,0.0,-819.4369134740455,-22.72897782357385,-5361.38064571954,351.7025999999999,0.0,-0.0,2.5604979289500056,-3.030694489752971,0.0,0.0,1337.5759219408737,-30.87100000000001,-1657.9373253800707,13699.641370041298,2215.4061377997737,-1025.4858475651508,23.288707869273892,-674.1879122651579,0.0,0.0,-1920.0,-19.512,-12299.150455880035,49999.70475833625,1644.3864207411516,-4994.757999256826,89.13726444157645,-122.15575262119377,0.0,0.0,90.0,-50.6715,-46655.643191640964
t220,7682.078435886845,0.0,-1830.0,27.082607054790135,-4.293129444182804,0.0,0.0,3560.0,-39.019999999999996,-9395.847913497451,1629.9941915950483,0.0,-240.0,1.8457705356473362,-0.690891278112016,0.0,0.0,-536.2550593463427,-17.911,-836.9830115062408,334.86814999999996,0.0,-0.0,1.399128680236882,-0.7615838139661585,0.0,0.0,310.44785006511324,-11.644216683583046,-634.3093282478007,2802.4063785006565,394.4633939379375,-0.0,2.7667180865959446,-29.7236337240033,0.0,0.0,-1825.9918177465506,-87.42808299315446,-1256.4929560614805,1111.805328436214,0.0,-0.0,0.31943332515053535,-0.11984848701943132,0.0,0.0,-957.9777433191631,-10.8,-143.22716995518218,2071.051255562815,3894.651427826059,-3237.8233758241668,1.6924854038852288,-0.6344919901028716,0.0,0.0,-1883.160938432096,-69.4125,-776.3638625463943,675.6351767013816,0.0,-729.0439029716646,3.130904225500167,-1.7020631547028908,0.0,0.0,1543.8928249894634,-111.93884413314527,-1379.974095656834,7264.962197074432,0.0,-0.0,11.21786928302128,-91.67307151844132,0.0,0.0,-1870.9551162104244,-22.728977823573853,-5290.822900805013,351.7025999999999,0.0,-0.0,3.820336840180103,-1.4311319332320327,0.0,0.0,1314.534690584138,-30.871,-1637.755495491086,13718.511970312751,297.09589519895303,-2943.7960901659712,34.48026039551161,-0.0,0.0,0.0,1190.1497327749616,-19.512,-12276.929768516206,48874.18078991668,2946.1444199979774,-3693.0,119.24394464368916,-904.921648631223,0.0,0.0,-844.6844233590994,-50.6715,-46446.29158256804
t221,7043.717638046295,346.0983333455101,-1483.9016666544899,33.20314060205739,-0.0,0.0,0.0,3469.48533045773,-39.019999999999996,-9369.582775797104,1824.0010415950483,240.0,-0.0,2.4239878067384844,-3.253955341296214,0.0,0.0,-1198.1929298854998,-17.911,-847.0671441749907,334.83959999999996,0.0,-0.0,1.8406383256173704,-0.0,0.0,0.0,316.3323929296687,-11.644216683583046,-641.3684145717032,2652.299798500657,394.4633939379375,-0.0,3.6349790841689282,-0.0,0.0,0.0,-1692.3592340854138,-87.42808299315446,-1270.6108544441938,1161.8784300000002,0.0,-0.0,0.4200989074375501,-0.5623446311300505,0.0,0.0,-1005.6917302372495,-10.8,-145.24445403905798,2093.8095155628152,2322.2460456327312,-4810.228758017494,2.2247607753320637,-0.0,0.0,0.0,1246.7991814019942,-69.4125,-785.4382453553781,675.6319767013816,729.0439029716646,-0.0,4.115707171770437,-5.514253179042242,0.0,0.0,105.78440702052438,-111.93884413314528,-1397.122896553154,6107.3113969238,0.0,-0.0,14.745453973669898,-0.0,0.0,0.0,-748.0269051992873,-22.728977823573853,-5351.3009678746075,351.7025999999999,0.0,-0.0,5.019542044625892,-3.78330426208792,0.0,0.0,1335.869487597533,-30.87100000000001,-1657.9373253800707,13218.925289400962,1750.8919853649243,-1490.0,43.16161594014723,-43.30881001025024,0.0,0.0,-955.9712823222219,-19.512,-12504.18679837356,49186.81812084876,2946.1444199979774,-3693.0,176.205401066674,-360.14469478110743,0.0,0.0,-874.0287176777781,-50.6715,-47331.323029454536
t222,6264.383775750998,871.1222718299291,-958.8777281700709,72.26170566300469,-124.50330342310777,0.0,0.0,3560.0,-39.019999999999996,-9645.366721650753,1917.4083800000003,240.0,-0.0,5.35037299924213,-0.0,0.0,0.0,-1244.334705679877,-17.911,-900.5130473193652,334.83959999999996,0.0,-0.0,4.059006406244461,-0.0,0.0,0.0,354.45166098562675,-11.644216683583055,-681.7060507082882,2719.71957,394.4633939379375,-0.0,8.021539103610344,-0.0,0.0,0.0,-1683.4918605601238,-87.42808299315448,-1351.2845594882695,1113.1368300000001,0.0,-0.0,0.9265669996684479,-0.0,0.0,0.0,-948.9411645831693,-10.8,-154.32223241649913,2079.5699600000003,5218.129940731702,-1914.3448629185236,4.908192630187912,-0.0,0.0,0.0,-4484.007512016854,-69.4125,-834.8432184265123,675.6255767013816,729.0439029716646,-0.0,9.079754326322353,-0.0,0.0,0.0,184.08277015023532,-111.93884413314527,-1485.8931600164592,6006.548013153812,0.0,-0.0,32.53134813563777,-0.0,0.0,0.0,-330.4041111395128,-22.728977823573853,-5685.946272326363,363.9690355677195,0.0,-0.0,11.07659773446136,-0.0,0.0,0.0,1419.7172989950577,-30.871000000000002,-1763.8919322972388,12830.715699154991,1490.0,-1750.8919853649243,99.44085524956368,-0.0,0.0,0.0,905.876754140622,-19.512,-13555.629323180254,47265.58750325574,3736.979477442263,-2902.1649425557143,375.0814316990462,-0.0,0.0,0.0,2267.0508697079954,-50.6715,-50691.862839549336
t223,9497.678627482308,0.0,-1830.0,232.6481987134809,-339.71809773845655,0.0,0.0,3175.3936988111877,-39.019999999999996,-10696.98242726852,1754.5267360483417,0.0,-240.0,17.988160614928734,-3.857018807259545,0.0,0.0,-493.257891579147,-17.911,-1017.4889862768639,334.83664999999996,0.0,-0.0,13.651484995038595,-2.9250292337297843,0.0,0.0,436.52996113104984,-11.644216683583046,-770.4488502087754,3588.608296407376,375.8886967414599,-18.574697196477597,26.97110152877345,-5.782121170520116,0.0,0.0,-2353.941746671374,-87.42808299315446,-1525.7414466460834,1098.98125,0.0,-0.0,3.116075852002468,-0.6677535937692101,0.0,0.0,-916.1344990029761,-10.8,-174.49507325525718,6614.038197863156,3539.4032599834663,-1275.9327523796512,16.5047352590387,-3.537571054332902,0.0,0.0,-7878.335822293912,-69.4125,-942.7275473777645,1137.4158719414122,393.1004724823219,-0.0,30.532646289859628,-6.5441657464789476,0.0,0.0,238.01650700542086,-111.93884413314527,-1680.5824878393898,3617.3114054636553,0.0,-0.0,109.3923167698066,-23.44702979730366,0.0,0.0,2727.123491410939,-22.728977823573853,-6407.651206023523,586.347641666378,0.0,-0.0,37.243685083807215,-0.0,0.0,0.0,1406.2899237537222,-30.871000000000002,-1999.0102505039074,13886.691481917669,1328.2203643661778,-1912.6716209987464,328.5005219055556,-0.0,0.0,0.0,1748.31637743509,-19.512,-15359.545124625745,49362.21203582544,5474.37031765351,-1164.774102344467,1210.3286347548333,-124.2574781716487,0.0,0.0,1910.0,-50.6715,-56617.207907717675
t224,10545.08078061397,0.0,-1830.0,415.9876217576607,-220.5566892763022,0.0,0.0,3560.0,-39.019999999999996,-12431.491713095327,1984.5515275194052,0.0,-240.0,29.52018426152172,-3.8805753230927986,0.0,0.0,-644.0339561622213,-17.911,-1108.246180295613,335.22004999999996,0.0,-0.0,22.39583687292457,-2.9467937351985745,0.0,0.0,495.9979551868273,-11.644216683583046,-839.0228316409701,4773.531562436969,15.721623707098642,-378.7417702308388,44.25840524553375,-5.81930869286982,0.0,0.0,-2699.644105564776,-87.42808299315446,-1661.8783239079612,994.51914,0.0,-0.0,5.1123676415246315,-0.6725583408708284,0.0,0.0,-798.5342454163281,-10.8,-189.62470388432573,11807.334252959063,92.45460161413683,-2544.4692489405516,27.08091420577663,-3.5617001282121823,0.0,0.0,-8283.01279753849,-69.4125,-1026.4135221717265,1687.4946077066402,0.0,-0.0,50.09750416601189,-6.588989808015599,0.0,0.0,211.82240599917714,-111.93884413314527,-1830.8866839306677,3365.5844057918985,0.0,-0.0,179.49138464252763,-23.60651962895248,0.0,0.0,3477.40474349581,-22.728977823573853,-6976.145036477709,648.8668939147553,0.0,-0.0,61.114584168261125,-8.035892139340344,0.0,0.0,1506.5448590777441,-30.871000000000002,-2177.61944502142,16887.23104476204,511.48387206003304,-1490.0,536.1337640856447,-69.72392244704838,0.0,0.0,63.455140922255964,-19.512,-16419.067899382924,57370.31198742817,1660.8868899500035,-3693.0,1910.6093179250674,-295.6624072654094,0.0,0.0,3110.0,-50.6715,-60012.47428803785
t225,10451.329190155086,426.6421375320774,-1403.3578624679226,415.78992361982864,-0.0,0.0,0.0,3560.0,-39.019999999999996,-13411.383388839067,2083.1094316842787,0.0,-240.0,27.821504162364732,-12.503961275153934,0.0,0.0,-683.8659574658773,-17.911,-1156.6500171056123,335.49129999999997,0.0,-0.0,21.098339082598606,-9.501528783229139,0.0,0.0,539.8828105481105,-11.644216683583046,-875.3267041638967,5651.767318578043,320.567034323382,-73.89635961455548,41.707428645500485,-18.754004195855835,0.0,0.0,-4099.47867629573,-87.42808299315446,-1734.4846584476295,1087.8034200000002,0.0,-0.0,4.816552265657441,-2.168303147309843,0.0,0.0,-881.9578288985188,-10.8,-197.69384021982893,13345.156135849356,1166.1438923032829,-5966.330911346942,25.516919710925237,-11.480619756493327,0.0,0.0,-7417.807480543482,-69.4125,-1071.7854362166456,2062.879693039282,0.0,-729.0439029716646,47.20381870540702,-21.238952777825148,0.0,0.0,660.698852599005,-111.93884413314527,-1908.5606644610596,3576.7888973297077,0.0,-0.0,169.12626652362087,-76.0914486311405,0.0,0.0,3642.5282800564914,-22.728977823573853,-7289.6230174551065,657.9677977230634,0.0,-0.0,57.591243825110844,-42.989204906948075,0.0,0.0,1626.7388428806237,-30.871000000000002,-2268.4376795218495,19180.69015389448,0.0,-3240.891985364924,501.7571303941651,-796.7657463017549,0.0,0.0,1143.2611571193763,-19.512,-16768.538709741344,64404.70900723462,0.0,-5889.015903468853,1786.4814414690204,-895.8956659215544,0.0,0.0,1910.0,-50.6715,-61265.60737931324
t226,10271.96315728388,624.5299040380651,-1205.470095961935,328.6857167730761,-0.0,0.0,0.0,3560.0,-39.019999999999996,-13540.688682133086,1885.5507456568528,0.0,-240.0,17.885224420429605,-17.08254585874441,0.0,0.0,-448.5989019747999,-17.911,-1179.8435222437372,335.63315,0.0,-0.0,16.4361414873542,-53.79452817345031,0.0,0.0,606.8480937950394,-11.644216683583046,-893.47864042536,5662.6416928004155,0.0,-394.4633939379375,32.50369326325671,-33.88555792414194,0.0,0.0,-3409.5889468040245,-87.42808299315446,-1769.7794044044126,1016.3356,0.0,-0.0,3.63013540884749,-3.5032704716961973,0.0,0.0,-803.9340565495708,-10.8,-201.72840838758054,13568.070568011335,1315.4366445017222,-5817.038159148503,19.334602357345425,-18.547433762583726,0.0,0.0,-7903.876461098487,-69.4125,-1093.9672608608282,2182.66937638727,0.0,-729.0439029716646,36.78129272115499,-120.40304535517697,0.0,0.0,686.8108955930638,-111.93884413314527,-1944.8757722415028,3120.6377156601743,0.0,-0.0,104.15494138663308,-431.4048724162232,0.0,0.0,4678.223120598028,-22.72897782357385,-7448.881927405038,652.4281171440932,0.0,-0.0,44.881599367476646,-44.10549786746664,0.0,0.0,1686.4681206557148,-30.871000000000002,-2308.801339299818,18882.68162474161,78.45226755825593,-3162.4397178066683,391.6594362068646,-331.3,0.0,0.0,1083.5318793442852,-19.512,-16923.073490044346,68334.08172951301,0.0,-6639.144419997978,1368.7578837739675,-1451.9386959277576,0.0,0.0,264.1162564407505,-50.6715,-61825.201253802006
t227,10005.54992975386,1150.0847519538702,-679.9152480461297,332.74769835675124,-686.7284918954531,0.0,0.0,3560.0,-39.019999999999996,-13642.718640122897,2079.7529387766604,0.0,-240.0,24.657972553103836,-21.996155570698768,0.0,0.0,-630.5424477790785,-17.911,-1193.961307979987,335.75874999999996,0.0,-0.0,18.690031367144584,-14.9,0.0,0.0,576.6669256793595,-11.644216683583046,-904.5714903629209,5648.886931804364,0.0,-394.4633939379375,36.960508431488755,-29.4,0.0,0.0,-3382.591290013228,-87.42808299315446,-1791.9646732915335,1110.3534799999998,0.0,-0.0,4.267147125228771,-3.814100711043579,0.0,0.0,-895.2521919007908,-10.8,-204.75433451339427,12993.936485541508,1813.1109873991354,-5319.36381625109,22.609449767564307,-51.77475938269558,0.0,0.0,-8282.031144378394,-69.4125,-1107.074702696027,2223.1510806950264,297.47083620366055,-431.573066768004,41.82483703017727,-33.3,0.0,0.0,-15.540245938682347,-111.93884413314527,-1970.0945970890325,3083.495924756815,0.0,-0.0,149.85658049681794,-60.3148937514422,0.0,0.0,4389.290394330816,-22.72897782357385,-7539.59902800943,644.9099792154909,0.0,-0.0,51.03566394859553,-40.6,0.0,0.0,1713.5903494747597,-30.871000000000002,-2338.064992638846,19101.460046652137,355.20205807963544,-2885.689927285289,447.623191720529,-789.0089067523468,0.0,0.0,1056.4096505252403,-19.512,-17266.484112939903,66901.79407479265,0.0,-6639.144419997978,1494.2866433865931,-871.3055272673789,0.0,0.0,1910.0,-50.6715,-62744.959270913874
t228,11850.29569699914,0.0,-1830.0,413.2958344190122,-225.98609496719286,0.0,0.0,3560.0,-39.019999999999996,-13728.585436450958,2293.495908210191,0.0,-240.0,27.015109002997907,-52.03531517700744,0.0,0.0,-808.5360879211952,-17.911,-1202.0286141149868,335.763,0.0,-0.0,20.468820352633077,-37.68389006909929,0.0,0.0,602.7099812800433,-11.644216683583046,-909.613694879994,5652.20189337014,216.87292979053484,-177.59046414740266,26.425083696559163,-73.32260582592721,0.0,0.0,-3754.1014461556542,-87.42808299315446,-1803.057307735094,1141.2450000000003,0.0,-0.0,4.673595009409526,-5.9065041597303125,0.0,0.0,-923.4491142943473,-10.8,-205.76297655533216,13515.511414297609,0.0,-7132.474803650225,24.765680244158744,-13.269274421174424,0.0,0.0,-5210.987960478462,-69.4125,-1114.1325559919035,2252.2797700316887,0.0,-729.0439029716646,45.81323334082833,-24.548157679172697,0.0,0.0,548.62878143341,-111.93884413314527,-1981.1908800219458,3104.2265801155463,0.0,-0.0,114.58071374416812,-119.3,0.0,0.0,4513.219101197954,-22.728977823573853,-7589.997417234092,640.5573730463001,0.0,-0.0,48.86310331122429,-71.31442466580638,0.0,0.0,1763.948130374968,-30.871000000000002,-2351.1831820666857,19233.278272241576,0.0,-3240.891985364924,489.0359134854405,-122.69552003000268,0.0,0.0,1006.0518696250319,-19.512,-17345.26654995712,69755.3497784854,1434.3604230946721,-5204.783996903305,1262.9616190263412,-2517.7892810221792,0.0,0.0,-1297.4832550617489,-50.6715,-63381.94378761917
t229,11702.070526067664,0.0,-1830.0,431.9596310246803,-79.25136137577287,0.0,0.0,3560.0,-39.019999999999996,-13745.758795716569,2122.297909413521,0.0,-240.0,27.814835258952915,-0.0,0.0,0.0,-691.1815438243623,-17.911,-1201.020200848112,335.8454,0.0,-0.0,21.067318616585776,-0.0,0.0,0.0,564.3451929469913,-11.644216683583046,-909.613694879994,5609.554348106061,0.0,-394.4633939379375,41.6849587591814,-0.0,0.0,0.0,-3367.298943512108,-87.42808299315446,-1802.048886422043,1055.1010800000001,0.0,-0.0,4.810561453987517,-0.0,0.0,0.0,-843.3486648986556,-10.8,-205.76297655533216,13855.793939734634,1379.2904268844957,-5753.184376765729,25.494003553520713,-0.0,0.0,0.0,-8323.84893741502,-69.4125,-1114.1325559919035,2259.092310353592,0.0,-729.0439029716646,40.864773987582815,-0.0,0.0,0.0,521.2077897916733,-111.93884413314527,-1980.1821270280445,2929.1925900732626,0.0,-0.0,134.96745374841407,-231.35649193524722,0.0,0.0,4779.922843171236,-22.728977823573853,-7589.997417234092,645.3056706854173,0.0,-0.0,57.55783940472708,-15.52628565148835,0.0,0.0,1692.6987746391314,-30.871000000000002,-2349.1649990777873,19528.27686495007,269.19183039236566,-2971.7001549725587,503.63544113865794,-1150.0,0.0,0.0,1077.3012253608686,-19.512,-17237.1932068694,68177.05314667225,0.0,-6639.144419997978,1621.6652904742887,-405.92654013306566,0.0,0.0,1030.2022637402442,-50.6715,-63733.17824075575
t230,10125.977888242307,763.9327647560854,-1066.0672352439146,382.39661652843154,-87.53198697158714,0.0,0.0,3560.0,-39.019999999999996,-13639.68804731132,1986.9804709544019,0.0,-240.0,28.882647030826796,-11.780555708700224,0.0,0.0,-543.1345348946668,-17.911,-1203.037027381862,336.02405,0.0,-0.0,21.8774587359731,-8.955626533654758,0.0,0.0,573.3204702646738,-11.644216683583046,-910.6221357834087,5637.175581825144,178.64998617344935,-215.81340776448815,43.285900704714535,-0.0,0.0,0.0,-3750.79582758447,-87.42808299315446,-1805.0741503611957,1024.0256800000002,0.0,-0.0,4.995493321898785,-12.3435657862031,0.0,0.0,-800.1146309803638,-10.8,-205.76297655533216,15174.334392113617,0.0,-7132.474803650225,26.473602180541086,-0.0,0.0,0.0,-6882.771605138922,-69.4125,-1116.149085505011,2263.5974333204726,0.0,-729.0439029716646,48.97235704984843,-35.78442419653524,0.0,0.0,547.4057669407721,-111.93884413314527,-1983.208386009748,2834.2695796701582,0.0,-0.0,175.47003519294213,-0.0,0.0,0.0,4616.090361392977,-22.728977823573853,-7603.100998432504,680.5222115088704,0.0,-0.0,59.76851624145806,-0.0,0.0,0.0,1643.7816373052563,-30.871000000000002,-2353.201365055584,19066.329975547567,0.0,-3240.891985364924,480.51560899421816,-90.62413052212446,0.0,0.0,1126.2183626947437,-19.512,-17322.03583134948,64445.81492692191,2946.1444199979774,-3693.0,1677.3670327685757,-1261.375022796595,0.0,0.0,-90.0,-50.6715,-63974.279856891866
t231,12506.536402812864,0.0,-1830.0,480.5487447255081,-1047.4688786617883,0.0,0.0,3560.0,-39.019999999999996,-13630.596268876583,1849.3237449335388,0.0,-240.0,30.481803083983973,-64.41833262283903,0.0,0.0,-358.4728410803219,-17.911,-1199.003374314362,336.12665,0.0,-0.0,23.082757029190915,-0.0,0.0,0.0,560.0316227275572,-11.644216683583046,-907.5968130731648,5838.595957248786,0.0,-394.4633939379375,7.227498934258534,-114.19833249730885,0.0,0.0,-3451.718445584802,-87.42808299315446,-1798.0152011698392,1049.78083,0.0,-0.0,5.27096317232917,-0.0,0.0,0.0,-838.4888166169969,-10.8,-205.76297655533216,16963.889979038548,0.0,-7132.474803650225,27.935494098822577,-69.84387703916869,0.0,0.0,-8607.978265969181,-69.4125,-1112.116026478796,2242.8758420782738,0.0,-729.0439029716646,51.67635813140211,-122.90576934895637,0.0,0.0,645.4834312965304,-111.93884413314527,-1976.1471150524396,3963.2032688436557,0.0,-0.0,185.1602942193977,-361.9,0.0,0.0,3811.143315227213,-22.72897782357385,-7574.877900466693,680.9179029787969,0.0,-0.0,63.073212865943646,-134.87417804197642,0.0,0.0,1765.8736038027773,-30.871000000000002,-2344.119541605541,19084.51485513251,415.9848065089825,-2824.9071788559418,556.2642037869315,-898.4753763954666,0.0,0.0,1004.1263961972227,-19.512,-17317.995706374237,70484.74988615682,113.83023537196823,-6525.31418462601,1749.0563641095118,-3846.2772250219014,0.0,0.0,1910.0,-50.6715,-63835.373575990394
t232,10391.3013781943,784.2594213797377,-1045.7405786202623,62.700061103543625,-62.700061103543625,0.0,0.0,3560.0,-39.019999999999996,-13650.800220953774,1787.8704016182503,0.0,-240.0,7.597899336180071,-63.9970733999042,0.0,0.0,-272.54002670641455,-17.911,-1201.020200848112,335.9631,0.0,-0.0,6.1478530101788955,-48.762916126545996,0.0,0.0,626.9014337765296,-11.644216683583046,-908.6052539765794,6309.727998143285,0.0,-394.4633939379375,58.21559224025351,-95.8956100998563,0.0,0.0,-3989.1160382435974,-87.42808299315446,-1801.040465108992,955.8599799999998,0.0,-0.0,0.7627576305956268,-11.135833210084321,0.0,0.0,-728.923927865179,-10.8,-205.76297655533216,17163.21112629018,0.0,-7132.474803650225,4.038128632565083,-54.6,0.0,0.0,-8797.63766003717,-69.4125,-1113.1242912353498,2187.573553128403,36.72693214296906,-692.3169708286955,65.85372045826466,-108.4705379702454,0.0,0.0,601.745521236593,-111.93884413314527,-1979.1733740341433,3298.0393500083583,0.0,-0.0,26.76381921472302,-37.69527871161349,0.0,0.0,4319.570697839239,-22.72897782357385,-7583.949610527133,644.9099792154909,0.0,-0.0,14.915009853987398,-155.2174569731564,0.0,0.0,1875.4284669814656,-30.871000000000002,-2349.1649990777873,18228.55697257446,800.3229206192628,-2440.5690647456613,712.8178780939768,-851.1223144796598,0.0,0.0,894.5715330185344,-19.512,-17325.06592508091,71152.04895557209,244.90884065240425,-6394.235579345574,314.27819812392005,-3393.541288210859,0.0,0.0,1910.0,-50.6715,-63782.787626791986
t233,10560.856320258916,784.2594213797377,-1045.7405786202623,769.6285486409085,-69.06667399105187,0.0,0.0,2680.7914048507937,-39.019999999999996,-13641.708442519039,1948.8685177499146,0.0,-240.0,49.86672525238052,-49.86672525238052,0.0,0.0,-481.8700107668029,-17.911,-1209.0875069831118,335.6417,0.0,-0.0,37.75202330695686,-45.1,0.0,0.0,599.0148336771082,-11.644216683583046,-915.6643403004819,5051.064663382943,0.0,-394.4633939379375,74.72473127454833,-74.72473127454833,0.0,0.0,-2755.0232442731954,-87.42808299315446,-1814.1499421786543,1033.8936599999997,0.0,-0.0,8.621130391200166,-10.3,0.0,0.0,-814.6431717939302,-10.8,-206.77161859727005,10726.924758090607,2734.7442557460736,-4397.7305479041515,45.69447143860496,-41.144705796248815,0.0,0.0,-7877.885322287106,-69.4125,-1121.1904092877799,1466.5830371203738,668.3955366932591,-60.648366278405305,84.52723650101692,-8.417066438358859,0.0,0.0,-44.19686452207861,-111.93884413314527,-1994.3046689426612,3157.436137606528,0.0,-0.0,302.87038557569247,-358.9621171324918,0.0,0.0,4556.740539310131,-22.72897782357385,-7635.355967536288,463.2875945192556,0.0,-0.0,103.17694193075295,-0.0,0.0,0.0,1832.744201022314,-30.871000000000002,-2368.3377374723223,14301.9419790232,2292.6185964107844,-948.27338895414,912.9748419510297,-912.9748419510297,0.0,0.0,1816.4643941268923,-19.512,-17443.239580606736,69317.82166755633,383.5647991854797,-6255.5796208124975,2771.0426258587477,-2771.0426258587477,0.0,0.0,487.86324065587405,-50.6715,-63882.998586585185
t234,11596.567218229724,784.2594213797377,-1045.7405786202623,905.2728474619743,-978.4,0.0,0.0,2520.7994920576766,-39.019999999999996,-13743.73840050885,2060.062736442746,0.0,-240.0,60.235481679088025,-60.235481679088025,0.0,0.0,-584.9969233246344,-17.911,-1217.1548131181116,335.28915,0.0,-0.0,45.6060642627395,-52.71493230142429,0.0,0.0,605.1789204432375,-11.644216683583046,-921.7149857209696,5537.643315969065,180.82420744642025,-213.63918649151728,90.26425640420268,-90.26425640420268,0.0,0.0,-3591.149255995517,-87.42808299315446,-1826.2509979352658,1087.4205099999997,0.0,-0.0,10.41451506322634,-12.03667287071146,0.0,0.0,-866.209449511369,-10.8,-208.78890268114586,12089.985667874695,2734.7442557460736,-4397.7305479041515,55.19846759197193,-63.786361866893145,0.0,0.0,-9220.75071885804,-69.4125,-1128.248262583656,1719.3032968172436,0.0,-729.0439029716646,37.14232279740359,-113.25249286006165,0.0,0.0,1206.2168312075028,-111.93884413314527,-2008.427210857278,3324.4738323503634,0.0,-0.0,365.8639356334918,-365.8639356334918,0.0,0.0,4377.961695527201,-22.728977823573853,-7679.70655005399,403.5381825603634,0.0,-0.0,124.63369386972191,-0.0,0.0,0.0,1889.2005079423234,-30.871000000000002,-2386.501384372408,12926.788682120321,2509.848783956213,-0.0,1091.5814951666525,-975.3670681983482,0.0,0.0,1920.0,-19.512,-17453.33989304484,67640.0229073289,513.1619562718839,-6125.982463726094,3337.6956539531648,-3337.6956539531648,0.0,0.0,1743.748900511619,-50.6715,-63720.27980038632
t235,8805.11505645033,1830.0,-0.0,735.9264203433161,-0.0,0.0,0.0,2352.1152650874933,-39.019999999999996,-13684.136741881139,1961.4085968236557,240.0,-0.0,49.193609280293444,-40.284485277921576,0.0,0.0,-1001.4706526466687,-17.911,-1190.936068179362,334.8384,0.0,-0.0,37.2564820618219,-37.2564820618219,0.0,0.0,578.3519843362601,-11.644216683583046,-901.546167652677,4153.3075458547955,180.82420744642025,-213.63918649151728,73.7228225021886,-53.25420577629248,0.0,0.0,-2267.6189551292123,-87.42808299315446,-1785.9141454132277,1125.30274,0.0,-0.0,8.507376366034999,-6.961916079909267,0.0,0.0,-912.3025078146695,-10.8,-203.74569247145635,6018.813385199993,3751.1005881009305,-3381.374215549294,45.08676293895108,-45.08676293895108,0.0,0.0,-5215.077349325264,-69.4125,-1104.0499084263658,1139.3162429440526,334.19776834662963,-394.84613462503495,83.40375229523436,-15.136419861172609,0.0,0.0,929.0457141590618,-111.93884413314527,-1964.0420791256254,4056.4817451538042,0.0,-0.0,298.84081680964,-298.84081680964,0.0,0.0,3480.6470660668706,-22.728977823573853,-7514.399833397099,351.7025999999999,0.0,-0.0,101.79483270906971,-148.5007239494256,0.0,0.0,2057.8847349125067,-30.871000000000002,-2332.0104436721504,12121.016881841173,2296.732437084664,-0.0,877.7139612224655,-258.7373526906137,0.0,0.0,1920.0,-19.512,-16937.21392745769,61079.78475344064,5043.528941229575,-1595.615478768402,2857.687469645056,-2857.687469645056,0.0,0.0,-1921.5752996463793,-50.6715,-62555.45141625544
t236,11399.659121141303,1830.0,-0.0,490.32973470194713,-1076.4874803885377,0.0,0.0,916.0033546011866,-39.019999999999996,-13520.484730055896,1912.4115547672134,240.0,-0.0,21.849544631766232,-0.0,0.0,0.0,-969.4476842871175,-17.911,-1186.902415111862,334.6112,0.0,-0.0,14.10742318052153,-0.0,0.0,0.0,561.4464384454946,-11.644216683583046,-898.5208449424332,2732.2000900000003,394.4633939379375,-0.0,48.99542367696334,-13.363686003557795,0.0,0.0,-1293.9950997702158,-87.42808299315446,-1780.872038847973,1112.80174,0.0,-0.0,3.7827044901882543,-1.9937420877089664,0.0,0.0,-900.0450099310231,-10.8,-203.74569247145635,2086.3089421379636,7115.761498205758,-16.713305444467654,17.058804549508494,-0.0,0.0,0.0,-8031.978325292057,-69.4125,-1101.0251141567046,675.5551767013817,729.0439029716646,-0.0,55.43997034934205,-0.0,0.0,0.0,608.8806022790732,-111.93884413314527,-1956.980808168317,4161.566326300939,0.0,-0.0,198.64050827625866,-62.613334773303734,0.0,0.0,3221.3918912959007,-22.72897782357385,-7496.256413276221,351.7025999999999,0.0,-0.0,67.6531875633491,-123.3,0.0,0.0,2057.743832658759,-30.870999999999995,-2322.9286202221074,11633.417008569004,2938.9029715789193,-0.0,581.5695715917802,-0.0,0.0,0.0,1920.0,-19.512,-17054.377551739704,52036.161751935484,6639.144419997978,-0.0,2015.2937593700756,-515.3755684286016,0.0,0.0,1910.0,-50.6715,-62034.55286287494
t237,12583.90693822323,1830.0,-0.0,457.8325316524127,-663.3355257801458,0.0,0.0,-56.92341817791976,-39.019999999999996,-14112.460525917577,2118.7353547672124,240.0,-0.0,19.41653245573457,-19.6,0.0,0.0,-1120.4608343042114,-17.911,-1220.1800529187367,334.58265,0.0,-0.0,20.851061557516033,-14.9,0.0,0.0,594.8423726538658,-11.644216683583046,-923.7318675277988,2777.063510421797,394.4633939379375,-0.0,45.11356530046949,-0.0,0.0,0.0,-1298.92770347958,-87.42808299315446,-1830.2846831874695,1001.93182,0.0,-0.0,5.208906261855119,-3.4,0.0,0.0,-784.1518235807094,-10.8,-208.78890268114586,2109.0672021379637,7132.474803650225,-0.0,25.22485990053255,-18.0,0.0,0.0,-8048.081308835403,-69.4125,-1131.2730568533175,675.5519767013817,729.0439029716646,-0.0,51.05346204568869,-0.0,0.0,0.0,667.7429722533907,-111.93884413314527,-2011.4534698389814,3413.0899318763513,0.0,-0.0,182.92130800108663,-0.0,0.0,0.0,4130.615514827963,-22.728977823573853,-7703.897776881828,351.7025999999999,0.0,-0.0,62.293869273908925,-79.95013055520585,0.0,0.0,2085.344228642605,-30.871000000000002,-2388.519567361307,12547.521738346968,3240.891985364924,-0.0,531.383636999781,-0.0,0.0,0.0,1320.0,-9.702,-17630.09536071167,52922.05859580306,6639.144419997978,-0.0,1819.914876000233,-0.0,0.0,0.0,2510.0,-40.8615,-63850.25639180127
t238,11311.372178445832,1830.0,-0.0,358.9661874280257,-0.0,0.0,0.0,582.4487229812742,-39.019999999999996,-14043.76708885513,2025.7105415950484,240.0,-0.0,23.89130067326397,-0.0,0.0,0.0,-1095.8809730920748,-17.911,-1175.8098691762373,334.58265,0.0,-0.0,14.316420773058615,-0.0,0.0,0.0,552.1900227222263,-11.644216683583046,-889.4448768117015,2735.9611504217974,394.4633939379375,-0.0,35.813028950088516,-15.430276968441994,0.0,0.0,-1299.6503368221188,-87.42808299315446,-1763.728876526107,1048.81617,0.0,-0.0,4.1351333997225,-1.671161239557001,0.0,0.0,-838.7517337725851,-10.8,-201.72840838758054,2086.230682137964,7132.474803650225,-0.0,21.908768864277306,-0.0,0.0,0.0,-8081.267552817853,-69.4125,-1089.9342018346133,675.5455767013817,715.7222127664902,-13.321690205174377,40.528830192932276,-17.477150443847567,0.0,0.0,647.7468134116575,-111.93884413314527,-1936.8057482902932,3574.2559381426768,0.0,-0.0,145.21203323108188,-0.0,0.0,0.0,3731.9835781649895,-22.72897782357385,-7428.722571715174,351.7025999999999,0.0,-0.0,46.288273636391935,-40.6,0.0,0.0,1971.181459224485,-30.871000000000002,-2297.701332860877,11477.5593263254,3181.177089837423,-0.0,399.1275493504174,-166.58253716425736,0.0,0.0,1920.0,-19.512,-16791.769428348984,52031.665534515436,6639.144419997978,-0.0,1451.0054460652534,-193.64578016420273,0.0,0.0,1910.0,-50.6715,-61787.498120414464
t239,9095.385406389438,1830.0,-0.0,293.52101534589775,-258.5,0.0,0.0,2160.6725482455236,-39.019999999999996,-13082.05896998086,1829.7108415950484,240.0,-0.0,18.407604284918577,-19.6,0.0,0.0,-961.5211176549788,-17.911,-1089.0863282249882,334.5541,0.0,-0.0,13.961210670739497,-0.0,0.0,0.0,488.0335650060091,-11.644216683583046,-824.9046589931653,2673.597930421797,394.4633939379375,-0.0,27.595877635740784,-17.84604213936597,0.0,0.0,-1356.7405497204222,-87.42808299315446,-1633.6425271425348,1133.2864,0.0,-0.0,3.1871344771572137,-0.0,0.0,0.0,-939.0747567186453,-10.8,-186.598777758512,2063.4053421379635,7132.474803650225,-0.0,16.884026379046713,-0.0,0.0,0.0,-8133.07038610037,-69.4125,-1010.2812860668663,675.5391767013816,729.0439029716646,-0.0,31.23389592207271,-106.84902953121829,0.0,0.0,577.5424742194691,-111.93884413314527,-1794.5715761502247,3572.5764185027674,0.0,-0.0,111.90719821917492,-72.41608255871975,0.0,0.0,3294.073443964683,-22.728977823573853,-6883.412000304332,351.7025999999999,0.0,-0.0,38.10563506047308,-0.0,0.0,0.0,1770.245818227384,-30.871000000000002,-2129.183053287857,11194.241848343976,2357.857144002275,-0.0,316.0305380529004,-331.3,0.0,0.0,1920.0,-19.512,-15437.317530399152,49965.346480184286,6639.144419997978,-0.0,677.6464665071866,-814.8076391477782,0.0,0.0,1179.8389605313473,-50.6715,-57596.49718807303
t240,11717.110207079015,77.59652543740685,-1752.4034745625931,193.00843759345045,-1236.9,0.0,0.0,2809.410389416197,-39.019999999999996,-11768.802084963478,1621.5432415950484,240.0,-0.0,12.13315369224198,-59.6,0.0,0.0,-799.8530876148009,-17.911,-996.3123076724892,334.5541,0.0,-0.0,9.20157868574051,-14.9,0.0,0.0,437.1023337519838,-11.644216683583046,-754.3137957541414,2691.434998500657,0.0,-394.4633939379375,18.189116622336215,-118.69999999999999,0.0,0.0,-614.552252250397,-87.42808299315446,-1494.480385941504,1165.24375,0.0,-0.0,2.100615142439766,-12.895050730222618,0.0,0.0,-973.1888093247118,-10.8,-170.46050508750557,2040.5688221379637,6442.494696422283,-689.9801072279424,11.12839587128823,-8.847324209419416,0.0,0.0,-6802.381465990931,-69.4125,-923.570517003243,675.5359767013816,712.6731638530365,-16.37073911862808,20.586470970280555,-134.3,0.0,0.0,495.05509280432216,-111.93884413314527,-1641.2411210772432,3327.2265274898605,0.0,-0.0,73.75901143844436,-119.3,0.0,0.0,3037.8181886245347,-22.72897782357385,-6296.774749729266,351.7025999999999,0.0,-0.0,25.11628220874492,-0.0,0.0,0.0,1600.5896105838028,-30.871000000000002,-1946.537492792548,10466.465464044424,2216.703669614697,-0.0,211.16881568271177,-735.1910355001563,0.0,0.0,1920.0,-19.512,-14059.634913841677,49912.866874454536,5719.302361562731,-919.8420584352466,779.4226308149948,-1228.1993074864781,0.0,0.0,-1110.0,-50.6715,-53102.879000910536
t241,9958.194822286225,0.0,-0.0,84.60997720061398,-452.0705098986417,0.0,0.0,1024.344585687013,-9.014232354045715,-10606.064642921163,1890.0856227478175,0.0,-0.0,5.701681310636037,-22.12761423935583,0.0,0.0,-965.9215057115703,-12.267203122536943,-895.4709809849902,623.4339999999999,0.0,-0.0,4.323213107924168,-0.0,0.0,0.0,51.16655603126869,-0.24304114114852626,-678.6807279980443,4344.501730594572,0.0,-0.0,8.547127980337308,-0.0,0.0,0.0,-2976.7323022318214,-32.09094604617527,-1344.225610296913,1187.3767587167101,0.0,-0.0,0.9869756206875131,-0.0,0.0,0.0,-1028.110398771131,-6.939745191705135,-153.31359037456122,2080.7876842402297,750.2549374243956,-0.0,5.228972569957477,-0.0,0.0,0.0,-1990.031093281159,-14.42207679657293,-831.818424156851,845.8387767013816,0.0,-0.0,9.673059855859659,-0.0,0.0,0.0,664.7302105279286,-45.44517000162499,-1474.7968770835462,2845.6480932086233,0.0,-0.0,34.65772679641763,-0.0,0.0,0.0,2802.7940593031044,-9.249220395700243,-5673.8506589124445,351.7025999999999,0.0,-0.0,11.802149308919759,-62.72580970203806,0.0,0.0,1451.8383827347961,-5.879945450075924,-1746.737376891602,13846.3584716042,0.0,-0.0,100.10329511309388,-648.3904107087083,0.0,0.0,0.0,-0.0,-13298.071356008586,50209.86778586695,0.0,-0.0,378.6456277544817,-0.0,0.0,0.0,965.9215057115703,-12.267203122536943,-51542.16771621047
t242,9622.801622869147,0.0,-0.0,44.91943515338726,-351.4009558889022,0.0,0.0,513.3795328935809,-4.5177398894635115,-9825.18189513775,1684.357422747817,0.0,-0.0,3.096012640369942,-23.35069176185209,0.0,0.0,-801.8105392682623,-10.182993848706932,-852.1092105093657,623.4339999999999,0.0,-0.0,2.346651138805525,-17.689122631981494,0.0,0.0,36.47546724453454,-0.1732584694115391,-644.393737281947,4255.161389471267,0.0,-0.0,4.640680087493053,-34.996172356877175,0.0,0.0,-2913.3758839886377,-33.76020957769557,-1277.6698036355504,1081.6198656122162,0.0,-0.0,0.5357687521422283,-4.039049786604585,0.0,0.0,-926.6174626657024,-6.254667872993491,-145.24445403905798,2058.52367257148,0.0,-0.0,2.8387796570319326,-21.40428613089553,0.0,0.0,-1240.886816283025,-8.5917806764444,-790.4795691381469,845.8355767013816,0.0,-0.0,5.251408478202889,-39.59494281356664,0.0,0.0,628.9842860738295,-39.31841991108822,-1401.157908528759,3261.892669894685,0.0,-0.0,18.81557979726496,-141.8698205342567,0.0,0.0,2262.2626524186107,-7.465466752981415,-5393.6356148233235,351.7025999999999,0.0,-0.0,6.40792224024053,-48.32235891456354,0.0,0.0,1355.7849171103896,-5.61757206709741,-1659.955508368969,13132.320920802726,0.0,-0.0,55.574036950182546,-559.3913696935924,0.0,0.0,11.109048491257216,-0.08165150641074054,-12639.530985044163,49152.123148060135,0.0,-0.0,203.08640958538047,-1336.0664646945356,0.0,0.0,1074.6947979734252,-15.272285273558218,-49078.56560565086
t243,9187.28666576701,0.0,-0.0,19.094721857236074,-601.5278552942492,0.0,0.0,809.2277590898987,-7.121204279991108,-9406.960087139905,1472.7756227478171,0.0,-0.0,1.3373130384908198,-25.25835566425345,0.0,0.0,-620.2809427391678,-1.6747585453957532,-826.898878837491,623.4339999999999,0.0,-0.0,1.0134452663293363,-20.286062083481056,0.0,0.0,26.575278289168864,-4.494860451533248,-626.2418010204838,4104.685769471267,0.0,-0.0,2.004439237798528,-40.146256275444536,0.0,0.0,-2768.962709402703,-56.2146066652021,-1241.3666363657162,961.5648956122162,0.0,-0.0,0.15762295358326936,-6.598875038289798,0.0,0.0,-808.456675099283,-5.4570825569201595,-141.2098858713064,2035.7430525714801,0.0,-0.0,1.2260833799224202,-33.58459226901959,0.0,0.0,-1215.7944787429624,-20.300585202009763,-767.2894797374105,845.8355767013816,0.0,-0.0,2.268101220862707,-45.41602874810983,0.0,0.0,610.8190526658664,-51.690160073388746,-1361.8165417666123,3160.6529614949122,0.0,-0.0,8.126565253804614,-153.40874103423886,0.0,0.0,2231.8350976217507,-7.789339540369914,-5239.416543795858,351.7025999999999,0.0,-0.0,2.7677436484003097,-55.03913828627303,0.0,0.0,1334.4357400382696,-20.329645776091848,-1613.537299624305,11684.485368872993,0.0,-1352.60213596337,24.35791073037226,-0.0,0.0,0.0,1920.0,-19.512,-12256.729143639996,50137.677523449674,0.0,-0.0,92.35972745329002,-920.7576662422161,0.0,0.0,-1519.398121720838,-26.956774970093626,-47762.92468796981
t244,8495.51006082638,0.0,-0.0,21.926183535991157,-0.0,0.0,0.0,702.7603918889884,-6.184291448623098,-9214.012344802737,1342.259519084061,0.0,-0.0,1.5433386229747035,-1.9399901249300582,0.0,0.0,-523.6343087796594,-1.4138126337050803,-816.8147461687411,623.4339999999999,0.0,-0.0,1.1692894118424304,-0.0,0.0,0.0,-2.5159890701838776,-3.9130265484918354,-618.1742737931667,4072.737733509578,0.0,-0.0,2.3131041842117748,-0.0,0.0,0.0,-2802.7183217783436,-47.10062055854538,-1225.231895356901,928.8238281292615,0.0,-0.0,0.2669838171536663,-0.0,0.0,0.0,-784.6021456756737,-5.296064483310797,-139.1926017874306,2034.4091624761736,0.0,-0.0,1.4147875615784318,-1.7816235841194419,0.0,0.0,-1260.9846951558752,-15.850799125884713,-757.2068321718729,845.8355767013816,0.0,-0.0,2.61716661389507,-0.0,0.0,0.0,544.8185890954765,-49.612344534362165,-1343.658987876391,3062.9222068467634,0.0,-0.0,9.377341769297669,-11.808205199191633,0.0,0.0,2114.3367991170544,-6.977311437086279,-5167.850831096838,351.7025999999999,0.0,-0.0,2.0350306359335573,-1.2402523950622353,0.0,0.0,1260.0,-20.151,-1592.3463782408712,12569.415346615724,0.0,-1893.4568792954883,28.804993507549273,-438.4150978869184,0.0,0.0,1920.0,-19.512,-12166.836362940865,49936.713593441265,0.0,-244.71620780300148,97.2423543103786,-1289.9070103055142,0.0,0.0,-1167.4603196417838,-20.39313496131927,-47311.47927504004
t245,8351.518817837277,0.0,-0.0,35.15927409188116,-32.1638226748851,0.0,0.0,818.2088282518195,-7.200237688616012,-9165.522859817478,1542.9469190840612,0.0,-0.0,2.710514903759776,-13.522085832992916,0.0,0.0,-706.3545518280262,-1.9071572899356708,-823.873639036866,623.4339999999999,0.0,-0.0,2.0585046227884867,-10.550441747398942,0.0,0.0,14.476434684631727,-5.193578346366794,-624.2249192136544,3973.213913509578,0.0,-0.0,4.0647924179100965,-20.877063802791174,0.0,0.0,-2676.4877603659793,-43.58935195825488,-1236.3245298004615,933.2563581292615,0.0,-0.0,0.46981138500196595,-0.3688777988566172,0.0,0.0,-786.8362610817982,-5.3111447623021375,-141.2098858713064,2057.2233224761735,0.0,-0.0,2.487928464878337,-1.952882464535032,0.0,0.0,-1278.7625251873797,-14.731157821388226,-764.2646854677491,845.8323767013816,0.0,-0.0,4.602569666251967,-23.61857040408428,0.0,0.0,577.264815118052,-47.30841428449545,-1356.7727767971064,3494.272703787823,0.0,-0.0,16.489665644358322,-82.13912066599377,0.0,0.0,1791.7536915419457,-6.1595911246057655,-5214.217349183527,352.0982914699263,0.0,-0.0,5.6130981127845025,-32.26356726491574,0.0,0.0,1303.2989372837446,-20.254917449480985,-1608.4918421520588,12047.36062230849,0.0,-1661.9410088622067,47.58390472330639,-0.0,0.0,0.0,1920.0,-19.512,-12333.49151816959,50087.95324282932,0.0,-998.9761900178386,196.7101835898277,-158.28985846645136,0.0,0.0,-976.5616084170103,-16.83287399697724,-48134.002895520876
t246,8141.479470081001,0.0,-0.0,73.12142390898947,-0.0,0.0,0.0,1215.1751053230723,-10.693540926843038,-9419.08245838622,1737.509719084061,0.0,-0.0,5.678770986091102,-0.0,0.0,0.0,-858.3322257629877,-10.561961926549023,-874.2943023806155,623.4339999999999,0.0,-0.0,4.308990057876741,-0.0,0.0,0.0,33.88573406409199,-0.09149148197304838,-661.5372326399956,3942.674873509578,394.4633939379375,-0.0,8.514296612509856,-0.0,0.0,0.0,-3004.2277389145693,-29.468696866173957,-1311.9561282792827,961.5690681292615,0.0,-0.0,0.9835962431809231,-0.0,0.0,0.0,-807.8208514185574,-5.452790747075262,-149.2790222068096,2080.0263024761734,332.20083428217634,-0.0,5.2099988403414494,-0.0,0.0,0.0,-1593.9774373433133,-12.814833986156389,-810.6448642692221,845.8323767013816,729.0439029716646,-0.0,9.638111867969002,-0.0,0.0,0.0,-102.69819185535653,-41.316924394752974,-1440.4992752909054,2556.3444065287235,0.0,-0.0,34.5316151718093,-0.0,0.0,0.0,2945.531594939199,-9.720254263299354,-5526.687362376431,354.07674881955853,0.0,-0.0,11.75710296648946,-0.0,0.0,0.0,1348.017519269525,-5.459470953041576,-1708.3919001025317,13154.77736494862,0.0,-0.0,103.90277255135805,-0.0,0.0,0.0,0.0,-0.0,-13258.680137499978,50229.57857759742,109.50262549431682,-0.0,409.94643399962456,-0.0,0.0,0.0,824.4464916988957,-10.470470444575975,-51563.00365834569
t247,9343.711176808556,0.0,-0.0,229.91886688865293,-0.0,0.0,0.0,815.3457739781483,-7.175042811007705,-10381.800774864349,1923.068311108144,0.0,-0.0,18.50862933482273,-0.0,0.0,0.0,-954.3214292237112,-12.119882151141132,-975.1356290681143,623.6073999999999,0.0,-0.0,14.048653141948721,-0.0,0.0,0.0,101.00244979408056,-0.47976163652188264,-738.1787412995074,5062.864531682979,0.0,-0.0,27.752527935894292,-0.0,0.0,0.0,-3588.5687259921588,-38.82900838978964,-1463.2193252369248,923.6189999999999,0.0,-0.0,3.2066417160313683,-0.0,0.0,0.0,-754.2995408535778,-5.09152190076165,-167.43457896169187,3922.7534395638863,0.0,-0.0,16.983691014052983,-0.0,0.0,0.0,-3016.828562280271,-19.503346425499593,-903.4052218721679,960.3810377033631,0.0,-0.0,31.418786769364036,-0.0,0.0,0.0,672.4181812160243,-54.2482274224446,-1609.969778266306,2449.5851068835636,0.0,-0.0,112.56656030306377,-0.0,0.0,0.0,3600.3489051782058,-11.88115138708808,-6150.619420977746,391.6674384625702,0.0,-0.0,38.32293551788454,-0.0,0.0,0.0,1491.0015105961438,-7.754411100875031,-1913.2374734757236,14640.45654482438,0.0,-0.0,338.3660955985409,-151.48667727466443,0.0,0.0,150.51359499654822,-1.1062749232246294,-14976.743283221578,53622.389637483786,943.1586200212423,-0.0,1313.5636267908692,-0.0,0.0,0.0,1483.3878425905677,-21.98697076043301,-57340.51275612604
t248,10591.897008036949,0.0,-1352.431201913756,385.9595330035314,-302.2908854347766,0.0,0.0,2709.3418339220934,-30.318556159012786,-12002.157731455029,1877.6926294581947,0.0,-0.0,29.29557633694082,-21.802395381899824,0.0,0.0,-795.0777146145181,-10.09748697560438,-1080.0106088231132,623.9004499999999,0.0,-0.0,22.226794877582506,-16.890717570814452,0.0,0.0,189.5092141296106,-0.9001687671156503,-817.845572669263,6112.953067252603,0.0,-394.4633939379375,43.922312843161194,-33.34170907037096,0.0,0.0,-4072.217822413699,-36.31940460088394,-1620.5330500728724,868.4136299999999,0.0,-0.0,5.073722801658091,-3.8546428155075123,0.0,0.0,-680.4581239746852,-4.593092336829125,-184.5814936746362,6927.099807287291,0.0,-0.0,26.875745417425208,-3.9380663480956026,0.0,0.0,-5907.4558472833105,-41.37473581542778,-1001.2069032578825,1562.5969950445633,0.0,-0.0,49.71802385601163,-7.285269711983103,0.0,0.0,270.61678664033934,-92.17124261161878,-1783.4752932173117,2407.3550774488795,0.0,-0.0,178.1313802933487,-26.100985703974665,0.0,0.0,4271.575919454737,-16.09120053420063,-6814.870190958791,420.55291576720026,0.0,-0.0,60.65061265727023,-40.6,0.0,0.0,1700.6581660779066,-22.169556159012785,-2119.0921383433647,14052.137440208027,0.0,-0.0,366.44936603765905,-0.0,0.0,0.0,1920.0,-19.512,-16319.074806245688,62945.5090949893,0.0,-1125.7818279262156,1892.224441631854,-2741.8296342734757,0.0,0.0,393.5075880615258,-23.608204115391075,-61340.02145836759
t249,10881.933934737679,0.0,-0.0,334.9617515200847,-559.1515531725722,0.0,0.0,2607.4871445948656,-31.642667120266747,-13233.58861055979,1879.7016499622046,0.0,-0.0,26.99771506171824,-12.827729908748648,0.0,0.0,-739.9255230690842,-9.39705414297737,-1144.5490579031125,624.1890499999998,0.0,-0.0,20.47321272530884,-9.75169263471198,0.0,0.0,232.4442762547784,-1.1041103122101974,-866.250736033165,6569.699488839665,0.0,-394.4633939379375,40.47228374445116,-19.241594863122966,0.0,0.0,-4434.764094051049,-45.36961491929292,-1716.3330748127125,832.0492999999999,0.0,-0.0,4.673858977759336,-2.2252184535584383,0.0,0.0,-634.538251192697,-4.283133195550705,-195.67655613595312,10100.62579464953,0.0,-1703.3520911958076,24.76110436328556,-12.871012429520501,0.0,0.0,-7302.455520577699,-46.013750915235114,-1060.6945238945543,1807.2175736874751,0.0,-729.0439029716646,45.80561418726566,-36.212524859645484,0.0,0.0,898.4645796628338,-99.86324111102967,-1886.3680985952335,2466.046429171087,0.0,-0.0,164.1167646501165,-126.18967215576522,0.0,0.0,4740.795117037313,-17.63962388622313,-7227.129014816526,430.8408939852876,0.0,-0.0,55.885670152218054,-26.571726239550763,0.0,0.0,1802.5128554051344,-23.493667120266743,-2239.174026182822,14864.712832179774,0.0,-0.0,468.97203298836394,-331.3,0.0,0.0,1920.0,-19.512,-16902.872865168138,66744.75265761078,0.0,-3993.3084906243707,1696.3091945298374,-1411.4,0.0,0.0,909.9794159356043,-33.56855924493797,-63912.764218206925
t250,10786.364922536586,0.0,-0.0,187.17963443596125,-0.0,0.0,0.0,2613.8569488829544,-31.559859664521593,-13555.841646190978,2128.484088149054,0.0,-240.0,20.75906020872256,-0.42835333695918143,0.0,0.0,-725.8040410569076,-9.217711321422726,-1173.7930426424873,624.4130499999999,0.0,-0.0,15.733381602114026,-0.0,0.0,0.0,249.47501060655398,-1.1850063003811313,-888.4364359082869,6929.194168657743,0.0,-394.4633939379375,31.115656055521796,-0.0,0.0,0.0,-4754.157391958278,-50.985426230094774,-1760.7036125869543,831.8210499999999,0.0,-0.0,3.592168589397204,-0.0,0.0,0.0,-630.4379957722916,-4.255456471462969,-200.71976634564265,12105.874189747261,0.0,-4280.714835921852,19.03355200802899,-15.381537828910135,0.0,0.0,-6697.2607706110475,-42.62466031542186,-1088.9259370780594,1827.8846833112984,0.0,-0.0,35.20977778909743,-16.0544047496532,0.0,0.0,182.57013945296603,-96.83945948901902,-1932.7707363146883,2523.0840439226004,0.0,-0.0,126.15550435775661,-61.06262547313979,0.0,0.0,4851.494807280529,-18.004932864025744,-7421.666797223721,475.94972155690164,0.0,-0.0,42.96487088475638,-0.0,0.0,0.0,1796.1430511170456,-23.410859664521592,-2291.6467838941817,16460.434663706685,0.0,-945.4788067292226,136.8888499909685,-331.3,0.0,0.0,1920.0,-19.512,-17221.03270696843,68182.15688738151,0.0,-3906.1812655953977,1269.0687273274516,-1073.9403708033487,0.0,0.0,1194.1202420584762,-38.95180847010198,-65626.27241189861
t251,11321.074739168986,0.0,-0.0,337.6299160478622,-266.24004303697876,0.0,0.0,2456.6019923030685,-33.604174100060106,-13815.462430382877,2042.0753201028854,0.0,-0.0,23.409422377917906,-21.900480509570773,0.0,0.0,-836.9765255825969,-10.62960187489898,-1195.978134513737,624.5822499999998,0.0,-0.0,17.74159999402796,-21.338445767933543,0.0,0.0,285.9528028537966,-1.3582758135555337,-905.5799312663355,7037.043943585466,0.0,-0.0,35.08802980344477,-82.63748390512797,0.0,0.0,-5136.930559150087,-58.58241441605887,-1793.9815159176355,832.68536,0.0,-0.0,4.05069630014475,-13.700000000000001,0.0,0.0,-614.1363017499384,-4.145420036812085,-204.75433451339427,13349.666523630187,0.0,-4675.796027974751,21.463288951424257,-20.10748717823094,0.0,0.0,-7518.9091738459565,-47.22589137353735,-1109.0912322091347,1939.6466160946159,0.0,-729.0439029716646,39.704474183791675,-37.19846529306456,0.0,0.0,857.837398265553,-100.85152319019649,-1970.0945970890325,2655.280159429227,0.0,-0.0,142.26000042840712,-104.84022874951327,0.0,0.0,4886.185833626633,-18.119413250967888,-7560.766351483788,472.7841897974901,0.0,-0.0,39.45168787439641,-104.13190161881056,0.0,0.0,1953.3980076969315,-25.455174100060106,-2336.046809649947,16207.028070540353,0.0,-760.1753070710056,408.4849818987989,-125.73038465647836,0.0,0.0,1920.0,-19.512,-17630.09536071167,69143.41905306534,0.0,-2946.1444199979774,1369.9672142487452,-1497.211570080432,0.0,0.0,1746.9765255825969,-48.60110187489898,-67768.40570094339
t252,11520.164064959554,0.0,-0.0,386.0569670990538,-407.54133269244414,0.0,0.0,2513.3018191924552,-32.86707635049808,-13979.11444220812,1839.8364519169813,0.0,-0.0,26.144195605820002,-18.76657051979183,0.0,0.0,-634.1070633824406,-8.053159704956995,-1205.0538539156119,624.7042499999999,0.0,-0.0,19.80829042626705,-11.349400119566905,0.0,0.0,279.7964696107744,-1.3290332306511783,-911.6305766868234,7425.379199177453,0.0,-277.82469216660115,39.1842830613799,-22.39411835672933,0.0,0.0,-5298.374251023693,-58.87942770451191,-1807.0909929872978,765.82439,0.0,-0.0,4.522805429588127,-2.589796000438086,0.0,0.0,-558.2263947095287,-3.7680281642893183,-205.76297655533216,14155.092549336565,0.0,-5259.6325594108075,18.70375143790785,-68.31068470820163,0.0,0.0,-7680.564544942224,-48.13116145167645,-1117.1573502615647,2003.0425000570183,0.0,-729.0439029716646,44.33548918512352,-10.540282234446863,0.0,0.0,780.0425391292547,-103.61920416163476,-1984.2171390036492,2398.3137653513586,0.0,-0.0,158.8544883972382,-156.99574408372396,0.0,0.0,5237.326181935417,-19.278176400386872,-7618.220515199902,449.0427016019038,0.0,-0.0,54.10553178050557,-21.926972783871676,0.0,0.0,1896.6981808075448,-24.71807635049808,-2353.201365055584,16142.522948138245,0.0,-0.0,454.7983317191649,-684.8982640160464,0.0,0.0,1920.0,-19.512,-17812.911015841364,72024.46772513984,0.0,-5280.02005187063,1021.1025191289343,-0.0,0.0,0.0,1544.1070633824406,-46.024659704956996,-69263.63259607562
t253,11780.607774910619,0.0,-0.0,407.1563775393706,-595.7686343816572,0.0,0.0,2441.1282094935623,-33.80533327658369,-13999.31839428531,1718.8846244209042,0.0,-0.0,26.408797586873412,-19.6,0.0,0.0,-505.59626474008877,-14.03489008520176,-1206.062267182487,624.7032499999999,0.0,-0.0,20.54379565628493,-13.597476370408444,0.0,0.0,286.03140530725733,-5.041957002895811,-912.6390175902379,7647.4708705533485,0.0,-90.56186413122214,40.64935561285465,-8.096200996778013,0.0,0.0,-5720.564446685267,-59.78987873953591,-1809.1078356133996,697.4380699999999,0.0,-0.0,4.691026512893964,-8.453278731516926,0.0,0.0,-483.6396316703322,-3.2645675137747423,-206.77161859727005,14151.107664634585,0.0,-5020.971532704537,24.860578268670096,-4.956857753129395,0.0,0.0,-7982.054730934238,-49.81950649323173,-1118.1656150181186,2023.2023333080272,0.0,-729.0439029716646,45.98842442698189,-88.94446507976309,0.0,0.0,838.6633820612506,-104.63987974728151,-1985.2258919975504,2514.811737920654,0.0,-0.0,164.77889405526494,-361.9,0.0,0.0,5327.1602866614185,-19.574628945982678,-7625.2762896913555,397.60281051146677,0.0,-0.0,24.572656851882,-11.180468043169638,0.0,0.0,1968.8717905064377,-25.656333276583688,-2354.210456550033,16111.255277778066,0.0,-0.0,472.7887571527136,-652.4304254570159,0.0,0.0,1920.0,-19.512,-17832.101609473764,71957.6984761137,0.0,-4045.478813750118,1525.6331856091374,-494.66559705297556,0.0,0.0,1910.0,-50.6715,-70802.51575091975
t254,11806.077837310178,0.0,-0.0,409.4031655436934,-619.447463282879,0.0,0.0,2330.4380168818857,-35.244305780535484,-13891.227250672342,1524.060278550567,0.0,-0.0,20.254047714486553,-19.532234956594486,0.0,0.0,-303.1298614851081,-14.581549373990207,-1207.0706804493618,624.5584499999999,0.0,-0.0,20.644882625428625,-14.797924278046398,0.0,0.0,289.81033175403786,-6.5682816077676245,-913.6474584936526,7746.782832437209,0.0,-394.4633939379375,40.85130040320086,-7.584122210079947,0.0,0.0,-5516.968174981432,-57.49376347145887,-1811.1246782395015,636.3167760046929,0.0,-0.0,4.714163099947951,-0.8770753576282933,0.0,0.0,-430.4765285818152,-2.9057165679272527,-206.77161859727005,14436.643816042568,0.0,-5085.250813434126,24.983630490819728,-59.243340128620375,0.0,0.0,-8146.21235922774,-50.73878921167534,-1120.182144531226,2043.1275075422268,0.0,-729.0439029716646,9.600185563639103,-101.0,0.0,0.0,867.1304569737913,-101.56209612873882,-1988.252150979254,2706.867093303089,0.0,-0.0,165.594643407045,-216.441476905816,0.0,0.0,4999.846135548267,-18.494492247309278,-7637.371903105274,428.07105369580256,0.0,-0.0,10.473311623443738,-133.77331162344373,0.0,0.0,2079.5619831181143,-27.095305780535483,-2357.237731033381,16088.035912213596,0.0,-0.0,470.5348649634691,-680.4888236252573,0.0,0.0,1920.0,-19.512,-17778.56995355181,73136.98451410129,0.0,-2946.1444199979774,1527.2998959083347,-1749.030635862493,0.0,0.0,1910.0,-50.6715,-71828.43785414916
t255,11519.157186236731,0.0,-0.0,454.07105438228075,-493.4429432453812,0.0,0.0,2432.2303893865114,-33.921004937975354,-13878.094681822167,1742.0965098869153,0.0,-0.0,4.848610744190429,-64.44861074419043,0.0,0.0,-468.44578753279717,-10.005281705381545,-1204.0454406487368,624.5428499999998,0.0,-0.0,22.686329062556684,-48.785933677981504,0.0,0.0,316.65360152753493,-3.4662702252867583,-911.6305766868234,7408.17402608963,0.0,-0.0,44.89454156734027,-96.57291611628564,0.0,0.0,-5491.580479831964,-58.8326000344737,-1806.0825716742468,705.978206004693,0.0,-0.0,5.180421955464274,-5.014525818117496,0.0,0.0,-497.0261987451775,-3.3549268415299482,-205.76297655533216,14724.32373359581,0.0,-5995.339256908867,27.455501749955623,-4.452805785481006,0.0,0.0,-7587.22138264703,-47.608439742823364,-1117.1573502615647,1988.7865540597707,0.0,-729.0439029716646,50.78846528943906,-9.170186843289379,0.0,0.0,783.0111114739211,-101.16365499843162,-1983.208386009748,2869.2418356537346,0.0,-0.0,181.97879458804536,-391.4122072337713,0.0,0.0,4972.785412916544,-18.405191862624594,-7614.18864406193,399.18557639117256,0.0,-0.0,61.989199406367355,-61.989199406367355,0.0,0.0,1977.7696106134886,-25.772004937975353,-2351.1831820666857,15757.771393820092,0.0,-0.0,512.814764656569,-531.8885165706957,0.0,0.0,1920.0,-19.512,-17639.185641905966,74149.86039762374,0.0,-0.0,1579.4392783706883,-4582.6071803373825,0.0,0.0,1641.8237228389671,-47.265661280054886,-72741.25055721596
t256,10319.737370479366,0.0,-0.0,576.4168939193692,-576.4168939193692,0.0,0.0,3560.0,-39.019999999999996,-13840.717370479366,1807.806521280422,0.0,-0.0,38.43460658755107,-64.06380590623864,0.0,0.0,-558.1885106906119,-13.892891021135348,-1210.0959202499869,624.4348999999999,0.0,-0.0,4.798346148791246,-48.49340346953856,0.0,0.0,339.8301866029482,-4.905688981718945,-915.6643403004819,7406.281027998198,0.0,-0.0,9.47755766772308,-95.99570885935796,0.0,0.0,-5445.632358481838,-58.972154833019914,-1815.1583634917054,768.7872360046929,0.0,-0.0,6.645126412806082,-11.074333677612827,0.0,0.0,-553.8479365707635,-3.7384735718526536,-206.77161859727005,14674.8458681839,0.0,-5531.464612378179,35.22031488265831,-58.699413587362024,0.0,0.0,-7948.074267160586,-49.629215896099275,-1122.1986740443335,1955.0892422251302,0.0,-729.0439029716646,65.15188273414584,-125.4117850777073,0.0,0.0,929.5710064390842,-102.06052740022677,-1993.29591594876,2673.6245004299553,0.0,-0.0,233.44571983608674,-233.44571983608674,0.0,0.0,4996.341879861768,-18.482928203543832,-7651.48345208818,388.10621523323226,0.0,-0.0,79.52497395065244,-79.52497395065244,0.0,0.0,1998.623771540471,-22.42861527917754,-2364.3013714945255,17228.512440303566,0.0,-0.0,655.5812294976619,-947.642860178416,0.0,0.0,771.376228459529,-11.069615279177539,-17696.757422803163,72078.71783025889,0.0,-207.6067443197031,2073.800600060364,-2287.0988311768324,0.0,0.0,1910.0,-50.6715,-73517.14135482273
t257,9881.66925341508,0.0,-0.0,730.446750144369,-304.5010043263967,0.0,0.0,3560.0,-39.019999999999996,-13828.594999233052,1965.705530765775,0.0,-0.0,49.92250581183219,-49.92250581183219,0.0,0.0,-731.0910103079948,-13.426054272168413,-1221.1884661856118,624.2236999999999,0.0,-0.0,37.796162010857955,-37.796162010857955,0.0,0.0,303.9638084947692,-3.4472000635555924,-924.7403084312135,7239.669271275291,0.0,-394.4633939379375,74.80923515932955,-74.80923515932955,0.0,0.0,-4956.840575228122,-57.07219760871046,-1831.2931045005205,832.3995399999995,0.0,-0.0,8.63112962837996,-8.63112962837996,0.0,0.0,-619.4294882730109,-4.181149045842823,-208.78890268114586,12461.546257033317,0.0,-3443.6388509363087,45.74682054442476,-40.68986289662034,0.0,0.0,-7841.649803236805,-49.03323889812611,-1132.2813216098712,1865.1632946951659,0.0,9.885811975792698e-13,84.62416565134393,-84.62416565134393,0.0,0.0,248.60084235377417,-101.30191421605795,-2012.4622228328826,2379.2184366448073,0.0,-0.0,303.21714943862395,-303.21714943862395,0.0,0.0,5356.44622619739,-19.671272546451387,-7715.993390295747,374.2570137858069,0.0,-0.0,103.2937964469944,-103.2937964469944,0.0,0.0,2035.4116861875723,-22.158224106521345,-2387.5104758668576,17220.42598783082,0.0,-0.0,851.898097599086,-851.898097599086,0.0,0.0,734.5883138124277,-10.799224106521343,-17944.215077536726,69602.49367706232,1591.8177492413963,-0.0,2668.725242281449,-1496.8017811649474,0.0,0.0,1910.0,-50.6715,-74225.56338742022
t258,11037.634501582696,0.0,-0.0,847.7253709862787,-1091.4417660255642,0.0,0.0,3223.887665734698,-34.650539654551075,-13983.155232623558,1910.0734930948756,0.0,-0.0,59.074510971034165,-59.074510971034165,0.0,0.0,-669.2414993562757,-13.593047951738056,-1227.2389457868617,623.8898999999999,0.0,-0.0,44.723463105093415,-44.723463105093415,0.0,0.0,309.82844891040685,-3.935835962120179,-929.7825129482866,6514.428730636772,0.0,-26.076837640114363,88.5227876181057,-88.5227876181057,0.0,0.0,-4592.329387255869,-54.6451881097593,-1841.3773176310299,831.4307800000001,0.0,-0.0,10.213117251496433,-10.213117251496433,0.0,0.0,-617.4653442035424,-4.1678910733739105,-209.79754472308377,9971.308142197902,0.0,-224.92027440090644,54.13225286447208,-59.189210512276496,0.0,0.0,-8550.0,-53.0,-1138.3309101491936,1643.0199381401044,0.0,-0.0,100.13576991542878,-100.13576991542878,0.0,0.0,483.202394430361,-102.66382680467049,-2023.5585057657959,2379.1005641947318,0.0,-0.0,358.797304325166,-358.797304325166,0.0,0.0,5396.005387474918,-19.80181777866723,-7755.304133890983,435.98488309433134,0.0,-0.0,122.22880597958492,-122.22880597958492,0.0,0.0,1986.2732307601307,-20.62035706531408,-2401.637756789147,17007.692040402475,0.0,-0.0,1009.1715979721703,-1009.1715979721703,0.0,0.0,1119.8391035051711,-13.630817410763008,-18113.900326496885,73369.48643601348,0.0,-0.0,3124.162189857907,-4296.085650974408,0.0,0.0,1910.0,-50.6715,-74056.891474897
t259,10540.330408605289,95.78628115004435,-0.0,717.9487934249661,-158.94360982235125,0.0,0.0,2800.0,-29.14,-13965.981873357947,2009.971720524132,0.0,-0.0,49.51088452620457,-0.0,0.0,0.0,-846.7008896369607,-10.753101298389401,-1202.0286141149868,623.5818999999999,0.0,-0.0,37.497786990316435,-30.45968255002323,0.0,0.0,281.33848916665715,-1.3363578235416214,-910.6221357834087,5477.763008841793,0.0,-0.0,74.1987886905263,-26.07721655377582,0.0,0.0,-3690.422013397013,-31.396838533384653,-1804.065729048145,859.8412999999998,0.0,-0.0,8.08194284769501,-0.0,0.0,0.0,-657.7206518920912,-4.439614400271615,-205.76297655533216,6130.962930305243,2343.6008772704813,-0.0,45.37820998285082,-45.37820998285082,0.0,0.0,-7313.348236701737,-46.074750125529725,-1115.1408207484571,1295.863922990611,0.0,-0.0,79.23131666563954,-0.0,0.0,0.0,707.6941221539091,-100.58972879431305,-1982.1996330158468,2427.4716661432167,0.0,-0.0,300.77245060938776,-56.35207112261607,0.0,0.0,4942.458290670274,-18.305112359211904,-7596.0452239410515,351.7025999999999,0.0,-0.0,102.4521295061972,-19.177653709792224,0.0,0.0,1935.8114833620193,-18.59628559728914,-2352.1922735611347,15338.761182759115,212.81203257988082,-0.0,845.0652882423041,-142.61815639203942,0.0,0.0,1594.1885166379807,-17.11728559728914,-17831.091578229953,70247.89821955185,0.0,-0.0,2751.5293976767534,-618.2601906490606,0.0,0.0,246.7008896369607,-20.5631012983894,-72607.3052149181
t260,10663.683814036409,101.66458414119056,-0.0,468.43585494613933,-24.97468158483636,0.0,0.0,2658.842061722634,-30.97505319760576,-13836.676580063928,1969.5537799999997,179.98944000000014,-0.0,29.906383588421136,-0.0,0.0,0.0,-981.0956865245719,-12.459915218862061,-1185.894001844987,623.3768999999999,0.0,-0.0,24.416358971386565,-0.0,0.0,0.0,250.91097218551315,-1.1918271178811874,-897.5124040390185,3824.4347900000002,394.4633939379375,-0.0,48.292612605232435,-0.0,0.0,0.0,-2463.165438767584,-25.170161553714156,-1778.8551962218712,971.79133,0.0,-0.0,5.574757411617596,-0.0,0.0,0.0,-769.4353483805304,-5.193688601568581,-202.73705042951846,2103.8249800000003,7125.707436693848,-0.0,29.53962879293724,-0.0,0.0,0.0,-8108.527442409143,-50.5277536774912,-1100.016849400151,845.8163767013816,729.0439029716646,-0.0,54.644600579980974,-0.0,0.0,0.0,422.64007315326216,-98.19040421967658,-1953.9545491866133,2382.185443336298,0.0,-0.0,195.7907582138575,-0.0,0.0,0.0,4937.577184218481,-18.289004707920988,-7497.264381060714,351.7025999999999,0.0,-0.0,66.68272657493449,-0.0,0.0,0.0,1920.0732701885368,-21.584525508058654,-2316.874071255412,13690.3363762624,1750.8919853649243,-0.0,550.9957402241546,-0.0,0.0,0.0,1751.0846680888294,-18.270472310452895,-17725.038297629853,64576.598891466965,4590.218623247997,-0.0,1914.5985085955324,-686.3432420119648,0.0,0.0,381.0956865245719,-22.26991521886206,-70753.89855260424
t261,11456.540186754914,0.0,-0.0,420.0089066880932,-372.78056404101466,0.0,0.0,2574.0957104253275,-32.07675576447075,-14045.787484062848,1885.6024695846766,0.0,-0.0,28.770853236859402,-19.6,0.0,0.0,-681.069881411992,-8.649587493932298,-1205.0538539156119,623.3768999999999,0.0,-0.0,21.809551508390115,-7.038104440293205,0.0,0.0,275.80072396095557,-1.3100534388145388,-912.6390175902379,3987.8649785012503,394.4633939379375,-0.0,43.12641456938814,-29.4,0.0,0.0,-2561.2137887339322,-26.741583974294528,-1808.0994143003486,1056.32941,0.0,-0.0,4.979281879207894,-3.356700259312606,0.0,0.0,-845.4734273877579,-5.706945634867365,-206.77161859727005,2096.646515351574,6933.477051161641,-0.0,26.38198544467776,-18.0,0.0,0.0,-7871.1415442917405,-49.198392648033746,-1118.1656150181186,845.8131767013816,729.0439029716646,-0.0,48.80368654406376,-15.729454890051255,0.0,0.0,475.63839702315636,-97.33506335876312,-1986.2346449914517,2760.720753024471,0.0,-0.0,174.86090543060223,-93.91176130538604,0.0,0.0,4796.389639429319,-17.82308581011675,-7620.236450768889,351.7025999999999,0.0,-0.0,59.54983625565011,-0.0,0.0,0.0,1966.9318152396654,-22.964703450833046,-2355.2195480444825,13965.230280220236,1857.809382957515,-0.0,489.12616811236273,-0.0,0.0,0.0,1788.972474335007,-18.548947686362304,-18082.58935793876,65894.942220326,3420.8668155309406,-0.0,1682.065228533193,-0.0,0.0,0.0,81.06988141199201,-18.459587493932297,-71060.48455830819
t262,10269.579548644499,683.3703933187899,-0.0,376.5282127079748,-0.0,0.0,0.0,2800.0,-29.14,-14100.338154671263,1686.1479195846766,0.0,-0.0,24.911755428184442,-19.6,0.0,0.0,-515.1577816114092,-6.5425038264648965,-1169.7593895749872,623.3768999999999,0.0,-0.0,18.890099234473638,-14.9,0.0,0.0,259.27567341227774,-1.2315594487083192,-885.411113198043,4095.1187485012506,394.4633939379375,-0.0,37.344613267662325,-0.0,0.0,0.0,-2743.381028402299,-28.892642595903236,-1754.6530847086485,1123.01992,0.0,-0.0,4.312500888201947,-0.0,0.0,0.0,-920.3999548473398,-6.212699695219543,-200.71976634564265,2073.865895351574,6540.319910260762,-0.0,22.847136378443953,-31.89345297471111,0.0,0.0,-7473.276263886461,-46.970347077764174,-1084.8928780518445,845.8131767013816,674.219801468196,-0.0,42.264900312659876,-33.3,0.0,0.0,494.08028465271764,-96.3599447836742,-1926.7182183512812,2730.0033492842213,0.0,-0.0,151.4311140789858,-119.3,0.0,0.0,4653.701289071104,-17.35221425393464,-7398.483538180377,351.7025999999999,0.0,-0.0,51.56674786970239,-40.6,0.0,0.0,1941.4775272326237,-18.554640174840088,-2285.592234927486,13894.725429346596,1642.5993384878839,-0.0,416.61722652329513,-157.90158962935837,0.0,0.0,1588.5224727673763,-17.07564017484009,-17367.48723732095,65185.16275059784,4425.013224626431,-0.0,1395.2467065538412,-1411.4,0.0,0.0,-84.84221838859082,-16.352503826464897,-69492.82795956304
t263,10001.744341308236,133.44263585241106,-0.0,266.31810470494304,-30.704453257016496,0.0,0.0,2800.0,-29.14,-13141.660628608573,1505.8937195846765,0.0,-0.0,17.233620856462295,-40.252706873201426,0.0,0.0,-400.7991157751054,-5.090148770343839,-1076.9853690224882,623.3483499999999,0.0,-0.0,12.128898511089043,-31.644218157633354,0.0,0.0,211.99419201764724,-1.0069724120838244,-814.8202499590191,3986.092510594572,394.4633939379375,-0.0,23.979381830949997,-29.4,0.0,0.0,-2730.0594211149455,-29.58492174089703,-1615.4909435076177,1176.137633269212,0.0,-0.0,2.983616696792493,-13.700000000000001,0.0,0.0,-974.2634778161096,-6.576278475258739,-184.5814936746362,2051.085275351574,5639.452444555104,-0.0,15.806338269846226,-0.0,0.0,0.0,-6664.711301145336,-42.44238328641388,-999.190373744775,845.8131767013816,729.0439029716646,-0.0,27.138159143323655,-33.3,0.0,0.0,294.34970361267006,-90.6659321446404,-1772.3790102843984,2591.0323877067763,0.0,-0.0,104.76444124162646,-0.0,0.0,0.0,4132.690304446074,-15.632878004672042,-6812.854255389804,351.7025999999999,0.0,-0.0,35.67434883794956,-3.0312351853043893,0.0,0.0,1736.6429520927518,-20.060174302118426,-2100.9284914432787,13871.222472011024,119.93459431614149,-0.0,286.96711123437717,-172.17880473472704,0.0,0.0,1793.3570479072482,-18.581174302118427,-15880.721246431945,60334.66060633068,2946.1444199979774,-0.0,1065.3337111536916,-0.0,0.0,0.0,-199.2008842248946,-14.90014877034384,-64132.037704487106
t264,8809.887911467971,0.0,-0.0,180.2223251820339,-754.4105229328413,0.0,0.0,3560.0,-39.019999999999996,-11756.679713717163,1678.6952195846766,0.0,-0.0,11.741811408490449,-8.181976345408781,0.0,0.0,-699.2473969058151,-8.880441940703852,-974.1272158012393,623.3483499999999,0.0,-0.0,8.904550418279982,-0.0,0.0,0.0,106.43138998364974,-0.5055491024223362,-738.1787412995074,4153.405620594572,30.925930084734503,-0.0,17.602329814004786,-81.2758666262551,0.0,0.0,-2630.078613902532,-28.36849604064929,-1462.2109039238737,1089.22458,0.0,-0.0,2.0328171080873885,-1.8639336615998532,0.0,0.0,-916.7792664780072,-6.188260048726549,-166.42593691975395,2073.888255351574,4791.016710397783,-0.0,10.769305136037385,-7.5140599090488776,0.0,0.0,-5925.444236622538,-38.30248772508621,-904.4134866287217,845.8099767013816,729.0439029716646,-0.0,19.922175771796073,-101.0,0.0,0.0,194.06035370458085,-83.9191488465256,-1603.917260302899,2943.069708028202,0.0,-0.0,71.37898496577387,-411.70151928608504,0.0,0.0,3579.0392922173046,-13.023624826573093,-6168.762841098624,351.7025999999999,0.0,-0.0,24.306000733867393,-106.45771826663055,0.0,0.0,1655.1923473626816,-23.614854287585324,-1901.1283755423328,14737.25928560199,0.0,-0.0,197.90401046525545,-876.620352057603,0.0,0.0,377.5787337348604,-2.775203692951224,-14433.346474051548,58038.40541768979,2946.1444199979774,-0.0,738.9608670950793,-3935.325587950607,0.0,0.0,699.2473969058151,-8.880441940703852,-58478.55207179735
t265,12158.221525528175,1830.0,-0.0,84.83811927309546,-418.4725028624968,0.0,0.0,-3143.858780330928,-39.019999999999996,-10471.708361607845,1817.3472929524653,240.0,-0.0,5.665656804220335,-0.0,0.0,0.0,-1144.5889024373203,-17.911,-900.5130473193652,332.29865,0.0,-0.0,4.296087942251988,-0.0,0.0,0.0,356.7555294496194,-11.644216683583046,-681.7060507082882,2403.703291408491,394.4633939379375,-0.0,8.493216512341677,-0.0,0.0,0.0,-1367.9472593773453,-87.42808299315446,-1351.2845594882695,932.4903234352148,0.0,-0.0,0.9807750540833713,-0.0,0.0,0.0,-768.3488660727991,-10.8,-154.32223241649913,2067.9788652147818,4705.793080826114,-2426.6817228241107,5.196057599727606,-0.0,0.0,0.0,-3447.022297633448,-69.4125,-835.8514831830661,674.8351767013817,304.5053390228269,-424.53856394883763,9.61217969009719,-0.0,0.0,0.0,1029.3828607085316,-111.93884413314527,-1481.8581480408545,2585.686807030764,0.0,-0.0,34.43954445345869,-126.68461206380509,0.0,0.0,3233.376930850396,-22.72897782357385,-5704.089692447241,351.7025999999999,0.0,-0.0,11.72772400390254,-0.0,0.0,0.0,1422.2507848432933,-30.871000000000002,-1754.8101088471958,11351.822932499297,1490.0,-0.0,99.07006769235582,-508.68877156067003,0.0,0.0,812.1600915698913,-18.005182502832277,-13226.359137698042,46874.052573700275,2177.940807280871,-573.2323866767947,306.2313341648056,-1772.2111228860388,0.0,0.0,3017.8399084301086,-49.16468250283228,-49981.4564315104
t266,12146.18195320595,1830.0,-0.0,44.81590548482633,-825.1006220252814,0.0,0.0,-3560.0,-39.019999999999996,-9596.877236665496,1623.1908929524652,240.0,-0.0,3.07224080415579,-22.046486012811343,0.0,0.0,-974.1964372344439,-17.911,-852.1092105093657,332.29865,0.0,-0.0,2.3287295603787443,-16.70233885042893,0.0,0.0,338.11291325558005,-11.644216683583046,-644.393737281947,2415.260691737317,0.0,-394.4633939379375,4.605094328819521,-33.04211136915618,0.0,0.0,-627.2623941303382,-87.42808299315446,-1277.6698036355504,866.8305980595608,0.0,-0.0,0.5316729829480633,-3.813681546076339,0.0,0.0,-707.5041354573746,-10.8,-145.24445403905798,2068.0687312713403,3778.205143672055,-2564.397535004948,2.8170453526056276,-20.209573585152967,0.0,0.0,-2404.591742567753,-69.4125,-790.4795691381469,674.8351767013817,729.0439029716646,-0.0,5.2112072145789945,-37.384949367526914,0.0,0.0,141.39141514180596,-111.93884413314527,-1401.157908528759,2950.015013273944,0.0,-0.0,18.671512858388375,-133.95100682438917,0.0,0.0,2585.6609444769274,-22.728977823573853,-5397.667485961297,351.7025999999999,0.0,-0.0,6.358793715529021,-45.624321862156485,0.0,0.0,1378.3894365155966,-30.871000000000002,-1659.955508368969,10620.469438462147,1490.0,-0.0,54.96754759443124,-390.7431366190716,0.0,0.0,820.0907152953303,-17.875516804921354,-12576.909047927913,45644.965467115304,0.0,-48.81992559183459,198.44600964854888,-1293.1740104815694,0.0,0.0,3009.90928470467,-49.035016804921355,-47462.291808590206
t267,11748.537163587202,1395.776791187876,-434.2232088121242,19.001628716981678,-18.089987867011132,0.0,0.0,-3560.0,-39.019999999999996,-9111.982386812924,1559.6648900000005,240.0,-0.0,1.3253775305169149,-15.428545607480029,0.0,0.0,-944.7854961530461,-17.911,-822.8652257699911,332.29865,0.0,-0.0,1.0044397231708375,-11.683777288342792,0.0,0.0,313.24138255899487,-11.644216683583055,-623.2164783102398,2408.3792100000005,333.87381662907035,-60.58957730886717,1.9865685842421947,-23.121169031319717,0.0,0.0,-1338.7930787056116,-87.42808299315448,-1234.3076871743597,867.2884700000001,0.0,-0.0,0.22933168347476357,-2.667985702968855,0.0,0.0,-713.8485721511375,-10.8,-140.20124382936848,2063.5401600000005,3337.2060736281883,-2787.2887936424913,1.2151661206545203,-14.139912107411828,0.0,0.0,-1767.8637732877362,-69.4125,-763.2564207111955,674.8351767013817,0.0,-729.0439029716646,2.2479075520575447,-26.156672460721843,0.0,0.0,1543.8028531274947,-111.93884413314527,-1353.7465178154027,3994.1464524821836,0.0,-0.0,8.054200476806866,-93.72124676721174,0.0,0.0,1327.4589530308313,-22.728977823573853,-5213.209381399034,351.7025999999999,0.0,-0.0,2.743071337947188,-31.92510973279383,0.0,0.0,1310.7877315802098,-30.871000000000002,-1602.4372931853634,11505.37947765959,1343.1846521139275,-792.5840169218103,24.02618782242566,-623.7582501713708,0.0,0.0,720.0,-19.512,-12156.736050502761,44408.05608729643,0.0,-0.0,90.01713203872015,-1347.250814299606,0.0,0.0,3110.0,-50.6715,-46210.150905035545
t268,10622.867650889266,1830.0,-0.0,21.748496620531377,-0.0,0.0,0.0,-3560.0,-39.019999999999996,-8875.596147509796,1566.3450400000004,240.0,-0.0,1.5342391228099743,-9.744977507128558,0.0,0.0,-970.4674483150654,-17.911,-809.7558533006162,332.29865,0.0,-0.0,1.162436340715065,-7.37806555541351,0.0,0.0,298.69326517437514,-11.644216683583055,-613.1320692760936,2408.2781,51.283018234225175,-343.1803757037123,2.2994858741205166,-14.603003516327371,0.0,0.0,-801.5014596687597,-87.42808299315448,-1215.1476822263917,855.14332,0.0,-0.0,0.2654173296344966,-1.6848472789316116,0.0,0.0,-704.7399303052104,-10.8,-138.18395974549267,2063.5401600000005,3525.861234939005,-3606.6135687112205,1.406472552249296,-8.929988708013564,0.0,0.0,-1153.686301682916,-69.4125,-752.165508389104,674.8351767013817,617.062759475217,-111.98114349644763,2.6017869406517526,-16.51903283538855,0.0,0.0,279.5107552851093,-111.93884413314527,-1333.571457937379,3698.3617105023463,0.0,-0.0,9.322224515874314,-59.18935535513071,0.0,0.0,1506.8063568000591,-22.72897782357385,-5132.571958639574,351.7025999999999,0.0,-0.0,3.175123767100819,-20.163297666477714,0.0,0.0,1275.3847627124082,-30.871000000000002,-1579.2281888130312,11897.664940467246,434.9111909439743,-1055.0888090560256,28.266072819806922,-0.0,0.0,0.0,720.0,-19.512,-12006.241395175,43216.819599347,0.0,-0.0,94.2029201539396,-618.5908414402452,0.0,0.0,3110.0,-50.6715,-45751.7601780607
t269,10294.396029445035,545.1850607402296,-1284.8149392597704,36.5058130515127,-5.575540566037132,0.0,0.0,-749.8756890022166,-39.019999999999996,-8796.800734408753,1561.7244900000003,205.63497596511002,-34.36502403488998,2.7521765653734804,-6.424828588462967,0.0,0.0,-894.5960437383897,-17.911,-816.8147461687411,332.29865,0.0,-0.0,2.090207973497853,-4.86325252037499,0.0,0.0,300.2928850236269,-11.644216683583055,-618.1742737931667,2424.3545900000004,290.4678699956221,-103.99552394231537,4.1273002759154425,-9.627189045225144,0.0,0.0,-1292.6670689339412,-87.42808299315448,-1225.231895356901,860.0285200000001,0.0,-0.0,0.47704436601885314,-1.035545259340779,0.0,0.0,-709.4774173192476,-10.8,-139.1926017874306,2063.5401600000005,4052.280751467567,-1283.8662632629034,2.526209871025536,-5.886810881793032,0.0,0.0,-4001.974715022023,-69.4125,-757.2068321718729,674.8351767013817,94.78083985539328,-634.2630631162713,4.673391804182764,-10.889594747570161,0.0,0.0,1326.4610815124202,-111.93884413314527,-1343.658987876391,4301.195073720952,0.0,-0.0,16.743382712019695,-39.01882023973775,0.0,0.0,913.6761082961655,-22.72897782357385,-5169.866766665825,360.0121208684551,0.0,-0.0,5.699421414903273,-20.65502322609211,0.0,0.0,1278.1608591836052,-30.871000000000002,-1592.3463782408712,11967.145652074225,489.4045928449321,-1000.595407155068,47.6587963019176,-6.964333810827462,0.0,0.0,720.0,-19.512,-12197.137300255179,42470.81276725717,703.056492757406,-0.0,190.27350497678873,-0.0,0.0,0.0,3110.0,-50.6715,-46423.47126499137
t270,7708.442856619087,0.0,-1830.0,74.47289196651873,-0.0,0.0,0.0,3103.1280634645213,-39.019999999999996,-9017.023812050129,1560.013561273254,0.0,-240.0,5.716288122515172,-3.5581859238600857,0.0,0.0,-450.13462642879324,-17.911,-854.1260370431157,332.48685,0.0,-0.0,4.337644423800053,-2.6939799770801613,0.0,0.0,324.932762229054,-11.644216683583046,-647.4190599921909,3296.205116563147,88.02181146477574,-0.0,8.57063653869935,-5.332010191801304,0.0,0.0,-2018.3339824939117,-87.42808299315446,-1281.7034888877542,856.9754700000001,0.0,-0.0,0.9901292201017189,-0.6902607663131218,0.0,0.0,-700.2222423727927,-10.8,-146.2530960809959,5915.771516492529,945.2673832026754,-1166.7,5.244539855884446,-3.2606251585804356,0.0,0.0,-4834.414215741255,-69.4125,-792.4960986512544,1023.5302613510186,536.8402566216121,-0.0,9.702019168878884,-6.031629673974929,0.0,0.0,-44.8916368422224,-111.93884413314527,-1407.210426492166,5934.263597947497,0.0,-0.0,34.76053036201793,-21.611928329633294,0.0,0.0,-516.9360583500791,-22.728977823573853,-5407.747163806229,380.1923858347035,0.0,-0.0,11.834917954380359,-0.0,0.0,0.0,1306.8719365354787,-30.871000000000002,-1668.0282403245628,13100.252725945807,546.5786014718484,-1490.0,103.40159315823388,-0.0,0.0,0.0,720.0,-19.512,-12960.72092057589,41594.842393087434,4219.505077104168,-0.0,393.4053023969483,-0.0,0.0,0.0,3110.0,-50.6715,-49267.08127258856
t271,9712.85488196189,0.0,-1830.0,227.04552940034176,-396.5850711832221,0.0,0.0,2094.315489142609,-39.019999999999996,-9768.610829321617,1833.8354987737753,0.0,-240.0,18.471071663487415,-4.124350505927609,0.0,0.0,-643.3711623357199,-17.911,-946.9000575956147,332.61305,0.0,-0.0,14.020701919875073,-3.1285476499909928,0.0,0.0,385.140494741499,-11.644216683583046,-717.0014823278002,4876.279589344304,0.0,-95.93058687247958,27.696479795319085,-6.1832588814772524,0.0,0.0,-3293.5685103037285,-87.42808299315446,-1420.8656300887849,821.0298700000001,0.0,-0.0,3.2002384253329463,-0.7141818087656236,0.0,0.0,-650.3245578645651,-10.8,-162.39136875200234,11399.042460425933,0.0,-5490.724933683572,16.949587686994683,-3.783268548110362,0.0,0.0,-4973.872742922921,-69.4125,-878.1986029583239,1559.6274863442784,0.0,-729.0439029716646,31.355724450948955,-6.9987201262627465,0.0,0.0,819.5566439887953,-111.93884413314527,-1562.55838755295,4770.145809832355,0.0,-0.0,112.34046374433866,-25.07542548192806,0.0,0.0,1142.5670917737189,-22.72897782357385,-5977.248962044909,622.7512568996103,0.0,-0.0,38.24559063164788,-63.96384301945288,0.0,0.0,1289.5572537803123,-30.871000000000002,-1855.719258292118,16935.72058522728,0.0,-3240.891985364924,331.7392992024253,-344.21098720375426,0.0,0.0,720.0,-19.512,-14382.844911861026,53763.28863196869,0.0,-3740.8789681570834,1241.3133184726817,-265.6878940365219,0.0,0.0,3110.0,-50.6715,-54057.36358824777
t272,10137.65488196189,0.0,-1830.0,370.2848105675912,-370.2848105675912,0.0,0.0,3046.5884788686617,-39.019999999999996,-11315.22336083055,1934.968530662111,0.0,-240.0,22.842631659128763,-20.492636073773394,0.0,0.0,-620.5735960287284,-17.911,-1058.8339302187385,332.29865,0.0,-0.0,17.323030395131067,-15.575467901462751,0.0,0.0,479.3085224045437,-11.644216683583046,-801.7105182146289,5872.376117751801,43.975113046396345,-350.48828089154114,34.24375592064291,-30.73745639912691,0.0,0.0,-3892.6691770667267,-87.42808299315446,-1589.2719893682931,748.18642,0.0,-0.0,3.954667945094693,-3.5542642879172135,0.0,0.0,-556.2312561083551,-10.8,-181.5555675488225,14656.358411317067,1219.6221003592095,-5912.852703291016,20.950730227948547,-18.817750497114552,0.0,0.0,-8913.798415232734,-69.4125,-982.0498728833611,1400.4871079872398,0.0,-729.0439029716646,38.75683176489978,-72.13450687616073,0.0,0.0,1222.0422526595994,-111.93884413314527,-1748.1689384307697,2650.500409865518,0.0,-0.0,138.86149559889287,-124.72021803856695,0.0,0.0,4041.9216693723993,-22.72897782357385,-6683.83437897467,652.0324256741669,0.0,-0.0,59.493649065039364,-0.0,0.0,0.0,1395.046129342842,-30.871000000000002,-2075.701204082048,17971.16679803964,0.0,-3240.891985364924,363.419386442906,-0.0,0.0,0.0,688.3653917884963,-19.512,-15762.54759090612,61446.79258988197,0.0,-6639.144419997978,1825.352330622085,-1466.7847974935416,0.0,0.0,3110.0,-50.6715,-58225.544203012534
t273,10663.222745467825,0.0,-1830.0,363.899828632926,-107.80588512228746,0.0,0.0,3560.0,-39.019999999999996,-12610.296688978462,1797.1049993603265,0.0,-240.0,24.97706870220415,-20.71619481628903,0.0,0.0,-412.0151878125041,-17.911,-1131.4396854337376,332.29865,0.0,-0.0,20.02436078055672,-22.4590879783242,0.0,0.0,537.9466208803694,-11.644216683583046,-856.1663269990188,6265.766026489286,0.0,-394.4633939379375,37.44467256341011,-31.933782339625694,0.0,0.0,-4092.212369917233,-87.42808299315446,-1697.1730698647445,680.98962,0.0,-0.0,4.324640911443046,-3.592899439727802,0.0,0.0,-477.2620894196379,-10.8,-193.6592720520773,15942.120142508662,1235.1322749003639,-5897.342528749861,22.909932229919242,-19.549210702615486,0.0,0.0,-10165.262763370558,-69.4125,-1048.5953468159091,674.8351767013817,0.0,-729.0439029716646,44.80049090032014,-33.3,0.0,0.0,2018.822612232516,-111.93884413314527,-1864.1755327294072,2791.4523331315713,0.0,-0.0,151.8468235048296,-126.07769973179529,0.0,0.0,4349.983177407048,-22.72897782357385,-7144.47565648808,654.4065744937254,0.0,-0.0,54.65867455107851,-34.62035191684331,0.0,0.0,1569.3637501991818,-30.871000000000002,-2212.9376473271423,18332.058692238785,0.0,-3240.891985364924,455.8562553444131,-331.3,0.0,0.0,1200.6362498008182,-19.512,-16396.847212019093,66722.1532028985,54.026688268850194,-6585.117731729128,1652.7835397831418,-2914.8091135767636,0.0,0.0,1910.0,-50.6715,-60788.36508564462
t274,11144.20446557018,0.0,-1830.0,287.28240856506517,-0.0,0.0,0.0,3560.0,-39.019999999999996,-13122.466874135242,2019.592050968153,0.0,-240.0,20.28942804931867,-28.015934636813913,0.0,0.0,-582.1783282719209,-17.911,-1171.7762161087371,332.29865,0.0,-0.0,15.37806957032454,-0.0,0.0,0.0,551.3954921181308,-11.644216683583046,-887.4279950048723,6383.9177714089965,0.0,-394.4633939379375,30.41202652602488,-10.662842203891048,0.0,0.0,-4163.0887088391855,-87.42808299315446,-1758.6867699608522,613.7928199999999,0.0,-0.0,3.5110192450632542,-0.0,0.0,0.0,-405.78407289942055,-10.8,-200.71976634564265,16367.11089242441,4.032526235258956,-7128.442277414966,18.60335991947825,-0.0,0.0,0.0,-8103.974328842677,-69.4125,-1087.9176723215057,2058.583608956173,273.5494020682241,-455.4945009034405,34.414004296239455,-0.0,0.0,0.0,131.639560042835,-111.93884413314527,-1930.7532303268858,3029.8122001977163,0.0,-0.0,123.30409576084213,-46.75871431046121,0.0,0.0,4331.990386692238,-22.72897782357385,-7415.618990516762,658.7591806629164,0.0,-0.0,41.99334795537663,-65.4962034059428,0.0,0.0,1684.234184198484,-30.871000000000002,-2288.619509410834,19577.661513812225,313.9166903369354,-2926.975295027989,352.8145780549231,-331.3,0.0,0.0,-114.23418419848394,-19.512,-16852.37130297761,66891.55445994012,32.99084732170013,-6606.153572676278,1247.7156533429275,-2133.4844857994226,0.0,0.0,3110.0,-50.6715,-62491.95140212905
t275,11776.170983577093,0.0,-1830.0,325.97651293283803,-258.5,0.0,0.0,3560.0,-39.019999999999996,-13534.62749650993,2230.380183383374,0.0,-240.0,23.000383091705974,-7.915286764283253,0.0,0.0,-781.4920125283102,-17.911,-1206.062267182487,332.29865,0.0,-0.0,17.43229780829911,-11.421190748969636,0.0,0.0,585.9734772144916,-11.644216683583046,-912.6390175902379,6456.077853686931,0.0,-394.4633939379375,34.4752640732512,-15.262441196977758,0.0,0.0,-4184.291364018713,-87.42808299315446,-1809.1078356133996,630.95614687002,0.0,-0.0,3.9800480726051717,-6.219364728385658,0.0,0.0,-411.1452116169695,-10.8,-206.77161859727005,16575.23036051545,137.06767753645977,-6995.407126113765,21.088709018009325,-15.869833853131052,0.0,0.0,-8534.531672084904,-69.4125,-1118.1656150181186,2078.894867272213,0.0,-729.0439029716646,39.01158062688647,-71.4209190913025,0.0,0.0,780.7318632884635,-111.93884413314527,-1986.2346449914517,3374.1053180308536,0.0,-0.0,139.7771827899225,-171.64012083628074,0.0,0.0,4304.754919745941,-22.72897782357385,-7624.268321906862,661.1333294824749,0.0,-0.0,29.158379671436943,-0.0,0.0,0.0,1695.7988388905708,-30.871000000000002,-2355.2195480444825,20272.9170854404,0.0,-3240.891985364924,398.9604453873973,-0.0,0.0,0.0,-125.79883889057078,-19.512,-17285.674706572303,67035.27945849072,0.0,-6639.144419997978,1350.925777281257,-543.3828321512286,0.0,0.0,3110.0,-50.6715,-64263.006483622776
t276,11870.425016053654,0.0,-1830.0,370.21009625014545,-96.95892744758909,0.0,0.0,3560.0,-39.019999999999996,-13834.656184856209,1704.3102908297599,0.0,-240.0,25.688525477531943,-7.141920570836195,0.0,0.0,-238.7153632164693,-17.911,-1226.2305325199866,332.29865,0.0,-0.0,19.463744707101895,-5.429317168645883,0.0,0.0,593.0767702865844,-11.644216683583046,-927.7656311414573,6484.061999669794,0.0,-394.4633939379375,38.50166975168936,-37.78798714656418,0.0,0.0,-4163.523730338899,-87.42808299315446,-1839.360475004928,563.75934687002,0.0,-0.0,4.444106443499165,-1.2389045888185235,0.0,0.0,-346.36700400161686,-10.8,-209.79754472308377,14056.968443276473,2073.111335445326,-5059.3634682049,23.549588322954556,-23.11322695408742,0.0,0.0,-9864.417526493127,-69.4125,-1137.32264539264,2084.8063572715073,0.0,-729.0439029716646,43.56362655100507,-12.133977296369656,0.0,0.0,744.2702343688579,-111.93884413314527,-2019.523493790191,2627.7228333325584,0.0,-0.0,156.08869913776857,-43.47097571942643,0.0,0.0,5035.67661939467,-22.72897782357385,-7753.288198321997,659.5505636027692,0.0,-0.0,53.163045187645594,-31.18992947989028,0.0,0.0,1743.9214370174777,-30.871000000000002,-2394.574116328002,20934.408568399867,0.0,-3240.891985364924,202.80313586017155,-125.31254584411103,0.0,0.0,-173.92143701747779,-19.512,-17577.573736033526,67254.6527551054,512.6484307371123,-6126.495989260865,1473.5353854111186,-493.81853317503464,0.0,0.0,3110.0,-50.6715,-65679.85054881775
t277,12580.473000545251,0.0,-1830.0,389.3327023400467,-685.712051092613,0.0,0.0,3560.0,-39.019999999999996,-13975.073651792682,1832.2656422144403,0.0,-240.0,26.694374047600597,-5.479718541955909,0.0,0.0,-360.26304579822397,-17.911,-1235.3062519218615,332.29865,0.0,-0.0,20.219076269319448,-45.18118996237509,0.0,0.0,639.1323978419986,-11.644216683583046,-934.8247174653598,6487.604536006881,0.0,-394.4633939379375,40.00596601182766,-8.219577812933862,0.0,0.0,-4185.029495200091,-87.42808299315446,-1852.4699520745903,496.56254687002,0.0,-0.0,4.616854556585994,-0.9505634205433717,0.0,0.0,-277.614009199103,-10.8,-211.81482880695958,14074.483552229663,1851.3970137648298,-5281.077789885395,24.467297106330484,-5.032394579347262,0.0,0.0,-9449.43641519101,-69.4125,-1145.38876344507,2084.8059083054814,0.0,-729.0439029716646,45.26094014075407,-9.309929971792435,0.0,0.0,753.8718643351749,-111.93884413314527,-2033.6460357048077,3065.314116054912,0.0,-0.0,162.17211355752409,-33.35359296200713,0.0,0.0,4639.338703211255,-22.72897782357385,-7810.742362038111,660.341946542622,0.0,-0.0,55.23955400498617,-0.0,0.0,0.0,1727.0181711860312,-30.871000000000002,-2411.7286717336387,19439.760393312506,1204.0671142136634,-2036.8248711512608,466.78651980481146,-1150.0,0.0,0.0,-157.01817118603122,-19.512,-17747.258984993685,69629.14456163102,0.0,-6639.144419997978,613.7799384229377,-0.0,0.0,0.0,3110.0,-50.6715,-66663.108580056
t278,11462.475316662109,209.73746865842486,-1620.2625313415751,392.0414217751287,-0.0,0.0,0.0,3560.0,-39.019999999999996,-13964.971675754086,1778.651368539884,0.0,-240.0,26.758807500370132,-64.72265907092905,0.0,0.0,-245.45343851371422,-17.911,-1237.3230784556115,332.29865,0.0,-0.0,20.266586706475632,-3.8942663345327975,0.0,0.0,599.8148455838293,-11.644216683583046,-936.841599272189,6482.407433338129,394.4633939379375,-0.0,40.10190898808969,-96.98398860639357,0.0,0.0,-4876.057027337814,-87.42808299315446,-1856.5036373267942,563.75934687002,0.0,-0.0,4.6277575666592154,-11.188624532712183,0.0,0.0,-334.5836510970074,-10.8,-211.81482880695958,16614.106435589707,349.03001548679185,-6783.444788163433,24.525518126406794,-59.30448282024096,0.0,0.0,-8927.086640504502,-69.4125,-1148.4135577147313,1506.9323635051994,729.0439029716646,-0.0,19.83464374816473,-8.703293217445783,0.0,0.0,-96.47897220012419,-111.93884413314527,-2038.6898006743138,2441.2840202660755,0.0,-0.0,162.55815455459356,-393.0802666919304,0.0,0.0,5639.844884069331,-22.728977823573853,-7827.877814374497,687.6446579675463,0.0,-0.0,55.37191198117805,-123.3,0.0,0.0,1827.9285592571614,-30.871000000000002,-2416.774129205885,20245.59030501193,401.17007860790494,-2839.7219067570195,470.11201071738003,-112.0566004396902,0.0,0.0,-257.92855925716145,-19.512,-17887.65332788334,69608.12787680031,1350.5289412295756,-5288.615478768402,1520.3203720963218,-2650.948610658349,0.0,0.0,3110.0,-50.6715,-67598.74160069946
t279,12040.882313795126,0.0,-1830.0,434.90741180652356,-138.1556008044102,0.0,0.0,3560.0,-39.019999999999996,-14028.614124797237,1741.5074197625765,0.0,-240.0,4.92896224957653,-4.92896224957653,0.0,0.0,-244.25651477321514,-17.911,-1239.3399049893615,332.29865,0.0,-0.0,22.324702236197957,-3.7470172203413417,0.0,0.0,598.6179218433302,-11.644216683583046,-937.8500401756037,6443.471604906121,328.8334358477435,-65.62995809019401,7.393443374364795,-7.393443374364795,0.0,0.0,-4760.726519717622,-87.42808299315446,-1858.520479952896,630.95614687002,0.0,-0.0,0.8550240637020513,-0.8550240637020513,0.0,0.0,-408.34131806306044,-10.8,-211.81482880695958,13930.364913735506,1988.980284546403,-5143.494519103822,4.526597984304977,-4.526597984304977,0.0,0.0,-9557.016356706801,-69.4125,-1149.421822471285,2057.055016602114,0.0,-729.0439029716646,49.97833457698457,-8.374206270964208,0.0,0.0,784.0396618526938,-111.93884413314527,-2041.7160596560173,2510.9874089093405,0.0,-0.0,30.001285529310206,-30.001285529310206,0.0,0.0,5347.683125564676,-22.72897782357385,-7835.941556650442,684.0834347382083,0.0,-0.0,60.99998352960537,-155.4720611436702,0.0,0.0,1862.0701380595392,-30.871000000000002,-2420.8104951836817,20267.27069382815,802.6185964107842,-2438.27338895414,519.8284177999583,-1393.9466461488098,0.0,0.0,252.6908418160691,-19.512,-17990.67651475201,70982.24258124459,1350.5289412295756,-5288.615478768402,1654.0230723410236,-2924.434569568046,0.0,0.0,2565.2390201243916,-50.6715,-68288.31206660318
t280,12103.93555909579,0.0,-1830.0,554.6338316837025,-62.0440965493168,0.0,0.0,3317.271992228815,-39.019999999999996,-14044.77728645899,1733.2594562680924,0.0,-240.0,37.77496082071055,-4.540471408688185,0.0,0.0,-265.20938762325363,-17.911,-1243.3735580568614,332.29865,0.0,-0.0,4.10181977348188,-3.4516848974211194,0.0,0.0,619.5707946933687,-11.644216683583046,-940.8753628858475,6376.724243965915,0.0,-394.4633939379375,56.606678664938265,-6.810707113032275,0.0,0.0,-4079.049309442476,-87.42808299315446,-1865.5794291442528,698.1529468700201,0.0,-0.0,6.5311771065227795,-0.787632795384685,0.0,0.0,-480.27302033226067,-10.8,-212.82347084889747,16129.429569235166,900.9329241658354,-6231.54187948439,34.616181787092984,-4.169820681448331,0.0,0.0,-9606.399593524757,-69.4125,-1153.4548814975,2023.4985984156876,0.0,-729.0439029716646,64.03436004950927,-108.71416826067941,0.0,0.0,910.9412875136186,-111.93884413314527,-2048.777330613326,3020.6378057704765,0.0,-0.0,229.44137166544044,-27.636644849821447,0.0,0.0,4660.41922871576,-22.728977823573853,-7860.1327834782805,661.1333294824749,0.0,-0.0,78.1605062389857,-0.0,0.0,0.0,1721.4694829122645,-30.871000000000002,-2429.8923186337247,19373.97250697942,802.6185964107842,-2438.27338895414,671.4240842940624,-671.4240842940624,0.0,0.0,496.09773644186316,-19.512,-18214.90345087793,70533.33921710725,1350.5289412295756,-5288.615478768402,2079.113564023206,-2079.113564023206,0.0,0.0,2705.160788417057,-50.6715,-69249.74196798548
t281,13818.763057329441,0.0,-1830.0,482.9171992560003,-978.4,0.0,0.0,2608.700586743021,-39.019999999999996,-14062.960843328461,1811.9718700465323,0.0,-240.0,49.02524549674972,-65.19767863610414,0.0,0.0,-290.48122578281664,-17.911,-1247.4072111243613,332.29865,0.0,-0.0,28.76743847699161,-49.355378146834276,0.0,0.0,644.8426328529317,-11.644216683583046,-944.909126499506,6247.781902216269,0.0,-394.4633939379375,73.46500320005637,-97.6965179541562,0.0,0.0,-3870.0289535085203,-87.42808299315446,-1871.6299570225583,685.3499005304959,0.0,-0.0,8.476125527879121,-11.271025885854801,0.0,0.0,-457.9228872816848,-10.8,-213.8321128908354,12199.68607190814,3476.698292634971,-3655.776511015254,44.925039885290545,-59.740725278054825,0.0,0.0,-10778.891727611377,-69.4125,-1157.487940523715,1444.1615886400489,334.19776834662963,-394.84613462503495,9.510341764401428,-110.51034176440143,0.0,0.0,886.2729763360385,-111.93884413314527,-2056.847354564535,2378.0372372479633,0.0,-0.0,297.7701828613582,-395.97158475955223,0.0,0.0,5626.209184995429,-22.72897782357385,-7883.316042521625,589.1174819558631,0.0,-0.0,101.43779202958869,-21.000453664212678,0.0,0.0,1801.2994132569788,-30.871000000000002,-2439.983233578217,18462.635506443512,317.624639373373,-1172.375360626627,870.7455359274601,-782.4092463539005,0.0,0.0,720.0,-19.512,-18396.709074763814,69211.20643212335,0.0,-1957.167727520963,2701.692468498978,-2701.692468498978,0.0,0.0,3110.0,-50.6715,-70313.36720460243
t282,13536.71781451781,410.1014847149813,-1419.8985152850187,278.9982555746625,-1134.775229415715,0.0,0.0,2443.969602071916,-39.019999999999996,-14076.093412178634,1964.7875908407073,0.0,-240.0,6.123967636492849,-65.72396763649284,0.0,0.0,-406.92827258447096,-17.911,-1240.3483182562366,332.29865,0.0,-0.0,4.655465193048134,-49.75546519304814,0.0,0.0,663.3040477626014,-11.644216683583046,-938.8584810790182,5832.73835714007,180.82420744642025,-213.63918649151728,9.185951454739271,-98.48595145473926,0.0,0.0,-3762.6579725228203,-87.42808299315446,-1860.5373225789979,752.5467005304959,0.0,-0.0,1.0623209165344738,-11.362320916534475,0.0,0.0,-518.6232296815983,-10.8,-212.82347084889747,13753.39758586833,1992.790218857177,-5139.684584793048,5.624051911064861,-60.22405191106486,0.0,0.0,-9332.060632704619,-69.4125,-1150.4300872278388,1782.883299947813,334.19776834662963,-394.84613462503495,10.404496035469991,-10.404496035469991,0.0,0.0,434.4462291014588,-111.93884413314527,-2044.742318637721,3538.050703844567,0.0,-0.0,37.27496627722433,-399.1749662772243,0.0,0.0,4682.519830629448,-22.728977823573853,-7835.941556650442,607.3192895724793,0.0,-0.0,20.371718182550538,-135.98536153273517,0.0,0.0,1966.0303979280839,-30.871000000000002,-2426.8650441503773,17635.373186809775,897.7561563415204,-761.7023849834557,1026.5414452393616,-1114.877734812921,0.0,0.0,720.0,-19.512,-18383.578668594277,66721.16809686607,431.667460222431,-0.0,3176.610482299499,-3176.610482299499,0.0,0.0,3110.0,-50.6715,-70212.1640570885
t283,11657.426380418421,1621.42530781219,-208.5746921878098,684.0839725977361,-1101.9318509828433,0.0,0.0,1098.0029595276533,-39.019999999999996,-13711.412077185345,1851.579477503476,102.85369460717868,-137.14630539282132,48.10638685271075,-48.10638685271075,0.0,0.0,-606.4229720047216,-17.911,-1192.952894713112,332.61965000000004,0.0,-0.0,36.435077161772206,-36.435077161772206,0.0,0.0,582.5876161430893,-11.644216683583046,-903.5630494595063,4870.936923651842,180.82420744642025,-213.63918649151728,72.0944417561579,-72.0944417561579,0.0,0.0,-2960.7460309481603,-87.42808299315446,-1789.9478306654316,820.0700505304959,0.0,-0.0,8.319727679852765,-8.319727679852765,0.0,0.0,-604.5157160171017,-10.8,-204.75433451339427,9964.842549123336,3234.741778655221,-3897.7330249950037,44.09159726244984,-44.09159726244984,0.0,0.0,-8126.372364844079,-69.4125,-1106.0664379394734,1401.0687916711265,334.19776834662963,-394.84613462503495,81.56294108324138,-81.56294108324138,0.0,0.0,738.5867568477533,-111.93884413314527,-1967.0683381073288,3566.030781003972,0.0,-0.0,292.24450751147106,-292.24450751147106,0.0,0.0,3994.281289260047,-22.728977823573853,-7537.583092440444,353.28536587970564,0.0,-0.0,99.54658365890222,-142.53078491307932,0.0,0.0,2054.5984620355207,-30.871000000000002,-2334.0286266610487,14161.574044910541,2174.2297709324603,-0.0,849.8849074759501,-146.99798827574904,0.0,0.0,720.0,-19.512,-17739.178735043202,58150.75888984219,4810.525067939286,-0.0,2774.756965226504,-626.1198828917852,0.0,0.0,3110.0,-50.6715,-68169.2495401162
t284,11786.653915282075,1830.0,-0.0,421.3061949824828,-0.0,0.0,0.0,-836.0653319749326,-39.019999999999996,-13162.874778289623,1668.4188698522096,240.0,-0.0,30.75658191504538,-0.0,0.0,0.0,-774.6985673303927,-17.911,-1146.5658844368625,332.61685,0.0,-0.0,22.668513348353834,-0.0,0.0,0.0,524.6264711752235,-11.644216683583046,-868.2676178399943,3338.717827197181,394.4633939379375,-0.0,44.837251231563364,-0.0,0.0,0.0,-1971.2320506216624,-87.42808299315446,-1719.3583387518654,887.3253505304959,0.0,-0.0,5.321751904350939,-0.0,0.0,0.0,-685.1619042569558,-10.8,-196.68519817789104,2137.472804360636,6199.549036245263,-932.9257674049622,27.425660037875712,-0.0,0.0,0.0,-6298.3899150745965,-69.4125,-1063.7193181642156,674.8696767013816,729.0439029716646,-0.0,52.16407665693602,-0.0,0.0,0.0,545.2555453801001,-111.93884413314527,-1889.394357576937,3333.363447217782,0.0,-0.0,186.90282137929705,-60.21820931549197,0.0,0.0,3809.9692890483766,-22.72897782357385,-7247.2883705063905,351.7025999999999,0.0,-0.0,63.6550540224317,-0.0,0.0,0.0,1855.6964636548396,-30.871000000000002,-2240.183117677271,12621.794750416979,3111.343451657217,-0.0,538.9388189168621,-0.0,0.0,0.0,720.0,-19.512,-16972.56502099106,55526.37857551171,4685.898593007292,-0.0,1893.299453242566,-0.0,0.0,0.0,3110.0,-50.6715,-65164.90512176159
t285,11699.973398623673,1830.0,-0.0,375.43468606260944,-258.5,0.0,0.0,-670.2873720573307,-39.019999999999996,-12937.60071262895,1728.4692400000004,240.0,-0.0,27.00851150882739,-0.0,0.0,0.0,-827.9756272713403,-17.911,-1149.5911242374875,332.29865,0.0,-0.0,20.474490885665617,-14.9,0.0,0.0,544.055575444741,-11.644216683583046,-870.2844996468236,2441.79915588645,197.57351966735524,-196.88987427058225,40.48514961318024,-29.4,0.0,0.0,-642.747843899178,-87.42808299315446,-1723.392024004069,925.90903,0.0,-0.0,4.6744410708954485,-2.044366268971193,0.0,0.0,-721.0539066240332,-10.8,-196.68519817789104,2068.2262610103203,6915.203410787841,-217.27139286238435,24.766535775371786,-18.0,0.0,0.0,-7637.776467033826,-69.4125,-1065.7358476773231,674.8351767013817,729.0439029716646,-0.0,45.81532941943171,-0.0,0.0,0.0,555.6738045932079,-111.93884413314527,-1893.4293695525419,3432.896591515978,0.0,-0.0,152.6385442053683,-0.0,0.0,0.0,3701.6176649450026,-22.728977823573853,-7264.423822842776,351.7025999999999,0.0,-0.0,55.90280324676114,-0.0,0.0,0.0,1868.4941719027565,-30.871000000000002,-2245.2285751495174,12315.423291325136,3240.891985364924,-0.0,449.59388187485115,-50.722909215443025,0.0,0.0,1177.879042142693,-12.025677660966972,-17121.039613831195,53597.825866570754,6639.144419997978,-0.0,1623.5471776074153,-214.3842625155121,0.0,0.0,2652.120957857307,-43.18517766096697,-64255.06898185697
t286,11231.333318294806,1830.0,-0.0,341.65803995389456,-149.88302244705858,0.0,0.0,15.45948434271179,-39.019999999999996,-13229.547820144351,1930.4575400000006,240.0,-0.0,23.846456529147325,-19.6,0.0,0.0,-1017.2860049604103,-17.911,-1139.5069915687375,332.29865,0.0,-0.0,18.083107529814363,-8.319237194763907,0.0,0.0,532.8071096714536,-11.644216683583046,-863.2254133229212,2411.5634458864497,394.4633939379375,-0.0,35.74803541382065,-16.41513916282274,0.0,0.0,-1028.657527460875,-87.42808299315446,-1709.2741256213558,928.89443,0.0,-0.0,4.128235556727469,-3.4,0.0,0.0,-724.1547514627124,-10.8,-194.66791409401523,2091.0180610103203,7132.474803650225,-0.0,21.87064662731036,-0.0,0.0,0.0,-8119.289546419517,-69.4125,-1056.6614648683392,674.8351767013817,729.0439029716646,-0.0,40.45853132253413,-33.3,0.0,0.0,578.1905547876868,-111.93884413314527,-1877.2893216501227,3199.1396316216787,0.0,-0.0,144.95883722409485,-119.3,0.0,0.0,4003.8922003199677,-22.728977823573853,-7205.961691342168,351.7025999999999,0.0,-0.0,49.362210927676074,-73.17645535438847,0.0,0.0,1929.0384811816948,-30.871000000000002,-2226.055836754982,11966.684930581374,3240.891985364924,-0.0,409.1149821173381,-106.93959488796077,0.0,0.0,1320.0,-9.702,-16820.050303175678,54480.04582689256,6639.144419997978,-0.0,1442.7509867915753,-1402.081203602468,0.0,0.0,2510.0,-40.8615,-63628.99853007965
t287,10126.712764172707,1830.0,-0.0,250.53731668276163,-0.0,0.0,0.0,563.290320586138,-39.019999999999996,-12731.520401441605,1844.704622492585,240.0,-0.0,16.43462538539231,-19.6,0.0,0.0,-999.7522513248639,-17.911,-1063.8759965531133,332.29865,0.0,-0.0,12.681029900619613,-0.0,0.0,0.0,472.40881861125064,-11.644216683583046,-805.7442818282874,2405.50066588645,394.4633939379375,-0.0,25.06657074780788,-12.151340029451625,0.0,0.0,-1129.1202689899387,-87.42808299315446,-1596.3309385596497,977.2036300000001,0.0,-0.0,2.8949196798511263,-0.0,0.0,0.0,-786.734340089091,-10.8,-182.56420959076038,2113.562465214782,7090.956865326261,-41.51793832396379,15.336254359940405,-0.0,0.0,0.0,-8121.83394991089,-69.4125,-987.0911966661299,674.8351767013817,729.0439029716646,-0.0,27.88460805713258,-33.3,0.0,0.0,465.67910680934074,-111.93884413314527,-1752.2039504063746,2760.008812233945,0.0,-0.0,101.64866048151251,-49.30798862291085,0.0,0.0,3943.6042941458654,-22.728977823573853,-6733.224800414839,351.7025999999999,0.0,-0.0,34.020425414309784,-40.6,0.0,0.0,1762.4582701621875,-30.870999999999995,-2076.7102955764976,11636.82539386607,3018.0568788979617,-0.0,283.08534217694404,-146.5963973760579,0.0,0.0,720.0,-19.512,-15491.859217564916,48697.95201328857,6639.144419997978,-0.0,1034.627350406586,-0.0,0.0,0.0,3110.0,-50.6715,-59431.052283693134
t288,8921.689217385867,1830.0,-0.0,174.8421247555506,-0.0,0.0,0.0,723.6999166199773,-39.019999999999996,-11611.211258761392,1643.881622492585,240.0,-0.0,11.578453708274134,-20.863229839742427,0.0,0.0,-881.5502172930021,-17.911,-975.1356290681143,332.29865,0.0,-0.0,8.78105937166,-21.945776248380525,0.0,0.0,430.68902485981084,-11.644216683583046,-738.1787412995074,2410.676061408491,394.4633939379375,-0.0,17.35762672494187,-31.25983934041944,0.0,0.0,-1240.5898345008704,-87.42808299315446,-1463.2193252369248,955.7881734352148,0.0,-0.0,2.0046088491512837,-5.010815187211159,0.0,0.0,-775.556030177401,-10.8,-166.42593691975395,2090.7706652147817,6785.860794647659,-346.6140090025665,10.619731910191028,-36.602640018159654,0.0,0.0,-7529.200291366629,-69.4125,-905.4217513852755,674.8351767013817,729.0439029716646,-0.0,19.645498650106468,-35.355473386140694,0.0,0.0,329.704505486834,-111.93884413314527,-1605.9347662907014,2582.2720828141546,0.0,-0.0,70.38756905573115,-0.0,0.0,0.0,3544.879973759271,-22.72897782357385,-6174.810647805584,351.7025999999999,0.0,-0.0,23.96814093683033,-10.58522651205854,0.0,0.0,1567.9229526120107,-30.871000000000002,-1902.1374670367823,11622.728520578748,2466.7000092216285,-0.0,195.8889887365964,-876.6790737485828,0.0,0.0,720.0,-19.512,-14109.12644478839,46723.8009344816,6639.144419997978,-0.0,720.738256147906,-2674.882805999665,0.0,0.0,3110.0,-50.6715,-54468.12930462782
t289,11580.819724848014,1182.7081518738269,-647.2918481261731,84.84607503842938,-0.0,0.0,0.0,-1160.0,-39.019999999999996,-11002.062103634096,1320.3762759188146,28.294583594736196,-211.7054164052638,5.738632976735062,-47.84430947155638,0.0,0.0,-81.64487220785122,-17.911,-995.3038944056142,330.52855,0.0,-0.0,4.350569540517982,-5.935827284174411,0.0,0.0,436.0062792779663,-11.644216683583046,-753.3053548507268,2507.476573277607,0.0,-394.4633939379375,8.602202691592788,-76.81805726455659,0.0,0.0,-464.9056984581489,-87.42808299315446,-1492.4635433154021,1177.7153751563785,0.0,-0.0,0.9932488082767706,-5.890846003894519,0.0,0.0,-991.5572728732552,-10.8,-170.46050508750557,2031.6133456394657,4618.273844878059,-2514.2009587721664,5.262432589825117,-0.0,0.0,0.0,-3148.973912088495,-69.4125,-922.5622522466894,674.2815767013817,729.0439029716646,-0.0,9.734925613825487,-0.0,0.0,0.0,337.09330094181337,-111.93884413314534,-1638.2148620955395,7116.383124885101,0.0,-0.0,34.879574689715426,-361.9,0.0,0.0,-471.8749075909627,-22.728977823573853,-6294.758814160279,351.7025999999999,0.0,-0.0,11.878137664864365,-106.06569384904623,0.0,0.0,1715.857082998933,-30.871000000000066,-1942.501126814751,13984.241420640983,0.0,-0.0,94.69242677727394,-515.7606223268659,0.0,0.0,720.0,-19.512,-14263.661225091391,62512.8952376223,0.0,-0.0,383.4679853084315,-4661.310899716496,0.0,0.0,3110.0,-50.6715,-61294.380823214255
t290,12979.466067413598,649.1292171663163,-1180.8707828336837,46.62574206237336,-48.647983676906435,0.0,0.0,-2311.7776047634557,-39.019999999999996,-10094.904655368242,1251.06795,0.0,-240.0,3.3082866295309996,-3.4351824264166835,0.0,0.0,-46.12999660749938,-17.911,-946.9000575956147,330.52855,0.0,-0.0,2.5073357117203496,-4.881590377951538,0.0,0.0,400.49140367761447,-11.644216683583046,-717.0014823278002,2652.775463277607,394.4633939379375,-0.0,4.958761051397159,-5.152773639625025,0.0,0.0,-1539.7595528584284,-87.42808299315446,-1419.8572087757339,1082.7679251563786,0.0,-0.0,0.5724638242025725,-0.595898992337588,0.0,0.0,-909.5531212362412,-10.8,-162.39136875200234,2008.8215456394657,4106.189432451692,-3026.285371198534,3.033280640766094,-44.14778457506508,0.0,0.0,-2100.0,-69.4125,-878.1986029583239,674.2815767013817,0.0,-729.0439029716646,5.611202296127339,-96.49711126144902,0.0,0.0,1815.101701952194,-111.93884413314534,-1557.514622583444,6685.468905213614,0.0,-0.0,20.104766099642895,-20.909044054668897,0.0,0.0,-667.551235053721,-22.72897782357385,-5994.384414381294,351.7025999999999,0.0,-0.0,6.847114043758109,-12.23786708011891,0.0,0.0,1529.178404889537,-30.871000000000066,-1844.6192518531766,14661.316350163002,0.0,-742.6822605992198,55.422685253446645,-1098.714826760766,0.0,0.0,720.0,-19.512,-13575.829948056464,54763.322797683926,0.0,-0.0,212.39286294944742,-0.0,0.0,0.0,3110.0,-50.6715,-58035.04416063338
t291,11317.508155044061,576.7102037450163,-1253.2897962549837,18.963556825679355,-0.0,0.0,0.0,-1075.514960491112,-39.019999999999996,-9545.357158868661,1468.2864500000003,0.0,-240.0,1.3769009612962781,-0.0,0.0,0.0,-298.12993117255655,-17.911,-913.62241978874,330.52855,0.0,-0.0,1.0431754196716683,-10.824602228207267,0.0,0.0,382.68755323455343,-11.644216683583046,-691.7904597424345,2743.669533277607,0.0,-394.4633939379375,2.0636459003329013,-0.0,0.0,0.0,-892.3887164975599,-87.42808299315446,-1371.4529857492885,1052.3285751563785,0.0,-0.0,0.1756707859861269,-0.0,0.0,0.0,-885.3647294419898,-10.8,-156.3395165003749,2027.152176024666,4060.711792132289,-3071.763011517937,1.2622036226933158,-0.0,0.0,0.0,-2100.0,-69.4125,-847.9506602617112,674.2815767013817,212.90103578981893,-516.1428671818456,2.334906147821483,-0.0,0.0,0.0,1242.6149065826498,-111.93884413314527,-1504.0507139066808,7466.4063110084735,0.0,-0.0,8.366003081226719,-0.0,0.0,0.0,-1660.2604465679724,-22.72897782357385,-5791.782889698153,351.7025999999999,0.0,-0.0,2.84947185443848,-0.0,0.0,0.0,1456.356324353988,-30.871000000000002,-1780.0373962084263,15171.23591648533,0.0,-2742.612539655008,23.515480069554684,-0.0,0.0,0.0,720.0,-19.512,-13152.626856899878,53299.113097548965,0.0,-0.0,93.11504000957892,-642.981722231556,0.0,0.0,3110.0,-50.6715,-55808.574915326986
t292,9742.44292955845,0.0,-1830.0,24.900932883882014,-169.4103285180239,0.0,0.0,1540.6596790907024,-39.019999999999996,-9269.57321301501,1672.3885500000004,0.0,-240.0,1.8509622133182209,-0.9268659700204056,0.0,0.0,-514.8885989239325,-17.911,-900.5130473193652,330.52855,0.0,-0.0,1.402622711568843,-18.834036970946872,0.0,0.0,380.2531316512493,-11.644216683583055,-681.7060507082882,2777.739783277607,394.4633939379375,-0.0,2.7742881280240916,-1.3902989550306084,0.0,0.0,-1734.874523907114,-87.42808299315448,-1351.2845594882695,1135.7415251563784,0.0,-0.0,0.22198477118365773,-0.0,0.0,0.0,-970.841277511063,-10.8,-154.32223241649913,2049.943976024666,4961.218459471729,-2171.2563441784964,1.6969603455184925,-0.8512034418554746,0.0,0.0,-3935.4878650384944,-69.4125,-835.8514831830661,674.2815767013817,0.0,-729.0439029716646,3.1391611200138874,-1.574726367432628,0.0,0.0,1646.9948836917004,-111.93884413314527,-1481.8581480408545,7397.110615709563,0.0,-0.0,11.247578945919987,-5.641587256297673,0.0,0.0,-1672.8740337748904,-22.72897782357385,-5707.113595800721,351.7025999999999,0.0,-0.0,3.830749283089795,-1.9199366521851258,0.0,0.0,1431.0586047218421,-30.871000000000002,-1753.8010173527466,14808.65049941561,0.0,-2486.084953114182,31.74926475133612,-14.28942221584773,0.0,0.0,720.0,-19.512,-13040.513388836916,51918.38297243903,0.0,-0.0,110.65101122172082,-522.0065946811771,0.0,0.0,3110.0,-50.6715,-54566.355888979575
t293,9615.758758269769,0.0,-1830.0,32.44757175068925,-23.56881633789776,0.0,0.0,1410.9155437387767,-39.019999999999996,-9166.533057421339,1456.4302000000002,240.0,-0.0,2.530746738836674,-0.0,0.0,0.0,-773.4780065513464,-17.911,-907.5719401874901,330.52855,0.0,-0.0,1.9215441275803808,-0.0,0.0,0.0,365.94237778136414,-11.644216683583055,-686.7482552253614,2728.0338,227.16677168216341,-167.29662225577408,3.7949960516841523,-0.0,0.0,0.0,-1341.8936685530894,-87.42808299315448,-1362.3771939318299,1127.1498751563786,0.0,-0.0,0.43857122867888654,-0.0,0.0,0.0,-961.4575719266204,-10.8,-155.33087445843702,2059.05792,4861.313301526719,-2271.1615021235057,2.3226411329382395,-0.0,0.0,0.0,-3739.21052405721,-69.4125,-842.9093364789424,674.2815767013817,729.0439029716646,-0.0,4.296773690278657,-0.0,0.0,0.0,197.27102174358788,-111.93884413314527,-1492.9544309737676,6278.566998055716,0.0,-0.0,15.394211566507199,-93.38390098633026,0.0,0.0,-426.3841524938953,-22.728977823573853,-5751.464178318423,355.26382322933785,0.0,-0.0,5.240494727264619,-0.0,0.0,0.0,1438.2949803184333,-30.871000000000002,-1767.9282982750358,14443.299632812224,0.0,-1910.7942347986934,41.05530117202152,-82.03062377706459,0.0,0.0,720.0,-19.512,-13192.018075408487,51973.63613813622,0.0,-0.0,171.92401938051046,-306.14988209436706,0.0,0.0,3110.0,-50.6715,-54898.738775422375
t294,9941.442956961435,0.0,-1830.0,82.63134334670022,-48.981079386488325,0.0,0.0,1302.907261425977,-39.019999999999996,-9408.980482347624,1400.601285262487,0.0,-240.0,6.609970645490104,-7.912734384443469,0.0,0.0,-194.48746392791895,-17.911,-946.9000575956147,330.52975,0.0,-0.0,5.015777230530983,-1.4145946141237582,0.0,0.0,394.51476639497605,-11.644216683583046,-717.0014823278002,3170.714066439894,394.4633939379375,-0.0,9.910560652073505,-2.7912135339086226,0.0,0.0,-2064.0030944140567,-87.42808299315446,-1420.8656300887849,1108.94349,0.0,-0.0,1.1449232546856032,-1.0149990919163572,0.0,0.0,-935.8820454107671,-10.8,-162.39136875200234,4374.941208694233,4454.2630439093755,-2678.2117597408496,6.064460983273181,-8.095220018307462,0.0,0.0,-5200.342366112848,-69.4125,-879.2068677148777,868.8502989322573,729.0439029716646,-0.0,11.218813287439218,-13.840361418289415,0.0,0.0,76.1983189313205,-111.93884413314527,-1559.5321285712464,4715.790977409621,0.0,-0.0,40.194925312909405,-11.326250836574788,0.0,0.0,1277.4935792413787,-22.72897782357385,-5999.42425330376,354.07674881955853,0.0,-0.0,13.68517512597548,-3.8545329753976225,0.0,0.0,1513.6010438719386,-30.871000000000002,-1846.637434842075,12548.972200308132,0.0,-0.0,112.27317442322607,-0.0,0.0,0.0,1319.2215178383406,-9.714728183343132,-13970.752164386357,54522.445331389354,0.0,-0.0,438.4522533443228,-0.0,0.0,0.0,2510.7784821616597,-40.874228183343135,-57430.80183871199
t295,9225.050457697387,0.0,-1830.0,232.40698756577123,-191.1763795294436,0.0,0.0,2686.5314159920736,-39.019999999999996,-10083.792481725788,1413.8520181261517,0.0,-240.0,19.799466056870624,-18.56360135964088,0.0,0.0,-108.42708527339255,-17.911,-1048.7497975499887,330.80135,0.0,-0.0,11.697365327387242,-0.0,0.0,0.0,462.78849234350764,-11.644216683583046,-793.6429909873119,4375.030613811984,180.82420744642025,-213.63918649151728,23.117657310065685,-6.723956432436479,0.0,0.0,-2698.044004291883,-87.42808299315446,-1573.137248359478,994.52844,0.0,-0.0,3.3624406170807632,-1.3440469172498766,0.0,0.0,-806.2085502348843,-10.8,-179.5382834649467,9307.837908995687,2266.838433444655,-4865.6363702055705,18.167166664624478,-0.0,0.0,0.0,-5685.827413581572,-69.4125,-971.9672253178235,1374.3791050069933,334.1977683466297,-394.846134625035,32.9464781318613,-0.0,0.0,0.0,493.255505825442,-111.93884413314527,-1727.9938785527459,6362.845187190314,0.0,-0.0,120.41071807162376,-0.0,0.0,0.0,163.83735225120586,-22.72897782357385,-6624.364279689569,397.99850198139325,0.0,-0.0,31.92211895201689,-10.66999118209564,0.0,0.0,1662.0942869695032,-30.871000000000002,-2050.4739167208177,15242.652656798626,0.0,-894.8392481877887,318.31393472158027,-0.0,0.0,0.0,720.0,-19.512,-15366.615343332418,59109.32752895624,0.0,-0.0,1261.8443450683528,-1829.5335451063756,0.0,0.0,3110.0,-50.6715,-61600.96682891821
t296,8341.593191409818,1251.0843265311653,-578.9156734688347,344.20073463965537,-146.72287389776108,0.0,0.0,2424.848787093315,-39.019999999999996,-11597.068492307359,1616.4853113110235,0.0,-240.0,28.070545603687634,-0.0,0.0,0.0,-210.83498773847396,-17.911,-1175.8098691762373,331.01715,0.0,-0.0,21.290939103566917,-15.406949513456624,0.0,0.0,565.196394808589,-11.644216683583046,-890.4533177151161,5299.954458108192,0.0,-394.4633939379375,42.08256538923159,-29.4,0.0,0.0,-3067.016670040225,-87.42808299315446,-1763.728876526107,874.1152169526754,0.0,-0.0,4.860363884115258,-3.4,0.0,0.0,-663.04717244921,-10.8,-201.72840838758054,12242.697839706214,1026.5693059896687,-6105.905497660557,25.74775210388067,-11.674680726019373,0.0,0.0,-6018.088017578574,-69.4125,-1089.9342018346133,1695.3706131345634,0.0,-729.0439029716646,47.63101609054925,-33.3,0.0,0.0,1070.1043721577926,-111.93884413314527,-1938.8232542780954,7185.15369670703,0.0,-0.0,170.65580492563464,-119.3,0.0,0.0,208.89424119912474,-22.728977823573853,-7422.674765008214,456.1651480605797,0.0,-0.0,58.10958972488175,-40.6,0.0,0.0,1859.9430525476619,-30.871000000000002,-2302.746790333123,18030.06575043582,0.0,-1856.9818548308351,390.90190687745985,-331.3,0.0,0.0,720.0,-19.512,-16933.17380248245,63283.91612998263,0.0,-0.0,1714.5549609346347,-983.9252944812258,0.0,0.0,3110.0,-50.6715,-67073.87429643606
t297,12492.719550614815,0.0,-1830.0,368.25990315148056,-320.273708986719,0.0,0.0,2403.3018419742693,-39.019999999999996,-13074.987586753845,1870.7317341313403,0.0,-240.0,28.091788186480223,-19.6,0.0,0.0,-358.7791121903348,-17.911,-1262.5334101274861,331.27575,0.0,-0.0,21.30161211761052,-14.9,0.0,0.0,629.9688310030396,-11.644216683583046,-956.0019764370669,5710.127275955816,0.0,-394.4633939379375,42.1117987877255,-29.4,0.0,0.0,-3346.12395058972,-87.42808299315446,-1894.8236472227302,805.4827669526753,0.0,-0.0,4.863028841575105,-3.4,0.0,0.0,-579.287756777601,-10.8,-216.8580390166491,13744.805671690947,216.213016897319,-6916.261786752906,25.76371750857043,-0.0,0.0,0.0,-5830.512736985014,-69.4125,-1170.5953823589139,1831.4508932067756,0.0,-729.0439029716646,47.660289041655815,-33.3,0.0,0.0,1078.2464972623447,-111.93884413314527,-2083.074932405966,7804.46217189743,0.0,-0.0,144.10375299038026,-119.3,0.0,0.0,166.488228277286,-22.728977823573853,-7973.025175341523,479.90663625616605,0.0,-0.0,58.149458613145725,-40.6,0.0,0.0,2006.6981580257307,-30.871000000000002,-2473.2832528950416,17763.30074607652,0.0,-623.4572835721822,461.4444273714609,-331.3,0.0,0.0,720.0,-19.512,-17970.475889875797,68117.22002451487,0.0,-0.0,1702.4890072607236,-872.998075616729,0.0,0.0,3110.0,-50.6715,-72006.03945615889
t298,13486.380001238516,0.0,-1830.0,199.88549278486437,-258.5,0.0,0.0,2325.410373421945,-39.019999999999996,-13884.155867445324,1923.3704596399634,0.0,-240.0,18.69663998107084,-52.64463188263235,0.0,0.0,-313.51532793279125,-17.911,-1317.9961398056107,331.46735,0.0,-0.0,9.648185157743477,-0.0,0.0,0.0,667.8767350029063,-11.644216683583046,-997.3480534770666,5946.007086269841,118.41597638651501,-276.0474175514225,34.1699301933077,-36.312406305486654,0.0,0.0,-3722.2993124197437,-87.42808299315446,-1976.5057735798569,759.4817899999998,0.0,-0.0,3.9450752633690174,-0.0,0.0,0.0,-526.6910478692788,-10.8,-225.9358173940902,14475.040201258078,50.92389451088002,-7081.550909139345,7.899155108088699,-18.0,0.0,0.0,-6142.882956794545,-69.4125,-1222.0168849431557,1852.7326999333363,0.0,-729.0439029716646,38.66755532388655,-41.07002280911705,0.0,0.0,1163.506463519876,-111.93884413314527,-2172.8539488631727,7632.190367284557,0.0,-0.0,77.30722503713467,-0.0,0.0,0.0,634.0054464935765,-22.72897782357385,-8320.774060991691,516.7059429593248,0.0,-0.0,26.31899668486853,-17.505706410037497,0.0,0.0,2084.589626578055,-30.871000000000002,-2579.2378598122095,18890.540032976132,0.0,-1161.2616148133798,373.87994326974786,-126.14860088938173,0.0,0.0,720.0,-19.512,-18677.497760543123,74418.45312280068,0.0,-0.0,1400.4875243867587,-2140.4864508921078,0.0,0.0,3110.0,-50.6715,-76737.78269629534
t299,10666.862230810148,1830.0,-0.0,339.6888508399081,-565.3488000742137,0.0,0.0,2201.521082369067,-39.019999999999996,-14433.703363944907,2009.9502160084878,0.0,-240.0,24.319236112803676,-19.6,0.0,0.0,-395.4005418400566,-17.911,-1361.3579102812353,331.66275,0.0,-0.0,18.430484760389543,-57.58436369722869,0.0,0.0,749.7619489101717,-11.644216683583046,-1030.6266032897493,6080.360451865012,0.0,-394.4633939379375,36.45142483643248,-24.633576691176064,0.0,0.0,-3567.225242837958,-87.42808299315446,-2043.0615802412194,811.7224399999999,0.0,-0.0,2.1189212801948414,-2.84878097789111,0.0,0.0,-567.1962686146483,-10.8,-232.99631168765552,14959.504037341609,653.4474143763368,-6479.027389273889,22.2970467165948,-72.6,0.0,0.0,-7751.8611339553445,-69.4125,-1262.347475205306,1890.2599893911151,0.0,-729.0439029716646,41.24679349242308,-27.90129604816881,0.0,0.0,1183.8701776874004,-111.93884413314527,-2246.4929174179597,6822.683674100181,0.0,-0.0,147.786270915967,-461.8586972536498,0.0,0.0,2108.051060650436,-22.728977823573853,-8593.933330589358,563.3975364106445,0.0,-0.0,50.33245728216428,-123.3,0.0,0.0,2208.478917630933,-30.871000000000002,-2668.0379113237414,19782.415575397656,0.0,-159.55800203649864,400.8849108333502,-1255.878259747788,0.0,0.0,720.0,-19.512,-19468.352224446717,77529.89381649213,0.0,-0.0,1456.6965310833193,-608.1429182068822,0.0,0.0,3110.0,-50.6715,-81437.77592936858
t300,14791.874980761442,0.0,-1830.0,390.70762407798543,-218.29798300180448,0.0,0.0,1804.1398374865275,-39.019999999999996,-14899.404459324149,1994.8898157513686,0.0,-240.0,27.360854506782747,-0.0,0.0,0.0,-364.6620558356667,-17.911,-1399.6776144224848,331.76135,0.0,-0.0,20.73079326657488,-0.0,0.0,0.0,719.0234629057818,-11.644216683583046,-1059.8713894887735,6182.919902882491,180.82420744642025,-213.63918649151728,41.00811548257129,-11.390629583249288,0.0,0.0,-3992.7611529714886,-87.42808299315446,-2099.5331737720726,889.60384,0.0,-0.0,4.73341028639183,-10.3,0.0,0.0,-633.180444305171,-10.8,-240.05680598122086,15174.885588683112,580.604106466204,-6551.870697184021,25.08264241802933,-18.10878757114201,0.0,0.0,-7844.551875884046,-69.4125,-1296.6284769281338,1921.9867880457764,729.0439029716646,-0.0,46.39957184559398,-0.0,0.0,0.0,-275.4470626961547,-111.93884413314527,-2310.044356033735,4295.483156135817,0.0,-0.0,166.24991882426838,-166.24991882426838,0.0,0.0,4552.003774926066,-22.728977823573853,-8824.75795323831,513.5404111999133,0.0,-0.0,56.62393732781697,-0.0,0.0,0.0,2205.435516374152,-30.871000000000002,-2744.728864901882,19185.26566144295,0.0,-223.36811232602406,451.37664012467894,-0.0,0.0,0.0,720.0,-19.512,-20113.762189241606,81307.41014941545,0.0,-0.0,1449.561691511537,-0.0,0.0,0.0,3110.0,-50.6715,-85816.300340927
t301,11352.511833206829,1830.0,-0.0,426.85648886722754,-456.1655855004918,0.0,0.0,2112.525746401073,-39.019999999999996,-15226.708482974635,1910.1621610804975,102.85369460717868,-137.14630539282132,28.85352982564894,-73.92454441539823,0.0,0.0,-393.04165594512153,-17.911,-1419.8458797599844,331.76975,0.0,-0.0,18.35898384045331,-10.88957713211396,0.0,0.0,747.4030630152366,-11.644216683583046,-1074.998003039993,6275.587540502577,180.82420744642022,-213.63918649151725,35.443122225719364,-0.0,0.0,0.0,-4061.0017875264457,-87.42808299315446,-2129.785813163601,835.22064,0.0,-0.0,4.99081119250405,-2.4848699496098967,0.0,0.0,-583.8438491358596,-10.8,-243.08273210703456,15189.352118058783,1409.7701458312774,-5722.704657818947,26.448143034692684,-13.155193850875921,0.0,0.0,-9505.520812708828,-69.4125,-1314.7772425461014,1926.763482517174,0.0,-729.0439029716646,48.92535274531137,-24.337108624120457,0.0,0.0,1233.9729782928207,-111.93884413314527,-2344.3419578263756,4468.086022143205,0.0,-0.0,175.3010756961878,-0.0,0.0,0.0,4322.032064008197,-22.728977823573853,-8942.690184024019,564.9803022903504,0.0,-0.0,59.70969669945707,-103.17345342553573,0.0,0.0,2297.474253598927,-30.871000000000002,-2788.1197991631984,20388.798075594033,0.0,-0.0,481.82119440153133,-946.2692713858657,0.0,0.0,720.0,-19.512,-20624.837998609702,88851.45352986657,0.0,-0.0,1773.194625104744,-4294.808331714434,0.0,0.0,3110.0,-50.6715,-89389.1683232569
t302,15006.743434397678,0.0,-1830.0,422.6211836888999,-232.20847057161126,0.0,0.0,2040.0,-39.019999999999996,-15368.136147514968,1903.375869194048,102.85369460717868,-137.14630539282132,28.08893982340512,-27.390438666119643,0.0,0.0,-404.79772160008247,-17.911,-1447.0730379656093,331.76055,0.0,-0.0,21.275324095917977,-4.375524070832205,0.0,0.0,759.1591286701976,-11.644216683583046,-1096.1752620117002,6161.877907431898,394.4633939379375,-0.0,42.09593789469728,-87.83150813801657,0.0,0.0,-4252.046561134672,-87.42808299315446,-2171.1310869986896,925.0711399999999,0.0,-0.0,4.858041296554003,-0.0,0.0,0.0,-671.0032389798299,-10.8,-248.12594231672406,14967.937785325455,1505.1983404568457,-5627.27646319338,16.532087640051536,-0.0,0.0,0.0,-9451.987124012472,-69.4125,-1340.9921262164992,1912.3609690030175,0.0,-729.0439029716646,47.625414623803195,-78.15537968292135,0.0,0.0,1350.9050917006425,-111.93884413314527,-2391.7533485397316,4604.237524372477,0.0,-0.0,109.57580915777534,-40.96854128754669,0.0,0.0,4461.912957399749,-22.728977823573853,-9112.028771818883,569.3329084595412,0.0,-0.0,57.130508651257074,-86.80277922601054,0.0,0.0,2337.8574679564663,-30.871000000000002,-2846.6471058412535,20497.727671629316,0.0,-0.0,473.40347876376916,-473.40347876376916,0.0,0.0,770.9978520185622,-18.678185119496508,-21250.04733852838,89985.93248672353,0.0,-0.0,1757.9165270279518,-2354.5397963982905,0.0,0.0,3059.0021479814377,-49.837685119496506,-92398.47368021515
t303,14333.867718295944,390.9688467408355,-1439.0311532591645,458.190167767009,-150.5551687651207,0.0,0.0,2040.0,-39.019999999999996,-15594.420410779501,2003.409159338186,102.85369460717868,-137.14630539282132,25.72017562729917,-0.0,0.0,0.0,-507.66759434298285,-17.911,-1469.2581298368589,331.71075,0.0,-0.0,3.426549589917797,-48.5265495899178,0.0,0.0,837.3437831499174,-11.644216683583046,-1112.3103164663341,6058.309254447786,148.00922840132318,-246.45416553661428,44.52057989136125,-6.7611112713814245,0.0,0.0,-3705.7867126099495,-87.42808299315446,-2204.408990329371,815.7161399999999,0.0,-0.0,0.781897221860437,-11.298441734283859,0.0,0.0,-542.239085003101,-10.8,-252.16051048447568,14631.213335511216,2241.839898471504,-4890.634905178721,27.226432214714187,-64.0253238854698,0.0,0.0,-10515.049515785668,-69.4125,-1361.1574213475744,1875.362766252535,0.0,-729.0439029716646,50.364671213277234,-17.436849188119133,0.0,0.0,1362.778121135094,-111.93884413314527,-2430.0859623079773,4617.619917324324,0.0,-0.0,180.46060863005837,-361.9,0.0,0.0,4830.62100345669,-22.728977823573853,-9244.072551587498,535.3034420458674,0.0,-0.0,61.47274673770077,-61.47274673770077,0.0,0.0,2387.4951913888935,-30.742410343291635,-2892.0562230914684,21183.044998984944,0.0,-0.0,506.5796552022298,-506.5796552022298,0.0,0.0,702.5048086111067,-19.383410343291636,-21866.166397252764,90124.67386111539,0.0,-0.0,1592.7452856770244,-0.0,0.0,0.0,3110.0,-50.6715,-94776.74764679241
t304,13164.729094248198,1438.847102917327,-391.1528970826731,605.2607224597914,-978.4,0.0,0.0,1948.7166216273654,-39.019999999999996,-15748.98064417001,2009.8101993137598,102.85369460717868,-137.14630539282132,39.2160955743485,-65.63477235893313,0.0,0.0,-433.6942104341739,-17.911,-1497.4937013093586,331.57475,0.0,-0.0,29.694531712484412,-4.1931070951488305,0.0,0.0,788.055617504289,-11.644216683583046,-1133.4875754380414,6088.205195385911,0.0,-394.4633939379375,8.273647556870845,-8.273647556870845,0.0,0.0,-3359.5510329773083,-87.42808299315446,-2246.762685477511,875.72014,0.0,-0.0,4.493733124347704,-0.0,0.0,0.0,-612.2101524301826,-10.8,-257.2037206941652,14154.207305755248,2083.864113696868,-5048.610689953357,35.938620103020895,-5.065498504206641,0.0,0.0,-9764.557310836153,-69.4125,-1386.3640402614183,1824.959694075306,454.54905996826176,-274.49484300340276,59.83011961703606,-9.371172232782286,0.0,0.0,533.9633387300601,-111.93884413314527,-2477.4973530213333,4585.813291129609,0.0,-0.0,183.05935240676524,-35.03355850001895,0.0,0.0,4699.277128816102,-22.72897782357385,-9410.387236028882,485.0506253652097,0.0,-0.0,81.14448569453955,-81.14448569453955,0.0,0.0,2497.4850721131806,-29.933984719968123,-2952.6017127584214,21538.838042333966,0.0,-0.0,670.7111881258329,-670.7111881258329,0.0,0.0,986.8854095461402,-12.127027344838233,-22513.59642453527,92035.07702511952,0.0,-0.0,2406.9910566505027,-351.3587815231652,0.0,0.0,2715.629518340679,-44.223542624870106,-96762.11527596269
t305,16230.952301016445,0.0,-1830.0,759.0129480021498,-1060.358309733278,0.0,0.0,1772.2401060050333,-39.019999999999996,-15832.82704529035,1803.2727675651367,209.50401415102647,-30.495985848973547,48.66596652749548,-4.975251233652189,0.0,0.0,-492.41537104792405,-17.911,-1515.6451401131085,331.38435,0.0,-0.0,29.9710429463605,-48.88220629497029,0.0,0.0,846.7767781180391,-11.644216683583046,-1147.6057480858462,5948.517956251146,180.82420744642025,-213.63918649151728,72.92564322195824,-96.76287685047828,0.0,0.0,-3530.447599654487,-87.42808299315446,-2273.9900609298866,855.36934,0.0,-0.0,8.413630421781576,-0.781897221860437,0.0,0.0,-591.9714263799424,-10.8,-260.2296468199789,13661.767859299043,2563.1308442385375,-4569.343959411688,28.295986676988775,-59.16910827580303,0.0,0.0,-10152.772846160799,-69.4125,-1402.4962763662784,1744.5270294619543,0.0,-729.0439029716646,82.4924852880573,-109.4528503102356,0.0,0.0,1634.2022844851072,-111.93884413314527,-2510.7862018200726,5379.152771109481,0.0,-0.0,295.5795085369414,-453.1914264106311,0.0,0.0,4314.388074634973,-22.728977823573853,-9513.199950047192,479.5109447862396,0.0,-0.0,100.69287748379281,-0.0,0.0,0.0,2445.098757388452,-30.31902413319488,-2994.983555525289,20833.917442727612,337.15656873056696,-0.0,848.1341275556214,-0.0,0.0,0.0,1244.901242611548,-9.150024133194878,-23254.959357492153,93625.43253428955,0.0,-0.0,2112.169563048378,-0.0,0.0,0.0,2510.0,-40.8615,-98206.74059733795
t306,13313.216589034664,784.2594213797375,-1045.7405786202623,899.3149307516359,-0.0,0.0,0.0,2040.0,-39.019999999999996,-15952.030362545775,1709.319150256296,240.0,-0.0,57.530538498902644,-0.0,0.0,0.0,-474.30196190896584,-17.911,-1514.6367268462334,331.12095,0.0,-0.0,43.557204886933796,-45.1,0.0,0.0,828.6633689790809,-11.644216683583046,-1146.5973071824315,5630.956022328056,180.82420744642025,-213.63918649151728,86.21042030105623,-89.3,0.0,0.0,-3235.6501622870755,-87.42808299315446,-2271.9732183037845,853.4164251563785,0.0,-0.0,7.694809992053423,-11.256816384127921,0.0,0.0,-578.8247719443253,-10.8,-260.2296468199789,12138.001569135076,2734.7442557460736,-4397.7305479041515,52.719156345489175,-0.0,0.0,0.0,-9056.833921712763,-69.4125,-1401.4880116097247,1572.387988118418,429.3172703107014,-299.72663266096316,97.5219004944252,-101.0,0.0,0.0,925.233272684538,-111.93884413314527,-2511.794954813974,6217.946192005415,0.0,-0.0,349.4307766275282,-402.31360485705966,0.0,0.0,3351.714176189511,-22.728977823573853,-9494.048562141821,441.9202551432279,0.0,-0.0,119.03622090197334,-0.0,0.0,0.0,2468.2125829730335,-30.149137515148205,-2999.0199215030857,21239.532523992973,1750.8919853649243,-0.0,764.0805303049061,-1331.5711827659263,0.0,0.0,1221.7874170269665,-8.980137515148202,-23635.7411364087,97001.53957690267,0.0,-0.0,3595.0994835793695,-4822.3260174772695,0.0,0.0,2510.0,-40.8615,-98243.45154300478
t307,14680.794957366386,784.2594213797377,-1045.7405786202623,749.901132664026,-1152.766731170998,0.0,0.0,1767.5116521356795,-39.019999999999996,-15744.939853754571,1716.7076115381333,240.0,-0.0,42.499434613934554,-66.23961990945826,0.0,0.0,-444.78988313887635,-17.911,-1470.266543103734,330.85915,0.0,-0.0,6.797598852674644,-11.845065008334236,0.0,0.0,799.1512902089914,-11.644216683583046,-1113.3187573697487,4805.90210708269,180.82420744642025,-213.63918649151728,70.87250285005675,-9.959429864187383,0.0,0.0,-2541.154706387887,-87.42808299315446,-2205.417411642422,936.2256751563785,0.0,-0.0,7.347400928027316,-11.163053785429462,0.0,0.0,-669.4495118145007,-10.8,-252.16051048447568,9045.189074695592,3901.4442557460734,-3231.0305479041513,38.943424680705796,-6.0976101209310505,0.0,0.0,-8318.886940506269,-69.4125,-1360.1491565910205,1257.3611944978074,239.07826638255784,-489.96563658910674,20.971649316490222,-11.280578723722446,0.0,0.0,1533.9299355083058,-111.93884413314527,-2438.1559862591866,7560.858396312733,0.0,-0.0,287.289775897361,-287.289775897361,0.0,0.0,1673.6881639945568,-22.72897782357385,-9211.817582483714,359.6164293985287,0.0,-0.0,97.85929542706981,-24.059375939300203,0.0,0.0,2507.6717254178843,-29.859112818178552,-2911.2289614860033,19563.385985140092,1061.4912250891198,-0.0,835.9530481846863,-0.0,0.0,0.0,1782.3282745821157,-18.50011281817855,-23224.65842017784,91516.45985729105,0.0,-0.0,3163.0846815085515,-0.0,0.0,0.0,1910.0,-50.6715,-96538.87303879962
t308,13370.302594431383,784.2594213797377,-1045.7405786202623,456.83387046497,-316.69227979242424,0.0,0.0,2040.0,-39.019999999999996,-15249.943027863404,1547.269851200379,240.0,-0.0,28.816353341307895,-0.0,0.0,0.0,-382.36297784920214,-17.911,-1415.8122266924845,330.84435,0.0,-0.0,21.832237635732284,-5.784075541717291,0.0,0.0,736.7243849193172,-11.644216683583046,-1071.972680329749,3884.0104196218836,394.4633939379375,-0.0,43.18894650399285,-0.0,0.0,0.0,-2111.5078130984148,-87.42808299315446,-2122.7268639722442,815.5719251563785,0.0,-0.0,4.984957484687884,-1.15177080062031,0.0,0.0,-565.5223797334116,-10.8,-243.08273210703456,4734.1352481522745,5882.249168981798,-1250.2256346684271,26.41606915985514,-0.0,0.0,0.0,-8013.426432862169,-69.4125,-1309.7359187633326,754.675116120612,729.0439029716646,-0.0,40.725004170502004,-0.0,0.0,0.0,932.8455316906447,-111.93884413314527,-2345.3507108202766,7563.579365518828,0.0,-0.0,175.08813897245489,-0.0,0.0,0.0,1163.2496869332363,-22.728977823573853,-8879.188213600944,351.7025999999999,0.0,-0.0,59.63510069447222,-0.0,0.0,0.0,2416.393926558565,-30.530004639794548,-2797.2016226132414,18393.97259057222,2324.2931164903102,-0.0,513.0980476263364,-545.9415866161631,0.0,0.0,1873.6060734414352,-19.171004639794546,-22539.857236874344,92687.18822732076,0.0,-0.0,2055.610234608961,-3499.2,0.0,0.0,1910.0,-50.6715,-93102.92696192973
t309,14765.920808124714,1830.0,-0.0,384.22798010875357,-770.6025924847729,0.0,0.0,-1160.0,-39.019999999999996,-15010.526195748696,1555.4260482524612,240.0,-0.0,25.066761457078066,-19.6,0.0,0.0,-379.2705422195547,-17.911,-1403.7112674899847,330.52855,0.0,-0.0,10.380429592930902,-0.0,0.0,0.0,733.6319492896698,-11.644216683583046,-1062.8967121990174,2795.2796316897793,394.4633939379375,-0.0,30.383544983537995,-118.69999999999999,0.0,0.0,-909.4232072807722,-87.42808299315446,-2104.575280337327,966.4810751563786,0.0,-0.0,4.33710901927979,-13.700000000000001,0.0,0.0,-705.2527361524997,-10.8,-241.06544802315875,2077.1969456394654,6004.356990717942,-1128.1178129322834,22.981566527101812,-18.0,0.0,0.0,-5590.360183510985,-69.4125,-1298.6450064412413,674.2815767013817,729.0439029716646,-0.0,42.513007914925446,-33.3,0.0,0.0,1021.5497485057222,-111.93884413314527,-2322.1493919605496,7994.0306785137855,0.0,-0.0,152.32345963401048,-94.03998516129053,0.0,0.0,789.1249713684192,-22.728977823573853,-8818.71014653135,351.7025999999999,0.0,-0.0,51.87858907203018,-124.66995163389475,0.0,0.0,2516.8005646966603,-29.792015849479547,-2765.9197862853157,17936.64861702469,2257.1227189164783,-0.0,441.1442550319301,-125.56330311287313,0.0,0.0,1773.19943530334,-18.433015849479546,-22264.118707314086,87762.73680363673,0.0,-0.0,1679.5578185861875,-1411.4,0.0,0.0,1910.0,-50.6715,-89890.22312222292
t310,15251.320822223166,1830.0,-0.0,340.4626679141611,-455.71529257806367,0.0,0.0,-1749.8393971737462,-39.019999999999996,-15177.208800385519,1581.8037387532672,240.0,-0.0,22.76447237750571,-43.49185544206358,0.0,0.0,-375.4204351312251,-17.911,-1407.7449205574846,330.52855,0.0,-0.0,17.255859391504377,-0.0,0.0,0.0,729.7818422013402,-11.644216683583046,-1065.9220349092614,2778.78338,0.0,-394.4633939379375,34.12279203803922,-12.765332338163859,0.0,0.0,-205.60671192704785,-87.42808299315446,-2112.642650841735,1247.6261751563784,0.0,-0.0,3.9396653300536935,-1.4762629234611266,0.0,0.0,-998.2241295398123,-10.8,-241.06544802315875,2099.9887456394654,6115.434172306241,-1017.0406313439844,20.873934002556737,-7.815509594794199,0.0,0.0,-5837.333616028921,-69.4125,-1304.6945949805638,674.2815767013817,518.3518157478244,-210.6920872238402,38.61438625190803,-115.45869275036927,0.0,0.0,1533.0262493423925,-111.93884413314527,-2326.184403936154,8116.037163141509,0.0,-0.0,121.96767742646074,-51.799460814386,0.0,0.0,703.6161982570193,-22.72897782357385,-8867.092600187027,351.7025999999999,0.0,-0.0,47.117395380488574,-0.0,0.0,0.0,2398.7684344063896,-30.65955200711291,-2766.9288777797647,17921.78009026963,1845.4548081193473,-0.0,388.6391918852894,-12.154082524051205,0.0,0.0,1891.2315655936104,-19.300552007112913,-22015.65102133671,84184.86565451651,0.0,-0.0,1461.8018748047584,-0.0,0.0,0.0,1910.0,-50.6715,-87505.9960293213
t311,14262.3022121908,1830.0,-0.0,272.33765885546376,-360.5865560446681,0.0,0.0,-1155.5364424209451,-39.019999999999996,-14809.49687258065,1714.8543259188148,240.0,-0.0,17.679010453310276,-0.0,0.0,0.0,-629.5673036983894,-17.911,-1325.0550326737355,330.52855,0.0,-0.0,13.40608739646806,-14.9,0.0,0.0,686.0082781846695,-11.644216683583046,-1003.3986988975544,2779.4949699999997,0.0,-394.4633939379375,26.502389631349004,-0.0,0.0,0.0,-335.49905336378833,-87.42808299315446,-1988.6068293364683,1419.3119751563786,0.0,-0.0,3.060514161825015,-0.0,0.0,0.0,-1184.6280298821757,-10.8,-226.94445943602813,2077.1969456394654,5544.1611540673275,-1588.3136495828976,16.214105126332242,-54.6,0.0,0.0,-4697.17958176775,-69.4125,-1228.0664734824782,674.2815767013817,729.0439029716646,-0.0,29.994481878853016,-101.0,0.0,0.0,967.6041263529346,-111.93884413314527,-2187.9852437716904,8116.037163141509,0.0,-0.0,107.46724838753475,-0.0,0.0,0.0,153.26156417449965,-22.728977823573853,-8354.036997879968,351.7025999999999,0.0,-0.0,36.59546643403122,-121.52563616488303,0.0,0.0,2365.536442420945,-30.870999999999995,-2601.4378726900927,17672.096876629414,536.3080442771131,-0.0,297.77832904011336,-0.0,0.0,0.0,1920.0,-19.512,-20406.67124994664,83486.46300235418,0.0,-0.0,1149.8899704191163,-4636.225762096688,0.0,0.0,1910.0,-50.6715,-81859.45571067662
t312,10765.135099919777,1830.0,-0.0,105.6852518729963,-121.29087833381544,0.0,0.0,906.2308315151918,-39.019999999999996,-13446.74030497415,1507.7983259188147,139.27529439781142,-100.72470560218858,12.291030633784752,-73.16253184658896,0.0,0.0,-255.45366671789634,-17.911,-1212.1127467837368,330.52855,0.0,-0.0,9.319954112642508,-20.338139109759595,0.0,0.0,609.8150737880114,-11.644216683583046,-917.6812221073111,2877.2721600000004,394.4633939379375,-0.0,18.42514262137321,-109.64379776988343,0.0,0.0,-1273.8967670523625,-87.42808299315446,-1819.192048743909,1252.1042751563787,0.0,-0.0,2.127695859804001,-2.3526840958368602,0.0,0.0,-1033.2990262811377,-10.8,-207.78026063920797,2054.4051456394654,5791.043301409919,-1341.4315022403061,11.272321607882766,-67.05538638972456,0.0,0.0,-5254.606176469796,-69.4125,-1124.215203557441,674.2815767013817,729.0439029716646,-0.0,20.852654641652727,-23.04246482099042,0.0,0.0,711.1603615455047,-111.93884413314527,-2000.3571869060684,8116.037163141509,0.0,-0.0,74.71310343352724,-82.55153312745219,0.0,0.0,-432.9783357513352,-22.728977823573853,-7652.491419872673,351.7025999999999,0.0,-0.0,25.44207250964798,-163.9,0.0,0.0,2193.02770542382,-30.871000000000002,-2375.401377933467,17215.7209639866,435.08152697173836,-0.0,205.03550138132266,-814.2725389342804,0.0,0.0,1343.0010003503287,-10.078066355727872,-18374.488387399982,71092.27032148193,0.0,-0.0,793.6957187618798,-0.0,0.0,0.0,2486.9989996496715,-41.23756635572787,-74331.72747353776
t313,11174.960496219033,0.0,-0.0,191.25073340453946,-72.64336902362655,0.0,0.0,3560.0,-39.019999999999996,-14814.547860599949,1345.7349888782212,0.0,-0.0,12.08110213275646,-35.05633061040143,0.0,0.0,-49.58476530369239,-4.591105368147526,-1268.5838897287363,619.1514999999999,0.0,-0.0,9.154343356821828,-6.369820280651976,0.0,0.0,339.01505763015706,-0.9153406556014242,-960.0357400507254,4106.7278400000005,0.0,-0.0,18.107356826968918,-7.227942191638872,0.0,0.0,-2155.009350458184,-59.70688645000891,-1902.8910177271378,895.1946705212619,0.0,-0.0,2.090157899128169,-0.8358844711419106,0.0,0.0,-674.0325432238999,-4.549719666761324,-217.866681058587,2016.5152800000003,1874.7575454901648,-0.0,11.075633375736732,-4.4252707295748195,0.0,0.0,-2700.1545495815312,-23.140197169666706,-1174.628441385129,1147.0966835069087,0.0,-0.0,20.488492107896377,-8.186750849713418,0.0,0.0,998.7936418058644,-60.994592250372534,-2097.197474320583,7963.203240606327,0.0,-0.0,73.4101725826938,-361.9,0.0,0.0,310.4028014577509,-3.0193292448105775,-7982.096885401962,351.7025999999999,0.0,-0.0,25.002674404449316,-75.27959245419962,0.0,0.0,2215.561460557775,-21.503876735099645,-2495.4832657729244,17390.041737439376,0.0,-0.0,208.25973270110944,-615.5229590046085,0.0,0.0,554.438539442225,-10.144876735099647,-17527.072173843004,63778.173219955184,221.37726003436467,-0.0,774.1989663962956,-381.46279501279116,0.0,0.0,-2399.430292326465,-41.647264712546104,-61951.20909433405
t314,12473.615824500837,0.0,-0.0,75.2134967283986,-600.121824719306,0.0,0.0,1600.0,-14.08,-13534.62749650993,1396.6789500000004,0.0,-0.0,4.885331642436057,-0.0,0.0,0.0,-199.24559375362205,-2.306900307577769,-1200.0117875812368,619.1514999999999,0.0,-0.0,3.7017667455242043,-27.51155731495124,0.0,0.0,314.11164599018,-0.8481014441734861,-908.6052539765794,4030.3859700000003,0.0,-0.0,7.322193217084898,-12.590750402724595,0.0,0.0,-2164.916144625127,-60.16922439329292,-1800.032043795941,920.1295352606309,0.0,-0.0,0.8452048627733045,-1.4522366086009342,0.0,0.0,-708.9739527782182,-4.785574181252972,-205.76297655533216,2016.934892819733,2191.7766162451762,-0.0,4.4787110946133915,-7.698263964039903,0.0,0.0,-3067.699845520132,-25.6760841965543,-1112.116026478796,1147.0966835069087,132.40677637434382,-0.0,8.285035100377856,-14.240378395018865,0.0,0.0,762.0236743760838,-53.37215794684871,-1982.1996330158468,3789.362121093412,0.0,-0.0,29.685256190164896,-51.02567268472603,0.0,0.0,3808.336059233888,-12.56750899547183,-7563.790254837268,351.7025999999999,0.0,-0.0,10.110494586151681,-75.38639267429288,0.0,0.0,2080.868259644727,-11.066322017654176,-2356.228639538932,17253.738169553024,0.0,-0.0,83.94408441420163,-689.1485271697989,0.0,0.0,-199.6380503312222,-15.687339669934483,-16433.20833679627,60931.369731476116,0.0,-0.0,333.37476109746916,-752.0836208844103,0.0,0.0,-2224.866052236558,-39.43029886340428,-58248.3645205892
t315,11285.964849963402,0.0,-0.0,52.1513972063554,-519.8822301211478,0.0,0.0,1859.914478832171,-17.341926709343745,-12660.806569171438,1392.0584000000001,0.0,-0.0,3.4339998667820133,-9.67949833534836,0.0,0.0,-231.2403969002058,-0.9477273262405459,-1153.6247773049874,619.1514999999999,0.0,-0.0,2.6003827543011186,-0.0,0.0,0.0,252.23898486189347,-0.6810452591271124,-873.3098223570674,4004.5358800000004,0.0,-0.0,5.146119995497773,-47.22404958852964,0.0,0.0,-2171.921558440721,-60.085418770821256,-1730.4509731954258,906.1396599999999,0.0,-0.0,0.5938016852819883,-5.448522237807624,0.0,0.0,-698.8737017408944,-4.717397486751037,-197.69384021982893,2016.5152800000003,789.6804341718733,-0.0,3.1471005489107,-28.878224918639493,0.0,0.0,-1693.754915284338,-17.949032570822435,-1068.7606419469844,1147.0966835069087,0.0,-0.0,5.821648035017271,-53.42002591436483,0.0,0.0,846.7937528780018,-42.775159014008395,-1903.5168994915537,4747.301544472713,0.0,-0.0,20.859421703593476,-191.40940114270305,0.0,0.0,2707.6952979217385,-8.935394483141737,-7275.511468472201,351.7025999999999,0.0,-0.0,7.105617173844498,-65.20523003155387,0.0,0.0,1980.1466458340424,-12.375593915627862,-2261.374039060705,17194.01809442256,0.0,-0.0,60.232236730394135,-576.8698997185102,0.0,0.0,-891.0472442653886,-16.715377556260897,-15769.617809612795,59760.90195991963,0.0,-0.0,209.2267670729167,-2017.3327502371603,0.0,0.0,-1959.951343696299,-35.44155962337433,-55957.40307343571
t316,9325.48971855915,0.0,-0.0,36.215559397039534,-394.321310261798,0.0,0.0,3144.1525674266463,-33.6139833765464,-12077.922551744492,1387.5598000000002,0.0,-0.0,2.4247964528797357,-23.57194782035818,0.0,0.0,-231.18184379645618,-13.87525207107778,-1121.3555527649878,619.1514999999999,0.0,-0.0,1.836034453025978,-17.84214241036124,0.0,0.0,252.89332598857277,-6.931477356121238,-849.1072406751164,3961.3619100000005,0.0,-0.0,3.6336850746970812,-35.320764101119195,0.0,0.0,-2178.4937672469086,-68.1258922446379,-1683.0551714820313,880.7637599999999,0.0,-0.0,0.41926708901326204,-4.0746032962061545,0.0,0.0,-680.8705595476588,-4.595876276946696,-191.64198796820153,2016.5152800000003,0.0,-0.0,2.222126662744932,-21.597658130092377,0.0,0.0,-934.1046124617249,-22.50590730744908,-1040.529228763479,1147.0966835069087,0.0,-0.0,4.110583365615872,-39.95195177772908,0.0,0.0,791.2564598445346,-52.458784124539356,-1850.0529908147903,5595.731272566457,0.0,-0.0,14.728580622493608,-143.1531487201987,0.0,0.0,1621.0323238338922,-5.349406668651843,-7082.989621633993,351.7025999999999,0.0,-0.0,5.01727755941549,-48.769215638799295,0.0,0.0,1905.7746184803595,-17.942188479469777,-2195.7830919215057,17236.665485980255,0.0,-329.12715643397166,42.60755004166639,-870.2793485946029,0.0,0.0,-720.0,-19.512,-15340.354530993347,60319.32035370618,0.0,-0.0,146.7682659799093,-3074.8436883382983,0.0,0.0,-2970.458512521256,-48.89932310901996,-54371.88709571752
t317,10021.00232194266,0.0,-0.0,8.521804839603455,-275.2420541099133,0.0,0.0,1934.812744662264,-18.281899945511412,-11670.812917389103,1385.51375,0.0,-0.0,0.5887576654098037,-25.1861867638138,0.0,0.0,-255.00686187953343,-0.6885185270747404,-1105.2209404949879,619.1514999999999,0.0,-0.0,0.4461768204495353,-19.061674070267657,0.0,0.0,237.24284469267138,-0.7728976087123351,-837.0059498341409,3998.3681700000006,0.0,-0.0,0.8824643526785491,-37.7384622289663,0.0,0.0,-2257.370584123407,-45.288528031497215,-1658.8530599688086,869.9756099999998,0.0,-0.0,0.10187080393257877,-4.295427229434751,0.0,0.0,-671.6238884431806,-4.533461246991469,-189.62470388432573,2006.8219000000004,0.0,-0.0,0.5397904764215274,-23.075192282976136,0.0,0.0,-941.4756930280649,-17.40554775020827,-1025.4052574151726,1147.0966835069087,0.0,-0.0,0.99854516683621,-42.68502393183043,0.0,0.0,748.2809414487957,-31.883239205152833,-1821.8079069855569,5639.7766982825,0.0,-0.0,3.577768158217782,-152.9467708116345,0.0,0.0,1502.7921684183257,-4.959214155780474,-6988.240649891628,352.4939829398528,0.0,-0.0,1.2185132212349192,-52.107244427285934,0.0,0.0,1871.5743227815242,-11.705593405093941,-2161.473981110232,16952.067107003433,0.0,-1143.4681040055077,10.07611403730896,-0.0,0.0,0.0,-650.2173932814453,-18.999097840618624,-15149.458625913168,55016.735495609726,0.0,-0.0,46.836084224995446,-0.0,0.0,0.0,-1519.0086012479496,-26.94951041327426,-53517.61346817349
t318,9977.722911132403,0.0,-0.0,33.708545132751375,-136.62192556223408,0.0,0.0,1612.238246321043,-14.23358999132909,-11472.814187032636,1372.4681500000002,0.0,-0.0,2.4137242252984503,-0.0,0.0,0.0,-273.9632991569616,-0.7397009077237964,-1100.178874160613,619.1514999999999,0.0,-0.0,1.830652485739838,-0.0,0.0,0.0,213.01921902310224,-1.0291852883596302,-832.9721862204824,3929.4111500000004,0.0,-0.0,3.618534812544585,-0.0,0.0,0.0,-2259.106601239132,-23.13739410901172,-1650.785689464401,881.82251,0.0,-0.0,0.41791177413016556,-0.0,0.0,0.0,-688.9737868703673,-4.650573061374979,-188.6160618423878,2027.6844756837315,0.0,-0.0,2.213922233914823,-0.0,0.0,0.0,-992.3860136541962,-17.14845063104631,-1020.3639336324039,1147.0966835069087,0.0,-0.0,4.095550980202113,-0.0,0.0,0.0,682.9063017806234,-21.369406227287964,-1812.7291300404463,5847.005874416371,0.0,-0.0,14.673863272929514,-0.0,0.0,0.0,1097.929109158767,-3.623166060223931,-6955.985680787844,361.1991952782344,0.0,-0.0,4.996633498199076,-0.0,0.0,0.0,1795.366578727199,-11.188432832342409,-2150.3739746712904,17021.433674321397,0.0,-1291.6787316591308,40.41857469070251,-0.0,0.0,0.0,-587.0297540900772,-18.534668692562065,-15164.609094570325,54257.62788676613,0.0,-0.0,145.65711520095533,-220.29902143301805,0.0,0.0,-600.0,-9.81,-53573.17598053408
t319,13541.99962991751,0.0,-1830.0,77.70387592656596,-56.579571141097496,0.0,0.0,-403.56248315665744,-5.246312281036547,-11324.315139265285,1332.0223600639808,0.0,-0.0,5.755802186368723,-3.647489940696298,0.0,0.0,-223.18805897577454,-14.797392240765408,-1096.1452210931132,619.3928999999999,0.0,-0.0,4.367006143181123,-2.76075443144653,0.0,0.0,215.75981990367688,-6.812108105172944,-829.9468635102385,5603.9576695659725,0.0,-390.6414788520252,8.629582393020142,-5.465430664475261,0.0,0.0,-3526.767443533843,-45.98615863560458,-1643.7267402730442,700.8059599999998,0.0,-0.0,0.9968575865307812,-0.5978373966263124,0.0,0.0,-510.154020749396,-3.443539640058423,-187.60741980044992,8026.914931354673,0.0,-3284.2962015927865,5.280390201539152,-3.341917695056466,0.0,0.0,-3707.464526314818,-20.76180134736298,-1016.3308746061889,1514.3913967034916,0.0,-729.0439029716646,9.768309784194138,-6.181967311197552,0.0,0.0,1063.8931200125862,-46.15034414037157,-1806.676612077039,5347.716784656187,0.0,-0.0,34.99821437594773,-22.150842158657085,0.0,0.0,1564.488062647304,-5.353378974694607,-6919.698840546088,468.43158362829934,0.0,-0.0,11.916257421497733,-7.546393918262176,0.0,0.0,1696.9955301669215,-25.47755159386118,-2144.3194257045952,17400.047858173013,0.0,-3240.891985364924,95.9572472825143,-285.6584637258828,0.0,0.0,1320.0,-9.702,-15279.752656364719,51064.09600655001,0.0,-0.0,364.3868586610539,-0.0,0.0,0.0,2510.0,-40.8615,-53897.621365211075
t320,14854.600294410564,0.0,-1830.0,174.67625751512435,-367.8528337279562,0.0,0.0,-1138.9041702450372,-14.635247336575215,-11677.88430061612,1267.22913872701,0.0,-0.0,13.341234124772356,-4.099378671503842,0.0,0.0,-126.0062337719047,-13.983008640261565,-1136.4817517681126,619.6015,0.0,-0.0,10.128210478161412,-3.1062064374825176,0.0,0.0,241.72356078926737,-7.138533313854207,-861.208531516092,6324.9724041246045,0.0,-394.4633939379375,20.005197680120677,-6.1441882025805326,0.0,0.0,-4189.975374322812,-49.15420497224301,-1705.240440369152,635.1881599999997,0.0,-0.0,2.311715784221343,-0.7996421760642556,0.0,0.0,-439.0686064208014,-2.9637130933404094,-194.66791409401523,11702.80371519146,0.0,-6958.1288948605825,12.243191921433828,-3.7581627165123925,0.0,0.0,-3679.923870021552,-20.60757367212069,-1052.6284058421243,1812.3325472472648,0.0,-729.0439029716646,22.6492397039488,-6.952113045080392,0.0,0.0,837.9242554769025,-57.603198773446124,-1879.306827637925,4094.7766944618425,0.0,-0.0,81.14670783092305,-24.909405958864625,0.0,0.0,3016.5197565492044,-9.954515196612373,-7157.579237686492,528.1809955871915,0.0,-0.0,27.624958033111824,-8.483901840768304,0.0,0.0,1717.6311058988294,-28.806405978890254,-2236.1467516994744,17421.92072711409,0.0,-3240.891985364924,220.17059522635844,-170.4783420785825,0.0,0.0,1920.0,-19.512,-16131.20899489694,58436.04714475614,0.0,-2946.1444199979774,867.1642716863159,-1698.8270667018533,0.0,0.0,1840.079576067903,-49.78351061606237,-56448.53599519447
t321,14991.927670285799,0.0,-1830.0,225.56790391150088,-225.56790391150088,0.0,0.0,-349.09402857934055,-4.538222371531427,-12808.295419334929,1291.8396159860195,0.0,-0.0,16.593327124592015,-5.391478167759349,0.0,0.0,-86.61395808696112,-2.2979335384045854,-1214.1295733174868,619.8798999999999,0.0,-0.0,12.588477059668342,-4.091318001582411,0.0,0.0,292.28045724251024,-1.9678532898705166,-918.6896630107257,6658.702998757088,0.0,-394.4633939379375,24.877578339169357,-8.083707647016478,0.0,0.0,-4408.8817374191,-50.942846722192144,-1821.208891370011,600.610607271947,0.0,-0.0,2.873621345966888,-2.8787588296374045,0.0,0.0,-390.1914170837531,-2.6337920653153333,-207.78026063920797,12268.289604137932,0.0,-5965.774803650225,15.222051135861406,-5.313621686592121,0.0,0.0,-5159.315857577101,-28.892168802431765,-1124.215203557441,2004.163024956711,0.0,-729.0439029716646,28.159553366571732,-9.150915054671525,0.0,0.0,787.5758059593518,-73.27635539902016,-2008.427210857278,3255.609922650595,0.0,-0.0,100.8912684649269,-107.72758752628943,0.0,0.0,4398.844510655816,-16.29401784673305,-7631.324096398315,543.2172714443961,0.0,-0.0,15.30442473711338,-62.53126883608401,0.0,0.0,1920.9941972756314,-25.437782776402525,-2391.5468418446544,18923.890484242824,0.0,-3240.891985364924,280.4175949001343,-341.8820761540827,0.0,0.0,1920.0,-19.512,-17522.022017623953,62199.814382724275,0.0,-1565.7214106590418,1107.9138754794826,-1107.9138754794826,0.0,0.0,1074.4020276129468,-40.05940575068443,-61668.43559392749
t322,15312.474372704002,0.0,-1830.0,353.63887873447425,-353.63887873447425,0.0,0.0,890.8026210945452,-18.369042954683934,-14354.907950843864,1531.2016223261473,0.0,-0.0,13.740038415160319,-47.753955858348526,0.0,0.0,-179.40214988516368,-14.915614195310058,-1302.8699408024859,620.0825,0.0,-0.0,10.400836704956548,-36.2044196176428,0.0,0.0,399.98969147003027,-8.013405017838174,-986.2552035395057,6949.074628921244,0.0,-0.0,20.588729853898798,-71.58369560655214,0.0,0.0,-4890.451504888475,-53.307653587379846,-1954.320504692736,670.7738072719469,0.0,-0.0,4.320069380305657,-8.265532639949463,0.0,0.0,-439.94021425586163,-2.969596446227066,-223.9185333102144,13486.664307350507,0.0,-4113.338656620416,19.7615040746495,-18.0,0.0,0.0,-8119.337959882271,-49.864546084171984,-1205.8846488382956,2062.933694951418,0.0,-729.0439029716646,23.28876676365721,-81.01056278008696,0.0,0.0,965.2973246959191,-83.74266670458961,-2157.7226539546546,2879.4739228503304,0.0,-0.0,77.18519543803156,-209.05202247968148,0.0,0.0,5450.01559123605,-19.98005145107896,-8177.642635593651,506.4179647412374,0.0,-0.0,51.65194871657738,-51.65194871657738,0.0,0.0,2093.0266004152263,-27.270345805397945,-2572.174219351065,19458.9387461932,0.0,-1750.8919853649243,434.1212059309738,-434.1212059309738,0.0,0.0,1665.5640299324925,-15.351971889396252,-19358.258818871378,65468.13702145558,0.0,-0.0,1644.7729658746234,-1522.9522355291574,0.0,0.0,2164.4359700675077,-46.51147188939625,-67707.88224997919
t323,14966.847844604517,0.0,-1830.0,416.43973722484986,-416.43973722484986,0.0,0.0,2725.082925056244,-30.113921974268827,-15831.81684768649,1770.0507542677253,0.0,-0.0,28.059162956086254,-28.059162956086254,0.0,0.0,-360.98987885251756,-14.425327327098202,-1394.6355480881098,620.2576999999999,0.0,-0.0,21.269499176349825,-21.269499176349825,0.0,0.0,442.44215149727586,-6.862225622160804,-1055.837625875115,7090.245211655328,0.0,-0.0,42.059348743216916,-36.03021638331685,0.0,0.0,-4950.192977959941,-54.61556278762045,-2091.465803267665,733.9419072719469,0.0,-0.0,4.8560074897835985,-1.613087151686841,0.0,0.0,-494.79678536951656,-3.339878301244237,-239.04816393928294,14566.789754766918,0.0,-4667.159797609354,25.729024845380795,-31.78009361413174,0.0,0.0,-8550.0,-53.0,-1290.5788883888113,2098.686837888916,0.0,-0.0,47.595756394863216,-47.595756394863216,0.0,0.0,313.61530055745334,-101.24902941873351,-2311.0531090276363,3405.8970191480116,0.0,-0.0,170.53311810865338,-170.53311810865338,0.0,0.0,5359.922190127246,-19.68274322741991,-8746.136466047838,496.52567799307644,0.0,-0.0,58.07635860903052,-58.07635860903052,0.0,0.0,2278.9203740623925,-17.598997725746845,-2757.8470543297217,20077.758098890055,0.0,-52.708729767680225,503.27505196738133,-503.27505196738133,0.0,0.0,1325.9967008813633,-15.146075751478019,-21335.899994252268,70575.5595478293,0.0,-0.0,1864.6670982179687,-778.4450403416431,0.0,0.0,1910.0,-50.6715,-73521.11010570562
t324,14731.616119486098,0.0,-0.0,482.3503624456148,-74.92373724713052,0.0,0.0,2040.0,-39.019999999999996,-17140.02274468458,1934.777044163923,0.0,-0.0,29.29300725873093,-0.0,0.0,0.0,-467.5649745476983,-14.137574568721215,-1482.3675023062337,620.4160999999999,0.0,-0.0,23.97109512170348,-23.23569908738416,0.0,0.0,507.6210704906114,-6.377841024450052,-1122.3947255004805,7180.49131887839,0.0,-0.0,47.41827099324893,-32.91457029521463,0.0,0.0,-4914.762908004748,-56.663116294337385,-2223.568995277339,821.610957271947,0.0,-0.0,5.473272424726813,-3.337155590771265,0.0,0.0,-565.7504639061842,-3.818815631366743,-254.1777945683515,14111.642261622384,0.0,-4043.0391781987146,29.00331684473707,-9.9636293152111,0.0,0.0,-8662.832895915708,-53.569806124374324,-1371.240068913112,2109.358317649563,0.0,-0.0,53.65228726163761,-0.0,0.0,0.0,397.10682137166623,-102.79513313955727,-2457.3222931433093,3849.3289631412817,0.0,-0.0,192.23651963469024,-192.23651963469024,0.0,0.0,5466.183350512061,-20.0334050566898,-9295.478908596653,471.2014239177844,0.0,-0.0,65.47504298853238,-0.0,0.0,0.0,2427.2030649303324,-30.450557472762057,-2933.4289743638865,20646.5565924998,0.0,-0.0,577.3968901950209,-144.9997820132157,0.0,0.0,1862.7969350696678,-19.09155747276206,-22922.65907827851,75042.57259901732,0.0,-0.0,2062.35084258437,-0.0,0.0,0.0,1910.0,-50.6715,-78964.25194160172
t325,14857.274454179482,0.0,-0.0,576.6365649730369,-0.0,0.0,0.0,2800.0,-29.14,-18204.77101915252,1740.4989204280803,0.0,-0.0,36.63778183596926,-50.47436262682095,0.0,0.0,-171.87935537864303,-14.935925740477664,-1539.8470585181083,620.4350999999999,0.0,-0.0,27.750964322611892,-0.0,0.0,0.0,526.2407624487581,-8.66914242406071,-1165.7576843473094,7544.608910367721,0.0,-0.0,54.90804411099435,-19.07671629818456,0.0,0.0,-5202.719825768456,-68.43560552540464,-2309.2848068866697,898.6430072719469,0.0,-0.0,6.336677579377707,-0.0,0.0,0.0,-636.41963731174,-4.295832551854245,-264.2642149877305,14189.441903140565,0.0,-3221.848207609505,15.773454160401727,-0.0,0.0,0.0,-9501.890267586241,-57.80704585131052,-1423.6698362539075,2095.3568474173717,0.0,-0.0,62.12080612629755,-115.77309338793516,0.0,0.0,621.9827402718147,-110.5334728636277,-2553.1538275639227,3541.7566411317785,0.0,-0.0,222.58168634034837,-222.58168634034837,0.0,0.0,6124.685583324506,-22.20646242497087,-9644.235762031314,479.90663625616605,0.0,-0.0,70.95897810814485,-0.0,0.0,0.0,2511.9613742659326,-14.361583899145394,-3048.4654047310974,22679.26008846204,0.0,-0.0,678.547501655274,-0.0,0.0,0.0,1018.0386257340674,-12.882583899145395,-24362.963631952232,82269.96821544206,0.0,-0.0,2339.630754157778,-3506.1590134773046,0.0,0.0,1910.0,-50.6715,-82962.76845612256
t326,16820.610863213937,0.0,-0.0,199.30923326904178,-258.5,0.0,0.0,2040.0,-39.019999999999996,-18762.400096482976,1847.6935620840793,0.0,-0.0,35.23683004969838,-50.69325651757763,0.0,0.0,-267.62854149136876,-14.677402937973303,-1549.931191186858,620.4081,0.0,-0.0,26.683640022460082,-55.1700003793913,0.0,0.0,590.1629131348376,-8.259441203279781,-1173.8252115746266,7525.042512997958,0.0,-0.0,52.805504307383636,-89.3,0.0,0.0,-5092.96986649321,-70.1586029166458,-2325.419547895485,848.4318613640265,0.0,-0.0,6.093224098904521,-12.5978524355658,0.0,0.0,-571.7861772592589,-3.8595566964999977,-266.28149907160633,13766.550391651423,0.0,-2509.1090174030533,32.2933563592573,-12.165101129465995,0.0,0.0,-9784.582504013448,-59.23464164526791,-1433.752483819445,2080.4783853599097,0.0,-0.0,59.73773518790962,-59.73773518790962,0.0,0.0,603.7805932212796,-111.93884413314527,-2572.3201344480453,3224.889882735302,0.0,-0.0,214.04479582674912,-34.03295946049059,0.0,0.0,6324.457581794564,-22.6295362262297,-9706.729764669895,477.5324874366074,0.0,-0.0,72.9124124688319,-121.3749749861937,0.0,0.0,2671.862008427481,-28.24833274884739,-3072.683600597879,24314.9669748132,0.0,-0.0,671.2849321228239,-1373.968467024537,0.0,0.0,1576.7039926791213,-16.98877434619154,-25171.998658244414,85804.86135089613,0.0,-0.0,2325.7346293070477,-3969.2334688068922,0.0,0.0,1910.0,-50.6715,-86020.69101139631
t327,17092.108151081113,0.0,-0.0,578.7936902398587,-1020.7703257390896,0.0,0.0,2227.6446140198764,-36.58062001774161,-18841.195509584017,1795.5745957203007,0.0,-0.0,34.76362426359825,-34.76362426359825,0.0,0.0,-217.7218811431544,-14.812150920913483,-1563.040563656233,620.3716999999999,0.0,-0.0,26.321793665604826,-26.321793665604826,0.0,0.0,572.0832882132695,-8.54536760449653,-1183.9096206087727,7446.678904260257,0.0,-0.0,52.09468037378562,-11.482665948132627,0.0,0.0,-5072.222638976664,-70.48872686579409,-2344.579552843453,791.9035613640265,0.0,-0.0,0.7828734848055197,-0.0,0.0,0.0,-520.8717672643157,-3.515884429034131,-268.2987831554821,13228.374761463097,0.0,-1808.8157167263857,31.85741213133767,-58.74462433132334,0.0,0.0,-9888.071176951584,-59.75725944360549,-1444.8433961415365,2043.7398143849227,0.0,-0.0,58.93113684081353,-0.0,0.0,0.0,603.7805932212796,-111.93884413314527,-2594.512700313872,3139.255128137161,0.0,-0.0,211.1556912532974,-0.0,0.0,0.0,6452.223491590161,-22.32289804272027,-9780.311412937901,405.912331379922,0.0,-0.0,32.44128165851587,-9.348430436207087,0.0,0.0,2694.9473498140715,-23.014369973844403,-3100.9381624424573,24590.75803992512,0.0,-0.0,672.8082756640692,-616.3333343680379,0.0,0.0,1238.208127477059,-14.500829736956383,-25870.940278961258,86624.95605152639,0.0,-0.0,2307.4650707104374,-2767.831602697228,0.0,0.0,1910.0,-50.6715,-88023.91801953962
t328,17234.18053400253,0.0,-0.0,605.6983249953437,-1088.594112936676,0.0,0.0,2150.725872074621,-37.58056366302993,-18864.43005447279,1803.7661315858682,0.0,-0.0,36.276334666360846,-36.276334666360846,0.0,0.0,-220.87987726387223,-14.803624331387544,-1568.082629990608,620.2304999999999,0.0,-0.0,27.46815492686377,-27.46815492686377,0.0,0.0,575.2412843339873,-8.536841014970591,-1186.9349433190166,7460.451786438753,0.0,-0.0,54.362013029878355,-111.94591542538738,0.0,0.0,-4980.404342595022,-70.82503941341388,-2351.6385020348093,720.1627113640264,0.0,-0.0,6.272480698785142,-8.169289047910702,0.0,0.0,-445.94832661284426,-3.0101512046366987,-269.30742519742006,12434.761391239042,0.0,-814.8644521144176,4.585324359733124,-59.18532435973312,0.0,0.0,-10054.812913984697,-60.59930521562272,-1449.884719924305,2044.9465859251502,5.306432820649987,-0.0,61.49670942504798,-0.0,0.0,0.0,603.7805932212796,-111.93884413314527,-2603.5914772589826,3205.098119036992,0.0,-0.0,220.3480921054229,-0.0,0.0,0.0,6401.501060500658,-22.444631877335073,-9804.502639765738,455.76945659065325,0.0,-0.0,75.06135342799148,-133.64245383362027,0.0,0.0,2741.5993138253434,-24.73131814007015,-3114.056351870297,24853.570379156525,0.0,-0.0,697.4968018927128,-887.2651387594412,0.0,0.0,1319.1973365005445,-15.096100423279001,-25967.903278367063,85118.72407009195,0.0,-0.0,2424.0141935343686,-0.0,0.0,0.0,1910.0,-50.6715,-89402.06676362632
t329,16655.431694151554,0.0,-0.0,658.4481177509417,-658.4481177509417,0.0,0.0,2269.282431208158,-36.039328394293946,-18888.674796965417,1750.2845003672853,0.0,-0.0,38.98120866184709,-38.98120866184709,0.0,0.0,-169.06771476522647,-14.14256887832593,-1567.074216723733,620.0324999999999,0.0,-0.0,29.514116313132597,-29.514116313132597,0.0,0.0,575.4387511735207,-8.536307854503852,-1186.9349433190166,7418.941319877812,0.0,-0.0,58.414378450512714,-61.31215565878448,0.0,0.0,-4994.478914786654,-70.93454716112724,-2350.6300807217585,829.3061613640265,0.0,-0.0,6.739775863730612,-10.836927414179305,0.0,0.0,-552.1744073664352,-3.7271772497234372,-269.30742519742006,11442.372238368918,0.0,-0.0,35.72170836722647,-35.72170836722647,0.0,0.0,-9934.512261039472,-59.99178691824934,-1447.8681904111977,2081.8809958035663,0.0,-0.0,66.07941702514319,-68.95388388084558,0.0,0.0,636.4160952874454,-111.83114697632692,-2603.5914772589826,3824.3464784012635,0.0,-0.0,28.91333786237482,-288.6195900800632,0.0,0.0,6250.388080835001,-22.621280666755503,-9792.40702635182,449.8340845417567,0.0,-0.0,80.65653509027797,-133.1397444862734,0.0,0.0,2741.191413852087,-23.47684563310115,-3115.065443364746,24972.784382320333,0.0,-0.0,746.9540898551801,-1021.9217692198492,0.0,0.0,1319.526154939755,-15.0985172388072,-26002.244340656616,89097.6675212231,0.0,-0.0,2616.1854454550794,-3203.9763297773175,0.0,0.0,1857.9903706618206,-50.010977707405125,-90317.85602985529
t330,14890.295613463457,327.48452194952614,-0.0,619.0726419975745,-530.7800342805735,0.0,0.0,3560.0,-39.019999999999996,-18827.052743129985,1650.3316336001537,0.0,-0.0,36.42325556081664,-36.42325556081664,0.0,0.0,-76.66818063998141,-5.58082296956436,-1568.082629990608,619.7537,0.0,-0.0,27.580729942027276,-27.580729942027276,0.0,0.0,573.1408807574578,-4.951196535026668,-1187.9433842224312,7172.627576085546,0.0,-0.0,54.58281959141041,-54.58281959141041,0.0,0.0,-4752.606045021463,-67.37460771622276,-2352.64692334786,791.3047600000001,0.0,-0.0,6.298131857560513,-6.298131857560513,0.0,0.0,-518.4974768339508,-3.499857968629168,-269.30742519742006,11235.831667065386,0.0,-0.0,33.379801892836504,-33.379801892836504,0.0,0.0,-9728.006280182712,-58.94893171492269,-1448.8764551677514,1901.159902799973,0.0,-0.0,9.16303981407708,-126.71641922423618,0.0,0.0,934.8662273851769,-110.8462615404044,-2607.6264892345876,4213.914840352674,0.0,-0.0,32.82734684142329,-384.63671434871367,0.0,0.0,5951.93794873727,-21.63639523083299,-9792.40702635182,362.7819611579402,0.0,-0.0,75.3663577691259,-11.171754247793677,0.0,0.0,2719.35015126396,-25.206723611790107,-3121.1199923314416,23755.56944356614,1528.3312699376952,-0.0,690.1678750015565,-92.45896620929473,0.0,0.0,50.649848736039985,-13.847723611790105,-25918.41174742035,89518.62281573679,0.0,-0.0,2486.8213025026216,-3499.2,0.0,0.0,1285.832925798202,-42.744578157637164,-89749.33246588
t331,14233.675633134742,515.9304596933424,-0.0,737.6974375739758,-88.29260771700088,0.0,0.0,3560.0,-39.019999999999996,-18919.99092268506,1578.7100907403174,0.0,-0.0,43.55124386447524,-43.55124386447524,0.0,0.0,-11.190894303965479,-8.51228584761865,-1559.006910588733,619.4185,0.0,-0.0,32.97990765012987,-32.97990765012987,0.0,0.0,561.9746886544813,-1.5173316593670998,-1179.8758569951142,6198.880056315191,0.0,-0.0,65.26541129577814,-65.26541129577814,0.0,0.0,-3803.8113485341173,-56.539682815926014,-2338.529024965147,795.1361899999998,0.0,-0.0,7.530978312862864,-7.530978312862864,0.0,0.0,-524.3069767931023,-3.5390720933534405,-267.2901411135442,8499.125021437923,0.0,-0.0,39.913264833463174,-39.913264833463174,0.0,0.0,-6999.503911884451,-58.81077243815153,-1440.8103371153213,1655.4814504457763,0.0,-0.0,73.83339449181341,-73.83339449181341,0.0,0.0,1044.8010335775534,-108.79604269116162,-2591.4864413321684,4102.1890094907485,0.0,-0.0,264.5505890853379,-264.5505890853379,0.0,0.0,5652.403817959731,-20.64793259926711,-9733.944894851213,351.7025999999999,0.0,-0.0,90.1167195035156,-14.343319851033973,0.0,0.0,2699.5323168130008,-25.061062528575594,-3101.9472539369062,22234.90757266787,2526.3881327564873,-0.0,823.6018605334999,-0.0,0.0,0.0,70.46768318699901,-13.702062528575594,-25641.663186616282,88767.99541204312,0.0,-0.0,2874.453723123142,-823.8446117147519,0.0,0.0,-2250.3664086761296,-37.31216994542425,-88530.92594482997
t332,13777.678850967037,800.9997586372501,-0.0,710.663332446723,-0.0,0.0,0.0,3406.0261410683183,-37.01833983388814,-18658.349743285446,1679.3084953304246,0.0,-0.0,42.39952895429243,-0.0,0.0,0.0,-175.06401233517886,-15.872672833304982,-1530.7713391162333,619.1709,0.0,-0.0,32.10520295270548,-0.0,0.0,0.0,513.7364737124647,-6.313978641762875,-1158.6985980234072,4113.673782505436,394.4633939379375,-0.0,63.538239422959975,-0.0,0.0,0.0,-2210.930922945033,-65.57758441734359,-2295.166908503956,858.3419399999999,0.0,-0.0,7.331346325518183,-0.0,0.0,0.0,-598.3786574419921,-4.039055937733447,-263.2555729457926,2047.8611841448487,6440.9443831161825,-0.0,38.85610690578709,-0.0,0.0,0.0,-7058.685262410646,-54.38095831124928,-1414.5954534449236,1281.9113531910498,729.0439029716646,-0.0,71.87769237485824,-0.0,0.0,0.0,566.1480396804182,-106.92344358698178,-2542.05754463101,3586.8514883966636,0.0,-0.0,257.54388781644496,-0.0,0.0,0.0,5743.174341739967,-20.94747532774189,-9566.622242625333,647.8544999999998,0.0,-0.0,87.7316536777107,-0.0,0.0,0.0,2323.9738589316817,-19.16733983388814,-3040.392672775504,20470.83266709302,3048.295813335991,-0.0,809.1623356189757,-0.0,0.0,0.0,600.0,-9.81,-24918.480816047988,86047.88913025627,443.15297641410643,-0.0,2848.0782523211574,-0.0,0.0,0.0,-3110.0,-50.6715,-86178.44885899154
t333,13120.728267203513,1830.0,-0.0,612.6586422896846,-689.1057641288561,0.0,0.0,3547.137438771483,-38.85278670402928,-18382.565797431795,1871.5612402120241,0.0,-0.0,37.24865664111119,-0.0,0.0,0.0,-367.69625744305563,-16.39277989509625,-1524.7208595149834,619.1514999999999,0.0,-0.0,28.206159826982958,-4.569845128825502,0.0,0.0,519.598265070457,-7.721245358866094,-1154.6648344097484,4040.7340475015926,394.4633939379375,-0.0,55.81993958559593,-9.017009851508037,0.0,0.0,-2127.1373531756053,-67.7634799984628,-2287.099537999549,925.7036899999999,0.0,-0.0,6.440933047022428,-1.042783452215215,0.0,0.0,-664.3704084340228,-4.484500256929654,-262.2469309038547,2070.6529841448487,6234.827129012022,-0.0,34.13650110263934,-5.520618276433492,0.0,0.0,-6868.418620485442,-55.114981078925126,-1410.5623944187087,1387.7196196506297,729.0439029716646,-0.0,63.14722250227568,-10.21314381140196,0.0,0.0,467.3149479189433,-107.06004052791545,-2529.952508704195,3521.7032486052713,0.0,-0.0,226.26152067357611,-0.0,0.0,0.0,5820.709426548727,-21.203341107610797,-9547.470854719963,647.8544999999998,0.0,-0.0,77.07457459419042,-1.1157018397168823,0.0,0.0,2321.4451130754983,-22.020368460104592,-3023.238117369867,20473.43847785827,3030.2953300022955,-0.0,709.8296326798834,-118.3730198554675,0.0,0.0,461.41744815301877,-10.828581756075312,-24545.77928708193,85842.53720098165,2724.146789072554,-0.0,2492.8635174475894,-4042.1464150062407,0.0,0.0,-3110.0,-50.6715,-83856.72959249557
t334,13978.641697229908,1132.880853280729,-0.0,561.8485282136938,-759.2550058918426,0.0,0.0,3560.0,-39.019999999999996,-18435.09607283249,1723.2095997855558,0.0,-0.0,34.016309898236905,-6.011339901005359,0.0,0.0,-214.5480835098274,-15.979279825476533,-1520.6872064474835,619.1514999999999,0.0,-0.0,25.761705201811285,-0.0,0.0,0.0,513.336342094891,-6.610035597197482,-1151.6395116995047,4052.5554900000006,209.45979308261997,-0.0,50.977562996173276,-0.0,0.0,0.0,-1966.2496490224844,-65.69418693506518,-2281.049010121243,939.796032728053,0.0,-0.0,5.882602019643964,-0.0,0.0,0.0,-679.8513492781525,-4.5889966076275295,-261.2382888619168,2062.0988800000005,5965.774803650225,-0.0,31.17629435189069,-0.0,0.0,0.0,-6602.010467787744,-50.51017482187816,-1406.5293353924935,1161.0207121137214,729.0439029716646,-0.0,57.67145436587956,-0.0,0.0,0.0,675.5468501662372,-101.40043486451665,-2521.882484752986,4324.17247570916,0.0,-0.0,206.64049466419573,-36.58943113213976,0.0,0.0,5053.77635733708,-18.672461979212365,-9529.327434599085,647.8544999999998,0.0,-0.0,70.38865330877604,-11.336359383794214,0.0,0.0,2327.558371033037,-22.32705402709282,-3012.1381109309254,21010.205911438206,1531.1068554066485,-0.0,620.6628438115807,-103.15254829631667,0.0,0.0,442.4416289669632,-10.96805402709282,-23490.29663729999,83291.24704330951,430.1662135470761,-0.0,2064.778410058153,-488.2518944352091,0.0,0.0,-3110.0,-50.6715,-82137.26827247954
t335,13145.581135624532,829.8542409905259,-0.0,518.3279064238334,-258.5,0.0,0.0,3560.0,-39.019999999999996,-17756.243283038886,1528.2672997855557,0.0,-0.0,30.04952803655582,-19.6,0.0,0.0,-86.09546477037247,-15.632457754880004,-1436.9889052968592,619.1514999999999,0.0,-0.0,22.766425329817622,-14.9,0.0,0.0,466.96314572491156,-5.873336270345945,-1088.1077347843832,4175.610180000001,0.0,-0.0,45.03713442541567,-29.4,0.0,0.0,-1970.2422727912558,-65.00027433123306,-2156.0047673029258,937.4638327280529,0.0,-0.0,5.198265170444521,-3.4,0.0,0.0,-687.5041446473417,-4.640652976369556,-247.11730027478617,2039.3070800000003,5328.882656736039,-0.0,27.546456287824913,-18.0,0.0,0.0,-6001.438131525065,-46.396847604391525,-1329.9012138944079,1147.0966835069087,143.40611979088044,-0.0,50.95722836953428,-33.3,0.0,0.0,1168.3168772808376,-93.80233735354015,-2382.674571594621,4983.821220442791,0.0,-0.0,187.5410546255326,-34.29030467315531,0.0,0.0,3889.9999907282863,-14.831999969403345,-9012.239961154053,351.7025999999999,0.0,-0.0,62.18706037235155,-163.9,0.0,0.0,2618.0926519775903,-24.46248099203529,-2843.6198313579057,22421.71009519062,0.0,-0.0,536.464686566778,-1481.3,0.0,0.0,151.90734802240968,-13.103480992035289,-21615.67864878777,80251.80293430261,0.0,-0.0,2042.30148095169,-1411.4,0.0,0.0,-3110.0,-50.6715,-77722.03291525431
t336,11024.224377273931,1424.9475654486248,-0.0,339.4883715894905,-0.0,0.0,0.0,3560.0,-39.019999999999996,-16309.640314312046,1391.5706000000002,0.0,-0.0,20.6254687025827,-59.6,0.0,0.0,-3.9773518683090288,-12.471138224913282,-1336.1475786093604,619.1514999999999,0.0,-0.0,15.624357380064602,-45.1,0.0,0.0,425.825250552903,-4.034881808096049,-1011.4662261248715,4134.1589,0.0,-0.0,30.911681509285422,-89.3,0.0,0.0,-2009.236177073265,-62.801255403788815,-2003.7331490322324,917.2870827280528,0.0,-0.0,3.5676035637707963,-10.3,0.0,0.0,-677.023037270345,-4.569905501574828,-228.96174351990393,2016.5152800000003,2721.477571298267,-0.0,18.906034074966776,-54.6,0.0,0.0,-3436.299903967165,-29.866389871160663,-1236.1325915349082,1147.0966835069087,0.0,-0.0,34.973510884229675,-101.0,0.0,0.0,1199.1773157746452,-69.06094753436557,-2211.186562631418,7298.2480905564025,0.0,-0.0,125.31118086837826,-119.3,0.0,0.0,1090.6507463754874,-5.594147463039108,-8389.31587033723,351.7025999999999,0.0,-0.0,42.68250845671061,-16.668003173813858,0.0,0.0,2280.007432849917,-21.977554631446896,-2635.7469835013662,19079.853336607313,0.0,-0.0,356.5757643588273,-243.42457778834478,0.0,0.0,489.99256715008255,-10.618554631446896,-19672.378535696433,75802.1650517003,0.0,-0.0,1361.7276349251206,-2485.168857097782,0.0,0.0,-2919.116842523951,-48.247283900054185,-71711.35970310363
t337,12576.709253495674,0.0,-0.0,89.92493630705079,-0.0,0.0,0.0,823.7219823550877,-7.248753444724772,-13483.107418713093,1328.7013,0.0,-0.0,5.742367535373781,-6.755413172916051,0.0,0.0,-147.17356250308717,-15.797368618758334,-1164.7173232406124,618.3521,0.0,-0.0,4.353384565549476,-5.135492667165773,0.0,0.0,272.069909559655,-7.254110970239639,-882.3857904877991,3796.79118,0.0,-0.0,8.607792999327835,-10.133119759374074,0.0,0.0,-1980.3440226318444,-67.32769509081814,-1747.5941355172918,872.2305899999999,0.0,-0.0,0.993892168974557,-1.1718573871384985,0.0,0.0,-667.8336235193755,-4.5078769587557845,-199.71112430370474,3163.1278151147803,0.0,-0.0,5.265846756029655,-6.2039508730861685,0.0,0.0,-2058.8877583353333,-24.45866314986813,-1078.843289512522,1486.5077835069087,0.0,-0.0,9.741240668281579,-11.477309115209412,0.0,0.0,496.42670346226873,-57.50645915267202,-1923.6919593695775,2405.761757771641,0.0,-0.0,34.90220571500087,-178.56111046781461,0.0,0.0,5093.719861419132,-16.809275542683135,-7339.013438895276,351.7025999999999,0.0,-0.0,11.885855417408376,-60.82033913378747,0.0,0.0,1998.300510193497,-12.44911706628375,-2288.619509410834,20881.498338021232,0.0,-1200.6978007953549,101.66830562596294,-1336.0991076105752,0.0,0.0,-720.0,-19.512,-17706.857735241265,69249.77674852716,0.0,-0.0,390.03123143468434,-4063.583532328613,0.0,0.0,-3110.0,-50.6715,-62415.552947633245
t338,11164.594435607667,0.0,-0.0,48.19586240756926,-360.3712595787147,0.0,0.0,1427.9869479757415,-12.566285142186526,-12267.839701270083,1344.5382800000002,0.0,-0.0,3.2294622653173586,-5.5764613981194335,0.0,0.0,-224.99650288192902,-16.007490557781207,-1101.187287427488,618.3521,0.0,-0.0,2.447225795749938,-4.239248715917322,0.0,0.0,225.4757641110075,-8.055214066943085,-833.980627123897,3808.9497,0.0,-0.0,4.840434521590502,-8.364692097179146,0.0,0.0,-2084.719414889657,-68.9119167573014,-1651.7941107774518,847.53089,0.0,-0.0,0.5587553184463749,-0.9673453445717384,0.0,0.0,-654.0911230508933,-4.415115080593529,-188.6160618423878,2019.1539800000005,867.8434205749228,-0.0,2.9607697162823627,-5.121240059497437,0.0,0.0,-1836.0301411972507,-27.434590645500094,-1021.3721983889577,1486.5077835069087,0.0,-0.0,5.477048087483817,-40.165959120557304,0.0,0.0,416.1559075185032,-52.21939097018871,-1815.7553890221498,2391.495400997751,0.0,-0.0,19.624200801850286,-143.91584271739123,0.0,0.0,4701.2722166671565,-15.514198315001615,-6952.961777434365,351.7025999999999,0.0,-0.0,6.683693600980115,-49.01938301003856,0.0,0.0,1858.9463457473212,-11.884732700276688,-2156.428523637986,20691.61311250945,0.0,-3240.891985364924,56.240415780326686,-328.1810186657192,0.0,0.0,-720.0,-19.512,-16439.268524259132,61443.113402845614,0.0,-0.0,204.04767071752838,-0.0,0.0,0.0,-3110.0,-50.6715,-58486.48957356315
t339,11015.185851398968,0.0,-0.0,19.210698518028487,-274.13365591232315,0.0,0.0,763.7207300219728,-6.720742424193361,-11517.262881602455,1339.19999,0.0,-0.0,1.3109871718625234,-27.620205167338472,0.0,0.0,-241.0312970842831,-16.050784502127563,-1055.8086904181134,618.3521,0.0,-0.0,0.9929760234955606,-20.91204876794027,0.0,0.0,208.5074410670395,-8.255272818209471,-798.685195504385,3808.4183000000003,0.0,-0.0,1.9647312773957797,-41.3895013504755,0.0,0.0,-2117.3356493987085,-68.43641903822504,-1583.2214614899874,761.3862,0.0,-0.0,0.22673777210753776,-4.775437190046227,0.0,0.0,-572.426694884705,-3.8638801904717583,-180.5469255068846,2007.7855400000003,0.0,-0.0,1.201611367909086,-25.310530818267463,0.0,0.0,-984.2832657541506,-20.36827618179149,-979.0250786136997,1360.5324052457327,0.0,-0.0,2.2228060825920086,-46.82040137374159,0.0,0.0,474.4603013095864,-50.29619678460998,-1740.09891447956,2453.251344413772,0.0,-0.0,7.964421333845864,-108.17903031692981,0.0,0.0,4331.989628118359,-14.295565772790585,-6670.7307977762575,351.7025999999999,0.0,-0.0,2.7128671010897905,-57.14915778865053,0.0,0.0,1778.2720719980568,-10.937183667389583,-2064.601197643107,17646.90389478568,0.0,-1490.0,23.092156166677796,-19.96064396781074,0.0,0.0,-531.8732653931679,-18.129268500639782,-15610.03287309074,59265.44750163162,0.0,-0.0,85.76198408289348,-97.20519453951553,0.0,0.0,-3110.0,-50.6715,-56093.332791175
t340,11113.689849646093,0.0,-0.0,23.44270650768046,-154.46728122677143,0.0,0.0,77.66151344540606,-0.6834213183195733,-11059.64336705409,1335.2432900000003,0.0,-0.0,1.6303799803003525,-0.0,0.0,0.0,-289.0863647822748,-16.180533184912143,-1031.6067720131136,618.3521,0.0,-0.0,1.2347835291147449,-0.0,0.0,0.0,169.7437861472356,-8.797410433428578,-780.5332592429218,3851.5821200000005,0.0,-0.0,2.443341918101846,-0.0,0.0,0.0,-2236.786742259658,-70.32042543829124,-1546.9182942201533,789.2037800000002,0.0,-0.0,0.2819570783250618,-0.0,0.0,0.0,-608.8635507714847,-4.1098289677075215,-176.512357339133,2030.5773400000005,0.0,-0.0,1.4942866869082205,-0.0,0.0,0.0,-1054.0797993902402,-21.148573327151414,-956.8432539695171,1146.8502835069087,0.0,-0.0,2.7642075655453393,-0.0,0.0,0.0,608.6090158966795,-59.483465239522076,-1698.7400417296112,2378.0372372479633,0.0,-0.0,9.904319976000842,-59.583064877600464,0.0,0.0,4206.065120437846,-13.880014897444891,-6520.543597886765,351.7025999999999,0.0,-0.0,3.3737144483599435,-0.0,0.0,0.0,1666.9301040613736,-6.8507040946386795,-2015.155714415095,17627.150670005183,0.0,-3007.705367777443,28.820137769784484,-0.0,0.0,0.0,569.806917215116,-10.031919158468899,-15208.040438054175,57880.69475141842,0.0,-0.0,93.38738002162827,-0.0,0.0,0.0,-3110.0,-50.6715,-54813.41063144004
t341,11351.773773349934,0.0,-0.0,28.25330598051935,-170.84984719506363,0.0,0.0,-365.0117894597004,-4.745153262976106,-10839.420289412714,1238.55845,0.0,-0.0,2.065228523229812,-10.879948109478931,0.0,0.0,-186.2676887086236,-15.902922759513284,-1027.5731189456137,618.3521,0.0,-0.0,1.5675647976295553,-8.234974337424974,0.0,0.0,174.83889649839966,-8.007209522511847,-778.5163774360925,3857.9558700000002,0.0,-0.0,3.09667526125195,-16.302624864764805,0.0,0.0,-2234.5452362760752,-68.3284964655131,-1541.8761876548986,711.1479600000001,0.0,-0.0,0.3578012142692005,-1.78162184372019,0.0,0.0,-530.6386134326834,-3.581810640670613,-175.50371529719507,2007.7855400000003,0.0,-0.0,1.8950658569024266,-9.968490676788061,0.0,0.0,-1027.1506516701727,-18.743003810086066,-953.8184596998558,1146.8470835069086,0.0,-0.0,3.5057550829102118,-18.439978022112548,0.0,0.0,618.8996755426688,-58.125012344171765,-1692.687523766204,2378.0372372479633,0.0,-0.0,12.560347795974948,-66.07297702214005,0.0,0.0,4190.696901735321,-13.82929977572656,-6501.3922099813935,353.28536587970564,0.0,-0.0,4.276138689615976,-22.509853899064996,0.0,0.0,1684.2277483205407,-12.19641653129621,-2007.0829824595012,14390.368761766824,0.0,-0.0,34.555290513889155,-4.805421022948585,0.0,0.0,784.9507574503247,-11.169388067259886,-15193.90000064083,58521.10947058307,0.0,-0.0,135.63997756367684,-289.760979299704,0.0,0.0,-3110.0,-50.6715,-55206.31696884705
t342,10904.776112634747,0.0,-0.0,64.95966767584478,-0.0,0.0,0.0,0.0,-0.0,-10969.735780310592,1457.4736500000001,0.0,-0.0,4.852873525427764,-0.0,0.0,0.0,-385.03616911632525,-16.439597656614076,-1060.8507567524885,618.3521,0.0,-0.0,3.679517729866943,-0.0,0.0,0.0,190.10287220511896,-9.415530816942308,-802.7189591180436,3907.5693000000006,0.0,-0.0,7.274671365997489,-0.0,0.0,0.0,-2252.6255962929,-70.92954307870127,-1591.288831994395,775.63076,0.0,-0.0,0.8400262335795309,-0.0,0.0,0.0,-590.9264650456987,-3.988753639058466,-181.5555675488225,2030.5773400000005,0.0,-0.0,4.450472240463981,-0.0,0.0,0.0,-1029.416771334864,-21.544638509131598,-984.0664023964686,1146.8470835069086,0.0,-0.0,8.232909752643948,-0.0,0.0,0.0,652.5256932089235,-60.44550103160801,-1747.1601854368687,2378.0372372479633,0.0,-0.0,29.497823431131014,-0.0,0.0,0.0,4313.717846231485,-14.2352688925639,-6707.017638018015,367.13456732713104,0.0,-0.0,10.045091139302407,-0.0,0.0,0.0,1700.6574470315745,-7.181358888206015,-2070.655746609802,15249.998188212963,0.0,-0.0,84.73465073294511,-0.0,0.0,0.0,511.00114311268555,-10.464141598121762,-15835.269840460474,60564.1786649381,0.0,-0.0,305.1072355768108,-0.0,0.0,0.0,-3110.0,-50.6715,-57708.614400514925
t343,12670.530351570666,0.0,-1830.0,229.8660136200694,-391.7503089975813,0.0,0.0,930.7847803168526,-9.331751391071077,-11600.099085118936,1472.9389619094538,0.0,-240.0,17.83571770037606,-3.6096747877196647,0.0,0.0,-115.72528072063412,-2.0168652014882635,-1129.4228588999877,618.5708999999999,0.0,-0.0,13.533477579370324,-2.736264907168015,0.0,0.0,226.40105627534524,-0.6112828519434322,-855.1578860956041,5663.002044854837,0.0,-394.4633939379375,26.741418874585044,-5.410753305193957,0.0,0.0,-3551.118379546591,-43.59470970105653,-1695.1562272386425,739.91888,0.0,-0.0,3.0892368287672385,-0.7237195294480674,0.0,0.0,-544.9467347874267,-3.6783904598151302,-193.6592720520773,9210.934487925717,0.0,-2955.9875652569617,16.363365100047055,-3.309944481753866,0.0,0.0,-5181.581298029891,-38.83196319780466,-1047.5870820593555,1370.5566087161544,0.0,-729.0439029716646,30.27100966748915,-6.123021403606098,0.0,0.0,1277.207219205684,-79.70113347855163,-1863.166779735506,2378.0372372479633,0.0,-0.0,108.4555843708181,-21.938453553003086,0.0,0.0,4684.2708008667505,-17.453093642860274,-7131.372075289668,542.8215799744698,0.0,-0.0,36.926310317097624,-7.471276683099173,0.0,0.0,1662.332354324898,-21.671320606223674,-2212.9376473271423,16635.681803785654,0.0,-1538.5174423457274,304.9110271691558,-420.90117956096515,0.0,0.0,1920.0,-19.512,-16881.662209048118,62251.812541561325,0.0,-0.0,1122.7639423078176,-221.3864112092184,0.0,0.0,-1307.6245179049877,-22.34867639437749,-61823.21687836056
t344,13023.90794622885,0.0,-1830.0,312.19429942169927,-312.19429942169927,0.0,0.0,1589.6099587444337,-19.671180208174825,-12763.84672476511,1623.1536929737017,0.0,-240.0,24.05526107105912,-3.1307662447211984,0.0,0.0,-144.91336366129258,-15.791266081885489,-1243.3735580568614,618.8149,0.0,-0.0,18.23860618206747,-2.376379502352411,0.0,0.0,313.23995099816784,-7.041714792035332,-940.8753628858475,6786.2356160088375,0.0,-394.4633939379375,36.05968795976862,-4.6943998866837875,0.0,0.0,-4485.489152064481,-73.07735024830234,-1864.5710078312018,739.89306,0.0,-0.0,4.163854077845335,-0.5424137337258793,0.0,0.0,-527.1328825380899,-3.5581469571321067,-212.82347084889747,12721.520180230558,0.0,-7132.474803650225,22.06031239811299,-2.872837047065011,0.0,0.0,-4394.218992991573,-62.57550695541869,-1151.4383519843925,1688.3253816784886,0.0,-729.0439029716646,35.19632797256068,-38.49650690285002,0.0,0.0,1187.1751264523573,-91.3528366338631,-2051.8035895950293,2378.0602371596688,0.0,-0.0,83.97399784179711,-218.16324364450574,0.0,0.0,5614.609712915089,-20.523212052619794,-7837.957492219429,587.1390246062309,0.0,-0.0,49.79229220219094,-9.000500974290425,0.0,0.0,1833.936408059968,-23.90217330477958,-2437.9650505893187,18363.308248432695,0.0,-2291.9369158905974,413.7393985398035,-0.0,0.0,0.0,1920.0,-19.512,-18385.5987310819,68116.06614157732,0.0,-0.0,1465.2926985661998,-797.9890468974552,0.0,0.0,-2906.816765914581,-46.88213268430694,-65829.67089464719
t345,13028.773006707761,0.0,-1683.3609015749823,318.07847123948176,-0.0,0.0,0.0,2633.6126140537785,-27.05183830637492,-14270.051352119664,1714.524027075553,0.0,-240.0,23.45408381436194,-24.388560859022025,0.0,0.0,-109.64497079787839,-15.696041421154272,-1348.2485378118604,473.82189999999997,0.0,-0.0,17.775344507611482,-18.52355863660895,0.0,0.0,553.108099942319,-5.6395915577181785,-1020.5421942556031,6796.17086674979,0.0,-394.4633939379375,35.15492237632702,-32.43224931571504,0.0,0.0,-4314.099292492501,-68.44612071281449,-2021.8847326671496,740.1370999999999,0.0,-0.0,4.058405078836221,-3.7497443219693722,0.0,0.0,-506.05088964796334,-3.4158435051237523,-230.97902760377974,14414.029175347612,0.0,-7132.474803650225,21.50417042575591,-19.853984464031818,0.0,0.0,-5967.925045770142,-66.03947851886079,-1249.240033370107,1950.8499316734392,0.0,-569.0205652433277,39.780094953126834,-0.0,0.0,0.0,912.0732850988425,-109.38239492994677,-2224.3003515521336,2407.7507320053633,0.0,-0.0,142.53097699125476,-164.91509788298458,0.0,0.0,6141.118276969826,-22.260690314000424,-8504.22419776946,600.9882260536563,0.0,-0.0,48.54228264441049,-44.78674513580812,0.0,0.0,2055.7813673502287,-17.714506949975817,-2642.810623962511,19613.87816283583,0.0,-1415.0161824085199,401.37511673509056,-331.3,0.0,0.0,1474.218632649771,-16.235506949975818,-19726.920222862198,74637.77828182394,0.0,-0.0,1387.555730311768,-3113.022794007693,0.0,0.0,-2872.192077356281,-46.236382242694646,-69993.88275852906
t346,13003.00606234142,0.0,-1493.1824068549656,285.8124142316796,-0.0,0.0,0.0,3560.0,-39.019999999999996,-15316.616069718133,1754.2577568661563,0.0,-240.0,20.45912730462056,-9.052520448867268,0.0,0.0,-78.10663683995722,-15.610887919467885,-1431.9468389624844,328.72749999999996,0.0,-0.0,15.502706521995924,-6.88176299429195,0.0,0.0,751.1892730405359,-4.463745397515136,-1084.0739711707247,6613.37814672225,0.0,-394.4633939379375,30.66447652046696,-1.8234455747538298,0.0,0.0,-4031.582525961041,-68.23586097046717,-2147.937396798518,714.1869974672878,0.0,-0.0,3.5396430162543076,-0.21087465830486574,0.0,0.0,-469.2483234510325,-3.1674261832944692,-245.10001619091037,14858.074893899737,0.0,-7132.474803650225,18.75637910002672,-1.1163952498492833,0.0,0.0,-6352.2650931955795,-64.09856127936233,-1326.8764196247466,2003.2631830327207,0.0,-166.29354730176087,34.69687989140304,-0.0,0.0,0.0,603.7805932212796,-111.93884413314527,-2363.508264710498,2379.156240048608,0.0,-0.0,124.31876262590754,-124.31876262590754,0.0,0.0,6672.202179898197,-21.983006456366724,-9029.375413490437,595.4485454746862,0.0,-0.0,42.34156958798506,-0.0,0.0,0.0,2193.971193583069,-23.459679593556597,-2808.3016290521828,22272.620897196783,0.0,-1750.8919853649243,351.3234374695554,-93.9577549124504,0.0,0.0,186.85020941990138,-12.846650960763725,-20953.098152848102,77759.6483996329,0.0,-0.0,1207.9186150952373,-1756.1175676655741,0.0,0.0,-3036.7908697153725,-49.306149720191705,-74125.352427627
t347,13217.768565678283,0.0,-759.982977692373,329.426603183602,-108.66341567815351,0.0,0.0,3560.0,-39.019999999999996,-16199.528775491359,1549.4361567572528,0.0,-240.0,23.25015386888915,-0.0,0.0,0.0,169.29814875234794,-0.4571050016313395,-1501.5273543768585,438.43890451614635,0.0,-0.0,17.61707586166593,-0.0,0.0,0.0,685.9850589119244,-4.519700238036633,-1137.5213390517,6282.669086472085,0.0,-0.0,34.847470858289704,-15.89789257327945,0.0,0.0,-4013.873334746852,-34.93211665442689,-2252.8132133558165,647.1619974672878,0.0,-0.0,4.022425896524926,-1.837269502448873,0.0,0.0,-389.51421223461494,-2.629220932583651,-257.2037206941652,14761.018589702395,0.0,-4256.878750426598,21.314791178104212,-9.729995428595792,0.0,0.0,-9068.699836805252,-55.61943417586653,-1391.405364044187,1973.6022652407057,0.0,-6.349962360104189,39.42958768498839,-18.000027650687798,0.0,0.0,603.7805932212796,-111.93884413314527,-2480.5236120030368,2503.5149235294307,0.0,-0.0,141.2761766287232,-141.2761766287232,0.0,0.0,6983.023582901167,-22.728977823573853,-9463.809528607024,585.5562587265251,0.0,-0.0,48.11741024334407,-21.953348996977493,0.0,0.0,2365.605821087174,-27.751702784990727,-2949.574438275074,23026.244131677246,0.0,-0.0,400.9082723863346,-825.7843917820564,0.0,0.0,-295.6058210871738,-16.39270278499073,-22289.36948840935,79511.55411519604,0.0,-0.0,1342.3853323225508,-1342.3853323225508,0.0,0.0,-600.0,-9.81,-78901.74411519607
t348,13517.9818959818,0.0,-222.05046363249392,372.7887005580307,-176.96228630905927,0.0,0.0,3560.0,-39.019999999999996,-17012.737846598277,1356.9917125924105,0.0,-240.0,25.737566281023568,-13.273298055658726,0.0,0.0,431.5889997034679,-6.071723000010417,-1554.973257521233,328.9647,0.0,-0.0,19.495057367206044,-14.963949197650436,0.0,0.0,854.9989427988978,-11.644216683583046,-1176.8505342848703,6270.4503830347085,0.0,-357.9251967678826,38.572363804133076,-19.897789407509045,0.0,0.0,-3539.454680583454,-59.266582993154465,-2332.4784970868413,580.0073774672877,0.0,-0.0,4.451501768531779,-2.297796686316272,0.0,0.0,-305.0795834778969,-10.8,-266.28149907160633,15010.194275724358,0.0,-3384.757495518794,23.590763916275726,-12.17338787530665,0.0,0.0,-10126.631319131211,-69.4125,-1440.8103371153213,2042.7983794701274,0.0,-0.0,27.57972694772583,-131.94638336048507,0.0,0.0,742.2402349929444,-111.37808258397003,-2569.293875466342,2674.7421826672453,0.0,-0.0,156.36227082248797,-0.0,0.0,0.0,6983.023582901167,-22.728977823573853,-9791.399058567327,583.9734928468195,0.0,-0.0,11.355857926342358,-161.03042535842923,0.0,0.0,2651.540358228335,-30.310238450824755,-3055.529045192242,23821.771862577083,0.0,-0.0,453.3005233259258,-86.67502959924298,0.0,0.0,-720.0,-19.512,-23448.885356303763,82082.45813591567,0.0,-0.0,1478.770090999737,-0.0,0.0,0.0,-532.2265354322506,-10.670723000010417,-83018.33096848315
t349,14708.14489426118,0.0,-452.42000005035436,404.90481771319145,-569.8246862370383,0.0,0.0,3560.0,-39.019999999999996,-17611.785025686975,1155.9052777268755,0.0,-240.0,4.396229180233496,-76.18359411215425,0.0,0.0,750.5513172813805,-9.443574548852872,-1585.2256555274828,328.97009999999995,0.0,-0.0,3.3420313666060752,-57.706915932198896,0.0,0.0,937.0836763125828,-11.644216683583046,-1200.0446750634069,6316.865208703624,0.0,-394.4633939379375,41.02180348494809,-45.59624777854495,0.0,0.0,-3479.694909991752,-59.266582993154465,-2378.865877487185,564.6994399999999,0.0,-0.0,3.401344299377023,-13.176745917414515,0.0,0.0,-271.7906870587287,-10.8,-272.3333513232337,15239.333593762953,0.0,-3450.859291573158,25.087065539503026,-55.42713128838938,0.0,0.0,-10219.67998614208,-69.4125,-1469.0417502988266,1946.3926135023978,0.0,-0.0,46.40721598943394,-75.50728800699463,0.0,0.0,814.533033420802,-111.0852967503372,-2620.740278155303,2853.3139380940875,0.0,-0.0,166.28049109588167,-0.0,0.0,0.0,6983.023582901167,-22.728977823573853,-9979.889034267562,585.5562587265251,0.0,-0.0,56.6418138436966,-73.33546190541288,0.0,0.0,2579.2475598004776,-30.017452617191935,-3118.092717848094,26296.54491384827,0.0,-463.97787787368367,491.24925065456546,-1220.3306234331098,0.0,0.0,-720.0,-19.512,-24363.973663196044,88970.92579636454,0.0,-0.0,1589.5272412177897,-2755.0394288216203,0.0,0.0,-933.2735865238483,-14.042574548852873,-86858.09744768801
t350,15063.143420853452,0.0,-206.85387704044834,403.11003203604577,-787.7500535070315,0.0,0.0,3560.0,-39.019999999999996,-17992.629522342017,1309.8382845668698,0.0,-240.0,3.7774181531567868,-24.856144757040433,0.0,0.0,571.5921020119167,-6.890432974920584,-1613.4612269999825,328.9097,0.0,-0.0,2.871608698063067,-13.92327996044502,0.0,0.0,915.008121981079,-11.644216683583046,-1221.221934035114,6193.367589843168,0.0,-0.0,40.5058443950464,-94.96612722973518,0.0,0.0,-3658.4017862530513,-61.30279074620602,-2419.2027300092227,615.09894,0.0,-0.0,4.67373323182262,-10.3,0.0,0.0,-322.30475374083716,-10.8,-276.36791949098534,15428.830184285878,0.0,-3790.301064540869,24.770833044434994,-0.0,0.0,0.0,-10099.639083576774,-69.4125,-1494.2483692126705,2002.5059990014154,0.0,-0.0,45.82213970811007,-48.6621935493144,0.0,0.0,778.7073614364194,-111.23039072187396,-2667.142915874758,3439.9161488827112,0.0,-0.0,164.18468011183722,-417.1837475787026,0.0,0.0,6983.023582901167,-22.728977823573853,-10147.21168649344,590.7002478355689,0.0,-0.0,55.929210975836156,-55.929210975836156,0.0,0.0,2615.07323178486,-30.16254658872868,-3175.6109330316995,25849.24279615331,0.0,-34.695137314704944,489.5297510639286,-489.5297510639286,0.0,0.0,-720.0,-19.512,-25075.03565883861,89102.1908870423,0.0,-0.0,1597.2573158594644,-0.0,0.0,0.0,-623.058776544781,-13.525640727972142,-90062.86378562903
t351,15809.044770261518,0.0,-272.3516494801611,448.83105441691515,-919.7516516476637,0.0,0.0,3426.8161107994674,-37.28860944039308,-18455.30002490968,1396.224187895548,0.0,-0.0,29.59843120096247,-29.59843120096247,0.0,0.0,246.00110809067334,-7.587390381864239,-1634.6379056043572,328.76669999999996,0.0,-0.0,22.40911048850236,-22.40911048850236,0.0,0.0,921.2429460767457,-11.644216683583046,-1238.3654293931627,6006.034162490873,0.0,-0.0,14.169950876602282,-94.29899406107711,0.0,0.0,-3385.996402973341,-87.42808299315446,-2452.480633339904,726.0012399999999,0.0,-0.0,5.117333340045812,-5.772599754368929,0.0,0.0,-434.1434859269399,-10.8,-280.40248765873696,15288.147289180664,0.0,-2070.4183035787837,27.12287303414729,-0.0,0.0,0.0,-11661.025694292282,-69.4125,-1514.4136643437457,1947.5535145270258,0.0,-0.0,50.17290810503597,-50.17290810503597,0.0,0.0,867.7828969252214,-110.86963480314431,-2704.466776649102,3161.487172293284,0.0,-0.0,179.77465818419466,-20.28503372403059,0.0,0.0,6983.023582901167,-22.728977823573853,-10281.271401831042,589.908864895716,0.0,-0.0,61.24178307413431,-61.24178307413431,0.0,0.0,2659.1815854965907,-28.070400110392114,-3221.0200502819143,25847.13558974257,55.52187038676297,-0.0,540.1296323593772,-0.0,0.0,0.0,-720.0,-19.512,-25703.27509248872,91324.83680217172,0.0,-0.0,1256.4521872488172,-826.83467990477,0.0,0.0,1097.117352902696,-40.34789038186424,-92811.22377203664
t352,15491.415154769056,0.0,-0.0,598.8054816472315,-598.8054816472315,0.0,0.0,3352.769841831406,-36.32600794380828,-18807.858988656655,1603.3425845314457,0.0,-0.0,39.25611031521609,-39.25611031521609,0.0,0.0,58.4705561809007,-8.015383037364515,-1653.797757674982,473.7811,0.0,-0.0,29.719501428758793,-29.719501428758793,0.0,0.0,785.6627641570012,-7.968703019448455,-1251.4751611375527,5784.937620075598,0.0,-0.0,58.82500332348472,-58.82500332348472,0.0,0.0,-3216.793106977113,-87.42808299315446,-2480.716430105331,758.60089,0.0,-0.0,6.7867929967732294,-6.7867929967732294,0.0,0.0,-464.37247621544924,-10.8,-283.4284137845507,14519.836218820525,0.0,-1074.5512401447868,12.74247926046188,-58.06905748759297,0.0,0.0,-11800.0,-69.4125,-1530.5459004486058,2106.982751997923,0.0,-0.0,66.54199164848235,-66.54199164848235,0.0,0.0,741.1466321315756,-111.38251167555856,-2736.7468724539403,3214.721531234948,0.0,-0.0,238.4271801202982,-24.319361661023553,0.0,0.0,6983.023582901167,-22.728977823573853,-10389.123954771818,557.0664728918216,0.0,-0.0,81.22325941827141,-81.22325941827141,0.0,0.0,2729.974129736852,-26.66598406323895,-3260.374618565434,25397.904582579406,731.9335071185269,-0.0,719.4409435535224,-0.0,0.0,0.0,-590.1100104785542,-18.557308577017373,-26240.61171419589,94974.38955591738,0.0,-0.0,2289.6315361223487,-3783.6751176200637,0.0,0.0,1420.2280867322131,-44.45139670149911,-94856.1226644504
t353,16767.42845375908,0.0,-0.0,768.4364002698389,-713.4987096458785,0.0,0.0,2309.9203938572896,-35.51103487985524,-19096.775503360477,1624.140049892035,0.0,-0.0,49.950729892663844,-49.950729892663844,0.0,0.0,54.93203135796114,-10.148124571889506,-1668.9239566781068,618.9719,0.0,-0.0,37.811372538922086,-34.96326251608309,0.0,0.0,650.0911882301403,-8.334746274450978,-1263.5764519785282,5828.921365088532,0.0,-0.0,74.84857097532374,-74.84857097532374,0.0,0.0,-3238.5915831029265,-87.42808299315446,-2502.9016989924517,739.8283399999999,0.0,-0.0,8.634862258732127,-8.634862258732127,0.0,0.0,-442.5740000896356,-10.8,-286.45433991036435,13475.404024198204,0.0,-0.0,3.4406698262484494,-64.77058698409401,0.0,0.0,-11800.0,-69.4125,-1544.6616070403584,2272.141454201136,0.0,-0.0,84.66434148730445,-84.66434148730445,0.0,0.0,603.7805932212796,-111.93884413314527,-2763.9832032892723,3913.159689301,0.0,-0.0,303.3628576441369,-0.0,0.0,0.0,6283.023582901167,-22.728977823573853,-10476.81715202273,873.4341959666808,0.0,-0.0,103.34754584903337,-7.760621941427058,0.0,0.0,2352.180792159502,-25.50909116263182,-3295.692820871157,25084.053576509064,549.2615697846579,-0.0,654.262870456488,-1329.5546875077496,0.0,0.0,1667.8988139832088,-17.659056282776586,-26608.263086942898,92328.98583168842,0.0,-0.0,2928.142721317427,-275.0318664191298,0.0,0.0,1559.3381874820134,-46.21809498102158,-96495.21677908773
t354,14020.602741819666,1072.2666983441732,-0.0,915.2162694040715,-0.0,0.0,0.0,3280.658989251057,-35.38856686026374,-19253.356131958706,1622.493237486456,240.0,-0.0,59.12657619462789,-0.0,0.0,0.0,-247.03858057239745,-14.732995832454527,-1659.8482372762319,618.8261,0.0,-0.0,44.757490528151024,-0.0,0.0,0.0,601.3999876425125,-8.466212516037572,-1256.517365654626,5788.18497536569,394.4633939379375,-0.0,88.59821794517231,-88.59821794517231,0.0,0.0,-3615.050948547305,-77.80519883353284,-2489.792221922789,783.8069291993786,0.0,-0.0,10.221114633994215,-10.221114633994215,0.0,0.0,-496.02172671754676,-3.3481466553434407,-284.4370558264886,11825.2392608432,1127.1485149019388,-0.0,54.176474895336085,-33.64264929635352,0.0,0.0,-11370.09290792771,-67.24146918503494,-1535.5872242313746,2154.6818930913832,95.68251551063558,-0.0,100.21731392169478,-92.5628102371917,0.0,0.0,603.7805932212796,-111.93884413314527,-2749.8606613746556,4152.8056526313585,0.0,-0.0,359.09102053722364,-361.9,0.0,0.0,6283.023582901167,-22.728977823573853,-10410.291278246175,783.6122322933794,0.0,-0.0,122.33246357251997,-0.0,0.0,0.0,2392.566611284844,-17.954858696324866,-3280.5564484544184,23835.59051845107,1351.0205874414632,-0.0,1084.266077975315,-309.1612045529905,0.0,0.0,656.774399464099,-10.227291836061129,-26608.263086942898,91297.23057938603,0.0,-0.0,3484.509294648219,-0.0,0.0,0.0,1910.0,-50.6715,-96641.06837403426
t355,15012.130608731524,0.0,-0.0,726.9784356169877,-121.3995784232003,0.0,0.0,3310.786343926591,-35.78022247104568,-18892.715587380855,1718.118303881093,51.435435573617845,-0.0,4.632683773142063,-54.621222674620064,0.0,0.0,-104.48007541496764,-8.682791006409847,-1606.4023341318575,618.5703,0.0,-0.0,3.5217851132559557,-51.12738566424597,0.0,0.0,651.8699454699067,-6.654915400875965,-1216.1797295180409,4979.704735374704,394.4633939379375,-0.0,69.43243840049331,-69.43243840049331,0.0,0.0,-2884.6220533460664,-79.41913777481054,-2410.126938191764,850.9258291993789,0.0,-0.0,8.010562202224849,-8.010562202224849,0.0,0.0,-571.7075259501677,-3.8590258001636317,-275.35927744904745,7903.326693766975,5473.810147748801,-0.0,42.45824946615508,-62.99207506513765,0.0,0.0,-11800.0,-69.4125,-1487.1905159167943,2027.415073568292,71.95606744364468,-0.0,78.54076448968358,-7.654503684503083,0.0,0.0,603.7805932212796,-111.93884413314527,-2662.099150905252,3563.790969541924,0.0,-0.0,281.4201686814356,-22.80399501508,0.0,0.0,6283.023582901167,-22.728977823573853,-10082.701748285874,747.9999999999998,0.0,-0.0,95.86956346219871,-0.0,0.0,0.0,2350.1780040826784,-18.43663451317755,-3175.6109330316995,22139.349919121207,2215.4085591151525,-0.0,856.4535295324848,-0.0,0.0,0.0,669.0356519907303,-10.317412042131869,-25869.930247717446,90593.17252954528,0.0,-0.0,2893.2186819417057,-666.3989649953321,0.0,0.0,1492.135533118848,-45.36462127060937,-94266.76315833989
t356,15559.580366844502,0.0,-0.0,431.16274509097184,-885.6297122533197,597.2764652996133,0.0,2454.1906695539224,-33.63552129579901,-18122.945013239896,1741.665265933413,220.069803356595,-0.0,27.540364460612,-4.505353520007822,0.0,0.0,-422.3322450496198,-16.54029706163397,-1545.8975381193582,618.3521,0.0,-0.0,20.857241043223794,-0.0,0.0,0.0,539.6237104222728,-8.033162601113872,-1170.7998888643826,3781.3037800000006,394.4633939379375,-0.0,41.272568602292196,-0.0,0.0,0.0,-1832.150397982432,-66.52874585366959,-2318.3605987041283,922.1784791993789,0.0,-0.0,4.762683963904325,-0.0,0.0,0.0,-657.2319901997663,-4.436315933848422,-265.27285702966844,2064.84232,7132.474803650225,-0.0,25.24101728322934,-0.0,0.0,0.0,-7734.713253312902,-57.117198070769845,-1430.7276895497837,1486.5013835069087,542.1989275829095,-0.0,38.66428534937757,-0.0,0.0,0.0,603.7805932212796,-111.93884413314527,-2559.20634552733,3285.3769060535847,0.0,-0.0,167.3007149923049,-447.37882088171807,439.1204238591439,0.0,6283.023582901167,-22.728977823573853,-9704.713829100909,647.8544999999998,0.0,-0.0,56.9882179577129,-9.332518005730485,228.8619509410834,0.0,2151.1711403146446,-24.050611993265044,-3051.492679214445,20631.572365098855,1382.0207979572103,-0.0,506.91867573166195,-1380.2177047911619,1852.4478027105838,0.0,1724.638190131433,-18.076090697466032,-24699.30403614112,91769.59359212346,0.0,-0.0,1835.9339659845884,-0.0,0.0,0.0,-3110.0,-50.6715,-90444.85605810807
t357,12411.689105970128,1830.0,-0.0,373.4893905776291,-142.8658500594713,329.21467264816744,0.0,2800.0,-29.14,-17572.387319136455,1907.2461447000462,208.4102810697876,-0.0,24.744283115535172,-56.917331349289235,0.0,0.0,-530.836712960478,-16.83325912499329,-1535.8134054506083,618.3521,0.0,-0.0,18.747448811540764,-39.60468985476456,0.0,0.0,573.9161345527195,-8.678631872430143,-1162.7323616370657,3791.9936300000004,394.4633939379375,-0.0,37.086036886163654,-78.35860548845585,0.0,0.0,-1774.873654467564,-67.07652185971715,-2303.234279008364,939.04981,0.0,-0.0,4.28059262298788,-9.043276586892205,0.0,0.0,-666.5324589921065,-4.499094098196719,-263.2555729457926,2080.1466933333336,7132.474803650225,-0.0,22.683411147916374,-47.924428431145714,0.0,0.0,-7708.477484255018,-57.24968870451216,-1421.6533067408,1486.5013835069087,527.6064693892346,-0.0,41.96127184493139,-7.870835186001565,0.0,0.0,603.7805932212796,-111.93884413314527,-2540.0400386432075,3093.146173848372,0.0,-0.0,150.34769881402264,-0.0,0.0,0.0,6431.17903638009,-22.37340473522444,-9652.29950430726,647.8544999999998,0.0,-0.0,51.20826278810428,-19.75750821218867,0.0,0.0,2360.9868681251596,-14.02673084786058,-3026.2653918532146,20579.642441021755,2952.0000155271036,-0.0,446.35396965593236,-974.2339406065912,440.12952134964183,0.0,1020.8576783959179,-12.903303936209998,-24451.846381407555,93938.22099532286,0.0,-0.0,848.6036308706473,-3865.164852645972,0.0,0.0,-3110.0,-50.6715,-87760.98827354755
t358,12064.743581587878,1830.0,-0.0,286.05978839136503,-0.0,0.0,0.0,3494.4038457996144,-38.16724999539499,-17637.039965783464,1707.3309947000462,240.0,-0.0,22.031289198271036,-7.523193593275148,0.0,0.0,-428.62824067523525,-16.557296249823136,-1516.6535533799834,618.3521,0.0,-0.0,16.697603949428355,-5.719162476520392,0.0,0.0,526.4180014988492,-8.14279488591097,-1147.6057480858462,3788.5597100000005,394.4633939379375,-0.0,33.02259135511629,-11.28479038991272,0.0,0.0,-1864.5803833215418,-66.19046065171422,-2273.9900609298866,860.2506599999999,0.0,-0.0,3.812315342485487,-1.305043786588546,0.0,0.0,-598.4884874456598,-4.039797290258203,-260.2296468199789,2057.3548933333336,7132.474803650225,-0.0,20.200028831245703,-6.90905534076289,0.0,0.0,-7741.52506617886,-57.08279841579676,-1404.512805879386,1486.5013835069087,624.4260120237651,-0.0,37.36761909357552,-133.38557386791524,0.0,0.0,603.7805932212796,-111.93884413314527,-2506.7511898444677,3117.8218752866615,0.0,-0.0,133.8869821014017,-0.0,0.0,0.0,6313.378284948094,-22.65612653866123,-9542.431015797496,647.8544999999998,0.0,-0.0,45.59798950139103,-95.5869239076063,0.0,0.0,2406.733255462921,-21.72436346480691,-2982.874457591898,20532.166441021756,2340.122567814622,-0.0,386.3352080742084,-0.0,0.0,0.0,398.50819669053783,-11.290964754324547,-23645.841448846804,86845.88819971615,0.0,-0.0,1372.06003485638,-0.0,0.0,0.0,-3110.0,-50.6715,-85057.27673457254
t359,15007.073394980689,0.0,-0.0,255.41360304088846,-1236.9,0.0,0.0,2791.925647394687,-29.038666874803326,-16788.47397854146,1508.255944700046,240.0,-0.0,16.56793228511551,-0.0,0.0,0.0,-327.68483490406106,-16.284749054240965,-1420.8542930268595,618.3521,0.0,-0.0,12.560737834283149,-0.0,0.0,0.0,452.8338971178499,-7.7402910087254675,-1076.0064439434077,3771.8803800000005,0.0,-0.0,24.835434469431316,-0.0,0.0,0.0,-1600.9522619185686,-63.9608967611601,-2131.802655789703,788.98286,0.0,-0.0,2.867645086058875,-0.0,0.0,0.0,-545.0884261028302,-3.679346876194104,-243.08273210703456,3644.4710933333336,5045.56989758525,-0.0,15.19327207318836,-0.0,0.0,0.0,-7337.289140407135,-51.151350525426935,-1316.793772059209,1486.5013835069087,0.0,-0.0,28.105906939574268,-0.0,0.0,0.0,935.0565021668565,-103.3043287991612,-2346.359463814178,2378.0372372479633,0.0,-0.0,100.70147260866597,-390.47062683047,0.0,0.0,6888.010693516337,-22.500946889050258,-8953.777829653445,351.7025999999999,0.0,-0.0,34.29341637050193,-152.6238794030973,0.0,0.0,2573.187923136865,-16.422077952172145,-2790.137982152097,20484.690441021758,1694.8686238296357,-0.0,281.6848645364731,-0.0,0.0,0.0,-720.0,-19.512,-21721.731929387865,85700.03200597396,0.0,-0.0,973.3429175631966,-4910.6,0.0,0.0,-3110.0,-50.6715,-78602.10342353718
t360,12487.448357205125,1830.0,-0.0,191.25637988380916,-0.0,0.0,0.0,711.1291132319717,-6.257936196441351,-15213.575914124462,1319.71695,240.0,-0.0,12.453702847692789,-0.0,0.0,0.0,-250.19993242702913,-16.07553981755298,-1305.8951806031107,618.3521,0.0,-0.0,9.443335785980382,-0.0,0.0,0.0,369.0461109334169,-7.561020469647637,-989.2805262497496,3768.3693400000006,0.0,-0.0,18.669015275818417,-0.0,0.0,0.0,-1763.1642015067277,-64.51154251110063,-1959.3626112579907,742.35059,0.0,-0.0,2.1558619038100866,-0.0,0.0,0.0,-517.0975103984064,-3.490408195189243,-223.9185333102144,3629.16672,1166.7,-0.0,11.42153172303276,-0.0,0.0,0.0,-3567.6686107643536,-28.69366833761528,-1210.9259726210644,1486.5013835069087,0.0,-0.0,21.12867978803853,-0.0,0.0,0.0,717.1306977728295,-68.04686010702251,-2156.7139009607536,2408.2542916226657,0.0,-0.0,75.70206657443529,-280.585734372606,0.0,0.0,6053.719385024837,-19.97727397058196,-8237.112734878752,548.9501351151774,0.0,-0.0,25.778823191231005,-75.97323549890821,0.0,0.0,2077.1049481334626,-12.768275039940523,-2563.092395901022,20458.344238152426,0.0,-0.0,210.87510221320002,-171.47614894530932,0.0,0.0,-720.0,-19.512,-19758.23119142032,76571.78626534654,0.0,-0.0,688.9833636406865,-2212.129011594594,0.0,0.0,-3110.0,-50.6715,-71887.96911739265
t361,11560.60721890476,370.49767353477296,-0.0,69.96102848336588,-0.0,0.0,0.0,-654.104654692579,-8.503360511003526,-11338.457905719319,1310.5288147970352,0.0,-0.0,4.838617017579541,-10.752486680931755,0.0,0.0,-168.79163246808798,-10.434106833107204,-1125.3892058324877,617.8096499999999,0.0,-0.0,3.667098836807441,-8.174084262545058,0.0,0.0,243.99953788884147,-5.16963907774346,-852.1325633853603,4052.7517085100135,0.0,-0.0,7.252527086160748,-0.0,0.0,0.0,-2329.6706713730546,-43.24470748888452,-1687.088856734235,1052.400691042524,0.0,-0.0,0.8372586588870086,-1.809491459425999,0.0,0.0,-853.0199436124614,-5.757884619384114,-192.65063001013942,2003.5063000000002,1602.3541731596938,-0.0,4.436356504843148,-54.35563058653261,0.0,0.0,-2499.398807479533,-13.996633321885385,-1042.5457582765866,844.0755767013816,729.0439029716646,-0.0,8.206719689938968,-100.54796134138815,0.0,0.0,405.7427355748605,-30.41546481826018,-1856.1055087781976,5374.528291931887,0.0,-0.0,29.404444693147965,-0.0,0.0,0.0,1700.7969996597255,-5.612630098877094,-7099.117106185885,351.7025999999999,0.0,-0.0,10.014366273229879,-77.55154132373244,0.0,0.0,1933.4193792565484,-13.72898032894684,-2203.8558238770993,16208.302917984955,0.0,-0.0,83.67547852495211,-0.0,0.0,0.0,3.894314338529599,-0.02862321038819255,-16295.844087638046,56199.96791356687,0.0,-0.0,352.5548456798075,-1599.3678938244075,0.0,0.0,2217.1327429072107,-37.14208583492157,-57133.14552249456
t362,12181.730822302125,0.0,-0.0,44.75896646547196,-324.749016127685,0.0,0.0,-1410.972508447194,-18.049704981012283,-10472.718559211706,1113.079664797035,0.0,-0.0,3.2667670676389386,-39.563222286268356,0.0,0.0,2.4808708723576274,-5.303951228900151,-1073.9601292218633,617.8096499999999,0.0,-0.0,2.476155963412936,-0.0,0.0,0.0,196.0298183879961,-3.5122561992192307,-812.8033681521898,3984.1018385100133,0.0,-0.0,4.896665983200401,-29.593947437329405,0.0,0.0,-2306.6294469930517,-42.32627312046931,-1610.448836942363,953.4500910425238,0.0,-0.0,0.5653329046536504,-0.0,0.0,0.0,-765.2769528825222,-5.165619431957025,-183.5728516326983,1980.7145000000003,0.0,-0.0,2.9953986375249766,-2.581605219622322,0.0,0.0,-979.4776391634739,-5.485074779315369,-996.1655794751136,844.0755767013816,0.0,-0.0,5.541139017595405,-4.775969656301296,0.0,0.0,950.9457148936962,-26.433709653677145,-1769.3527513026947,6087.486923894425,0.0,-0.0,19.853649602967405,-17.110305705607946,0.0,0.0,698.7226098135809,-2.3057846123848167,-6786.64709299298,351.7025999999999,0.0,-0.0,6.761398811418077,-5.822953995370348,0.0,0.0,1760.2000739377809,-13.930810299448016,-2098.9103084543804,16392.72089553378,0.0,-179.18545890296264,55.53562622724775,-851.9541573351248,0.0,0.0,0.0,-0.0,-15417.116905522942,55379.20190851029,0.0,-0.0,192.8315713718906,-3191.257930252749,0.0,0.0,1853.9774595808303,-32.530013736676544,-54202.22299547358
t363,12306.109499646882,0.0,-0.0,27.40577380508995,-427.424605947569,0.0,0.0,-1960.0,-24.939999999999998,-9921.150667504404,1087.331567714792,0.0,-0.0,2.0663479096582273,-2.289997829473873,0.0,0.0,-50.82205264576144,-0.6454400686011702,-1035.6404250806138,617.8096499999999,0.0,-0.0,1.5674711993694368,-10.209884281849574,0.0,0.0,176.23691126758143,-0.8371253285210116,-784.5670228565803,4015.01562,0.0,-0.0,3.0979005814906095,-0.0,0.0,0.0,-2421.094915977177,-43.04136119280338,-1553.97724341151,905.7476038493695,0.0,-0.0,0.3578194460236131,-2.4028863629394346,0.0,0.0,-721.3126769817559,-4.868860569626852,-177.52099938107088,2003.4951200000003,37.82038220177674,-0.0,1.895482678710938,-0.0,0.0,0.0,-1076.3073507207198,-6.027321164036031,-960.8763129957322,844.0755767013816,0.0,-0.0,3.5064808273155625,-0.0,0.0,0.0,898.523145923712,-40.30389076548963,-1705.8013126869196,4631.435324967047,0.0,-0.0,12.563216275488955,-0.0,0.0,0.0,1913.0973113063374,-6.313221127310913,-6550.782631421563,351.7025999999999,0.0,-0.0,4.2777443681543215,-0.0,0.0,0.0,1680.8575751820217,-13.609473179487171,-2023.2284463706887,16237.116726380797,0.0,-1372.7890632352721,34.64321430264917,-0.0,0.0,0.0,0.0,-0.0,-14898.970877448173,50731.30296791804,0.0,-0.0,128.16232465567944,-0.0,0.0,0.0,1560.8220526457615,-28.806940068601172,-52391.480405150876
t364,11138.013035662452,0.0,-0.0,21.679636644087662,-7.423363092977759,0.0,0.0,-1551.7389108782972,-19.81632333152263,-9580.714075003743,1274.7265177147922,0.0,-0.0,1.641958147445355,-0.0,0.0,0.0,-259.6160192089201,-3.297123443953285,-1013.455333209364,617.8096499999999,0.0,-0.0,1.2439275726712022,-0.0,0.0,0.0,149.07807076197983,-0.7081208361194058,-767.4235274985316,3944.8137,394.4633939379375,-0.0,2.460873594389105,-2.268149746216913,0.0,0.0,-2772.976619382437,-45.793858322843754,-1520.6993400808287,937.4588538493695,0.0,-0.0,0.2840292927446103,-0.0,0.0,0.0,-759.1323088440972,-5.124143084697656,-173.48643121331926,2015.919074360535,0.0,-0.0,1.5051411687271796,-1.388663109928722,0.0,0.0,-1070.3389014630372,-5.993897848193008,-939.7027531081033,844.0755767013816,0.0,-0.0,2.784304799467389,-2.569026753368136,0.0,0.0,862.0574508539726,-37.87085368887769,-1668.4774519125754,4456.886660224338,0.0,-0.0,9.976222703423554,-41.351539091312794,0.0,0.0,1993.7591061598669,-6.57940505032756,-6412.691044945988,351.7025999999999,0.0,-0.0,3.3979561776270644,-3.1322067923947845,0.0,0.0,1639.2921127920495,-13.4411330568078,-1977.8193291204739,15881.792162616453,0.0,-1261.08825492219,28.86304577774168,-17.24432438979438,0.0,0.0,0.0,-0.0,-14632.322629082211,49605.45572884887,0.0,-0.0,94.29545780867913,-104.10028756425145,0.0,0.0,1769.61601920892,-31.458623443953286,-51333.80829485827
t365,11420.708963041478,0.0,-0.0,27.050937683569998,-48.78843035812338,0.0,0.0,-1960.0,-24.939999999999998,-9414.031470366923,1464.4248677147923,0.0,-0.0,2.1388733691314323,-1.9071473285977842,0.0,0.0,-453.50900235110277,-5.759564329859005,-1005.388027074364,617.8096499999999,0.0,-0.0,1.623731813452185,-1.449821183474846,0.0,0.0,143.06041752790946,-0.67953698325757,-760.3644411746292,3886.3683,0.0,-0.0,3.207229915060003,-2.242666112089496,0.0,0.0,-2337.2068410147917,-42.53615977701273,-1507.5898630111665,896.3779584922814,0.0,-0.0,0.37061022456145754,-0.25935594493551994,0.0,0.0,-719.1571130871876,-4.854310513338516,-172.47778917138137,2038.7108743605352,755.270308666242,-0.0,1.9628165808339362,-1.3730608849527526,0.0,0.0,-1851.5573179300231,-10.36872098040813,-932.6448998122269,844.0755767013816,0.0,-0.0,3.6311026606790673,-2.5401626371625925,0.0,0.0,855.9799814666007,-46.79158819353927,-1654.3549099979587,3628.5272108794643,0.0,-0.0,13.009364148653587,-9.100342420825744,0.0,0.0,2737.883470783125,-9.035015453584313,-6361.2846879368335,351.7025999999999,0.0,-0.0,4.428826046771025,-3.097015107171209,0.0,0.0,1620.9974022543674,-13.367039479130186,-1960.6647737148369,15584.643532213164,0.0,-973.9374171447655,35.75695142715713,-0.0,0.0,0.0,0.0,-0.0,-14646.463066495557,49133.74716777798,0.0,-0.0,134.54347131974367,-0.0,0.0,0.0,1963.5090023511027,-33.92106432985901,-51197.87857711897
t366,10095.761536243625,0.0,-0.0,77.61847198232913,-0.0,0.0,0.0,-693.7586101114498,-9.018861931448846,-9470.602536183056,1397.6911731803687,0.0,-0.0,6.240732603531153,-0.0,0.0,0.0,-382.59240917735843,-4.858923596552452,-1016.4805730099889,617.8096499999999,0.0,-0.0,4.7354172625469335,-0.0,0.0,0.0,147.5964250618578,-0.7010830190438355,-769.4404093053608,3899.60989,394.4633939379375,-0.0,9.35686514434834,-0.0,0.0,0.0,-2733.2848999697458,-45.412223779508196,-1524.7330253330324,927.3428584922815,0.0,-0.0,1.0809344014692939,-0.0,0.0,0.0,-748.8738213444188,-5.054898294074827,-174.49507325525718,2049.0787200000004,621.8550685506675,-0.0,5.725582427271597,-1.9026015688712565,0.0,0.0,-1722.3838723461652,-9.645349685138525,-942.7275473777645,844.0723767013816,729.0439029716646,-0.0,10.591904114357614,-3.519464440586024,0.0,0.0,127.47257437949679,-33.13132385033205,-1674.5299698759825,3926.2266477124294,0.0,-0.0,37.94887585386026,-0.0,0.0,0.0,2476.8484770438076,-8.173599974244565,-6432.8504006358535,351.7025999999999,0.0,-0.0,12.920578768681349,-4.296534312121354,0.0,0.0,1636.3837272866174,-12.836493656008274,-1983.873878087169,15000.147403273764,0.0,-0.0,106.92262496052962,-70.7349016278963,0.0,0.0,0.0,-0.0,-15036.335126606396,50119.35036394979,0.0,-0.0,375.0217173625901,-282.9402955364045,0.0,0.0,1892.5924091773584,-33.020423596552455,-52071.00377135677
t367,12218.270621768743,0.0,-0.0,251.09446606059902,-47.57240748431659,0.0,0.0,-2412.121683399,-28.918670813911202,-9980.752326132117,1200.5130231803687,0.0,-0.0,20.397211468654575,-0.0,0.0,0.0,-175.11645540802334,-7.128114359761316,-1038.6656648812386,617.8096499999999,0.0,-0.0,15.483801031941969,-0.0,0.0,0.0,156.4058364553963,-3.1153828239288255,-786.5839046634095,3919.7346000000002,394.4633939379375,-0.0,30.58513213786199,-0.0,0.0,0.0,-2743.4232354907303,-43.34896192135595,-1558.0109286637137,802.9489084922815,0.0,-0.0,3.534148596862988,-0.0,0.0,0.0,-624.7450287639172,-4.217028944156441,-177.52099938107088,2026.2757400000003,868.8035270209893,-0.0,18.717740852888667,-0.0,0.0,0.0,-1933.5656455092412,-17.33851985579735,-962.8928425088396,844.0723767013816,729.0439029716646,-0.0,34.62675207133205,-0.0,0.0,0.0,160.70552301370526,-54.57721811995445,-1713.8713366381292,3733.591368129988,0.0,-0.0,124.05952005684006,-0.0,0.0,0.0,2708.116333843377,-8.936783901683144,-6556.830438128522,395.22866169190814,0.0,-0.0,42.23457579702468,-0.0,0.0,0.0,1625.3361104817056,-27.461803666558982,-2035.3375443040793,15152.65611197608,0.0,-1097.5060718307393,346.82151274233047,-19.724097971186893,0.0,0.0,1234.8414402726382,-9.07608458600389,-15608.01281060312,51418.09552225501,0.0,-0.0,1219.546265369957,-734.9543092396214,0.0,0.0,2003.5668045040895,-34.42979841720194,-53871.824484472236
t368,13759.482940377278,0.0,-1830.0,308.6363475193889,-58.48544353177006,0.0,0.0,-1798.1587224229108,-22.90889196640753,-10358.566229975579,1140.5142803290983,0.0,-119.57819074929743,11.296115969633286,-40.77402889584975,0.0,0.0,88.05556993836194,-15.637750038833577,-1063.8759965531133,618.02285,0.0,-0.0,18.125744444834993,-28.558225308334237,0.0,0.0,207.24433728995473,-9.090424598168081,-805.7442818282874,5293.99229407513,0.0,-394.4633939379375,37.04965961726738,-18.791730196869736,0.0,0.0,-3276.006130491088,-45.44976050685405,-1596.3309385596497,810.7475154157581,0.0,-0.0,4.279497176224352,-2.1727521226320845,0.0,0.0,-626.0641180815396,-4.225932797050392,-182.56420959076038,5242.699470692426,0.0,-1580.7367224104446,22.66954026098597,-11.50394979016755,0.0,0.0,-2672.0817490485515,-14.963657794671887,-986.0829319095761,967.2980083275173,0.0,-0.0,41.936754161352624,-21.2821449835103,0.0,0.0,818.9825197916539,-49.68742192113281,-1757.2477153758805,4821.326676961919,0.0,-0.0,150.25309759096805,-76.24600107530974,0.0,0.0,1821.7274362179296,-6.011700539519167,-6711.049509155987,484.6549338952833,0.0,-0.0,51.160205525804656,-25.950175741773123,0.0,0.0,1606.3008568061891,-28.355518470065064,-2087.810302015439,15760.820338871812,0.0,-1199.9026933006164,423.27663328619826,-276.4067832672249,0.0,0.0,1320.0,-9.702,-16018.085495590169,52643.37886130143,0.0,-0.0,1486.3480408518558,-1411.4,0.0,0.0,2510.0,-40.8615,-55187.465402153284
t369,15778.367151549872,0.0,-1830.0,272.88393165280206,-283.34154920349357,0.0,0.0,-2900.609670060831,-33.21736509653532,-11004.082498841815,1050.9423206093488,0.0,-0.0,21.511773422544042,-21.511773422544042,0.0,0.0,95.14584533993161,-15.656893782417814,-1130.4312721668628,618.2766499999999,0.0,-0.0,16.309130713753685,-28.24490497891761,0.0,0.0,259.2155617301835,-9.390110466000863,-856.1663269990188,6229.4829717075745,0.0,-394.4633939379375,32.24642331993533,-32.20738251655243,0.0,0.0,-4089.289824963713,-49.60414505761369,-1696.1646485516935,756.2346154157581,0.0,-0.0,3.7233994822018444,-3.7238078378554316,0.0,0.0,-558.8030146590785,-3.77192034894878,-193.6592720520773,9504.53081299337,0.0,-7132.474803650225,19.72710559792558,-19.716495917175397,0.0,0.0,-1302.6317551303791,-20.83951707760609,-1048.5953468159091,1328.6262532246858,0.0,-729.0439029716646,36.49302167477425,-36.47520307023287,0.0,0.0,1320.1329564693997,-53.54008660975349,-1866.1930387172094,5616.314119562645,0.0,-0.0,130.7518273583789,-130.67728704076512,0.0,0.0,1523.0333287477567,-5.0260099848675965,-7134.395978643148,421.3442987070531,0.0,-0.0,44.52672995345721,-44.476262758016965,0.0,0.0,1823.8065725267297,-29.23641661873325,-2215.96492181049,17797.393420351775,0.0,-1750.8919853649243,230.61893284706557,-607.7831281361874,0.0,0.0,1320.0,-9.702,-16979.63523969773,54939.459982290115,0.0,-0.0,1300.1411407153842,-0.0,0.0,0.0,2510.0,-40.8615,-58708.739623005495
t370,16325.375223445733,0.0,-1830.0,234.7370236615362,-75.57353825677939,0.0,0.0,-2649.657524091525,-31.00898621200542,-11973.872198546962,1141.4668623270293,0.0,-0.0,17.78469412029897,-0.0,0.0,0.0,63.390277751963595,-15.571153749930302,-1207.0706804493618,618.50245,0.0,-0.0,13.47824960901471,-0.0,0.0,0.0,290.9711293181515,-9.304370433513348,-913.6474584936526,5601.105508115104,0.0,-394.4633939379375,26.6569860320228,-0.0,0.0,0.0,-3379.1122225970757,-44.0706206856625,-1810.1162569264507,684.5407654157581,0.0,-0.0,3.077323514335795,-0.0,0.0,0.0,-477.6225183340689,-3.223951998754965,-206.77161859727005,11665.947426326693,0.0,-5129.875239239683,16.30586929831349,-0.0,0.0,0.0,-5394.0745555094345,-40.13788585777079,-1118.1656150181186,1491.3825135840016,0.0,-729.0439029716646,30.16385268703739,-0.0,0.0,0.0,1278.063700337178,-80.29650666949453,-1990.2696569670563,2952.6366172482717,0.0,-0.0,108.07635771734371,-0.0,0.0,0.0,4568.551890334417,-15.076221238103576,-7614.18864406193,487.42477418476835,0.0,-0.0,36.808208301664706,-0.0,0.0,0.0,1869.4898227903946,-29.421433782301094,-2364.3013714945255,17580.27785383867,0.0,-595.7876489415105,308.643168424967,-430.9492346842378,0.0,0.0,1320.0,-9.702,-18172.48213863789,61218.63946726472,0.0,-0.0,1076.2454193555227,-1045.7279616753735,0.0,0.0,2510.0,-40.8615,-63718.295424944874
t371,16084.52096118751,0.0,-1830.0,257.3667008861072,-1022.9101172392996,0.0,0.0,-483.06110169344356,-39.019999999999996,-12966.896443140875,1259.6804646988166,0.0,-0.0,18.622144483868347,-5.831825658614828,0.0,0.0,12.555419103119561,-15.433899631578422,-1269.5923029956111,618.7304499999999,0.0,-0.0,14.108236971354984,-4.433377669049026,0.0,0.0,341.80598796699553,-9.16711631516147,-961.0441809541401,5689.651392372277,0.0,-394.4633939379375,7.149728859475036,-96.30087063012202,0.0,0.0,-3214.70933463035,-87.42808299315446,-1903.8994390401888,557.503765415758,0.0,-0.0,0.8268393919120791,-11.11638258903757,0.0,0.0,-318.5475411600456,-10.8,-217.866681058587,15828.952862840773,0.0,-7132.474803650225,4.377385016005125,-58.90449417943806,0.0,0.0,-7395.893479128878,-69.4125,-1176.6449708982366,1860.8994168018228,0.0,-729.0439029716646,8.09816227960948,-108.96579783165151,0.0,0.0,1176.1309341878077,-111.93884413314527,-2095.179968332781,4453.531269654771,0.0,-0.0,29.012335133856187,-390.42343580110736,0.0,0.0,3936.8969210658543,-22.72897782357385,-8006.2881122297995,528.576687057118,0.0,-0.0,9.873435091656003,-132.97259963148494,0.0,0.0,2114.8221942889404,-30.871000000000002,-2489.4287168062287,18787.70380683243,0.0,-857.1258729815169,322.06868111983204,-414.7722948119433,0.0,0.0,1320.0,-9.702,-19148.1723201588,65242.944537292366,0.0,-0.0,1094.0344207329854,-339.2116016917304,0.0,0.0,2510.0,-40.8615,-68466.90585633363
t372,16075.29819047755,0.0,-1635.68275473353,308.33460361685985,-0.0,0.0,0.0,-999.4086412354012,-12.884578447504284,-13735.656819677974,1318.7848710981618,0.0,-0.0,21.595505532727593,-0.0,0.0,0.0,-13.070005441220815,-15.364710985308704,-1311.9456602043606,618.62245,0.0,-0.0,16.358355020964026,-0.0,0.0,0.0,367.4314125113359,-9.097927668891751,-993.3142898634081,5568.522050824027,0.0,-394.4633939379375,32.36508981804368,-0.0,0.0,0.0,-3197.448987254297,-41.54477768743746,-1967.4299817623985,595.472215415758,0.0,-0.0,3.7352366507811885,-0.0,0.0,0.0,-371.7708236547177,-2.5094530596693443,-224.92717535215232,12058.455105778727,0.0,-5087.677425715785,19.794665902522315,-0.0,0.0,0.0,-5743.449994349827,-32.163319968359026,-1214.9590316472793,1580.1238390617305,0.0,-729.0439029716646,36.61731507156151,-0.0,0.0,0.0,1338.300759820877,-59.1965800827391,-2166.8014308997654,5430.630945593258,0.0,-0.0,131.20121943285068,-0.0,0.0,0.0,2712.778671799873,-9.275003981418832,-8265.335832844563,485.0506253652097,0.0,-0.0,44.689282419003625,-0.0,0.0,0.0,2076.6376078033777,-30.166930258728108,-2576.210585328862,18646.052846506132,0.0,-130.4475617505155,374.7586593375671,-374.7586593375671,0.0,0.0,1320.0,-9.702,-19825.903284755623,72431.23836534703,0.0,-0.0,1267.1298651004877,-3685.2171683407432,0.0,0.0,2510.0,-40.8615,-72482.28956210679
t373,17135.64991365668,0.0,-1411.2023612269795,336.45135100231425,-0.0,0.0,0.0,-1834.1598865903727,-23.360706576709177,-14203.378310264934,1433.4643291580653,0.0,-0.0,22.943354091863533,-34.786262726998594,0.0,0.0,-66.21898009231904,-15.221208753750737,-1340.1812316768603,618.4690999999999,0.0,-0.0,17.37474775368104,-32.978260643665976,0.0,0.0,420.58038716243414,-8.954425437333786,-1014.4915488351153,6362.8364296103655,0.0,-0.0,34.38290074572133,-0.0,0.0,0.0,-4336.89414615778,-49.533085974717466,-2010.7920982235892,662.7559454157581,0.0,-0.0,3.9675108639068255,-0.0,0.0,0.0,-433.8247536308151,-2.928317087008002,-229.97038556184182,11690.035702165793,0.0,-6620.708639832519,7.390997995259399,-0.0,0.0,0.0,-3814.18471063132,-21.35943437953539,-1241.173915317677,1719.2902044266157,0.0,-729.0439029716646,6.4453176451640095,-14.612466858548466,0.0,0.0,1299.0544995801147,-66.92083020855918,-2214.2128216131214,5660.622470918437,0.0,-0.0,23.09088273477677,-52.35036925600096,0.0,0.0,2818.206770181298,-9.855495016617212,-8439.714259561893,500.08690122241444,0.0,-0.0,47.475028574172505,-0.0,0.0,0.0,2117.4408201787596,-30.264857968429027,-2634.737892006917,17897.73999568859,0.0,-0.0,395.6124066568158,-11.396088524687684,0.0,0.0,1920.0,-19.512,-20182.444313820717,73886.93555264043,0.0,-0.0,1350.0394822938779,-1794.2164705277187,0.0,0.0,1910.0,-50.6715,-75302.08706440659
t374,18445.840976975596,0.0,-1640.4913228805024,336.2714595509914,-718.9369592857381,0.0,0.0,-1960.0,-24.939999999999998,-14437.744154360345,1489.2424202760762,0.0,-0.0,22.48122592583359,-62.80883576897861,0.0,0.0,-82.46368476932298,-15.177348051122827,-1351.2737776124852,618.5524999999999,0.0,-0.0,17.02300756688921,-40.93095860918898,0.0,0.0,436.8250918394381,-8.910564734705876,-1022.5590760624324,6252.984477716903,0.0,-0.0,33.68950266365499,-78.48581925284213,0.0,0.0,-4131.922673232819,-49.33864866249266,-2026.9268392324043,750.3070454157581,0.0,-0.0,3.8872659610770013,-0.8338831028680825,0.0,0.0,-517.8770882823436,-3.4956703459058196,-231.98766964571763,11015.499838454296,0.0,-4786.185416908669,20.602468894004407,-10.845520726269653,0.0,0.0,-4960.038590722105,-27.77621610804379,-1251.2565628832147,1698.8735450852853,0.0,-729.0439029716646,38.11133383139861,-66.56149968957567,0.0,0.0,1369.7191307703579,-77.719478528557,-2233.3791284972444,4916.282866746325,0.0,-0.0,136.5561306222292,-238.4978635338557,0.0,0.0,3701.7587269631217,-13.891598597350237,-8502.208262200473,466.84881774859355,0.0,-0.0,46.517439635505404,-138.68175062868153,0.0,0.0,2313.999087433673,-30.736597809840816,-2657.946996379249,17806.455405636094,121.81687790367982,-0.0,384.99499883906583,-0.0,0.0,0.0,1920.0,-19.512,-20213.755282378843,75513.20163257662,0.0,-0.0,1343.3559062937302,-1471.0954172846502,0.0,0.0,1910.0,-50.6715,-77244.7906215857
t375,19139.461408508803,0.0,-1330.172062892678,375.77639827981204,-637.8968531642395,0.0,0.0,-2909.446998150805,-33.295133583727086,-14604.426758997166,1414.1234066246207,18.281066434443122,-0.0,24.732138505835863,-24.732138505835863,0.0,0.0,-61.86407538261108,-15.23296699646695,-1355.3074306799851,618.3250999999999,0.0,-0.0,18.726198943539373,-18.726198943539373,0.0,0.0,416.22548245272617,-8.966183680049998,-1025.5843987726762,5954.343445126028,0.0,2.4714529939481744e-13,37.06204686552872,-59.0137208401066,0.0,0.0,-3852.935929836075,-47.48689551771591,-2031.968945797659,756.8543300000001,0.0,-0.0,1.3102602350993733,-12.066390607996306,0.0,0.0,-510.66355101205414,-3.4469789693313655,-231.98766964571763,10268.123441201331,0.0,-4566.943655714749,20.578022148084166,-57.52063421360064,0.0,0.0,-4371.801690030646,-38.15412623754321,-1254.281357152876,1548.3061288806275,0.0,-729.0439029716646,41.925675452474536,-41.925675452474536,0.0,0.0,1498.9384754098219,-77.76030186423144,-2240.440399454553,4844.999216157337,0.0,-0.0,150.22358711942178,-150.22358711942178,0.0,0.0,3688.9657735408505,-13.613307376834925,-8520.351682321352,426.09259634617035,0.0,-0.0,51.1740340727349,-51.1740340727349,0.0,0.0,2272.582513008793,-30.637198031221104,-2668.0379113237414,17854.781837167724,1240.8271683518471,-0.0,420.68064591467174,-1189.8919628858657,0.0,0.0,1920.0,-19.512,-20226.885688548376,76220.13958423423,0.0,-0.0,1479.72745893577,-795.365521154692,0.0,0.0,1910.0,-50.6715,-78763.83002201532
t376,17377.739756314433,0.0,-1799.3730813376449,500.9247669621582,-500.9247669621582,0.0,0.0,-760.0,-9.879999999999999,-14808.486674976792,1386.24070622012,0.0,-0.0,32.76039869649544,-0.0,0.0,0.0,-42.3575600475084,-15.285634587871726,-1361.3579102812353,618.1225,0.0,-0.0,24.803987443580496,-0.0,0.0,0.0,396.7189671176235,-9.018851271454775,-1030.6266032897493,5677.804306028102,0.0,-394.4633939379375,49.09226993975286,-49.09226993975286,0.0,0.0,-3197.9085293335306,-43.37922382846496,-2042.0531589281684,748.5726799999999,0.0,-0.0,5.664186835212154,-5.664186835212154,0.0,0.0,-512.1195612737466,-3.45680703859779,-232.99631168765552,8888.937290284484,0.0,-1689.4441438815193,30.02098543699867,-30.02098543699867,0.0,0.0,-5906.088107309831,-33.07409340093505,-1260.3309456921986,1305.9691938701278,0.0,9.885811975792698e-13,55.533990247948516,-55.533990247948516,0.0,0.0,1005.8744401756749,-59.298198664434516,-2252.545435381367,5691.236477747698,0.0,-0.0,198.98369670416113,-198.98369670416113,0.0,0.0,2872.521639740887,-11.151466063448385,-8552.606651425136,401.5597252107312,0.0,-0.0,67.78488170632723,-67.78488170632723,0.0,0.0,2313.3587109304312,-30.735060906233038,-2684.1833752349285,17351.841559921053,476.7831176816537,-0.0,553.3247293552452,-0.0,0.0,0.0,1920.0,-19.512,-20282.437406957953,76893.65787449012,0.0,-0.0,1945.7009058839926,-548.7710125062804,0.0,0.0,1910.0,-50.6715,-80149.91626786783
t377,14942.657880226336,394.7471045892011,-0.0,635.0191610917686,-192.01795015861,0.0,0.0,-760.0,-9.879999999999999,-15010.526195748696,1395.0108421409195,0.0,-0.0,34.656667535118935,-0.0,0.0,0.0,-52.041698714457084,-15.259487413470966,-1362.3663235481101,617.8068999999999,0.0,-0.0,16.417742505646,-0.0,0.0,0.0,406.4031057845722,-8.992704097054013,-1031.635044193164,4391.8302611268955,0.0,-0.0,61.58769490714186,-55.79736774313054,0.0,0.0,-2315.8011589571597,-38.75784909252734,-2043.0615802412194,814.67663,0.0,-0.0,7.105384294136522,-0.0,0.0,0.0,-583.836166441066,-3.9408941234771953,-234.00495372959344,5116.676376655211,3094.9137229706766,-0.0,37.660846066311166,-0.0,0.0,0.0,-6950.0,-38.92,-1260.3309456921986,1159.2073423620564,73.42710597705779,-0.0,69.6663169172173,-0.0,0.0,0.0,1014.0532023549181,-60.78227324817863,-2255.5716943630705,5140.79901434197,0.0,-0.0,249.6222980300096,-0.0,0.0,0.0,3172.89239899213,-11.715027723466083,-8551.598683640643,396.41573610168746,0.0,-0.0,85.03777238517999,-0.0,0.0,0.0,2238.3303169810624,-30.55499276075455,-2689.2288327071747,16800.773496566213,1596.8708216073328,-0.0,695.2781653525315,-611.9900146746991,0.0,0.0,1920.0,-19.512,-20381.42046885138,76700.41134613595,0.0,-0.0,2463.3016159696663,-0.0,0.0,0.0,1910.0,-50.6715,-81023.04146210563
t378,13782.430724458487,1647.3137532032308,-0.0,754.1261631802126,-120.60911601256635,0.0,0.0,-760.0,-9.879999999999999,-15293.381524829363,1432.9271799942342,0.0,-0.0,48.46823525365222,-7.817066231614378,0.0,0.0,-90.00455817398199,-15.156987692930247,-1368.41680314936,617.7837,0.0,-0.0,36.6913498401676,-54.282002900928774,0.0,0.0,444.3659652440971,-8.890204376513296,-1035.6688078068225,4085.9777640913826,394.4633939379375,-0.0,72.62818012527899,-5.790327164011315,0.0,0.0,-2454.828081436173,-40.31355749573672,-2052.137372058678,875.5368800000001,0.0,-0.0,8.378994230760334,-8.6786505816718,0.0,0.0,-635.9310929998086,-4.292534877748708,-235.01359577153133,2561.643317823164,4963.849190155324,-0.0,44.41173846063661,-7.458512385474308,0.0,0.0,-6261.003579775387,-35.06162004674217,-1266.380534231521,908.4705738924483,600.7926954911383,-0.0,82.15429887665778,-6.558431787808735,0.0,0.0,739.2008285161573,-57.391987692609945,-2266.6679772959837,5651.287920805951,0.0,-0.0,149.15639851690344,-23.49612349205952,0.0,0.0,2818.2005186250963,-11.295061711462816,-8583.853652744427,366.34318438727814,0.0,-0.0,100.28193012439492,-101.38890938775883,0.0,0.0,2370.0,-30.871000000000002,-2704.3652051239133,16288.415475039708,1488.5789732639341,-0.0,817.0615198545072,-0.0,0.0,0.0,1920.0,-19.512,-20494.543968158152,81052.04602579771,0.0,-0.0,2910.140291863626,-4400.606079545102,0.0,0.0,1910.0,-50.6715,-81420.90873811625
t379,12058.21741014215,1830.0,-0.0,611.3815129105537,-0.0,0.0,0.0,816.2979564278943,-21.505157047373352,-15294.391722433224,1486.1539399732676,0.0,-0.0,39.10995498814227,-0.0,0.0,0.0,-159.01946991770285,-14.970647431222202,-1351.2737776124852,617.7810999999999,0.0,-0.0,29.613886839790922,-0.0,0.0,0.0,384.26308472762537,-8.090554601569334,-1023.567516965847,4166.16915017222,0.0,-0.0,58.60840926497276,-89.3,0.0,0.0,-2070.0794549554225,-38.471265249365004,-2026.9268392324043,897.2286263207068,0.0,-0.0,6.762462781053822,-2.3494015225251466,0.0,0.0,-665.1641598545,-4.489858079017875,-231.98766964571763,2048.4907237167113,6114.955808597162,-0.0,35.84117228833715,-0.0,0.0,0.0,-6905.65332138319,-43.38608509236031,-1250.248298126661,844.0659767013816,729.0439029716646,-0.0,66.30051641169966,-0.0,0.0,0.0,647.1601846503845,-48.14768726838017,-2238.4228934667503,6395.354874208708,0.0,-0.0,237.56051397283508,-0.0,0.0,0.0,1855.2348577907887,-8.117275030709601,-8480.032970941622,351.7025999999999,0.0,-0.0,80.92465599120226,-0.0,0.0,0.0,2266.9603225141223,-29.531484192683607,-2670.0560943126397,16389.061024621307,1282.8821340908216,-0.0,660.5147172991126,-0.0,0.0,0.0,1920.0,-19.512,-20232.94587601124,75752.42761003466,0.0,-0.0,2465.73045422025,-0.0,0.0,0.0,1910.0,-50.6715,-80077.48656425491
t380,13071.26231456544,1830.0,-0.0,406.2592317448873,-0.0,0.0,0.0,-315.3781487611076,-11.923129916308802,-14980.22026763291,1384.1313155486503,0.0,-0.0,26.472543367036536,-9.683390667568789,0.0,0.0,-37.372837096417584,-15.299093339839672,-1348.2485378118604,617.7810999999999,0.0,-0.0,20.059160112493235,-0.0,0.0,0.0,391.7342441665327,-9.03231002342272,-1020.5421942556031,4336.10348017222,0.0,-0.0,39.67740921810438,-14.525086001353184,0.0,0.0,-2297.4742761089447,-40.888373299825375,-2022.8931539802004,987.4438263207068,0.0,-0.0,4.5799981184337275,-0.0,0.0,0.0,-755.9421870726205,-5.1026097627401885,-230.97902760377974,2025.6989237167113,4949.034892407041,-0.0,24.26921768520238,-64.97613552974218,0.0,0.0,-5652.990023846627,-32.80510581903313,-1248.2317686135534,844.0659767013816,729.0439029716646,-0.0,44.89491213437936,-117.45188312398167,0.0,0.0,780.1107601246185,-48.29329330471897,-2232.370375503343,6826.920294460793,0.0,-0.0,160.85830968560754,-285.06640446861115,0.0,0.0,1773.071293117202,-7.846135267286766,-8467.937357527704,351.7025999999999,0.0,-0.0,54.786630666439315,-0.0,0.0,0.0,2284.2411754773643,-29.756135281205744,-2660.9742708625968,16868.509166482498,1178.8139088793778,-0.0,444.4434642614148,-147.18828868632494,0.0,0.0,1920.0,-19.512,-20245.066250936965,78380.70678129484,0.0,-0.0,1758.0806192869582,-3499.2,0.0,0.0,1910.0,-50.6715,-78498.91590058181
t381,14460.834677275385,1830.0,-0.0,383.46104053026636,-644.3707139036521,0.0,0.0,-760.0,-9.879999999999999,-15260.045003902,1586.2279155486503,0.0,-0.0,25.15179552594132,-59.6,0.0,0.0,-162.35077541760904,-14.961652906372455,-1374.46728275061,617.7810999999999,0.0,-0.0,19.06733259317769,-8.589134410731024,0.0,0.0,420.69048064766446,-8.238766506215219,-1040.7110123238956,4161.69255017222,394.4633939379375,-0.0,30.663644492189146,-0.0,0.0,0.0,-2480.8217568085643,-43.77624660459384,-2062.2215851891874,1114.9086763207067,0.0,-0.0,4.353163281663582,-0.0,0.0,0.0,-877.3177072648632,-5.9218945240378265,-236.02223781346925,2048.4907237167113,3395.1979510445503,-0.0,23.064186828707594,-0.0,0.0,0.0,-4170.96533295458,-23.357405864545647,-1272.4301227708436,844.0627767013816,0.0,-0.0,42.6661916269565,-0.0,0.0,0.0,1428.0152517363176,-40.00621881746228,-2274.738001247193,8088.003818813106,0.0,-0.0,152.8702642735124,-0.0,0.0,0.0,402.74984006163413,-3.3240744722033924,-8640.299848676048,351.70259999999996,0.0,-0.0,52.06001349276684,-32.471859402157314,0.0,0.0,2370.0,-30.871000000000002,-2710.4197540906084,17597.35374060229,525.9295240496303,-0.0,415.22098509665074,-0.0,0.0,0.0,1920.0,-19.512,-20438.992249748575,75479.74725847424,0.0,-0.0,1616.3684420373138,-403.94235073134195,0.0,0.0,1910.0,-50.6715,-78551.50184978022
t382,13928.14433780424,1830.0,-0.0,313.21860877391885,-150.53928389298716,0.0,0.0,-760.0,-9.879999999999999,-15150.94366268517,1569.2496743079855,71.39731518713688,-0.0,19.854796443932543,-19.6,0.0,0.0,-292.1598655002956,-14.6111683631492,-1334.1307520756104,617.7810999999999,0.0,-0.0,15.051565047042914,-60.0,0.0,0.0,445.0123377808959,-7.387217606482054,-1010.4577852214568,4187.883860172219,0.0,-0.0,29.76195466363033,-118.69999999999999,0.0,0.0,-2059.51946136269,-37.710047067028746,-2001.7163064061306,846.6309010425239,0.0,-0.0,3.4363512189862364,-13.700000000000001,0.0,0.0,-603.3330109179103,-4.072497823695895,-228.96174351990393,2025.6989237167113,3843.5221705127783,-0.0,18.206734690351936,-18.0,0.0,0.0,-4608.495924961701,-25.807577179785525,-1235.1243267783545,844.0627767013816,0.0,-0.0,33.680435176924234,-33.3,0.0,0.0,1400.030100185154,-38.33051440154813,-2206.142797661912,8098.794137498875,0.0,-0.0,120.67491425380632,-107.64138366004755,0.0,0.0,284.41972125278943,-2.8996478702196242,-8393.347741475203,351.7025999999999,0.0,-0.0,41.0959869160098,-99.32281973998627,0.0,0.0,2364.0461035237577,-30.856710648457017,-2626.6651600513233,17743.399767356903,399.61155561084706,-0.0,325.2639980336581,-755.9766286897923,0.0,0.0,1920.0,-19.512,-19612.786692311616,73432.650162158,0.0,-0.0,1266.7271178155413,-1411.4,0.0,0.0,1910.0,-50.6715,-75147.30577997353
t383,14018.021145882247,1619.4666314266403,-0.0,218.89879288192952,-1034.6579005048136,0.0,0.0,-760.0,-9.879999999999999,-14051.848669686005,1509.6002084598972,0.0,-0.0,14.053674965613645,-44.20696209880996,0.0,0.0,-206.1036441058003,-14.843520160914338,-1258.4997570599862,617.7810999999999,0.0,-0.0,10.654739240903762,-45.1,0.0,0.0,377.34774412191007,-7.706929635990861,-952.9766537268231,3903.9631601722194,30.925930084734503,-0.0,14.36637733119836,-0.0,0.0,0.0,-2023.3249055188453,-38.165864037933055,-1887.7646980313734,886.077051042524,0.0,-0.0,2.4324949923079986,-10.3,0.0,0.0,-657.9191944972644,-4.440954562856534,-215.8493969747112,2048.4907237167113,3297.8150997913463,-0.0,12.887722067684724,-54.6,0.0,0.0,-4115.989943317021,-23.04954368257532,-1165.5540585761453,844.0627767013816,0.0,-0.0,23.840896443192403,-101.0,0.0,0.0,1346.2608968217974,-34.12464953600956,-2079.0399204303617,8116.037163141509,0.0,-0.0,85.4201998177672,-361.9,0.0,0.0,87.97161797743422,-0.8703236818769349,-7926.658657254834,351.7025999999999,0.0,-0.0,29.089350711245824,-0.0,0.0,0.0,2121.75742851779,-30.2752178284427,-2472.274161400592,17749.646347734706,0.0,-0.0,227.58717058616293,-904.5629881901839,0.0,0.0,1220.2282509359309,-11.33326809719753,-18281.56551296942,66242.79441942085,0.0,-0.0,881.1921033202672,-0.0,0.0,0.0,2609.7717490640694,-42.49276809719753,-69691.265503708
t384,13900.709546187663,0.0,-0.0,141.24718418984912,-618.3415444330906,0.0,0.0,-760.0,-9.879999999999999,-12653.735185944422,1308.194458459897,0.0,-0.0,9.255952865124188,-65.47634117521496,0.0,0.0,-65.9844252561362,-15.221842051808432,-1170.7678028418622,617.7810999999999,0.0,-0.0,7.015814865187739,-0.0,0.0,0.0,269.8629040624081,-8.240264826138224,-886.4195541014576,3819.3101501722194,0.0,-0.0,5.037572890636708,-10.773707616689236,0.0,0.0,-2019.3444821728622,-38.56802725160531,-1755.6615060216993,899.415181042524,0.0,-0.0,1.5460517197087078,-1.019365305904636,0.0,0.0,-694.5339966334099,-4.688104477275516,-200.71976634564265,2025.6877437167113,2789.6076644113828,-0.0,8.487036575836205,-8.385924515193214,0.0,0.0,-3709.729158847347,-20.77448328954514,-1084.8928780518445,844.0627767013816,0.0,-0.0,15.700028139971806,-25.49774408446755,0.0,0.0,1129.7291588473472,-31.223483289545143,-1932.7707363146883,7759.407072773714,0.0,-0.0,20.441579790916983,-398.5005667206404,0.0,0.0,0.0,-0.0,-7381.348085843992,351.7025999999999,0.0,-0.0,19.15749553693309,-158.35498274769344,0.0,0.0,2113.5306780932037,-29.343549516014996,-2296.692241366428,17727.59125459514,0.0,-401.8886349509735,151.9196810005922,-1158.1534580159503,0.0,0.0,626.4693219067963,-18.824549516014997,-16927.11361501959,62781.37264318286,0.0,-0.0,574.4959226601852,-2056.940561030697,0.0,0.0,3110.0,-50.6715,-64358.25650481235
t385,12111.223743494944,1830.0,-0.0,155.64351878309571,-576.1188660552651,0.0,0.0,-3017.091417841946,-39.019999999999996,-10464.63697838083,1374.2746954593674,240.0,-0.0,10.445721585163868,-41.15150591501802,0.0,0.0,-629.8503994695233,-17.911,-935.8075116599898,326.9598,0.0,-0.0,7.916027952612995,-31.160223775743745,0.0,0.0,415.8541267037824,-11.644216683583046,-707.9255141970685,2554.5742062279696,0.0,-394.4633939379375,15.656643560399552,-61.66801739877235,0.0,0.0,-622.9488876915857,-87.42808299315446,-1403.7224677669187,863.8068885715189,0.0,-0.0,1.807383590700289,-7.115555352577841,0.0,0.0,-687.3246321415148,-10.8,-160.37408466812653,2036.3488379704488,1166.7,-2990.030858575014,9.576928763010647,-37.71240467159187,0.0,0.0,752.6459519059326,-69.4125,-868.1159553927863,673.1647767013817,0.0,-729.0439029716646,17.71612432983507,-69.76202449506947,0.0,0.0,1759.2209392618856,-111.93884413314527,-1539.3570686932226,8033.1336949916085,0.0,-0.0,63.47654135889023,-249.96326063948226,0.0,0.0,-1898.075392851688,-22.72897782357385,-5925.842605035754,351.7025999999999,0.0,-0.0,21.61880514200962,-85.14931136520852,0.0,0.0,1567.136328187391,-30.871000000000002,-1824.437421964192,13318.512355560553,1490.0,-1750.8919853649243,177.71518714362864,-707.8375891371486,0.0,0.0,888.0584184560917,-19.512,-13396.0443866582,47561.42908758806,3693.0,-1764.5409194622998,614.2837452681642,-2323.2863081336395,0.0,0.0,1472.374965481175,-50.6715,-49202.58907074146
t386,11229.248089821574,1482.9575863590328,-347.04241364096714,56.61131969795362,-1116.3797120751508,0.0,0.0,-1675.5588191201025,-39.019999999999996,-9590.816051042339,1229.8094595890416,11.749775290011428,-228.25022470998857,3.87296954784411,-69.3902691395327,0.0,0.0,-47.51910206175921,-17.911,-882.3616085156153,326.9598,0.0,-0.0,2.9343881723472482,-52.54260256015496,0.0,0.0,401.8805091318743,-11.644216683583046,-667.5878780604835,2472.8811462279696,0.0,-394.4633939379375,5.804718094195792,-103.98540370929904,0.0,0.0,-569.7602209589313,-87.42808299315446,-1323.048762722843,882.779588571519,0.0,-0.0,0.670005159853834,-11.998311993592408,0.0,0.0,-709.3549754470948,-10.8,-151.2963062906854,2013.5570379704488,3697.462118697892,-3435.012684952333,3.55042935986409,-63.59106349548921,0.0,0.0,-1327.842355258731,-69.4125,-818.7109823216522,673.1647767013817,617.062759475217,-111.98114349644763,6.567820692991528,-117.63346746665505,0.0,0.0,495.34490345657673,-111.93884413314534,-1450.5868052299174,7707.241089508076,0.0,-0.0,23.53256193264341,-421.49077083399237,0.0,0.0,-1696.3645699836488,-22.728977823573853,-5590.189332799505,351.7025999999999,0.0,-0.0,8.015137134352214,-143.57984321760344,0.0,0.0,1532.2068296358257,-30.871000000000066,-1717.4737235525747,13590.824978416693,820.2110824850377,-2420.6809028798866,67.75893609133172,-1302.9106091680467,0.0,0.0,1920.0,-19.512,-12655.69148494513,46637.720923554174,3693.0,-2946.1444199979774,273.824610240933,-2373.069790815164,0.0,0.0,1676.9678006059908,-50.6715,-46911.627623587956
t387,11001.304614451894,784.2594213797375,-1045.7405786202623,51.29531660164868,-484.1571774155299,0.0,0.0,-1160.0,-39.019999999999996,-9107.941596397486,1029.7859095890415,56.8113085315247,-183.1886914684753,3.6011097452158953,-37.57622339457338,0.0,0.0,-0.42161576024284386,-17.911,-851.1007972424907,326.9598,0.0,-0.0,2.7294880998577,-28.434356964685584,0.0,0.0,354.78302283035794,-11.644216683583046,-644.393737281947,2413.6677282165115,394.4633939379375,-0.0,5.397778136291834,-56.301287737171165,0.0,0.0,-1392.1297259248636,-87.42808299315446,-1277.6698036355504,913.5877408236686,0.0,-0.0,0.6231752996985094,-2.8786154315961108,0.0,0.0,-755.2878466527129,-10.8,-145.24445403905798,1990.7652379704487,2850.4221423131976,-4282.0526613370275,3.3019067500735257,-34.4238556601293,0.0,0.0,331.8792991015853,-69.4125,-790.4795691381469,673.1647767013817,0.0,-729.0439029716646,6.108138839482821,-63.677828235770335,0.0,0.0,1626.5455683284736,-111.93884413314527,-1401.157908528759,6455.409173360606,0.0,-0.0,21.885211028122555,-228.16837661906231,0.0,0.0,-829.7375117692882,-22.728977823573853,-5396.659518176803,351.7025999999999,0.0,-0.0,7.453334286968341,-77.73738833139085,0.0,0.0,1408.3988709189425,-30.871000000000002,-1658.9464168745199,13454.522519864906,692.3279853033894,-2548.564000061535,62.206791258517825,-565.7045108905954,0.0,0.0,1128.9307334871692,-19.512,-12204.207518961852,46698.53565410064,3693.0,-2946.1444199979774,229.82867067560562,-1424.741553591668,0.0,0.0,-712.9607945594212,-50.6715,-45486.84605662718
t388,11126.513192921362,0.0,-1829.9999999999998,35.175272719033046,-28.894467815595,0.0,0.0,-433.6367424886853,-39.019999999999996,-8830.137255336116,1230.2701595890417,240.0,-0.0,2.4987492093021344,-2.1502018600483237,0.0,0.0,-620.7667617664299,-17.911,-831.9409451718659,326.9598,0.0,-0.0,1.8938547170721347,-1.6345922303428582,0.0,0.0,314.70071883099604,-11.644216683583046,-630.2755646341423,2406.1817682165115,273.2842393202032,-121.17915461773433,3.745383354051536,-3.225302790072485,0.0,0.0,-1222.953264932733,-87.42808299315446,-1248.425585557073,994.4223908236687,0.0,-0.0,0.43239386818237735,-0.37299420021246427,0.0,0.0,-841.4632625783943,-10.8,-142.2185279132443,2013.5570379704488,4117.000035994718,-3015.4747676555075,2.2910784503078796,-1.974675177595399,0.0,0.0,-2273.655406062192,-69.4125,-772.3308035201792,673.1647767013817,0.0,-729.0439029716646,4.2382210870794115,-3.6531490785514884,0.0,0.0,1536.1107111188203,-111.93884413314534,-1368.8778127239207,6014.939312556524,0.0,-0.0,15.185398280739836,-13.087708260396173,0.0,0.0,-718.6046407156798,-22.728977823573853,-5275.703384037614,351.7025999999999,0.0,-0.0,5.171674067994662,-4.453989567242955,0.0,0.0,1299.0516555846975,-30.871000000000066,-1620.6009400854493,12557.83474401461,386.99451121328997,-2853.897474151634,44.13360046380456,-34.36214258412084,0.0,0.0,1920.0,-19.512,-12001.191238955947,46808.71940375699,2946.1444199979774,-3693.0,167.0300251924334,-2460.8590723417997,0.0,0.0,1041.2169930096002,-50.6715,-44758.5802696152
t389,10942.13976576866,0.0,-1830.0,12.9671363699249,-0.0,0.0,0.0,-360.0,-39.019999999999996,-8726.086902138584,1281.3296730705042,102.85369460717868,-137.14630539282132,0.9565677833908075,-0.0,0.0,0.0,-406.2089910313862,-17.911,-823.873639036866,326.9598,0.0,-0.0,0.7261246239417698,-0.0,0.0,0.0,307.17477036988134,-11.644216683583046,-623.2164783102398,2421.344448216512,102.56603646845033,-291.89735746948713,1.4343414460846338,-0.0,0.0,0.0,-910.7032771809943,-87.42808299315446,-1235.3161084874105,1074.3071408236685,0.0,-0.0,0.16573738383248776,-3.6152621013586845,0.0,0.0,-918.847730234836,-10.8,-141.2098858713064,2022.5876949947178,1988.0008667339243,-5144.473936916301,0.8777933701731071,-0.0,0.0,0.0,1966.6847672852346,-69.4125,-764.2646854677491,673.1647767013817,729.0439029716646,-0.0,1.6238667119200905,-0.0,0.0,0.0,62.86156855748345,-111.93884413314527,-1354.755270809304,5891.243563220043,0.0,-0.0,5.817938445747684,-0.0,0.0,0.0,-654.0673679517308,-22.72897782357385,-5220.265155890486,351.7025999999999,0.0,-0.0,1.9806600485927655,-0.0,0.0,0.0,1280.6341246312195,-30.871000000000002,-1603.4463846798126,13178.53547290789,1750.8919853649243,-1490.0,16.382332887968346,-0.0,0.0,0.0,-1477.5278644448717,-19.512,-11958.76992671591,46617.704601246616,1721.0602024597804,-4918.084217538197,77.15707613987149,-0.0,0.0,0.0,1110.0,-50.6715,-44557.16616230807
t390,10383.347880774234,405.5026753663549,-1424.4973246336451,30.958534052571395,-0.0,0.0,0.0,-604.9499233244369,-39.019999999999996,-8751.341842235073,1447.2907500000003,102.85369460717868,-137.14630539282132,2.3241383051543982,-0.0,0.0,0.0,-560.4282660132708,-17.911,-836.9830115062408,326.9598,0.0,-0.0,1.7636088144897042,-0.0,0.0,0.0,316.2216952134795,-11.644216683583169,-633.3008873443861,2456.7742700000003,247.06192336217396,-147.40147057576354,3.484665105211932,-0.0,0.0,0.0,-1217.0067701500398,-87.42808299315459,-1255.4845347484295,1087.64279,0.0,-0.0,0.40256879379466837,-0.0,0.0,0.0,-934.0181888386127,-10.8,-143.22716995518218,2038.6502000000003,3043.787004876054,-4088.687798774171,2.132335274809184,-0.0,0.0,0.0,-150.10537883029792,-69.4125,-776.3638625463943,673.1647767013817,264.2338130078612,-464.81008996380336,3.9446660231450243,-0.0,0.0,0.0,1012.353515039689,-111.93884413314534,-1376.9478366751302,5384.74532445683,0.0,-0.0,14.13300423140657,-0.0,0.0,0.0,-72.22286886123766,-22.728977823573857,-5303.926482003425,351.7025999999999,0.0,-0.0,4.811862792431779,-0.0,0.0,0.0,1305.04839223751,-30.871000000000066,-1630.6918550299417,13746.455239810814,1750.8919853649243,-1490.0,40.371336304930836,-0.0,0.0,0.0,-1803.7984176426064,-19.512,-12224.408143838062,45461.67231758942,1938.0919157221704,-4701.052504275807,157.68087260187434,-0.0,0.0,0.0,2708.906211169824,-50.6715,-45514.627312807475
t391,8350.930222332689,0.0,-1830.0,76.88126705956074,-132.62699579943597,0.0,0.0,2673.6955219737965,-39.019999999999996,-9099.86001556661,1234.5302000000001,0.0,-240.0,5.9530378904354,-3.475262930392617,0.0,0.0,-106.81949911317702,-17.911,-872.2774758468655,326.9598,0.0,-0.0,4.518795797435055,-2.632049978468308,0.0,0.0,343.3264626011974,-11.644216683583046,-660.5287917365811,2470.63016,124.76060469532626,-0.0,8.926324802864853,-5.208158168018546,0.0,0.0,-1202.7499839968882,-87.42808299315446,-1308.9308643401298,923.7597400000001,0.0,-0.0,1.0314166009331478,-0.6010152364183702,0.0,0.0,-764.1111191577053,-10.8,-149.2790222068096,2642.03159419924,2796.1713282123624,-1166.7,5.462722263378955,-3.1851885887351634,0.0,0.0,-3394.731356573576,-69.4125,-809.6365995126683,823.3836515105538,729.0439029716646,-0.0,10.105712983972243,-5.892125266403024,0.0,0.0,-7.229281757443459,-111.93884413314527,-1437.473016309202,4889.998494646092,0.0,-0.0,36.20646336437889,-21.111827266216707,0.0,0.0,641.2993061022714,-22.728977823573853,-5523.663459022951,443.1073295530073,0.0,-0.0,12.326213864377513,-7.191316283916967,0.0,0.0,1285.9752154968178,-30.871000000000002,-1703.3464426302855,15216.704015474334,0.0,-1490.0,102.62653614488428,-61.82843197932938,0.0,0.0,-982.2052291194193,-19.512,-12765.78489052047,47773.79555079536,1765.5710915689122,-3693.0,406.3984399942078,-237.47673378080202,0.0,0.0,1513.5499635441256,-50.6715,-47478.1668121218
t392,8073.614687771082,0.0,-1830.0,147.95855249178578,-235.8703928924681,0.0,0.0,3560.0,-39.019999999999996,-9676.682847370399,1421.9768363706116,0.0,-240.0,11.330922247632145,-3.721239196510729,0.0,0.0,-256.03627309924263,-17.911,-915.6392463224901,327.3934,0.0,-0.0,8.602299916088889,-2.8208109990563237,0.0,0.0,371.2682284123996,-11.644216683583046,-692.7989006458491,4865.919129369066,0.0,-394.4633939379375,16.990852412272314,-5.577972313234083,0.0,0.0,-3021.9707041616207,-87.42808299315446,-1373.4698283753903,834.47927,0.0,-6.750155989720952e-14,1.9634234873577776,-0.644014082065981,0.0,0.0,-668.6591629049169,-10.8,-156.3395165003749,10881.646028798832,-1.9659804478356538e-13,-3669.001386599006,10.398499139547694,-3.4122297155483774,0.0,0.0,-6301.259486605561,-69.4125,-848.958925018265,1584.9767361603053,0.0,-729.0439029716646,19.236670312245643,-6.312236325611285,0.0,0.0,751.1673028401556,-111.93884413314527,-1508.0857258822855,4881.709979269048,0.0,-0.0,68.9202320764766,-22.6164071270753,0.0,0.0,885.490095518785,-22.728977823573853,-5790.774921913659,481.09371066594537,0.0,-0.0,23.462504577104454,-13.611993939096251,0.0,0.0,1328.0369068600671,-30.871000000000002,-1788.1101281640201,16300.050234754919,0.0,-3240.891985364924,180.78176551118275,-154.21943959441788,0.0,0.0,241.963093139933,-19.512,-13308.17166844669,54019.9590307332,0.0,-6639.144419997978,764.61777595049,-1594.38266272637,0.0,0.0,3110.0,-50.6715,-49610.378223959335
t393,8617.403325284944,0.0,-1830.0,179.48819798465397,-0.0,0.0,0.0,3560.0,-39.019999999999996,-10487.871523269598,1369.3755749208958,0.0,-240.0,13.8728630375361,-34.0134758636569,0.0,0.0,-97.02848095603576,-17.911,-994.2954811387392,327.83399999999995,0.0,-0.0,4.7930705775217,-20.07582797277722,0.0,0.0,451.38988802615086,-11.644216683583046,-752.2969139473122,5946.019798971739,0.0,-394.4633939379375,26.69586663053331,-50.99603011115035,0.0,0.0,-3948.37303655768,-87.42808299315446,-1491.4551220023511,669.1552,0.0,-0.0,3.0843852155180187,-3.682267369871598,0.0,0.0,-487.29681275814085,-10.8,-170.46050508750557,14272.079239092373,713.3342890702047,-6419.140514580021,16.33660007105864,-19.774876141170672,0.0,0.0,-7570.8599852657535,-69.4125,-922.5622522466894,1426.9617201101573,0.0,-729.0439029716646,30.221647366363698,-57.72552117834474,0.0,0.0,1079.7397629021725,-111.93884413314527,-1638.2148620955395,4027.635795959969,0.0,-0.0,108.27783470062653,-160.934181130961,0.0,0.0,2332.428664609286,-22.728977823573853,-6284.679136315347,534.5120591060146,0.0,-0.0,36.86369627055592,-8.341117436471695,0.0,0.0,1412.355671863551,-30.871000000000002,-1944.5193098036495,16054.568997428156,0.0,-3240.891985364924,293.4321846470034,-66.43673796089804,0.0,0.0,1357.644328136449,-19.512,-14378.804786885783,56793.490875835625,192.97576776439018,-6446.168652233588,1171.601848620679,-810.6541027266333,0.0,0.0,1910.0,-50.6715,-52760.57423726049
t394,9554.709241762886,0.0,-1830.0,300.8693703514963,-0.0,0.0,0.0,3560.0,-39.019999999999996,-11546.558612114382,1420.656015908714,0.0,-240.0,22.21587488541202,-0.0,0.0,0.0,-119.06806770726303,-17.911,-1065.8928230868635,328.1192,0.0,-0.0,16.848264637907036,-0.0,0.0,0.0,473.4294747773781,-11.644216683583046,-806.7527227317021,6280.57302720126,0.0,-394.4633939379375,33.30443612984202,-21.898690794542954,0.0,0.0,-4211.739514419714,-87.42808299315446,-1598.3477811857517,619.3859333249619,0.0,-0.0,3.846260995076694,-2.532501656511771,0.0,0.0,-427.33548307276646,-10.8,-182.56420959076038,15426.673306842828,122.9269183357803,-7009.547885314445,20.37623552565968,-13.407361710944661,0.0,0.0,-7489.509252256196,-69.4125,-988.0994614226836,1522.971852422932,0.0,-729.0439029716646,37.694098102642805,-19.56996025876924,0.0,0.0,1056.1257192199846,-111.93884413314527,-1756.2389623819793,4167.885984191437,0.0,-0.0,111.9866061573848,-0.0,0.0,0.0,2478.0971234585777,-22.728977823573853,-6735.240735983825,529.3680699969709,0.0,-0.0,38.33536183742141,-40.6,0.0,0.0,1587.54150420325,-30.871000000000002,-2083.773936037642,17376.27691771496,0.0,-3240.891985364924,370.2930091151309,-331.3,0.0,0.0,1182.45849579675,-19.512,-15337.324437261916,59362.65256970279,0.0,-6639.144419997978,1422.1914343256733,-0.0,0.0,0.0,1910.0,-50.6715,-56005.02808403049
t395,10474.554877185778,0.0,-1830.0,392.1209498039501,-258.5,0.0,0.0,3560.0,-39.019999999999996,-12299.155826989729,1535.3418041935136,0.0,-240.0,24.67306958113999,-19.6,0.0,0.0,-168.20721387779065,-17.911,-1114.2966598968628,328.33059999999995,0.0,-0.0,18.701590990305977,-14.9,0.0,0.0,522.5686209479057,-11.644216683583046,-843.0565952546286,6162.766370365049,0.0,-394.4633939379375,42.667787492557245,-19.083102672780157,0.0,0.0,-4033.5054625283146,-87.42808299315446,-1670.9541157254198,552.1861133249619,0.0,-0.0,4.927183418513766,-9.131583957575575,0.0,0.0,-346.54836685963653,-10.8,-190.63334592626362,15402.276709076474,225.17249813656417,-6907.302305513661,26.103731477754344,-48.11255124219183,0.0,0.0,-7596.262471223891,-69.4125,-1032.463110711049,673.1583767013817,0.0,-729.0439029716646,48.28926217171566,-24.803619165247635,0.0,0.0,1981.2779292910345,-111.93884413314527,-1836.9392018940748,5719.1621536286075,0.0,-0.0,173.01589388364155,-235.51886596105192,0.0,0.0,1400.6769642506933,-22.728977823573853,-7034.607167978317,512.353336790134,0.0,-0.0,58.91715213328406,-40.6,0.0,0.0,1679.8381390869006,-30.871000000000002,-2179.637628010318,17649.152233294823,205.3402170320215,-3035.5517683329026,469.8952651212327,-331.3,0.0,0.0,1090.1618609130994,-19.512,-16028.185808028273,62897.60675791261,838.7537456569955,-5800.390674340982,1527.9361310525078,-3070.9011888090304,0.0,0.0,1910.0,-50.6715,-58252.333271472104
t396,10841.965632999914,0.0,-1830.0,403.5342954371376,-258.5,0.0,0.0,3560.0,-39.019999999999996,-12677.979928437051,1573.0380199722974,0.0,-240.0,18.065626580573383,-0.0,0.0,0.0,-184.6099355822587,-17.911,-1148.5827109706124,328.251,0.0,-0.0,13.697932774618273,-0.0,0.0,0.0,538.9713426523738,-11.644216683583046,-869.276058743409,2825.243581400299,180.82420744642022,-213.63918649151725,42.69219149813109,-0.0,0.0,0.0,-1024.3006868561097,-87.42808299315446,-1723.392024004069,619.3798933249619,0.0,-0.0,4.927777823112698,-0.0,0.0,0.0,-416.8224729701836,-10.8,-196.68519817789104,14698.023040720882,1132.9728411418796,-5999.501962508345,26.112657571843613,-0.0,0.0,0.0,-8723.46649400549,-69.4125,-1064.7275829207692,2072.4609792785914,0.0,-729.0439029716646,48.304956719234035,-0.0,0.0,0.0,612.6374276656252,-111.93884413314527,-1892.4206165586406,6269.737210449715,0.0,-0.0,173.07696441363123,-119.3,0.0,0.0,957.5908190960427,-22.728977823573853,-7258.376016135816,513.1447197299868,0.0,-0.0,58.94929342374931,-125.33375838023275,0.0,0.0,1829.3393203760143,-30.871000000000002,-2245.2285751495174,18447.593862127906,0.0,-3240.891985364924,473.02296688184117,-0.0,0.0,0.0,940.6606796239859,-19.512,-16600.87352326881,61485.90924332886,1046.7039360988165,-5592.440483899161,1731.7250057677438,-576.298801060461,0.0,0.0,1910.0,-50.6715,-59954.927400235814
t397,11150.651940262294,0.0,-1830.0,76.64810962643402,-76.64810962643402,0.0,0.0,3560.0,-39.019999999999996,-12841.631940262294,1600.8213957764692,0.0,-240.0,31.938170312669598,-13.597790946496183,0.0,0.0,-196.5334519020298,-17.911,-1164.7173232406124,328.27579999999995,0.0,-0.0,24.18800347453661,-10.337096178713931,0.0,0.0,550.8948589721449,-11.644216683583046,-881.3773495843844,5929.827899961911,0.0,-394.4633939379375,32.25241993913817,-20.396686419744267,0.0,0.0,-3712.1980210329216,-87.42808299315446,-1747.5941355172918,552.1800733249619,0.0,-0.0,5.523246269925213,-2.3588004703105616,0.0,0.0,-344.83339482087183,-10.8,-199.71112430370474,15985.860484682253,298.74520760173664,-6833.729596048489,19.35114015927997,-12.487767195761798,0.0,0.0,-8308.475414929944,-69.4125,-1079.8515542690757,2130.7825425939827,0.0,-729.0439029716646,54.148343262387655,-33.3,0.0,0.0,609.0088086424112,-111.93884413314527,-1919.6569473939728,4094.5279844881493,0.0,-0.0,128.26107620283506,-0.0,0.0,0.0,3162.136615071211,-22.72897782357385,-7362.19669793862,492.1730718238856,0.0,-0.0,66.08854689019216,-11.876753634290026,0.0,0.0,1762.005637892105,-30.871000000000002,-2277.5195029718925,19708.3898914482,108.57647330491348,-3132.315512060011,532.2543681825155,-1150.0,0.0,0.0,1007.9943621078951,-19.512,-17055.387582983516,64304.93710292442,0.0,-6639.144419997978,1870.9764828695033,-412.2715991685469,0.0,0.0,1910.0,-50.6715,-60983.8260666274
t398,11742.256445000556,0.0,-1830.0,480.5655543779941,-1072.1700591162535,0.0,0.0,3560.0,-39.019999999999996,-12841.631940262294,1645.8828307388194,0.0,-240.0,33.65083257380624,-66.6126486072462,0.0,0.0,-190.29269146476747,-17.911,-1164.7173232406124,328.21004999999997,0.0,-0.0,25.488461827368965,-5.331044094284101,0.0,0.0,544.6540985348826,-11.644216683583046,-881.3773495843844,5859.735051405089,0.0,-394.4633939379375,50.431553921168145,-10.518972910869296,0.0,0.0,-3670.162019967004,-87.42808299315446,-1747.5941355172918,619.3738533249619,0.0,-0.0,3.9485880235388264,-1.2164798604406672,0.0,0.0,-411.59483718435536,-10.8,-199.71112430370474,15137.788099423478,1353.7788755581435,-5778.695928092082,30.84362448595023,-61.04018749645059,0.0,0.0,-9533.410429609961,-69.4125,-1079.8515542690757,2050.4037233255654,0.0,-729.0439029716646,57.0562358050538,-23.331250840578615,0.0,0.0,676.5109862087429,-111.93884413314527,-1919.6569473939728,3242.938973358412,0.0,-0.0,204.43511777332972,-409.76721220549194,0.0,0.0,4344.2948934824635,-22.728977823573853,-7359.17279458514,493.360146233665,0.0,-0.0,69.63506114074818,-137.82620068643854,0.0,0.0,1883.2214962839182,-30.871000000000002,-2277.5195029718925,18542.961992469893,802.6185964107842,-2438.27338895414,554.0685005516401,-1061.1480600105465,0.0,0.0,886.7785037160818,-19.512,-17267.494144183715,64863.25414774121,0.0,-6639.144419997978,1984.8093463153637,-479.18699778908433,0.0,0.0,1910.0,-50.6715,-61589.06057626951
t399,10878.710315891423,0.0,-1830.0,476.2790839008073,-75.76715924911706,0.0,0.0,3339.501717767964,-39.019999999999996,-12749.703958311076,1670.245870527651,0.0,-240.0,5.68855406346736,-0.0,0.0,0.0,-252.29768808363121,-17.911,-1165.7257365074872,328.14644999999996,0.0,-0.0,4.3244620176359,-45.1,0.0,0.0,606.6590951537463,-11.644216683583046,-882.3857904877991,5988.8466331253085,361.64841489284044,-32.81497904509699,8.532831095201038,-89.3,0.0,0.0,-4399.873838931705,-87.42808299315446,-1749.6109781433938,686.5676333249619,0.0,-0.0,5.773721361026749,-10.3,0.0,0.0,-471.53023038228395,-10.8,-199.71112430370474,15186.834011188841,235.34152313799996,-6897.133280512225,30.599566072623112,-0.0,0.0,0.0,-7405.3695008616105,-69.4125,-1080.8598190256293,1966.2926416538505,668.3955366932591,-60.648366278405305,11.578508471362738,-110.66473726089097,0.0,0.0,-441.3402857642559,-111.93884413314527,-1921.6744533817753,3099.3019991011815,0.0,-0.0,202.8179682068723,-34.898933708640385,0.0,0.0,4123.75244886974,-22.728977823573853,-7368.24450464558,479.11525331631316,0.0,-0.0,69.08718467673924,-57.30375125955685,0.0,0.0,1819.5099992272958,-30.871000000000002,-2279.537685960791,18017.310870844485,802.6185964107842,-2438.27338895414,552.3879229513911,-552.3879229513911,0.0,0.0,1170.9882830047404,-19.512,-17533.132361305867,66108.82819012369,1200.342414730134,-5438.802005267844,1958.8522372055054,-3901.051216377029,0.0,0.0,1910.0,-50.6715,-61787.498120414464
t400,11558.227820016138,511.30494154064803,-1318.6950584593521,493.5788411408848,-1061.4990746315534,0.0,0.0,2572.4699677769477,-39.019999999999996,-12716.367437383713,1704.3774721089094,0.0,-240.0,35.21027722583908,-71.6319656691653,0.0,0.0,-241.293807357471,-17.911,-1168.7509763081123,327.97225,0.0,-0.0,26.666173962388683,-54.24674941176342,0.0,0.0,595.6552144275861,-11.644216683583046,-884.4026722946284,5828.590102863983,0.0,-394.4633939379375,52.76698150046979,-107.34794850374794,0.0,0.0,-3538.472995534015,-87.42808299315446,-1753.6446633955975,737.73501,0.0,-0.0,6.089124571268255,-12.387177718120512,0.0,0.0,-520.925832549443,-10.8,-199.71112430370474,14750.488753336498,2107.201566582333,-5025.273237067892,32.270730792565224,-65.64976439004977,0.0,0.0,-10645.740935958163,-69.4125,-1083.8846132952908,1952.7676136699945,0.0,-729.0439029716646,59.696008532416776,-111.7773268607011,0.0,0.0,867.0146701143822,-111.93884413314527,-1926.7182183512812,2429.2781964154437,0.0,-0.0,213.89453376521357,-477.81951444774955,0.0,0.0,5243.763686857124,-22.728977823573853,-7386.387924766458,409.47355460925996,0.0,-0.0,69.45964809517399,-0.0,0.0,0.0,1837.5300322230523,-30.871000000000002,-2285.592234927486,14925.249882756367,2132.2131216135504,-1108.6788637513741,588.6439373131224,-588.6439373131224,0.0,0.0,1920.0,-19.512,-17849.27214061854,66425.86758224311,1350.5289412295756,-5288.615478768402,1516.7972875631558,-3934.5258677893466,0.0,0.0,1910.0,-50.6715,-61929.38096447811
t401,10316.329208664647,998.2014884679285,-831.7985115320715,548.6676317615319,-548.6676317615319,0.0,0.0,2319.124341560747,-39.019999999999996,-12762.836527161251,1609.659867053749,34.22019753639526,-205.77980246360474,39.37253423291801,-39.37253423291801,0.0,0.0,-245.38780621717103,-17.911,-1174.8014559093622,327.56264999999996,0.0,-0.0,29.818080668865367,-29.818080668865367,0.0,0.0,573.5264434952846,-11.644216683583046,-889.4448768117015,4954.153599424328,180.82420744642025,-213.63918649151728,59.004478335633934,-59.004478335633934,0.0,0.0,-3071.1900821730223,-87.42808299315446,-1762.720455213056,776.3267900000001,0.0,-0.0,6.808865382013976,-6.808865382013976,0.0,0.0,-564.8070236543574,-10.8,-200.71976634564265,10355.621626558783,3234.389759747316,-3898.085043902909,36.08528003212791,-36.08528003212791,0.0,0.0,-8533.587905325132,-69.4125,-1088.9259370780594,1455.1207608642655,334.19776834662963,-394.84613462503495,66.75233575806233,-66.75233575806233,0.0,0.0,654.2721978375785,-111.93884413314527,-1936.8057482902932,3364.4997315385835,0.0,-0.0,239.17789247169895,-239.17789247169895,0.0,0.0,4080.904011293204,-22.728977823573853,-7422.674765008214,373.86132231588044,0.0,-0.0,81.4720276037339,-162.71510911609028,0.0,0.0,2035.9540920573531,-30.871000000000002,-2297.701332860877,14125.808369262422,2076.4936135525422,-0.0,661.1716115884745,-661.1716115884745,0.0,0.0,1920.0,-19.512,-18102.789982814968,62927.61467255154,2404.398359660666,-4234.746060337312,2265.848815899656,-2265.848815899656,0.0,0.0,831.1917311255156,-50.6715,-61877.78720300042
t402,9144.207553165992,1830.0,-0.0,506.0361707936576,-87.17303965919639,0.0,0.0,1467.8684752040117,-20.31741684603142,-12840.621742658434,1593.3620760582173,240.0,-0.0,36.781668075443704,-36.781668075443704,0.0,0.0,-641.7289221388082,-10.781218408797002,-1180.851935510612,327.14925,0.0,-0.0,27.85678361147437,-27.85678361147437,0.0,0.0,570.311284297029,-3.9818938716689614,-893.47864042536,3639.3530636253636,0.0,-0.0,55.12216153622404,-55.12216153622404,0.0,0.0,-1830.8961127503535,-37.6691251575466,-1770.7878257174636,867.8649399999999,0.0,-0.0,6.360973626109852,-6.360973626109852,0.0,0.0,-661.6702573751372,-4.466274237282176,-201.72840838758054,5392.093402009184,4122.264045800673,-0.0,33.711277251363825,-11.0962162619009,0.0,0.0,-8389.89357913876,-52.10340404317704,-1094.9755256173821,1019.8922664220167,729.0439029716646,-0.0,62.36082885732891,-20.527107979384677,0.0,0.0,220.70503651278386,-65.59040154900504,-1945.8845252354038,3591.3421305911143,0.0,-0.0,223.4426003617143,-41.260052410384205,0.0,0.0,3703.685961518509,-14.217163673011079,-7462.993476387944,351.7025999999999,0.0,-0.0,76.11149153536817,-14.041560166484485,0.0,0.0,1919.0280814959328,-25.008365059447115,-2307.7922478053692,13079.27604456307,2593.208324973455,-0.0,617.042030514845,-102.37488589356138,0.0,0.0,1920.0,-19.512,-18087.63951415781,55745.51183135798,3693.0,-0.0,2128.512189685211,-2128.512189685211,0.0,0.0,1722.590032374791,-48.29139341115985,-61112.81047032162
t403,10931.74494839088,1830.0,-0.0,582.6263164828839,-92.84033188397669,0.0,0.0,-147.8242532375918,-5.484548109581221,-13098.222131642613,1565.0557997481799,240.0,-0.0,42.100202473094846,-0.0,0.0,0.0,-638.5102586728293,-13.67602230158336,-1194.969721246862,472.25624999999997,0.0,-0.0,31.88280272931019,-0.0,0.0,0.0,405.0495214333064,-4.617083799695627,-904.5714903629209,2615.5664214610542,394.4633939379375,-0.0,63.091723235264,-0.0,0.0,0.0,-1235.727131293308,-45.42973404941423,-1791.9646732915335,917.23842,0.0,-0.0,7.28038146955345,-0.0,0.0,0.0,-714.9386311955889,-4.825835760570225,-204.75433451339427,2051.9734881765016,7132.474803650225,-0.0,38.584546938373514,-0.0,0.0,0.0,-8069.762199586918,-45.187671725601874,-1108.082967452581,829.1325108062697,729.0439029716646,-0.0,71.37555378855318,-0.0,0.0,0.0,408.0297559461678,-68.49587941752377,-1969.0858440951313,3069.5199311727183,0.0,-0.0,255.74347154113048,-0.0,0.0,0.0,4242.426245319053,-15.995006609552872,-7551.694641423349,351.7025999999999,0.0,-0.0,87.11550723453061,-0.0,0.0,0.0,1921.256951287708,-25.037340366740196,-2335.037718155498,12844.474238368493,3240.891985364924,-0.0,708.1357903253653,-0.0,0.0,0.0,1320.0,-9.702,-18103.80001405878,51983.38497573066,3693.0,-0.0,2381.896239363358,-0.0,0.0,0.0,2510.0,-40.8615,-60527.41971509401
t404,11340.788222424184,1830.0,-0.0,605.2071976473312,-0.0,0.0,0.0,-361.08886108364345,-5.5435653565224925,-13409.362993631348,1767.812879081266,240.0,-0.0,44.00055268558984,-7.186239743644117,0.0,0.0,-798.0926167001908,-13.245149934909485,-1233.2894253881116,617.58125,0.0,-0.0,33.32608075949476,-5.463008784709047,0.0,0.0,291.2596479203648,-2.887693333205312,-933.8162765619451,2876.0694265501334,394.4633939379375,-0.0,65.94158755463006,-10.779359615466175,0.0,0.0,-1424.973485155629,-50.2684538231174,-1850.4531094484885,1079.4222,0.0,-0.0,7.609777751554583,-1.2465926085913266,0.0,0.0,-869.1126877357254,-5.866510642216147,-210.80618676502166,2074.776468176502,7132.474803650225,-0.0,40.328876195586396,-6.599607927836433,0.0,0.0,-8051.9689839038,-44.63105750216061,-1144.3804986885161,843.9987767013815,729.0439029716646,-0.0,74.60249681445934,-12.209274666497402,0.0,0.0,472.4300355963278,-75.22865470642911,-2032.6372827109067,2690.750473343347,0.0,-0.0,267.30465246240146,-43.740734766160365,0.0,0.0,4901.494321059608,-18.169931259496707,-7797.638780839699,351.7025999999999,0.0,-0.0,91.05090824710729,-14.885782326119958,0.0,0.0,2010.0526300026872,-26.191684190034906,-2411.7286717336387,13413.055015877386,3240.891985364924,-0.0,729.4132592017853,-0.0,0.0,0.0,1320.0,-9.702,-18693.658260444092,50214.72325169906,6639.144419997978,-0.0,2495.978966036937,-485.9089934114669,0.0,0.0,2510.0,-40.8615,-61333.07614432252
t405,11720.69706232835,1830.0,-0.0,544.3894021609511,-0.0,0.0,0.0,-312.6329849085445,-5.378558144539286,-13777.074921436215,1561.0006790812658,240.0,-0.0,37.55599739395228,-0.0,0.0,0.0,-602.5867813323285,-13.773015690402712,-1222.1968794524867,549.8967642308232,0.0,-0.0,28.444115861751353,-0.0,0.0,0.0,351.0275376214146,-4.628109282775872,-924.7403084312135,3091.83469,394.4633939379375,-0.0,56.28302328995875,-0.0,0.0,0.0,-1658.3263167928098,-50.94484330846369,-1833.3099471266223,1074.879070374975,0.0,-0.0,6.49505091081981,-0.0,0.0,0.0,-866.7347589815238,-5.8504596231252854,-208.78890268114586,2052.0070281765015,7132.474803650225,-0.0,34.42154444620111,-0.0,0.0,0.0,-8040.958361418599,-44.655428487903876,-1133.2895863664248,843.9987767013815,729.0439029716646,-0.0,63.674759945375094,-0.0,0.0,0.0,450.5020944069811,-74.75731119251962,-2012.4622228328826,2649.1919719878106,0.0,-0.0,228.1502410108814,-0.0,0.0,0.0,4866.786249766213,-18.0553946242285,-7726.073068140679,351.7025999999999,0.0,-0.0,77.71446591452025,-0.0,0.0,0.0,1982.9233216391976,-25.839003181309536,-2386.501384372408,13437.372550281347,3240.891985364924,-0.0,643.4935709555488,-331.3,0.0,0.0,1320.0,-9.702,-18300.75610660182,49879.630705545394,6639.144419997978,-0.0,2037.5843253544722,-0.0,0.0,0.0,2510.0,-40.8615,-61025.49795089784
t406,13644.700079363369,1830.0,-0.0,485.7759797050901,-209.14208291209928,0.0,0.0,-2377.003798144491,-28.60963342367152,-13345.720544588197,1366.7899790812658,240.0,-0.0,33.001703523747786,-54.51396272945073,0.0,0.0,-396.1458577822125,-14.330406183988025,-1174.8014559093622,404.5432142308233,0.0,-0.0,24.99832123401272,-41.319793944601145,0.0,0.0,508.1354922391249,-6.912356947658361,-889.4448768117015,2400.2173700000003,394.4633939379375,-0.0,49.459460032749305,-81.71236361979783,0.0,0.0,-957.5178984772656,-43.19792797361848,-1761.712033900005,1003.269000374975,0.0,-0.0,5.708074900964922,-9.433788860962123,0.0,0.0,-793.4676136770153,-5.355906392319853,-200.71976634564265,2029.2264081765018,5916.944169461733,-0.0,30.249640242430083,-72.6,0.0,0.0,-6771.4483675184865,-43.44591328411775,-1088.9259370780594,758.5705767013816,674.219801468196,-0.0,55.95752492320842,-134.3,0.0,0.0,655.3093835591853,-74.96904434948085,-1934.7882423024907,3012.7524353952604,0.0,-0.0,200.49794894355404,-119.3,0.0,0.0,4347.1016873757135,-14.345435568339854,-7426.7066361461875,351.7025999999999,0.0,-0.0,68.29295047324955,-51.599656277294336,0.0,0.0,1955.0369724254479,-29.76789973832306,-2293.66496688308,13376.228289808549,2157.252904393149,-0.0,562.0892303840484,-0.0,0.0,0.0,1320.0,-9.702,-17405.868424585748,49636.793012898255,6639.144419997978,-0.0,1915.8421243677099,-2169.4675450971654,0.0,0.0,2510.0,-40.8615,-58491.450512166775
t407,13808.702799456314,1830.0,-0.0,392.8593656797152,-418.86313113446124,0.0,0.0,-2970.5895521717143,-33.83318805911108,-12608.276293770743,1166.3869290812659,240.0,-0.0,26.03587015893563,-0.0,0.0,0.0,-316.69057636890943,-14.544935443803944,-1101.187287427488,326.9027,0.0,-0.0,19.722049738842472,-0.0,0.0,0.0,494.79681747410814,-7.440940089053639,-833.980627123897,2426.48203,394.4633939379375,-0.0,39.019925569608624,-0.0,0.0,0.0,-1165.603831817813,-42.56740691228141,-1651.7941107774518,848.132560374975,0.0,-0.0,4.503289441711252,-0.0,0.0,0.0,-659.5677059590745,-4.452082015223753,-188.6160618423878,2006.4569681765017,4225.86511317662,-0.0,23.86485916350297,-0.0,0.0,0.0,-5191.663550778863,-43.15119134880375,-1021.3721983889577,673.1455767013816,729.0439029716646,-0.0,44.14660148560101,-0.0,0.0,0.0,434.35083938953267,-66.94903751383315,-1813.7378830343473,3354.7643574492536,0.0,-0.0,158.17888848971344,-182.1825479513301,0.0,0.0,3648.3521906588066,-12.039562229174061,-6967.07332641727,351.7025999999999,0.0,-0.0,53.878205849689095,-123.3,0.0,0.0,1896.6153695739267,-29.5312922467744,-2149.3648831768414,12771.100772827283,2192.483282425196,-0.0,449.76649003915065,-514.6671446212837,0.0,0.0,1320.0,-9.702,-16208.981400670347,45219.567966519375,5803.423660946581,-0.0,1536.5852393713567,-0.0,0.0,0.0,2510.0,-40.8615,-55028.71536683732
t408,13690.631992194292,1830.0,-0.0,288.4889842369221,-590.8081368389469,0.0,0.0,-3560.0,-39.019999999999996,-11619.292839592268,1167.4470454593672,240.0,-0.0,19.213750341473947,-3.58577515564167,0.0,0.0,-386.1866720484916,-14.357295985469072,-1022.5310526112388,326.9027,0.0,-0.0,14.558159124896227,-2.7259209091357572,0.0,0.0,441.4088359673426,-6.6696012640836155,-773.4741729190193,2467.655193772031,30.925930084734503,-0.0,28.797464697505134,-5.378662733462498,0.0,0.0,-945.7922466555348,-42.39886201478191,-1533.808817150491,791.7945314284812,0.0,-0.0,3.3240167841452806,-0.622022220876616,0.0,0.0,-615.8445023456594,-4.156950390833201,-174.49507325525718,2013.847717970449,3589.5602288999335,-0.0,17.6140847264438,-3.2930588164056136,0.0,0.0,-4620.588513167799,-48.36332369553496,-948.777135917087,673.1423767013816,0.0,-0.0,32.58374066245045,-6.092158810350387,0.0,0.0,1046.6123510316597,-63.64631575794968,-1682.599993827192,3424.7067016543347,0.0,-0.0,116.74764351591719,-233.82839881925844,0.0,0.0,3171.9788246479543,-10.467530121338248,-6469.13724087761,351.7025999999999,0.0,-0.0,39.76351585565838,-7.427677108114889,0.0,0.0,1638.411922570528,-28.48556828641064,-1993.9647930316612,12533.693643343147,1490.0,-0.0,332.37548469503133,-711.8690845814393,0.0,0.0,1280.2728416870102,-10.351539038417384,-14914.12134610533,41850.52563384732,6639.144419997978,-0.0,1148.4042501953877,-1137.9197008547258,0.0,0.0,2549.72715831299,-41.51103903841738,-51008.37072246054
t409,14295.694162586655,784.2594213797372,-1045.7405786202628,65.14424147455622,-693.7754258084137,0.0,0.0,-3208.0147166008787,-39.019999999999996,-10158.547104411393,1247.090772915188,0.0,-240.0,4.405581176185964,-70.32839945792642,0.0,0.0,-33.412427001987226,-15.309786447094634,-892.4457411843653,326.7314,0.0,-0.0,3.339018225388182,-33.145843879012446,0.0,0.0,387.7738340721023,-9.04300313067768,-675.6554052878005,2772.562379299068,263.20347775754936,-131.25991618038813,6.6035089626230015,-7.260189983973243,0.0,0.0,-1478.2460944431177,-87.42808299315446,-1338.1750824186072,1290.4678044887166,0.0,-0.0,0.7623478931860771,-5.037274556439931,0.0,0.0,-1123.0879294928395,-10.8,-152.30494833262333,1997.9596739543106,2134.899529631829,-4997.575274018396,4.039392000389309,-3.248846208829562,0.0,0.0,1761.1233897713328,-69.4125,-827.785365130636,673.0847767013817,729.0439029716646,-0.0,7.472388920554627,-8.223276410418674,0.0,0.0,178.29665807620063,-111.93884413314534,-1467.7356061262378,7569.40434655263,0.0,-0.0,26.7733271896333,-65.30092119033786,0.0,0.0,-1855.4644392902658,-22.72897782357385,-5652.683335438086,351.7025999999999,0.0,-0.0,9.118205176640156,-133.32597664453448,0.0,0.0,1541.0317249094533,-30.871000000000066,-1737.655553441559,12498.551333276262,1899.4165068046652,-1341.475478560259,76.23366277190219,-1050.2586026273195,0.0,0.0,720.0,-19.512,-12782.955421665249,48625.35942253701,0.0,-1466.894993892467,277.5266286762912,-1933.6837541675975,0.0,0.0,3110.0,-50.6715,-48561.63580315325
t410,14417.515916049664,0.0,-1830.0,40.89062063270025,-83.47092275484184,0.0,0.0,-3107.0371076184947,-39.019999999999996,-9398.878506309029,1049.8584229151877,0.0,-189.61683104808634,2.8630380878479396,-0.0,0.0,0.0,3.405361764306008,-15.409194476763625,-851.1007972424907,326.7314,0.0,-0.0,2.1702099423108008,-26.321506805826047,0.0,0.0,350.9560453058091,-9.142411160346672,-644.393737281947,2832.270923333442,0.0,-394.4633939379375,4.291538684721845,-0.0,0.0,0.0,-1078.0096027645727,-87.42808299315446,-1276.6613823224993,1140.1063547393692,0.0,-0.0,0.49547904597461784,-0.4460583224419411,0.0,0.0,-984.1113214238438,-10.8,-145.24445403905798,2004.3671600000002,3105.916437158168,-4026.5583664920578,2.625255029548022,-0.0,0.0,0.0,-227.46668131406523,-69.4125,-789.4713043815931,673.0847767013817,0.0,-729.0439029716646,4.856419959958833,-0.0,0.0,0.0,1563.190705978326,-111.93884413314534,-1400.1491555348578,7078.046544018527,0.0,-0.0,17.400311250149404,-0.0,0.0,0.0,-1681.098198190766,-22.728977823573853,-5391.619679254337,351.7025999999999,0.0,-0.0,5.925835622320632,-0.0,0.0,0.0,1330.1707982633006,-30.871000000000066,-1656.9282338856215,11910.26013096453,1470.1817579008332,-1770.710227464091,49.41885879049043,-159.47112620515009,0.0,0.0,720.0,-19.512,-12200.16739398661,48239.48536496003,0.0,-2946.1444199979774,176.15756615496247,-1942.6369599268055,0.0,0.0,3110.0,-50.6715,-46586.19005119023
t411,14400.045374917456,0.0,-1830.0,24.784287451621744,-0.0,0.0,0.0,-3560.0,-39.019999999999996,-8995.809662369078,1035.2420074590034,0.0,-240.0,1.7903787134725355,-2.0314062661094305,0.0,0.0,46.41480563947607,-15.525319975226585,-825.890465570616,326.7314,0.0,-0.0,1.3581786801903755,-1.5442833349505367,0.0,0.0,307.946601430639,-9.258536658809632,-625.2333601170691,2791.0142233334423,0.0,-394.4633939379375,2.684187170723278,-50.64840720399714,0.0,0.0,-1022.8171539425125,-87.42808299315446,-1238.3413724265633,1041.8312347393692,0.0,-0.0,0.3100404484549301,-0.0,0.0,0.0,-890.1313893165177,-10.8,-141.2098858713064,1981.5865400000002,3138.9057867468578,-3993.569016903368,1.642365362045295,-1.865577183161722,0.0,0.0,-291.0063830415172,-69.4125,-766.2812149808567,673.0847767013817,0.0,-729.0439029716646,3.038237829835243,-3.4513177888491855,0.0,0.0,1526.092580153449,-111.93884413314534,-1357.7815297910076,6489.21363211586,0.0,-0.0,10.885554859435715,-12.364630997288526,0.0,0.0,-1234.660744419015,-22.728977823573853,-5230.344833735418,351.7025999999999,0.0,-0.0,3.706471635858713,-4.207912979798106,0.0,0.0,1288.1616834959982,-30.871000000000066,-1608.4918421520588,11640.566549235633,1406.4374677376013,-1834.454517627323,30.38492952640991,-32.12397061550264,0.0,0.0,720.0,-19.512,-11911.298458256817,47970.294486936444,0.0,-5322.72624566868,115.67262247547927,-140.2623261332829,0.0,0.0,3110.0,-50.6715,-45682.307037609964
t412,14026.562816745212,0.0,-1830.0,19.386783747337077,-17.607088455692704,0.0,0.0,-3361.5115800242475,-39.019999999999996,-8797.810932012611,1024.3358215543528,0.0,-240.0,1.3889279089464825,-10.063681749911439,0.0,0.0,55.69564342572767,-15.550378237249465,-815.8063329018661,326.7314,0.0,-0.0,1.052264166197358,-0.0,0.0,0.0,298.6657636443874,-9.283594920832511,-617.1658328897521,2877.1327050000004,0.0,-394.4633939379375,2.081660290237509,-0.0,0.0,0.0,-1173.0994143152957,-87.42808299315446,-1224.22347404385,967.303614739369,0.0,-0.0,0.17835203776815167,-0.1678078014458513,0.0,0.0,-817.3215571882608,-10.8,-139.1926017874306,1981.6089000000002,3213.7385518250303,-3918.736251825195,1.2732137157666434,-0.0,0.0,0.0,-451.26508154372937,-69.4125,-757.2068321718729,673.0815767013817,0.0,-729.0439029716646,2.3552722168500684,-0.0,0.0,0.0,1507.1873800751666,-111.93884413314527,-1341.6414818885885,6315.640777108212,0.0,-0.0,8.438981605462546,-0.0,0.0,0.0,-1133.4999497932617,-22.72897782357385,-5167.850831096838,351.7025999999999,0.0,-0.0,2.874343910674233,-0.0,0.0,0.0,1265.6131598468492,-30.871000000000002,-1589.3191037575236,12159.149547102532,1116.6782295423577,-2124.213755822567,24.79352862267882,-5.734601689474443,0.0,0.0,699.535635872664,-19.512,-11850.696583628189,46621.036457683455,0.0,-3343.0842290813357,84.20772155546877,-738.189224826899,0.0,0.0,3110.0,-50.6715,-45683.29922533069
t413,12468.036643089852,0.0,-1830.0,23.719754106024016,-0.0,0.0,0.0,-1854.2211956951887,-39.019999999999996,-8768.515201500686,1028.251540745063,0.0,-240.0,1.805188535300759,-0.35691029234630406,0.0,0.0,49.708031734531914,-15.534211685683236,-823.873639036866,326.7314,0.0,-0.0,1.37045600494142,-0.2713246610183637,0.0,0.0,304.6533753355832,-9.267428369266282,-623.2164783102398,2724.5538950000005,180.82420744642025,-213.63918649151728,2.7068913451293377,-0.535365438519456,0.0,0.0,-1370.1578290678963,-87.42808299315446,-1236.3245298004615,899.6115947393691,0.0,-0.0,0.22097912703699837,-0.0,0.0,0.0,-747.8226879950997,-10.8,-141.2098858713064,1997.2173600000003,3236.551549768672,-3895.923253881553,1.6566254667815368,-6.489307840769402,0.0,0.0,-499.33578804538183,-69.4125,-764.2646854677491,673.0815767013817,729.0439029716646,-0.0,3.0646679677636626,-12.610414290316688,0.0,0.0,75.12313458585777,-111.93884413314534,-1355.7640238032052,6376.28108845069,0.0,-0.0,10.979953461660493,-77.43962978274939,0.0,0.0,-1069.8511817690205,-22.728977823573853,-5217.241252537006,351.7025999999999,0.0,-0.0,3.7379182465458856,-0.0,0.0,0.0,1281.9041409166143,-30.871000000000066,-1606.4736591631604,13285.941419217705,696.1389952024522,-2544.752990162472,30.624234516526897,-101.5963889705813,0.0,0.0,720.0,-19.512,-12066.843269803629,46436.54240300034,0.0,-2992.162485083698,120.1847666611338,-0.0,0.0,0.0,3110.0,-50.6715,-46623.89318457777
t414,13561.091031696546,418.16895054414067,-1411.8310494558593,66.79843613477311,-0.0,0.0,0.0,-3560.0,-39.019999999999996,-9035.2073689196,1107.1133673236484,0.0,-240.0,5.256225026084026,-0.0,0.0,0.0,15.34932667916712,-15.441443182033751,-872.2774758468655,326.70285,0.0,-0.0,3.988521211250082,-0.0,0.0,0.0,339.012080390948,-9.174659865616798,-660.5287917365811,2673.9673150000003,394.4633939379375,-0.0,7.880839079612548,-0.0,0.0,0.0,-1679.9526006842661,-87.42808299315446,-1308.9308643401298,975.9937419272976,0.0,-0.0,0.8734982866349832,-0.22097912703699837,0.0,0.0,-816.5672388800859,-10.8,-149.2790222068096,2020.0315200000005,2264.727750125893,-4867.747053524332,4.626872194782968,-3.4078231487208424,0.0,0.0,1460.8178338650446,-69.4125,-809.6365995126683,673.0815767013817,0.0,-729.0439029716646,8.921151613536365,-3.5334441086246358,0.0,0.0,1599.9864792077185,-111.93884413314527,-1437.473016309202,8102.410340449352,0.0,-0.0,30.666697020420216,-22.587110842908505,0.0,0.0,-2564.097489780339,-22.72897782357385,-5523.663459022951,351.7025999999999,0.0,-0.0,10.441298357741367,-3.378064929268392,0.0,0.0,1375.451609201813,-30.871000000000002,-1703.3464426302855,13763.614414875663,874.6486233146054,-2366.243362050319,92.20956306749976,-52.48472519722486,0.0,0.0,720.0,-19.512,-13012.232514010224,49166.3144824433,0.0,-2009.0215949100839,344.10029108927733,-492.9449154090437,0.0,0.0,3110.0,-50.6715,-50067.77676321346
t415,14622.021814885347,503.0086956886694,-1326.9913043113306,226.20907480405882,-369.7213322490213,0.0,0.0,-3560.0,-39.019999999999996,-10055.506948817721,1089.9496601022813,0.0,-0.0,18.665537568960985,-25.72695113034577,0.0,0.0,-77.43549430427913,-15.190924165378446,-990.2618280712392,326.70285,0.0,-0.0,11.781279529322507,-11.076857914272226,0.0,0.0,431.7969013743942,-8.924140848961493,-750.280032140483,2622.6072550000004,0.0,-394.4633939379375,27.988740598397282,-40.12276587485722,0.0,0.0,-643.1771586684022,-87.42808299315446,-1485.4045941240456,978.3907719272977,0.0,-0.0,3.23419020388426,-1.9770988303748886,0.0,0.0,-799.3960002552393,-10.8,-169.45186304556765,2020.0701600000002,3318.670662056679,-3813.804141593547,17.12893573000669,-5.222902254128041,0.0,0.0,-548.9010207185368,-69.4125,-918.5291932204742,673.0783767013817,0.0,-729.0439029716646,31.687574525007953,-17.213415667288906,0.0,0.0,1787.6100616656424,-111.93884413314527,-1634.1798501199348,7986.266695454856,0.0,-0.0,113.52901159783241,-0.0,0.0,0.0,-1825.6505298020445,-22.728977823573853,-6251.41619942707,552.3181752527043,0.0,-0.0,38.64929592063545,-24.76676805595276,0.0,0.0,1405.153240708465,-30.871000000000002,-1940.4829438258525,16516.15386207171,406.2762050314543,-2834.61578033347,325.2624998852888,-149.9519096029374,0.0,0.0,720.0,-19.512,-14963.612877052043,51573.35928778541,741.956523368046,-0.0,1194.938585969434,-0.0,0.0,0.0,3110.0,-50.6715,-56569.58289712289
t416,14825.480919759935,49.369799405491904,-1780.630200594508,291.2757672013862,-0.0,0.0,0.0,-1527.1643206158528,-39.019999999999996,-11819.311965156454,1208.6980132144292,0.0,-0.0,21.639982922845984,-0.0,0.0,0.0,-130.23696077387672,-15.048360205910532,-1085.0526751574882,326.85585000000003,0.0,-0.0,19.20669532842341,-0.0,0.0,0.0,484.5983678439918,-8.781576889493579,-821.8793362829215,2665.419066955755,394.4633939379375,-0.0,32.440891677991786,-0.0,0.0,0.0,-1377.3032703142999,-87.42808299315446,-1627.5919992642291,1017.2956019272978,0.0,-0.0,4.384400780859057,-3.4,0.0,0.0,-821.8898669915825,-10.8,-185.5901357165741,2403.2368982073535,4130.884328475001,-3001.590475175224,23.225003691331843,-18.0,0.0,0.0,-2462.0950281578107,-69.4125,-1006.2482270406513,847.8507264063196,0.0,-729.0439029716646,42.9643485583362,-19.27353333995943,0.0,0.0,1758.969016660833,-111.93884413314527,-1789.5278111807188,8112.237848642608,0.0,-0.0,153.93461598568075,-119.3,0.0,0.0,-1271.9784878196724,-22.728977823573853,-6852.164998985041,627.1038630688013,0.0,-0.0,52.41327407298837,-40.6,0.0,0.0,1517.1005501682703,-30.871000000000002,-2125.14668731006,17691.307334211506,180.44305846123586,-3060.4489269036885,435.5938427543808,-0.0,0.0,0.0,720.0,-19.512,-15947.383308523436,53908.81205094669,1403.077422197568,-0.0,1576.7641130464772,-0.0,0.0,0.0,3110.0,-50.6715,-59947.982086190736
t417,16679.763580421375,195.32970591944377,-1634.6702940805562,311.2306140996895,-258.5,0.0,0.0,-2419.573049324674,-39.019999999999996,-12834.560557035276,1368.7490330782157,0.0,-0.0,22.25760532766271,-43.89758825050869,0.0,0.0,-193.73355244510913,-14.876919408398205,-1138.4985783018626,327.17325,0.0,-0.0,10.45889899626383,-14.9,0.0,0.0,548.0949595152242,-8.610136091981252,-862.2169724195065,3352.2829496423,296.0184568026464,-98.44493713529107,33.36472293225026,-29.4,0.0,0.0,-1758.1274049404456,-87.42808299315446,-1708.265704308305,918.45291,0.0,-0.0,3.852604676724507,-3.4,0.0,0.0,-713.4376005827094,-10.8,-194.66791409401523,4789.2048396207465,2734.7442557460736,-4397.7305479041515,20.411449506831246,-18.0,0.0,0.0,-2003.5642968577154,-69.4125,-1055.6532001117855,899.4516451858168,0.0,-729.0439029716646,32.421121577262255,-33.3,0.0,0.0,1818.6905489979567,-111.93884413314527,-1876.2805686562215,8112.5534779341415,0.0,-0.0,135.2876113007662,-301.4570109253802,0.0,0.0,-725.7571514197305,-22.728977823573853,-7197.897949066222,633.0392351176978,0.0,-0.0,46.0709630856325,-40.6,0.0,0.0,1617.407547057203,-30.871000000000002,-2225.046745260533,18533.4624291155,115.25071610787438,-3125.6412692570498,381.3635243078918,-331.3,0.0,0.0,720.0,-19.512,-16273.623400274217,57484.80857742613,0.0,-0.0,1365.3219954907581,-1178.640875074294,0.0,0.0,3110.0,-50.6715,-60730.818197842586
t418,17396.664686260054,0.0,-1830.0,256.6789199457268,-0.0,0.0,0.0,-2610.336654273703,-39.019999999999996,-13173.986951932078,1430.1490998228799,0.0,-0.0,18.211621218796573,-18.211621218796573,0.0,0.0,-239.5861131521532,-14.753117494489185,-1175.8098691762373,327.22485,0.0,-0.0,13.802246933689545,-36.034965262769354,0.0,0.0,593.9475202222683,-8.486334178072234,-890.4533177151161,4092.810664296593,0.0,-394.4633939379375,27.297110351240107,-0.0,0.0,0.0,-1874.4874211906344,-87.42808299315446,-1763.728876526107,983.23939,0.0,-0.0,3.151279026482258,-0.0,0.0,0.0,-773.8622606389017,-10.8,-201.72840838758054,6530.479116583177,1317.313919707266,-5815.160883942959,16.69758647687413,-0.0,0.0,0.0,-888.9747722331915,-69.4125,-1090.942466591167,1189.8929730089217,273.54940206822437,-455.49450090344016,30.888502834521663,-55.20190983623819,0.0,0.0,1064.1013722575472,-111.93884413314527,-1935.796995296392,8081.829362574359,0.0,-0.0,110.67263427190518,-73.543425099242,0.0,0.0,-658.4353121478355,-22.72897782357385,-7437.794281775613,622.355565429684,0.0,-0.0,37.69213877514972,-0.0,0.0,0.0,1665.4973541726959,-30.871000000000002,-2294.674058377529,19236.21407422684,0.0,-3240.891985364924,290.6954915010316,-331.3,0.0,0.0,612.1362869839077,-19.512,-16547.34186734685,61530.21064901507,0.0,-2595.4687297750424,1095.6870518947032,-1411.4,0.0,0.0,3110.0,-50.6715,-61678.35747113474
t419,17124.01667619431,0.0,-1830.0,267.5053679806821,-147.62367483393706,0.0,0.0,-1895.8117410434024,-39.019999999999996,-13479.066628297654,1446.2203745252532,0.0,-0.0,18.9329203181317,-13.971443117579959,0.0,0.0,-229.33036325723776,-14.780808019205457,-1207.0706804493618,327.27345,0.0,-0.0,14.344085631586385,-3.1478227624978183,0.0,0.0,583.6917703273529,-8.514024702788504,-913.6474584936526,4318.3683455929195,0.0,-394.4633939379375,28.375938458543885,-52.99786184171759,0.0,0.0,-2000.7302670391523,-87.42808299315446,-1811.1246782395015,936.49697,0.0,-0.0,3.275192333667346,-6.117911161145303,0.0,0.0,-716.0826325752521,-10.8,-206.77161859727005,7908.248429700597,1447.780617339697,-5684.6941863105285,17.355800838465,-32.41771868760759,0.0,0.0,-2466.6782983493963,-69.4125,-1120.182144531226,1492.5837497595721,0.0,-729.0439029716646,32.10588734929488,-0.0,0.0,0.0,1303.5365079812948,-111.93884413314527,-1987.2433979853529,7830.414548012753,0.0,-0.0,115.03586091706777,-67.32840458214392,0.0,0.0,-218.0211234188296,-22.728977823573853,-7637.371903105274,611.6718957416701,0.0,-0.0,39.1813546296742,-73.17975820703457,0.0,0.0,1809.4261473746228,-30.871000000000002,-2356.228639538932,19258.453274322652,384.83373172834854,-2856.0582536365755,325.7169310419715,-906.5206933130181,0.0,0.0,720.0,-19.512,-16906.912990143377,63957.405060125675,0.0,-4607.5211034063905,1085.1819138061546,-703.7944644582307,0.0,0.0,3110.0,-50.6715,-62790.59990606721
t420,18131.023987527657,385.9127172386445,-1444.0872827613555,316.3780682814422,-0.0,0.0,0.0,-3560.0,-39.019999999999996,-13790.207490286388,1457.406322272985,0.0,-0.0,22.05392576103079,-0.0,0.0,0.0,-238.47359421841907,-14.756121295610267,-1226.2305325199866,327.33785,0.0,-0.0,16.706030288405373,-0.6239124562889629,0.0,0.0,592.8350012885342,-8.489337979193316,-927.7656311414573,4431.8675368900085,270.01546509141184,-124.44792884652566,33.05232736246252,-0.0,0.0,0.0,-2683.6988424992737,-87.42808299315446,-1839.360475004928,874.13005,0.0,-0.0,3.8146062176769817,-0.0,0.0,0.0,-657.3471114945933,-10.8,-209.79754472308377,8563.73626584169,0.0,-7132.474803650225,20.21513499646661,-0.0,0.0,0.0,-244.7414517952916,-69.4125,-1137.32264539264,1539.243868234237,334.19776834662963,-394.84613462503495,37.39514361555486,-16.977700250154566,0.0,0.0,632.449392602103,-111.93884413314527,-2019.523493790191,7114.155133751174,0.0,-0.0,106.41733540329606,-0.0,0.0,0.0,559.4765781290744,-22.728977823573853,-7757.32006945997,609.2977469221115,0.0,-0.0,45.63824992357516,-0.0,0.0,0.0,1769.5000279878668,-30.871000000000002,-2393.565024833553,18573.131802111875,425.7525325365886,-2815.1394528283354,378.44698112365137,-154.77065528211597,0.0,0.0,720.0,-19.512,-17107.90920766166,65560.02602842431,0.0,-2518.3041925385387,813.8278342380288,-3499.2,0.0,0.0,3110.0,-50.6715,-63415.678170123814
t421,17722.97913798312,0.0,-1830.0,184.3175586495995,-1100.4761618147188,0.0,0.0,-996.0634039526792,-39.019999999999996,-13941.737130865318,1490.4117606660304,0.0,-0.0,23.501581872596375,-13.98297548693579,0.0,0.0,-246.86541194144615,-14.733463387758094,-1238.3314917224866,327.29205,0.0,-0.0,17.797851235383767,-0.0,0.0,0.0,601.2268190115612,-8.466680071341141,-937.8500401756037,4320.516373314089,91.63294980142862,-302.83044413650885,31.456731193053066,-7.547105140750297,0.0,0.0,-2187.2799420852602,-87.42808299315446,-1858.520479952896,926.24208,0.0,-0.0,4.064110927041469,-1.5649537843727432,0.0,0.0,-706.1264083357091,-10.8,-211.81482880695958,8567.802872775736,1426.6307311672133,-5705.844072483012,21.53899012738501,-8.28504944667923,0.0,0.0,-3083.0091496693576,-69.4125,-1149.421822471285,1371.8707026377135,334.19776834662963,-394.84613462503495,39.84385799623049,-0.0,0.0,0.0,800.5712034458227,-111.93884413314527,-2039.698553668215,7585.563441649218,0.0,-0.0,142.76327884739808,-54.91146661049067,0.0,0.0,185.25528058789007,-22.72897782357385,-7835.941556650442,616.4201933807874,0.0,-0.0,48.63040368787889,-18.687389307509818,0.0,0.0,1802.2910129391794,-30.871000000000002,-2417.7832207003344,18757.02045570365,346.9559582316888,-2893.9360271332353,405.29119538881537,-61.45584417674195,0.0,0.0,720.0,-19.512,-17254.363738014177,66568.07437601728,0.0,-6295.871475397926,1304.7518804568917,-613.3862258688687,0.0,0.0,3110.0,-50.6715,-64022.89705520738
t422,14543.617691706482,784.2594213797377,-1045.7405786202623,338.35684808662177,-259.5322996100685,0.0,0.0,-360.0,-39.019999999999996,-13961.941082942509,1523.3369109945552,0.0,-0.0,23.370330795046517,-3.4276327101228072,0.0,0.0,-281.2317236088612,-14.640674346256073,-1247.4072111243613,327.27169999999995,0.0,-0.0,17.696567551573946,-27.278380701204973,0.0,0.0,635.5931306789763,-8.373891029839122,-944.909126499506,4196.4174880817145,180.82420744642025,-213.63918649151728,35.02203528974272,-0.0,0.0,0.0,-2239.5665043106474,-87.42808299315446,-1871.6299570225583,819.5310599999998,0.0,-0.0,4.041062338860845,-0.5945893476743644,0.0,0.0,-598.3454201003511,-10.8,-213.8321128908354,8661.442250728449,1323.1409566577188,-5809.333846992507,21.4174789018471,-3.1478259582760466,0.0,0.0,-2966.618572813518,-69.4125,-1157.487940523715,1326.1646415327675,334.19776834662963,-394.84613462503495,11.399780631451446,-6.779089735302664,0.0,0.0,896.6317265593683,-111.93884413314527,-2054.8298485767327,7833.277411481878,0.0,-0.0,141.95809826567955,-382.763090934574,0.0,0.0,324.6602471616409,-22.728977823573853,-7894.40368815105,665.4859356516658,0.0,-0.0,48.35738951386813,-7.100096328111528,0.0,0.0,1759.0655472685492,-30.871000000000002,-2434.937776105971,20013.265666405117,902.7957117566721,-2338.096273608252,406.406959217535,-1203.0508650643815,0.0,0.0,-280.1884308351567,-19.512,-17481.620767871533,65372.93002680208,0.0,-2946.1444199979774,1296.802493629973,-2263.9256848643063,0.0,0.0,3110.0,-50.6715,-64518.99091556977
t423,17613.651293583913,784.2594213797375,-1045.7405786202623,379.9893058401609,-46.94405396631703,0.0,0.0,-3560.0,-39.019999999999996,-14086.19538821723,1296.4481883709668,223.01426868866565,-0.0,21.882790479951733,-3.451213481051762,0.0,0.0,-269.76470804464145,-14.671635288279468,-1253.4576907256114,327.13849999999996,0.0,-0.0,9.116413368349093,-3.0332863980783697,0.0,0.0,624.1261151147565,-8.404851971862515,-948.9428901131645,4401.049340616009,180.82420744642025,-213.63918649151728,39.12464509279184,-70.57116608884647,0.0,0.0,-2368.6540087416874,-87.42808299315446,-1880.705748840017,889.0976900000001,0.0,-0.0,4.514274471580353,-10.898679889570204,0.0,0.0,-657.0725296492369,-10.8,-214.84075493277328,7993.9674652317335,331.5457054471016,-6800.929098203123,3.169481768312843,-42.6588087501844,0.0,0.0,-252.14471643080196,-69.4125,-1163.5375290630377,1246.4647131927138,334.19776834662963,-394.84613462503495,44.259177463905466,-101.0,0.0,0.0,1047.7806982706752,-111.93884413314527,-2064.917378515745,8110.390747639676,0.0,-0.0,158.5846479407532,-21.006620831095674,0.0,0.0,-293.5413007484583,-22.728977823573853,-7931.6984961773005,621.9598739597575,0.0,-0.0,54.02203075073565,-96.3253894060754,0.0,0.0,1899.270450229394,-30.871000000000002,-2448.055965533811,19251.87123876812,440.62847564374283,-2800.2635097211814,455.44393735834444,-455.44393735834444,0.0,0.0,720.0,-19.512,-17592.724204690683,63123.29983270838,0.0,-1204.8258983027063,1429.1615826578186,-1492.09020092454,0.0,0.0,3110.0,-50.6715,-64914.87381613895
t424,17769.941296589754,784.2594213797377,-1045.7405786202623,504.24360412415524,-978.4,0.0,0.0,-2838.3745229859883,-39.019999999999996,-14156.909220487396,1503.4911321944055,0.0,-0.0,34.97939162557023,-0.0,0.0,0.0,-260.23132500312283,-14.697375422491568,-1263.5418233943612,326.9695,0.0,-0.0,26.48447774989144,-2.6057003765729503,0.0,0.0,614.5927320732379,-8.430592106074615,-957.0104173404816,3547.137302006059,180.82420744642025,-213.63918649151728,52.41768618043563,-5.141449065184208,0.0,0.0,-1578.3384085472771,-87.42808299315446,-1895.8320685357812,861.2977775114678,0.0,-0.0,6.047922549323928,-0.0,0.0,0.0,-639.6876610441427,-10.8,-216.8580390166491,6081.8822506576935,2386.2179247225854,-4746.25687892764,32.05469673730529,-0.0,0.0,0.0,-2511.8735813179214,-69.4125,-1172.6119118720214,1126.3227622288493,334.19776834662963,-394.84613462503495,59.296048838222816,-120.06779763350072,0.0,0.0,1189.102376390042,-111.93884413314527,-2082.066179412065,7896.18501574113,0.0,-0.0,212.46340033576575,-388.34224792431934,0.0,0.0,293.5914051333989,-22.72897782357385,-7991.168595462401,534.5120591060146,0.0,-0.0,72.37653781909307,-8.99878680408522,0.0,0.0,1901.2189853017735,-30.871000000000002,-2468.2377954227954,17729.88853303138,1300.6028904055408,-1940.2890949593834,611.0832164055139,-611.0832164055139,0.0,0.0,720.0,-19.512,-17790.690328477536,59932.87956310568,1804.2274031728703,-0.0,1871.858698343574,-1584.7484359599744,0.0,0.0,3110.0,-50.6715,-65083.54572866216
t425,12275.94674649765,1830.0,-0.0,637.6604223062819,-115.95391844250543,0.0,0.0,-360.0,-39.019999999999996,-14228.633250361423,1580.7874038546192,0.0,-0.0,38.9101960439442,-65.15780461926695,0.0,0.0,-264.21038071035343,-14.686631972082045,-1275.642782596861,326.80670000000003,0.0,-0.0,33.96670895901753,-4.838962612607702,0.0,0.0,618.5717877804685,-8.419848655665092,-966.0863854712132,2995.948369106051,180.82420744642025,-213.63918649151728,6.505282922519516,-18.198466002227836,0.0,0.0,-950.028471817393,-87.42808299315446,-1913.9836521706982,898.1868819301569,0.0,-0.0,0.7523116304954542,-10.3,0.0,0.0,-658.9638704601275,-10.8,-218.8753231005249,3862.928117766703,4970.621385684896,-2161.8534179653293,3.982826279093581,-0.0,0.0,0.0,-5423.571852327805,-69.4125,-1182.694559437559,897.4869992338472,334.19776834662963,-394.84613462503495,76.05229072532279,-0.0,0.0,0.0,1301.289159742469,-111.93884413314527,-2102.241239290089,7946.49429117157,0.0,-0.0,272.5038427255929,-0.0,0.0,0.0,-132.5268801276758,-22.728977823573853,-8063.742275945914,392.0631299324966,0.0,-0.0,92.83244493111387,-0.0,0.0,0.0,2039.4405079204162,-30.871000000000002,-2493.465082784026,15014.638290831375,2369.4831295950034,-0.0,787.8908511801399,-787.8908511801399,0.0,0.0,720.0,-19.512,-18084.60942042638,60301.21169792929,0.0,-0.0,2390.7478667806345,-0.0,0.0,0.0,3110.0,-50.6715,-65751.28806470994
t426,13025.711117747103,1830.0,-0.0,744.6859228743,-0.0,0.0,0.0,-1160.0,-39.019999999999996,-14401.377040621403,1320.2921453590852,240.0,-0.0,53.09775616735212,-0.0,0.0,0.0,-324.2309557770492,-14.524576419401967,-1274.6343693299862,326.67670000000004,0.0,-0.0,21.20377757331054,-53.137102749691486,0.0,0.0,678.5923628471643,-8.257793102985014,-965.0779445677986,2430.508815607075,394.4633939379375,-0.0,79.56560669430236,-89.3,0.0,0.0,-814.8345023885126,-87.42808299315446,-1912.9752308576471,851.113661930157,0.0,-0.0,9.17941640499393,-2.339482676323416,0.0,0.0,-628.2782725583027,-10.8,-218.8753231005249,2039.9530799617025,5641.536847864719,-1490.9379557855063,48.65410630177433,-66.98549652171221,0.0,0.0,-4920.113522383419,-69.4125,-1182.694559437559,681.9402617357399,638.7031073694565,-90.34079560220812,40.4800995005335,-101.0,0.0,0.0,1043.3886574258104,-111.93884413314527,-2101.2324862961877,8010.432305851718,0.0,-0.0,322.4875109744402,-361.9,0.0,0.0,109.40363023637116,-22.728977823573853,-8057.694469238955,351.7025999999999,0.0,-0.0,109.86088018608883,-123.3,0.0,0.0,2186.072602597938,-30.871000000000002,-2493.465082784026,13819.246404477428,2782.1025397960257,-0.0,937.307256455929,-0.0,0.0,0.0,720.0,-19.512,-18239.14420072938,57051.40092459653,3693.0,-0.0,2836.259732507652,-579.1385235281276,0.0,0.0,3110.0,-50.6715,-66060.85063357606
t427,13507.513720764191,1614.0257937203496,-215.97420627965047,601.8935528614343,-0.0,0.0,0.0,-1160.0,-39.019999999999996,-14308.438861066326,1492.6061859558904,0.0,-0.0,17.356341379501778,-0.0,0.0,0.0,-245.80215549712307,-14.736334180157767,-1249.4240376581113,326.67429999999996,0.0,-0.0,32.147551684246764,-4.598295984823236,0.0,0.0,600.1635625672382,-8.469550863740814,-945.9175674029207,2409.0080150000003,394.4633939379375,-0.0,63.621895763476346,-0.0,0.0,0.0,-905.010000746548,-87.42808299315446,-1874.6552209617112,898.8641419301571,0.0,-0.0,7.341012483077609,-0.0,0.0,0.0,-681.5730415223992,-10.8,-213.8321128908354,2029.541365111637,5317.635209633749,-1814.8395940164764,38.907302433352456,-0.0,0.0,0.0,-4343.335577881993,-69.4125,-1158.496205280269,673.0655767013817,729.0439029716646,-0.0,48.80936574115489,-7.368228616323124,0.0,0.0,727.253087887605,-111.93884413314534,-2058.8648605523376,8077.507818356295,0.0,-0.0,221.27194591445945,-388.29728750532576,0.0,0.0,12.697995916155435,-22.72897782357385,-7900.45149485801,351.7025999999999,0.0,-0.0,87.84717323067358,-132.2834859406222,0.0,0.0,2165.606129277065,-30.871000000000066,-2442.0014165671155,13743.194719297839,2878.0112924015766,-0.0,756.855221264101,-0.0,0.0,0.0,720.0,-19.512,-18078.549232963516,56367.69475538937,3693.0,-0.0,2419.9288248061725,-0.0,0.0,0.0,3110.0,-50.6715,-65539.95208019555
t428,14100.070548417434,1830.0,-0.0,117.32388798972292,-258.5,0.0,0.0,-1385.874707128559,-39.019999999999996,-14363.9997292786,1319.913123715207,240.0,-0.0,29.6589131815303,-29.285674545753864,0.0,0.0,-269.9725055190238,-14.671074235098635,-1275.642782596861,326.67429999999996,0.0,-0.0,22.474022897341495,-0.0,0.0,0.0,624.3339125891389,-8.404290918681681,-965.0779445677986,2457.610345,394.4633939379375,-0.0,44.60391184289887,-16.28114632028084,0.0,0.0,-879.9931906097536,-87.42808299315446,-1912.9752308576471,817.0765719301571,0.0,-0.0,1.8629488476227463,-12.800646254968523,0.0,0.0,-577.4721934642242,-10.8,-217.866681058587,2052.3555251116372,6104.963967460602,-1027.5108361896228,27.282821939525576,-13.238715467480407,0.0,0.0,-5891.745703417103,-69.4125,-1182.694559437559,673.0623767013817,0.0,-729.0439029716646,50.46972314298283,-18.44089021990993,0.0,0.0,2236.1152707826404,-111.93884413314534,-2100.2237333022867,7870.261588832875,0.0,-0.0,180.22187224688213,-66.06601210916682,0.0,0.0,103.0617725833909,-22.72897782357385,-8064.750243730407,351.7025999999999,0.0,-0.0,61.58921645897563,-103.53035234179032,0.0,0.0,2211.547344183494,-30.871000000000066,-2490.437808300678,14252.089823381995,3240.891985364924,-0.0,521.3313595982667,-170.62753198504123,0.0,0.0,720.0,-19.512,-18544.17363636014,59096.44991080621,3246.2960405427857,-0.0,1775.2608435305544,-729.5314502208394,0.0,0.0,3110.0,-50.6715,-66447.80384465872
t429,14491.537211923924,1830.0,-0.0,393.1090888834012,-807.2097315736565,0.0,0.0,-1091.246019976522,-39.019999999999996,-14777.170549257145,1329.5965066999488,240.0,-0.0,26.803015798723404,-30.635149720149784,0.0,0.0,-307.8219339433083,-14.568880778353067,-1243.3735580568614,326.67429999999996,0.0,-0.0,20.319819334360552,-60.0,0.0,0.0,662.1833410134234,-8.302097461936114,-940.8753628858475,2453.5621250000004,0.0,-394.4633939379375,40.17764927535197,-89.3,0.0,0.0,-57.97728951305794,-87.42808299315446,-1864.5710078312018,837.725251930157,0.0,-0.0,4.6390820460657025,-10.3,0.0,0.0,-608.4408631273252,-10.8,-212.82347084889747,2075.158505111637,5612.284331039577,-1520.1904726106477,24.578816306982986,-54.6,0.0,0.0,-4915.372063106604,-69.4125,-1152.4466167409464,673.0623767013817,729.0439029716646,-0.0,45.4681227256452,-101.0,0.0,0.0,813.1330193538788,-111.93884413314527,-2047.7685776194244,8094.967015150329,0.0,-0.0,162.90920322214163,-0.0,0.0,0.0,-376.0224248551076,-22.728977823573853,-7859.124815693787,351.7025999999999,0.0,-0.0,55.47830149020355,-0.0,0.0,0.0,2051.5642341546236,-30.871000000000002,-2427.8741356448263,13896.17305775283,3033.692960736769,-0.0,462.3356518872662,-0.0,0.0,0.0,720.0,-19.512,-18092.689670376865,56562.27534289916,6639.144419997978,-0.0,1590.2515951696346,-2098.7196056361063,0.0,0.0,3110.0,-50.6715,-65752.28025243066
t430,13425.98228606543,1830.0,-0.0,298.8452757942555,-258.5,0.0,0.0,-1160.0,-39.019999999999996,-14097.307561859685,1433.5824166241994,0.0,-0.0,20.664292833273862,-54.17334076226451,0.0,0.0,-205.38438428905215,-14.845462162419558,-1179.8435222437372,326.64574999999996,0.0,-0.0,15.665777912195573,-0.0,0.0,0.0,559.7457913591672,-8.578678846002605,-893.47864042536,2487.0569400000004,361.6484148928404,-32.81497904509699,30.97563738381404,-29.4,0.0,0.0,-960.2585258339896,-87.42808299315446,-1769.7794044044126,890.670531930157,0.0,-0.0,3.576556196469176,-3.4,0.0,0.0,-678.3186797390457,-10.8,-201.72840838758054,2052.389065111637,5278.298446952638,-1854.176356697587,18.949392945610988,-18.0,0.0,0.0,-4314.080787451472,-69.4125,-1093.9672608608282,673.0623767013817,729.0439029716646,-0.0,35.05429676277065,-33.3,0.0,0.0,650.9365339510309,-111.93884413314527,-1942.8582662537003,7245.382837233086,0.0,-0.0,75.28195340412863,-119.3,0.0,0.0,285.36563135879555,-22.72897782357385,-7464.001444172437,351.7025999999999,0.0,-0.0,29.51167819410803,-40.6,0.0,0.0,1991.9944206445657,-30.871000000000002,-2301.7376988386736,13577.390128699844,2521.7006601043695,-0.0,353.772280167176,-141.39482947172422,0.0,0.0,720.0,-19.512,-17011.95623949967,56316.162411799385,3399.1536342639706,-0.0,1235.863129903972,-1411.4,0.0,0.0,3110.0,-50.6715,-62599.10767596733
t431,12891.695786224553,1539.3727650780095,-290.6272349219906,213.97710279889426,-978.4,0.0,0.0,-360.0,-39.019999999999996,-12976.99841917947,1235.5370666241995,99.1372114568336,-0.0,14.070170139563068,-59.6,0.0,0.0,-189.20262013747913,-14.889152925628807,-1085.0526751574882,326.64574999999996,0.0,-0.0,10.667624083687254,-51.384136302562524,0.0,0.0,543.5640272075942,-8.622369609211852,-820.8708953795068,2442.1679200000003,180.82420744642025,-213.63918649151728,21.091527193677454,-110.68249668433327,0.0,0.0,-604.7418892068636,-87.42808299315446,-1627.5919992642291,829.5093619301571,0.0,-0.0,2.435420691604292,-0.0,0.0,0.0,-635.5546469051872,-10.8,-185.5901357165741,2029.6084451116371,5295.349536767271,-1837.1252668829538,12.903094025434825,-54.6,0.0,0.0,-4370.475081980738,-69.4125,-1006.2482270406513,673.0591767013817,729.0439029716646,-0.0,23.86935114548771,-24.2189503261326,0.0,0.0,495.67816284585524,-111.93884413314527,-1785.492799205114,7433.705063864727,0.0,-0.0,85.5220430500098,-0.0,0.0,0.0,-628.2056455542313,-22.72897782357385,-6868.292483536933,351.7025999999999,0.0,-0.0,29.123779835903697,-152.82820970693643,0.0,0.0,1918.9376937310499,-30.871000000000002,-2116.064863860017,13694.91382385312,1916.2315134404473,-0.0,238.6029110388911,-1033.1262496722788,0.0,0.0,720.0,-19.512,-15517.109998660178,54439.00716626832,2946.1444199979774,-0.0,850.6468336724018,-3499.2,0.0,0.0,3110.0,-50.6715,-57795.926919938705
t432,12581.426453464146,1830.0,-0.0,135.75791235272422,-85.54780891237678,0.0,0.0,-2848.782609485904,-39.019999999999996,-11573.833947418589,1076.1224320326276,0.0,-0.0,9.002460566362561,-8.266380639612443,0.0,0.0,-71.38943536362012,-15.207248524518224,-990.2618280712392,326.64574999999996,0.0,-0.0,6.823904914849116,-0.0,0.0,0.0,425.7508424337352,-8.940465208101273,-750.280032140483,2442.6068392990683,0.0,-394.4633939379375,13.494177954745815,-49.43872405605545,0.0,0.0,-438.35780082956967,-87.42808299315446,-1486.4130154370964,867.5824444887166,0.0,-0.0,1.5579626492432501,-1.5995695629347533,0.0,0.0,-687.2889745294576,-10.8,-169.45186304556765,2021.1427739543105,3901.4442557460734,-3231.0305479041513,8.254752539380522,-42.423323847745344,0.0,0.0,-1668.4379525108393,-69.4125,-919.537457977028,673.0591767013817,729.0439029716646,-0.0,15.270340908374159,-44.48320432753925,0.0,0.0,369.1934660235945,-111.93884413314534,-1630.14483814433,7094.03319595768,0.0,-0.0,54.712885117013755,-348.7947175725525,0.0,0.0,-501.61495942365934,-22.72897782357385,-6275.607426254908,351.7025999999999,0.0,-0.0,18.633005195639836,-0.0,0.0,0.0,1590.927423685721,-30.871000000000066,-1930.3920288813604,13079.223706893586,1490.0,-483.7151545423738,153.45489258254412,-790.9337816367567,0.0,0.0,720.0,-19.512,-14148.517663296998,48296.563376981714,2946.1444199979774,-0.0,544.5157662631639,-1482.7276917816964,0.0,0.0,3110.0,-50.6715,-53363.82437146115
t433,7537.352633369251,1830.0,-0.0,87.41579318340524,-0.0,0.0,0.0,1214.5142168777259,-10.687725108523988,-10658.594918321858,1346.5161586678112,0.0,-0.0,5.599129522342566,-30.004142677574052,0.0,0.0,-408.37310746045523,-1.1240315302593695,-912.614006521865,325.67505,0.0,-0.0,4.2453811202412854,-22.732120187591462,0.0,0.0,384.8185636551641,-1.2248557487940275,-690.7820188390199,2873.3034976673844,0.0,-0.0,8.393361932382106,-44.96915102079584,0.0,0.0,-1409.0367127632571,-58.25485269252698,-1369.4361431231866,1042.162929524332,0.0,-0.0,0.969209923845076,-5.190428894768173,0.0,0.0,-875.6912779270264,-5.910916126007428,-156.3395165003749,2044.1031153836395,3160.813643915751,-0.0,5.134875374096337,-3.372498122758271,0.0,0.0,-4331.593372664641,-28.14336838093071,-846.9423955051574,672.7295767013817,0.0,-0.0,9.49898620696505,-6.239121527102801,0.0,0.0,890.4598740728811,-63.407354541344894,-1503.0419609127796,2468.5520931080355,0.0,-0.0,34.03405711135812,-0.0,0.0,0.0,3287.959924528073,-11.866766247726225,-5778.679308499741,351.7025999999999,0.0,-0.0,11.589817458788293,-0.0,0.0,0.0,1438.3330696111543,-20.578999367066775,-1781.0464877028755,11343.854307120797,4.051918348878303,-0.0,98.15863024181576,-0.0,0.0,0.0,1920.0,-19.512,-13346.552855711489,54437.07867120449,0.0,-0.0,369.04600892353096,-1820.0220874635374,0.0,0.0,-2111.3911779296195,-37.989167959706165,-50836.722246775156
t434,7848.226228854077,1830.0,-0.0,40.990973918023236,-0.0,0.0,0.0,50.85131573181424,-0.44749157843996534,-9769.621026925475,1140.6254586678112,0.0,-0.0,2.671227700044181,-20.907863634540014,0.0,0.0,-244.18868556900009,-8.947901118074974,-869.2522360462406,325.67505,0.0,-0.0,2.0237972942475677,-15.834045013852016,0.0,0.0,350.8097080177505,-4.162600368394225,-658.5119099297518,2879.4741281833326,0.0,-0.0,4.003536016649457,-31.332876680164272,0.0,0.0,-1484.2982969359637,-62.949311495928,-1304.897179087926,1035.7642156237914,0.0,-0.0,0.46209449623379784,-3.6156609027004247,0.0,0.0,-877.4091154810181,-5.922511529496872,-149.2790222068096,2021.3113153836396,1074.6673435460284,-0.0,2.448715944826092,-15.789649318582157,0.0,0.0,-2260.684611166601,-15.341309146303923,-806.611805243007,672.7295767013817,35.799404217569204,-0.0,4.529793944586588,-0.0,0.0,0.0,778.5412456143649,-60.17952213210778,-1431.4204983457948,2443.773712270112,0.0,-0.0,16.23031641433907,-0.0,0.0,0.0,3055.156878389069,-10.648835955942104,-5504.51207111758,351.7025999999999,0.0,-0.0,5.528062969007954,-0.0,0.0,0.0,1359.4417995189788,-20.389660318845547,-1696.282802169141,11348.429657222623,0.0,-86.07903189404885,48.420023400194,-369.7214149225124,0.0,0.0,1920.0,-19.512,-12841.537233806255,52346.925883989374,0.0,-0.0,178.41258611477386,-1233.9645861405659,0.0,0.0,-2648.2202381193947,-44.80689702411631,-48598.34674882007
t435,8031.556189920384,1830.0,-0.0,32.56493131569935,-35.55813367251488,0.0,0.0,-486.6939804362333,-6.327021745671033,-9365.541985381666,1191.3297290870382,0.0,-0.0,2.2537902060867605,-25.21976745558007,0.0,0.0,-307.0843065685692,-16.22912762773514,-845.0503176412408,325.67505,0.0,-0.0,1.7102179965481068,-12.487189306314741,0.0,0.0,333.61500180342466,-8.153106825369573,-640.3599736682885,2879.3482900000004,0.0,-0.0,3.3791852763274486,-24.70883525812363,0.0,0.0,-1521.5818829619411,-67.8427452381714,-1268.5940118180918,979.9053199999998,0.0,-0.0,0.39038196180584317,-4.360481020781745,0.0,0.0,-826.1230781662814,-5.576330777622399,-144.2358119971201,2031.5283700000002,0.0,-0.0,2.0677868797740113,-15.111382775545344,0.0,0.0,-1219.087362817566,-14.967430687838664,-784.4299805988244,672.7295767013817,0.0,-0.0,3.825255724301651,-27.953815629920037,0.0,0.0,799.1742816570359,-55.696166869150936,-1392.0791315836482,2379.5608737601597,0.0,-0.0,13.7051819386006,-100.16011946254395,0.0,0.0,3065.2865739790413,-10.115445694130836,-5348.277064521128,351.7025999999999,0.0,-0.0,4.666208232489773,-34.11745344247767,0.0,0.0,1352.4947535110891,-24.8815148766242,-1649.8645934244769,11236.10559464031,0.0,-0.0,39.21487478993899,-571.6285779194524,0.0,0.0,1920.0,-19.512,-12604.179891510796,53851.660613998996,0.0,-1477.886950962662,151.65886817774697,-1611.7582204515234,0.0,0.0,-3110.0,-50.6715,-47753.00281076256
t436,7863.945493064367,1830.0,-0.0,22.2041334607425,-9.943222900917888,0.0,0.0,-474.9080801372179,-6.173805041783833,-9225.124518445191,997.3494790870383,0.0,-0.0,1.5057031643600307,-0.0,0.0,0.0,-147.08345867361368,-15.797125338418757,-835.9745982393658,325.67505,0.0,-0.0,1.1407297385164838,-6.607801214164354,0.0,0.0,320.118119519435,-7.025210699401105,-633.3008873443861,2947.0958100000003,0.0,-0.0,2.2566754751174627,-13.08373943292409,0.0,0.0,-1615.9873773194372,-65.80525528737765,-1254.4761134353785,882.6509699999999,0.0,-0.0,0.26046470898022833,-0.0,0.0,0.0,-734.7248718686843,-4.959392885113619,-143.22716995518218,2008.7365700000003,0.0,-0.0,1.3802573567818555,-7.9996883878796865,0.0,0.0,-1213.3544543943126,-13.407086784749584,-775.3555977898405,672.7295767013817,0.0,-0.0,2.5532881829041743,-14.79795837318403,0.0,0.0,770.9091496661304,-54.446219502102316,-1376.9478366751302,2378.0372372479633,0.0,-0.0,9.148477533558344,-53.023575596587136,0.0,0.0,2964.4274365918454,-9.782610540753089,-5288.806965236026,351.7025999999999,0.0,-0.0,3.1160034139388615,-18.065230370431593,0.0,0.0,1320.6035366158553,-24.646871640522313,-1632.7100380188401,11206.760800962256,0.0,-527.7728483059647,27.73403258593468,-0.0,0.0,0.0,1920.0,-19.512,-12607.209985242227,55085.2963920003,0.0,-3693.0,99.67672079046861,-649.7363179203958,0.0,0.0,-3110.0,-50.6715,-47681.56529487038
t437,7901.822961056469,1695.0059735393297,-0.0,38.006303438934296,-106.96786344878122,0.0,0.0,-289.88260385589734,-3.7684738501266652,-9234.216296879928,1117.5056909129617,0.0,-0.0,2.817766026503881,-15.169329026541348,0.0,0.0,-246.0562848363752,-16.06435196905821,-843.0334911074908,325.67505,0.0,-0.0,2.1400782059078294,-11.492743060008307,0.0,0.0,329.73757256789315,-7.716865852333503,-638.3430918614592,2823.4363700000004,0.0,-0.0,4.225688722130469,-22.735237693750634,0.0,0.0,-1472.937387081125,-67.42910738136736,-1264.560326565888,1011.52342,0.0,-0.0,0.48842377939594483,-2.6241415438864433,0.0,0.0,-859.3512691714818,-5.800621066907502,-144.2358119971201,2031.5283700000002,0.0,-0.0,2.5864508210081913,-13.905753476618584,0.0,0.0,-1223.5758872907988,-14.219728967874012,-782.4134510857168,672.7295767013817,0.0,-0.0,4.784837987102619,-25.72376834713826,0.0,0.0,793.5217320426113,-55.2507527881125,-1390.0616255958457,2564.07405296727,0.0,-0.0,17.142645348905763,-55.55171752486512,0.0,0.0,2813.7540519804743,-9.285388371535564,-5330.133644400249,351.7025999999999,0.0,-0.0,5.83529198434677,-31.39270808259635,0.0,0.0,1344.7900756446993,-23.088849110871315,-1647.8464104355785,11316.253412066158,0.0,-318.24360522064967,48.791212563395426,-44.13987973020818,0.0,0.0,1920.0,-19.512,-12903.149139678693,54907.80034882307,0.0,-2708.673402948877,198.51836434257837,-195.11915023274292,0.0,0.0,-3110.0,-50.6715,-49041.85465998404
t438,8028.237533850621,1830.0,-0.0,67.16186571190866,-0.0,0.0,0.0,-357.21489025113414,-4.643793573264744,-9563.540715738132,1349.1278409129618,0.0,-0.0,5.068143577309863,-0.0,0.0,0.0,-451.71821335796284,-5.998376880443688,-896.4793942518652,325.67505,0.0,-0.0,3.8448922150412805,-0.0,0.0,0.0,353.16036667223,-3.999580889226981,-678.6807279980443,2884.6041000000005,0.0,-0.0,7.598405270692543,-0.0,0.0,0.0,-1484.6418116507148,-63.33508332306552,-1344.225610296913,1087.5407200000002,0.0,-0.0,0.8776903795298174,-0.0,0.0,0.0,-928.8351825229387,-6.269637482029836,-153.31359037456122,2054.3201700000004,0.0,-0.0,4.64928560593827,-0.0,0.0,0.0,-1218.507670273207,-9.65162593243401,-830.8101594002973,672.7295767013817,638.4203972506268,-0.0,8.600797361458575,-0.0,0.0,0.0,210.40163282467392,-53.338021066792855,-1476.8143830713484,2679.641555116837,0.0,-0.0,30.815320843809943,-0.0,0.0,0.0,2963.0923097289706,-9.778204622105603,-5663.7709810675115,351.7025999999999,0.0,-0.0,10.49231011757118,-0.0,0.0,0.0,1414.5711019714581,-23.974086230732055,-1752.7919258582974,11337.628523310985,710.0901540922908,-0.0,93.24767404981381,-0.0,0.0,0.0,1920.0,-19.512,-14041.454351453089,55138.99644401155,0.0,-0.0,359.4846861533556,-225.0852689381975,0.0,0.0,-2420.3076431413756,-41.91240706789547,-52811.17581101745
t439,11082.522348887582,115.76690523676685,-0.0,229.4896075753596,-29.609871493635975,0.0,0.0,-760.0,-9.879999999999999,-10628.288990206072,1423.9286600000003,0.0,-0.0,18.399623209832384,-0.0,0.0,0.0,-403.4697724504598,-14.310631614383759,-1024.5478791449889,325.67505,0.0,-0.0,13.965595408807665,-0.0,0.0,0.0,442.3959402283698,-6.545530911328831,-775.4910547258486,2873.78342,313.8901204746169,-0.0,27.58892707421249,-0.0,0.0,0.0,-1639.1912766471075,-39.23710981207799,-1536.8340810896439,1088.19162,0.0,-0.0,3.187696943130401,-0.0,0.0,0.0,-909.7348911308025,-6.140710515132916,-175.50371529719507,2060.01812,5109.550960612404,-0.0,16.88345986871583,-0.0,0.0,0.0,-6201.936296546817,-34.730843260662176,-949.7854006736408,672.7295767013817,729.0439029716646,-0.0,31.233349983070674,-0.0,0.0,0.0,315.4052498901988,-55.7245557801122,-1692.687523766204,2564.029979916801,0.0,-0.0,111.90227193600278,-0.0,0.0,0.0,3795.650959345714,-12.525648165840856,-6459.0575630326775,471.2014239177844,0.0,-0.0,38.096993056667515,-0.0,0.0,0.0,1530.8800873109044,-28.05006435360916,-2012.1284399317474,12640.335226214265,1296.9705376332142,-0.0,332.806449558067,-0.0,0.0,0.0,1920.0,-19.512,-16170.600213405549,55591.77263113966,617.4176433591456,-0.0,1242.4787949866177,-0.0,0.0,0.0,1910.0,-50.6715,-59310.99756948544
t440,13898.180582504288,0.0,-859.2748513686267,384.2495118359078,-49.03973961626342,0.0,0.0,-760.0,-9.879999999999999,-12604.235503355305,1380.5247228459762,0.0,-99.55191262256254,28.109109222853277,-3.6913463454522706,0.0,0.0,-163.02470744467735,-14.95983328989937,-1127.4060323662377,325.92625,0.0,-0.0,21.3247437887347,-2.8030540412698453,0.0,0.0,517.3861145147924,-8.693049973482418,-853.1410042887749,4426.103259680691,0.0,-0.0,42.14256704111045,-5.535519485375713,0.0,0.0,-2725.8863177509165,-45.70144749907097,-1691.1225419864388,1112.5591200000001,0.0,-0.0,4.8678895780414955,-0.6397539451651659,0.0,0.0,-917.940527065048,-6.196098557689074,-192.65063001013942,8278.090814586521,0.0,-894.0365271571876,25.786071973045175,-3.3879914975586645,0.0,0.0,-6326.461893511462,-35.42818660366419,-1044.5622877896942,1300.1860396223242,0.0,-0.0,47.70212347081662,-6.267634267203253,0.0,0.0,583.050912803882,-63.52216788211544,-1861.1492737477035,2659.549098033597,0.0,-0.0,170.90927738420004,-22.455204766473308,0.0,0.0,4312.400632111983,-14.230922085969544,-7106.172880677337,540.4474311549111,0.0,-0.0,58.192859858072644,-7.64400309260404,0.0,0.0,1650.475786341446,-28.534426934682855,-2212.9376473271423,15567.5212775806,0.0,-392.8007464161178,504.4936238728626,-261.70644866310977,0.0,0.0,1920.0,-19.512,-17317.995706374237,58181.71512713001,1610.809021109515,-0.0,1845.1849149837171,-0.0,0.0,0.0,1910.0,-50.6715,-63497.037563223246
t441,13312.96037146484,0.0,-1830.0,365.19121519354377,-798.8036156941284,0.0,0.0,2600.06434583514,-39.019999999999996,-13610.392316799393,1577.057528645895,0.0,-240.0,24.957521503974093,-13.25705561818479,0.0,0.0,-166.129671291072,-17.911,-1164.7173232406124,326.41865,0.0,-0.0,18.92322620761123,-10.074155838617957,0.0,0.0,557.7538458989743,-11.644216683583046,-881.3773495843844,5685.658034986391,0.0,-394.4633939379375,37.41246272801913,-19.883704155854595,0.0,0.0,-3474.7096024232233,-87.42808299315446,-1746.585714204241,1009.66637,0.0,-6.750155989720952e-14,4.320129831691463,-2.298964624439625,0.0,0.0,-801.176410903547,-10.8,-199.71112430370474,13095.017336338744,0.0,-2191.141305042962,22.88808936397269,-12.172315732743366,0.0,0.0,-9765.327750657938,-69.4125,-1079.8515542690757,1738.0207428562337,0.0,-729.0439029716646,42.34058337055527,-22.51859617843297,0.0,0.0,1003.8057174443275,-111.93884413314527,-1920.665700387874,2859.7645049245552,0.0,-0.0,151.70272795218324,-80.67584221423657,0.0,0.0,4443.046639470265,-22.72897782357385,-7351.109052309194,566.9587596399825,0.0,-0.0,51.6602924286089,-117.13692877821092,0.0,0.0,1809.93565416486,-30.871000000000002,-2280.5467774552403,17201.12973394806,0.0,-1490.0,445.01396303703393,-724.4955531975074,0.0,0.0,1920.0,-19.512,-17332.136143787586,66531.6059316458,0.0,-5317.1390374209695,1615.500860205906,-942.6677514345985,0.0,0.0,1872.737232462213,-50.6715,-63709.36573545835
t442,13170.322125640258,0.0,-1830.0,294.83733454312096,-462.04506123734564,0.0,0.0,2621.7663728091343,-39.019999999999996,-13755.860771755164,1474.8107612179,0.0,-240.0,19.90886594345896,-41.279468175472516,0.0,0.0,-11.651983674649614,-17.911,-1183.8771753112371,326.74225,0.0,-0.0,15.088407522735046,-30.40622344561215,0.0,0.0,596.7237457420641,-11.644216683583046,-896.5039631356038,6485.9756761704275,0.0,-394.4633939379375,29.84101178009207,-33.659978717560236,0.0,0.0,-4224.4353000191495,-87.42808299315446,-1775.8299322827183,845.6781699999999,0.0,-0.0,3.4449368357667405,-3.891352528453197,0.0,0.0,-631.6947038777951,-10.8,-202.73705042951846,15446.896914143277,0.0,-7132.474803650225,18.253632990597822,-20.6046454420917,0.0,0.0,-7144.658278154516,-69.4125,-1098.0003198870434,1983.0901855314235,0.0,-729.0439029716646,33.76699231909633,-38.118117026579895,0.0,0.0,813.1719764857808,-111.93884413314527,-1950.92829020491,3134.17515015318,0.0,-0.0,120.98622343031803,-111.82410718037957,0.0,0.0,4362.544543498265,-22.728977823573853,-7483.152832077809,555.8793984820422,0.0,-0.0,41.20477109915642,-40.6,0.0,0.0,1788.2336271908657,-30.871000000000002,-2313.8467967720644,17951.980240796525,0.0,-2729.3493660568774,351.4414264553785,-331.3,0.0,0.0,1920.0,-19.512,-17143.260301195027,72379.89247391262,0.0,-6639.144419997978,1246.9574403942715,-3545.457412068434,0.0,0.0,-90.0,-50.6715,-63301.57658224047
t443,12915.220372026368,0.0,-1830.0,309.12461209578487,-149.5651298686744,0.0,0.0,2602.6311929023864,-39.019999999999996,-13808.391047155861,1269.667944285891,0.0,-240.0,20.9310058187632,-19.134125391459843,0.0,0.0,182.42430980054235,-17.911,-1195.978134513737,326.94385,0.0,-0.0,15.859029935220976,-47.67963120728366,0.0,0.0,622.1008992219812,-11.644216683583046,-905.5799312663355,6885.548976081295,0.0,-394.4633939379375,31.371141081839873,-10.044755016597684,0.0,0.0,-4629.993947984759,-87.42808299315446,-1794.9899372306863,804.7135199999999,0.0,-0.0,3.621052330197833,-1.1616383352527948,0.0,0.0,-591.6185994815507,-10.8,-204.75433451339427,16418.186933751596,0.0,-7132.474803650225,19.188183616086114,-6.149850010161849,0.0,0.0,-8119.238466741606,-69.4125,-1110.0994969656883,2060.233030274971,0.0,-729.0439029716646,35.495602925128814,-11.377222518799428,0.0,0.0,727.7346865064428,-111.93884413314527,-1971.1033500829337,3263.576415109773,0.0,-0.0,127.18093608408631,-65.49985633006597,0.0,0.0,4260.253770012556,-22.728977823573853,-7562.782287052774,542.4258885045433,0.0,-0.0,43.317220037530326,-24.175923000841042,0.0,0.0,1807.3688070976136,-30.871000000000002,-2338.064992638846,17995.309775510945,0.0,-2827.578217640512,368.0709397671292,-306.1606026120685,0.0,0.0,1920.0,-19.512,-17130.12989502549,68759.68525251534,0.0,-6639.144419997978,1224.3479814703014,-1411.4,0.0,0.0,1218.3373486663932,-50.6715,-63101.154662654066
t444,12817.297983376291,0.0,-1830.0,363.42613646818114,-81.46455523733046,0.0,0.0,2608.4574106645073,-39.019999999999996,-13838.696975271647,1429.8699056550017,0.0,-240.0,16.431401669058808,-0.0,0.0,0.0,9.604653723426281,-17.911,-1197.9949610474869,326.91785,0.0,-0.0,18.451841244900415,-13.951197725663544,0.0,0.0,587.822536237511,-11.644216683583046,-907.5968130731648,7152.883884462234,0.0,-394.4633939379375,36.50445456886721,-84.12074392706529,0.0,0.0,-4825.360917003105,-87.42808299315446,-1798.0152011698392,658.93917,0.0,-0.0,4.213186196516862,-10.302762783223224,0.0,0.0,-437.29525889989935,-10.8,-204.75433451339427,16863.8018600635,0.0,-7132.474803650225,22.326939101255686,-54.59282106449318,0.0,0.0,-8518.540912727796,-69.4125,-1111.1077617222422,2048.970702642658,0.0,-729.0439029716646,41.30174394536611,-100.98980807259328,0.0,0.0,825.8297176540163,-111.93884413314527,-1974.1296090646374,3452.4768529200455,0.0,-0.0,147.98520873566633,-361.8452117031245,0.0,0.0,4361.005963906668,-22.728977823573853,-7576.89383603568,549.1526434932928,0.0,-0.0,33.53153274179827,-12.263498448390395,0.0,0.0,1801.5425893354927,-30.871000000000002,-2341.0922671221933,17187.768219676414,0.0,-2192.4578337441303,92.92713495974104,-0.0,0.0,0.0,1920.0,-19.512,-16988.725520892025,68738.4574621888,0.0,-6639.144419997978,1405.0226759368834,-2037.3031515558814,0.0,0.0,1666.9342171091776,-50.6715,-63083.29528368102
t445,12999.868046155752,0.0,-1830.0,197.80682191397642,-59.006983802370925,0.0,0.0,2529.651384453767,-39.019999999999996,-13799.299268721124,1102.6743582908289,0.0,-240.0,25.183113628425737,-10.186085298542942,0.0,0.0,334.2009213592755,-17.911,-1193.961307979987,326.66165,0.0,-0.0,19.071248363109945,-23.57189188234681,0.0,0.0,593.0462596623263,-11.644216683583046,-903.5630494595063,7038.773391721876,0.0,-394.4633939379375,32.609112999162384,-95.6986635541524,0.0,0.0,-4702.8361122573115,-87.42808299315446,-1790.9562519784827,767.6185240352057,0.0,-0.0,4.354890570504634,-11.039981499459802,0.0,0.0,-545.3790985928564,-10.8,-204.75433451339427,16956.433923796634,0.0,-7132.474803650225,23.08007681178212,-58.51754911478719,0.0,0.0,-8612.034445147376,-69.4125,-1107.074702696027,2031.9385754262146,0.0,-729.0439029716646,42.694632481339596,-108.2474658623563,0.0,0.0,840.656590173041,-111.93884413314527,-1966.0595851134278,3380.046925003965,0.0,-0.0,152.9778093169341,-387.8646449663395,0.0,0.0,4425.231658754388,-22.728977823573853,-7547.662770285376,552.7138667226308,0.0,-0.0,52.109869908838206,-123.3,0.0,0.0,1880.3486155462328,-30.871000000000002,-2331.0013521777014,17373.76433514808,0.0,-2578.8064710183303,444.20927258619736,-160.01989701821742,0.0,0.0,1920.0,-19.512,-16979.63523969773,64779.81031486153,1322.2323239018367,-5316.912096096141,1443.6744265419047,-407.1477185585145,0.0,0.0,1337.1142260485133,-50.6715,-63108.09997669914
t446,12554.164841145348,0.0,-1830.0,386.0406933151429,-58.10575699776756,0.0,0.0,2687.2201260801703,-39.019999999999996,-13700.299903542891,1450.430384546651,0.0,-240.0,25.57614702600861,-59.6,0.0,0.0,34.4573631404521,-17.911,-1192.952894713112,326.28085,0.0,-0.0,19.368456252898984,-0.0,0.0,0.0,569.5579598901903,-11.644216683583046,-903.5630494595063,6810.11491688932,0.0,-394.4633939379375,38.32836641816222,-0.0,0.0,0.0,-4576.603975710959,-87.42808299315446,-1789.9478306654316,762.4518740352058,0.0,-0.0,4.422775947447144,-0.0,0.0,0.0,-551.3203154692587,-10.8,-204.75433451339427,16549.534071545015,0.0,-7132.474803650225,23.44000498355596,-0.0,0.0,0.0,-8264.012070182318,-69.4125,-1107.074702696027,1941.5833628028088,0.0,-729.0439029716646,43.36042380749345,-0.0,0.0,0.0,821.0897926140351,-111.93884413314527,-1965.0508321195266,2845.729602997144,0.0,-0.0,155.36351010254435,-105.08457218373786,0.0,0.0,4672.367271624013,-22.728977823573853,-7545.646834716389,585.1605672565987,0.0,-0.0,52.9228195068239,-0.0,0.0,0.0,1722.7798739198297,-30.871000000000002,-2329.992260683252,18362.24371032285,0.0,-2588.957579266247,450.81095242207164,-1150.0,0.0,0.0,1920.0,-19.512,-16974.58508347868,70058.10144078446,0.0,-6639.144419997978,1461.0699390196082,-2783.94604155257,0.0,0.0,964.4639740938451,-50.6715,-63009.873392347385
t447,13883.441194010165,0.0,-1830.0,63.707911840217236,-1042.1079118402172,0.0,0.0,2658.2175239095695,-39.019999999999996,-13694.238717919734,1207.8469851706832,0.0,-240.0,28.393427927350693,-8.796693320896853,0.0,0.0,214.34445553409978,-17.911,-1183.8771753112371,326.26825,0.0,-0.0,21.501660841095624,-6.687282167416484,0.0,0.0,567.0655511455077,-11.644216683583046,-896.5039631356038,5614.312414598782,180.82420744642025,-213.63918649151728,42.550202586318896,-13.195039981345275,0.0,0.0,-3747.594582882786,-87.42808299315446,-1775.8299322827183,912.5020740352059,0.0,-0.0,4.909903889653988,-1.525957004645372,0.0,0.0,-702.348970490696,-10.8,-202.73705042951846,15137.830698739039,390.92951812000297,-6741.545285530222,26.021801277961433,-8.078595906946088,0.0,0.0,-7637.745316812793,-69.4125,-1098.0003198870434,1991.5949320808584,0.0,-729.0439029716646,48.13633843375794,-14.945402427850262,0.0,0.0,766.1164162290534,-111.93884413314527,-1949.9195372110087,2792.097497891774,0.0,-0.0,172.47603541892047,-53.543138427703795,0.0,0.0,4595.859382802886,-22.728977823573853,-7484.160799862302,560.2320046512331,0.0,-0.0,58.75219608497236,-27.0579715490206,0.0,0.0,1751.7824760904305,-30.871000000000002,-2312.8377052776154,16956.430952587853,0.0,-1750.8919853649243,503.1742047351838,-663.9069945499375,0.0,0.0,1920.0,-19.512,-16945.294177408177,69928.8335962624,0.0,-6639.144419997978,1615.0919230810366,-1603.3986786986065,0.0,0.0,-385.6969355252711,-50.6715,-62865.01398512157
t448,13143.687645268184,0.0,-1830.0,551.787819070699,-551.787819070699,0.0,0.0,2398.3569229705026,-39.019999999999996,-13673.024568238683,1269.8169809752414,0.0,-240.0,4.797790977528659,-64.39779097752866,0.0,0.0,230.56278106912043,-17.911,-1182.868762044362,326.17225,0.0,-0.0,14.564465357359481,-48.747300283937605,0.0,0.0,615.1503238423505,-11.644216683583046,-895.4955222321893,5093.506784573944,180.82420744642025,-213.63918649151728,28.813157443157152,-96.49668646629299,0.0,0.0,-3131.7671038559392,-87.42808299315446,-1773.8130896566165,989.9884199999998,0.0,-0.0,3.3255470309930897,-11.13226986344885,0.0,0.0,-768.6446467380257,-10.8,-202.73705042951846,12355.624517324848,2386.340688208845,-4746.13411544138,17.622924216628487,-59.00613457119979,0.0,0.0,-8788.043324607253,-69.4125,-1096.9920551304895,1525.307230576628,334.19776834662963,-394.84613462503495,32.59998914331849,-109.1513489567196,0.0,0.0,672.7421238654315,-111.93884413314527,-1948.9107842171074,2736.022088326653,0.0,-0.0,221.89104588687317,-391.10288079689633,0.0,0.0,4929.9998464243145,-22.72897782357385,-7474.081122017369,424.5098304664646,0.0,-0.0,39.78498759779943,-133.23828131059508,0.0,0.0,2011.6430770294974,-30.871000000000002,-2311.828613783166,15774.144618823246,0.0,-622.7665624397935,651.5740783588393,-689.4638327550015,0.0,0.0,1920.0,-19.512,-17013.976301987288,67534.3727617166,1350.5289412295756,-5288.615478768402,2044.6164977573599,-2650.1000526244625,0.0,0.0,-90.0,-50.6715,-62850.1311693107
t449,12033.692978905643,0.0,-0.0,679.0787776442618,-487.69566208814393,0.0,0.0,1482.9049133263147,-22.834068303075576,-13685.146939484997,1309.7721562252834,0.0,-0.0,46.1080936158316,-46.1080936158316,0.0,0.0,-99.49794814408892,-15.304486834332506,-1194.969721246862,325.93665,0.0,-0.0,34.90809325335829,-34.90809325335829,0.0,0.0,583.876519446164,-5.241679083243069,-904.5714903629209,3886.1656405903877,0.0,-0.0,69.09321966124571,-69.09321966124571,0.0,0.0,-2029.3490264762831,-64.85194082257122,-1791.9646732915335,965.0954199999994,0.0,-0.0,7.971618392796669,-7.971618392796669,0.0,0.0,-755.2431939275939,-5.097891559011258,-204.75433451339427,6646.16721953417,0.0,-0.0,42.25133555892472,-42.25133555892472,0.0,0.0,-5494.529412762966,-43.554839318622086,-1108.082967452581,1265.8627286348517,0.0,-0.0,78.15807870776057,-78.15807870776057,0.0,0.0,785.2933468473229,-82.0702313870446,-1969.0858440951313,2882.3540210628407,0.0,-0.0,280.04854441012367,-280.04854441012367,0.0,0.0,4682.756846817031,-17.448097594496204,-7547.662770285376,352.0982914699263,0.0,-0.0,95.40131843457712,-95.40131843457712,0.0,0.0,2010.1413558054924,-26.192837625471398,-2336.046809649947,13383.684617483259,1227.2935596888783,-0.0,827.671137864945,-79.72342080385134,0.0,0.0,1920.0,-19.512,-17259.413894233232,66514.44532730526,0.0,-17.60508041882911,2573.00687852386,-2573.00687852386,0.0,0.0,-3086.353400931394,-50.37118819182871,-63360.11565776323
t450,13298.999803982959,660.9234559732391,-0.0,775.0641117369865,-0.0,0.0,0.0,-899.8087605347216,-11.634599944710756,-13823.544011213753,1386.3961348532962,240.0,-0.0,54.011591561372725,-0.0,0.0,0.0,-454.1211066188026,-14.173873012129231,-1212.1127467837368,325.67505,0.0,-0.0,40.89117907487483,-0.0,0.0,0.0,557.8314903673712,-6.7164973349349335,-917.6812221073111,3123.22179,175.4564034078844,-0.0,80.93636762644861,-0.0,0.0,0.0,-1520.9214681352296,-40.50946546824561,-1818.1836274308582,1138.1292199999993,0.0,-0.0,9.337941911736108,-0.0,0.0,0.0,-933.386542113263,-6.300359159264525,-207.78026063920797,2060.01812,6163.83108559407,-0.0,49.49335344962209,-0.0,0.0,0.0,-7109.4023735000765,-39.724981986175386,-1124.215203557441,672.7295767013817,729.0439029716646,-0.0,91.5546019102398,-0.0,0.0,0.0,569.0874723922275,-64.07587305724748,-1998.339680918266,3330.5016495571926,0.0,-0.0,328.0498527414154,-0.0,0.0,0.0,4010.197472587081,-13.233651659537365,-7655.515323226153,351.7025999999999,0.0,-0.0,111.75383725259849,-11.856527904892742,0.0,0.0,1950.5238155554134,-29.749621452999357,-2372.3741034501195,12053.397686283091,3240.891985364924,-0.0,976.0161581169406,-0.0,0.0,0.0,1320.0,-9.702,-17580.603829764957,57809.2580787329,3859.594252078534,-0.0,3040.1968370482195,-3040.1968370482195,0.0,0.0,2510.0,-40.8615,-64137.99083081145
t451,14579.091988884065,0.0,-0.0,659.0321701587053,-248.82297034263615,0.0,0.0,-899.5559540899504,-11.631427223828878,-14078.113807386353,1561.3179619465031,240.0,-0.0,46.88837513989033,-0.0,0.0,0.0,-583.9505526535718,-13.823333507835356,-1250.4324509249864,325.67505,0.0,-0.0,22.148222146970447,-36.53989174032059,0.0,0.0,641.7907021174744,-6.148074217788894,-946.9260083063352,3044.039490433615,394.4633939379375,-0.0,70.26779649276406,-0.0,0.0,0.0,-1592.327667312025,-39.77094996447872,-1876.672063587813,1187.8207199999995,0.0,-0.0,8.108584297238997,-0.0,0.0,0.0,-975.5124821518779,-6.584709254525175,-213.8321128908354,2082.80992,5778.450468644852,-0.0,42.973516550374505,-0.0,0.0,0.0,-6707.169287150362,-37.56014800804203,-1159.5044700368226,672.7295767013817,729.0439029716646,-0.0,79.4945289964857,-9.724689143668185,0.0,0.0,652.0368469412356,-61.68904693305785,-2061.891119534041,4057.780094532807,0.0,-0.0,284.8340301428544,-34.839501947135574,0.0,0.0,3606.640594120086,-11.947786421616529,-7902.4674304269965,351.7025999999999,0.0,-0.0,97.02414444866059,-0.6864473623084244,0.0,0.0,2028.0478001789907,-30.050314720429576,-2446.0377825449123,13482.24088273519,3240.891985364924,-0.0,845.1413745075813,-0.0,0.0,0.0,728.6221728602205,-19.371027473735396,-18277.52538799418,52954.291864375096,6639.144419997978,-0.0,2512.6840359566722,-0.0,0.0,0.0,3101.3778271397796,-50.53052747373539,-65156.96761999579
t452,15451.484552475767,0.0,-0.0,483.23742618504525,-31.344449750497205,0.0,0.0,-1041.0754528459258,-13.407496933216368,-14848.894579131173,1762.1274119465033,240.0,-0.0,33.019647133600785,-14.011550822858343,0.0,0.0,-747.236463113917,-13.382461549592424,-1260.5165835937362,325.67505,0.0,-0.0,20.579885444673216,-10.65163812554027,0.0,0.0,623.2252053864919,-4.8434080753871545,-953.9850946302377,3093.781790433615,40.887064490745956,-0.0,49.492407704835955,-21.01732623428751,0.0,0.0,-1233.2590236106707,-40.10337212676258,-1889.7815406574755,1373.0770897737962,0.0,-0.0,5.713526606527911,-2.4305751427407323,0.0,0.0,-1152.7297186619041,-7.780925600967853,-215.8493969747112,2071.5388430182757,5857.597666270583,-0.0,29.275494049474332,-12.86775075568623,0.0,0.0,-6739.225735617383,-37.739664119457345,-1168.5788528458065,672.7295767013817,729.0439029716646,-0.0,44.11826848445067,-0.0,0.0,0.0,695.2056426389568,-64.07497635389407,-2077.0224144425592,4125.573485142131,0.0,-0.0,200.65961064256433,-42.587305912242755,0.0,0.0,3691.7864647200076,-12.486757095870786,-7962.94549749659,351.7025999999999,0.0,-0.0,68.3395986408563,-0.0,0.0,0.0,2073.3090811043444,-30.158941794650424,-2463.1923379505492,14095.647474936422,3240.891985364924,-0.0,583.1045185937951,-160.80096701508137,0.0,0.0,720.0,-19.512,-18459.331011880062,54797.16975716479,6639.144419997978,-0.0,2017.9587725971967,-554.9461514185551,0.0,0.0,3110.0,-50.6715,-65958.65529834141
t453,16238.176323715843,0.0,-0.0,412.5021058956064,-639.9979094479877,0.0,0.0,-1231.8510072197425,-15.801730140607766,-14763.027782803112,1551.3587119465033,240.0,-0.0,25.905486124136175,-0.0,0.0,0.0,-585.281231009378,-13.819740676274678,-1218.1632263849867,325.67505,0.0,-0.0,20.605559366515056,-0.0,0.0,0.0,582.2983894366735,-5.855572178804334,-922.7234266243842,3267.9981404336145,147.7085766222516,-0.0,38.829310414558506,-0.0,0.0,0.0,-1587.161831952825,-39.10635495623233,-1828.2678405613676,1130.1487897737961,0.0,-0.0,4.704462835522864,-0.0,0.0,0.0,-919.8553264744705,-6.209023453702676,-208.78890268114586,2048.7470430182752,5233.398753648622,-0.0,24.92639296804746,-44.23676472331496,0.0,0.0,-6098.419483706112,-34.151149108754225,-1130.2647920967636,672.7295767013817,729.0439029716646,-0.0,46.11093511372322,-14.08064975435134,0.0,0.0,635.2082773850047,-61.5935845540468,-2007.4184578633767,4250.9080187441305,0.0,-0.0,157.42840489392898,-50.44509056138483,0.0,0.0,3355.06221354085,-11.071705304684803,-7701.881841312842,351.70259999999996,0.0,-0.0,56.26527833745415,-16.480951437291107,0.0,0.0,2020.0,-30.031,-2381.4559269001625,15129.808326962408,1882.2600651039556,-0.0,479.13135531210474,-238.38238864744903,0.0,0.0,720.0,-19.512,-17953.30535873102,53329.68985852949,6639.144419997978,-0.0,1648.5859846375397,-0.0,0.0,0.0,3110.0,-50.6715,-64676.748763165
t454,15319.689886088741,0.0,-0.0,346.51954530603837,-0.0,0.0,0.0,-1487.2624740465185,-19.00714404928381,-14159.939813298975,1312.866711946503,240.0,-0.0,22.526412394032256,-79.2,0.0,0.0,-324.0095196711601,-14.525174296887867,-1157.6584303724874,325.67505,0.0,-0.0,17.077989933511677,-14.9,0.0,0.0,556.1599941846265,-7.677889050826833,-876.3351450673114,3172.149680433615,262.307946560569,-0.0,33.767193542659854,-29.4,0.0,0.0,-1661.0114160646433,-41.31190339846852,-1736.5015010737313,1295.9316397737962,0.0,-0.0,3.8989475393855555,-13.700000000000001,0.0,0.0,-1081.139058448823,-7.297688644529556,-197.69384021982893,2071.5388430182757,3732.468022074765,-0.0,20.657316419138958,-18.0,0.0,0.0,-4706.505783395412,-26.35643238701431,-1073.8019657297532,672.7295767013817,0.0,-0.0,38.21379287056821,-134.3,0.0,0.0,1380.6935119975724,-50.7937230962645,-1906.5431584732573,5833.023149198432,0.0,-0.0,136.91733522258386,-119.3,0.0,0.0,1473.074745444359,-4.861146659966384,-7318.8540832054105,351.7025999999999,0.0,-0.0,46.6266148830277,-127.93326731677179,0.0,0.0,2020.0,-30.031,-2260.3649475662555,15807.212661065467,816.6717914033676,-0.0,391.0901293642638,-747.9477170610936,0.0,0.0,720.0,-19.512,-16967.514864772005,51859.89096682387,6639.144419997978,-0.0,1354.784170023887,-1411.4,0.0,0.0,3110.0,-50.6715,-61501.74805684573
t455,14799.840525121239,2.077835683671765,-0.0,256.85441117769506,-1226.0275564750737,0.0,0.0,-760.0,-9.879999999999999,-13062.86521550753,1109.062711946503,74.57507418276676,-0.0,16.64685790527895,-0.0,0.0,0.0,-123.35854207879811,-15.066931936387245,-1061.8591700193633,325.67505,0.0,-0.0,12.624510401844667,-3.491960909329358,0.0,0.0,477.7199491489132,-8.800148619970292,-803.7274000214582,3021.3014111497955,394.4633939379375,-0.0,24.955635413984574,-72.35060604014697,0.0,0.0,-1732.831617075024,-42.23254276604991,-1593.3056746204968,1319.652179524332,0.0,-0.0,2.8820390767373065,-1.8110349746887238,0.0,0.0,-1131.529789995091,-7.637826082466865,-181.5555675488225,2048.7470430182752,2644.657403343253,-0.0,15.2681961313861,-16.856339962446715,0.0,0.0,-3686.0994782989715,-20.642157078474238,-985.0746671530223,672.7295767013817,0.0,-0.0,28.2446976986709,-31.184228930526423,0.0,0.0,1110.3686048181235,-30.98095886297804,-1749.177691424671,6854.330811688444,0.0,-0.0,101.19762969660465,-361.9,0.0,0.0,123.87767079151124,-0.40879631361198704,-6717.097315862947,351.7025999999999,0.0,-0.0,22.530132380255182,-163.9,0.0,0.0,1891.8532026893367,-29.512005470891815,-2072.6739295987004,15788.244333222312,0.0,-62.37713883405955,283.5542929906945,-1216.0302073264118,0.0,0.0,720.0,-19.512,-15493.879280052537,49787.542243294614,3693.0,-0.0,1018.9343726390953,-624.0971375840995,0.0,0.0,3110.0,-50.6715,-56934.70797834961
t456,14015.725566297078,0.0,-0.0,53.44029356905842,-1031.8402935690583,0.0,0.0,-1321.3027662830555,-16.924349716852344,-11699.09845029717,1055.2604586678112,240.0,-0.0,9.702580795295853,-36.4494994328771,0.0,0.0,-291.87534686803383,-14.611936563456307,-962.0262565987395,325.67505,0.0,-0.0,7.354879643887051,-15.84787135598441,0.0,0.0,418.1741297596502,-7.261855782191486,-728.0943322653611,2794.7100811497958,274.06600034247924,-0.0,14.543753231430982,-71.57785717648676,0.0,0.0,-1527.696594581485,-40.99448398982857,-1443.0508989759057,1283.530679524332,0.0,-0.0,1.679177459005544,-4.715951066234371,0.0,0.0,-1108.6021883101314,-7.483064771093387,-164.40865283587814,2025.9552430182753,0.0,-0.0,8.896905108744264,-54.6,0.0,0.0,-1081.8793144162123,-6.058524160730789,-892.3143095500766,672.7295767013817,0.0,-0.0,16.458262655025607,-101.0,0.0,0.0,1018.7099934735636,-24.16438539899672,-1582.733447430974,8068.494152578851,0.0,-0.0,0.0,-465.83513920453566,0.0,0.0,-1510.8706895441474,-4.670873275495686,-6087.117450554672,351.7025999999999,0.0,-0.0,20.08230342216416,-43.573953764995636,0.0,0.0,1575.3427767698513,-27.6526382459179,-1875.9010881811023,15829.468407992286,0.0,-1171.6779682746594,107.64579717090425,-1278.0153550829245,0.0,0.0,720.0,-19.512,-14187.908881805606,45344.08004919565,5636.829408868047,-0.0,611.5975864463517,-1957.7378845381172,0.0,0.0,3110.0,-50.6715,-52694.09765997193
t457,11222.382856599123,0.0,-0.0,87.71466776539873,-464.8432039962411,0.0,0.0,-504.3759455926262,-6.556887292704141,-10334.32148748295,1109.8176751464207,0.0,-0.0,5.654827437775058,-30.38303801510302,0.0,0.0,-194.95385818466642,-1.723518267561024,-888.4120881168653,616.3250499999999,0.0,-0.0,4.287646895179046,-23.01904060857261,0.0,0.0,75.23957313842392,-0.2031468474737446,-672.6300825775565,3778.93148,0.0,-0.0,8.476872292021923,-45.53695725557089,0.0,0.0,-2386.9097130904324,-22.83712740571754,-1332.1245545403015,758.28652,0.0,-0.0,0.978857648835008,-5.25594750109769,0.0,0.0,-597.6702079117099,-4.034273903404042,-152.30494833262333,2038.8464600000002,0.0,-0.0,5.1859773394610995,-27.852145429635037,0.0,0.0,-1185.787575383259,-6.6404104221462505,-823.752306104421,1085.6636621458033,0.0,-0.0,9.593521191538965,-51.52270906811644,0.0,0.0,454.87507111955716,-37.93521021985401,-1460.6743351689295,2379.2168597180626,0.0,-0.0,34.37275810162221,-184.60660382095608,0.0,0.0,3407.7307025765417,-11.245511318502587,-5625.468205256769,351.7025999999999,0.0,-0.0,11.705134333813007,-62.87720768301054,0.0,0.0,1442.4978559787796,-12.436469649167673,-1730.5919129804145,13969.46444609973,0.0,-0.0,95.85140196668246,-527.1733733112952,0.0,0.0,-630.3601876968515,-4.6331473795718585,-12903.149139678693,50659.674558245846,0.0,-0.0,357.74292481444155,-1765.3426011425067,0.0,0.0,119.7142850462425,-1.5203714200872795,-49370.26879554394
t458,11584.454960389818,0.0,-229.65624574418013,41.69672551983333,-333.60860188268987,0.0,0.0,-1561.2366090141459,-19.93551944312753,-9481.71470982551,899.5404251464207,0.0,-0.0,2.7168205795673517,-21.08157644413801,0.0,0.0,-37.03377371844439,-0.09999118903976978,-844.0419043743658,616.3250499999999,0.0,-0.0,2.058353111653749,-15.965652876184397,0.0,0.0,37.03377371844439,-0.09999118903976978,-639.3515327648739,3776.36196,0.0,-0.0,4.071875338783868,-31.5932300425687,0.0,0.0,-2445.1212796267114,-37.14215647751402,-1266.57716919199,759.0045499999999,0.0,-0.0,0.46998407848054047,-3.6457110597152167,0.0,0.0,-607.4924370714131,-4.100573950232038,-144.2358119971201,2016.0882000000004,0.0,-0.0,2.4905196135326197,-19.3213888740017,0.0,0.0,-1209.064851727586,-6.770763169674481,-783.4217158422706,843.5859767013816,0.0,-0.0,4.607125731978631,-35.74165595453932,0.0,0.0,634.0065645452078,-57.40513842208457,-1389.0528726019445,2379.662201438855,0.0,-0.0,16.50739350682353,-128.0646698937602,0.0,0.0,3091.381666753991,-10.20155950028817,-5349.285032305621,351.7025999999999,0.0,-0.0,5.622426795355408,-43.62319679714,0.0,0.0,1357.1569510683537,-27.04873660878757,-1643.8100444577815,13130.74708697245,0.0,-1750.8919853649243,47.31955390859053,-964.2046450403232,0.0,0.0,1893.8816628912934,-19.320030222251006,-12337.531643144834,49760.79566000927,0.0,-0.0,172.91829859824566,-1192.6055911966778,0.0,0.0,-1153.5116678189902,-20.132992604824167,-47567.46370698703
t459,11444.521844008917,0.0,-1508.410294353736,33.11295633243973,-253.4561050400933,0.0,0.0,-676.8134452588657,-8.798574788365254,-9030.156380900302,698.0676251464208,0.0,-0.0,2.303408327842447,-15.847529343518827,0.0,0.0,136.24032604048682,-1.932257468740238,-818.831572702491,616.3535999999999,0.0,-0.0,1.7478828423578423,-12.000580719827447,0.0,0.0,13.117229092601015,-0.035416518550022744,-619.1827146965813,3761.99033,0.0,-131.8507829875142,3.4535860119931123,-58.238113390556634,0.0,0.0,-2295.8405647384407,-51.25729559942763,-1228.257159296054,771.5284799999998,0.0,-0.0,0.3989789320616368,-6.353244818904248,0.0,0.0,-621.1800052483624,-4.192965035426446,-140.20124382936848,1993.3187600000003,0.0,-0.0,2.113318920164353,-14.523586803447852,0.0,0.0,-1214.8817923943284,-6.8033380374082375,-759.2233616849804,843.5923767013816,0.0,-0.0,3.9094873543269983,-26.866388515030934,0.0,0.0,575.4604521059639,-49.41068078854677,-1346.6852468580944,2511.3855772781644,0.0,-0.0,14.00696435503576,-96.26434903599585,0.0,0.0,2764.982533195565,-9.124442359545363,-5184.986283433223,351.7025999999999,0.0,-0.0,4.768947068034192,-32.7917139475413,0.0,0.0,1298.0564284741126,-26.362608870387,-1595.3736527242188,12975.10682369692,0.0,-2844.4104144245484,38.59481916266092,-22.126552263801244,0.0,0.0,1920.0,-19.512,-12047.65267617123,50336.959159503254,0.0,-139.71914878528523,148.59185933455302,-2172.6316792011644,0.0,0.0,-1899.1411612687318,-33.150305204619976,-46240.90872437801
t460,11162.801417257482,0.0,-1830.0,22.823598979938282,-179.19787848577081,0.0,0.0,-366.7767250859041,-4.7680974261167535,-8804.882315239629,833.5950159305006,0.0,-0.0,1.536313653431021,-13.118394112581946,0.0,0.0,-13.229775044986962,-0.0357203926214648,-808.7474400337412,616.3535999999999,0.0,-0.0,1.1639278413893632,-18.58795412107589,0.0,0.0,13.229775044986962,-0.0357203926214648,-612.1236283726789,3769.471838868384,0.0,-0.0,2.302556564830583,-0.0,0.0,0.0,-2512.4259503414614,-46.21760549146421,-1213.1308396002896,848.3582809299107,0.0,-0.0,0.19713327754269552,-0.3661159457574268,0.0,0.0,-705.2449352035791,-4.760403312624159,-138.18395974549267,1999.2054041053898,0.0,-0.0,1.4083223672151703,-22.498443645520823,0.0,0.0,-1221.1279872226405,-6.838316728446786,-750.1489788759966,843.5987767013816,0.0,-109.84121829775586,2.60520498781647,-41.61842168594402,0.0,0.0,685.1359586662879,-49.335101416113,-1330.5451989556752,2835.344826037576,0.0,-0.0,9.334494269616489,-68.2942531479124,0.0,0.0,2353.8750011391226,-7.767787503759103,-5122.492280794642,351.7025999999999,0.0,-0.0,3.1793564151820535,-50.80074241062758,0.0,0.0,1295.697928625581,-23.578228300452444,-1576.2009143296837,12553.089650867729,0.0,-2369.5501312844117,27.285162692803727,-100.02113088206966,0.0,0.0,1920.0,-19.512,-12011.291551394053,49349.29673915875,0.0,-1904.371294146289,97.13005468538212,-0.0,0.0,0.0,-1449.1332905774068,-25.64633586926864,-46067.27587325117
t461,11266.81648541499,0.0,-1830.0,39.11536477757633,-255.581746467544,0.0,0.0,-408.141553087537,-5.305840190137981,-8806.902710447348,1036.1665659305006,0.0,-0.0,2.892182056589426,-14.32634610152733,0.0,0.0,-206.35209180208116,-0.5571506478656192,-817.823159435616,616.3821499999999,0.0,-0.0,2.1966085378895115,-2.1966085378895115,0.0,0.0,4.317380224440797,-1.5168155278594109,-619.1827146965813,3784.9200188683835,0.0,-0.0,4.337293053007961,-5.764681152412435,0.0,0.0,-2512.9474897805303,-43.29640300544558,-1227.248737983003,859.0330109299107,0.0,-0.0,0.5013250382727094,-0.5975150325691684,0.0,0.0,-713.9166397876788,-4.8189373185668325,-140.20124382936848,2022.01956410539,0.0,-0.0,2.654765519238703,-2.119668114846032,0.0,0.0,-1256.2960419896601,-7.0352578351420965,-759.2233616849804,843.6051767013815,0.0,-203.32904100420677,4.911218207403984,-3.92138601246516,0.0,0.0,754.7853649484364,-49.36608598245406,-1346.6852468580944,2872.1293493302064,0.0,-0.0,17.595424587725404,-94.8777520442591,0.0,0.0,2388.951090096429,-7.883538597318216,-5175.914573372784,351.7025999999999,0.0,-0.0,5.989408495701246,-5.989408495701246,0.0,0.0,1267.505316154779,-23.834263430560313,-1595.3736527242188,12066.10246135647,0.0,-1720.9716613983865,48.58275060734468,-48.58275060734468,0.0,0.0,1920.0,-19.512,-12245.618799958082,49770.09706742038,0.0,-1217.961431545842,196.7322989297587,-293.8623536151408,0.0,0.0,-1237.9053349765975,-21.706934497313544,-47195.39331171524
t462,11000.751396309737,0.0,-0.0,69.10609665925995,-36.06171807030917,0.0,0.0,-1941.5535851618038,-24.708497493780634,-9067.533692243105,1237.1527659305007,0.0,-0.0,5.17847335151498,-2.867407651451159,0.0,0.0,-364.5731038979452,-4.630078419503904,-870.2606493131156,616.3821499999999,0.0,-0.0,3.928624783439856,-2.1798150003378702,0.0,0.0,40.573675103391,-0.1927249567411072,-658.5119099297518,3828.449018868384,0.0,-0.0,7.76383240025894,-4.301111477176737,0.0,0.0,-2498.1338311953577,-27.87230819513021,-1305.905600400977,853.6981609299107,0.0,-0.0,0.8968030321351075,-0.4974074497415275,0.0,0.0,-700.0929071820161,-4.725627123478609,-149.2790222068096,2044.8449041053898,0.0,-0.0,4.750517906842472,-2.6333335574551455,0.0,0.0,-1232.440352481321,-6.901665973895398,-807.6200699995608,843.6115767013815,0.0,-0.0,8.788070364957221,-4.871667081292019,0.0,0.0,642.8668458430006,-56.95682149445069,-1433.438004333597,2750.8512212479013,0.0,-0.0,31.48628179554243,-17.453149633577713,0.0,0.0,2750.7210326845575,-9.07737940785904,-5506.528006686566,351.7025999999999,0.0,-0.0,10.720744242831197,-5.939630135148827,0.0,0.0,1370.225776941419,-27.399414396612748,-1699.3100766524888,12908.167655148749,0.0,-1547.9554551611482,92.04596322858058,-92.04596322858058,0.0,0.0,1920.0,-19.512,-13260.7001999876,50257.93427817331,0.0,-0.0,350.93792801793796,-222.8927777041699,0.0,0.0,12.406449346075078,-19.062170312111526,-50379.323707521035
t463,12894.072647925623,0.0,-0.0,235.79599627895325,-0.0,0.0,0.0,-2946.7895700118147,-33.62374821610396,-10149.455325976658,1439.141665930501,0.0,-0.0,18.638970801973837,-0.0,0.0,0.0,-455.68117809813907,-5.787150961846366,-996.3123076724892,616.4106999999999,0.0,-0.0,14.147368244918859,-0.0,0.0,0.0,124.34637277992725,-0.5906452707046544,-754.3137957541414,3825.972968868384,0.0,-0.0,27.94786190519113,-0.0,0.0,0.0,-2321.683781089595,-36.748242429425495,-1495.488807254555,893.0055909299108,0.0,-0.0,3.2291828603909143,-0.0,0.0,0.0,-720.9081387661248,-4.866129936671342,-170.46050508750557,2067.65906410539,0.0,-0.0,17.103152294612812,-0.0,0.0,0.0,-1140.5945998295438,-20.597099567215576,-923.570517003243,843.6147767013816,0.0,-0.0,31.639772315256735,-0.0,0.0,0.0,823.7765447240694,-53.7549606878607,-1645.2761330528479,2526.836047794902,0.0,-0.0,113.35836471099668,-0.0,0.0,0.0,3660.5965636073256,-12.079968659904173,-6288.71100745332,452.6039248312418,0.0,-0.0,38.59264847902211,-0.0,0.0,0.0,1476.1942381021918,-12.780586664313876,-1954.6102247481417,15019.399937586048,0.0,-0.0,329.0348433577806,-0.0,0.0,0.0,0.0,-0.0,-15348.43478094383,51486.37456860338,2946.1444199979774,-0.0,1222.1839863206997,-0.0,0.0,0.0,1500.7435485817023,-25.27756417136482,-57130.16895933238
t464,14520.653147978192,0.0,-0.0,392.14599981202105,-0.0,0.0,0.0,-2766.4725240947428,-32.03695821203374,-12114.289665483435,1630.7141778779087,0.0,-0.0,28.547282892041157,-0.0,0.0,0.0,-546.5144516542454,-1.4755890194664627,-1111.271420096238,616.4392499999999,0.0,-0.0,21.657336435236626,-0.0,0.0,0.0,207.0396621854208,-3.0880942694433795,-842.048154351214,3820.1880488683837,111.59850272063204,-0.0,42.79958313804273,-0.0,0.0,0.0,-2279.316880191099,-27.34040274969233,-1667.928851786267,897.7055700000001,0.0,-0.0,4.943804526163036,-0.0,0.0,0.0,-707.242144127042,-4.773884472857533,-190.63334592626362,2660.1834948394126,0.0,-0.0,26.188147162053017,-0.0,0.0,0.0,-1635.1549885208433,-20.770072282681017,-1030.4465811979414,1085.7937969226377,265.0673074731812,-0.0,48.445938129796176,-0.0,0.0,0.0,508.1097522603634,-72.49509887970514,-1834.9216959062726,2381.654385294837,0.0,-0.0,173.5741994151669,-0.0,0.0,0.0,4470.949457434503,-14.754133209533856,-7011.423908934973,502.46105004197307,0.0,-0.0,59.10012124776968,-0.0,0.0,0.0,1644.128178737324,-26.051722016748286,-2179.637628010318,14518.121242777806,0.0,-0.0,500.239444077197,-0.0,0.0,0.0,1704.473937970362,-17.92788344408216,-16704.906741381285,57517.989360298125,2946.1444199979774,-0.0,1798.2368100997874,-0.0,0.0,0.0,-600.0,-9.81,-61652.5605903959
t465,15294.359326991033,0.0,-1355.3047940875385,371.27657539489655,-182.0036437302298,0.0,0.0,-965.1207915903916,-12.454265934459414,-13150.752407043308,1451.4250567348774,0.0,-0.0,25.19094181978515,-12.324769331279615,0.0,0.0,-300.1104030741959,-14.58970191169967,-1149.5911242374875,616.57265,0.0,-0.0,19.100363288271076,-9.369339950819707,0.0,0.0,250.38432937098185,-6.403503061609404,-870.2844996468236,4533.140105644989,0.0,-0.0,37.76244428201385,-18.487153996919417,0.0,0.0,-2784.9285936845527,-43.08635692840982,-1724.40044531712,839.8419200000001,0.0,-0.0,4.360563366582865,-2.137970190119933,0.0,0.0,-641.0522125637666,-4.327102434805425,-196.68519817789104,7913.230035653369,0.0,-0.0,23.102254374377896,-11.318665712399646,0.0,0.0,-6821.079730149188,-38.19804648883545,-1065.7358476773231,1138.2293843200855,0.0,-0.0,42.736773747832714,-20.939531567939344,0.0,0.0,807.7589562487997,-72.33870720843413,-1895.446875540344,2382.3890537193984,0.0,-0.0,153.1222007968595,-75.01760108273764,0.0,0.0,4817.813016795693,-15.898782955425785,-7262.407887273789,445.48147837256585,0.0,-0.0,52.14357192322602,-25.529879329079197,0.0,0.0,1806.3354286466206,-29.165658486018813,-2249.264941127314,15192.727477433873,0.0,-0.0,436.11368958145795,-207.97161329497635,0.0,0.0,1320.0,-9.702,-16731.167553720355,58770.214832397156,349.2550237251353,-0.0,1566.2663358402026,-873.2670866270919,0.0,0.0,2510.0,-40.8615,-62281.607605335405
t466,14491.545732958057,0.0,-917.8966208071042,297.9118837938752,-258.5,0.0,0.0,-284.85153113295024,-3.7030699047283533,-13324.506394907146,1333.7256086443408,0.0,-0.0,20.11408668924447,-21.911065700063823,0.0,0.0,-149.69364855425894,-2.3914588355256146,-1179.8435222437372,616.8977999999998,0.0,-0.0,15.24405033184787,-16.648809783101985,0.0,0.0,278.738192997708,-0.7525931210938117,-893.47864042536,5472.088587845448,0.0,-193.32558067298345,30.148666671966595,-28.0797809095804,0.0,0.0,-3482.123903467761,-28.928585062675932,-1769.7794044044126,741.4889000000001,0.0,-0.0,3.4804680200505294,-3.9003388656398164,0.0,0.0,-535.7244805232979,-3.6161402435322607,-201.72840838758054,10743.030023217403,0.0,-4368.051932140137,18.441863655726408,-20.65228175378,0.0,0.0,-5249.403751112158,-29.396661006228083,-1093.9672608608282,1470.2915731629448,0.0,-729.0439029716646,34.115201426903845,-38.20623547860402,0.0,0.0,1289.6804754103796,-82.97009230235811,-1943.8670192476015,2447.711887340107,0.0,-0.0,122.23381556934115,-136.87986752184946,0.0,0.0,5047.571659692838,-18.651986476986362,-7461.98550860345,438.35903191388996,0.0,-0.0,41.629594287591935,-45.38111410768237,0.0,0.0,1894.8515311329502,-24.69406990472835,-2304.7649733220214,14997.162997937558,0.0,-0.0,347.6322109124933,-331.3,0.0,0.0,1920.0,-19.512,-16913.98320885005,65484.35706378223,0.0,-1973.8477330685946,1207.7495606276625,-1411.4,0.0,0.0,-729.044544443449,-11.448865714431804,-62566.36548118341
t467,14291.262755391901,0.0,-666.7392582848452,314.2164798820449,-95.40719423488792,0.0,0.0,-346.62742902900595,-4.5061565773770775,-13492.19919714783,1235.3591938141003,0.0,-0.0,21.25773656976287,-7.13367469283833,0.0,0.0,-40.5443158961225,-3.8850858792903535,-1205.0538539156119,617.0125999999999,0.0,-0.0,16.106693825335096,-5.42304861853526,0.0,0.0,285.7142007253967,-0.7714283419585712,-912.6390175902379,5693.988985009011,0.0,-263.9258958418813,31.860892209720305,-16.358620518185397,0.0,0.0,-3608.7532364056565,-28.712710152659756,-1808.0994143003486,665.4742799999999,0.0,-0.0,3.677596338559766,-1.237474181410731,0.0,0.0,-458.0509397167906,-3.0918438430883364,-206.77161859727005,11208.43686930018,0.0,-4886.697340334685,19.48777777702746,-6.551333901586222,0.0,0.0,-5187.460578582757,-29.049779240063437,-1118.1656150181186,1500.291890432413,0.0,-729.0439029716646,36.0498176230084,-12.119967717934514,0.0,0.0,1272.9919005999118,-82.94384596818232,-1985.2258919975504,2502.8898900083723,0.0,-0.0,129.16666010600315,-43.42078524773531,0.0,0.0,5051.272854105292,-18.664200418547463,-7621.244418553382,392.8545128723495,0.0,-0.0,43.99347730962824,-14.77689757802225,0.0,0.0,1956.6274290290057,-25.497156577377076,-2353.201365055584,15062.632754412225,0.0,-0.0,343.3585671813334,-104.63720825752597,0.0,0.0,1920.0,-19.512,-17201.842113336035,67497.04218107843,0.0,-2946.1444199979774,1211.8096439731266,-1680.427922663037,0.0,0.0,-845.1698848292742,-12.923657537331783,-63224.185940023934
t468,13816.869702084707,0.0,-1830.0,369.20512825398487,-499.2856040396087,0.0,0.0,1830.7108209916937,-29.628443109981898,-13657.871604180791,1144.658940275935,0.0,-0.0,24.732175627331653,-49.18839663319581,0.0,0.0,97.2145731956689,-0.26247934762830605,-1217.1548131181116,617.3973499999998,0.0,-0.0,18.73622912360178,-40.82572829899712,0.0,0.0,327.67941980734287,-2.280725814392612,-920.7065448175549,6725.173201386907,0.0,-394.4633939379375,37.06690741098162,-117.35435739459253,0.0,0.0,-4389.46038173196,-35.7193991111825,-1825.2425766222148,578.3008799999999,0.0,-0.0,4.278116903306488,-13.544381467401859,0.0,0.0,-357.83035783934315,-2.4153549154155662,-208.78890268114586,12915.17450013665,0.0,-7132.474803650225,22.670987862222006,-71.77613718036278,0.0,0.0,-4574.608477112795,-30.73780747183165,-1128.248262583656,1853.3867377155477,0.0,-729.0439029716646,41.93819194210912,-103.73407252994458,0.0,0.0,1011.9728432291245,-70.12759850349832,-2004.392198881673,5730.115651247044,0.0,-0.0,150.26558596050842,-475.73962031207105,0.0,0.0,2300.779991682954,-9.587573972553747,-7695.834034605882,409.47355460925996,0.0,-0.0,51.18166146659066,-162.0417316401516,0.0,0.0,2105.225921977931,-27.428936985713108,-2376.4104694279163,15563.320607758844,0.0,-178.50821823087662,427.57578253868104,-415.08109056862617,0.0,0.0,1920.0,-19.512,-17297.79508149803,66482.12973581186,0.0,-2174.015846903747,1368.6466989612886,-1744.2696132634119,0.0,0.0,-271.68435420061644,-15.933086794158504,-63644.87353361124
t469,14503.80510820487,0.0,-1830.0,59.527135508052126,-1037.927135508052,0.0,0.0,2097.4548851773643,-31.948233607772785,-13760.911759774463,975.0862748880081,0.0,-0.0,25.72622287901233,-75.96057662183772,0.0,0.0,297.13881985403464,-0.8022748136058936,-1221.1884661856118,617.4583499999999,0.0,-0.0,13.958502193858434,-48.43242657471766,0.0,0.0,345.6112203164887,-3.8553375044158793,-924.7403084312135,6945.500956863331,0.0,-394.4633939379375,38.553524539676005,-70.19785672682279,0.0,0.0,-4647.544640251398,-39.54706467327713,-1832.3015258135715,505.92195999999996,0.0,-0.0,4.448826707624439,-8.098732883745516,0.0,0.0,-291.5154220439365,-1.9677290987965714,-208.78890268114586,13607.660097581116,0.0,-7132.474803650225,23.577889472488792,-42.92593580415974,0.0,0.0,-5287.815892236272,-34.73176899652312,-1133.2895863664248,1850.5418850452404,0.0,-729.0439029716646,43.61551454622002,-108.44763791530859,0.0,0.0,1030.4001157875255,-75.61250465303105,-2011.4534698389814,5397.188698989292,0.0,-0.0,156.27736750772507,-284.52018742405687,0.0,0.0,2467.2641607983533,-10.136971730634565,-7726.073068140679,390.08467258286447,0.0,-0.0,53.23376059691592,-96.92632676349152,0.0,0.0,2064.9970567043783,-26.905961737156915,-2384.48320138351,15813.036690220404,0.0,-0.0,444.9462553427867,-878.8564264537549,0.0,0.0,1920.0,-19.512,-17279.61451910944,67360.85388459367,0.0,-2946.1444199979774,1403.0307041719207,-1788.6920935532603,0.0,0.0,4.009695893462094,-21.07478082841307,-64011.98299027941
t470,14365.876522483088,0.0,-296.76291082748634,394.3677103393724,-335.75139362271307,0.0,0.0,-403.9945389535027,-5.251929006395535,-13718.483460412363,1055.874882376494,0.0,-0.0,26.125582098532206,-0.0,0.0,0.0,147.5516218377216,-6.346793593386426,-1223.2052927193618,617.3094999999998,0.0,-0.0,19.784625403105572,-0.0,0.0,0.0,290.4472724706079,-0.7842076356706413,-926.7571902380428,5921.908045084939,0.0,-394.4633939379375,39.151791888796815,-0.0,0.0,0.0,-3703.246036374736,-28.023616908338887,-1835.3267897527242,567.3368865854693,0.0,-0.0,4.517804161561133,-0.0,0.0,0.0,-359.62964591402704,-2.4275001099196825,-209.79754472308377,11670.615972008622,0.0,-4984.761049964962,23.943608802854108,-0.0,0.0,0.0,-5543.449100006946,-31.043314960038895,-1135.3061158795324,1242.2700784303074,0.0,-729.0439029716646,44.29201815937995,-0.0,0.0,0.0,1542.147751163856,-85.18621596119321,-2014.479728820685,2466.2439162240066,0.0,-0.0,158.70145397046116,-0.0,0.0,0.0,5134.177031131853,-18.937784202735113,-7740.184617123585,386.12775788360005,0.0,-0.0,54.05979236852866,-39.41959283792841,0.0,0.0,2013.9945389535028,-26.242929006395535,-2388.519567361307,16474.376341392894,0.0,-271.3212857747681,393.7435568266134,-1150.0,0.0,0.0,1920.0,-19.512,-17347.286612444743,68762.49732460284,0.0,-2946.1444199979774,1424.9664447359562,-1711.6210254961707,0.0,0.0,-1037.9988943083295,-15.372585957715785,-64476.3268435786
t471,13832.949570644743,0.0,-0.0,441.4107370659162,-133.25453351506275,0.0,0.0,-359.359183375499,-4.671669383881487,-13777.074921436215,1208.9246639459964,0.0,-0.0,29.034811709240152,-0.0,0.0,0.0,-15.615592613725084,-4.180656656524772,-1218.1632263849867,617.1546999999999,0.0,-0.0,21.987463567518013,-0.0,0.0,0.0,284.3490053713689,-0.767742314502696,-922.7234266243842,5783.293819701363,0.0,-331.67531136100996,43.51142323679343,-0.0,0.0,0.0,-3639.364427717525,-28.506084611304644,-1827.2594192483166,634.0930365854693,0.0,-0.0,5.020832802332086,-0.0,0.0,0.0,-427.43974840492234,-2.8852183017332256,-208.78890268114586,11140.241997807905,0.0,-4589.486117613362,26.609675537334663,-0.0,0.0,0.0,-5416.7668691677845,-30.33389446733959,-1130.2647920967636,1203.3406152911407,0.0,-729.0439029716639,49.223820311362445,-0.0,0.0,0.0,1566.9039344812172,-84.01476224258074,-2006.4097048694755,2560.3171004464375,0.0,-0.0,176.37253487653916,-0.0,0.0,0.0,4986.667110809014,-18.451001465669744,-7704.905744666321,374.65270525573334,0.0,-0.0,60.079433169463925,-0.0,0.0,0.0,1969.359183375499,-25.662669383881486,-2378.4286524168147,15796.840884347152,0.0,-253.62544792375056,503.20577674333924,-638.0037879867992,0.0,0.0,1920.0,-19.512,-17308.905425179943,67575.78297303,0.0,-0.0,1576.0244866343457,-3697.2820800757863,0.0,0.0,-868.7334127576438,-13.222914342022076,-64572.5690524889
t472,13195.272909646774,0.0,-74.2811054021959,564.6550183983642,-931.4275386658769,0.0,0.0,1026.269892804159,-20.5876146106224,-13759.901562170602,1280.382513060884,0.0,-0.0,4.954723796942318,-60.11511760471467,0.0,0.0,0.0,-0.0,-1225.2221192531117,617.2836499999999,0.0,-0.0,13.97021193700352,-55.7423009076271,0.0,0.0,353.93526260947596,-1.6811924973950108,-927.7656311414573,6232.479877521208,0.0,-394.4633939379375,27.635687336439062,-110.2989024620293,0.0,0.0,-3887.6361066065692,-29.365108159235202,-1838.352053691877,637.58876,0.0,-0.0,3.189807538518335,-12.728444502411554,0.0,0.0,-415.4483022726823,-2.8042760403406057,-209.79754472308377,11918.028665978512,0.0,-5965.774803650225,16.903186554931217,-67.45647089511999,0.0,0.0,-4733.8959582292955,-31.49023912271913,-1136.314380636086,1746.4723861142975,0.0,-729.0439029716646,31.268632685229576,-124.78447115597197,0.0,0.0,1158.9044193622926,-64.3023232378937,-2018.5147407962897,5056.575098598141,0.0,-0.0,112.03584325232265,-447.109832099323,0.0,0.0,3037.7588861883164,-12.019604324421444,-7747.240391615037,356.05520616919074,0.0,-0.0,77.578851652262,-152.29848435232617,0.0,0.0,2140.111906144303,-27.882454779875935,-2393.565024833553,16047.341407406078,0.0,-595.4926387422821,650.6050113103464,-650.6050113103464,0.0,0.0,1920.0,-19.512,-17352.336768663794,66545.6824476037,0.0,-1213.4830492853744,1999.7842622926207,-1999.7842622926207,0.0,0.0,-600.0,-9.81,-64722.389398318344
t473,9569.018495002685,1830.0,-0.0,693.9285819429014,-231.50600765322656,0.0,0.0,1970.0551725529058,-29.16638031255829,-13802.329861532704,1281.447228315729,0.0,-0.0,47.66657803391583,-33.29495165644195,0.0,0.0,-30.911356372885166,-15.48346066220679,-1249.4240376581113,616.7012499999998,0.0,-0.0,36.08812588224677,-25.194669793716983,0.0,0.0,324.4619566253982,-6.1390953110073525,-945.9175674029207,4555.100914517018,0.0,-0.0,70.90775172420352,-0.0,0.0,0.0,-2685.1472473760214,-67.21461921653986,-1873.6467996486604,705.6314899999999,0.0,-0.0,8.24108598404819,-0.0,0.0,0.0,-496.6878203061463,-3.3526427870664874,-213.8321128908354,5841.977834709701,894.6332570979489,-0.0,43.679533850035554,-0.0,0.0,0.0,-5571.294903813638,-50.49951656377812,-1158.496205280269,1366.5013971282842,0.0,-0.0,80.80001814851353,-0.0,0.0,0.0,703.6072578495014,-93.05256556786256,-2057.8561075584366,2666.0219193474845,0.0,-0.0,289.5148559010796,-0.0,0.0,0.0,4957.220741348935,-18.353828446451484,-7894.40368815105,351.7025999999999,0.0,-0.0,97.90666766856253,-0.0,0.0,0.0,2018.6961994919493,-26.30405059339536,-2442.0014165671155,15185.57673267997,468.27828474591536,-0.0,823.1163739001736,-823.1163739001736,0.0,0.0,1920.0,-19.512,-17554.343017425887,65616.30791901196,0.0,-0.0,2505.8702200010653,-0.0,0.0,0.0,-3110.0,-50.6715,-64961.506639013016
t474,9774.57525314424,1210.6240834186335,-0.0,798.94827970559,-0.0,0.0,0.0,2267.3977686856842,-36.063829007086056,-14015.481555947063,1389.7554294151403,0.0,-0.0,56.487311151947424,-11.258937529421305,0.0,0.0,-143.55342619009207,-15.787594250713248,-1275.642782596861,616.5819999999999,0.0,-0.0,42.76563417618334,-8.559090264713133,0.0,0.0,322.2864539286978,-6.988612368954871,-966.0863854712132,3775.3031008854796,394.4633939379375,-0.0,63.85785410128494,-89.3,0.0,0.0,-2163.7699080121574,-66.57078874184653,-1913.9836521706982,796.4627399999999,0.0,-0.0,7.368217157166187,-11.208027710253265,0.0,0.0,-569.9007761076614,-3.846830238726714,-218.8753231005249,2070.095394493314,5559.840061137364,-0.0,51.7620577523315,-59.40720552487023,0.0,0.0,-6387.069771379544,-51.517712284481306,-1183.7028241941127,1146.2838835069085,729.0439029716646,-0.0,72.2392147322122,-109.89333022100992,0.0,0.0,367.92679191126444,-102.35047061704928,-2103.24999228399,2641.8757643093813,0.0,-0.0,343.087172266495,-257.6537659501342,0.0,0.0,5354.080635849492,-19.66346609830332,-8061.726340376928,351.7025999999999,0.0,-0.0,116.8763785296675,-87.78311506397225,0.0,0.0,2142.6022313143158,-27.914829007086055,-2495.4832657729244,13792.823363294448,1494.3388043221935,-0.0,986.5319668004122,-93.61283896591448,0.0,0.0,1920.0,-19.512,-18080.56929545114,68276.83277761766,0.0,-0.0,2956.784969525571,-2655.0332565968206,0.0,0.0,-3110.0,-50.6715,-65417.91299054641
t475,10480.040936482146,1701.2016141008382,-0.0,687.1089370147142,-648.2699534976448,0.0,0.0,2239.9406256725138,-36.42077186625728,-14423.601387906312,1591.8527294151402,0.0,-0.0,48.86787299568593,-0.0,0.0,0.0,-332.8611753012447,-0.9558332395956212,-1306.9035938699858,616.6105499999999,0.0,-0.0,37.00922258264349,-0.0,0.0,0.0,336.5694912935989,-0.9087376264927229,-989.2805262497496,3787.19231088548,394.4633939379375,-0.0,73.23439417451154,-29.4,0.0,0.0,-2205.556099815928,-59.56296661095901,-1960.3710325710417,859.99262,0.0,-0.0,8.450939375551034,-0.0,0.0,0.0,-640.2036514182635,-4.321374647073278,-223.9185333102144,2062.08046707732,6388.062448943119,-0.0,32.077339368743935,-0.0,0.0,0.0,-7221.647415609214,-48.638602402351665,-1211.934237377618,1146.2902835069085,729.0439029716646,-0.0,82.85078941582958,-0.0,0.0,0.0,299.1960059731282,-103.69333988848068,-2153.68764197905,2501.0355147555,0.0,-0.0,296.8596774502435,-68.53016567652864,0.0,0.0,5548.211160870276,-20.30409683087191,-8257.272090568616,351.7025999999999,0.0,-0.0,101.12036998975073,-40.6,0.0,0.0,2170.0593743274862,-28.271771866257282,-2554.010572450979,14048.42160556758,1927.2146189537445,-0.0,849.8550357246997,-0.0,0.0,0.0,1920.0,-19.512,-18725.979260246026,62650.118107399605,2946.1444199979774,-0.0,2618.299393225373,-0.0,0.0,0.0,-2113.708315992354,-38.018595613102896,-66062.83500901751
t476,9855.080943533287,1830.0,-0.0,501.227183901141,-0.0,0.0,0.0,2929.8000921984535,-30.827401198579896,-15085.280818434301,1767.5662243166325,0.0,-0.0,33.32111832049402,-19.6,0.0,0.0,-498.24880865564546,-1.3452717833702428,-1281.693262198111,616.6105499999999,0.0,-0.0,25.25258124889537,-14.9,0.0,0.0,346.2328065328444,-2.0673477934535476,-971.1285899882863,3790.20396088548,30.9259300847343,-0.0,50.3280516716911,-0.0,0.0,0.0,-1888.0289679522393,-60.36953070150838,-1923.0594439881568,939.6708000000001,0.0,-0.0,5.810019644458531,-2.5522148065121435,0.0,0.0,-718.1968112197504,-4.847828475733316,-219.88396514246278,2084.9058070773203,6549.022134050225,-0.0,30.785468541545363,-13.51172544624076,0.0,0.0,-7413.675642154815,-48.781894091152424,-1188.7441479768815,1146.2966835069087,674.2198014681957,-0.0,53.5172762608338,-125.99669207554541,0.0,0.0,468.3569501252823,-104.06525005657377,-2112.328769229101,2436.543246006173,0.0,-0.0,204.04801755711736,-0.0,0.0,0.0,5483.5604733243235,-20.090749561970267,-8104.060987325644,351.7025999999999,0.0,-0.0,69.49348092431941,-0.0,0.0,0.0,2102.4827223050765,-18.104622511978945,-2505.5741807174163,13989.563039189015,2681.7410091341994,-0.0,573.9301239528903,-0.0,0.0,0.0,1297.71718549647,-14.938221313399053,-18528.013136459176,64148.65906179477,2946.1444199979774,-0.0,1965.3157161651675,-0.0,0.0,0.0,-2110.0,-37.9715,-66912.14769795792
t477,10104.369711359514,1830.0,-0.0,421.98709030475095,-0.0,0.0,0.0,2436.4957460250844,-33.8655553016739,-14758.986992387674,1569.3860743166326,0.0,-0.0,27.45902291539948,-0.0,0.0,0.0,-349.2295785156782,-16.342919861992332,-1231.2725988543616,616.6390999999999,0.0,-0.0,20.813813714031138,-52.77409845316522,0.0,0.0,355.4837918429379,-8.363212348687847,-931.7993947551158,3803.4076008854795,394.4633939379375,-0.0,41.15939974946093,-0.0,0.0,0.0,-2321.6415229624363,-69.96102610110464,-1847.4278455093356,867.1175956096872,0.0,-0.0,4.7520027945258825,-10.3,0.0,0.0,-646.400210220205,-4.363201418986384,-210.80618676502166,2062.1363670773203,4725.622188447636,-0.0,25.17822747005816,-0.0,0.0,0.0,-5619.023211225985,-51.549602593621266,-1142.3639691754088,1146.3030835069087,729.0439029716646,-0.0,46.57680735724378,-0.0,0.0,0.0,206.34750855117727,-99.66903165169099,-2028.6022707353018,2535.0778490831603,0.0,-0.0,166.8824945887344,-52.88363792644584,0.0,0.0,5154.463222530189,-19.004728634349622,-7784.535199641287,351.7025999999999,0.0,-0.0,56.833621630467334,-0.0,0.0,0.0,2022.4943790190762,-25.35647788259932,-2405.6741227669436,13999.719261246633,1669.444802175485,-0.0,474.66412618997117,-135.30365768654445,0.0,0.0,1871.0098749558395,-19.15192258092542,-17860.38248430046,66082.74967621127,2113.001735486683,-0.0,1604.0531214894543,-1663.7357660842354,0.0,0.0,-3110.0,-50.6715,-64975.39726710316
t478,10630.35608486599,874.4184863567426,-0.0,350.60988311419237,-258.5,0.0,0.0,2470.20795506378,-33.42729658417086,-14033.665112816534,1370.3116243166323,0.0,-0.0,22.638003991821826,-78.94024598722527,0.0,0.0,-134.53722184850108,-15.763250498990953,-1163.7089099737373,616.6390999999999,0.0,-0.0,17.162727263690428,-0.0,0.0,0.0,254.817441775034,-7.2419194543399215,-881.3773495843844,3845.5526656501193,394.4633939379375,-0.0,33.93453527425693,-118.69999999999999,0.0,0.0,-2341.1981754788085,-68.47512649231523,-1745.57729289119,810.0952756096872,0.0,-0.0,3.918287558662148,-3.4,0.0,0.0,-606.8064950232377,-4.0959438414068545,-199.71112430370474,2039.3781070773202,4546.827929730346,-0.0,20.759736990664877,-18.0,0.0,0.0,-5459.883570610909,-49.23064891834625,-1079.8515542690757,1146.3094835069087,729.0439029716646,-0.0,38.40326636138244,-33.3,0.0,0.0,133.47404553389788,-97.30000996158302,-1916.6306884122691,2428.0441977400324,0.0,-0.0,137.59616666571765,-119.3,0.0,0.0,4934.133975652525,-18.27764211965333,-7362.19669793862,351.7025999999999,0.0,-0.0,46.857697147597506,-40.6,0.0,0.0,1939.79204493622,-25.27829658417086,-2272.4740454996463,13938.658512257338,894.3460596415775,-0.0,384.5267002310145,-331.3,0.0,0.0,1920.0,-19.512,-16786.719272129933,63831.95453395063,532.8599656165547,-0.0,1313.375168572255,-1177.4967097718559,0.0,0.0,-3110.0,-50.6715,-61340.02145836759
t479,11566.000838030459,0.0,-0.0,261.25682105373755,-760.0838928831322,0.0,0.0,1881.4114626562973,-23.10688747472483,-12925.478341382635,1178.5000743166324,0.0,-0.0,16.708518571424946,-0.0,0.0,0.0,-113.6090254325261,-15.70674436866782,-1065.8928230868635,616.6676499999999,0.0,-0.0,12.671375727534341,-7.028435486102963,0.0,0.0,191.82733986538256,-7.385207375111753,-806.7527227317021,3874.6229356501185,394.4633939379375,-0.0,25.04812191462372,-16.36182864685559,0.0,0.0,-2609.2558612867197,-70.16898038335295,-1598.3477811857517,786.3194556096872,0.0,-0.0,2.8927335703949364,-1.8921842652826206,0.0,0.0,-600.7010631477916,-4.054732176247593,-182.56420959076038,2039.4725400000002,3765.558812109201,-0.0,15.324817214453446,-64.61744611031975,0.0,0.0,-4718.31537918982,-48.31561784427656,-989.1077261792374,1146.3126835069086,0.0,-0.0,28.349446252487503,-15.100194739774793,0.0,0.0,680.7605105578932,-85.09223618943567,-1755.230209388078,2378.077645648552,0.0,-0.0,101.57290270238076,-372.8115032609755,0.0,0.0,4652.806727586354,-17.349262201034968,-6742.2965104752775,351.7025999999999,0.0,-0.0,34.5874719882873,-107.84081157029175,0.0,0.0,1825.0752883909313,-23.78697874908211,-2079.737570059845,13571.63451170484,460.8075979310347,-0.0,280.142924315756,-892.9191278344977,0.0,0.0,1920.0,-19.512,-15320.153906117137,61858.13514739029,0.0,-0.0,999.8977314363742,-2555.2861668455803,0.0,0.0,-3110.0,-50.6715,-57142.075211981086
t480,10824.544676129564,0.0,-0.0,155.2857645572408,-709.7684650631119,0.0,0.0,1274.580374939985,-11.216307299471868,-11533.426043264208,1238.5727956833682,0.0,-0.0,9.778571288404864,-40.17953013434194,0.0,0.0,-227.1071511300156,-16.013189308051043,-965.0514963993645,616.6676499999999,0.0,-0.0,7.412539914379628,-30.40430887682586,0.0,0.0,145.89273173821334,-8.448957800162104,-731.1196549756049,3842.253725650119,0.0,-0.0,14.65768708272024,-0.0,0.0,0.0,-2336.951555513811,-71.8668516778684,-1448.0930055411604,897.35902,0.0,-0.0,1.692339363338517,-0.0,0.0,0.0,-728.7152366382145,-4.918827847307948,-165.41729487781606,2062.29788,405.53846717379474,-0.0,8.96662240583007,-0.0,0.0,0.0,-1551.7610263850852,-29.70283937480213,-895.3391038197378,1146.3190835069086,729.0439029716646,-0.0,16.58723446579692,-0.0,0.0,0.0,-245.00955866212826,-58.15469688786064,-1588.785965394381,2378.089356345526,0.0,-0.0,59.43115368805849,-243.97603952379774,0.0,0.0,3930.7356344664618,-12.971427593739323,-6111.30867738251,351.7025999999999,0.0,-0.0,20.23963076187328,-102.2743957803269,0.0,0.0,1625.9679655930468,-13.680163426795477,-1881.9556371477977,13394.207360615914,0.0,-0.0,167.34689446582297,-859.3873834268588,0.0,0.0,1222.3678215915475,-14.384403488697874,-13910.150289757728,57419.6665029717,0.0,-0.0,601.116626242724,-2061.8342585663836,0.0,0.0,-3110.0,-50.6715,-52798.27737064803
t481,13680.1421106592,0.0,-1830.0,92.08707176408944,-870.471497647399,0.0,0.0,-360.0,-39.019999999999996,-10672.737684775891,1562.6078333343287,0.0,-240.0,5.511979280812444,-7.2352865738558165,0.0,0.0,-353.04822864504627,-17.911,-949.9252973962397,329.38655,0.0,-0.0,4.1048947992272105,-50.60029438522713,0.0,0.0,447.77143040421174,-11.644216683583046,-719.0183641346295,2570.1679833689714,394.4633939379375,-0.0,8.263200163293464,-10.852929860783723,0.0,0.0,-1449.7142492752755,-87.42808299315446,-1424.8993153409888,815.9538573187912,0.0,-0.0,0.9543105609454481,-1.2551007321994783,0.0,0.0,-642.4616983955348,-10.8,-162.39136875200234,2033.2288167399504,4561.375607144474,-2571.099196505751,5.055598563540749,-61.24465093517371,0.0,0.0,-3016.6802777790563,-69.4125,-881.2233972279852,674.1247767013816,0.0,-729.0439029716646,9.352380466757864,-0.0,0.0,0.0,1722.081483477424,-111.93884413314534,-1564.5758935407523,8116.037163141509,0.0,-0.0,33.50849652298317,-405.9392698092346,0.0,0.0,-1716.413319805456,-22.728977823573853,-6004.464092226227,351.7025999999999,0.0,-0.0,11.410177604943318,-14.987379331558474,0.0,0.0,1538.464860018733,-30.871000000000066,-1855.719258292118,14228.24452923221,0.0,-0.0,83.67899257849433,-927.5258268737645,0.0,0.0,720.0,-19.512,-14084.885694936938,55349.133568151745,0.0,-0.0,402.69563169209226,-3556.2235326812824,0.0,0.0,3110.0,-50.6715,-55254.934167162566
t482,13242.407840055854,0.0,-1830.0,58.16630301957112,-71.8690841554721,0.0,0.0,-1429.442612980813,-39.019999999999996,-9930.24244593914,1527.6208587316137,0.0,-240.0,3.5863490483884473,-0.0,0.0,0.0,-354.63172165688707,-17.911,-918.664486123115,329.38655,0.0,-0.0,2.720257759669386,-0.0,0.0,0.0,374.353191376592,-11.644216683583046,-694.8157824526784,2580.944983368971,0.0,-394.4633939379375,5.3765934566153195,-0.0,0.0,0.0,-726.9265862669004,-87.42808299315446,-1377.5035136275942,853.0614266275079,0.0,-0.0,0.6209856062841254,-0.0,0.0,0.0,-685.5342536914794,-10.8,-157.34815854231283,2052.247249130369,3922.201121091445,-3210.2736825587804,3.289639173951735,-0.0,0.0,0.0,-1846.0681075490588,-69.4125,-851.9837192879262,674.1311767013817,0.0,-729.0439029716646,6.085539460213974,-7.662057295494865,0.0,0.0,1681.5575790904993,-111.93884413314527,-1513.1294908517914,8116.037163141509,0.0,-0.0,21.803681107750265,-0.0,0.0,0.0,-2310.2253955291185,-22.72897782357385,-5804.886470896565,351.7025999999999,0.0,-0.0,7.424261417998804,-0.0,0.0,0.0,1466.9179072071656,-30.871000000000002,-1795.1737686251647,14184.222196725113,0.0,-792.7464700979315,54.356787864589556,-402.82537996276983,0.0,0.0,720.0,-19.512,-13743.495134529001,51550.336279737145,0.0,-0.0,258.3161763427457,-0.0,0.0,0.0,3110.0,-50.6715,-54867.980956079904
t483,12486.87058840527,0.0,-1830.0,24.76531004809127,-87.77818255977253,0.0,0.0,-1160.0,-39.019999999999996,-9394.837715893591,1329.5355587316137,0.0,-240.0,1.554290690173663,-2.5956144341646974,0.0,0.0,-184.18797340450715,-17.911,-886.3952615831154,329.4151,0.0,-0.0,1.178788612566228,-1.9731966871966322,0.0,0.0,354.64516643235515,-11.644216683583046,-671.621641674142,2554.000313368971,0.0,-394.4633939379375,2.330095974542614,-0.0,0.0,0.0,-744.331220498224,-87.42808299315446,-1330.1077119141996,798.278156627508,0.0,-0.0,0.26910223903747776,-0.4502596467428556,0.0,0.0,-636.0006929291172,-10.8,-151.2963062906854,2029.4889891303687,3299.8303122279644,-3832.644491422261,1.4256048377639743,-2.383727541579824,0.0,0.0,-603.5601458843898,-69.4125,-822.7440413478672,674.1375767013817,729.0439029716646,-0.0,2.6372349437915643,-0.0,0.0,0.0,167.8032176791387,-111.93884413314527,-1461.6830881628305,8116.037163141509,0.0,-0.0,9.448904744458734,-0.0,0.0,0.0,-2498.456208279982,-22.72897782357385,-5604.30088178241,351.7025999999999,0.0,-0.0,3.217496334231633,-64.51776575519558,0.0,0.0,1474.0878568847265,-30.871000000000002,-1733.6191874637623,14129.16810879329,0.0,-1436.919462131299,23.633890192388606,-37.49668134095836,0.0,0.0,720.0,-19.512,-13378.873855513422,50422.46211231717,0.0,-0.0,120.15881211791552,-0.0,0.0,0.0,3110.0,-50.6715,-53601.94942443509
t484,12806.966081997696,0.0,-1830.0,36.799843169518894,-0.0,0.0,0.0,-1648.6016463360716,-39.019999999999996,-9326.144278831143,1133.1304587316133,149.66146816570057,-90.33853183429943,2.3552641376737244,-11.985581676776492,0.0,0.0,-282.55046900829655,-17.911,-882.3616085156153,329.4151,0.0,-0.0,1.7870259085217892,-0.0,0.0,0.0,348.02996883554476,-11.644216683583046,-667.5878780604835,2559.244023368971,0.0,-394.4633939379375,3.5312362103264823,-2.7599998977713938,0.0,0.0,-755.075020027592,-87.42808299315446,-1323.048762722843,819.5405066275081,0.0,-0.0,0.4079225559740548,-0.0,0.0,0.0,-657.8521228927967,-10.8,-151.2963062906854,2052.303149130369,3652.7871204806665,-3479.687683169559,2.160761764227893,-0.0,0.0,0.0,-1340.4481306406062,-69.4125,-817.7027175650984,674.1439767013817,0.0,-729.0439029716646,3.9972432642031914,-3.6044207369911403,0.0,0.0,1620.0590120878344,-111.93884413314534,-1453.6130642116211,8116.037163141509,0.0,-0.0,14.321436136464493,-15.798816428359611,0.0,0.0,-2518.7769245629192,-22.72897782357385,-5573.053880463121,351.7025999999999,0.0,-0.0,4.876152862606267,-5.376629899341158,0.0,0.0,1405.2153325449035,-30.871000000000066,-1725.5464555081685,14150.630327606867,0.0,-1440.5335559144783,35.96117715633861,-0.0,0.0,0.0,720.0,-19.512,-13446.545948848725,51003.25352977138,0.0,-0.0,166.06400457295183,-144.49337763698398,0.0,0.0,3110.0,-50.6715,-54084.15265670734
t485,10225.76520935258,0.0,-1830.0,35.619323591424646,-0.0,0.0,0.0,826.6987998780287,-39.019999999999996,-9219.063332822034,1338.3171587316135,0.0,-240.0,2.3928651728301205,-0.0,0.0,0.0,-199.42900212195332,-17.911,-883.3700217824903,329.44365,0.0,-0.0,1.8172675739811641,-0.0,0.0,0.0,348.97961807349975,-11.644216683583046,-668.596318963898,2647.3625333689715,0.0,-394.4633939379375,3.5884338713741513,-13.507878439746236,0.0,0.0,-830.4860065205626,-87.42808299315446,-1325.065605348945,860.137086627508,0.0,-0.0,0.32577342886580196,-1.1019898718371295,0.0,0.0,-697.2645638938513,-10.8,-151.2963062906854,2050.11164,4875.513332288478,-2256.9614713617475,2.1963656362830104,-0.0,0.0,0.0,-3782.736384241361,-69.4125,-818.7109823216522,674.1503767013817,0.0,-729.0439029716646,4.063190038336466,-10.80592010248059,0.0,0.0,1630.2144236609001,-111.93884413314534,-1456.6393231933246,8116.037163141509,0.0,-0.0,14.557224929867857,-0.0,0.0,0.0,-2528.7637230777227,-22.72897782357385,-5579.1016871700795,351.7025999999999,0.0,-0.0,4.955291748493632,-0.0,0.0,0.0,1402.7868382430224,-30.871000000000066,-1728.573729991516,14202.750317737327,0.0,-1384.722636885192,36.10361108430936,-0.0,0.0,0.0,720.0,-19.512,-13554.619291936444,52192.26633415237,0.0,-0.0,186.702637424684,-437.36336092002784,0.0,0.0,3110.0,-50.6715,-55000.93411065702
t486,13604.139033459312,662.7183247749015,-1167.2816752250985,74.7814155729119,-64.3266582445886,0.0,0.0,-3560.0,-39.019999999999996,-9511.010440337437,1203.624194788193,11.034921319362354,-228.96507868063765,5.201349145559755,-3.2438944136449313,0.0,0.0,-35.94980703259273,-17.911,-933.7906851262399,329.44365,0.0,-0.0,3.9469556122372422,-5.140529737707963,0.0,0.0,390.3112141027078,-11.644216683583046,-706.917073293654,2616.67436,394.4633939379375,-0.0,7.798597927433004,-0.0,0.0,0.0,-1530.8110650444496,-87.42808299315446,-1400.6972038277659,824.063166627508,0.0,-0.0,0.900946483878204,-0.5627163778771818,0.0,0.0,-653.2273120653825,-10.8,-160.37408466812653,2027.3533800000002,2761.229186344237,-4371.245617305988,4.772134884701051,-6.688643870646788,0.0,0.0,520.0914858273759,-69.4125,-866.0994258796788,674.1535767013817,0.0,-729.0439029716646,8.828106957606284,-3.1906632885974133,0.0,0.0,1701.5575484215433,-111.93884413314534,-1540.3658216871238,8116.037163141509,0.0,-0.0,31.629448892591295,-56.73036778126744,0.0,0.0,-2170.587759359315,-22.72897782357385,-5897.619507069943,351.7025999999999,0.0,-0.0,9.867028897424593,-9.831444611099899,0.0,0.0,1508.6156951501134,-30.871000000000066,-1829.4828794364382,14246.20659133581,0.0,-316.44901848284735,81.8202925538418,-166.60592329229203,0.0,0.0,720.0,-19.512,-14545.45994211451,55133.89617132735,0.0,-0.0,393.47586202899953,-0.0,0.0,0.0,3110.0,-50.6715,-58586.70053335635
t487,13013.059106691093,149.23517902727235,-1680.7648209727276,238.69857945132497,-0.0,0.0,0.0,-1160.0,-39.019999999999996,-10521.208044196963,1397.6457947881931,0.0,-240.0,17.320604609678945,-0.0,0.0,0.0,-108.30560184788351,-17.911,-1048.7497975499887,329.4722,0.0,-0.0,13.14799875289636,-0.0,0.0,0.0,462.6670089179986,-11.644216683583046,-793.6429909873119,2692.45745,394.4633939379375,-0.0,25.971685514335878,-18.104931263515024,0.0,0.0,-1434.2222668361255,-87.42808299315446,-1573.137248359478,1045.957966627508,0.0,-0.0,3.001019032220465,-0.0,0.0,0.0,-858.6207021947819,-10.8,-179.5382834649467,2050.1675400000004,3676.1456363101142,-3456.3291673401113,15.894257041296017,-0.0,0.0,0.0,-1244.4985406934761,-69.4125,-971.9672253178235,674.1599767013817,729.0439029716646,-0.0,29.403453386379375,-0.0,0.0,0.0,412.3691545959716,-111.93884413314527,-1733.0376435222518,8116.037163141509,0.0,-0.0,105.34575527263232,-0.0,0.0,0.0,-1589.409177668397,-22.72897782357385,-6609.244762922171,365.55180144742525,0.0,-0.0,35.863904491190965,-0.0,0.0,0.0,1690.0201257266935,-30.871000000000002,-2060.56483166531,14773.164801436975,615.0433782027366,-0.0,271.7899076022043,-0.0,0.0,0.0,720.0,-19.512,-16360.486087241916,61744.65184240481,0.0,-0.0,1281.280073024285,-1132.6834659026056,0.0,0.0,3110.0,-50.6715,-64952.57694952649
t488,10146.474185838551,972.5746736699001,-857.4253263300999,388.455763747137,-203.40442216840984,0.0,0.0,2040.0,-39.019999999999996,-12447.65487475708,1552.6576400000004,205.70738921435748,-34.29261078564253,25.7375960105456,-23.036830926371845,0.0,0.0,-529.0186612691516,-17.911,-1179.8435222437372,329.4722,0.0,-0.0,19.52765112808011,-11.391071183918644,0.0,0.0,567.5140771647816,-11.644216683583048,-893.47864042536,2725.4874900000004,55.60929804691081,-338.8540958910267,38.58805532839782,-29.4,0.0,0.0,-594.2232600867146,-87.42808299315446,-1769.7794044044126,980.386546627508,0.0,-0.0,4.457574102625443,-2.5993048339143217,0.0,0.0,-769.7164075086387,-10.8,-201.72840838758054,3888.1940679628733,5965.774803650225,-1166.7,23.611866675608045,-13.761025591311112,0.0,0.0,-7534.7482165931215,-69.4125,-1092.9589961042745,972.6449040429859,0.0,-729.0439029716646,35.098354151818555,-25.45789734392556,0.0,0.0,1807.6081704710364,-111.93884413314527,-1948.9107842171074,8116.037163141509,0.0,-0.0,156.49848427151144,-91.2050196135231,0.0,0.0,-723.8312715537904,-22.728977823573853,-7434.770378422133,429.65381957550835,0.0,-0.0,53.28477379875498,-40.6,0.0,0.0,1906.4155693755984,-30.871000000000002,-2317.883162749861,15820.129583579477,813.5919323647012,-0.0,407.99931283045703,-0.0,0.0,0.0,720.0,-19.512,-17742.208828774634,64191.854653062815,0.0,-0.0,1896.3634796880128,-0.0,0.0,0.0,3110.0,-50.6715,-69147.54663275083
t489,13856.361355974124,840.2365124131691,-989.7634875868309,287.42497194104067,-0.0,0.0,0.0,-360.0,-39.019999999999996,-13595.2393527415,1751.396764003259,0.0,-240.0,17.914975592041067,-0.0,0.0,0.0,-277.102900940313,-17.911,-1234.2978386549864,329.84794999999997,0.0,-0.0,16.843314643021166,-0.0,0.0,0.0,599.7776695059217,-11.644216683583046,-934.8247174653598,3678.0505244196142,240.40915875573558,-154.05423518220192,33.29895227591918,-21.36762774034065,0.0,0.0,-1836.4387374609796,-87.42808299315446,-1852.4699520745903,1103.6891266275081,0.0,-0.0,3.725600985684224,-3.191545486503143,0.0,0.0,-881.6083533197295,-10.8,-211.81482880695958,8932.940043771021,1020.5653764941436,-6111.909427156082,20.371865354001102,-0.0,0.0,0.0,-2648.1748597745664,-69.4125,-1144.3804986885161,1434.3057112619335,729.0439029716646,-0.0,37.685875443981146,-0.0,0.0,0.0,-52.42435085792249,-111.93884413314527,-2036.6722946865113,8116.037163141509,0.0,-0.0,135.02503922727826,-99.73995703566061,0.0,0.0,-339.0182289457984,-22.72897782357385,-7789.575038563754,480.30232772609247,0.0,-0.0,45.98031416975336,-40.6,0.0,0.0,1964.9897617933875,-30.871000000000002,-2419.8014036892328,18099.256631403918,0.0,-714.3751265471741,353.7706341772747,-331.3,0.0,0.0,720.0,-19.512,-18107.840139034022,66217.64086479558,0.0,-0.0,1630.2351579296333,-1411.4,0.0,0.0,3110.0,-50.6715,-69495.80452272522
t490,14715.759546199079,0.0,-1830.0,307.9418343923407,-950.1507833524436,0.0,0.0,1780.6450305922995,-39.019999999999996,-13985.175627831277,1886.929823255595,240.0,-0.0,18.905763960785197,-19.6,0.0,0.0,-825.6229117513947,-17.911,-1282.701675464986,330.12649999999996,0.0,-0.0,14.331753406253661,-47.39603981646015,0.0,0.0,685.7105930820759,-11.644216683583046,-971.1285899882863,4335.992722348508,0.0,-394.4633939379375,28.339197013405055,-25.736390764691727,0.0,0.0,-1932.636186364923,-87.42808299315446,-1924.0678653012076,1026.1573266275082,0.0,-0.0,3.272029878346779,-3.4,0.0,0.0,-795.3453913633921,-10.8,-219.88396514246278,11114.844443186756,1288.7295167106734,-5843.745286939552,17.33623977555782,-18.0,0.0,0.0,-5300.0,-69.4125,-1189.7524127334354,1721.3284361883718,358.9093320560351,-370.13457091562947,32.07009869200469,-106.07383639606375,0.0,0.0,591.1944127192314,-111.93884413314527,-2115.3550282108044,8116.037163141509,0.0,-0.0,114.9052828178163,-90.13077449646563,0.0,0.0,-16.03764188262761,-22.72897782357385,-8102.045051756658,520.2671661886627,0.0,-0.0,39.13137703226932,-0.0,0.0,0.0,1982.092094968731,-30.871000000000002,-2510.6196381896625,19048.066544350335,0.0,-1389.3368827048625,299.0992572954217,-331.3,0.0,0.0,720.0,-19.512,-18327.01691894089,64571.92093290012,0.0,-0.0,1347.6252873274943,-0.0,0.0,0.0,3110.0,-50.6715,-68978.87472022761
t491,13150.762281399238,784.2594213797377,-1045.7405786202623,328.53317277387634,-258.5,0.0,0.0,1415.4198994379449,-39.019999999999996,-14335.714196370533,2114.885041270794,240.0,-0.0,20.198407989018005,-19.23575063332861,0.0,0.0,-1028.0078649558727,-17.911,-1309.9288336706106,330.4695,0.0,-0.0,15.308361896812256,-14.6230961447243,0.0,0.0,671.7868589880741,-11.644216683583046,-991.2974080565789,4744.73723034122,0.0,-394.4633939379375,30.275249585025826,-62.17414215504172,0.0,0.0,-2266.5421430168662,-87.42808299315446,-1964.4047178232456,938.60124,0.0,-0.0,3.4951343333700136,-3.3368138853733313,0.0,0.0,-704.0410271377823,-10.8,-223.9185333102144,11169.895601252792,1353.16434459406,-5779.310459056165,18.519437575606787,-68.7447757154597,0.0,0.0,-5410.160881760107,-69.4125,-1213.9507668907256,1764.1470249337656,0.0,-729.0439029716646,34.25872327502243,-0.0,0.0,0.0,1202.317158838478,-111.93884413314527,-2159.740159942457,8116.037163141509,0.0,-0.0,122.74793471353303,-59.91410850014675,0.0,0.0,116.24959580469505,-22.72897782357385,-8272.391607336014,511.9576453202076,0.0,-0.0,41.8044184938926,-132.77707171451388,0.0,0.0,2172.9784038014363,-30.871000000000002,-2563.092395901022,19415.89181852549,0.0,-1750.8919853649243,304.55932339812017,-102.64280159090352,0.0,0.0,720.0,-19.512,-18567.404354967784,67136.9203463793,0.0,-0.0,1366.4779637053955,-2587.820840739977,0.0,0.0,3110.0,-50.6715,-68974.90596934472
t492,12595.896305277987,1830.0,-0.0,386.5752706539068,-115.08819619605697,0.0,0.0,-126.6708482165576,-39.019999999999996,-14531.69253151928,2238.910441596467,0.0,-240.0,23.65406881184212,-7.391136178157783,0.0,0.0,-683.2998874920414,-17.911,-1313.9624867381106,330.62944999999996,0.0,-0.0,17.925118564685356,-5.618771890538314,0.0,0.0,664.0395916796735,-11.644216683583046,-995.3311716702374,5100.232580969622,0.0,-394.4633939379375,35.45381641804224,-21.392331990709778,0.0,0.0,-2660.9389214512585,-87.42808299315446,-1971.4636670146022,830.40771,0.0,-0.0,4.092676238897144,-1.2821358676396153,0.0,0.0,-597.4910750191052,-10.8,-224.92717535215232,12081.285797001916,0.0,-7132.474803650225,21.686370770434962,-6.787778122797964,0.0,0.0,-3676.313260082387,-69.4125,-1217.9838259169405,1746.8143034050256,129.90527571517345,-599.1386272564912,40.11705724533258,-24.099382430371577,0.0,0.0,985.1416483542416,-111.93884413314527,-2166.8014308997654,8115.80203295066,0.0,-0.0,143.73881319287324,-86.33802774604592,0.0,0.0,150.14086472791354,-22.728977823573853,-8300.614705301825,452.9996163011682,0.0,-0.0,48.9548347106829,-15.310210654755405,0.0,0.0,2115.391887499521,-30.871000000000002,-2571.165127856616,18249.76412100043,0.0,-563.5515214255585,375.5579640178427,-383.73005121748974,0.0,0.0,720.0,-19.512,-18378.528512375226,63813.024131166676,0.0,-0.0,1565.9580300170437,-548.8580583119292,0.0,0.0,3110.0,-50.6715,-67889.45260287181
t493,13113.8962270439,466.75203546264333,-1363.2479645373567,408.2708083128884,-0.0,0.0,0.0,2040.0,-39.019999999999996,-14626.651106282075,2009.9744556699957,15.27551635032546,-224.72448364967454,24.787326514610378,-59.6,0.0,0.0,-434.84774141402136,-17.911,-1312.9540734712357,330.61724999999996,0.0,-0.0,18.778683518723902,-4.751609660427314,0.0,0.0,660.3141826886947,-11.644216683583046,-993.3142898634081,5611.444655921756,0.0,-394.4633939379375,37.14988761258453,-0.0,0.0,0.0,-3197.256242214747,-87.42808299315446,-1969.4468243885003,898.8429,0.0,-0.0,4.287782333610176,-1.0842599225136154,0.0,0.0,-666.3192470589443,-10.8,-224.92717535215232,11980.34552912676,860.7677783445531,-6271.707025305672,22.721978584522834,-5.740199589777963,0.0,0.0,-5300.0,-69.4125,-1216.9755611603869,1670.1678984655553,310.56215110059463,-418.48175187106995,42.03255016543414,-81.5588711286919,0.0,0.0,752.9920393193838,-111.93884413314527,-2163.775171918062,7994.9895211549,0.0,-0.0,150.60348190015355,-0.0,0.0,0.0,168.6789700099083,-22.728977823573853,-8291.542995241387,414.2218522483772,0.0,-0.0,51.29630152988702,-12.947339074721405,0.0,0.0,2146.4380386697258,-30.871000000000002,-2568.137853373268,18611.574386075306,0.0,-1326.8704490803264,396.81537731980984,-93.37158263869284,0.0,0.0,720.0,-19.512,-18288.635731676095,64353.54839674571,0.0,-0.0,861.6807564246598,-1071.6989530401088,0.0,0.0,3110.0,-50.6715,-67202.85870013028
t494,10938.968258900128,1830.0,-0.0,389.2041641962816,-848.7448015063088,0.0,0.0,2111.775664557969,-39.019999999999996,-14382.18328614807,1818.733607872036,175.3976406827066,-64.6023593172934,23.679240285067564,-0.0,0.0,0.0,-637.4692550544056,-17.911,-1297.8278744681108,330.59759999999994,0.0,-0.0,17.934619009455712,-47.27011821591054,0.0,0.0,692.6035558158852,-11.644216683583046,-982.2214399258472,5782.759781626738,328.8334358477435,-65.62995809019401,35.48694504372451,-0.0,0.0,0.0,-4047.76898724653,-87.42808299315446,-1946.2531341883284,980.0171799999999,0.0,-0.0,4.095247961824786,-11.107963422511,0.0,0.0,-740.3032153129752,-10.8,-221.9012492263386,11174.335585295448,1256.49288666333,-5875.981916986895,21.70325301004427,-4.277453413293523,0.0,0.0,-5300.0,-69.4125,-1202.8598545686343,1667.8141471399385,0.0,-729.0439029716646,40.14782653019422,-31.090047582858485,0.0,0.0,1302.6671680880681,-111.93884413314527,-2138.556347070532,7921.45664282157,0.0,-0.0,143.85178492836468,-433.0140294910873,0.0,0.0,588.236570848243,-22.728977823573853,-8197.801991283515,451.41685042146247,0.0,-0.0,48.99970213011922,-132.94803380998428,0.0,0.0,2200.258498303746,-30.871000000000002,-2536.8560170453425,18106.199984120052,0.0,-52.82781176538856,384.3713449364577,-1118.2640964686102,0.0,0.0,720.0,-19.512,-18019.96742082251,62750.889948491706,0.0,-0.0,1386.548349770588,-1170.6427349116188,0.0,0.0,3110.0,-50.6715,-66026.1240633507
t495,11739.144443526577,1462.062202182492,-367.93779781750806,430.60186746586487,-726.9224987279651,0.0,0.0,1876.1734886877343,-39.019999999999996,-14374.101705317195,1981.880841265874,0.0,-240.0,26.183330701306556,-75.23382305373009,0.0,0.0,-389.19243364784006,-17.911,-1285.726915265611,330.46799999999996,0.0,-0.0,19.829730440788232,-3.5925055555368797,0.0,0.0,638.0844635934473,-11.644216683583046,-973.1454717951156,5268.518504596002,394.4633939379375,-0.0,39.23899333602801,-23.450734580595125,0.0,0.0,-3662.2321024297553,-87.42808299315446,-1929.1099718664623,724.14266,0.0,-0.0,0.8197663683775429,-0.8197663683775429,0.0,0.0,-493.4586948575371,-10.8,-219.88396514246278,11554.677330413995,1060.164848670277,-6072.309954979948,23.997422496067237,-4.339939597292874,0.0,0.0,-5300.0,-69.4125,-1192.7772070030967,1581.934160754755,0.0,-729.0439029716646,28.020057445431707,-8.028888254991816,0.0,0.0,1358.4474573460247,-111.93884413314527,-2119.3900401864094,7995.898584863683,0.0,-0.0,159.0579841770964,-0.0,0.0,0.0,-9.015215986189958,-22.728977823573853,-8123.212375231015,384.5449920038943,0.0,-0.0,54.180323613385006,-44.391348743935524,0.0,0.0,2151.193037294116,-30.871000000000002,-2514.6560041674593,17547.797667990882,0.0,-0.0,425.4080391800159,-858.7626288419077,0.0,0.0,720.0,-19.512,-17814.931078328987,63984.44974944708,0.0,-0.0,1671.9206337921923,-3499.2,0.0,0.0,3110.0,-50.6715,-65216.49888323928
t496,12405.904100289474,628.1101228660473,-1201.8898771339527,540.7804423481965,-145.7696550727438,0.0,0.0,2119.3135301654456,-39.019999999999996,-14307.428663462466,1759.3725942269962,49.3027052172188,-190.6972947827812,32.92043093761887,-32.92043093761887,0.0,0.0,-319.38215573019704,-17.911,-1280.684848931236,330.33295,0.0,-0.0,24.925721055869513,-48.246308991141326,0.0,0.0,673.7435628003121,-11.644216683583046,-969.1117081814571,4787.433066649486,0.0,-394.4633939379375,49.33235502712735,-95.50815331137953,0.0,0.0,-2338.323190072087,-87.42808299315446,-1921.0426013620547,672.2138599999998,0.0,-0.0,5.691961770674334,-11.017949702676546,0.0,0.0,-437.2125489674728,-10.8,-218.8753231005249,10056.046839449566,2331.8124270054414,-4800.662376644784,30.168003288958904,-58.40091019064053,0.0,0.0,-6301.815599688214,-69.4125,-1187.7358832203279,1376.2213945890553,668.3955366932591,-60.648366278405305,55.80597694664388,-108.03168385268498,0.0,0.0,291.51600227047766,-111.93884413314527,-2111.3200162351995,8116.037163141509,0.0,-0.0,25.191588096856403,-390.66415521983555,0.0,0.0,360.0978845787977,-22.72897782357385,-8087.9335027737525,356.05520616919074,0.0,-0.0,68.1164347747376,-9.788974869449484,0.0,0.0,2122.062514642938,-30.871000000000002,-2505.5741807174163,16695.2234341627,0.0,-0.0,338.41714466144526,-0.0,0.0,0.0,720.0,-19.512,-17734.128578824148,60199.241685273555,0.0,-0.0,2059.766267562758,-689.2127002661086,0.0,0.0,3110.0,-50.6715,-64629.123752570216
t497,13362.78777023627,1830.0,-0.0,666.1720140013847,-476.8161316846662,0.0,0.0,-988.2157017091226,-39.019999999999996,-14354.907950843864,1834.0530103070266,102.85369460717868,-137.14630539282132,41.59268586596754,-4.3492646233332595,0.0,0.0,-533.3659054984071,-17.911,-1285.726915265611,329.93595,0.0,-0.0,31.48885049800016,-3.3063287187584467,0.0,0.0,626.6712166994571,-11.644216683583046,-973.1454717951156,3555.538715679169,0.0,-394.4633939379375,62.326539837134796,-6.523896934999887,0.0,0.0,-1200.33990978375,-87.42808299315446,-1929.1099718664623,906.5026899999999,0.0,-0.0,4.177273929828989,-0.754464271394545,0.0,0.0,-679.2415345159716,-10.8,-219.88396514246278,6136.760047267902,3499.9915600721833,-3632.483243578042,38.113195765074494,-3.9942226132652374,0.0,0.0,-4777.205894667311,-69.4125,-1191.7689422465428,1090.165881271401,0.0,-729.0439029716646,40.95278518423767,-7.389311834540689,0.0,0.0,1837.652185664023,-111.93884413314527,-2120.3987931803103,8116.037163141509,0.0,-0.0,252.620372689612,-0.0,0.0,0.0,-226.74805391450278,-22.72897782357385,-8119.180504093043,351.7025999999999,0.0,-0.0,86.05808092522112,-0.0,0.0,0.0,2110.7935977255866,-30.871000000000002,-2517.683278650807,16489.002062546875,0.0,-0.0,692.4401150878248,-62.95897433047106,0.0,0.0,720.0,-19.512,-17818.971203304227,65363.67500562547,0.0,-0.0,339.16524976652295,-3838.3652497665225,0.0,0.0,3110.0,-50.6715,-64923.803505625474
t498,13320.089033671757,1830.0,-0.0,779.9542874282317,-63.96431066353031,0.0,0.0,-1160.0,-39.019999999999996,-14667.059010436456,1763.956133334329,240.0,-0.0,49.831161150373504,-59.6,0.0,0.0,-678.4484200165916,-17.911,-1297.8278744681108,329.64349999999996,0.0,-0.0,37.72828996269007,-45.1,0.0,0.0,671.5938666467403,-11.644216683583046,-982.2214399258472,2601.8138500000005,180.82420744642025,-213.63918649151728,11.893895646164697,-89.3,0.0,0.0,-456.90312810653427,-87.42808299315446,-1947.2615555013795,1068.1423399999999,0.0,-0.0,8.615576304213972,-10.3,0.0,0.0,-833.7566670778754,-10.8,-221.9012492263386,2062.5355200000004,5228.068405438688,-1904.4063982115367,7.279428472314336,-0.0,0.0,0.0,-4121.204601130833,-69.4125,-1202.8598545686343,674.2239767013816,729.0439029716646,-0.0,84.47092591718436,-9.963179579969482,0.0,0.0,775.7458241751174,-111.93884413314527,-2141.5826060522354,8116.037163141509,0.0,-0.0,302.66770966438133,-51.66440797255322,0.0,0.0,-154.57323800219234,-22.72897782357385,-8189.73824900757,351.7025999999999,0.0,-0.0,103.10576659653616,-8.573164096666977,0.0,0.0,2127.546363512169,-30.871000000000002,-2542.9105660120376,16007.946031874637,816.3517359787908,-0.0,832.2517291724948,-275.4581703309742,0.0,0.0,720.0,-19.512,-18081.579326694948,60525.78709695893,0.0,-0.0,3103.3446405409622,-907.4065411682207,0.0,0.0,3110.0,-50.6715,-65781.05369633167
t499,16100.916730986166,1830.0,-0.0,701.6821820537076,-65.4347487788672,0.0,0.0,-3523.6791541354637,-39.019999999999996,-15004.46501012554,1570.545683334329,147.36615440106004,-92.63384559893996,9.957059042456585,-15.778106847367866,0.0,0.0,-287.5834575934275,-17.911,-1313.9624867381106,329.64349999999996,0.0,-0.0,34.378582786863426,-0.0,0.0,0.0,641.9448646635426,-11.644216683583046,-994.3227307668228,2825.2175400000006,394.4633939379375,-0.0,68.01896544733329,-89.3,0.0,0.0,-1140.516570690565,-87.42808299315446,-1970.4552457015511,1114.9831673187912,0.0,-0.0,7.84996365823846,-2.737018534747487,0.0,0.0,-884.3689370901297,-10.8,-224.92717535215232,2079.3266967399504,4247.243599679752,-2885.231203970473,41.60059151144383,-69.09009812513375,0.0,0.0,-2126.453259918599,-69.4125,-1217.9838259169405,674.2303767013817,729.0439029716646,-0.0,75.11736104560171,-101.0,0.0,0.0,902.3573873081641,-111.93884413314527,-2167.810183893667,8116.037163141509,0.0,-0.0,275.733346198546,-361.9,0.0,0.0,284.40146372490653,-22.72897782357385,-8291.542995241387,351.7025999999999,0.0,-0.0,93.91962964230021,-144.4564910339073,0.0,0.0,2303.897663731572,-30.871000000000002,-2574.1924023399633,15508.380271016169,1750.8919853649243,-0.0,750.3849001087603,-223.54330102690696,0.0,0.0,720.0,-19.512,-18486.601855462945,60428.087791805156,0.0,-0.0,2931.6141089525504,-0.0,0.0,0.0,3110.0,-50.6715,-66419.0304007577
t500,15563.04482369661,1033.483840897167,-796.516159102833,493.6351728975196,-231.9619798048934,0.0,0.0,-942.4358681685667,-39.019999999999996,-15080.229830415003,1778.3475333343288,240.0,-0.0,30.72337560494646,-0.0,0.0,0.0,-735.3488610049144,-17.911,-1295.8110479343609,329.67205,0.0,-0.0,16.63243557666561,-12.02739619665069,0.0,0.0,658.5801263260007,-11.644216683583046,-981.2129990224327,2829.6027817387267,394.4633939379375,-0.0,46.05150848612081,-23.7319092739282,0.0,0.0,-1215.729821646526,-87.42808299315446,-1943.2278702491756,1115.4976473187912,0.0,-0.0,5.316554064027881,-10.3,0.0,0.0,-877.8129521564804,-10.8,-221.9012492263386,2102.1408567399503,5032.7153318038045,-2099.7594718464206,28.170148518711514,-0.0,0.0,0.0,-3793.0110401605198,-69.4125,-1200.8433250555267,674.2367767013817,729.0439029716646,-0.0,52.11141926748642,-134.3,0.0,0.0,927.3855862753408,-111.93884413314527,-2136.5388410827295,8116.037163141509,0.0,-0.0,186.71331383065217,-96.2998903530488,0.0,0.0,-4.06303763290083,-22.72897782357385,-8179.658571162637,351.7025999999999,0.0,-0.0,63.58854887677656,-0.0,0.0,0.0,2152.4358681685667,-30.871000000000002,-2536.8560170453425,16013.60113287836,1140.6938006672697,-0.0,499.87501250175205,-86.22283924749604,0.0,0.0,720.0,-19.512,-18268.435106799887,62115.50105463513,0.0,-0.0,2113.534813513662,-1031.0605658692348,0.0,0.0,3110.0,-50.6715,-66257.30380227957
t501,15982.989527802303,1830.0,-0.0,399.54900962960227,-0.0,0.0,0.0,-3560.0,-39.019999999999996,-14613.518537431903,1584.232383334329,240.0,-0.0,14.638003767224463,-19.6,0.0,0.0,-550.9269361765671,-17.911,-1250.4324509249864,329.67205,0.0,-0.0,18.6029047542963,-45.1,0.0,0.0,655.3952702356219,-11.644216683583046,-946.9260083063352,2711.3835417387263,394.4633939379375,-0.0,36.78831518028379,-0.0,0.0,0.0,-1179.5435255890302,-87.42808299315446,-1875.6636422747622,970.6631973187913,0.0,-0.0,4.247258051160677,-3.4,0.0,0.0,-746.8783424791164,-10.8,-213.8321128908354,2079.3825967399503,3673.2894572724554,-3459.1853463777697,22.504091292218966,-18.0,0.0,0.0,-1069.073828890033,-69.4125,-1159.5044700368226,674.2431767013817,729.0439029716646,-0.0,41.629932829244574,-15.00571308806762,0.0,0.0,743.9186642529621,-111.93884413314527,-2061.891119534041,8116.037163141509,0.0,-0.0,149.15826698549242,-0.0,0.0,0.0,-347.05479636788357,-22.72897782357385,-7895.411655935543,351.7025999999999,0.0,-0.0,45.9771156132619,-143.9253365879458,0.0,0.0,2224.1634950140465,-30.871000000000002,-2447.0468740393617,16020.487830620748,593.2093046573783,-0.0,399.74281866981255,-0.0,0.0,0.0,720.0,-19.512,-17713.92795394794,60158.195058984544,0.0,-0.0,1657.6627483254115,-0.0,0.0,0.0,3110.0,-50.6715,-64875.18630730996
t502,16226.86900898076,842.7938004403723,-987.2061995596277,275.0114224691755,-1142.9664763836172,0.0,0.0,-1160.0,-39.019999999999996,-14015.481555947063,1369.792233334329,171.88918061437852,-68.11081938562148,20.980837170647625,-59.6,0.0,0.0,-227.1127768212467,-17.911,-1189.927654912487,329.7006,0.0,-0.0,15.90715954148388,-14.9,0.0,0.0,581.4741838913618,-11.644216683583046,-900.5377267492624,2619.222921738727,0.0,-394.4633939379375,31.450810980736986,-29.4,0.0,0.0,-354.4765316881949,-87.42808299315446,-1784.905724100177,953.6723773187912,0.0,-0.0,3.631605412674496,-0.0,0.0,0.0,-742.7582902600093,-10.8,-203.74569247145635,2102.1967567399506,5299.8396751479595,-1832.6351285022656,14.888301451291301,-54.6,0.0,0.0,-4357.2354611671235,-69.4125,-1103.0416436698122,674.2463767013817,729.0439029716646,-0.0,35.59302465309469,-14.943801666299539,0.0,0.0,649.0151616172243,-111.93884413314527,-1961.0158201439217,8116.037163141509,0.0,-0.0,127.52704514073017,-481.2,0.0,0.0,-222.21149370808592,-22.72897782357385,-7517.423736750578,351.7025999999999,0.0,-0.0,43.42817806383023,-40.6,0.0,0.0,2003.3052081360743,-30.871000000000002,-2326.964986199904,15094.528360271475,1750.8919853649243,-0.0,332.16324722507477,-957.0181653047528,0.0,0.0,720.0,-19.512,-16921.053427556726,58586.20818714395,0.0,-0.0,1419.779598326851,-689.450846666552,0.0,0.0,3110.0,-50.6715,-62375.865438804256
t503,15073.692965436172,0.0,-1830.0,255.4766607129273,-1236.9,0.0,0.0,969.9310802563095,-39.019999999999996,-13193.180706405408,1551.1715833343287,0.0,-240.0,15.527791469786559,-24.323542600701604,0.0,0.0,-168.15134577280128,-17.911,-1116.3134864306128,329.72915,0.0,-0.0,10.194728961392487,-5.71893805926778,0.0,0.0,522.5127528429164,-11.644216683583046,-845.0734770614579,2621.8377717387266,394.4633939379375,-0.0,20.41847334711195,-24.413225273527885,0.0,0.0,-1249.8905297794695,-87.42808299315446,-1674.9878009776237,1061.5083073187911,0.0,-0.0,2.688388529563068,-2.8307861408086596,0.0,0.0,-859.9325637812819,-10.8,-190.63334592626362,2079.43849673995,5400.088786559602,-1732.3860170906228,14.24212588262536,-14.986514863104667,0.0,0.0,-4641.496472247741,-69.4125,-1035.4879049807103,674.2527767013817,674.2198014681957,-54.82410150346899,26.346589779990623,-0.0,0.0,0.0,631.9092385628223,-111.93884413314527,-1839.9654608757785,8116.037163141509,0.0,-0.0,81.10027988341807,-99.0645501745536,0.0,0.0,-1021.5853591431099,-22.72897782357385,-7053.758555883689,351.7025999999999,0.0,-0.0,32.14360499951614,-157.01350156820519,0.0,0.0,1986.703199062355,-30.871000000000002,-2182.6649024936655,14227.935153898108,1423.0451346711548,-0.0,249.07907087465378,-742.0468003758018,0.0,0.0,720.0,-19.512,-15858.500559068116,58060.946721916356,0.0,-0.0,1073.1583754578423,-2715.7484908070182,0.0,0.0,3110.0,-50.6715,-59477.685106567194
t504,16776.021113642153,0.0,-1830.0,169.5762067603639,-208.6936714546429,0.0,0.0,-2645.5028398514664,-39.019999999999996,-12222.380809096405,1753.783783334329,240.0,-0.0,10.174505939696683,-0.0,0.0,0.0,-939.3143182577871,-17.911,-1046.7329710162385,329.72915,0.0,-0.0,7.715110479284901,-0.0,0.0,0.0,466.83450628819537,-11.644216683583046,-792.6345500838972,2713.4016617387265,378.39772711377543,-16.06566682416203,15.252347803969128,-89.3,0.0,0.0,-1343.1375811057783,-87.42808299315446,-1571.120405733376,980.6736573187912,0.0,-0.0,1.7613161118669347,-7.173694877074047,0.0,0.0,-784.9229950886374,-10.8,-179.5382834649467,2056.66905673995,3366.011573730783,-3766.4632299194427,9.331257843231462,-0.0,0.0,0.0,-625.1771978332522,-69.4125,-970.9589605612697,674.2591767013816,46.40311951253615,-682.6407834591284,17.261885899420616,-90.88191840738332,0.0,0.0,1873.5137364512595,-111.93884413314527,-1725.9763725649434,8116.037163141509,0.0,-0.0,61.84769929671845,-0.0,0.0,0.0,-1537.8473794165373,-22.72897782357385,-6617.308505198116,351.7025999999999,0.0,-0.0,21.06097342346672,-0.0,0.0,0.0,1705.5540688140036,-30.871000000000002,-2047.44664223747,14182.837077201964,549.9127153546664,-0.0,163.25754309960826,-691.4642707452012,0.0,0.0,720.0,-19.512,-14905.031064911036,57782.4513163635,0.0,-0.0,706.5130720980384,-4508.413011715102,0.0,0.0,3110.0,-50.6715,-57039.87987674643
t505,12757.087034979655,1226.4701995716093,-603.5298004283907,171.7316064043875,-1219.826399019392,0.0,0.0,-1292.8709330814922,-39.019999999999996,-11000.041708426377,1425.409869655392,0.0,-240.0,10.230822319666949,-16.252057583209805,0.0,0.0,-187.35041859060948,-17.911,-974.1272158012393,330.12885,0.0,-0.0,7.753227341784422,-7.423944969520721,0.0,0.0,418.35638470741196,-11.644216683583046,-737.1703003960928,2483.4190628940523,394.4633939379375,-0.0,15.334566894596918,-14.648589402946925,0.0,0.0,-1329.9378687196627,-87.42808299315446,-1461.2024826108227,635.0240907206759,0.0,-0.0,1.7702107062041335,-1.694054556803386,0.0,0.0,-457.87430995032264,-10.8,-166.42593691975395,2036.8104021617576,1860.8735894106353,-1223.453080867533,9.379938975130237,-8.96852412425322,0.0,0.0,-1702.8328684401226,-69.4125,-902.3969571156141,674.4031767013817,729.0439029716646,-0.0,17.351720445500586,-16.59176962986846,0.0,0.0,314.67533292906865,-111.93884413314534,-1606.9435192846026,7707.069941488046,0.0,-0.0,62.170873299423995,-421.3413848901894,0.0,0.0,-1180.5988378029215,-22.728977823573857,-6144.571614270787,351.7025999999999,0.0,-0.0,21.17408445731889,-20.22900441359337,0.0,0.0,1588.4335189486505,-30.871000000000066,-1910.210198992376,13844.939323755092,847.4964204760345,-642.5035795239653,164.13296987462135,-1247.8203745823757,0.0,0.0,720.0,-19.512,-13666.732759999406,52573.37316168233,0.0,-0.0,682.6807256876546,-2212.3781639688823,0.0,0.0,3110.0,-50.6715,-54103.004223401105
t506,12491.732328476715,1521.639241270739,-308.3607587292611,67.70925745109517,-0.0,0.0,0.0,-3560.0,-39.019999999999996,-10173.700068469287,1224.844919655392,240.0,-0.0,4.175304307141207,-43.71019084009068,0.0,0.0,-476.63358779682767,-17.911,-930.7654453256148,330.12885,0.0,-0.0,3.1646560971429025,-0.0,0.0,0.0,383.250902073265,-11.644216683583046,-704.9001914868246,2577.7526635069626,0.0,-394.4633939379375,6.258427669721539,-0.0,0.0,0.0,-706.464516983081,-87.42808299315446,-1395.6550972625112,702.6279907206759,0.0,-0.0,0.7225314200384714,-10.3,0.0,0.0,-522.8850795145258,-10.8,-159.36544262618864,2014.0521421617573,1166.7,-2307.7005853019014,3.828363135020335,-54.6,0.0,0.0,109.19894685858708,-69.4125,-862.0663668534638,674.4095767013816,0.0,-729.0439029716646,7.082018920688591,-0.0,0.0,0.0,1695.8219611942582,-111.93884413314534,-1536.330809711519,8116.020569208404,0.0,-0.0,25.37459682944916,-0.0,0.0,0.0,-2248.261811325652,-22.728977823573853,-5870.404376888626,351.7025999999999,0.0,-0.0,8.64172796466493,-0.0,0.0,0.0,1495.9731854939764,-30.871000000000066,-1825.4465134586414,13492.408279194698,747.5782181011034,-742.4217818988966,67.2029854819873,-1150.0,0.0,0.0,720.0,-19.512,-13115.255700878892,50703.01345746022,2318.0560621300797,-0.0,294.85361957898203,-3868.677458414339,0.0,0.0,3110.0,-50.6715,-52506.57418075495
t507,12926.989333304324,278.735689932543,-1551.264310067457,49.26418920375971,-36.232056310912924,0.0,0.0,-1908.3515017258974,-39.019999999999996,-9720.12134433636,1424.2594196553919,240.0,-0.0,3.1048728446422977,-2.3930959636835656,0.0,0.0,-743.5219094163604,-17.911,-903.5382871199902,330.1574,0.0,-0.0,2.3526953158676234,-34.5864350565748,0.0,0.0,397.44348893940764,-11.644216683583046,-683.7229325151175,2599.0374635069625,0.0,-394.4633939379375,4.653638257302543,-3.5896439455253475,0.0,0.0,-762.8917361471749,-87.42808299315446,-1355.3182447404733,783.798870720676,0.0,-0.0,0.5371769386918854,-0.41512889165939404,0.0,0.0,-618.7986863512092,-10.8,-154.32223241649913,2036.8663021617574,3060.39160940774,-4072.083194242485,2.8464692116588535,-2.1977411911379683,0.0,0.0,-119.55119740791315,-69.4125,-836.8597479396198,674.4159767013816,729.0439029716646,-0.0,5.265600940602789,-4.065821203605241,0.0,0.0,199.22486270296758,-111.93884413314534,-1491.9456779798663,7563.997231939574,0.0,-0.0,18.866621955082053,-14.566140227931088,0.0,0.0,-1847.5268501028686,-22.728977823573853,-5698.041885740282,351.7025999999999,0.0,-0.0,6.425753591577626,-128.25712735334452,0.0,0.0,1573.9735295090486,-30.871000000000066,-1772.9737557472818,13113.15854483572,0.0,-887.5154748056264,52.02934446917617,-85.11158725868091,0.0,0.0,720.0,-19.512,-12893.04882724059,51311.88671039708,0.0,-0.0,205.52274171576468,-2682.3435950450703,0.0,0.0,3110.0,-50.6715,-51894.394357067766
t508,12386.46673966997,1289.7831528269319,-540.2168471730681,41.30789036405704,-16.800615157476187,0.0,0.0,-3560.0,-39.019999999999996,-9561.520320530413,1566.44145,240.0,-0.0,2.661113359966768,-0.0,0.0,0.0,-898.7458221756015,-17.911,-892.4457411843653,330.1574,0.0,-0.0,2.0176779223509165,-0.0,0.0,0.0,355.1245440490327,-11.644216683583046,-675.6554052878005,2559.0773635069627,394.4633939379375,-0.0,3.9891185256014534,-0.0,0.0,0.0,-1530.9182892456888,-87.42808299315446,-1339.1835037316582,722.0270507206759,0.0,-0.0,0.46063234259371966,-0.0,0.0,0.0,-558.3740926887085,-10.799999999999999,-153.31359037456122,2059.6916421617575,2551.3523048842176,-4581.122498766008,2.440442882683479,-0.0,0.0,0.0,863.8277092114313,-69.4125,-826.7771003740822,674.4223767013816,0.0,-729.0439029716646,4.5145641815295665,-0.0,0.0,0.0,1635.8339303115433,-111.93884413314527,-1473.788124089645,7460.635492143174,0.0,-0.0,16.175308459133532,-265.41473263471164,0.0,0.0,-1562.19091710276,-22.728977823573853,-5626.476173041262,351.7025999999999,0.0,-0.0,5.5082967230974935,-0.0,0.0,0.0,1425.4429376407506,-30.871000000000002,-1751.7828343638482,12790.976105192853,0.0,-679.5684509312662,44.792048201828024,-0.0,0.0,0.0,720.0,-19.512,-12856.687702463412,48897.151292380346,0.0,-0.0,182.87561384967415,-159.63290517994204,0.0,0.0,3110.0,-50.6715,-51979.72250105009
t509,11411.54854179656,253.4487274485375,-1576.5512725514625,9.632753465499604,-0.0,0.0,0.0,-657.1496510385259,-39.019999999999996,-9401.909099120609,1769.8937500000002,240.0,-0.0,0.6296764895536832,-1.4862806450487402,0.0,0.0,-1108.76453732889,-17.911,-882.3616085156153,330.18595,0.0,-0.0,0.4776913938505428,-1.1298766128176645,0.0,0.0,350.7067708664483,-11.644216683583046,-668.596318963898,2495.9353135069623,279.95278997848436,-114.51060395945314,0.9440385486717198,-19.970103267898885,0.0,0.0,-1230.8661677777186,-87.42808299315446,-1324.057184035894,769.0724007206759,0.0,-0.0,0.04904712285690064,-4.626102811318436,0.0,0.0,-602.3990387415288,-10.799999999999999,-151.2963062906854,2082.5058021617574,499.9975229091475,-666.7024770908525,0.5776329342129514,-23.167009074158347,0.0,0.0,-1006.096254275009,-69.4125,-817.7027175650984,674.4287767013817,729.0439029716646,-0.0,1.0685733097280796,-22.59020989390263,0.0,0.0,187.63587723150067,-111.93884413314527,-1457.6480761872258,6769.557815662165,0.0,-0.0,3.828533835076227,-9.04659596705687,0.0,0.0,-1176.620637519437,-22.72897782357385,-5564.990138187174,351.7025999999999,0.0,-0.0,1.303581579468793,-3.078724193315247,0.0,0.0,1413.5536385831597,-30.870999999999995,-1732.610095969313,12486.691751769584,0.0,-308.47638028044105,10.658288889549254,-23.58367672098388,0.0,0.0,720.0,-19.512,-12865.777983657706,48976.26281459269,0.0,-0.0,58.23277434075452,-0.0,0.0,0.0,3110.0,-50.6715,-52093.82408893344
t510,10299.052092096623,0.0,-1830.0,29.73675914877763,-45.12673657173626,0.0,0.0,991.3077748623832,-39.019999999999996,-9405.949889536047,1973.29185,0.0,-240.0,1.9460131991629102,-1.0834301466563725,0.0,0.0,-830.8565847362665,-17.911,-885.3868483162404,330.18595,0.0,-0.0,1.476354457035341,-0.8236280196520381,0.0,0.0,351.418741016927,-11.644216683583046,-670.6132007707273,2489.0381835069625,394.4633939379375,-0.0,2.917572511743515,-1.6251452199845586,0.0,0.0,-1468.2666311423554,-87.42808299315446,-1329.0992906011486,838.3695307206759,0.0,-0.0,0.3370125253034406,-0.18794196421590134,0.0,0.0,-676.4222949910782,-10.799999999999999,-151.2963062906854,2105.3311421617573,5072.496462824289,-2059.978340825937,1.7852055718423443,-0.9949868693783013,0.0,0.0,-4228.499471027813,-69.4125,-820.7275118347596,674.4351767013817,456.75800853424056,-272.285894437424,3.302485579208252,-1.8407257083498574,0.0,0.0,714.2616346208197,-111.93884413314527,-1462.6918411567317,5699.6165131421285,0.0,-0.0,11.832283518121956,-6.594551862046185,0.0,0.0,-98.99170866657687,-22.728977823573857,-5583.133558308053,351.7025999999999,0.0,-0.0,4.028753032978978,-2.244248160931057,0.0,0.0,1416.0485400639604,-30.870999999999995,-1738.6646449360082,11783.263174507698,600.4728487936651,-0.0,33.805393540908256,-17.9241846205355,0.0,0.0,720.0,-19.512,-13100.105232221735,47031.719600893426,2946.1444199979774,-0.0,136.93568711365327,-117.88202996858344,0.0,0.0,3110.0,-50.6715,-53056.24617803647
t511,11833.440396423191,684.4209809924916,-1145.5790190075084,69.18653809918717,-5.071347580821302,0.0,0.0,-1757.0618152950842,-39.019999999999996,-9640.315733631456,1772.3610500000002,0.0,-240.0,4.592639339532532,-2.187921757897903,0.0,0.0,-605.2491743266448,-17.911,-911.60559325499,330.2145,0.0,-0.0,3.485037695428928,-0.0,0.0,0.0,368.7266978271739,-11.644216683583046,-690.7820188390199,2503.9098000000004,394.4633939379375,-0.0,6.88592990810694,-0.0,0.0,0.0,-1449.4033190427544,-87.42808299315446,-1368.4277218101356,803.4663107206759,0.0,-0.0,0.7955077849669642,-0.0,0.0,0.0,-637.122302005268,-10.799999999999999,-156.3395165003749,2111.8336600000007,1179.2686910653754,-1320.7790612640829,4.213649991842885,-0.0,0.0,0.0,-1060.1985738010867,-69.4125,-844.9258659920499,674.4383767013817,729.0439029716646,-0.0,7.794949574790153,-0.0,0.0,0.0,206.72983477979142,-111.93884413314527,-1506.068219894483,6025.636830636998,0.0,-0.0,27.92784256954789,-0.0,0.0,0.0,-284.4113559870143,-22.728977823573857,-5746.424339395958,424.5098304664646,0.0,-0.0,9.508564330015899,-0.0,0.0,0.0,1387.9900078508872,-30.871000000000002,-1791.1374026473677,12729.885491051085,744.8353736354178,-643.6641682864297,79.07920279997214,-37.82404487501075,0.0,0.0,720.0,-19.512,-13572.799854325032,51351.45303155968,0.0,-0.0,333.17595942962174,-0.0,0.0,0.0,3110.0,-50.6715,-54743.957490989305
t512,14939.845011384177,0.0,-1830.0,173.90813723625817,-51.50387570886605,0.0,0.0,-3105.3960007703417,-39.019999999999996,-10087.833272141226,1572.0806500000003,0.0,-240.0,11.480225584132103,-0.0,0.0,0.0,-378.7498179885174,-17.911,-946.9000575956147,330.2145,0.0,-0.0,8.716404626357688,-0.0,0.0,0.0,389.71479438502547,-11.644216683583046,-717.0014823278002,2562.33737,0.0,-0.0,17.215097431909975,-0.0,0.0,0.0,-1071.2587543499712,-87.42808299315446,-1420.8656300887849,716.5760099999999,0.0,-0.0,1.9894355004826019,-0.0,0.0,0.0,-545.3740767484801,-10.8,-162.39136875200234,2940.8517597422415,130.41251745391986,-1166.7,10.536005080876016,-0.0,0.0,0.0,-968.4974440752676,-69.4125,-877.1903382017701,925.184382772346,0.0,-0.0,19.491085305191813,-0.0,0.0,0.0,732.8480225902617,-111.93884413314527,-1565.5846465346535,6113.587779423732,0.0,-0.0,69.8315232285844,-13.285383962806236,0.0,0.0,-181.24362445045472,-22.728977823573853,-5966.161316415483,570.915674339247,0.0,-0.0,23.772231511820788,-0.0,0.0,0.0,1297.9569014077456,-30.871000000000002,-1861.7738072588133,14110.9768236627,523.6973187853592,-1490.0,200.3323339802698,-0.0,0.0,0.0,720.0,-19.512,-14045.49447642833,50514.830228046194,2946.1444199979774,-0.0,876.7643081631747,-0.0,0.0,0.0,3110.0,-50.6715,-57397.06745620735
t513,9738.412089397862,0.0,-1830.0,190.14095613464485,-476.15184977346667,0.0,0.0,3074.2035249589608,-39.019999999999996,-10657.584720718,1791.1319884352542,0.0,-240.0,18.860255510099055,-4.307997581010129,0.0,0.0,-560.5366580937291,-17.911,-987.2365882706142,330.71125,0.0,-0.0,14.317495221593173,-3.2696460291644915,0.0,0.0,417.1398269213934,-11.644216683583046,-747.254709430239,4381.0492514438765,0.0,-394.4633939379375,28.280704325019904,-6.459444857166495,0.0,0.0,-2439.608125108795,-87.42808299315446,-1481.3709088718417,710.9536899999999,0.0,-0.0,3.267923917824433,-0.7463163401216495,0.0,0.0,-533.2234345321351,-10.8,-169.45186304556765,9054.573596874332,0.0,-2155.2266927408186,17.307605875631943,-3.952887575478403,0.0,0.0,-5928.792988239408,-69.4125,-914.4961341942592,1391.526826303757,0.0,-493.2392766128319,32.018102975906224,-7.312586863200175,0.0,0.0,822.1168754555483,-111.93884413314527,-1633.1710971260336,6168.456000736494,0.0,-0.0,114.71322402841284,-26.199455784157667,0.0,0.0,-17.095496402874232,-22.728977823573853,-6217.1452947543,597.0313113543918,0.0,-0.0,29.450303413695675,-43.746017191944645,0.0,0.0,1391.645620733057,-30.871000000000002,-1943.5102183092001,17167.509848183865,0.0,-3240.891985364924,329.24806147388523,-358.0749302177327,0.0,0.0,664.1508543079822,-19.512,-14542.429848383079,55681.12697200416,0.0,-865.1075059005307,1465.0294179147177,-318.10644126382317,0.0,0.0,3110.0,-50.6715,-59022.27094275453
t514,9687.456944706373,0.0,-1830.0,390.8404298853129,-0.0,0.0,0.0,3428.199021870053,-39.019999999999996,-11637.47639646174,1689.74570574798,0.0,-240.0,24.67763240345964,-19.8838066526477,0.0,0.0,-385.8619074150532,-17.911,-1050.7666240837386,330.24305,0.0,-0.0,18.723459877131635,-15.114759732120993,0.0,0.0,473.4523393327139,-11.644216683583046,-795.6598727941412,5210.330321161805,333.87381662907035,-60.58957730886717,36.99887730078336,-29.82523379331274,0.0,0.0,-3827.197608697693,-87.42808299315446,-1576.1625122986309,716.9692469836585,0.0,-0.0,4.274000421340636,-3.4,0.0,0.0,-527.5049639400524,-10.8,-179.5382834649467,11324.999885719988,836.6889927358288,-6295.785810914396,22.639464327854725,-18.259997369707452,0.0,0.0,-4827.894544425189,-69.4125,-972.9754900743773,1591.1154052366812,0.0,-729.0439029716646,41.88125187609064,-33.78094751539291,0.0,0.0,977.8309400113867,-111.93884413314527,-1736.0639025039554,6801.0812359423835,0.0,-0.0,93.96402779157303,-137.2233647686189,0.0,0.0,-122.82425486611282,-22.728977823573853,-6612.26866627565,579.2251952077022,0.0,-0.0,51.09034078595681,-15.846926046553039,0.0,0.0,1482.01267919045,-30.871000000000002,-2065.610289137556,17708.652073186022,9.413273656535315,-3231.478711708389,425.44128190985043,-83.03930808379239,0.0,0.0,219.78829893949717,-19.512,-15029.264907899724,62191.62099477326,0.0,-6214.878158158972,1834.2957531056677,-701.1271418075916,0.0,0.0,3110.0,-50.6715,-60169.23994791236
t515,10603.162025421272,0.0,-1830.0,435.38232230295375,-416.2257542804638,0.0,0.0,3560.0,-39.019999999999996,-12313.298593443762,1917.9984744195144,0.0,-240.0,24.377750993609283,-31.16017847529428,0.0,0.0,-567.2439585134664,-17.911,-1086.061088424363,330.2716,0.0,-0.0,18.491494607066922,-23.647718946908928,0.0,0.0,508.4081773063465,-11.644216683583046,-821.8793362829215,5373.771216680826,0.0,-394.4633939379375,40.905582829563826,-46.72087144033186,0.0,0.0,-3257.464030561686,-87.42808299315446,-1628.6004205772801,663.6816969836584,0.0,-0.0,4.221236159446094,-5.446863201640979,0.0,0.0,-466.0659342248894,-10.8,-185.5901357165741,12063.114983605366,226.09843571681918,-6906.376367933406,22.36147855184725,-28.590364844816573,0.0,0.0,-4300.947438055157,-69.4125,-1006.2482270406513,1558.836107470301,0.0,-729.0439029716646,41.366786312323626,-52.8902353356497,0.0,0.0,1088.2416648080598,-111.93884413314527,-1794.5715761502247,8058.128304872056,0.0,-0.0,165.8746359283677,-119.3,0.0,0.0,-1244.9284807592066,-22.72897782357385,-6837.0454822176425,561.4190790610124,0.0,-0.0,56.48401995224998,-52.58147094892952,0.0,0.0,1600.7869741902196,-30.871000000000002,-2135.2376022545523,18133.79025027968,304.5034166803997,-2936.3885686845247,349.795735885441,-664.0636089833299,0.0,0.0,-30.786974190219553,-19.512,-15137.338250987443,60685.7790838584,940.7209865670993,-5698.4234334308785,1925.2672969497476,-1188.924772637433,0.0,0.0,3110.0,-50.6715,-59723.74766130694
t516,10584.755089853898,0.0,-1830.0,485.1121164544681,-216.21336158077108,0.0,0.0,3560.0,-39.019999999999996,-12544.633844727594,1721.1806611415823,0.0,-240.0,29.294542396246605,-19.6,0.0,0.0,-369.7600895765909,-17.911,-1103.204113961238,330.30015,0.0,-0.0,23.496147443993216,-9.193953509024835,0.0,0.0,502.0309407759264,-11.644216683583048,-834.9890680273116,5183.715657785345,0.0,-394.4633939379375,43.91008613274223,-29.4,0.0,0.0,-3062.5233135834414,-87.42808299315446,-1653.8109534035536,609.2376769836584,0.0,-0.0,5.364305168435766,-1.5985246987273367,0.0,0.0,-413.587395610979,-10.8,-188.6160618423878,12534.701636716876,176.65239959786553,-6955.822404052359,26.860416231911664,-18.0,0.0,0.0,-4673.607350105336,-69.4125,-1021.3721983889577,1545.691914602831,0.0,-729.0439029716646,49.6885972828738,-33.3,0.0,0.0,1100.710142204663,-111.93884413314527,-1821.8079069855569,8114.5927264304355,0.0,-0.0,178.31315622478658,-0.0,0.0,0.0,-1323.262934104242,-22.728977823573853,-6946.913970727405,563.0018449407181,0.0,-0.0,50.562336001057915,-25.033203177627993,0.0,0.0,1608.8594608183303,-30.871000000000002,-2166.519438582478,18224.452207630624,0.0,-3240.891985364924,521.3822657207393,-377.9149007597745,0.0,0.0,-38.85946081833026,-19.512,-15068.656126408332,62400.431880866316,0.0,-6639.144419997978,2093.050643007268,-1909.2550400941404,0.0,0.0,3110.0,-50.6715,-59004.41156378148
t517,10657.99574316989,0.0,-1830.0,530.8694024250691,-193.78363632703181,0.0,0.0,3560.0,-39.019999999999996,-12686.061509267927,1503.0730371419122,0.0,-240.0,33.73012237375307,-9.168877930864651,0.0,0.0,-157.44344822168807,-17.911,-1112.2798333631129,330.30015,0.0,-0.0,25.55599232593197,-13.968626582938663,0.0,0.0,511.80485529180316,-11.644216683583046,-842.048154351214,5080.087384861604,0.0,-394.4633939379375,46.19552699385908,-13.753316896296973,0.0,0.0,-2961.7008449287573,-87.42808299315446,-1668.937273099318,538.9197769836584,0.0,-0.0,5.835164234386323,-0.0,0.0,0.0,-343.3215952917811,-10.8,-190.63334592626362,13500.295055929928,0.0,-7132.474803650225,30.92113545852714,-0.0,0.0,0.0,-5297.874041783734,-69.4125,-1031.4548459544953,1600.5031238627798,0.0,-729.0439029716646,57.19997958410694,-0.0,0.0,0.0,1021.2275985458991,-111.93884413314527,-1837.947954887976,7980.164357593794,0.0,-0.0,204.94803015540862,-138.26697737891377,0.0,0.0,-1012.6925236117422,-22.72897782357385,-7011.423908934973,561.4190790610124,0.0,-0.0,69.80478040870139,-18.992675713933917,0.0,0.0,1603.3229017267845,-30.871000000000002,-2184.683085482564,18298.387570680065,0.0,-3240.891985364924,574.8928785429149,-520.9977481610424,0.0,0.0,-33.32290172678461,-19.512,-15058.555813970226,62283.65409331631,0.0,-6639.144419997978,1860.006432886127,-2291.6675803178737,0.0,0.0,3110.0,-50.6715,-58272.1770258866
t518,11811.904637320684,0.0,-1830.0,541.3356188451114,-1157.193731194692,0.0,0.0,3450.96296624804,-39.019999999999996,-12777.989491219143,1674.9092560621518,0.0,-240.0,34.52435155862964,-8.898923778681125,0.0,0.0,-326.3101974114877,-17.911,-1116.3134864306128,330.32869999999997,0.0,-0.0,26.156051750430827,-6.764998178691262,0.0,0.0,506.99794017330146,-11.644216683583046,-845.0734770614579,5014.944989252489,27.774598263770166,-366.68879567416735,51.743531653749905,-13.348385668021685,0.0,0.0,-2953.0184751700926,-87.42808299315446,-1673.9793796645727,627.6220069836584,0.0,-0.0,5.972246331605216,-2.096376620786581,0.0,0.0,-429.0558887262755,-10.8,-191.64198796820153,14018.77737305243,0.0,-7132.474803650225,31.64812459145906,-8.420398099773658,0.0,0.0,-5805.638155669734,-69.4125,-1034.4796402241566,1735.1393251302318,0.0,-729.0439029716646,58.544730925779795,-15.577736484581266,0.0,0.0,905.8681473908623,-111.93884413314527,-1842.991719857482,7403.486103072901,0.0,-0.0,209.76676920192676,-416.06538810187027,0.0,0.0,-138.84337058657366,-22.72897782357385,-7035.6151357628105,530.1594529368238,0.0,-0.0,71.44716358199855,-141.73348497012518,0.0,0.0,1762.7445943950117,-30.871000000000002,-2191.7467259437085,18221.000768685008,0.0,-3240.891985364924,590.3137789380514,-423.79765630201524,0.0,0.0,-83.70756064305192,-19.512,-15043.40534531307,62840.801189022706,0.0,-6639.144419997978,2241.134822300118,-3730.9978644042717,0.0,0.0,3110.0,-50.6715,-57771.12222692059
t519,10757.393057377565,0.0,-1830.0,554.9831174914864,-258.5,0.0,0.0,3541.613238553258,-39.019999999999996,-12726.469413422308,1867.021026818941,0.0,-240.0,10.062567499792888,-69.66256749979289,0.0,0.0,-433.1965403883287,-17.911,-1116.3134864306128,330.32869999999997,0.0,-0.0,7.649604885046632,-45.1,0.0,0.0,563.8393888599944,-11.644216683583046,-845.0734770614579,4896.175556068228,0.0,-394.4633939379375,15.093851249689326,-104.39385124968932,0.0,0.0,-2649.996278159512,-87.42808299315446,-1674.9878009776237,683.1455869836585,0.0,-0.0,0.7128633614141959,-11.890519641068359,0.0,0.0,-469.5259427358027,-10.8,-191.64198796820153,13356.132329313526,225.95734554554932,-6906.517458104676,3.773982501604566,-54.6,0.0,0.0,-5520.854059031846,-69.4125,-1034.4796402241566,1882.8352278405364,0.0,-729.0439029716646,6.981867627968441,-101.0,0.0,0.0,896.1661244876877,-111.93884413314527,-1844.0004728513832,7506.107628986379,0.0,-0.0,178.66917763219803,-0.0,0.0,0.0,-626.4326930321922,-22.728977823573853,-7035.6151357628105,451.41685042146247,0.0,-0.0,74.44026890331787,-144.14388982099953,0.0,0.0,1840.904496439928,-30.871000000000002,-2191.7467259437085,17630.723865565105,824.134727971107,-2416.7572573938173,620.0968336972134,-1310.4420897314167,0.0,0.0,-252.51773499318574,-19.512,-15075.726345115005,63571.46512840014,0.0,-6639.144419997978,767.9260831182364,-3429.9766003223285,0.0,0.0,3110.0,-50.6715,-57329.598691198065
t520,11699.744977132586,0.0,-1830.0,529.4603346354038,-1226.0668586568468,0.0,0.0,3241.8123917719117,-39.019999999999996,-12375.930844883052,1717.8730057486812,0.0,-240.0,34.6068006105183,-66.19162860846058,0.0,0.0,-329.2067168570013,-17.911,-1099.170460893738,330.35724999999996,0.0,-0.0,26.210383262906007,-57.76058785780492,0.0,0.0,544.8009165955498,-11.644216683583046,-831.9637453170677,4572.813056145128,0.0,-394.4633939379375,51.86319559362635,-99.18744291269086,0.0,0.0,-2394.828485056673,-87.42808299315446,-1648.768846838299,747.7640869836584,0.0,-0.0,5.98499396058234,-13.700000000000001,0.0,0.0,-540.6330191018529,-10.8,-188.6160618423878,11278.135532796692,1295.409575273659,-5837.065228376566,31.718442371660224,-72.6,0.0,0.0,-5607.838417946149,-69.4125,-1018.3474041192964,1633.9244838341217,226.1036198684473,-502.94028310321727,58.6744178553563,-134.3,0.0,0.0,644.2144887127979,-111.93884413314527,-1813.7378830343473,7930.148505702754,0.0,-0.0,40.121494540272764,-463.2696732507468,0.0,0.0,-556.5087663466711,-22.72897782357385,-6927.762582822033,362.7819611579402,0.0,-0.0,71.61165004412189,-71.61165004412189,0.0,0.0,1824.5175624800456,-30.871000000000002,-2156.428523637986,16531.479824876515,781.1024648504614,-2459.7895205144628,619.8850936047222,-619.8850936047222,0.0,0.0,63.67004574804264,-19.512,-14896.950814960552,57950.14694755924,793.0399290768546,-5846.104490921123,2252.207031097586,-2252.207031097586,0.0,0.0,3110.0,-50.6715,-55956.41088571498
t521,9608.466728928835,1219.2858652602004,-610.7141347397996,574.0674832946339,-0.0,0.0,0.0,1726.8850577328544,-39.019999999999996,-12478.971000476724,1812.0490929441867,102.85369460717868,-137.14630539282132,28.79925539687854,-0.0,0.0,0.0,-668.2975980573101,-17.911,-1120.3471394981127,330.68864999999994,0.0,-0.0,28.20643375270357,-0.0,0.0,0.0,500.8479327025816,-11.644216683583046,-848.0987997717018,3627.616282539164,180.82420744642025,-213.63918649151728,55.814897889989886,-0.0,0.0,0.0,-1882.1497895349726,-87.42808299315446,-1681.0383288559294,830.8258669836584,0.0,-0.0,6.440838818112643,-0.0,0.0,0.0,-634.8247178335696,-10.8,-191.64198796820153,7084.527530055835,3234.741778655221,-3897.7330249950037,34.13473417590111,-0.0,0.0,0.0,-5347.745818641582,-69.4125,-1038.5126992503715,1206.5061051461394,334.19776834662963,-394.84613462503495,63.14413333074887,-0.0,0.0,0.0,752.9899627494524,-111.93884413314527,-1850.0529908147903,6940.949597504874,0.0,-0.0,226.24939070894803,-0.0,0.0,0.0,-78.6158410926414,-22.728977823573853,-7065.854169297608,351.7025999999999,0.0,-0.0,77.06795442966569,-0.0,0.0,0.0,1800.9108119751877,-30.870999999999995,-2198.810366404853,13797.409747257198,1177.3387355499904,-312.6612644500095,694.0909837797876,-694.0909837797876,0.0,0.0,720.0,-19.512,-15362.575218357177,51660.402672960074,0.0,-0.0,2198.1096141372027,-0.0,0.0,0.0,3110.0,-50.6715,-56917.84078709728
t522,9716.595088638114,1368.4422558106462,-461.55774418935374,547.248883013315,-95.8043415181056,0.0,0.0,1751.1771278992635,-39.020000000000024,-12787.08126965388,1829.4901165166946,240.0,-0.0,34.72715979900821,-6.699725668797744,0.0,0.0,-931.0238396762923,-17.911,-1148.5827109706124,330.38579999999996,0.0,-0.0,17.947915476553355,-5.093158799239101,0.0,0.0,537.6797187496777,-11.644216683583046,-869.276058743409,2428.0535800000002,394.4633939379375,-0.0,52.04410671325242,-10.049588503196615,0.0,0.0,-1054.699806463821,-87.42808299315446,-1722.3836026910183,894.7717469836585,0.0,-0.0,6.006016970849628,-1.1621973098934861,0.0,0.0,-692.1303684667236,-10.8,-196.68519817789104,2112.6959000000006,5610.525864264268,-0.0,31.829477835269724,-6.152809287671397,0.0,0.0,-6615.766614647651,-69.4125,-1063.7193181642156,674.5023767013816,729.0439029716646,-0.0,58.879870696722996,-11.382697182192084,0.0,0.0,557.3510194798137,-111.93884413314527,-1896.4556285342453,6401.123166659614,0.0,-0.0,159.69125639026896,-40.7794526677332,0.0,0.0,742.9266034563634,-22.728977823573857,-7240.232596014938,351.7025999999999,0.0,-0.0,71.86155060682289,-13.87800317108104,0.0,0.0,1874.48615966937,-30.871000000000024,-2253.3013071051114,11313.419327643707,3240.891985364924,-0.0,669.3532769071634,-0.0,0.0,0.0,720.0,-19.512,-15924.152589915795,54036.051822245674,2307.9181655241623,-0.0,2430.5863645224126,-3499.2,0.0,0.0,3110.0,-50.6715,-58334.68485229226
t523,10448.89905611654,1830.0,-0.0,706.4267949953004,-0.0,0.0,0.0,481.24069938897867,-39.019999999999996,-13427.54655050082,2031.5874165166945,240.0,-0.0,44.1678750186258,-59.6,0.0,0.0,-1033.1904376197083,-17.911,-1205.0538539156119,330.38579999999996,0.0,-0.0,33.45101624369332,-45.1,0.0,0.0,605.5464180301277,-11.644216683583048,-912.6390175902379,2415.9660675720365,0.0,-0.0,14.209204543883862,-89.3,0.0,0.0,-445.3477748224177,-87.42808299315446,-1808.0994143003486,860.6562391188107,0.0,-0.0,7.638381396477519,-0.0,0.0,0.0,-650.7230019180181,-10.8,-206.77161859727005,2095.08829759064,6277.036865045643,-855.4379386045821,40.48107485680374,-27.98192488822971,0.0,0.0,-6342.61652373871,-69.4125,-1117.1573502615647,674.5087767013816,729.0439029716646,-0.0,13.951759634918714,-0.0,0.0,0.0,684.704061792238,-111.93884413314527,-1990.2696569670563,6435.173000648757,0.0,-0.0,268.3136451014236,-0.0,0.0,0.0,917.3034915834319,-22.728977823573857,-7598.061159510038,351.7025999999999,0.0,-0.0,91.39579568489683,-0.0,0.0,0.0,1953.0830673040782,-30.870999999999995,-2365.310462988975,12121.778508811278,3240.891985364924,-0.0,794.2629650204649,-0.0,0.0,0.0,720.0,-19.512,-16857.421459196667,53450.6042093914,2955.9869551709744,-0.0,2497.704743549751,-1411.4,0.0,0.0,3110.0,-50.6715,-60552.224408112124
t524,10489.619813233581,1830.0,-0.0,717.6851514573468,-101.53014309581074,0.0,0.0,1652.1110691897784,-39.019999999999996,-14548.865890784893,1935.631244543936,205.6349759651102,-34.36502403488981,47.64609003570655,-74.74574709595305,0.0,0.0,-812.4665017557986,-17.911,-1249.4240376581113,330.41435,0.0,-0.0,36.09520035134551,-56.6138587617194,0.0,0.0,647.6660924968777,-11.644216683583046,-945.9175674029207,2410.484477572037,394.4633939379375,-0.0,71.40882096910747,-22.718620643929555,0.0,0.0,-891.5547678802864,-87.42808299315446,-1874.6552209617112,904.0346691188107,0.0,-0.0,3.278543570257035,-12.92732347582859,0.0,0.0,-669.7537763224037,-10.8,-213.8321128908354,2072.33003759064,6287.439705676028,-0.0,43.67537391903959,-13.909359577916057,0.0,0.0,-7162.6353170840775,-69.4125,-1157.487940523715,674.5151767013816,729.0439029716646,-0.0,80.793410341778,-126.7323152191447,0.0,0.0,817.2185418654085,-111.93884413314527,-2062.8998725279425,7624.993927428264,0.0,-0.0,289.4847459831179,-454.0881443136325,0.0,0.0,438.5987167559956,-22.728977823573853,-7876.260268030172,351.7025999999999,0.0,-0.0,98.60069294125275,-118.15590416414899,0.0,0.0,2150.815942734505,-30.870999999999995,-2452.092331511608,12965.251607605343,3160.681530952178,-0.0,837.4639164940863,-122.67244379525837,0.0,0.0,720.0,-19.512,-17541.21261125635,53244.45276801944,4773.264621149825,-0.0,3118.4918294442177,-0.0,0.0,0.0,3110.0,-50.6715,-64195.53771861349
t525,11071.430603721266,1830.0,-0.0,380.6625633859289,-736.7631417765283,0.0,0.0,1510.1817282202585,-39.019999999999996,-14016.491753550923,1733.535244543936,240.0,-0.0,40.548980657786096,-0.0,0.0,0.0,-789.10254475236,-17.911,-1207.0706804493618,330.41435,0.0,-0.0,30.717550575951208,-0.0,0.0,0.0,564.1597746012847,-11.644216683583046,-913.6474584936526,2432.686907572037,394.4633939379375,-0.0,60.77161264078774,-0.0,0.0,0.0,-990.3775742311568,-87.42808299315446,-1810.1162569264507,818.7188991188107,0.0,-0.0,7.0138985105968406,-0.0,0.0,0.0,-608.1611790321374,-10.8,-206.77161859727005,2095.14419759064,6856.5227768466175,-275.95202680360813,37.16900977084779,-0.0,0.0,0.0,-7525.305842386379,-69.4125,-1118.1656150181186,674.5215767013817,0.0,-729.0439029716646,68.75748224147928,-0.0,0.0,0.0,2089.990851116807,-111.93884413314527,-1992.2871629548588,7429.487179824849,0.0,-0.0,246.36003726193806,-0.0,0.0,0.0,-43.969434123750034,-22.728977823573853,-7609.148805139464,351.7025999999999,0.0,-0.0,83.91282539044185,-0.0,0.0,0.0,1962.5842205874314,-30.870999999999995,-2367.3286459778733,13621.242245881482,2348.7299649270562,-0.0,625.3245602320346,-331.3,0.0,0.0,720.0,-19.512,-16964.484771040574,53329.79718469997,4598.069497635537,-0.0,2695.4643471114505,-1033.9424674433885,0.0,0.0,3110.0,-50.6715,-62648.71706200357
t526,10838.51706663809,1830.0,-0.0,536.7737472231074,-0.0,0.0,0.0,602.7225267441443,-39.019999999999996,-13768.993340605339,1531.4391445439358,240.0,-0.0,36.05500755885366,-71.29889570210807,0.0,0.0,-548.5248668256943,-17.911,-1169.7593895749872,330.4429,0.0,-0.0,27.32008160308622,-14.9,0.0,0.0,554.1923482785397,-11.644216683583046,-885.411113198043,2435.375107572037,394.4633939379375,-0.0,42.34250602441285,-118.69999999999999,0.0,0.0,-911.3998398325839,-87.42808299315446,-1754.6530847086485,761.4281991188107,0.0,-0.0,6.237932829464764,-13.700000000000001,0.0,0.0,-542.4463656026328,-10.8,-200.71976634564265,2072.38593759064,5941.062673093349,-1191.412130556876,33.05525798867689,-18.0,0.0,0.0,-5683.794624820499,-69.4125,-1083.8846132952908,674.5279767013817,729.0439029716646,-0.0,50.05384465453737,-134.3,0.0,0.0,723.3663501324468,-111.93884413314527,-1930.7532303268858,7383.455996629734,0.0,-0.0,219.09312105298002,-119.3,0.0,0.0,-87.23579629109554,-22.728977823573853,-7373.284343568045,351.7025999999999,0.0,-0.0,74.62219016015413,-163.9,0.0,0.0,2063.1202682173753,-30.870999999999995,-2294.674058377529,13028.71056333563,2370.993725878996,-0.0,598.9774393013265,-301.3124852530452,0.0,0.0,720.0,-19.512,-16397.857243262904,53158.35396595696,4446.177900029115,-0.0,2354.4595892564894,-1411.4,0.0,0.0,3110.0,-50.6715,-61606.919955242556
t527,11268.237408385288,1830.0,-0.0,421.7673381707598,-1236.9,0.0,0.0,360.15075679925735,-39.019999999999996,-12604.235503355305,1422.699919655392,240.0,-0.0,26.760630687345703,-19.6,0.0,0.0,-563.8716353846244,-17.911,-1088.077914958113,330.47145,0.0,-0.0,20.272729193046832,-13.826547717934039,0.0,0.0,498.62280329822113,-11.644216683583046,-823.8962180897507,2412.5922100000003,0.0,-394.4633939379375,40.10692875019176,-27.28191294679602,0.0,0.0,-310.89164304281985,-87.42808299315446,-1632.6341058294838,670.2094791188106,0.0,-0.0,4.628959847076112,-3.1550511571124646,0.0,0.0,-474.28461005026224,-10.8,-186.598777758512,2067.697,5674.3752002919,-1458.0996033583247,24.53027021216303,-71.30321200824247,0.0,0.0,-5159.522398583735,-69.4125,-1008.2647565537588,674.5311767013817,729.0439029716646,-0.0,45.37759816441893,-30.900942215248563,0.0,0.0,490.47619064895525,-111.93884413314527,-1796.5890821380272,7810.304653325816,0.0,-0.0,162.58911716058455,-472.60517736574036,0.0,0.0,-616.3229062516066,-22.72897782357385,-6861.23670904548,351.7025999999999,0.0,-0.0,29.737582328752406,-160.97502264081356,0.0,0.0,1945.6434425666134,-30.871000000000002,-2135.2376022545523,13146.672680453548,1621.3921965302623,-0.0,441.5157512285256,-645.4664405047738,0.0,0.0,720.0,-19.512,-15264.602187707562,52998.39253858613,2946.1444199979774,-0.0,1619.0498195304176,-2215.8007222093665,0.0,0.0,3110.0,-50.6715,-58407.114555905166
t528,11482.997139732728,1830.0,-0.0,312.860457465057,-978.4,0.0,0.0,-929.5430989778065,-39.019999999999996,-11678.89449821998,1624.7972196553922,0.0,-240.0,20.271635986085798,-0.0,0.0,0.0,-359.5847366958642,-17.911,-1027.5731189456137,330.47145,0.0,-0.0,15.362439353813112,-45.1,0.0,0.0,489.4267047658627,-11.644216683583045,-778.5163774360925,2414.2661528940525,0.0,-394.4633939379375,30.384327389473263,-89.3,0.0,0.0,-331.5828156975356,-87.42808299315446,-1541.8761876548986,680.5314407206758,0.0,-0.0,3.5075408301689013,-0.0,0.0,0.0,-496.72662421171185,-10.8,-176.512357339133,2058.944568960059,3958.209261068694,-820.1483806836429,18.585658458298013,-54.6,0.0,0.0,-4138.768412860109,-69.4125,-952.8101949433021,674.5375767013817,0.0,-729.0439029716646,34.38115548888579,-101.0,0.0,0.0,1930.795303650253,-111.93884413314527,-1697.73128873571,8027.163723126193,0.0,-0.0,123.1870103195281,-0.0,0.0,0.0,-1649.4128046840974,-22.728977823573853,-6478.208950938049,351.7025999999999,0.0,-0.0,41.95490418743348,-0.0,0.0,0.0,1655.3964847110092,-30.871000000000002,-2018.1829888984425,13222.839877603818,906.4465225232749,-0.0,329.83555439615964,-658.591387136401,0.0,0.0,720.0,-19.512,-14501.01856738685,49179.73004064051,3693.0,-0.0,1300.8985300310069,-989.8039336670845,0.0,0.0,3110.0,-50.6715,-56243.15313700444
t529,10581.330453384333,0.0,-0.0,86.68997378840467,-449.7814260741761,0.0,0.0,1600.0,-14.08,-11804.15900109856,1880.1660264204593,0.0,-0.0,5.9403370101834305,-51.46244581939142,0.0,0.0,-793.9622384368643,-10.083320428148175,-1030.5983587462388,621.97795,0.0,-0.0,4.505305585308186,-38.98857193145885,0.0,0.0,193.9598850430268,-0.9213094539543647,-780.5332592429218,3811.5901468178017,0.0,-0.0,8.905431202047382,-77.12958949251019,0.0,0.0,-2176.20585808747,-21.25025753276667,-1545.9098729071025,816.8060573160934,0.0,-0.0,1.0284990333720754,-8.902311917752357,0.0,0.0,-628.179674291115,-4.240212801465026,-176.512357339133,2071.9961203386915,0.0,-0.0,5.448576750718818,-47.17511902568442,0.0,0.0,-1058.6289297023131,-16.813923905003318,-954.8267244564096,1148.3126835069086,0.0,-0.0,10.079359557507036,-87.26756227385846,0.0,0.0,648.4584689649805,-17.8166490442229,-1701.766300711315,5840.606847211858,0.0,-0.0,36.113139915350644,-312.68115736432077,0.0,0.0,938.4342777661478,-3.0968331166282876,-6499.376274412407,351.7025999999999,0.0,-0.0,12.297009886022051,-106.50008468268994,0.0,0.0,1776.2697220471987,-11.549892374291154,-2022.2193548762395,17432.62127100751,0.0,-0.0,100.71353494233063,-706.9723034273906,0.0,0.0,-1920.0,-19.512,-14886.850502522448,54932.79786364973,1294.1746009363378,-0.0,397.67949267011556,-0.0,0.0,0.0,1419.8543466964088,-20.37620824718868,-58024.130095705405
t530,10024.103378284752,0.0,-0.0,55.366529757751735,-332.0711543585171,0.0,0.0,1337.1440498590362,-11.76686763875952,-11072.775935904265,1911.7039100000002,0.0,-0.0,3.795577741236297,-0.0,0.0,0.0,-938.5286771421664,-11.919314199705468,-965.0514963993645,621.97795,0.0,-0.0,2.879044782113312,-0.0,0.0,0.0,105.75656296415683,-0.5023436740797393,-730.1112140721904,3809.24838,0.0,-0.0,5.690307037957388,-0.0,0.0,0.0,-2337.5718221493044,-30.282280660543996,-1447.0845842281094,768.85018,0.0,-0.0,0.6572301815604988,-0.0,0.0,0.0,-600.0398463409431,-4.050268962801366,-165.41729487781606,2094.7879203386915,0.0,-0.0,3.4816136016005634,-0.0,0.0,0.0,-1191.4360015946131,-12.502693282494855,-894.330839063184,1148.3126835069086,0.0,-0.0,6.440679205571337,-0.0,0.0,0.0,456.2439562823447,-18.176341624838738,-1592.820977369986,4711.199660468241,0.0,-0.0,23.076075160073046,-0.0,0.0,0.0,1351.2530432621631,-4.459135042765138,-6081.0696438477125,351.7025999999999,0.0,-0.0,7.857460276436953,-0.0,0.0,0.0,1545.1184043423382,-10.613729537586469,-1894.0647350811885,16478.927156439393,0.0,-0.0,65.81478882050675,-202.18440852266622,0.0,0.0,-1920.0,-19.512,-14403.045536737234,54939.82951104001,0.0,-0.0,257.0205736098254,-554.2300995799142,0.0,0.0,2192.060330516988,-33.91767953514589,-56800.76263605176
t531,11084.008577225402,0.0,-0.0,23.952806617643347,-241.47924323993274,0.0,0.0,-191.25810052045642,-2.4863553067659336,-10672.737684775891,1684.2824100000003,0.0,-0.0,1.628626647156192,-15.932114122328004,0.0,0.0,-734.9220337055282,-9.333509828060187,-925.7233789912399,621.97795,0.0,-0.0,1.2352028473532488,-12.06619732620953,0.0,0.0,90.14767380258472,-0.428201450562284,-700.8664278731661,3789.2324200000003,0.0,-0.0,2.441553665967043,-23.876332143566014,0.0,0.0,-2345.3572561833676,-33.84423726787915,-1388.5961480711546,695.27548,0.0,-0.0,0.28197932061734654,-2.7552658832896766,0.0,0.0,-530.8620738545586,-3.5833189985182705,-158.35680058425072,2073.2774400000003,0.0,-0.0,1.4938102654569487,-14.602117527951933,0.0,0.0,-1196.4440032486177,-6.700086418192259,-857.025043070695,1087.7916621458032,0.0,-0.0,2.763410360618631,-27.01173352271848,0.0,0.0,491.38756396991073,-26.670117193304794,-1528.2607857603093,4020.198841002722,0.0,-0.0,9.900965952724246,-96.78468583624186,0.0,0.0,1906.0845266812187,-6.290078938048021,-5833.109568862376,351.7025999999999,0.0,-0.0,3.371405290189299,-32.96791790493858,0.0,0.0,1504.4476774436666,-10.189074820319192,-1816.3646900085982,15156.441598719925,0.0,-0.0,28.97006220604156,-281.7969889831105,0.0,0.0,-722.515674852805,-5.310490210168116,-14175.78850687988,55292.41746847979,0.0,-0.0,120.11405201126837,-912.4634641118421,0.0,0.0,1729.2917004679528,-27.878504113179407,-56201.481252734
t532,12723.127357643965,0.0,-62.295937947480084,36.25284539234232,-299.68709751519054,0.0,0.0,-1901.4831919073558,-24.205614058437313,-10471.708361607845,1523.0788850000004,0.0,-0.0,2.485562032423708,-19.56014843523578,0.0,0.0,-587.6442376519834,-13.81336055833965,-904.5467003868652,621.97795,0.0,-0.0,1.8859429905687626,-14.808275290492109,0.0,0.0,79.12364345435651,-3.447887735900922,-684.7313734185321,3785.999765,0.0,-0.0,3.726617762656015,-29.310712456986803,0.0,0.0,-2365.0766083794147,-39.012395872730096,-1356.3266660535241,638.56783,0.0,-0.0,0.43049993555081906,-3.3816442444496717,0.0,0.0,-477.06561830907776,-3.220192923586275,-155.33087445843702,2056.1835900000005,0.0,-0.0,2.280335154784016,-17.923653197110163,0.0,0.0,-1195.974800379376,-6.697458882124505,-837.8680126961735,845.7075767013815,0.0,-0.0,4.218447507752475,-33.155807395067114,0.0,0.0,712.9435156733553,-35.75054851975378,-1493.9631839676688,5066.261580729622,0.0,-0.0,15.113957231491511,-118.80087606877123,0.0,0.0,736.8909963514051,-2.4317402879596366,-5697.033917955789,351.7025999999999,0.0,-0.0,5.145953046338393,-40.47107716519761,0.0,0.0,1483.8854600512009,-24.261905701711903,-1776.0010302306296,13601.376692278864,0.0,-0.0,44.66790389137741,-433.94355315943994,0.0,0.0,1004.4008410968896,-7.382346182062139,-14209.119537925626,55256.65246029773,0.0,-0.0,168.05424969218012,-1509.8014166425623,0.0,0.0,2510.0,-40.8615,-56384.04379334736
t533,13728.519313982935,0.0,-1674.2806199135696,36.07563361394486,-31.435245174139155,0.0,0.0,-1578.1352965718024,-20.147597971976122,-10460.596187965391,1725.9343850000005,0.0,-0.0,2.5215361370091145,-2.2596805944921172,0.0,0.0,-816.5214542170382,-13.195392073613998,-896.4793942518652,621.97795,0.0,-0.0,1.9150258148108092,-1.7178184111190076,0.0,0.0,58.148692047662024,-1.6431214533094622,-678.6807279980443,3791.051445,0.0,-0.0,3.7814124782797514,-3.3895208917381763,0.0,0.0,-2405.616451894982,-40.59285308159573,-1345.2340316099637,705.9003299999999,0.0,-0.0,0.43706355810475495,-0.3919854092486327,0.0,0.0,-548.9265634708665,-3.705254303428349,-153.31359037456122,2078.9753900000005,0.0,-0.0,2.314495350366764,-2.075216872492761,0.0,0.0,-1241.4523757732466,-6.95213330433018,-830.8101594002973,845.7075767013815,0.0,-0.0,4.28172722545512,-3.8391512141116086,0.0,0.0,669.0921936959032,-34.392951361674626,-1480.8493950469533,4438.768115230044,0.0,-0.0,15.340168919618742,-13.754076271577022,0.0,0.0,1211.2865342003947,-3.9972455628613024,-5647.6434965156195,351.7025999999999,0.0,-0.0,5.221780712437006,-4.680766945733673,0.0,0.0,1430.3393630538087,-20.709227512171832,-1761.8737493083404,13801.579792141709,0.0,-0.0,45.406663381256315,-0.0,0.0,0.0,711.7853589301674,-5.23162238813673,-14553.540192064995,55560.83745167326,0.0,-0.0,193.6836031940571,-157.8575748914721,0.0,0.0,2510.0,-40.8615,-58065.80197997585
t534,13821.464978089585,0.0,-1621.7646857737927,78.82369465016689,-0.0,0.0,0.0,-1492.7617648818637,-19.076160149267388,-10766.686061934828,1775.5642600000003,0.0,-0.0,5.33535924385807,-0.0,0.0,0.0,-859.2392116609777,-13.080054128515354,-908.5803534543651,621.97795,0.0,-0.0,4.0487626861409325,-0.0,0.0,0.0,63.07827311304777,-1.348289670412687,-687.756696128776,3798.8359600000003,0.0,-0.0,7.999580432328207,-0.0,0.0,0.0,-2403.6034053535986,-40.85494114690029,-1362.3771939318299,723.7172800000001,0.0,-0.0,0.9241804762668279,-0.0,0.0,0.0,-565.4935048600247,-3.8170811578051667,-155.33087445843702,2084.6733400000003,0.0,-0.0,4.895161415618897,-0.0,0.0,0.0,-1241.7220509643835,-6.953643485400547,-840.8928069658349,845.7075767013815,0.0,-0.0,9.055702775549072,-0.0,0.0,0.0,680.1930555844326,-33.93188013638581,-1501.0244549249771,5084.44290910228,0.0,-0.0,32.44484901688121,-0.0,0.0,0.0,602.2930826993994,-1.9875671729080178,-5717.193273645654,351.7025999999999,0.0,-0.0,11.04638089541345,-0.0,0.0,0.0,1450.3476222562185,-27.00465797651003,-1786.0919451751217,14941.44163827321,0.0,-0.0,104.46388464284114,-0.0,0.0,0.0,656.9079040677498,-19.048273094897958,-15683.765153888904,55914.70461575211,2792.5408722975335,-0.0,407.8773434474764,-0.0,0.0,0.0,3110.0,-50.6715,-62174.45133149713
t535,15397.17374001575,0.0,-1830.0,251.34537176172086,-114.99736790088451,0.0,0.0,-1851.5391835320702,-23.57881675332748,-11828.403743591189,1573.2101100000002,0.0,-0.0,16.91356727008241,-7.913943291872296,0.0,0.0,-605.4096702221956,-13.765393890400071,-963.0346698656145,621.97795,0.0,-0.0,12.839351745296286,-6.006957306091515,0.0,0.0,103.72481957941778,-3.432390849846877,-729.1027731687757,3786.6054700000004,0.0,-0.0,25.36150634344663,-11.866469059144137,0.0,0.0,-2316.210052061563,-38.82271362073166,-1445.0677416020076,654.07788,0.0,-0.0,2.9305566351803654,-1.3711029854345471,0.0,0.0,-486.9332394059396,-3.2867993659900923,-165.41729487781606,2061.8815400000003,0.0,-73.68692953834154,15.520954818020979,-7.261918778416517,0.0,0.0,-1098.9932395661688,-6.1543621415705445,-891.3060447935228,845.7075767013815,0.0,-0.0,28.712881957171113,-13.434105152204136,0.0,0.0,767.5704254707493,-33.71829561930952,-1594.8384833577882,5830.836822131414,0.0,-0.0,102.87150316383033,-48.13142127530448,0.0,0.0,165.80084909498677,-0.5471428020134563,-6050.830610312915,417.38738400778874,0.0,-0.0,35.02134789110688,-16.38618186669157,0.0,0.0,1491.9892906427835,-27.892556627103268,-1900.1192840478836,16460.60030022886,0.0,-0.0,339.3967162881011,-95.62662317502298,0.0,0.0,720.0,-19.512,-17404.858393341936,57746.57750792057,6639.144419997978,-0.0,1319.2130094491497,-36.412210483455056,0.0,0.0,3110.0,-50.6715,-68727.85122688425
t536,16610.494317130582,0.0,-980.4214178831907,398.63435707366284,-0.0,0.0,0.0,-2507.757986495923,-29.76027028116412,-13491.188999543969,1775.3881100000003,0.0,-0.0,25.64425716646671,-0.0,0.0,0.0,-720.6769586009514,-13.454172211777415,-1066.9012363537383,476.65295,0.0,-0.0,19.45740434667944,-0.0,0.0,0.0,315.2291041917711,-3.5782949033338096,-807.7611636351166,3097.60937,0.0,-0.0,38.448388039272686,-0.0,0.0,0.0,-1499.7216857525013,-34.963027161867046,-1601.3730451249044,724.7350299999999,0.0,-0.0,4.4415148860580995,-0.0,0.0,0.0,-542.9474400747928,-3.6648952205048513,-182.56420959076038,2183.1044446941733,0.0,-0.0,23.52660660413867,-0.0,0.0,0.0,-1203.935869660856,-14.595720214772147,-988.0994614226836,856.5178765112872,0.0,-0.0,43.5224224466138,-0.0,0.0,0.0,897.9582303902818,-31.672037027191678,-1766.3264923209913,5331.247493079443,0.0,-0.0,155.93331990319658,-0.0,0.0,0.0,1223.875614563434,-4.038789528059332,-6707.017638018015,536.8862079255732,0.0,-0.0,53.09196487129516,-0.0,0.0,0.0,1527.9769914395374,-12.990306815330126,-2104.9648574210755,18301.63544329615,0.0,-0.0,494.7971327550923,-0.0,0.0,0.0,-600.0,-9.81,-18186.62257605124,62272.93000198272,4450.707014639709,-0.0,1881.3273666095424,-244.63637002141246,0.0,0.0,3110.0,-50.6715,-71419.65651321056
t537,18716.92335318889,0.0,-1830.0,362.6637480234582,-182.90335729200265,0.0,0.0,-2698.0107331729687,-39.019999999999996,-14329.653010747375,1871.1359255401278,0.0,-240.0,23.153061447958756,-12.670478954413802,0.0,0.0,-468.0659041949351,-17.911,-1155.6416038387374,331.85375,0.0,-0.0,17.556543161739544,-9.628558405755108,0.0,0.0,546.180745188081,-11.644216683583046,-874.3182632604821,4351.708920664273,0.0,-0.0,34.708210563984935,-19.003993145641154,0.0,0.0,-2547.517239267935,-87.42808299315446,-1732.4678158215277,688.38078,0.0,-0.0,4.008056566459974,-2.1972712383450186,0.0,0.0,-481.69772510828597,-10.8,-197.69384021982893,10057.139242240459,0.0,-5280.5865002018,21.23421589863741,-11.633830287223898,0.0,0.0,-3646.971720946536,-69.4125,-1069.768906703538,1343.6627062541515,0.0,-729.0439029716646,39.28116125168388,-21.52241350276626,0.0,0.0,1389.1307105567005,-111.93884413314527,-1909.5694174549608,4871.886252328892,0.0,-0.0,140.74065330338036,-77.10684441482917,0.0,0.0,2359.6964817248536,-22.72897782357385,-7272.487565118721,563.3975364106445,0.0,-0.0,47.92631332970241,-26.24328095617501,0.0,0.0,1717.2553852210258,-30.871000000000002,-2271.4649540051973,18831.05898798606,0.0,-1297.3640519419514,425.0286289595308,-521.0704886553013,0.0,0.0,720.0,-19.512,-18138.141076348336,66879.00823344996,0.0,-0.0,1588.119733762398,-979.9251482396032,0.0,0.0,3110.0,-50.6715,-70546.53131897276
t538,18712.225481857757,0.0,-1830.0,310.23237783787573,-266.7794635197981,0.0,0.0,-2450.934637023207,-39.019999999999996,-14435.723759152626,1986.9008502392276,0.0,-240.0,19.985171188391334,-20.131469431416456,0.0,0.0,-535.8906572830904,-17.911,-1192.952894713112,332.24275,0.0,-0.0,15.150445874051346,-15.30216898249802,0.0,0.0,583.116239251536,-11.644216683583046,-903.5630494595063,5306.406568220827,0.0,-394.4633939379375,29.95740600867463,-30.19631241989076,0.0,0.0,-3034.328354213087,-87.42808299315446,-1789.9478306654316,633.00563,0.0,-0.0,3.4589242938161506,-3.4,0.0,0.0,-417.51021978042183,-10.8,-204.75433451339427,12835.83985067619,0.0,-7132.474803650225,18.326317395906,-18.48688306972044,0.0,0.0,-4528.733808169229,-69.4125,-1105.0581731829197,1631.3366598251991,0.0,-729.0439029716646,33.901652105034856,-34.20064450625942,0.0,0.0,1179.0309237759657,-111.93884413314527,-1969.0858440951313,4341.634546342631,0.0,-0.0,121.46750769900098,-383.21490426443177,0.0,0.0,3463.2894681504313,-22.72897782357385,-7520.447640104058,549.1526434932928,0.0,-0.0,41.365874816948335,-130.51629647915016,0.0,0.0,1911.961045291103,-30.871000000000002,-2341.0922671221933,18610.294350011543,0.0,-1990.0397062526677,359.10056867658375,-331.3,0.0,0.0,1290.1887786690593,-10.18941346876088,-17928.054577635758,66009.83312187418,0.0,-0.0,1298.398167970308,-1263.3892868772455,0.0,0.0,2539.8112213309405,-41.34891346876088,-68543.30431082944
t539,17608.75738071438,0.0,-1830.0,328.5147357654336,-1181.3124365415802,0.0,0.0,-412.82841183894834,-39.019999999999996,-14474.111268099288,1844.9174794198789,0.0,-240.0,19.947700863421634,-26.932585100980695,0.0,0.0,-365.8920218648327,-17.911,-1214.1295733174868,332.38714999999996,0.0,-0.0,15.115667004230234,-16.45975348996226,0.0,0.0,599.2908161800408,-11.644216683583046,-918.6896630107257,5735.45684539916,0.0,-394.4633939379375,29.89817704066996,-32.48838107879445,0.0,0.0,-3429.7662730599322,-87.42808299315446,-1821.208891370011,590.2764562009316,0.0,-0.0,3.451251969475438,-3.848066551360108,0.0,0.0,-371.29938097983904,-10.8,-207.78026063920797,14171.742656626238,753.7669688548041,-6378.707834795421,18.287833429784676,-24.717435344187013,0.0,0.0,-7345.736220457225,-69.4125,-1125.2234683139948,1832.3497962153701,0.0,-729.0439029716646,33.830154419655386,-45.72602508723239,0.0,0.0,1024.9210204386895,-111.93884413314527,-2004.392198881673,3060.7847013519604,0.0,-0.0,121.21315000233628,-119.3,0.0,0.0,4615.54644969543,-22.728977823573853,-7655.515323226153,555.8793984820422,0.0,-0.0,41.28350653150375,-40.6,0.0,0.0,1855.7640218866168,-30.871000000000002,-2381.4559269001625,18590.45179633021,0.0,-2988.35608295945,378.5732910116084,-139.9582068515458,0.0,0.0,1920.0,-19.512,-17741.198797530822,69865.3002780738,0.0,-4856.34855523612,1304.272597074334,-968.7019320610284,0.0,0.0,1910.0,-50.6715,-67203.850887851
t540,17337.591506073848,0.0,-1830.0,311.6835234976518,-191.60265364589068,0.0,0.0,-1160.0,-39.019999999999996,-14428.652375925609,1859.508436384126,0.0,-240.0,25.364427083473295,-8.06888503885695,0.0,0.0,-393.670859175631,-17.911,-1225.2221192531117,332.42855,0.0,-0.0,19.221733337612644,-51.2339993407637,0.0,0.0,638.9935638281916,-11.644216683583046,-927.7656311414573,5816.4289521680885,0.0,-394.4633939379375,38.01762125936327,-20.001521135826138,0.0,0.0,-3514.2015216686573,-87.42808299315446,-1838.352053691877,520.1742562009316,0.0,-0.0,4.388699229764004,-10.819958114125475,0.0,0.0,-293.1454525934864,-10.8,-209.79754472308377,14724.773297544549,0.0,-7132.474803650225,13.06155792845562,-0.0,0.0,0.0,-6399.633171186693,-69.4125,-1136.314380636086,1907.198925645111,0.0,-729.0439029716646,24.162847120503223,-13.708871009894713,0.0,0.0,945.8795981209846,-111.93884413314527,-2022.5497527718946,2617.0372594041273,0.0,-0.0,154.13424750602505,-0.0,0.0,0.0,4983.678345761058,-22.72897782357385,-7732.120874847639,557.8578558316744,0.0,-0.0,52.49499709800706,-16.71411900906082,0.0,0.0,1839.8791143629765,-30.871000000000002,-2402.646848283596,17905.709538304734,0.0,-2757.9908090766316,443.51435108153714,-0.0,0.0,0.0,1920.0,-19.512,-17491.72108030964,71168.6979603939,0.0,-6639.144419997978,1469.8745227513891,-1458.0404053032453,0.0,0.0,1432.2203825512574,-50.6715,-65922.93654039531
t541,15073.069486299792,0.0,-1830.0,412.18923135165653,-0.0,0.0,0.0,694.2205386226007,-39.019999999999996,-14310.459256274045,1664.8218923803254,0.0,-240.0,15.750477604452612,-66.51100952096968,0.0,0.0,-127.90300141007174,-17.911,-1228.2473590537365,332.35615,0.0,-0.0,20.362375394769714,-17.6623463593234,0.0,0.0,606.3705505964233,-11.644216683583046,-929.7825129482866,5928.380183229237,0.0,-394.4633939379375,23.610885084391168,-99.66651428145452,0.0,0.0,-3528.047338157002,-87.42808299315446,-1842.385738944081,484.63388,0.0,-0.0,4.649370914360813,-4.912481004885346,0.0,0.0,-262.76458314445375,-10.8,-210.80618676502166,14811.653152704639,0.0,-7132.474803650225,24.63796381725448,-62.010200545889035,0.0,0.0,-6434.062702176585,-69.4125,-1138.3309101491936,1907.593899166649,0.0,-729.0439029716646,45.57688304024701,-101.0,0.0,0.0,1014.3879766515129,-111.93884413314527,-2025.5760117535983,3317.983745388826,0.0,-0.0,90.26633863191259,-0.0,0.0,0.0,4363.73522098686,-22.72897782357385,-7749.256327184024,576.0596634482906,0.0,-0.0,30.737783867090144,-14.31566257915149,0.0,0.0,1844.0633380307154,-30.871000000000002,-2405.6741227669436,18856.887723130167,0.0,-3240.891985364924,467.38112472075625,-758.7920305423233,0.0,0.0,1920.0,-19.512,-17225.072831943675,72466.10998460391,0.0,-6639.144419997978,1543.3583004946283,-2537.0285984039674,0.0,0.0,-90.0,-50.6715,-64692.6237666966
t542,14093.632390633888,0.0,-1830.0,391.63428071081364,-1001.0707163735065,0.0,0.0,2422.52994826078,-39.019999999999996,-14037.705903231972,1671.471779989022,0.0,-240.0,25.571853299216738,-5.136475567641365,0.0,0.0,-216.8413446024856,-17.911,-1217.1548131181116,332.34075,0.0,-0.0,19.36845317652685,-3.9047696917273638,0.0,0.0,585.5547689197531,-11.644216683583046,-921.7149857209696,5667.265799628479,0.0,-394.4633939379375,38.323492402295614,-7.704713351462044,0.0,0.0,-3390.75052512597,-87.42808299315446,-1825.2425766222148,551.78068,0.0,-0.0,4.422638564475142,-0.8910212719377877,0.0,0.0,-335.7233946113915,-10.8,-208.78890268114586,14003.0909518281,0.0,-7132.474803650225,23.43817184477157,-0.0,0.0,0.0,-5696.393557438992,-69.4125,-1128.248262583656,1899.6340766270619,0.0,-729.0439029716646,43.35718915817446,-0.0,0.0,0.0,905.4099391829495,-111.93884413314527,-2007.4184578633767,3159.967982152243,0.0,-0.0,155.35099493203734,-411.0131625069201,0.0,0.0,4803.169552222671,-22.72897782357385,-7684.746388976457,667.464393001298,0.0,-0.0,52.916387118116894,-133.9398422472571,0.0,0.0,1826.8950805224545,-30.871000000000002,-2382.4650183946114,19654.943853729426,0.0,-3240.891985364924,80.7907319053565,-1311.662142459649,0.0,0.0,1920.0,-19.512,-17083.66845781021,75193.34840338326,0.0,-6639.144419997978,370.1503503747726,-2319.6306888367267,0.0,0.0,-2823.8504673297693,-50.6715,-63730.20167759357
t543,13479.515734477987,0.0,-1830.0,433.1594691304577,-433.1594691304577,0.0,0.0,2319.1190251410176,-39.019999999999996,-13929.614759619004,1850.5407199859576,0.0,-240.0,28.32159516483084,-64.8221736907439,0.0,0.0,-344.01639467630775,-17.911,-1212.1127467837368,332.26935,0.0,-0.0,21.449513534586107,-49.06991775469817,0.0,0.0,624.6764930110062,-11.644216683583046,-917.6812221073111,5330.985021493858,0.0,-394.4633939379375,42.44363532866557,-97.13326053611584,0.0,0.0,-2976.220291924459,-87.42808299315446,-1818.1836274308582,618.6872799999999,0.0,-0.0,4.897901386694473,-11.205887272884146,0.0,0.0,-393.7990334746023,-10.8,-207.78026063920797,12970.863982687946,704.9777930269543,-6427.497010623271,25.95742434267475,-70.45989071573413,0.0,0.0,-6010.214595161127,-69.4125,-1124.215203557441,1764.778517335184,0.0,-729.0439029716646,48.01735929209022,-130.34079782410814,0.0,0.0,1157.8761022138096,-111.93884413314527,-1999.3484339121671,2755.677452290942,0.0,-0.0,172.04908362439647,-245.3789290872178,0.0,0.0,4993.88075865262,-22.72897782357385,-7653.499387657166,585.5562587265251,0.0,-0.0,58.605256897951385,-58.605256897951385,0.0,0.0,1818.6979362180437,-30.871000000000002,-2373.3831949445685,18229.553543449245,0.0,-3132.225741362926,499.9498629272954,-499.9498629272954,0.0,0.0,1920.0,-19.512,-16997.81580208632,74003.05298151652,0.0,-6639.144419997978,1567.7230196797932,-2978.3757996896893,0.0,0.0,-3110.0,-50.6715,-62792.58428150866
t544,11065.217204863167,0.0,-0.0,546.1505122389339,-546.1505122389339,0.0,0.0,2865.0879678256424,-29.986143581733355,-13900.319029107077,1981.2582450306934,0.0,-240.0,35.60707327312093,-35.60707327312093,0.0,0.0,-525.4969270737449,-6.67381097383656,-1209.0875069831118,477.35155,0.0,-0.0,26.960274818063503,-26.960274818063503,0.0,0.0,440.4047126857391,-2.0919223852572606,-915.6643403004819,5516.9468898952055,0.0,-0.0,53.35855095538097,-53.35855095538097,0.0,0.0,-3668.011287746559,-35.79408128304294,-1813.1415208656035,685.5810799999999,0.0,-0.0,6.156551075302446,-6.156551075302446,0.0,0.0,-475.59916702530904,-3.210294377420836,-206.77161859727005,10589.007289866184,0.0,-1166.7,32.6302531899309,-32.6302531899309,0.0,0.0,-8249.798011712814,-51.318868865591746,-1121.1904092877799,1500.6614485589294,0.0,-0.0,60.36076250594212,-60.36076250594212,0.0,0.0,593.885411087871,-100.24219070413972,-1994.3046689426612,2600.75537374718,0.0,-0.0,216.2782140648232,-216.2782140648232,0.0,0.0,5049.226169008865,-18.657446357729253,-7631.324096398315,401.9554166806576,0.0,-0.0,73.67570199470697,-73.67570199470697,0.0,0.0,1983.9831997969236,-18.609970499707494,-2367.3286459778733,15699.826951855586,0.0,-0.0,641.414515612748,-641.414515612748,0.0,0.0,1480.928832377434,-16.28482691797414,-17164.470957315047,67745.44524643313,0.0,-5712.732578372868,1930.2982594399368,-1930.2982594399368,0.0,0.0,505.3891007759498,-27.29880001338268,-62510.80296882283
t545,9203.6810254814,1830.0,-0.0,675.3295550235567,-675.3295550235567,0.0,0.0,3001.436838114841,-31.75867889549293,-14003.359184700748,1875.123079015837,0.0,-0.0,44.72699545749553,-39.939235994627616,0.0,0.0,-646.6185684925383,-17.14587013492985,-1216.1463998512368,622.27755,0.0,-0.0,33.8621498452406,-33.8621498452406,0.0,0.0,309.22747265770045,-10.798477840145333,-920.7065448175549,4915.534295797846,0.0,-0.0,67.02348104531272,-59.84184185101084,0.0,0.0,-3022.790606434757,-75.69117324822665,-1824.234155309164,752.34448,0.0,-0.0,6.671070121808995,-0.0,0.0,0.0,-546.5375191861566,-3.689128254506557,-208.78890268114586,5284.121837665968,582.115577365937,-0.0,35.35745660433933,-0.0,0.0,0.0,-4717.788662068759,-56.56621174038474,-1127.2399978271023,1443.7298666863874,0.0,-0.0,75.81656795792487,-0.0,0.0,0.0,585.669444146135,-98.8061739209716,-2006.4097048694755,2846.5995525435073,0.0,-0.0,271.6587596563595,-242.51693802778078,0.0,0.0,4818.8384393783745,-17.897166849948633,-7676.68264670051,351.7025999999999,0.0,-0.0,92.54347151192127,-0.0,0.0,0.0,1958.7935241102782,-19.565485733138306,-2383.474109889061,14870.777919471215,1490.0,-0.0,833.6946483985699,-755.0539765980541,0.0,0.0,1369.7696377748807,-15.467806837645373,-17793.720422208968,66675.56844219628,0.0,-0.0,2450.7401798153164,-2450.7401798153164,0.0,0.0,-3110.0,-50.6715,-63514.8969421963
t546,8692.411157417497,1830.0,-0.0,811.5646073368316,-0.0,0.0,0.0,3560.0,-39.019999999999996,-14854.95576475433,1917.39491,240.0,-0.0,53.3534731808303,-4.787759462867919,0.0,0.0,-949.9381001220214,-2.5648328703294583,-1253.4576907256114,621.97795,0.0,-0.0,40.3956228025409,-0.0,0.0,0.0,292.258130038848,-5.688812728224532,-948.9428901131645,3802.1668600000003,394.4633939379375,-0.0,79.95147096083932,-38.6630816094517,0.0,0.0,-2291.1333293275625,-66.07956512174584,-1880.705748840017,819.3558800000001,0.0,-0.0,9.22466295182329,-0.0,0.0,0.0,-609.6248204808047,-4.114967538245431,-214.84075493277328,2118.8610400000002,5128.001033851965,-0.0,48.89203125817468,-0.0,0.0,0.0,-6084.37321406033,-49.8598914998787,-1161.5209995499301,1148.3126835069086,729.0439029716646,-0.0,80.03144027909408,-8.134305618035802,0.0,0.0,219.87486608908148,-100.17619673736338,-2068.9523904913494,2396.6476978046985,0.0,-0.0,324.06389067244135,-0.0,0.0,0.0,5202.93646786279,-19.164690343947203,-7904.483365995983,351.7025999999999,0.0,-0.0,110.39417631536743,-0.0,0.0,0.0,2018.33385036277,-22.283746199833633,-2458.146880478303,16825.12945566482,749.4876178043982,-0.0,1040.7385142604417,-78.64067180051588,0.0,0.0,751.6661496372301,-10.924746199833633,-19277.45631936654,64704.29315047081,2749.80853353137,-0.0,3054.1523888801676,-884.572249552768,0.0,0.0,-2110.0,-37.9715,-67475.71032332958
t547,9589.779910165882,1830.0,-0.0,748.6190753764176,-0.0,0.0,0.0,3560.0,-39.019999999999996,-15689.378985542298,2120.20976,239.91552000000033,-0.0,49.57612473994824,-0.0,0.0,0.0,-1093.7940872331833,-2.9532440355295955,-1312.9540734712357,621.97795,0.0,-0.0,37.553588599339804,-0.0,0.0,0.0,341.3186943193534,-6.527502151870287,-994.3227307668228,3798.410854846815,394.4633939379375,-0.0,74.29963019624174,-16.819352462471713,0.0,0.0,-2214.770219238193,-66.13748289182931,-1969.4468243885003,800.9201667136737,0.0,-0.0,8.574907733257724,-12.245095182734826,0.0,0.0,-568.485526607444,-3.8372773046002466,-224.92717535215232,2110.1677729013068,5921.655873691983,-0.0,45.44213993866838,-64.89756273212554,0.0,0.0,-6742.091378766271,-53.30128387317537,-1216.9755611603869,1148.3126835069086,674.219801468196,-0.0,84.06150319516846,-0.0,0.0,0.0,365.55449622122796,-105.34705349173471,-2166.8014308997654,2378.0372372479633,0.0,-0.0,301.1954685400331,-68.24995744125428,0.0,0.0,5692.26802130451,-20.77948447030488,-8282.471285180947,351.70259999999985,0.0,-0.0,102.59195466839469,-9.917501744512117,0.0,0.0,2151.1230946702553,-21.30774525417362,-2574.1924023399633,14331.088242141048,3240.891985364924,-0.0,894.5416830229073,-0.0,0.0,0.0,618.8769053297445,-9.948745254173623,-19075.450070604446,65294.51466272626,3693.0,-0.0,2846.6158275321377,-1230.167198852743,0.0,0.0,-2110.0,-37.9715,-68455.99179140566
t548,9625.42849799563,1830.0,-0.0,500.1541689946794,-242.78280078865836,0.0,0.0,3560.0,-39.019999999999996,-15233.779866201652,2143.2488607829982,240.0,-0.0,33.23107463991346,-17.52534636508625,0.0,0.0,-1107.2347764347212,-5.992897357493165,-1285.726915265611,621.97795,0.0,-0.0,25.187541355757418,-14.743755357301218,0.0,0.0,348.76890839643204,-8.045172599772481,-973.1454717951156,3794.471384846815,394.4633939379375,-0.0,49.81065113727544,-0.0,0.0,0.0,-2242.9509851936946,-67.6928941749225,-1928.1015505534115,738.9478167136738,0.0,-0.0,5.750630179795193,-0.0,0.0,0.0,-521.2957355361372,-3.5187462148689255,-219.88396514246278,2087.375972901307,5762.734066740051,-0.0,30.469896826629657,-0.0,0.0,0.0,-6634.175684439304,-54.63530978214183,-1191.7689422465428,1148.3126835069086,729.0439029716646,-0.0,56.3657130470054,-130.77520581415163,0.0,0.0,423.2676946834663,-105.81599521458172,-2120.3987931803103,2378.0372372479633,0.0,-0.0,201.9560959373231,-156.68722546988317,0.0,0.0,5708.644179895348,-20.833525793654648,-8111.116761817097,351.7025999999999,0.0,-0.0,68.77928760431472,-13.30922308461549,0.0,0.0,2132.9609426967368,-21.441237071178985,-2518.6923701452565,16828.061397568687,660.0188770213568,-0.0,583.0227143325837,-290.2403907089799,0.0,0.0,637.0390573032631,-10.082237071178985,-18407.819418445728,65236.00883194951,2077.7568907974414,-0.0,1930.9554359503609,-0.0,0.0,0.0,-2305.0236013713907,-40.44829973741666,-66899.2492575885
t549,8913.138068101944,1830.0,-0.0,397.88995431521687,-0.0,0.0,0.0,3560.0,-39.019999999999996,-14662.00802241716,1941.5586607829982,0.0,-0.0,26.429274129287197,-0.0,0.0,0.0,-717.634696839582,-1.9376136814668716,-1248.4156243912364,621.97795,0.0,-0.0,20.033109858974775,-14.9,0.0,0.0,321.6167654958807,-3.818698855349453,-944.909126499506,3800.642914846815,30.925930084734503,-0.0,35.09485833142836,-29.4,0.0,0.0,-1904.6712563000951,-59.954068627273344,-1872.6383783356093,689.5955667136736,0.0,-0.0,4.050937789625811,-3.4,0.0,0.0,-473.2201555624178,-3.19423605004632,-213.8321128908354,2097.128627098694,6218.3304067099825,-0.0,21.465989531418202,-18.0,0.0,0.0,-7114.165585508093,-47.27149730828744,-1157.487940523715,1148.3126835069086,729.0439029716646,-0.0,44.82991903443714,-0.0,0.0,0.0,239.9798044673289,-102.29269643410085,-2059.8736135462386,2378.0372372479633,0.0,-0.0,160.62352172864263,-67.5639979299157,0.0,0.0,5428.095124246977,-19.907713910015023,-7879.2841713836515,351.7025999999999,0.0,-0.0,54.7021674744086,-79.40420309836712,0.0,0.0,2140.423604674514,-21.38638650564232,-2446.0377825449123,14174.088048122861,3240.891985364924,-0.0,450.7477134586467,-523.8911470847684,0.0,0.0,629.5763953254858,-10.02738650564232,-17961.385608681503,63724.826566706135,3693.0,-0.0,1594.1844940656376,-1411.4,0.0,0.0,-2110.0,-37.9715,-65452.63956077177
t550,8826.83684050797,1830.0,-0.0,335.2153363205954,-409.6634293457224,0.0,0.0,3560.0,-39.019999999999996,-14103.368747482842,1743.6760107829982,240.0,-0.0,22.66069613924725,-79.2,0.0,0.0,-717.1213854652524,-1.9362277407561816,-1208.079093716237,621.97795,0.0,-0.0,17.18129283907161,-45.1,0.0,0.0,324.3983188651025,-3.801662307106893,-914.6558993970672,3825.309934846815,394.4633939379375,-0.0,33.969205168944875,-118.69999999999999,0.0,0.0,-2260.279086415732,-62.63034798541328,-1812.1330995525525,770.8373167136738,0.0,-0.0,3.9224688862246486,-13.700000000000001,0.0,0.0,-550.5718073033308,-3.716359699297483,-206.77161859727005,2074.336827098694,6461.206848059838,-0.0,20.781427543490015,-72.6,0.0,0.0,-7310.595525028939,-52.94743314185761,-1120.182144531226,1148.3126835069086,0.0,-0.0,38.44345705146393,-134.3,0.0,0.0,1044.0338291094085,-105.21155970682321,-1991.2784099609576,2378.0372372479633,0.0,-0.0,137.73977943922486,-119.3,0.0,0.0,5250.135656238743,-19.32044766558785,-7627.292225260342,351.7025999999999,0.0,-0.0,46.905694939985594,-163.9,0.0,0.0,2149.900714806266,-21.316729746173948,-2363.2922800000765,13483.125544822798,3077.1556892315475,-0.0,387.97010492938784,-331.3,0.0,0.0,620.0992851937342,-9.957729746173946,-17227.092894431295,62923.77280094505,1166.1884941772933,-0.0,1362.5633502802857,-0.0,0.0,0.0,-2110.0,-37.9715,-63304.55314540264
t551,8468.314721321276,1830.0,-0.0,247.78619730842348,-614.3497413946951,0.0,0.0,3408.5927740537927,-37.05170606269931,-13303.292245226097,1550.2242107829982,240.0,-0.0,16.772823250515472,-11.51375211270714,0.0,0.0,-645.1586426151332,-1.7419283350608596,-1148.5827109706124,621.97795,0.0,-0.0,12.720951205958022,-7.3318858324498715,0.0,0.0,245.54911695186223,-3.6400735819613965,-869.276058743409,3992.347474846815,0.0,-0.0,25.144910787638324,-0.0,0.0,0.0,-2231.092721735661,-64.01606120777363,-1722.3836026910183,873.1125667136738,0.0,-0.0,2.9040171419350758,-0.0,0.0,0.0,-674.7766433352051,-4.554742342512634,-196.68519817789104,2051.545027098694,5289.7646791929155,-0.0,15.3843195195162,-0.0,0.0,0.0,-6243.907176988607,-48.05926590175069,-1064.7275829207692,1148.3126835069086,729.0439029716646,-0.0,28.459558702291485,-19.561629864956522,0.0,0.0,106.89240821554176,-99.71755397890685,-1893.4293695525419,2378.0697723297417,0.0,-0.0,101.96719332491384,-431.98115444112045,0.0,0.0,5222.493659507202,-19.229229076373766,-7251.320241644364,351.7025999999999,0.0,-0.0,34.72119602328437,-23.84991509060763,0.0,0.0,1906.9200639094092,-22.247186703669772,-2247.2467581384158,13579.972796358914,1750.8919853649243,-0.0,281.5962214000847,-406.1203150932163,0.0,0.0,1014.487162036798,-12.856480640970466,-16207.971369426536,63260.908145974325,869.5713112216389,-0.0,1035.8453899338308,-2729.058685009739,0.0,0.0,-2110.0,-37.9715,-60289.29466212006
t552,8662.349631907433,1423.2369305814173,-0.0,163.2165072294913,-728.5888235594887,0.0,0.0,2800.0,-29.14,-12291.074246158852,1757.7544607829982,240.0,-0.0,11.0621836219251,-25.804251555692296,0.0,0.0,-885.9636654813627,-13.004465477255124,-1084.0442618906131,621.97795,0.0,-0.0,8.388468099536341,-19.52637156311615,0.0,0.0,220.71677662264005,-10.685927779553486,-820.8708953795068,4171.106134846815,394.4633939379375,-0.0,16.58316363838344,-0.0,0.0,0.0,-2880.0377890274876,-75.5313254444704,-1626.583577951178,767.5805167136738,0.0,-0.0,1.9150293202200697,-0.0,0.0,0.0,-579.9904746136774,-3.9149357036423225,-185.5901357165741,2074.336827098694,2776.4007592058183,-0.0,10.14552825610922,-0.0,0.0,0.0,-3805.170909665029,-50.472242611495226,-1005.2399622840975,1148.3126835069086,729.0439029716646,-0.0,18.768216094351637,-0.0,0.0,0.0,-16.764323025390695,-91.85017435461863,-1787.5103051929163,2378.10852713474,0.0,-0.0,67.24466613837485,-0.0,0.0,0.0,4416.324903401699,-16.568872181225604,-6845.109224493588,351.7025999999999,0.0,-0.0,22.898633254052523,-79.59867456818868,0.0,0.0,1846.3705307399102,-19.25367659906166,-2122.1194128267125,13453.287063405407,722.7948183083972,-0.0,184.87210842406026,-867.2498444476176,0.0,0.0,1683.6294692600898,-17.77467659906166,-15159.558938351272,63114.623784511394,0.0,-0.0,684.2527410188965,-4219.744881895138,0.0,0.0,-2799.1145182113924,-46.72325438128469,-56733.29387104248
t553,8090.410179614028,0.0,-0.0,99.37382226182858,-0.0,0.0,0.0,2800.0,-29.14,-10960.644001875857,1567.719411968979,0.0,-0.0,7.226147505031403,-57.80589923764431,0.0,0.0,-510.10056065136837,-16.777271513758695,-990.2618280712392,631.9989999999999,0.0,-0.0,5.482421610245996,-33.438495757089484,0.0,0.0,155.73915358125328,-10.510488197341742,-749.2715912370683,3908.580822444646,0.0,-0.0,10.833972868719986,-26.670074325212536,0.0,0.0,-2333.425613081581,-73.91451378252731,-1485.4045941240456,851.0615765220599,0.0,-0.0,1.2514802939806473,-1.3880724011880679,0.0,0.0,-676.9040192394186,-4.569102129866076,-169.45186304556765,2075.084636733527,423.38598858035584,-0.0,6.629188654363743,-0.0,0.0,0.0,-1553.4970422175431,-33.07357853022955,-918.5291932204742,1147.9094835069086,729.0439029716646,-0.0,12.263474171690213,-0.0,0.0,0.0,-189.76133608483656,-67.29318043329476,-1632.1623441321324,2539.1723488433745,0.0,-0.0,43.93801387214825,-0.0,0.0,0.0,3685.507851544108,-12.162175910095554,-6256.456038349536,351.7025999999999,0.0,-0.0,14.960200935122437,-0.0,0.0,0.0,1578.6589545550694,-7.866086147686785,-1937.455669342505,13448.57023667083,0.0,-0.0,119.89092177907997,-0.0,0.0,0.0,153.78261159431707,-13.08969780478177,-13709.154072239446,57617.41430677707,0.0,-0.0,503.7745774633379,-4910.6,0.0,0.0,-3110.0,-50.6715,-50049.91738424041
t554,7344.337322526378,0.0,-0.0,59.51294354676753,-0.0,0.0,0.0,2800.0,-29.14,-10174.710266073145,1369.443711968979,0.0,-0.0,4.339603125031946,-0.0,0.0,0.0,-436.5233892860733,-16.578613151072396,-920.681312656865,632.0560999999999,0.0,-0.0,3.2923994900652667,-10.36598761186042,0.0,0.0,82.16198221595823,-10.311829834655445,-696.8326642595076,3894.070696677084,0.0,-0.0,6.506241536623978,-26.390962045065848,0.0,0.0,-2419.087989398292,-73.56078789055294,-1381.5371988797979,774.0265265220598,0.0,-0.0,0.7515617692901363,-3.0439743456234964,0.0,0.0,-610.2666554789308,-4.1192999244827835,-157.34815854231283,2079.0676451527816,0.0,-0.0,3.981089238070561,-23.484637941228264,0.0,0.0,-1174.4105371629428,-31.153310485647566,-854.0002488010336,1147.9062835069087,23.702912591233755,-0.0,7.3646987753381445,-0.0,0.0,0.0,400.9292891574531,-61.729928209636086,-1518.1732558212975,2567.232969721825,0.0,-0.0,26.386512851983248,-46.468133783976214,0.0,0.0,3280.6569033015485,-10.826167780895108,-5816.982084310484,351.7025999999999,0.0,-0.0,8.984207236114267,-15.831779208522406,0.0,0.0,1466.2235407744602,-8.84115971574306,-1802.2374090863093,13517.966838699007,0.0,-0.0,74.39557239597289,-110.44570791686942,0.0,0.0,-279.6831441231807,-16.275671109305378,-13185.957887945624,51106.92318581746,0.0,-0.0,286.96998177589904,-0.0,0.0,0.0,-3110.0,-50.6715,-48233.22166759335
t555,7212.128955998951,0.0,-0.0,32.87561363470405,-265.0725972754682,0.0,0.0,2798.607628224314,-29.122525734215138,-9749.417074848285,1203.6308032788943,0.0,-0.0,2.41411502726494,-17.865915909705734,0.0,0.0,-303.5928895594073,-6.258157388930768,-878.3279554481154,632.0846499999999,0.0,-0.0,1.832239655921784,-13.533655755393973,0.0,0.0,49.84371340233531,-4.655951049208878,-665.5709962536541,3887.401256677084,0.0,-0.0,3.619740760255727,-26.77577351532116,0.0,0.0,-2480.8283059843557,-65.4102617800741,-1318.0066561575882,670.3264265220598,0.0,-0.0,0.41821987550122497,-3.0902322162649947,0.0,0.0,-513.8979388453424,-3.468811087206061,-150.28766424874752,2056.2758451527816,0.0,-0.0,2.215115891930026,-16.376359038511836,0.0,0.0,-1204.4444803013978,-22.992198409365074,-814.6779232954372,1147.9062835069087,0.0,-0.0,4.097821222006379,-30.293954186323127,0.0,0.0,381.8398768139467,-54.98072811442302,-1448.569299242115,2962.225888850306,0.0,-0.0,14.681629965885952,-108.54425859784776,0.0,0.0,2690.3856337929483,-8.878272591516728,-5549.8706214197755,351.7025999999999,0.0,-0.0,4.998416901183303,-36.97166812130302,0.0,0.0,1409.6634054153537,-8.891756159311946,-1720.5009980359223,13578.247492321107,0.0,-0.0,41.9039123430459,-302.3425612942573,0.0,0.0,-364.4301113272013,-16.898561318254927,-12936.480170724439,50168.2984883638,0.0,-0.0,170.1002412963433,-295.0976617119348,0.0,0.0,-2463.146531631193,-42.45646095171615,-47537.69807536529
t556,7074.297379874523,0.0,-0.0,41.18427994724577,-326.84173449907536,0.0,0.0,2800.0,-29.14,-9559.499925322694,1417.0552032788944,0.0,-0.0,3.015824469354847,-23.966278817381564,0.0,0.0,-538.5079139862389,-1.4539713677628452,-856.1428635768657,632.1131999999999,0.0,-0.0,2.2889547166843576,-18.14412891498083,0.0,0.0,36.01031008021846,-3.8408349863164424,-648.4275008956055,3926.517213330729,0.0,-0.0,4.521965327895656,-35.91332441123502,0.0,0.0,-2572.8497877402165,-37.54731368026579,-1284.7287528269069,623.0745065220599,0.0,-0.0,0.5224663641412357,-4.143420152363976,0.0,0.0,-470.0277692106691,-3.172687442172016,-146.2530960809959,2035.751623711805,0.0,-0.0,2.7672487815500335,-21.96123173475325,0.0,0.0,-1206.988569627412,-16.06470772338157,-793.5043634078082,1147.9030835069086,0.0,-0.0,5.1192331082539,-46.60653531199206,0.0,0.0,349.99839765686664,-44.15998749836484,-1412.254191461672,3617.9032721863587,0.0,-0.0,18.341123301038486,-166.99311444062909,0.0,0.0,1942.8914891045197,-6.411541914044914,-5405.731228237242,351.7025999999999,0.0,-0.0,6.244281381163218,-56.88092181596908,0.0,0.0,1386.0134587172163,-9.969354507804725,-1677.1100637746058,14537.326694251182,0.0,-0.0,53.34717241418513,-464.16699252063654,0.0,0.0,-1231.3976801692002,-11.150647929233577,-12883.958546046295,48677.28128483741,0.0,-0.0,201.3101972147902,-826.7989829056974,0.0,0.0,-495.1419348250845,-9.030611748876986,-47547.61995257254
t557,7121.006149706803,0.0,-0.0,39.831037737133514,-104.29366071089818,0.0,0.0,2549.1522109138155,-25.991860246968383,-9579.703877399885,1611.3469032788944,0.0,-0.0,2.96446353171282,-5.939612879080332,0.0,0.0,-757.243226511206,-2.044556711580256,-849.0839707087407,632.1702999999999,0.0,-0.0,2.251691295000639,-4.5153179539947415,0.0,0.0,19.029694028400172,-5.551070990873583,-643.3852963785324,3930.9344733307294,0.0,-0.0,4.445779678929314,-8.909419318620497,0.0,0.0,-2604.646077884634,-47.180216110006235,-1274.6445396963975,710.1354656519602,0.0,-0.0,0.5138886380694001,-1.030341009636384,0.0,0.0,-560.5905728744327,-3.783986366902421,-145.24445403905798,2058.5434237118047,0.0,-0.0,2.7212332264661745,-5.454746521604386,0.0,0.0,-1251.1855653677035,-17.169570180477884,-787.4547748684856,1147.9030835069086,0.0,-0.0,5.0341899070984315,-4.109415080785831,0.0,0.0,300.53441998608696,-48.20436979054965,-1401.157908528759,2777.5464361259237,0.0,-0.0,18.035942750872348,-14.722318893025514,0.0,0.0,2588.0531934897913,-8.540575538516311,-5360.372677935046,351.7025999999999,0.0,-0.0,6.13923562925669,-5.010277846243386,0.0,0.0,1319.6926343573516,-8.532317793599077,-1663.9918743467658,13597.389062879336,0.0,-0.0,52.93680428416096,-42.13912139364899,0.0,0.0,-365.9280680156983,-16.90957129991538,-13225.349106454232,50024.890948241446,0.0,-0.0,219.94973928342955,-183.54702593816558,0.0,0.0,-1236.8686421217708,-21.687600175571024,-48802.73741928937
t558,7230.407455814603,0.0,-0.0,92.11336928624203,-60.28860673849579,0.0,0.0,2706.073425100396,-27.961221485009972,-9940.344421977736,1818.1181532788946,0.0,-0.0,6.637678208629069,-4.531551283032272,0.0,0.0,-954.5404457905134,-3.4904912358619744,-862.1933431781156,632.1988499999999,0.0,-0.0,5.038634055723979,-3.4449037814888186,0.0,0.0,26.09783665285272,-7.429152417823699,-652.4612645092641,3950.343773330729,0.0,-0.0,9.952983542934211,-6.797326924548406,0.0,0.0,-2589.194412362065,-71.50889425573415,-1292.7961233313147,819.4640956519602,0.0,-0.0,1.150063737615687,-0.7860854266484553,0.0,0.0,-668.0569514179227,-4.509384422070978,-147.2617381229338,2081.3240437118047,0.0,-0.0,6.0910671544426185,-4.161628729315351,0.0,0.0,-1254.5829010436535,-30.124893902701913,-798.5456871905769,1147.8998835069085,0.0,-0.0,11.268120858717907,-7.6990131492334,0.0,0.0,332.8657908027151,-60.98430762452337,-1423.3504743945853,2607.9727193504095,0.0,-0.0,40.37106407550243,-27.582350411517854,0.0,0.0,2824.5297770218167,-9.320948264171994,-5435.9702617720395,351.7025999999999,0.0,-0.0,13.743923222145458,-9.386784800566847,0.0,0.0,1341.2536621060412,-6.076055830724887,-1691.237344696895,13955.994819158932,0.0,-0.0,128.5663822260483,-84.2166303376428,0.0,0.0,404.855000243812,-11.244315748207981,-14393.95525554294,55094.29924670715,0.0,-0.0,490.29072480357934,-526.6934381488434,0.0,0.0,-2169.30078131348,-38.72461992268119,-52849.87113212572
t559,8045.167499606865,0.0,-0.0,227.45270578547067,-0.0,0.0,0.0,2800.0,-29.14,-11043.480205392338,2021.5291032788944,0.0,-0.0,15.941408455547176,-0.0,0.0,0.0,-1113.7819877107577,-3.007211366819046,-920.681312656865,632.2273999999999,0.0,-0.0,12.099792404019144,-0.0,0.0,0.0,60.515698097968425,-8.010226242479796,-696.8326642595076,3976.0952433307293,360.5007785281162,-0.0,23.90301820124042,-0.0,0.0,0.0,-2926.9781342770243,-52.99212821631436,-1380.528777566747,963.8063456519602,0.0,-0.0,2.7618199329107065,-0.0,0.0,0.0,-803.7943948771374,-5.425612165420677,-157.34815854231283,2104.115843711805,1827.5305293393455,-0.0,14.627819279231035,-0.0,0.0,0.0,-3057.4162889190966,-35.86591936680572,-852.99198404448,1147.8998835069085,729.0439029716646,-0.0,27.060556218369385,-0.0,0.0,0.0,-304.35872711588036,-77.43734778415833,-1522.2082677969022,2549.7315065880766,0.0,-0.0,96.95205760205555,-0.0,0.0,0.0,3158.503679692544,-11.388418615537093,-5793.798825267139,369.50871614668966,0.0,-0.0,33.007197614650046,-0.0,0.0,0.0,1429.3607846581926,-20.55746588317966,-1811.3192325363523,14232.446467576186,5.908539464207479,-0.0,330.7264545330503,-0.0,0.0,0.0,1920.0,-19.512,-16469.569461573446,59588.11296974494,0.0,-0.0,1219.7509810001447,-0.0,0.0,0.0,-1162.050629548809,-20.29224424108529,-59625.521076955185
t560,9811.382988254178,0.0,-0.0,370.51068843266205,-0.0,0.0,0.0,2800.0,-29.14,-12952.753676686842,2039.1093600000004,0.0,-0.0,24.37380516221685,-0.0,0.0,0.0,-1018.0351523022625,-2.7486949112161088,-1042.6993179487386,632.2844999999999,0.0,-0.0,18.490187300035664,-0.0,0.0,0.0,145.72670013263962,-6.892160059021817,-789.6092273736534,3888.1821000000004,394.4633939379375,-0.0,36.5420306394936,-0.0,0.0,0.0,-2690.652302492946,-63.465344229414775,-1565.0698778550704,905.1373100000002,0.0,-0.0,4.220866916449827,-0.0,0.0,0.0,-725.9285179969617,-4.900017496479491,-178.5296414230088,2094.5236400000003,2882.9694989800596,-0.0,22.358949866262616,-0.0,0.0,0.0,-3991.657721705108,-42.276730362714474,-965.9176367785009,1147.8966835069086,650.5168888769618,-0.0,41.36218954220267,-0.0,0.0,0.0,-29.984915503642696,-85.83197984528915,-1723.9588665771412,2408.6522145489457,0.0,-0.0,148.19450904895683,-0.0,0.0,0.0,4023.76746898463,-13.704076609076875,-6566.910115973455,470.01434950800507,0.0,-0.0,50.459246672856565,-0.0,0.0,0.0,1549.7587603430627,-18.749348308657275,-2051.483008215267,15381.322379658388,0.0,-0.0,485.026117467507,-0.0,0.0,0.0,1704.9156188547615,-17.931129798582496,-17553.332986182075,62100.574417871656,1938.421813666444,-0.0,1760.5819647563485,-0.0,0.0,0.0,-1767.9099383141725,-31.591520349559318,-64000.076737630705
t561,10893.465491735773,0.0,-0.0,402.1570404521543,-159.09211985383163,0.0,0.0,2800.0,-29.14,-13907.390412334094,1938.1584699211076,0.0,-0.0,26.91084707294808,-11.576837313088545,0.0,0.0,-802.8053393299933,-4.121255914111117,-1146.5658844368625,632.5752499999999,0.0,-0.0,20.41219534562491,-8.797071623400281,0.0,0.0,227.52192205008964,-3.4446779323200234,-868.2676178399943,5044.894238184617,0.0,-0.0,40.34439333950353,-17.363484593496196,0.0,0.0,-3315.1191175029453,-32.38926936276407,-1720.3667600649162,777.7127900000002,0.0,-0.0,4.659725142685829,-2.0075400207072853,0.0,0.0,-579.7663540542216,-3.9134228898659957,-196.68519817789104,6017.7180786964045,0.0,-0.0,24.684575887102802,-10.629403433958528,0.0,0.0,-4934.096096207996,-34.966101533890566,-1062.7110534076617,1561.634613212194,0.0,-0.0,45.664277664148315,-19.66421921520962,0.0,0.0,387.1580857871047,-81.36338789569604,-1893.4293695525419,2427.898895992565,0.0,-0.0,163.60898821472344,-70.4497371917237,0.0,0.0,4721.6523204584755,-15.581452657512967,-7227.129014816526,528.9723785270444,0.0,-0.0,55.709518941234684,-23.97780798604016,0.0,0.0,1698.774743785069,-8.195709151095596,-2251.2831241162125,17688.865113550895,0.0,-0.0,491.0929152416764,-229.046493694523,0.0,0.0,-398.6883147775963,-2.9303591136153324,-17549.292861206835,63253.44698439598,0.0,-0.0,1796.1788984531518,-870.3657242362949,0.0,0.0,195.36814979201355,-2.481175502358572,-64372.1471329025
t562,11495.147461570117,0.0,-0.0,337.1456118346746,-197.61900984904665,0.0,0.0,2396.805824659923,-24.07991309948203,-14007.399975116186,1806.3962274533812,0.0,-0.0,22.79030842238525,-13.787959987931174,0.0,0.0,-618.8005753970451,-13.729238446427978,-1182.868762044362,633.0405999999998,0.0,-0.0,17.2822976716839,-10.479757478554387,0.0,0.0,259.7260163299189,-4.073634290859129,-895.4955222321893,6480.991459793829,0.0,-0.0,34.16481162552552,-20.681024363256846,0.0,0.0,-4664.308428122469,-55.34530796396082,-1774.8215109696673,841.7905800000002,0.0,-0.0,3.9454133150465314,-2.2971252217880274,0.0,0.0,-636.4060766463772,-4.295741017363046,-202.73705042951846,10099.49377581484,0.0,-803.1945692283542,20.902059438283292,-12.661178951564663,0.0,0.0,-8156.75023065107,-50.79780129164599,-1096.9920551304895,1645.384306535551,0.0,-729.0439029716646,38.66674486001885,-23.423089498530636,0.0,0.0,1114.5733980037476,-94.22041373031178,-1951.9370431988111,2564.2840066716767,0.0,-0.0,138.5390236233898,-83.91569413999733,0.0,0.0,4865.160071823371,-18.050028237017123,-7466.017379741424,536.4905164556468,0.0,-0.0,47.17604443371575,-28.55933543142328,0.0,0.0,1782.4990691337887,-19.723131841866653,-2317.883162749861,17155.701377680998,0.0,-1044.9397789148923,404.1310674591005,-259.2013843457144,0.0,0.0,1147.5009308662113,-8.434131841866654,-17394.758080903834,61593.865046294595,0.0,-0.0,1484.4029090754016,-1411.4,0.0,0.0,2510.0,-40.8615,-64136.00645537
t563,12121.793614706841,0.0,-0.0,367.7210293746755,-226.304991305157,0.0,0.0,1870.7698248586294,-17.478161301975796,-14116.501316333015,1851.5029046568438,0.0,-0.0,25.160157638595386,-15.978121127070208,0.0,0.0,-639.9421044008893,-13.672156318117597,-1207.0706804493618,633.2794999999999,0.0,-0.0,19.07778270929079,-12.139276886579777,0.0,0.0,277.4296749491636,-4.0002222782219015,-913.6474584936526,7341.631352828102,0.0,-0.0,37.71666273943788,-23.96364792059598,0.0,0.0,-5484.534185063939,-60.73392565655469,-1810.1162569264507,862.6358800000003,0.0,-0.0,4.355376311783921,-2.8646533719502445,0.0,0.0,-652.9475881227353,-4.407396219828463,-206.77161859727005,11790.52765764949,0.0,-4633.620827072739,23.074514863647956,-14.669024936684515,0.0,0.0,-6008.379778724741,-38.76692676085855,-1118.1656150181186,1805.0256248907547,0.0,-729.0439029716646,42.685495125903195,-27.137342755865426,0.0,0.0,978.4976387199749,-78.74910304814523,-1991.2784099609576,3356.2937502333416,0.0,-0.0,152.93825738059513,-97.22386204336125,0.0,0.0,4219.106517784537,-15.918051508688968,-7615.196611846423,498.50413534270865,0.0,-0.0,52.080424979518,-33.09198355320219,0.0,0.0,1865.9187916071883,-19.109996881687167,-2364.3013714945255,18394.48140460946,0.0,-1750.8919853649243,437.9277162509069,-281.7654618485744,0.0,0.0,613.228932579627,-15.192431591232737,-17397.788174635265,60499.47035999304,0.0,-0.0,1557.9604163790268,-699.1061320871518,0.0,0.0,2960.852275813185,-48.23293470954557,-64270.94398538857
t564,12889.193634835654,0.0,-960.7861728252464,402.7583281221273,-270.2573520795695,0.0,0.0,2122.7018766090355,-20.639908551443394,-14162.970406110553,1774.0507130572298,0.0,-0.0,27.206117159111834,-15.90261894306586,0.0,0.0,-558.2671059026027,-11.949118786311372,-1215.1379865843617,633.3798499999999,0.0,-0.0,20.621318501955486,-12.070304458306273,0.0,0.0,281.45483166721203,-3.687591796720879,-919.6981039141403,7836.188581725577,0.0,-394.4633939379375,40.779928115323656,-23.84483393251839,0.0,0.0,-5575.788447725826,-60.65452156155828,-1822.217312683062,807.86201,0.0,-0.0,4.708087571610466,-2.7550911399292466,0.0,0.0,-597.998257553984,-4.036488238489392,-207.78026063920797,12403.440286292818,0.0,-5965.774803650225,24.94581487794536,-14.59219625756448,0.0,0.0,-5287.0598331269175,-34.727535065510736,-1126.2317330705487,1964.3001143761521,0.0,-729.0439029716646,46.14683276186451,-26.994653628286258,0.0,0.0,824.8790992863001,-75.90404393659384,-2003.383445887772,4141.2082904072,0.0,-0.0,165.34214194205146,-96.71595613067664,0.0,0.0,3476.283033354029,-13.466734010068295,-7672.650775562538,488.21615712462125,0.0,-0.0,56.3095678500481,-110.17062629432385,0.0,0.0,1962.4738707861914,-18.400317049721494,-2378.4286524168147,18698.33060391419,0.0,-2116.6996070697605,473.37859607080225,-1223.98673034502,0.0,0.0,1567.5261292138086,-16.921317049721495,-17381.627674734296,62336.95271755874,0.0,-0.0,1636.1008099389144,-1463.624719958335,0.0,0.0,1783.7948033927532,-49.06869400308797,-64244.154916929
t565,13245.636308285993,0.0,-1830.0,430.7091322213711,-504.7449145897857,0.0,0.0,2800.0,-29.14,-14112.460525917577,1582.8094839650528,0.0,-0.0,9.163911177872517,-79.2,0.0,0.0,-281.9883638741487,-14.638631417539798,-1216.1463998512368,633.44035,0.0,-0.0,21.98594230754315,-60.0,0.0,0.0,332.20742446535996,-6.927171955348051,-920.7065448175549,7841.624423417104,0.0,-394.4633939379375,33.945691414988325,-58.93047164891115,0.0,0.0,-5538.500484813092,-58.433187809936356,-1825.2425766222148,720.4563600000001,0.0,-0.0,5.019832033795295,-13.700000000000001,0.0,0.0,-499.61488885289253,-3.3724004997570245,-208.78890268114586,14340.302309990844,0.0,-6114.826944931167,26.599089115334273,-72.6,0.0,0.0,-7006.867732290528,-44.35845930082696,-1128.248262583656,2052.143336713751,0.0,-729.0439029716646,35.86325427755627,-134.3,0.0,0.0,872.4032605191214,-91.66499666319042,-2005.4009518755743,3916.4952496097876,0.0,-0.0,137.5912188183762,-238.91000927688157,0.0,0.0,3882.3607848461797,-14.806790589992392,-7682.73045340747,502.46105004197307,0.0,-0.0,60.044567128033606,-4.127381629439306,0.0,0.0,1841.3591104036789,-19.29051053853296,-2380.446835405713,18279.01636961432,0.0,-2730.5148052048244,502.71795283576176,-21.08252676482988,0.0,0.0,1277.7413630533374,-11.093303279555176,-17296.785050254217,63794.21239118583,0.0,-0.0,1710.8957622121725,-3668.86824940664,0.0,0.0,2320.899526542984,-43.95329274102222,-64113.18613779333
t566,14723.535195525408,0.0,-1830.0,0.9016161382536438,-1236.9,0.0,0.0,2355.895238467547,-32.29721271537091,-13981.134837415839,1516.5928729785442,0.0,-0.0,7.021188952961263,-25.82978248288899,0.0,0.0,-273.02552812456577,-14.662831074063671,-1210.0959202499869,633.4694999999999,0.0,-0.0,5.337536499955245,-34.626207211716064,0.0,0.0,318.41192748326,-6.928416471017471,-915.6643403004819,7634.274338562815,0.0,-394.4633939379375,10.531783429441893,-118.69999999999999,0.0,0.0,-5259.863838986921,-56.62052557569286,-1815.1583634917054,711.4517988912789,0.0,-0.0,4.744175763724801,-11.431626006582007,0.0,0.0,-494.6538167878339,-3.3389132633178784,-206.77161859727005,14316.31504256643,0.0,-7132.474803650225,6.448030671086873,-41.8855879922326,0.0,0.0,-5987.553706792684,-38.65030075803903,-1122.1986740443335,2008.0609897371369,0.0,-729.0439029716646,0.0,-52.21301778594726,0.0,0.0,846.5557159936152,-79.05511603047967,-1994.3046689426612,5382.323293763538,0.0,-0.0,42.73611439225911,-481.2,0.0,0.0,2712.522561678964,-10.94632445354058,-7645.435645381221,602.570991933362,0.0,-0.0,1.370364293336607,-163.9,0.0,0.0,1951.7114470686183,-25.433248811892035,-2366.319554483424,19800.31026147571,0.0,-3240.891985364924,295.9580867795993,-1481.3,0.0,0.0,1920.0,-19.512,-17274.56436289039,66176.12501732349,0.0,-2946.1444199979774,1606.6070532532458,-2854.5894482640288,0.0,0.0,1910.0,-50.6715,-63841.32670231474
t567,12797.264707237293,0.0,-1258.406432410884,449.2245398178193,-449.2245398178193,0.0,0.0,2423.2498512567413,-24.411785633272103,-13937.69634044988,1649.363765637983,0.0,-0.0,29.758773820662498,-29.758773820662498,0.0,0.0,-431.3156616196213,-7.952183768374955,-1210.0959202499869,633.3376499999999,0.0,-0.0,22.541979051948307,-22.541979051948307,0.0,0.0,285.8901769306973,-2.5550457268008735,-916.6727812038964,7471.956422626696,0.0,-394.4633939379375,44.59936316948187,-44.59936316948187,0.0,0.0,-5203.2989193505655,-58.0273245334356,-1816.1667848047562,770.189028891279,0.0,-0.0,5.1471923225899125,-5.1471923225899125,0.0,0.0,-558.6379620085137,-3.7708062435574674,-207.78026063920797,12800.379478569925,0.0,-5965.774803650225,27.277228221837326,-27.277228221837326,0.0,0.0,-5675.503183050284,-36.90281782508159,-1122.1986740443335,1833.1536595520192,0.0,-729.0439029716646,50.458992454247856,-50.458992454247856,0.0,0.0,970.3550517148574,-79.1513863586495,-1995.3134219365625,4504.616691938181,0.0,-0.0,180.79645981241902,-180.79645981241902,0.0,0.0,3157.2647984157843,-12.413973834772086,-7649.467516519193,510.77057091042826,0.0,-0.0,61.582206746139384,-61.582206746139384,0.0,0.0,1875.5969375762595,-19.038862508814493,-2367.3286459778733,17833.59178591954,0.0,-2235.2618414526833,522.2573995327809,-522.2573995327809,0.0,0.0,1654.4030624237405,-17.559862508814494,-17235.17314438178,64837.566575264034,0.0,-1279.2527426592642,1693.1648696944085,-3497.6893908103657,0.0,0.0,1501.9958477109049,-45.48984726592849,-63210.29531193379
t568,10134.442256614542,0.0,-0.0,560.8748759988524,-279.6109897673753,0.0,0.0,3560.0,-39.019999999999996,-13936.68614284602,1800.5065105775748,0.0,-0.0,37.20991208948377,-37.20991208948377,0.0,0.0,-575.55617874332,-13.845998317393036,-1211.1043335168617,633.11195,0.0,-0.0,28.179352812875145,-28.179352812875145,0.0,0.0,288.09137168777556,-4.5305404838792,-916.6727812038964,6762.073355739486,0.0,-0.0,55.76309423714341,-55.76309423714341,0.0,0.0,-4890.186760951444,-55.71980998328581,-1816.1667848047562,776.155278891279,0.0,-0.0,6.434705075837746,-6.434705075837746,0.0,0.0,-564.5642098356802,-3.8108084163908416,-207.78026063920797,9840.60365205418,0.0,-740.7581606495153,34.10263197590494,-34.10263197590494,0.0,0.0,-7927.126643400731,-49.51190920304409,-1123.2069388008872,1693.1507117845158,0.0,-729.0439029716646,63.08469176571591,-63.08469176571591,0.0,0.0,1128.8658075462663,-96.65044142865344,-1996.3221749304637,3364.1695078627663,0.0,-0.0,226.03674694962245,-226.03674694962245,0.0,0.0,4300.476613697134,-16.186572825200543,-7648.4595487347,373.465630845954,0.0,-0.0,76.99631606137287,-76.99631606137287,0.0,0.0,2018.1661767219118,-22.284978601093947,-2369.3468289667717,16704.012168503476,0.0,-0.0,664.7549552443389,-664.7549552443389,0.0,0.0,725.4817850275056,-10.495122775696922,-17418.998830755285,61309.30110204693,0.0,-0.0,2075.5066308665046,-2075.5066308665046,0.0,0.0,1936.3520382505826,-50.24064417460298,-63195.41249612292
t569,9852.597433649684,465.39269438570483,-0.0,686.5449730451272,-0.0,0.0,0.0,3176.304096624402,-34.03195325611723,-14146.8072444488,1650.2484364631664,0.0,-0.0,46.01912313667213,-0.0,0.0,0.0,-473.01565961529235,-3.0718470658093673,-1220.1800529187367,632.7426999999999,0.0,-0.0,34.8460714380597,-0.0,0.0,0.0,259.3035882840123,-3.160492194273063,-923.7318675277988,5266.993367822289,0.0,-0.0,68.96246081896787,-40.49944316749856,0.0,0.0,-3396.2071776285466,-68.96452465774317,-1830.2846831874695,858.3511909547982,0.0,-0.0,7.957230465856066,-0.0,0.0,0.0,-653.1110193588363,-4.408499380672145,-208.78890268114586,3451.800830711973,1763.3460176656986,-0.0,42.173260503501744,-0.0,0.0,0.0,-4078.674026354315,-47.37302567354088,-1131.2730568533175,1463.3514058399655,0.0,-0.0,78.0139095428742,-0.0,0.0,0.0,558.6038922760231,-88.51573781988044,-2011.4534698389814,3758.8654626445373,0.0,-0.0,279.53045102161815,-0.0,0.0,0.0,3679.6396741403373,-14.137810924663112,-7703.897776881828,351.7025999999999,0.0,-0.0,95.22126039075751,-13.567208903055015,0.0,0.0,1975.5929260133348,-20.43001013972986,-2388.519567361307,15228.45755266478,1319.8089717983507,-0.0,871.8630009910914,-110.70199663946234,0.0,0.0,1178.1029773622631,-14.059056883612634,-18473.47144929341,67232.45839811116,0.0,-0.0,2638.6486500494993,-2638.6486500494993,0.0,0.0,-2226.5392717433815,-39.45154875114095,-64966.46757761663
t570,10384.045485055105,1713.739665264031,-0.0,848.7894264461403,-197.76878867137822,0.0,0.0,2800.0,-29.14,-15519.665788093896,1807.2199400000002,0.0,-0.0,55.15733212400288,-0.0,0.0,0.0,-586.160270064842,-1.5826327291750737,-1274.6343693299862,632.6556499999999,0.0,-0.0,41.766113097027805,-45.1,0.0,0.0,338.5151286218003,-2.7589471510295223,-965.0779445677986,4129.3916085513265,0.0,-0.0,82.65686995203623,-0.0,0.0,0.0,-2251.5282564746567,-47.544991171058584,-1912.9752308576471,933.2798709547983,0.0,-0.0,9.537426257318998,-5.807438564569011,0.0,0.0,-713.3196280576343,-4.814907489389031,-218.8753231005249,2117.2768000000005,4033.749175870496,-0.0,50.548111880372176,-30.777276250077175,0.0,0.0,-4956.235597473931,-32.87491934585402,-1181.6862946810054,1147.8806835069086,729.0439029716646,-0.0,93.50609415529169,-79.85457340080062,0.0,0.0,293.6516515092394,-80.977766458313,-2103.24999228399,4964.743777805706,0.0,-0.0,335.04011588394803,-239.6642435798826,0.0,0.0,2999.3881220871394,-11.892980802887559,-8047.614791394023,351.7025999999999,0.0,-0.0,114.13012931777041,-0.0,0.0,0.0,2049.429909608431,-17.76119016437805,-2497.5014487618228,15579.641296685248,2136.805862079957,-0.0,1096.6521917465063,-0.0,0.0,0.0,1480.570090391569,-16.28219016437805,-20277.387250738902,68229.35713610113,0.0,-0.0,3305.103126489493,-0.0,0.0,0.0,-1454.3111501471144,-25.742902950243682,-70054.40620949327
t571,11008.388926960306,1830.0,-0.0,781.513073127378,-0.0,0.0,0.0,2931.721999423508,-30.852385992505603,-16520.771613518686,1725.1402408069287,0.0,-0.0,44.71979975170089,-19.6,0.0,0.0,-377.79794316210695,-1.0200544465376888,-1371.442042949985,632.7127499999999,0.0,-0.0,39.253429309382945,-11.058378411300433,0.0,0.0,377.79794316210695,-1.0200544465376888,-1037.6856896136517,4121.372338551326,0.0,-0.0,77.6598851016392,-111.11988760350555,0.0,0.0,-1976.6442923291868,-55.09698640939094,-2056.1710573108817,1030.2122209547983,0.0,-0.0,8.962965121105713,-0.0,0.0,0.0,-798.7698935230918,-5.39169678128087,-235.01359577153133,2100.988594271899,4871.835223667287,-0.0,45.22734023189675,-54.6,0.0,0.0,-5655.239956400948,-36.78934375584531,-1271.42185801429,1147.8806835069086,0.0,-0.0,87.86459157651949,-24.71436248968486,0.0,0.0,1134.0102685553447,-84.42572181651128,-2260.6154593325764,5582.531729421158,0.0,-0.0,314.8215284005105,-88.54124459517729,0.0,0.0,2858.0338639680504,-11.426511751094566,-8655.419365443446,351.7025999999999,0.0,-0.0,107.23192621690498,-16.56501683511932,0.0,0.0,2258.7805580482313,-16.966692195088317,-2684.1833752349285,15324.164932757814,2788.485962036916,-0.0,929.4201620622149,-141.9037221525286,0.0,0.0,1139.4974425282608,-13.775306202582717,-20025.889471030096,70611.05507237023,0.0,-0.0,3021.3567390307253,-594.0568903056433,0.0,0.0,-1891.3899902701685,-33.89442331853864,-71113.0705075066
t572,12500.186535372992,400.00340980273245,-0.0,519.3870518808963,-0.0,0.0,0.0,2800.0,-29.14,-16190.436997056622,1742.4614889767627,0.0,-0.0,34.87913027354102,-25.42763950930845,0.0,0.0,-395.5375975476316,-1.0679515133786055,-1355.3074306799851,632.7412999999999,0.0,-0.0,18.82725886221027,-20.453806123787075,0.0,0.0,395.5375975476316,-1.0679515133786055,-1025.5843987726762,3877.9766285513265,76.72416286714872,-0.0,48.56740319018662,-0.0,0.0,0.0,-1912.1570933798675,-58.13373411808384,-2032.97736711071,879.8140709547982,0.0,-0.0,4.572049242011585,-3.4,0.0,0.0,-644.6470827425798,-4.351367808512413,-231.98766964571763,2078.1856142718984,4342.318785539696,-0.0,26.499206396371306,-18.0,0.0,0.0,-5138.808392543738,-33.89732699824493,-1256.2978866659835,1147.8774835069087,729.0439029716646,-0.0,59.16146626575362,-0.0,0.0,0.0,379.61526017874394,-82.31898442582491,-2233.3791284972444,5263.903823545714,0.0,-0.0,211.97308500144044,-0.0,0.0,0.0,3095.9973084874414,-12.211791118008556,-8559.662425916587,351.7025999999999,0.0,-0.0,72.19053449715614,-0.0,0.0,0.0,2243.3262733121046,-16.336051891156004,-2650.8833559181044,14724.798079321967,2817.088283989175,-0.0,606.1676866359325,-0.0,0.0,0.0,1286.6737266878954,-14.857051891156003,-19419.870724743814,70993.35075572573,1637.9543448066463,-0.0,2123.40060954215,-3099.023434700601,0.0,0.0,-2110.0,-37.9715,-69507.71077537393
t573,12998.746575850622,0.0,-0.0,447.045459121506,-456.55921715966304,0.0,0.0,2800.0,-29.14,-15760.092817812465,1958.4874889767627,0.0,-0.0,30.167865788453334,-0.0,0.0,0.0,-659.8020300765241,-1.7814654812066155,-1327.0718592074854,632.7698499999999,0.0,-0.0,22.872215906596935,-14.9,0.0,0.0,366.838117958141,-3.173044063768935,-1004.407139800969,3887.3836785513263,394.4633939379375,-0.0,37.09052597195553,-18.226852218715507,0.0,0.0,-2263.4172240955695,-46.66985018436331,-1990.6236719625701,945.2437509547983,0.0,-0.0,5.221741823900148,-3.4,0.0,0.0,-715.2928068961215,-4.82822644654882,-226.94445943602813,2055.3938142718985,3915.3931772988835,-0.0,27.665376584638416,-18.0,0.0,0.0,-4718.8239510340445,-31.545414125790643,-1230.0830029955857,1147.8774835069087,729.0439029716646,-0.0,51.17799136668239,-20.6446999620145,0.0,0.0,358.1736929627509,-78.65188006820141,-2186.9764907777894,5586.296739915152,0.0,-0.0,183.36686387628365,-73.96134250655646,0.0,0.0,2697.4544341937403,-10.896599632839342,-8382.260095845779,351.7025999999999,0.0,-0.0,62.44413847053148,-25.170414968702364,0.0,0.0,2222.893234944725,-16.486234723156272,-2595.383323723397,15435.40277080142,1715.8184435805938,-0.0,512.8105280173855,-196.82098143974696,0.0,0.0,1307.106765055275,-15.007234723156271,-18759.31029129177,68708.67055134129,0.0,-0.0,1787.7170385047916,-1411.4,0.0,0.0,-1395.1302330123729,-24.639178845680753,-67665.21817798802
t574,12934.568721702875,0.0,-0.0,375.00369760041906,-966.8660679609261,0.0,0.0,2800.0,-29.14,-15113.566351342368,1756.3228389767628,0.0,-0.0,25.80552838454706,-33.64179657071643,0.0,0.0,-455.4793815934305,-1.2297943303022625,-1291.777394866861,632.8269499999999,0.0,-0.0,19.569381565349758,-14.9,0.0,0.0,342.4579906839613,-1.766645937122241,-978.1876763121887,3815.4705285513264,0.0,-0.0,38.68519222758294,-29.4,0.0,0.0,-1829.11012000147,-58.46825840656908,-1937.17734237087,845.5468009547983,0.0,-0.0,4.467511931288465,-10.3,0.0,0.0,-614.6726652115083,-4.149040490177681,-220.8926071844007,2078.1856142718984,2352.6532497658654,-0.0,21.632792344475046,-0.0,0.0,0.0,-3231.4370779597994,-23.216047636574874,-1197.8185307858655,1147.8742835069086,0.0,-0.0,43.78319374817065,-21.18110616444129,0.0,0.0,1021.2185349601309,-63.22608891924927,-2128.46881713152,7279.808143398305,0.0,-0.0,156.8705733044066,-75.88306202455993,0.0,0.0,804.9087127365297,-3.1812485884283843,-8162.523118826252,351.7025999999999,0.0,-0.0,53.418008247759744,-107.47846320771198,0.0,0.0,2239.942218831304,-13.846536253849374,-2523.7378276175023,17190.561044350234,0.0,-0.0,420.5884584400771,-959.8382172419751,0.0,0.0,1032.1717875542813,-12.98646263852397,-17670.49661046409,66166.79474572002,0.0,-0.0,1496.5401875191073,-1093.6069143003988,0.0,0.0,-2110.0,-37.9715,-64421.75651893874
t575,11942.801747309988,0.0,-0.0,270.0821883247605,-1000.2474791893549,0.0,0.0,2840.594407631757,-29.66772729921284,-14023.563136777939,1804.0858054914079,0.0,-0.0,18.990888463862525,-64.61929405838293,0.0,0.0,-528.7823285560497,-1.4277122871013344,-1228.2473590537365,632.8554999999999,0.0,-0.0,14.40477409413484,-0.0,0.0,0.0,285.10740701855616,-2.5851681644044286,-929.7825129482866,3815.843388551327,0.0,-0.0,28.47087519906563,-0.0,0.0,0.0,-1951.4607200736937,-50.46780473261637,-1842.385738944081,749.2393309547982,0.0,-0.0,2.90394620318901,-3.4,0.0,0.0,-535.3322398161446,-3.613492618758976,-209.79754472308377,2100.977414271899,0.0,-0.0,17.419791552852153,-0.0,0.0,0.0,-961.7548931293063,-17.303137789697004,-1139.3391749057475,1147.8742835069086,0.0,-0.0,32.22506862310366,-134.3,0.0,0.0,1016.6274645552392,-39.87706391335687,-2022.5497527718946,8114.718658778211,0.0,-0.0,115.4581140967511,-481.2,0.0,0.0,15.450056262126685,-0.05098518566501806,-7764.375843951422,351.7025999999999,0.0,-0.0,39.3139786088567,-163.9,0.0,0.0,2184.966638195684,-13.472734498741138,-2398.610482305799,17776.053599842788,0.0,-0.0,296.1234084314989,-1347.2029440625479,0.0,0.0,-591.3590799779288,-18.56648923783778,-16115.048494995974,60503.59645281564,0.0,-0.0,1097.351594174574,-0.0,0.0,0.0,-1774.0567121102395,-31.706157680855966,-59795.18517719912
t576,11779.242717291529,0.0,-0.0,95.87956532963472,-1236.9,0.0,0.0,2037.0988895953994,-19.565591064422264,-12655.755581152142,1615.5390054914076,0.0,-0.0,14.434455775224828,-39.66639148737126,0.0,0.0,-456.6260806608641,-1.2328904177843332,-1132.4480987006127,632.8840499999999,0.0,-0.0,10.950665140001096,-30.01601100806114,0.0,0.0,245.5913690683424,-2.235305297848811,-857.1747679024335,3817.1539985513264,109.3435372451414,-0.0,21.640890665120853,-107.35658035836693,0.0,0.0,-2118.9683937222053,-23.63196120322079,-1698.1814911777954,877.4057665220598,0.0,-0.0,2.499751165975505,-10.3,0.0,0.0,-671.414199787393,-4.532045848564903,-193.6592720520773,2078.1856142718984,0.0,-0.0,13.24159534767012,-72.6,0.0,0.0,-950.8571619584421,-17.35817133210987,-1050.6118763290167,1147.8710835069087,0.0,-0.0,10.900927693546716,-126.09414883599572,0.0,0.0,856.8246540726799,-24.318230713831166,-1865.1842857233082,7208.516144088049,0.0,-0.0,68.45799819101642,-481.2,0.0,0.0,364.01431041629314,-1.2012472243737673,-7158.587205470985,351.7025999999999,0.0,-0.0,13.3077661843001,-153.8952685507936,0.0,0.0,2014.3366129761894,-12.514063282553595,-2212.9376473271423,16804.891800002773,0.0,-0.0,111.83636359237374,-1481.3,0.0,0.0,-851.3938548880392,-17.363710472580557,-14566.67059823453,57017.00013816543,0.0,-0.0,829.8849141365371,-2592.925323223474,0.0,0.0,-468.60614511196076,-7.661710472580558,-54777.69187349395
