Status,Solve,Objval
OPTIMAL,642.8311591148376,3.669568617999676e10
