Line,New_Trans_Capacity,Cost_Trans_Capacity
1,-0.0,-0.0
2,800.0,1.3364e7
3,0.0,0.0
4,0.0,0.0
5,1240.3568348801678,6.384116629128223e6
6,500.0,1.206e7
7,1300.0,1.16571e7
8,1600.0,2.04832e7
9,0.0,0.0
10,550.6057739011965,6.558815978711053e6
11,755.0,2.672247e7
12,2097.1290268663993,2.2355395426395815e7
13,1109.7806588527353,6.9072748206994245e6
14,1290.0,9.92139e6
15,175.0,803600.0
16,660.0,9.22548e6
17,0.0,0.0
