Line,New_Trans_Capacity,Cost_Trans_Capacity
1,-0.0,-0.0
2,800.0,1.3364e7
3,0.0,0.0
4,0.0,0.0
5,1211.6429839309803,6.236326438292756e6
6,500.0,1.206e7
7,1300.0,1.16571e7
8,1600.0,2.04832e7
9,0.0,0.0
10,519.1225325079754,6.183787607235003e6
11,755.0,2.672247e7
12,2117.250384487409,2.256988909863578e7
13,1127.9913564722906,7.020618202683536e6
14,1290.0,9.92139e6
15,175.0,803600.0
16,660.0,9.22548e6
17,0.0,0.0
