Status,Solve,Objval
OPTIMAL,29.935033082962036,3.472612336070288e10
