BalanceComponent,Generation,Storage_Discharge,Storage_Charge,Flexible_Demand_Defer,Flexible_Demand_Stasify,Demand_Response,Nonserved_Energy,Transmission_NetExport,Transmission_Losses,Demand,Generation,Storage_Discharge,Storage_Charge,Flexible_Demand_Defer,Flexible_Demand_Stasify,Demand_Response,Nonserved_Energy,Transmission_NetExport,Transmission_Losses,Demand,Generation,Storage_Discharge,Storage_Charge,Flexible_Demand_Defer,Flexible_Demand_Stasify,Demand_Response,Nonserved_Energy,Transmission_NetExport,Transmission_Losses,Demand,Generation,Storage_Discharge,Storage_Charge,Flexible_Demand_Defer,Flexible_Demand_Stasify,Demand_Response,Nonserved_Energy,Transmission_NetExport,Transmission_Losses,Demand,Generation,Storage_Discharge,Storage_Charge,Flexible_Demand_Defer,Flexible_Demand_Stasify,Demand_Response,Nonserved_Energy,Transmission_NetExport,Transmission_Losses,Demand,Generation,Storage_Discharge,Storage_Charge,Flexible_Demand_Defer,Flexible_Demand_Stasify,Demand_Response,Nonserved_Energy,Transmission_NetExport,Transmission_Losses,Demand,Generation,Storage_Discharge,Storage_Charge,Flexible_Demand_Defer,Flexible_Demand_Stasify,Demand_Response,Nonserved_Energy,Transmission_NetExport,Transmission_Losses,Demand,Generation,Storage_Discharge,Storage_Charge,Flexible_Demand_Defer,Flexible_Demand_Stasify,Demand_Response,Nonserved_Energy,Transmission_NetExport,Transmission_Losses,Demand,Generation,Storage_Discharge,Storage_Charge,Flexible_Demand_Defer,Flexible_Demand_Stasify,Demand_Response,Nonserved_Energy,Transmission_NetExport,Transmission_Losses,Demand,Generation,Storage_Discharge,Storage_Charge,Flexible_Demand_Defer,Flexible_Demand_Stasify,Demand_Response,Nonserved_Energy,Transmission_NetExport,Transmission_Losses,Demand,Generation,Storage_Discharge,Storage_Charge,Flexible_Demand_Defer,Flexible_Demand_Stasify,Demand_Response,Nonserved_Energy,Transmission_NetExport,Transmission_Losses,Demand
Zone,1,1,1,1,1,1,1,1,1,1,2,2,2,2,2,2,2,2,2,2,3,3,3,3,3,3,3,3,3,3,4,4,4,4,4,4,4,4,4,4,5,5,5,5,5,5,5,5,5,5,6,6,6,6,6,6,6,6,6,6,7,7,7,7,7,7,7,7,7,7,8,8,8,8,8,8,8,8,8,8,9,9,9,9,9,9,9,9,9,9,10,10,10,10,10,10,10,10,10,10,11,11,11,11,11,11,11,11,11,11
AnnualSum,1.096964439838002e8,4.495887218450464e6,-5.994867990189381e6,1.878445150053688e6,-1.8784451500536872e6,35745.946430819546,0.0,7.641355456776233e6,-239907.61526838795,-1.1563465699999999e8,1.6319208682345793e7,555899.576347616,-741242.9213815422,126147.6516967657,-126147.65169676584,0.0,0.0,-5.810317595211467e6,-119793.74210041191,-1.0203753999999998e7,4.028310399516807e6,0.0,-1.5716068446636196e-13,93891.10527518319,-93891.10527518317,0.0,0.0,3.7626346315095127e6,-65810.03102631526,-7.725135000000003e6,3.0590368850688577e7,0.0,0.0,185625.40612329607,-185625.40612329612,0.0,0.0,-1.4754882709323974e7,-528680.1413645764,-1.5306805999999993e7,7.761104305316813e6,0.0,0.0,21082.813343382408,-21082.81334338241,0.0,0.0,-5.949456986126233e6,-63643.3191905755,-1.7480040000000012e6,6.324713717785644e7,1.656425183447058e7,-2.002527782533886e7,112079.91870393905,-112079.91870393894,0.0,0.0,-4.986750404125563e7,-462262.14573252894,-9.456344999999998e6,1.0505764137518097e7,4.06590145201386e6,-4.803758804364198e6,212927.41782873872,-212927.41782873857,0.0,0.0,7.791219298797823e6,-715357.0839655659,-1.6843769e7,4.342383595378251e7,6.252776074688882e-13,6.252776074688882e-13,758670.9939684719,-758670.9939684721,8522.440560564864,0.0,2.105141309745788e7,-141730.4918010676,-6.434204100000003e7,3.8601533886179733e6,-1.7436985189078769e-12,0.0,261836.2822108357,-261836.2822108356,10439.155306103676,0.0,1.6365940311105931e7,-219617.85503000856,-2.0016914999999996e7,1.4716989507703954e8,5.029281384581969e6,-6.345102016910532e6,2.3089936754741357e6,-2.3089936754741343e6,124703.29352876787,0.0,7.09633008610608e6,-148096.82434592827,-1.5292701100000015e8,5.626729389444283e8,5.595236899309549e6,-7.199338434030074e6,7.38768210843487e6,-7.387682108434865e6,0.0,0.0,1.2673268450163802e7,-382419.8598715762,-5.733596859999996e8
t1,9073.267311200783,784.2594213797381,-1045.7405786202619,60.420848736979465,-65.2739613685122,0.0,0.0,1652.7132023882614,-39.019999999999996,-10420.626243716988,1899.3555747404394,5.386568947195656,-234.61343105280434,4.313166320705562,-4.733857722904114,0.0,0.0,-693.2843789155361,-17.911,-958.5126423170959,340.80654999999996,0.0,-0.0,3.2718934303487797,-0.0,0.0,0.0,393.2843789155361,-11.386,-725.9768223458849,3284.1657791146913,0.0,-0.0,6.480244919940166,-7.125701625003035,0.0,0.0,-1765.5264078082964,-79.74457735813047,-1438.2493372432011,1127.0002798083049,0.0,-0.0,0.7400891426589296,-0.7972813006996402,0.0,0.0,-951.9683135644871,-10.8,-164.17477408577696,2068.2932850395796,1273.1743087852644,-5151.705015452039,3.9537595151245344,-0.0,0.0,0.0,2764.7652532375614,-69.4125,-889.0690911254926,612.0806954175694,1714.6206406276913,-0.0,7.336495524632216,-8.072473169583857,0.0,0.0,-641.3526764842782,-102.46132700112679,-1582.151354914904,7200.340693848181,0.0,-0.0,26.248757841829608,-28.851617069068233,0.0,0.0,-1128.1802665959624,-20.676749642996324,-6048.880818381984,351.7025999999999,0.0,-0.0,8.938154154857415,-9.81652601486432,0.0,0.0,1559.5492088272017,-30.871000000000002,-1879.5024369671949,14072.108155866472,666.6881573532371,-2403.3118426467627,68.16155905988563,-984.6248135945775,0.0,0.0,1920.0,-19.512,-13319.509216038252,57224.88943882442,2845.9000399858414,-2287.0999600141586,284.96170723383074,-1588.2379502855324,0.0,0.0,-3110.0,-50.6715,-53319.74177574442
t2,7363.518720210604,784.2594213797381,-1045.7405786202619,40.60653058821736,-527.0596066736874,0.0,0.0,3048.3048436758086,-39.019999999999996,-9624.86933056042,1893.4457033333333,240.0,-0.0,2.934447915090097,-0.0,0.0,0.0,-1222.4894438021674,-17.911,-895.9797074462558,340.77799999999996,0.0,-0.0,2.225788619605458,-2.677501043749219,0.0,0.0,349.159193861619,-11.386,-678.0994814374752,3261.374259114691,0.0,-0.0,4.409770191001582,-0.0,0.0,0.0,-1842.566056085197,-79.74457735813047,-1343.4733958623651,927.3014898083048,0.0,-0.0,0.5024450967523548,-0.0,0.0,0.0,-763.578699598706,-10.8,-153.42523530635108,2045.5350250395795,4563.855659027512,-1861.0236652097917,2.6896279695830354,-3.235313761196972,0.0,0.0,-3847.9596820144016,-69.4125,-830.4491510512843,612.0870954175693,0.0,-1714.6206406276913,4.992818212298132,-0.0,0.0,0.0,2678.5659823412925,-102.46132700112668,-1478.563928342341,7624.399034522819,0.0,-0.0,17.8613014699114,-216.2592399484752,0.0,0.0,-1756.9669672209247,-20.67674964299621,-5648.357379180335,351.7025999999999,0.0,-0.0,6.081512631781592,-0.0,0.0,0.0,1429.439398668296,-30.871000000000002,-1756.3525113000776,14036.30622622475,0.0,-3070.0,46.87668225402666,-0.0,0.0,0.0,1852.2557576558954,-19.512,-12845.92666613467,57181.11320026063,207.05964544452786,-4925.940354555472,173.15131811611263,-713.7400795174217,0.0,0.0,75.83567251848524,-50.6715,-51946.80790226688
t3,6303.503352238956,784.2594213797381,-1045.7405786202619,16.381918028036132,-27.541923603751655,0.0,0.0,3160.8197421217146,-39.019999999999996,-9152.661931544431,1682.8266533333333,0.0,-240.0,1.1820161527936435,-25.426893878111276,0.0,0.0,-547.6824608854622,-17.911,-852.9883147225532,340.77799999999996,0.0,-0.0,0.8966557150263501,-17.719659882226942,0.0,0.0,333.2865621357468,-11.386,-645.8555579685462,3297.044439114691,0.0,-0.0,1.7759058784660056,-24.172130509862523,0.0,0.0,-1914.9398927035647,-79.74457735813047,-1279.963744421599,1215.0846798083046,0.0,-0.0,0.20281418065562656,-0.3513589645432403,0.0,0.0,-1058.528746103103,-10.8,-145.60738892131408,2068.3491850395794,3020.015796452968,-3404.8635277843364,1.0835196257247337,-0.0,0.0,0.0,-824.7802813333606,-69.4125,-790.3921920005753,612.0934954175693,0.0,-1714.6206406276913,2.0105627710693916,-43.17245910164361,0.0,0.0,2654.3530260046873,-102.4613270011269,-1408.202657462864,8167.438725893546,0.0,-0.0,7.193446179122947,-12.714802529408505,0.0,0.0,-2759.5732380420027,-20.676749642996437,-5381.66738185826,351.7025999999999,0.0,-0.0,2.4494891259578564,-53.981171799949664,0.0,0.0,1403.975263166887,-30.871000000000002,-1673.2751804928953,14035.28362469086,1201.3879071056983,-1868.6120928943017,19.438849160582034,-31.087248520882056,0.0,0.0,-720.0,-19.512,-12616.899039541953,57003.45718491796,0.0,-5133.0,77.12409432631989,-674.4426465444083,0.0,0.0,273.0700256384574,-50.6715,-51495.53715833833
t4,6522.098207126238,345.9565863091284,-1484.0434136908716,21.283053917787228,-0.0,0.0,0.0,3560.0,-39.019999999999996,-8926.274433662282,1842.6750533333334,68.56108382153607,-171.43891617846393,1.5430402069506128,-0.0,0.0,0.0,-894.8678741447246,-17.911,-828.5613870386313,340.74944999999997,0.0,-0.0,1.170467628819937,-0.41495749567781653,0.0,0.0,297.1719146260209,-11.386,-627.290874759163,3274.475259114691,0.0,-0.0,2.3185454267953567,-0.0,0.0,0.0,-1954.2142020655901,-79.74457735813047,-1242.8350251177662,1352.1760398083047,0.0,-0.0,0.2645099058255992,0.09221277681729256,0.0,0.0,-1200.0342967621523,-10.8,-141.69846572879558,2091.1745250395793,4018.9669946989707,-2405.9123295383333,1.4143901535642238,-7.244021171392862,0.0,0.0,-2861.0658442102595,-69.4125,-767.9212149721287,612.0998954175694,0.0,-1714.6206406276913,2.624990528469632,-0.0,0.0,0.0,2570.492904339273,-102.4613270011269,-1368.1358226564953,8167.438725893546,0.0,-0.0,9.391256628302528,-0.0,0.0,0.0,-2930.7876809529407,-20.676749642996437,-5225.36555192591,351.7025999999999,0.0,-0.0,3.197747985732713,-0.0,0.0,0.0,1302.3315751101654,-30.871000000000002,-1626.3609230958982,14005.874581903536,445.24988029281826,-2624.7501197071815,25.92348628918637,-134.0562302959083,0.0,0.0,1008.4218532337514,-19.512,-12707.151451716201,56778.11672472535,0.0,-5133.0,90.43586991785206,-898.9458503630364,0.0,0.0,1102.5516508264564,-50.6715,-51888.486895106624
t5,6371.770880293584,394.8309594853022,-1435.1690405146978,22.365765781122114,-0.0,0.0,0.0,3560.0,-39.019999999999996,-8874.778565045312,2041.1950533333334,240.0,-0.0,1.6571155696483175,-2.011076834204407,0.0,0.0,-1445.1165532110715,-17.911,-817.8135388577057,340.7209,0.0,-0.0,1.2564351071274442,-0.0,0.0,0.0,287.9057423423277,-11.386,-618.4970774494551,3342.5006391146912,0.0,-0.0,2.4922728530199043,-3.027199866223476,0.0,0.0,-2035.9963261562516,-79.74457735813047,-1226.2248085871042,1351.6772,0.0,-0.0,0.28146841284891555,-0.6475340074670135,0.0,0.0,-1200.7671302728456,-10.8,-139.74400413253633,2113.9886850395797,1048.8693157212456,-5376.010008516058,1.5182309542588917,-2.34312996947859,0.0,0.0,3040.5636327289776,-69.4125,-757.174225958524,612.1062954175694,1714.6206406276913,-0.0,2.822586212328548,-3.429415233064357,0.0,0.0,-874.090514960099,-102.4613270011269,-1349.5682650632998,8167.438725893546,0.0,-0.0,10.092927439339155,-12.256984073730017,0.0,0.0,-2992.4988504710377,-20.676749642996437,-5152.09906914512,351.7025999999999,0.0,-0.0,3.4352927800036244,-1.5701358495582274,0.0,0.0,1282.1617981918293,-30.871000000000002,-1604.8585551222745,13957.46767060097,341.9106315710869,-2728.089368428913,27.689260915215186,-11.759224636828147,0.0,0.0,1487.8382018081707,-19.512,-13055.545171829699,56756.31378313665,1346.1185543435274,-3786.8814456564724,108.63816764973721,-48.94481303439937,0.0,0.0,-1110.0,-50.6715,-53214.57274643904
t6,6303.430950122309,1228.9841698813075,-601.0158301186924,53.08448891976121,-52.82760717642656,0.0,0.0,2180.3529065842586,-39.019999999999996,-9072.989078212517,1934.9076300000002,102.85369460717868,-137.14630539282132,3.818691195472815,-0.0,0.0,0.0,-1062.8467089079834,-17.911,-823.6760015018469,340.69235,0.0,-0.0,2.8961831647567617,-1.5241845480286034,0.0,0.0,292.7041717825646,-11.386,-623.3825203992927,3317.375949114691,0.0,-0.0,5.739837980638975,-0.0,0.0,0.0,-2007.3756855438237,-79.74457735813047,-1235.995524193376,1446.8372600000002,0.0,-0.0,0.6524347508949877,-0.43092045415698216,0.0,0.0,-1295.5375393660722,-10.8,-140.72123493066596,2136.8140250395795,1627.3408408910516,-4797.538483346252,3.499705313529081,-0.0,0.0,0.0,1862.3326320680371,-69.4125,-763.0362199659447,612.1126954175694,1714.6206406276913,-0.0,6.499237323631281,-0.0,0.0,0.0,-869.4761028245523,-102.4613270011269,-1361.2951435432128,7803.881030898141,0.0,-0.0,23.24750393613637,-0.0,0.0,0.0,-2615.2772585630737,-20.676749642996437,-5191.174526628208,351.7025999999999,0.0,-0.0,7.914687164270455,-1.6276121361744853,0.0,0.0,1291.423205168303,-30.871000000000002,-1618.5418801963988,13310.973919384081,1580.0,-1490.0,68.57020431086723,-7.518067061060973,0.0,0.0,313.7003796023421,-19.512,-13756.214436236227,56804.33318327344,957.3102891637341,-4175.6897108362655,244.5870018530074,-0.0,0.0,0.0,1910.0,-50.6715,-55689.86926345391
t7,8145.567524743102,0.0,-1830.0,131.2034352716533,-0.0,0.0,0.0,3171.4522229041995,-39.019999999999996,-9579.203182918955,2147.1267799999996,102.85369460717868,-137.14630539282132,9.463628184049275,-0.0,0.0,0.0,-1253.3526368905673,-17.911,-851.0341605078395,340.6638,0.0,-0.0,7.177674693159828,-0.0,0.0,0.0,307.4459060954514,-11.386,-643.9013807886112,3226.362939114691,0.0,-0.0,14.223694754400572,-0.0,0.0,0.0,-1884.7865983318707,-79.74457735813047,-1276.0554581790902,1379.10672,0.0,-0.0,1.6180012214778365,-0.0,0.0,0.0,-1224.317332300164,-10.8,-145.60738892131408,2114.0445850395795,4357.952251654146,-2066.9270725831584,8.6734149921268,-0.0,0.0,0.0,-3555.8924851045917,-69.4125,-788.4381939981017,612.1190954175694,358.07935389191846,-1356.541286735773,16.105147939920556,-0.0,0.0,0.0,1879.9244340770301,-102.4613270011269,-1407.225417589538,7827.3797854114055,0.0,-0.0,57.60969983405499,-0.0,0.0,0.0,-2509.021287545288,-20.676749642996437,-5355.291448057176,352.4485999999999,0.0,-0.0,19.613996056326606,-7.413595589604769,0.0,0.0,1340.4745603886108,-30.871000000000002,-1674.2525608553328,13896.170313112338,998.2666259241362,-2071.733374075864,176.02285591818236,-58.001227881863386,0.0,0.0,1818.0732167071897,-19.512,-14739.286409704115,56482.59165991188,2738.242250571072,-2394.757749428928,610.6556349481225,-240.7820947759995,0.0,0.0,1910.0,-50.6715,-59055.27820122615
t8,8514.432883166362,0.0,-1830.0,214.98922006500015,-122.2,0.0,0.0,3560.0,-39.019999999999996,-10298.202103231362,1915.7220300000001,0.0,-240.0,15.059679836490995,-2.8767284020939803,0.0,0.0,-765.2205800219292,-17.911,-904.7734014124677,340.6638,0.0,-0.0,11.423579422736296,-2.181069209232921,0.0,0.0,346.4187913537446,-11.386,-684.939101567248,3177.65479,0.0,-0.0,22.627948033656253,-4.326893790570724,0.0,0.0,-1759.0588691738099,-79.74457735813047,-1357.1523977111456,1290.40751,0.0,-0.0,2.582070338212094,-0.4882394015904202,0.0,0.0,-1126.3216440340113,-10.8,-155.37969690261033,2092.3879600000005,1634.1901483080692,-1166.7,13.804233230879152,-2.635519264557673,0.0,0.0,-1664.346178214449,-69.4125,-837.2881440599419,612.1254954175694,1714.6206406276913,-0.0,25.618530862857924,-4.900493133034178,0.0,0.0,-748.8486007117472,-102.4613270011269,-1496.1542460622102,8160.507528995324,0.0,-0.0,91.65479361890311,-17.522271361700792,0.0,0.0,-2522.622919197798,-20.676749642996437,-5691.340382411731,449.4285999999999,0.0,-0.0,31.208978312018793,-10.96775114610705,0.0,0.0,1342.9655735575398,-30.871000000000002,-1781.764400723451,15403.428818939288,1283.2262691364847,-1786.7737308635153,281.1177200770553,-0.0,0.0,0.0,227.03442644246013,-19.512,-15388.521503731772,57413.060139519446,2744.672412961559,-2388.327587038441,974.3246469078526,-0.0,0.0,0.0,3110.0,-50.6715,-61803.05811235042
t9,9161.952566770755,0.0,-1830.0,173.7605179132316,-122.2,0.0,0.0,3560.0,-39.019999999999996,-10904.493084683987,1914.3199132397583,0.0,-240.0,14.877156437119403,-6.153838978822244,0.0,0.0,-711.5049739177439,-17.911,-953.6272567803115,340.65265,0.0,-0.0,11.286322855919135,-4.664967750659489,0.0,0.0,386.180462880755,-11.386,-722.0684679860146,3385.4376243389584,0.0,-0.0,22.348772537809104,-9.259010946560025,0.0,0.0,-1888.350043813893,-79.74457735813041,-1430.4327647581838,1303.05019,0.0,-0.0,2.5562876209670526,-1.0410654884566108,0.0,0.0,-1130.5678688448631,-10.799999999999955,-163.19754328764733,6899.160524672708,0.0,-2282.324291500536,13.638461979078167,-5.636911134120348,0.0,0.0,-3672.2181868990574,-69.4125,-883.2070971180717,1142.975019436725,0.0,-451.3526374585362,25.300534213767605,-10.487615802608625,0.0,0.0,972.3139422867334,-102.46132700112668,-1576.2879156749477,8167.438725893546,0.0,-0.0,90.52825949257536,-37.49286177476226,0.0,0.0,-2195.85333169193,-20.67674964299621,-6003.944042276433,511.3465999999999,0.0,-0.0,30.828308186914313,-0.0,0.0,0.0,1364.2890073305307,-30.871000000000002,-1875.5929155174451,17821.09672267303,438.1818718086811,-2631.818128191319,224.50143534875667,-161.5,0.0,0.0,205.71099266946942,-19.512,-15876.66089430862,59250.57853388028,2876.775003411986,-2256.224996588014,978.0358854567723,-401.69653906341557,0.0,0.0,3110.0,-50.6715,-63506.796387097624
t10,9807.122081581667,0.0,-1830.0,168.14121056843814,-0.0,0.0,0.0,3560.0,-39.019999999999996,-11666.243292150106,1970.681055265804,0.0,-240.0,10.967177053475927,-9.903210845636965,0.0,0.0,-719.1695261843427,-17.911,-994.6644952893004,340.6067,0.0,-0.0,8.322401950476195,-30.422819832132944,0.0,0.0,446.2150207466328,-11.386,-753.335302864976,3703.1750593306833,0.0,-0.0,16.46556137543004,-14.904816268455448,0.0,0.0,-2133.0029540018313,-79.74457735813047,-1491.9882730776958,1240.9639,0.0,-0.0,1.8951493302722278,-6.932127816441401,0.0,0.0,-1055.088762639276,-10.8,-170.0381588745547,10300.013639863337,944.2644003260539,-5480.61492391125,10.057015122112329,-9.069918207006388,0.0,0.0,-4773.927655026939,-69.4125,-921.3100581663072,1597.868085622333,0.0,-1714.6206406276913,18.63654914586171,-26.511346241437167,0.0,0.0,1868.8516662898546,-102.46132700112683,-1641.7629871877941,8167.438725893546,0.0,-0.0,66.70540310887894,-69.93243701390007,0.0,0.0,-1873.8777891840987,-20.67674964299636,-6269.65715316143,491.9505999999999,0.0,-0.0,22.721392613451876,-43.79160757690766,0.0,0.0,1511.8191987510213,-30.871000000000002,-1951.8285837875653,18307.04088100834,160.34591793156824,-2909.6540820684318,210.90336270511895,-161.5,0.0,0.0,799.4966943412151,-19.512,-16387.12077391781,65042.88227948888,1440.0,-3693.0,729.0339753268618,-526.005580996278,0.0,0.0,2368.6841069077636,-50.6715,-65310.923280727235
t11,11096.860100162075,0.0,-1830.0,203.30425884413094,-527.2009133743603,0.0,0.0,3560.0,-39.019999999999996,-12463.943445631845,1888.5424252091843,0.0,-240.0,11.986963494198726,-15.172122885804393,0.0,0.0,-578.0654525162934,-17.911,-1049.3808133012853,340.57815,0.0,-0.0,9.096854779687988,-14.318576481978155,0.0,0.0,470.40259534590314,-11.386,-794.3730236436129,3904.528585882017,0.0,-0.0,17.99418328503218,-22.80818432870659,0.0,0.0,-2244.930651749207,-79.74457735813047,-1575.0393557310056,1163.53081,0.0,-0.0,2.0740941748093213,-3.234476775318247,0.0,0.0,-971.7599605436399,-10.8,-179.81046685585096,12770.293682979689,0.0,-6424.879324237304,10.992928953512966,-13.903782464040727,0.0,0.0,-5300.0,-69.4125,-973.0910052318578,1804.0661118551952,0.0,-1714.6206406276913,20.365768455840584,-16.2,0.0,0.0,1742.473622598227,-102.46132700112683,-1733.6235352804447,7980.248462055191,0.0,-0.0,72.90027904662736,-57.9,0.0,0.0,-1358.1201531349893,-20.67674964299636,-6616.451838323834,465.8405999999999,0.0,-0.0,27.2954726070825,-19.7,0.0,0.0,1618.7301117734764,-30.871000000000002,-2061.2951843805586,18513.71387184829,373.4843030876441,-2696.515696912356,247.0918945771151,-748.6176348460855,0.0,0.0,1151.2698882265236,-19.512,-16820.91462598113,70519.14793855873,0.0,-5133.0,825.6447871949676,-992.4021706114522,0.0,0.0,1910.0,-50.6715,-67078.71905514225
t12,9818.547826658387,784.2594213797377,-1045.7405786202623,246.81087596283754,-81.2141292565236,0.0,0.0,3334.1235221807383,-39.019999999999996,-13017.766938304914,2142.9350922896638,0.0,-240.0,15.894490483131966,-4.127285134902261,0.0,0.0,-800.5107831834787,-17.911,-1096.2805144544154,340.57815,0.0,-0.0,12.06140770473044,-12.06140770473044,0.0,0.0,501.3331514724121,-11.386,-830.525301472412,3736.2776722267313,0.0,-0.0,23.86345827803954,-6.212650255694982,0.0,0.0,-2028.7953947947835,-79.74457735813047,-1645.3885080961622,1145.8057199999998,0.0,-0.0,2.746285941943424,-0.695121706930907,0.0,0.0,-949.4285709941245,-10.8,-187.62831324088796,13217.2982023443,0.0,-6424.879324237304,14.575325518344792,-3.7797242814368066,0.0,0.0,-5717.723018057626,-69.4125,-1016.0789612862773,1849.379492762588,0.0,-1714.6206406276913,27.009969570955207,-7.038107282675433,0.0,0.0,1758.5560978511548,-102.46132700112683,-1810.8254852732039,8167.438725893546,0.0,-0.0,59.27265157079036,-290.1547167695622,0.0,0.0,-1003.4314822935546,-20.67674964299636,-6912.448428758224,486.7285999999999,0.0,-0.0,32.92975580890657,-15.58046265446651,0.0,0.0,1678.9846649328006,-30.871000000000002,-2152.1915580872405,17793.615508892057,373.7382811960756,-2696.2617188039244,292.94688760026236,-68.733425845264,0.0,0.0,1316.8918128864611,-19.512,-16992.685345925667,68682.66574749113,764.6687396756402,-4368.331260324359,975.3953335531488,-24.250397517279225,0.0,0.0,1910.0,-50.6715,-67889.4766628783
t13,9924.125944056635,784.2594213797377,-1045.7405786202623,268.01512159657455,-122.2,0.0,0.0,3500.9482721641575,-39.019999999999996,-13270.388180576841,2388.4990526513916,0.0,-240.0,17.06391154822734,-7.758306841736795,0.0,0.0,-1019.186215219545,-17.911,-1120.7074421383375,340.5496,0.0,-0.0,12.95016728208996,-10.393776754054768,0.0,0.0,516.3929055637926,-11.386,-848.1128960918278,3812.7568419745608,0.0,-0.0,25.613620034341256,-16.71473589467509,0.0,0.0,-2060.3709929167285,-79.74457735813047,-1681.5401558393676,488.96860565569636,0.0,-0.0,2.954573289470546,-4.437650740475243,0.0,0.0,-284.1710609731556,-10.8,-192.5144672315361,13629.192012767944,0.0,-6424.879324237304,15.649427179951607,-7.117712698841095,0.0,0.0,-6104.881964697028,-69.4125,-1038.5499383147237,1670.8833021301493,84.26478695995479,-1630.3558536677365,28.988720978110987,-13.16776849285603,0.0,0.0,1812.7404591730765,-102.46132700112679,-1850.8923200795728,8167.438725893546,0.0,-0.0,103.7706568051807,-83.2130163088977,0.0,0.0,-1100.523130930413,-20.676749642996324,-7066.79648581642,480.3875999999999,0.0,-0.0,35.34979634958104,-6.994568528096288,0.0,0.0,1721.2339876627534,-30.871000000000002,-2199.1058154842376,17341.345080425217,724.2807625649913,-2345.719237435009,312.75142353871274,-55.49421997500462,0.0,0.0,1107.817740173089,-19.512,-17065.469549291996,73394.40847751942,102.58795084538178,-5030.412049154618,787.8679892731199,-3055.077676631805,0.0,0.0,1910.0,-50.6715,-68058.7031918515
t14,10665.320629063739,784.2594213797377,-1045.7405786202623,271.2801851963013,-755.5742717070447,0.0,0.0,3370.430392012686,-39.019999999999996,-13250.955777325154,2209.3262751335205,0.0,-240.0,17.358862751591726,-50.215368137579105,0.0,0.0,-788.0805565356278,-17.911,-1130.4782132119062,340.52105,0.0,-0.0,13.174253851336372,-5.013752693744163,0.0,0.0,518.634053653976,-11.386,-855.9296048115682,3601.4373733023394,0.0,-0.0,26.05535914242724,-70.28059430133865,0.0,0.0,-1782.24840309715,-79.74457735813047,-1695.219157688148,712.5008656556964,0.0,-0.0,3.0067565178477613,-1.1141672652764805,0.0,0.0,-510.1017568786019,-10.8,-193.4916980296657,13524.43529976912,0.0,-6424.879324237304,15.920239125209399,-46.05828450494086,0.0,0.0,-5952.662500826229,-69.4125,-1047.342929325855,1574.4595147677167,402.9214897425461,-1311.6991508851452,29.488278913220643,-85.28094356092436,0.0,0.0,1358.1230562031765,-102.46132700112679,-1865.5509181794637,8167.438725893546,0.0,-0.0,105.5611755334704,-40.318927912192635,0.0,0.0,-1083.6638925195443,-20.676749642996324,-7128.340331352283,485.6095999999999,0.0,-0.0,35.96033251813259,-95.847417366096,0.0,0.0,1822.8245272185125,-30.871000000000002,-2217.6760423705487,18134.6292497822,724.2807625649913,-2345.719237435009,317.69347936150325,-844.8,0.0,0.0,1136.7450807688017,-19.512,-17103.317335042488,70078.38250111013,0.0,-5133.0,1008.2790950005985,-0.0,0.0,0.0,1910.0,-50.6715,-67812.99009611075
t15,9911.784081233765,784.2594213797377,-1045.7405786202623,298.7613022056583,-298.7613022056583,0.0,0.0,3560.0,-39.019999999999996,-13171.28292399324,2001.8299429734827,0.0,-240.0,3.4837854747677186,-3.282500979613805,0.0,0.0,-612.6649371493736,-17.911,-1131.455290319263,340.4925,0.0,-0.0,8.70698876236306,-2.4877902161283574,0.0,0.0,520.6039062653335,-11.386,-855.9296048115682,3740.78351647314,0.0,-0.0,5.242954533096942,-4.941027790366043,0.0,0.0,-1965.144636608965,-79.74457735813047,-1696.1962292487754,879.1069756556964,0.0,-0.0,1.980815350352975,-0.5528422702507461,0.0,0.0,-676.2432507061329,-10.8,-193.4916980296657,13287.929076566114,620.9479909951169,-5803.931333242187,3.1907445189415733,-3.0060798444884314,0.0,0.0,-6987.397970666405,-69.4125,-1048.319928327092,1564.9326441523776,234.80797229594214,-1479.8126683317491,5.93915763402714,-5.597527986288803,0.0,0.0,1648.71990728961,-102.46132700112683,-1866.5281580527899,7271.0064785588265,0.0,-0.0,69.79714626352659,-20.005979654698873,0.0,0.0,-167.87301842406637,-20.67674964299636,-7132.247877100592,453.5315999999999,0.0,-0.0,39.72809740446058,-0.0,0.0,0.0,1756.2647253285259,-30.871000000000002,-2218.653422732986,17315.823095606265,1009.6316271330038,-2060.368372866996,355.379530687366,-408.5034794308766,0.0,0.0,1013.7352746714743,-19.512,-17206.185675800236,72913.94663219793,0.0,-5133.0,1156.7519424320406,-3159.0,0.0,0.0,1910.0,-50.6715,-67638.02707462998
t16,7581.147323031215,1830.0,-0.0,318.6564385226543,-39.664410894670304,0.0,0.0,3560.0,-39.019999999999996,-13211.119350659197,2097.431668952466,0.0,-240.0,24.038712818682,-46.34727880385384,0.0,0.0,-683.8026584333179,-17.911,-1133.4094445339767,340.4925,0.0,-0.0,18.246057914216593,-35.1821481460787,0.0,0.0,546.690460813333,-11.386,-858.8608705814707,3635.5023133599248,0.0,-0.0,36.07252859014854,-69.53537756790631,0.0,0.0,-1821.2132999721248,-79.74457735813047,-1701.0815870519111,1047.0700856556964,0.0,-0.0,4.174050471336158,-8.062699588017487,0.0,0.0,-837.9125077112199,-10.8,-194.46892882779534,10807.380849057632,1194.0149490784434,-5230.864375158861,22.0493547115223,-42.515929009845095,0.0,0.0,-5630.378422349331,-69.4125,-1050.2739263295655,1287.282598050116,785.9916108249989,-928.6290298026923,40.821670876779905,-78.68483332867707,0.0,0.0,868.0709076733483,-102.46132700112685,-1872.3915972927462,7985.600344483901,0.0,-0.0,146.15288661499437,-281.7439413413829,0.0,0.0,-681.4544800206877,-20.67674964299638,-7147.878060093827,383.4075999999999,0.0,-0.0,49.79369719900163,-102.80385912992763,0.0,0.0,1925.9686472009748,-30.871000000000002,-2225.495085270048,15392.215562447142,2179.17561118923,-890.82438881077,458.6795231903546,-458.6795231903546,0.0,0.0,844.0313527990253,-19.512,-17505.086137624625,71518.8106983474,0.0,-5133.0,1444.5295127237973,-1444.5295127237973,0.0,0.0,1910.0,-50.6715,-68245.13919834742
t17,13190.793705288082,0.0,-1830.0,475.05334643489226,-754.0453740628762,0.0,0.0,2442.3345588478833,-39.019999999999996,-13485.11623650798,2147.142286074831,102.85369460717868,-137.14630539282132,30.508210319257838,-0.0,0.0,0.0,-977.3812844641164,-17.911,-1148.06560114433,340.83675,0.0,-0.0,23.156992868583007,-0.0,0.0,0.0,517.0011022025308,-11.386,-869.6088450711137,3193.7126838689946,0.0,-0.0,45.7790015635297,-0.0,0.0,0.0,-1437.1699466886776,-79.74457735813047,-1722.577161385709,1039.1747456556964,0.0,-0.0,5.2992687499033,-4.76531404132913,0.0,0.0,-832.485309940216,-10.8,-196.4233904240546,6739.522912277062,2910.3760866193156,-3514.5032376179884,27.98397894539379,-2.903378727872049,0.0,0.0,-5027.11194914903,-69.4125,-1063.9519123468806,1002.8936427251656,785.9916108249989,-928.6290298026923,51.8054018267287,-46.399110402415225,0.0,0.0,1133.6214059552394,-102.46132700112683,-1896.822594125898,8154.301456641007,0.0,-0.0,185.48146245760933,-166.15897644108153,0.0,0.0,-917.1493535837628,-20.67674964299636,-7235.797839430775,351.7025999999999,0.0,-0.0,63.1937723403748,-96.87431734931947,0.0,0.0,1967.6654411521167,-30.870999999999995,-2254.8164961431717,15250.031710139365,1490.0,-0.0,615.1504214328374,-615.1504214328374,0.0,0.0,1920.0,-19.512,-18640.519710139364,66341.85241061983,4237.935070035843,-895.0649299641572,1896.0116501300176,-1896.0116501300176,0.0,0.0,1210.6753356680329,-50.6715,-70844.72638635956
t18,13636.484462970515,1217.290592086841,-612.7094079131591,581.192566914435,-0.0,0.0,0.0,31.0544048647173,-39.019999999999996,-14814.29261892335,2103.1128599999997,240.0,-0.0,36.3322342423931,-3.1703560821591346,0.0,0.0,-1149.719356359778,-17.911,-1208.6443818004564,340.4354,0.0,-0.0,27.446141964812508,-2.4027961885837654,0.0,0.0,561.4392630233596,-11.386,-915.5320087995883,2965.9472650000002,0.0,-0.0,54.51742517365296,-4.772220207881645,0.0,0.0,-1122.5030760836048,-79.74457735813047,-1813.4448165240362,1022.2378556556965,0.0,-0.0,6.282522023594422,-0.5339547085741699,0.0,0.0,-810.0134937672362,-10.8,-207.17292920348046,2108.542503171973,5518.37546168007,-906.5038625572341,33.32637536419411,-0.0,0.0,0.0,-5564.687122241625,-69.4125,-1119.6408554173786,612.1926954175694,785.9916108249989,-928.6290298026923,61.693849424892036,-5.406291424313471,0.0,0.0,1574.0967936391553,-102.46132700112683,-1997.478301078483,6761.577760158825,0.0,-0.0,220.8873742906183,-19.32248601652778,0.0,0.0,671.3869917897281,-20.67674964299636,-7613.852890579648,351.7025999999999,0.0,-0.0,75.25708558769385,-0.0,0.0,0.0,1978.945595135283,-30.871000000000002,-2375.0342807229763,16008.940345809591,3070.0,-0.0,768.0374925275992,-0.0,0.0,0.0,720.0,-19.512,-20547.46583833719,65708.59251043599,5133.0,-0.0,2329.415758443734,-0.0,0.0,0.0,3110.0,-50.6715,-76230.33676887974
t19,14040.168265144353,1830.0,-0.0,507.8407391752714,-122.2,0.0,0.0,-277.36023712361566,-39.019999999999996,-15939.428767196008,2294.42436,165.97993398202092,-74.02006601797908,33.58798819006243,-27.337854237098703,0.0,0.0,-1056.6463440925793,-17.911,-1318.0770178244265,340.40684999999996,0.0,-0.0,25.491396684406602,-20.754196679999243,0.0,0.0,663.8494003524546,-11.386,-997.6074503568619,3204.8207850000003,0.0,-0.0,50.41382319555957,-41.00678135564805,0.0,0.0,-1157.8674823330066,-79.74457735813047,-1976.6157671487745,1010.7034298083048,0.0,-0.0,2.2443149144190744,-0.0,0.0,0.0,-776.4074303547804,-10.8,-225.7403143679433,2131.3678431719727,5514.962124799556,-909.9171994377484,30.804736037159653,-3.318842951016174,0.0,0.0,-5473.237410073917,-69.4125,-1221.2487515460064,612.1990954175694,1129.6960407679517,-584.9245998597396,57.05562758072378,-0.0,0.0,0.0,1065.7256008651016,-102.46132700112683,-2177.2904377704795,7133.7576003063205,0.0,-0.0,204.24854102612875,-0.0,0.0,0.0,983.2746641554618,-20.67674964299636,-8300.604055844915,351.7025999999999,0.0,-0.0,69.57974149189468,-0.0,0.0,0.0,2198.6692386048817,-30.871000000000002,-2589.0805800967755,16998.27255337357,2287.094165733902,-0.0,647.7756149892352,-67.72583090671313,0.0,0.0,720.0,-19.512,-20565.90450318999,68948.6814595815,3693.0,-0.0,2098.257510117643,-0.0,0.0,0.0,3110.0,-50.6715,-77799.26746969913
t20,13687.258857937228,1830.0,-0.0,335.07733924176983,-56.22217955573943,0.0,0.0,-86.80403546310924,-39.019999999999996,-15670.289982160148,2279.5616393404107,240.0,-0.0,21.871818501518966,-9.5,0.0,0.0,-1193.9912858027906,-17.911,-1320.0311720391403,340.37829999999997,0.0,-0.0,16.596492207793784,-7.2,0.0,0.0,661.1728353290032,-11.386,-999.561627536797,2913.7110850000004,0.0,-0.0,32.840759086284926,-14.3,0.0,0.0,-871.9832133368714,-79.74457735813047,-1980.5240533912831,1325.5617898083046,0.0,-0.0,3.7755479704593538,-1.6,0.0,0.0,-1090.2197926126912,-10.8,-226.71754516607294,2135.662353414014,5409.805547661962,-1015.0737765753416,15.64129959132998,-40.0,0.0,0.0,-5213.420174543485,-69.4125,-1223.20274954848,612.2054954175694,1714.6206406276913,-0.0,37.17219838739526,-16.2,0.0,0.0,-65.11485004106999,-102.46132700112683,-2180.2221573904576,6575.759194903421,0.0,-0.0,133.04166633171158,-57.9,0.0,0.0,1687.9639001201676,-20.67674964299636,-8318.188011712306,351.7025999999999,0.0,-0.0,38.78450483324272,-110.0,0.0,0.0,2342.396616350846,-30.870999999999995,-2592.0127211840877,17507.781482056125,1625.893500268102,-0.0,330.9431743285132,-0.0,0.0,0.0,720.0,-19.512,-20165.10615665274,69768.23964790223,3693.0,-0.0,1163.7998482603075,-671.0,0.0,0.0,3110.0,-50.6715,-77013.36799616255
t21,13125.02160444198,1256.8290129334832,-573.1709870665167,280.3714892294692,-122.2,0.0,0.0,1319.804091897548,-39.019999999999996,-15247.635211435963,2105.6494393404114,240.0,-0.0,14.407959066025494,-9.5,0.0,0.0,-1033.1338456217916,-17.911,-1299.5125527846458,340.37829999999997,0.0,-0.0,13.321013261923255,-0.0,0.0,0.0,641.6148968353931,-11.386,-983.9282100973163,2710.3648650000005,0.0,-0.0,21.627992544502575,-14.3,0.0,0.0,-688.6905167351583,-79.74457735813047,-1949.2577634512136,1190.7275998083048,0.0,-0.0,2.64691795700646,-0.0,0.0,0.0,-959.7658957917567,-10.8,-222.80862197355444,2112.904093414014,5622.07033076642,-802.8089934708838,16.906810740576336,-8.7,0.0,0.0,-5667.296971926384,-69.4125,-1203.662769523744,612.2118954175694,1714.6206406276913,-0.0,24.478324606988927,-16.2,0.0,0.0,-86.63077182707411,-102.46132700112683,-2146.018761824045,7741.253194748211,0.0,-0.0,92.98536230699432,-57.9,0.0,0.0,430.6465352946751,-20.67674964299636,-8186.308342706884,351.7025999999999,0.0,-0.0,36.37866808716875,-19.7,0.0,0.0,2213.452477874547,-30.870999999999995,-2550.9627459617154,16488.793969444978,2316.39603822643,-0.0,334.7296704942516,-161.5,0.0,0.0,720.0,-19.512,-19678.90767816566,67036.07178775275,5133.0,-0.0,1148.047416684651,-671.0,0.0,0.0,3110.0,-50.6715,-75705.44770443742
t22,13309.853291019166,1830.0,-0.0,206.0989262457584,-527.9458894023137,0.0,0.0,-141.52857852961142,-39.019999999999996,-14637.457749333,2059.5652302323097,240.0,-0.0,13.459518609497843,-0.0,0.0,0.0,-1033.7072032440803,-17.911,-1261.4065455977277,340.34975,0.0,-0.0,11.088161413973314,-4.756512096933261,0.0,0.0,619.3201530812502,-11.386,-954.6155523982901,2548.5748550000003,0.0,-0.0,7.9703962468904095,-0.0,0.0,0.0,-585.1901325145491,-79.74457735813047,-1891.6105413742102,1041.3056598083047,0.0,-0.0,2.516285646538551,-1.6,0.0,0.0,-815.4539390681962,-10.8,-215.96800638664706,2090.1346534140143,6424.879324237304,-0.0,13.399085663079308,-48.7,0.0,0.0,-7241.809757835179,-69.4125,-1168.4908054792188,612.2182954175694,0.0,-1714.6206406276913,24.84683236522283,-74.0,0.0,0.0,3337.492249777203,-102.46132700112683,-2083.4754099311767,8167.438725893546,0.0,-0.0,88.9152522392157,-195.96805049610577,0.0,0.0,-95.6686716819203,-20.67674964299636,-7944.04050631174,351.7025999999999,0.0,-0.0,30.281738763824727,-0.0,0.0,0.0,2126.5458800150836,-30.871000000000002,-2477.6592187789074,16411.56467548117,2000.455395661407,-0.0,259.3164978608749,-560.5045949644366,0.0,0.0,720.0,-19.512,-18811.319974039016,65906.77308210258,3693.0,-0.0,906.6344170125915,-0.0,0.0,0.0,3110.0,-50.6715,-73565.73599911518
t23,12501.408781468117,784.2594213797381,-1045.7405786202619,156.95384338324732,-122.2,0.0,0.0,1430.1761191378291,-39.019999999999996,-13665.837586748667,1836.4395302323098,240.0,-0.0,10.506396495981567,-52.121198156161846,0.0,0.0,-813.1547323084575,-17.911,-1203.7589962636719,340.3212,0.0,-0.0,7.970580333424733,-40.300000000000004,0.0,0.0,615.0178741062934,-11.386,-911.6236544397182,2595.367135,0.0,-0.0,15.517488902139574,-79.7,0.0,0.0,-645.8118025049903,-79.74457735813047,-1805.628244039019,1191.152819808305,0.0,-0.0,1.8055814728845072,-9.2,0.0,0.0,-966.7627028758384,-10.8,-206.19569840535084,2112.959993414014,5445.947689465326,-978.9316347719778,9.572136984593552,-40.0,0.0,0.0,-5364.402825679526,-69.4125,-1115.7328594124315,612.2246954175694,1714.6206406276913,-0.0,17.56667805334368,-90.2,0.0,0.0,-162.09030500560402,-102.46132700112683,-1989.6603820918745,7918.330101023961,0.0,-0.0,62.85745398943466,-322.9,0.0,0.0,-56.972053651374836,-20.67674964299636,-7580.638751719024,351.7025999999999,0.0,-0.0,21.40582867937198,-110.0,0.0,0.0,2134.0004287816682,-30.871000000000002,-2366.2378574610393,15539.116222527313,1901.8339603433135,-0.0,178.36381736258136,-844.8,0.0,0.0,720.0,-19.512,-17475.00200023321,64201.53278327247,5133.0,-0.0,648.3660417036745,-2857.197576986723,0.0,0.0,3110.0,-50.6715,-70185.02974798942
t24,11923.033236776399,784.2594213797381,-1045.7405786202619,103.57814653833762,-708.7,0.0,0.0,1475.6818244351666,-39.019999999999996,-12493.092050509375,2010.7728802323097,240.0,-0.0,6.920907053549488,-43.6,0.0,0.0,-1077.4294993622354,-17.911,-1118.7532879236237,340.29265,0.0,-0.0,5.250669167288501,-40.00846406066752,0.0,0.0,552.9869523952392,-11.386,-847.1358075018603,2644.565722349249,0.0,-0.0,10.395780182089275,-65.4,0.0,0.0,-831.2079840157216,-79.74457735813047,-1678.6089411574862,1060.3866098083047,0.0,-0.0,1.190257271578947,-7.6,0.0,0.0,-851.6396306464773,-10.8,-191.53723643340646,2090.190553414014,5138.789919753432,-1286.0894044838728,6.344958154999426,-6.5212123545556615,0.0,0.0,-4836.7063741717675,-69.4125,-1036.5959403122501,612.2310954175693,1714.6206406276913,-0.0,11.768453750455521,-0.0,0.0,0.0,-387.2210224616697,-102.46132700112683,-1848.9378403329206,6760.315405331899,0.0,-0.0,42.11105068613766,-0.0,0.0,0.0,259.6477320773737,-20.67674964299636,-7041.397438452413,351.7025999999999,0.0,-0.0,14.340974459020426,-0.0,0.0,0.0,1865.888001750092,-30.871000000000002,-2201.0605762091122,13534.355696894454,1832.9606650499088,-0.0,116.4910985926098,-0.0,0.0,0.0,720.0,-19.512,-16184.295460536972,59373.90767396716,5084.593246621986,-0.0,429.9935250219688,-1226.6785901071644,0.0,0.0,3110.0,-50.6715,-66721.14435550396
t25,12122.22104207781,0.0,-0.0,60.04807769288574,-29.457556206171986,0.0,0.0,-595.4222022947044,-7.740488629831157,-11549.648872639986,2083.9104800000005,0.0,-0.0,4.244637026303946,-0.0,0.0,0.0,-1054.4916413331998,-2.8471274315996395,-1030.8163482615048,628.2874999999999,0.0,-0.0,3.2199016419560094,-0.0,0.0,0.0,156.29991985075264,-7.113538108641263,-780.6937833840673,3819.966820997103,0.0,-0.0,6.37731157543503,-0.0,0.0,0.0,-2232.478785489548,-47.16106661017256,-1546.7042804728176,810.1977763801628,0.0,-0.0,0.7282996982598477,-0.0,0.0,0.0,-629.7961774193797,-4.251124197580813,-176.8787744614621,2102.6050000000005,0.0,-0.0,3.890932086303713,-0.0,0.0,0.0,-1128.1741836960382,-22.816725180670332,-955.5050232095954,1129.5069388387458,0.0,-0.0,7.219972035218003,-0.0,0.0,0.0,616.7929482048244,-50.19075987145153,-1703.3290992073364,2429.713123909986,0.0,-0.0,25.831794260652437,-0.0,0.0,0.0,4054.1285124838964,-13.378624091196858,-6496.294806563339,351.7025999999999,0.0,-0.0,8.79615464782567,-0.0,0.0,0.0,1677.3738885214477,-12.740532198900135,-2025.1321109703733,14299.21545096926,0.0,-0.0,71.5681500983703,-0.0,0.0,0.0,412.6850788331308,-11.186764670576489,-14772.281915230184,59444.099672824595,0.0,-0.0,272.4741855237804,-223.37374896020322,0.0,0.0,-1276.9173576611825,-22.434508720381054,-58193.84824300661
t26,12572.68697381955,0.0,-0.0,40.382390185260505,-200.0394640715001,0.0,0.0,-1602.731711455509,-20.456282978766637,-10789.841905499035,2012.9684065065474,0.0,-0.0,2.882155326439282,-44.46370442802139,0.0,0.0,-1006.249034265924,-2.716872392517995,-962.4209507465234,628.2874999999999,0.0,-0.0,2.1861200391826774,-33.747341538292034,0.0,0.0,139.0180292810927,-6.8362196661959445,-728.9080881157875,3809.859640997103,0.0,-0.0,4.331205404449063,-66.72994583995438,0.0,0.0,-2273.4202684059305,-29.928865548702824,-1444.1117666069642,712.6132363801627,0.0,-0.0,0.49347079447659825,-7.125552896355419,0.0,0.0,-537.2030289489717,-3.626120445405559,-165.15200488390659,2079.7908400000006,0.0,-123.5929693387927,2.6416923902849856,-40.781662477731956,0.0,0.0,-1011.9807621524724,-14.077050292084792,-892.000088129203,832.0282770878476,0.0,-0.0,4.903872993086518,-62.448656916327955,0.0,0.0,871.3541808651569,-54.891160254924756,-1590.9465137748386,2484.0155376683624,0.0,-0.0,17.543067263286268,-223.59209328510372,0.0,0.0,3797.1212168701913,-12.530500015671631,-6062.557228501065,351.7025999999999,0.0,-0.0,5.973147606742573,-76.17917405846711,0.0,0.0,1624.0913782123664,-13.379570081760082,-1892.2083816788816,15011.248235464862,0.0,-0.0,49.53061356287526,-772.7545001948614,0.0,0.0,0.0,-0.0,-14288.024348832874,58936.42676890081,0.0,-0.0,188.41915703341232,-2540.0838312999713,0.0,0.0,-0.0,-0.0,-56584.76209463426
t27,12999.567639560963,0.0,-181.2414540849452,16.465976790994063,-444.77184115136606,0.0,0.0,-1960.0,-24.939999999999998,-10405.08032111564,1810.8716065065473,0.0,-0.0,1.1593959826004008,-0.0,0.0,0.0,-888.2490179032744,-2.398272348338841,-921.3837122375346,628.2874999999999,0.0,-0.0,0.8794947356884444,-0.0,0.0,0.0,74.73671429163187,-6.262455790494142,-697.6412532368261,3810.295660997103,0.0,-0.0,1.7419276105097607,-0.0,0.0,0.0,-2401.0890693997476,-29.369332481039688,-1381.5791867268251,640.8116963801627,0.0,-0.0,0.10824858266369329,-0.5865104246160529,0.0,0.0,-479.7608900316273,-3.2383860077134843,-157.33415849886958,2064.8215007229455,0.0,-1283.5677266561086,1.0627821524342078,-0.0,0.0,0.0,78.74834891207456,-8.144777051613303,-852.9201280797308,832.0282770878476,0.0,-0.0,1.9720976188825192,-0.0,0.0,0.0,738.876076911495,-51.313968849537,-1521.562482768688,2437.802918672034,0.0,-0.0,7.055808352074713,-0.0,0.0,0.0,3367.984170540128,-11.114347762782423,-5801.728549801454,351.7025999999999,0.0,-0.0,2.4026169048681694,-0.0,0.0,0.0,1468.7536666793198,-12.750452350051244,-1810.1084312341368,14289.476962421953,0.0,-193.2162058102213,20.566787071997297,-28.717140097040392,0.0,0.0,0.0,-0.0,-14088.110403586688,55705.02271378388,0.0,-0.0,83.32300438325102,-0.0,0.0,0.0,-0.0,-0.0,-55788.34571816713
t28,12226.78813380147,0.0,-0.0,21.611595955531715,-21.611595955531715,0.0,0.0,-1960.0,-24.939999999999998,-10241.848133801472,1680.6197140065046,0.0,-0.0,1.5166178604059137,-0.5383909557402655,0.0,0.0,-780.5794376611587,-2.1075644816851287,-898.9109387683264,628.2874999999999,0.0,-0.0,1.1504226068404968,-0.4080436717189381,0.0,0.0,56.570387153883416,-5.546607471594687,-680.0536586174103,3811.883015844691,0.0,-0.0,2.278853726570199,-0.8104200702195578,0.0,0.0,-2436.766548624248,-29.203218771919808,-1347.381682104874,681.4552299999998,0.0,-0.0,0.25996929504981925,-0.0,0.0,0.0,-524.7479155586775,-3.5420484300210733,-153.42523530635108,2064.083132,0.0,-1515.446924456038,1.3901676166780386,-0.4930527699937168,0.0,0.0,289.73892382525275,-6.869097162142008,-832.4031490537579,832.0314770878476,0.0,-0.0,2.5800566563731606,-0.9180982613676106,0.0,0.0,701.1610180317099,-49.44984605894009,-1485.4046074556234,2433.182932160209,0.0,-0.0,9.230476874288982,-3.28135119340646,0.0,0.0,3228.67191659771,-10.654617324772442,-5657.149357114029,351.7025999999999,0.0,-0.0,3.142996083124459,-1.116452824008761,0.0,0.0,1425.951656235528,-12.577104207753887,-1767.1036952868894,14117.58611151407,0.0,-35.23010692442135,27.338726804014627,-26.4366080313959,0.0,0.0,0.0,-0.0,-14083.258123362268,55678.00070295803,0.0,-0.0,97.91594810937809,-0.0,0.0,0.0,-0.0,-0.0,-55775.916651067404
t29,11953.072196700494,0.0,-0.0,22.60190041089784,-0.0,0.0,0.0,-1718.715425853549,-21.91187859446204,-10235.046792663381,1886.0798799999998,0.0,-0.0,1.6349188104559855,-1.7877759005612104,0.0,0.0,-993.1283316124267,-2.681446495353552,-890.1172448021146,628.3160499999999,0.0,-0.0,1.2396034199099355,-1.3572335391875243,0.0,0.0,53.13910253037602,-7.146395333493293,-674.1911270776051,3815.822485844691,0.0,-0.0,2.4588974154971805,-2.681663850841815,0.0,0.0,-2448.822607780639,-32.09735981198695,-1334.6797518167207,741.6725399999998,0.0,-0.0,0.20861439402247361,-0.0,0.0,0.0,-585.4811521090646,-3.951997776736186,-152.44800450822146,2086.863752,0.0,-1830.7078325637,1.4978920023114644,-0.0,0.0,0.0,575.2788142819371,-8.345468676683119,-824.5871570438635,832.0314770878476,0.0,-0.0,2.7847905238839346,-3.034298546824072,0.0,0.0,684.6619658244106,-45.69792553358563,-1470.7460093557322,2590.896352825287,0.0,-0.0,9.957760314332766,-10.866069120383504,0.0,0.0,3021.4495697616067,-9.9707835802133,-5601.466830200629,351.7025999999999,0.0,-0.0,3.389281638994908,-3.7026643078136985,0.0,0.0,1411.6180649573491,-12.519053163077263,-1750.488229125453,14615.472065190543,0.0,-171.24744007828946,29.335632797906758,-41.90841443439537,0.0,0.0,0.0,-0.0,-14431.651843475764,57209.62313437868,0.0,-0.0,119.58774299465031,-300.8266954872794,0.0,0.0,-0.0,-0.0,-57028.38418188605
t30,12318.307365261076,0.0,-0.0,53.37920551387336,-75.9811059247712,0.0,0.0,-1728.6749694557238,-22.036870866669332,-10544.993624527784,2090.1819799999994,0.0,-0.0,3.715786251505938,-5.700552048666763,0.0,0.0,-1172.2129919268825,-13.164975078202582,-902.819247197754,628.3160499999999,0.0,-0.0,2.81813209663617,-4.322375648168585,0.0,0.0,58.1569478165396,-1.0067412877267121,-683.9620129772804,3819.155295844691,0.0,-0.0,5.585185557589993,-8.57278038910576,0.0,0.0,-2436.0001910414576,-24.969255381826645,-1355.1982545898913,832.3575199999999,0.0,-0.0,0.6348273832864246,-1.2116596550224108,0.0,0.0,-672.8365747442593,-4.541646879523751,-154.4024661044807,2109.6331920000002,0.0,-1210.3987935330936,3.4053891286177684,-6.863178130047762,0.0,0.0,-55.58954482623915,-3.8759195805327638,-836.3111450587052,832.0314770878476,0.0,-0.0,6.324132866638154,-9.708680857586085,0.0,0.0,710.5418809892267,-44.9890437705683,-1494.199766315558,3204.4607440281397,0.0,-0.0,22.62111042383092,-34.717735650737424,0.0,0.0,2496.4688600407835,-8.238347238134585,-5680.594631603882,351.7025999999999,0.0,-0.0,7.7014158433502615,-11.817193338515338,0.0,0.0,1447.9268458621048,-16.68140873080088,-1778.8322596361388,14604.235614731639,0.0,-0.0,72.54845309799157,-72.54845309799157,0.0,0.0,929.2618202752209,-12.023453125926684,-15521.473981880934,60372.53442828846,0.0,-0.0,268.89520611480623,-268.89520611480623,0.0,0.0,422.95791701068754,-22.134638056875257,-60773.35770724227
t31,11936.443366546824,0.0,-0.0,134.06076398186732,-71.99657849441718,0.0,0.0,-495.8517160280632,-6.446072308364822,-11496.209763697847,2291.9127299999996,0.0,-0.0,9.024326738053254,-5.129457190801844,0.0,0.0,-1337.5917678862902,-3.611497773292984,-954.6043338876684,628.3160499999999,0.0,-0.0,6.844473516344086,-3.887588607765608,0.0,0.0,101.25671096109158,-9.484089293687676,-723.0455565759822,3824.436955844691,0.0,-0.0,13.563487250189365,-7.72118292931225,0.0,0.0,-2348.89326473977,-48.999087546359576,-1432.386907879438,924.60003,0.0,-0.0,1.5428307941619712,-0.8639085795034686,0.0,0.0,-756.9718489466214,-5.109559980389695,-163.19754328764733,2132.4026320000003,0.0,-0.0,8.270777715042229,-4.697502901050108,0.0,0.0,-1224.8171239121273,-27.95168578379358,-883.2070971180717,1171.6889770878477,0.0,-0.0,15.357632773358036,-8.747074367472615,0.0,0.0,459.3941719914692,-56.51959244362395,-1581.174115041578,2720.2973296675564,0.0,-0.0,54.93563736347956,-31.262691720781763,0.0,0.0,3259.0058490230276,-10.75471930177599,-5992.221405031507,352.0755999999999,0.0,-0.0,18.703542277723663,-10.636874385136453,0.0,0.0,1550.9918410639925,-25.767389814760335,-1885.3667191418197,15403.169758917022,0.0,-0.0,184.9306259445682,-0.0,0.0,0.0,1920.0,-19.512,-17488.588384861592,67593.8110510554,0.0,-0.0,675.0402826858971,-0.0,0.0,0.0,-1126.5228515267086,-19.629651180973116,-67122.6988310336
t32,13457.626412277485,0.0,-0.0,242.42014454246066,-0.0,0.0,0.0,-328.22937806976324,-4.266981914906922,-13367.550196835275,2493.19643,0.0,-0.0,15.581439096027982,-0.0,0.0,0.0,-1428.287131584344,-4.728842311762922,-1075.7618951999211,628.3160499999999,0.0,-0.0,11.81933774070377,-0.0,0.0,0.0,184.94083655091504,-10.18434025868747,-814.8918840329313,3829.690855844691,0.0,-0.0,23.412017944404425,-0.0,0.0,0.0,-2166.9070300088274,-72.07362562417437,-1614.1222181560927,949.3317900000001,0.0,-0.0,2.6714175062414096,-0.0,0.0,0.0,-762.1619932056046,-5.144593454137831,-184.6966208464991,2155.1832520000003,0.0,-0.0,14.282465076976838,-0.0,0.0,0.0,-1137.1736674774525,-36.73006733922022,-995.5619822603044,1171.6889770878477,0.0,-0.0,26.50626492316828,-0.0,0.0,0.0,645.8909799876758,-62.57793292526932,-1781.508289073422,2429.4388,0.0,-0.0,94.83059246187437,-0.0,0.0,0.0,4244.90851803644,-14.008198109520253,-6755.169712388795,358.7895999999999,0.0,-0.0,32.29029677520833,-0.0,0.0,0.0,1749.224352053882,-16.45672125253621,-2123.8475275765545,17285.941246404338,0.0,-0.0,313.30438500852824,-100.48134114586509,0.0,0.0,1164.4482186836497,-13.958694407324824,-18649.25381454332,73200.27843110626,0.0,-0.0,863.0700485577283,-671.0,0.0,0.0,-2166.6537049665712,-38.69100205307545,-71187.00377264434
t33,14603.62245957982,0.0,-0.0,257.3877447941293,-0.0,0.0,0.0,-467.1854262834358,-6.073410541684665,-14387.751367548826,2435.2433469342523,0.0,-0.0,16.73698070792858,-0.0,0.0,0.0,-1268.246915283808,-3.424266671266282,-1180.3091456871068,628.3572499999999,0.0,-0.0,12.697224254886706,-0.0,0.0,0.0,261.18937555041566,-8.207789984999895,-894.0360598203024,3984.324631596026,0.0,-0.0,25.14274312975851,-0.0,0.0,0.0,-2192.3498555508995,-46.66385131844412,-1770.4536678564405,889.7627341714465,0.0,-0.0,2.8757379923948205,-0.0,0.0,0.0,-685.7230662537959,-4.628630697213122,-202.28677521283234,4867.543379282677,0.0,-0.0,15.343402022802078,-0.0,0.0,0.0,-3751.697120634997,-37.92777828649733,-1093.2618823839848,1456.186917286863,0.0,-0.0,28.463565084701678,-0.0,0.0,0.0,543.2719617715566,-75.39717723763587,-1952.525266905484,2429.4388,0.0,-0.0,101.84571675735836,-0.0,0.0,0.0,4909.39251628065,-17.316997688412634,-7423.360035349596,394.2245999999999,0.0,-0.0,34.68227018757513,-0.0,0.0,0.0,1922.9753183336975,-26.69430628260529,-2325.187882238667,16478.881685143228,0.0,-0.0,312.58419537501356,-0.0,0.0,0.0,1920.0,-19.512,-18691.953880518235,71911.78975872435,0.0,-0.0,1103.2318805378013,-671.0,0.0,0.0,-1191.6267879293832,-20.843839594882994,-71131.55101173787
t34,14804.729567196864,0.0,-0.0,149.56453880409967,-122.2,0.0,0.0,-364.43805737547467,-6.061548720251248,-14461.594499905235,2488.7437539354305,0.0,-0.0,12.610570078032929,-9.5,0.0,0.0,-1262.960409356247,-13.409993105261867,-1215.4839215519544,628.9016499999999,0.0,-0.0,9.569469671974936,-7.2,0.0,0.0,289.002938606685,-0.8336951192014472,-919.4403631594585,4313.006152795965,0.0,-0.0,18.932929823160976,-14.3,0.0,0.0,-2459.19853625193,-36.20208579751474,-1822.238460569681,820.5450441714465,0.0,-0.0,2.179061626945071,-1.275497611598174,0.0,0.0,-609.186439717093,-4.1120084680903775,-208.1501600016101,10894.155171500379,0.0,-2721.3346800670715,11.564004291701826,-8.7,0.0,0.0,-7010.727246530738,-39.45439976947049,-1125.5028494247995,1444.0860052009841,0.0,-0.0,21.4292648224827,-16.2,0.0,0.0,637.9001064972626,-80.94191658231138,-2006.2734599384175,2429.4388,0.0,-0.0,76.70117063961041,-217.56459035680402,0.0,0.0,5388.036032435274,-19.775518907036403,-7656.835893811045,377.4395999999999,0.0,-0.0,19.398709754357256,-19.7,0.0,0.0,2035.165303906212,-26.518148950780756,-2385.7854647097884,16776.900079785595,0.0,-0.0,239.14544365013046,-161.5,0.0,0.0,1920.0,-19.512,-18755.03352343572,68174.09624899153,0.0,-0.0,812.3629961939041,-0.0,0.0,0.0,1436.4063077860487,-41.838977640209805,-70381.02657533127
t35,14148.129933568009,0.0,-0.0,165.46497240318806,-754.7015860313279,0.0,0.0,901.8542852476052,-19.55712869650872,-14441.190476490965,2314.4371070180036,0.0,-0.0,14.816541774560331,-5.154959963334985,0.0,0.0,-1078.116464889649,-12.910914455202052,-1233.0713094843782,628.9211999999999,0.0,-0.0,11.24285376292987,-3.9069170248433585,0.0,0.0,298.1183902817321,-1.2559236008144472,-933.1196034190041,4494.952186945719,0.0,-0.0,22.24737008393528,-7.759571313230559,0.0,0.0,-2623.6967069433485,-36.14681450583386,-1849.5964642672418,753.6101041714466,0.0,-0.0,2.557452185514525,-1.1927061717003498,0.0,0.0,-540.2463350278239,-3.646662761437811,-211.08185239599894,11610.668532641655,0.0,-2037.9846679181512,13.586121331236795,-7.691856935100834,0.0,0.0,-8384.919009391173,-51.54728728264233,-1142.111832445825,1583.4899974658463,0.0,-0.0,20.64724567603102,-79.15053874656459,0.0,0.0,591.6465998257754,-80.06540820956256,-2036.5678960115256,2429.4388,0.0,-0.0,90.12648028544135,-57.9,0.0,0.0,5327.086940693769,-19.574386904289437,-7769.177834074922,381.5425999999999,0.0,-0.0,21.810000719327512,-96.54794532905542,0.0,0.0,2143.0647241435686,-27.92084141386639,-2421.9485381199734,16766.60669626506,0.0,-0.0,279.6125408539597,-103.3622135988141,0.0,0.0,1920.0,-19.512,-18843.3450235202,67773.76751016609,0.0,-0.0,910.5374104286695,-0.0,0.0,0.0,1445.2075760595455,-42.003121293510524,-70087.5093753608
t36,12453.40924055551,0.0,-0.0,266.8803143436829,-266.8803143436829,0.0,0.0,1962.6474546416357,-31.220188136070302,-14384.836507061074,2207.105267652395,0.0,-0.0,17.762310892496004,-13.39486954725141,0.0,0.0,-959.2012453258147,-2.5898433623797,-1249.6816203094452,628.9529999999999,0.0,-0.0,13.478767014472234,-22.2871220345595,0.0,0.0,331.24972320114125,-5.572613092471899,-945.8217550885821,4464.997172243563,0.0,-0.0,26.66782942465232,-15.483239748884277,0.0,0.0,-2573.88831493253,-28.270193703879784,-1874.0232532829211,686.3781641714465,0.0,-0.0,2.6563306107088995,-5.099126821979589,0.0,0.0,-466.77111812246136,-3.150705047326614,-214.0135447903878,12357.41989776031,0.0,-3365.4853416222422,16.28809857182309,-23.96176961267893,0.0,0.0,-7769.575927063266,-56.94114156833051,-1157.743816465614,1673.2802138144752,0.0,-0.0,30.184144838280186,-38.49050500398468,0.0,0.0,494.798176014252,-97.79589694501804,-2061.9761327180036,2451.6384588692536,0.0,-0.0,108.03655923934667,-219.74887466952492,0.0,0.0,5558.02255959809,-20.336474446673694,-7877.612228590491,375.9475999999999,0.0,-0.0,36.79949641355107,-36.79949641355107,0.0,0.0,2102.718691988954,-27.3963429958564,-2451.2699489930965,17479.70854033258,0.0,-0.0,334.7149251775354,-900.680123336437,0.0,0.0,1920.0,-19.512,-18814.23134217367,69793.380980144,0.0,-0.0,1065.4009881482218,-825.9396417245333,0.0,0.0,-600.0,-9.81,-69423.0323265677
t37,11833.92128537267,0.0,-0.0,284.9421836358431,-158.62599043309706,0.0,0.0,2379.2788949356814,-33.38109961935473,-14306.135273891743,2069.2028761894703,0.0,-0.0,18.87539398724017,-50.00481724238239,0.0,0.0,-778.4733377540916,-2.1018780119360474,-1257.4982371683002,628.9205999999999,0.0,-0.0,14.324921304226356,-40.300000000000004,0.0,0.0,353.83476514595327,-4.118911231824704,-952.6613752183549,4472.97520208771,0.0,-0.0,5.6383041912088885,-48.17419783704011,0.0,0.0,-2518.4187985439094,-25.29532632689487,-1886.7251835710745,631.0265941714464,0.0,-0.0,3.268140688244549,-8.321837507032917,0.0,0.0,-407.25591354955156,-2.748977416459473,-215.96800638664706,11929.219964553293,0.0,-2593.8385545468223,17.310725787276823,-43.924991444491496,0.0,0.0,-8087.873597541332,-55.333738332416274,-1165.5598084755084,1792.816894350464,0.0,-0.0,32.066242842131835,-0.0,0.0,0.0,351.78537735197915,-101.01102360000628,-2075.6574909445685,2525.8204244531044,0.0,-0.0,114.78705867988324,-91.95784101058292,0.0,0.0,5404.474880487093,-19.829767105607406,-7933.294755503891,372.2175999999999,0.0,-0.0,39.102522113408526,-39.102522113408526,0.0,0.0,2119.519845224375,-24.829410432278245,-2466.908034792096,16817.90660761097,0.0,-0.0,359.2368786971433,-161.5,0.0,0.0,1783.127884243802,-18.505989949191946,-18780.265380602716,69132.96826607501,0.0,-0.0,983.620405101401,-831.4025347615353,0.0,0.0,-600.0,-9.81,-68675.37613641488
t38,11821.062176619076,0.0,-0.0,287.376868899824,-413.69306210257,0.0,0.0,2511.5704992678457,-25.52020976581146,-14180.796272918364,2131.423526338121,0.0,-0.0,19.064006799249295,-41.287466129817915,0.0,0.0,-849.4084270861201,-2.2934027531325247,-1257.4982371683002,628.9377999999999,0.0,-0.0,14.468329763271402,-16.863749361640895,0.0,0.0,330.8754293092968,-4.756434492572435,-952.6613752183549,4514.105033384681,0.0,-0.0,28.614825989111548,-70.7813160079541,0.0,0.0,-2558.389461008061,-26.823898786702255,-1886.7251835710745,661.6571899999999,0.0,-0.0,3.302023878685772,-4.299918591082516,0.0,0.0,-441.7097481012725,-2.9815407996835894,-215.96800638664706,10698.445366707047,0.0,-1549.4776600817836,15.240623944264408,-22.910097847802717,0.0,0.0,-7919.554675356774,-56.183748889448296,-1165.5598084755084,1748.3521305193108,0.0,-0.0,32.38499705541799,-64.45123989754983,0.0,0.0,457.8094532593941,-98.4378499920037,-2075.6574909445685,2438.5669927626377,0.0,-0.0,115.93058333683584,-138.75980100613617,0.0,0.0,5538.806929715692,-20.273062868061782,-7934.271641940968,383.0345999999999,0.0,-0.0,39.492717245029716,-39.492717245029716,0.0,0.0,2099.3132218863575,-17.394547819135273,-2464.9532740672207,17826.097976712845,95.61279238086652,-0.0,365.56284145893306,-961.5681580846959,0.0,0.0,1430.6867781136427,-15.915547819135273,-18740.476682762455,70190.55793127882,0.0,-0.0,996.5498872796877,-2488.0,0.0,0.0,-600.0,-9.81,-68089.29781855852
t39,10756.844306594277,0.0,-0.0,320.44807553036964,-320.44807553036964,0.0,0.0,3466.6160761266574,-37.80600898964654,-14185.654373731286,2285.1946795640238,0.0,-0.0,21.33174694614717,-21.33174694614717,0.0,0.0,-1016.1591188087281,-2.743629620783566,-1266.291931134512,628.7255999999999,0.0,-0.0,16.189823577420327,-16.189823577420327,0.0,0.0,335.77376680098064,-5.975460042820366,-958.5239067581603,4386.022763053887,0.0,-0.0,32.01691437600804,-32.01691437600804,0.0,0.0,-2457.744225952626,-28.85142324203266,-1899.4271138592276,742.6568500000001,0.0,-0.0,3.696782837144479,-3.696782837144479,0.0,0.0,-522.1868515671451,-3.5247612480782293,-216.9452371847767,9009.12250641584,0.0,-0.0,19.56439174388945,-19.56439174388945,0.0,0.0,-7777.870452715412,-56.899254213787174,-1174.3527994866397,1677.211686841752,3.42505046678059,-0.0,36.23464203544876,-0.0,0.0,0.0,473.5214431343411,-101.05397330718881,-2089.3388491711335,2477.4211814057207,0.0,-0.0,129.71538857640078,-0.0,0.0,0.0,5402.660692649882,-18.866207340559246,-7990.931055291445,362.5195999999999,0.0,-0.0,44.18967064019122,-0.0,0.0,0.0,2095.3886703320513,-19.55182038114744,-2482.5461205910947,17666.94965455296,0.0,-0.0,406.6710006636354,-0.0,0.0,0.0,600.0,-9.81,-18663.81065521659,70080.43708112535,0.0,-0.0,1236.5282775527578,-3159.0,0.0,0.0,-600.0,-9.81,-67548.15535867811
t40,10295.30038430593,0.0,-0.0,408.2387959287279,-0.0,0.0,0.0,3560.0,-39.019999999999996,-14224.519180234658,2267.7535134825252,0.0,-0.0,27.048970155767627,-0.0,0.0,0.0,-1012.4327965688651,-12.169447505488385,-1270.2002395639395,628.6879499999999,0.0,-0.0,20.530910692923463,-2.3529864151078064,0.0,0.0,325.1522092151281,-10.562910964880846,-961.4551725280628,4219.15365209028,0.0,-0.0,40.5897954170897,-0.0,0.0,0.0,-2283.4534997790697,-71.0004045053086,-1905.2895432229907,838.75291,0.0,-0.0,4.696669087890996,-0.0,0.0,0.0,-621.3331125949686,-4.193998510016038,-217.9224679829063,6967.958394996404,0.0,-0.0,24.810472012292312,-24.810472012292312,0.0,0.0,-5723.400269868893,-67.27432863716209,-1177.2837964903501,1417.2943599419946,350.2916891630822,-0.0,45.933687607961105,-18.314455037989802,0.0,0.0,402.26337155277633,-101.28912494340797,-2096.179528284416,2563.5022036319333,0.0,-0.0,164.4551630444874,-0.0,0.0,0.0,5305.923510690155,-19.50454758527751,-8014.376329781298,353.5675999999999,0.0,-0.0,56.029167086958594,-69.03998395880114,0.0,0.0,2170.0,-21.169,-2489.3877831281566,18690.880617620136,0.0,-0.0,524.8933079182151,-931.5643085818505,0.0,0.0,600.0,-9.81,-18874.3996169565,68733.2753369155,0.0,-0.0,1533.6362025505591,-0.0,0.0,0.0,-2722.7194126462628,-45.75303654060754,-67498.4390902792
t41,10733.488279806752,0.0,-0.0,517.9528702362885,-366.20899940511146,0.0,0.0,3560.0,-39.019999999999996,-14406.212150637928,2306.720678330439,0.0,-0.0,26.961432679294703,-3.1046348532672448,0.0,0.0,-1034.675798269211,-12.022358820320104,-1283.8793190669358,628.3817499999999,0.0,-0.0,20.463795952669056,-0.0,0.0,0.0,333.94425054149906,-10.586649476462048,-972.2031470177059,3989.12042618135,0.0,-0.0,52.034056910450566,-35.91650295375058,0.0,0.0,-2007.7405130745337,-70.71234950672753,-1926.7851175567885,933.5968700000002,0.0,-0.0,6.023236740990942,-0.0,0.0,0.0,-714.9174841438545,-4.825693017971018,-219.87692957916556,3601.8624737173,3556.6912684913364,-0.0,31.80751871483857,-28.493013261877103,0.0,0.0,-5905.528885024543,-66.35457913062606,-1189.9847835064286,1178.1718256720987,364.2276093576254,-0.0,58.88391227446986,-0.0,0.0,0.0,618.9240825372071,-100.57414459715936,-2119.6332852442415,2881.390338861543,0.0,-0.0,205.40187847877476,-57.9,0.0,0.0,5089.262799705724,-18.789567239028887,-8099.365449807014,351.7025999999999,0.0,-0.0,71.8282369126348,-53.65264291135405,0.0,0.0,2170.0,-21.169,-2518.70919400128,18270.704796096827,0.0,-0.0,690.8831401889848,-0.0,0.0,0.0,600.0,-9.81,-19551.777936285805,69629.24531070312,0.0,-0.0,1982.495084146595,-229.31770104837975,0.0,0.0,-2709.268452272288,-45.58220934385806,-68627.57203218517
t42,11136.660547317002,0.0,-0.0,611.4746910781374,-90.46505850266615,0.0,0.0,3560.0,-39.019999999999996,-15178.650179892475,2500.65037,0.0,-0.0,40.99152789371714,-43.6,0.0,0.0,-1162.893915198646,-11.208502226503734,-1323.9394804685678,628.3731499999999,0.0,-0.0,31.11446011430903,-33.1,0.0,0.0,386.8347369822427,-10.729453789852055,-1002.4928933066997,4006.4124192997356,0.0,-0.0,61.508906208326955,-11.971134243789095,0.0,0.0,-1998.174363915899,-71.3893445933278,-1986.3864827550462,1009.9534035299783,0.0,-0.0,7.121119973531851,-8.732450091258249,0.0,0.0,-776.383936673632,-5.240591572547016,-226.71754516607294,3053.6071448646862,3965.594002104969,-0.0,37.600164228148344,-3.3145054529614657,0.0,0.0,-5760.282124687773,-66.09393550364283,-1227.1107455534273,1171.6953770878476,561.0785122772263,-0.0,69.6056939943521,-42.565949139892695,0.0,0.0,526.3209139972269,-100.0489515863472,-2186.085596630414,3027.570758052516,0.0,-0.0,249.21456344217694,-0.0,0.0,0.0,5088.519511280077,-18.78711438722425,-8346.517718387544,351.7025999999999,0.0,-0.0,84.90819991450763,-30.184035711938375,0.0,0.0,2212.9348100097154,-21.48457085357141,-2597.8770033587125,19275.662130784476,0.0,-0.0,836.4665335777133,-0.0,0.0,0.0,557.0651899902847,-10.125570853571409,-20659.068283498895,74294.11497411021,0.0,-0.0,2390.2595700240254,-2488.0,0.0,0.0,-2633.9408217835967,-44.625548436651684,-71517.808173914
t43,11676.574086170167,365.42983451932935,-0.0,549.3932354465219,-0.0,0.0,0.0,3560.0,-39.019999999999996,-16112.37715613602,2307.5372199999997,0.0,-0.0,34.643202425305454,-7.7260174363177185,0.0,0.0,-943.4854362619865,-14.267324461162206,-1376.7016442658391,628.3731499999999,0.0,-0.0,26.29428539289203,-5.855507951735534,0.0,0.0,404.51879881100217,-10.777200756789707,-1042.553525495369,3955.1534692997357,0.0,-0.0,54.965051576280885,-14.3,0.0,0.0,-1859.2201476117461,-71.06909409842379,-2065.529279165847,1043.33887,0.0,-0.0,6.344315208945403,-0.0,0.0,0.0,-808.7117584898989,-5.458804369806818,-235.51262234923956,2653.8015766114936,4337.463121460617,-0.0,33.58557952295312,-0.0,0.0,0.0,-5684.356401626592,-64.53318035320422,-1275.9606956152675,1171.6985770878478,0.0,-0.0,62.2065148447019,-6.171837739997215,0.0,0.0,1141.720111552112,-96.39342038822939,-2273.059945356434,4183.511112581539,0.0,-0.0,222.687446157661,-0.0,0.0,0.0,4290.568196176125,-16.153875047381213,-8680.612879867944,351.7025999999999,0.0,-0.0,73.3126852490852,-7.505259473947231,0.0,0.0,2305.1542997426145,-22.162384103108216,-2700.5019414146436,19460.034345047537,0.0,-0.0,700.2216634403827,-138.64623362645204,0.0,0.0,464.8457002573854,-10.803384103108218,-20475.652091015745,73694.65771471469,0.0,-0.0,2141.421330606628,-572.5898819797977,0.0,0.0,-2871.0333625490157,-47.636623704372504,-72344.81917708814
t44,12081.581148958616,0.0,-0.0,348.9680156077384,-54.85168452405591,0.0,0.0,3560.0,-39.019999999999996,-15896.677480042299,2115.65722,0.0,-0.0,23.35592673964127,-0.0,0.0,0.0,-759.5108044531789,-16.479777523619425,-1363.0225647628429,628.3731499999999,0.0,-0.0,17.72261429297785,-0.0,0.0,0.0,396.4652428684933,-10.755456155744932,-1031.805551005726,4030.1732692997357,0.0,-0.0,35.06928557250832,-0.0,0.0,0.0,-1949.000144958773,-71.23163352079392,-2045.0107763926767,1020.4824800000001,0.0,-0.0,4.031599647353417,-1.6,0.0,0.0,-784.0634903346144,-5.292428559758647,-233.5581607529803,2953.918473689491,2592.826476764979,-0.0,21.416414937803204,-8.7,0.0,0.0,-4239.068436130765,-57.133220662319644,-1263.259708599189,1171.6985770878478,0.0,-0.0,39.69469810733338,-90.2,0.0,0.0,1213.2640878381335,-83.87393476337917,-2250.5834282699348,5915.102016876985,0.0,-0.0,142.06957514393986,-290.02943785595727,0.0,0.0,2838.8679835860185,-11.36326434583386,-8594.64687340515,351.7025999999999,0.0,-0.0,48.38985430043118,-19.7,0.0,0.0,2315.96203830998,-22.241820981578353,-2674.1126716288327,19624.07793364843,0.0,-0.0,434.4748123098988,-626.768087434462,0.0,0.0,454.03796169001987,-10.882820981578355,-19874.939799232307,72662.60497998283,0.0,-0.0,1448.1731951331105,-0.0,0.0,0.0,-3046.954438415314,-49.8708213678745,-71013.95291533276
t45,11787.03431485096,0.0,-0.0,290.1516347923208,-122.2,0.0,0.0,3560.0,-39.019999999999996,-15475.965949643281,2328.6210199999996,0.0,-0.0,19.291135433101644,-53.1,0.0,0.0,-958.6746511332535,-14.152178045994528,-1321.985326253854,628.4016999999999,0.0,-0.0,14.637008555998442,-40.300000000000004,0.0,0.0,409.5679295705745,-10.790833409840552,-1001.5158047167322,4069.9056792997353,0.0,-0.0,28.970949356646074,-10.123102431272368,0.0,0.0,-2032.948007137124,-72.35025101482191,-1983.4552680731647,1073.3573863801628,0.0,-0.0,3.324344366749642,-1.339632333923452,0.0,0.0,-842.9347437267604,-5.689809520155633,-226.71754516607294,2948.315723272563,1389.0116944625518,-0.0,17.68760708506772,-7.28425081570877,0.0,0.0,-3070.4639672361845,-52.11005921733579,-1225.1567475509535,1171.6985770878478,0.0,-0.0,32.79399014206186,-13.563777380974955,0.0,0.0,1067.4507164060215,-75.22562924452079,-2183.1538770104357,6502.547563265611,0.0,-0.0,117.36018952529008,-234.57243009966297,0.0,0.0,1958.8960016940473,-8.459356805590355,-8335.771967579694,351.7025999999999,0.0,-0.0,39.97069721189774,-0.0,0.0,0.0,2224.8436660046373,-21.572100945134085,-2594.9448622714003,16947.176912973042,1580.0,-0.0,356.13915261768494,-161.5,0.0,0.0,545.1563339953627,-10.213100945134086,-19256.75929864095,71714.24752184737,0.0,-0.0,1117.0472346514016,-671.0,0.0,0.0,-2860.893278437321,-47.507844636153976,-69251.8936334253
t46,11648.199977000104,0.0,-0.0,234.4349611169647,-529.0818691134907,0.0,0.0,3560.0,-39.019999999999996,-14874.533069003579,2158.9900199999997,0.0,-0.0,15.9434076731096,-9.5,0.0,0.0,-871.1687031023954,-14.293713933206252,-1279.9710106375082,628.4016999999999,0.0,-0.0,12.096411107697069,-7.2,0.0,0.0,346.59457549393983,-10.620805353833639,-969.2718812478032,4375.289459299735,0.0,-0.0,23.945608649696062,-46.58607668316907,0.0,0.0,-2359.5429030622163,-73.16047157164763,-1919.9456166323982,995.1779463801628,0.0,-0.0,2.744991694543299,-1.987455737623689,0.0,0.0,-771.8259583372699,-5.2098252187765715,-218.89969878103594,3044.0849694152694,1490.8489605804755,-0.0,14.617466647246637,-0.0,0.0,0.0,-3307.317244494325,-56.15736464718553,-1186.0767875014812,1171.6985770878478,0.0,-0.0,27.106357291472776,-0.0,0.0,0.0,992.8640177796651,-79.85358590135208,-2111.815366257633,5487.852867235589,0.0,-0.0,97.00082652317522,-23.448507227897643,0.0,0.0,2525.822088114147,-10.330212890776684,-8076.897061754238,351.7025999999999,0.0,-0.0,33.03537503849712,-25.61096502402812,0.0,0.0,2170.0,-21.169,-2507.958010014468,17416.260579167287,0.0,-0.0,283.92887211195506,-66.18538439527919,0.0,0.0,600.0,-9.81,-18224.19406688396,70395.85354404598,0.0,-0.0,947.6694701443926,-2091.6439353297383,0.0,0.0,-2885.4258723915445,-47.81940857937262,-66318.63379788972
t47,13542.831132497364,0.0,-0.0,167.3361330885752,-646.7351772749022,0.0,0.0,821.447431276246,-7.228737395230965,-13877.650782192051,2144.96618,0.0,-0.0,11.54588440205054,-0.0,0.0,0.0,-944.3408851044557,-2.5497203897820304,-1209.6214589078131,628.4016999999999,0.0,-0.0,8.75916060188419,-0.0,0.0,0.0,284.057216015658,-5.686067817953819,-915.5320087995883,4387.67945,0.0,-0.0,17.34423900550243,-71.3548237159154,0.0,0.0,-2487.2772262403705,-31.969750964553597,-1814.4218880846634,1009.2745063801627,0.0,-0.0,1.9841421150725946,-8.24238647836765,0.0,0.0,-790.5074078106652,-5.33592500272199,-207.17292920348046,2102.3123600000004,0.0,-0.0,10.584627692867421,-43.605008277824474,0.0,0.0,-928.6866120550466,-19.010513940144257,-1121.5948534198521,832.0410770878476,0.0,-0.0,19.634927276900626,-80.75359238782423,0.0,0.0,1259.552168566139,-34.95075921123212,-1995.5238213318307,6513.988796513128,0.0,-0.0,70.25657357798642,-289.09399752520955,0.0,0.0,1342.6700579465112,-4.430811191223486,-7633.390619321192,351.7025999999999,0.0,-0.0,23.92516483754801,-98.48629230778374,0.0,0.0,2104.6905811655897,-10.70729442212734,-2371.1247592732266,17693.88578927887,0.0,-0.0,198.09624381314285,-944.0871957701652,0.0,0.0,-137.81483890583354,-13.426773556992298,-16796.653224859023,63291.24939731548,0.0,-0.0,690.3171745233001,-1195.8393383632638,0.0,0.0,-523.790484853773,-8.56397442735919,-62253.37277419438
t48,16056.11192443341,0.0,-306.02691168495414,69.86486828484928,-830.9000000000001,0.0,0.0,-2359.651063121604,-28.456929355470113,-12600.941888556235,2143.51633,0.0,-0.0,7.686076962875175,-53.1,0.0,0.0,-973.7886583396644,-2.629229377517094,-1121.6845192456942,628.4016999999999,0.0,-0.0,5.83116751264556,-40.300000000000004,0.0,0.0,261.1712790980645,-6.014161928914693,-849.0899846817954,4060.79082,0.0,-0.0,11.545176191465774,-79.7,0.0,0.0,-2279.409625099379,-30.7091436920918,-1682.517227399995,934.4875663801627,0.0,-0.0,1.3217986343299195,-9.2,0.0,0.0,-729.1729801668304,-4.921917616126105,-192.5144672315361,2102.2350800000004,0.0,-2245.995099529204,7.046436980590047,-48.7,0.0,0.0,1232.6641653864817,-7.723645521907747,-1039.5269373159606,832.0442770878476,0.0,-1511.132870114265,0.0,-90.2,0.0,0.0,2659.0617478542254,-38.88083474823519,-1850.8923200795728,7183.248688672828,0.0,-0.0,0.0,-322.9,0.0,0.0,216.932538892709,-0.7158773783459397,-7076.565350187192,351.7025999999999,0.0,-0.0,0.0,-110.0,0.0,0.0,1972.1925954959966,-14.789380011758784,-2199.1058154842376,17888.211493444294,0.0,-1580.0,114.75323558912424,-1006.3,0.0,0.0,0.0,-0.0,-15416.664729033419,60529.64513613201,0.0,-0.0,458.9358326441484,-3159.0,0.0,0.0,-0.0,-0.0,-57829.58096877615
t49,11116.47095127706,847.3340270764161,-0.0,60.8159718479953,-26.564995498657193,0.0,0.0,-100.2356209478982,-1.3030630723226766,-11896.517270682592,2147.51344,0.0,-0.0,4.316451630677889,-36.80907622399822,0.0,0.0,-1058.6441256103878,-12.858339139148047,-1043.518350657144,338.2656,0.0,-0.0,3.2743264150913527,-31.87763747336001,0.0,0.0,482.9762972966693,-2.1739169546578845,-790.4646692837428,2709.2153384760363,0.0,-0.0,6.4854243589843,-55.21361433599732,0.0,0.0,-1079.4241767451185,-15.794331629170443,-1565.2686401247338,923.5510217170687,0.0,-0.0,0.7403803449619177,-0.8740294129671557,0.0,0.0,-739.591891324899,-4.992245266443069,-178.83323605772134,2088.9609823614733,2976.437954450341,-0.0,3.956695119512798,-0.0,0.0,0.0,-4079.282637934457,-22.84398277243296,-967.229011224437,784.0762954175693,1714.6206406276913,-0.0,7.342454488330355,-62.47412019669419,0.0,0.0,-666.8611509818975,-53.830222681140796,-1722.8738966738579,3355.8005597535257,0.0,-0.0,26.269526459851484,-0.0,0.0,0.0,3210.8276853000907,-12.590731361490299,-6580.307040151977,351.7025999999999,0.0,-0.0,8.945081793296264,-0.0,0.0,0.0,1710.235620947898,-22.29406307232268,-2048.589239668872,11890.83602781849,1873.4313424006164,-0.0,73.84696534186286,-32.58898044170915,0.0,0.0,1320.0,-9.702,-15115.823355119259,56599.98698370912,0.0,-0.0,275.07110587302355,-532.8080510488584,0.0,0.0,1000.0,-12.7,-57329.550038533285
t50,10740.377223079578,375.5043194149905,-0.0,41.23278446134414,-0.0,0.0,0.0,0.0,-0.0,-11157.114326955914,1986.5442234463924,0.0,-0.0,2.9392599176558263,-3.6146844365988997,0.0,0.0,-1000.0,-12.7,-973.1687989274491,338.2656,0.0,-0.0,2.2293981470094186,-0.0,0.0,0.0,398.1208728344822,-1.8910741459637905,-736.7247968355279,2696.7826284760363,0.0,-0.0,4.417167618445742,-5.441051309827817,0.0,0.0,-1213.8309673785961,-21.205794268431227,-1460.7219831376262,816.1945799999999,0.0,-0.0,0.5030830634504264,-0.0,0.0,0.0,-645.235854564971,-4.355342018313554,-167.10646648016584,2111.7304223614733,4746.106723614224,-0.0,2.693986683842886,-3.3102899577274125,0.0,0.0,-5922.285963166508,-33.16480139373244,-901.770078141571,784.0762954175693,0.0,-0.0,5.001258623229543,-6.163988197147596,0.0,0.0,885.9170779282649,-61.271052150533876,-1607.5595916213817,3041.979184491533,0.0,-0.0,17.89111992575963,-22.030550408323816,0.0,0.0,3110.191844344655,-12.207887071767988,-6135.823711281854,351.7025999999999,0.0,-0.0,6.091566840419906,-26.165735082192384,0.0,0.0,1601.097190426426,-20.969633257023425,-1911.7559889276304,11598.296681854792,1661.825032340856,-0.0,51.441514077455025,-0.0,0.0,0.0,1320.0,-9.702,-14621.861228273103,56014.12835770583,0.0,-1440.0,190.2966178981373,-563.1699064555526,0.0,0.0,1466.025799576247,-21.391381162097005,-55645.88948756256
t51,10260.429022386175,507.46319063363785,-0.0,16.81328627270114,-27.89867932134551,0.0,0.0,0.0,-0.0,-10756.806819971169,2212.7598234463917,98.83621821190707,-0.0,1.180877628109053,-0.0,0.0,0.0,-1367.929027600783,-13.693408374522113,-931.1544833111034,338.2656,0.0,-0.0,0.8957758953470143,-1.6161217550090456,0.0,0.0,367.929027600783,-0.9934083745221142,-704.4808733665989,2668.9735584760365,0.0,-0.0,1.7742617679446961,-0.0,0.0,0.0,-1241.7146106023038,-32.7979495054436,-1396.2352601362327,817.5211099999999,0.0,-0.0,0.10829402627744275,-4.700750425385821,0.0,0.0,-649.2575450764964,-4.382488429266351,-159.28862009512883,2088.927442361473,2956.474429015806,-0.0,1.0824552452692413,-23.34664569790402,0.0,0.0,-4137.278801543899,-23.168761288645833,-862.6901180920988,784.0762954175693,1714.6206406276913,-0.0,2.0087273878884417,-0.0,0.0,0.0,-916.4008330681804,-47.10650962306252,-1537.198320741905,3118.42918182348,0.0,-0.0,7.186728960259588,-0.0,0.0,0.0,2752.220752702181,-10.656722400295482,-5867.179941085626,351.7025999999999,0.0,-0.0,2.447162380503747,-41.844040934593984,0.0,0.0,1536.209459013734,-20.813902701632962,-1827.7012777580107,12697.700757638055,374.1723457318626,-0.0,21.337514804198534,-0.0,0.0,0.0,1320.0,-9.702,-14403.508618174115,55502.78020858356,0.0,-1440.0,84.16287445465011,-1510.9797125484192,0.0,0.0,2336.221578574964,-37.620532440423084,-54934.564416624344
t52,9730.242877735207,812.0895004286913,-0.0,22.093649615570627,-0.0,0.0,0.0,0.0,-0.0,-10564.42602777947,2268.189723419033,0.0,-0.0,1.5489690502664322,-0.0,0.0,0.0,-1348.3933975613459,-13.640662173415633,-907.7046327345383,338.2656,0.0,-0.0,1.1749433592528837,-0.0,0.0,0.0,348.3933975613459,-0.9406621734156341,-686.8932787471831,2680.018488476036,0.0,-0.0,2.3275427358140988,-0.0,0.0,0.0,-1302.9254394195511,-17.382836278017315,-1362.0377555142816,862.87927,0.0,-0.0,0.26542692095870907,-0.0,0.0,0.0,-703.0196175995513,-4.7453824187969715,-155.37969690261033,2069.853203527706,2330.027727959591,-0.0,1.4197970052527698,-0.0,0.0,0.0,-3540.279025882717,-19.825562544943214,-841.1961400648892,784.0762954175693,0.0,-0.0,2.635211696587969,-0.0,0.0,0.0,763.532596749822,-50.180898308465146,-1500.0632055555143,3585.9762430671335,0.0,-0.0,9.427623251975461,-3.410687254532965,0.0,0.0,2135.107992311912,-7.431082289517795,-5719.67008908697,351.7025999999999,0.0,-0.0,3.2100782860533954,-0.0,0.0,0.0,1448.2329103362422,-19.42642717396945,-1783.7191614483258,13280.277831186142,0.0,-0.0,28.372522253754397,-142.25898213532244,0.0,0.0,1199.3505835038432,-8.815226788753247,-14356.926728019665,55555.97726723369,0.0,-1614.1693845311647,99.15257821205444,-0.0,0.0,0.0,1000.0,-12.7,-55028.26046091459
t53,9603.082351205507,926.6391868570868,-0.0,23.1939536448906,-27.354270431389267,0.0,0.0,0.0,-0.0,-10525.561221276097,2068.1526234190333,0.0,-0.0,1.684642668997774,-1.336552377157672,0.0,0.0,-1157.4417592997947,-13.125092750109445,-897.9338616609696,338.29415,0.0,-0.0,1.2772893615741885,-0.0,0.0,0.0,341.7829325790219,-1.300713323185775,-680.0536586174103,2624.7757400000005,0.0,-0.0,2.5337428883260653,-2.011863051932075,0.0,0.0,-1246.8981661340872,-31.0177715974328,-1347.381682104874,940.94113,0.0,-0.0,0.28606593359422267,-0.13085313326240464,0.0,0.0,-782.3899751616398,-5.281132332341068,-153.42523530635108,2092.622643527706,1166.7,-0.0,1.5434292184915375,-1.2240005980286046,0.0,0.0,-2413.722079449494,-13.516843644917165,-832.4031490537579,784.0794954175693,1714.6206406276913,-0.0,2.869579712351095,-2.279173527363609,0.0,0.0,-980.7881092660762,-34.075065381875,-1484.4273675822972,4066.5150485921386,0.0,-0.0,10.260807717860812,-0.0,0.0,0.0,1587.5662422777007,-5.2389685995164115,-5659.103129988183,351.7025999999999,0.0,-0.0,3.4923922281157846,-1.1604583577599206,0.0,0.0,1430.9860337063542,-18.894252652258295,-1766.1263149244521,13602.756962976531,0.0,-0.0,30.7522793743926,-88.1666287568357,0.0,0.0,1149.0139662936458,-8.445252652258297,-14685.911327235473,55766.33344837114,0.0,-1440.0,121.86686097946276,-195.19948150203902,0.0,0.0,2071.890914454369,-32.690765554573986,-56292.20097674837
t54,10553.730181380739,0.0,-0.0,54.50445009198985,-58.115831701434004,0.0,0.0,248.71312234244442,-2.1886754766135113,-10796.643246637126,2048.7635440976887,0.0,-0.0,3.788652344960609,-1.9877546745723886,0.0,0.0,-1130.7837699619981,-13.053116178897394,-906.7275556271815,338.29415,0.0,-0.0,2.8733506729805285,-4.78986889484924,0.0,0.0,351.9191562327352,-1.4035092636833961,-686.8932787471831,2595.1466900000005,0.0,-0.0,5.694893920860266,-2.9816320118585837,0.0,0.0,-1202.4630758619683,-35.313263654006285,-1360.0836123930271,882.3703399999999,0.0,-0.0,0.6470707829090883,-0.0,0.0,0.0,-722.7590900226458,-4.878623857652859,-155.37969690261033,2115.403263527706,218.61092363546658,-0.0,3.4721111080715863,-0.0,0.0,0.0,-1488.1377040732855,-9.129453134306221,-840.2191410636524,784.0794954175693,0.0,-0.0,6.448427897113073,-3.373712062347632,0.0,0.0,735.6157226407231,-23.68396821086923,-1499.0859656821883,7798.1562635589125,0.0,-0.0,23.065291958925858,-30.64138544294719,0.0,0.0,-2077.0702727697844,-6.539331900140288,-5706.970565404966,351.7025999999999,0.0,-0.0,7.8525297335577315,-10.438767817543,0.0,0.0,1454.9659114737797,-20.36311194146881,-1783.7191614483258,15133.005857387721,0.0,-0.0,75.5009499639628,-78.91580319751287,0.0,0.0,720.0,-19.512,-15830.07900415417,56361.30579196967,747.5257487136032,-0.0,273.1769078800294,-182.3514028328146,0.0,0.0,3110.0,-50.6715,-60258.98554573049
t55,11712.050394736476,11.797853025685102,-0.0,135.18037774214903,-121.85706148554787,0.0,0.0,0.0,-0.0,-11737.171564018761,2259.721844097688,0.0,-0.0,9.133916501038524,-3.5519147672638627,0.0,0.0,-1291.350403210984,-13.486646088669657,-960.4667965318097,338.29415,0.0,-0.0,6.927482115396925,-0.0,0.0,0.0,382.9540421942958,-1.2217633738403881,-726.9539109358524,2590.6005600000003,0.0,-0.0,13.72864984146998,-5.346566439144551,0.0,0.0,-1124.5197643675683,-34.259398670301834,-1440.2034803644556,831.9415499999999,0.0,-0.0,1.561062867435272,-0.5982172239602295,0.0,0.0,-664.245961318796,-4.483660238901873,-164.17477408577696,2092.589103527706,0.0,-0.0,8.371076119695761,-3.2528061552837473,0.0,0.0,-1201.9075998077021,-6.730682558923132,-889.0690911254926,784.0794954175693,128.1719490404364,-0.0,15.544818510252759,-6.056949392597323,0.0,0.0,692.2964181586017,-24.066457832750622,-1589.9692739015127,8167.438725893546,0.0,-0.0,55.60419851502342,-21.6479857920608,0.0,0.0,-2164.247944322726,-6.827018216264996,-6030.319976077517,363.2655999999999,0.0,-0.0,18.930895572658248,-7.365549570010325,0.0,0.0,1541.0212126748793,-20.71163591133326,-1895.140522766194,16006.957359750291,982.960774370385,-0.0,195.09877309863143,-0.0,0.0,0.0,720.0,-19.512,-17885.504907219307,57957.69937151217,5133.0,-0.0,688.714580396901,-0.0,0.0,0.0,3110.0,-50.6715,-66838.74245190907
t56,12278.882836920438,0.0,-0.0,242.6220718611845,-0.0,0.0,0.0,1042.7441277566868,-9.176148324258845,-13555.072888214052,2360.556699999999,193.85271834297185,-0.0,15.839115509219202,-0.0,0.0,0.0,-1471.7193025691217,-13.973642116936627,-1084.555589166133,338.29415,0.0,-0.0,12.014605120551366,-0.0,0.0,0.0,471.71930256912185,-1.273642116936629,-820.7544155727365,2597.6087300000004,0.0,-0.0,23.799988367519,-0.0,0.0,0.0,-960.8725068691026,-33.712063054170486,-1626.8241484442458,878.04606,0.0,-0.0,2.7147041470179882,-0.0,0.0,0.0,-690.4265334019262,-4.660379100463002,-185.6738516446287,2115.369723527706,2377.4450486913215,-0.0,14.51841135226104,-0.0,0.0,0.0,-3481.1241329477607,-22.831076353328857,-1003.3779742701988,698.6544954175694,0.0,-0.0,26.945822719432336,-0.0,0.0,0.0,1097.228113195958,-28.61602390629922,-1794.2124074266608,8167.438725893546,0.0,-0.0,96.40137950310293,-0.0,0.0,0.0,-1447.5490677338555,-4.461911923521723,-6811.829125739272,433.0165999999999,0.0,-0.0,32.82468517663908,-0.0,0.0,0.0,1693.0475483560601,-20.380600519582956,-2138.5082330131163,17064.30635201958,724.5312878126665,-0.0,319.03135113258713,-0.0,0.0,0.0,636.9524516439399,-18.901600519582956,-18725.919842089188,60994.11851517361,5133.0,-0.0,1107.576090459554,-0.0,0.0,0.0,3110.0,-50.6715,-70294.02310563318
t57,11834.726466805705,362.8186063867487,-0.0,257.32084066936784,-0.0,0.0,0.0,2138.3293175128138,-20.836032934785813,-14572.35919843985,2232.1910893269737,0.0,-0.0,16.794899484174064,-6.049295654837215,0.0,0.0,-1052.7164443914178,-12.842334399856828,-1177.3779143650363,338.53155000000004,0.0,-0.0,12.74096216310109,-4.585717206927583,0.0,0.0,546.9077421584766,-2.4897430642503577,-891.1047940503997,2909.4217171724267,0.0,-0.0,25.230577774841663,-9.101718572168018,0.0,0.0,-1123.9281328245365,-36.0541334972592,-1765.5683100533047,850.81295,0.0,-0.0,2.8847633694722794,-1.0233766648864202,0.0,0.0,-646.9975587681979,-4.3672335216853355,-201.3095444147027,5601.912524079858,0.0,-0.0,15.39624016298777,-5.5411487378596975,0.0,0.0,-4491.293781034314,-30.14294909039628,-1090.3308853802744,1287.4693629866917,0.0,-0.0,28.56332425354656,-10.309452853856044,0.0,0.0,671.9242344439817,-30.985641164836558,-1946.6618276655274,8167.438725893546,0.0,-0.0,102.20079095984192,-36.8559296103595,0.0,0.0,-823.6276500784858,-2.402971245259003,-7406.752965919283,519.5525999999999,0.0,-0.0,34.802695283498664,-12.542334508163336,0.0,0.0,1786.7622813454966,-12.183783144101742,-2316.39145897673,18482.16681278396,0.0,-0.0,314.6695870804997,-121.7188137765365,0.0,0.0,-115.36000836381737,-13.372103938525942,-18546.385473785576,61299.097258832124,4175.179839997867,-0.0,1087.296554144292,-441.6707579781693,0.0,0.0,3110.0,-50.6715,-69179.23139499612
t58,13176.449038020402,0.0,-1830.0,196.1534404348959,-117.40282669134042,0.0,0.0,3303.7455863485984,-39.019999999999996,-14689.925238112555,2492.6195086434686,0.0,-240.0,12.571048915080935,-8.246524252548292,0.0,0.0,-1040.159422579114,-17.911,-1198.8736107268876,338.97695,0.0,-0.0,9.539360651761783,-6.250504877528266,0.0,0.0,576.8354943056145,-11.386,-907.7153000798479,3309.413464501632,0.0,-0.0,18.874082303976607,-12.411101482512635,0.0,0.0,-1437.343124850337,-79.74457735813047,-1798.7887431146287,832.3610899999999,0.0,-0.0,2.171686603313786,-1.3220833180863147,0.0,0.0,-617.1922256780061,-10.8,-205.2184676072212,11842.723811697992,0.0,-4333.341442773592,11.527610897633178,-7.5527313002693806,0.0,0.0,-6333.096884115519,-69.4125,-1110.8478644062473,1719.5148094104036,0.0,-388.2067890074175,21.362848916467307,-14.059314623247767,0.0,0.0,742.7605157902094,-102.46132700112683,-1978.9107434852876,7687.373530565548,0.0,-0.0,76.46234408643463,-50.25374915865817,0.0,0.0,-131.80435287284828,-20.67674964299636,-7561.10102297748,546.0355999999999,0.0,-0.0,26.044504774376367,-17.09966245926791,0.0,0.0,1827.46770970937,-30.871000000000002,-2351.577152024478,18475.195257209893,0.0,-1530.7529139831356,236.10467186583992,-156.00722909324324,0.0,0.0,1198.7867039420316,-19.512,-18203.814489941386,70762.34440014497,0.0,-5133.0,785.3572303645587,-1034.6892851554246,0.0,0.0,1910.0,-50.6715,-67239.34084535412
t59,13589.412708268714,0.0,-1830.0,226.76631574432096,-810.4324447623874,0.0,0.0,3560.0,-39.019999999999996,-14696.726579250644,2640.488790219518,0.0,-240.0,14.800020923947791,-22.870620921087642,0.0,0.0,-1164.8857313145643,-17.911,-1209.6214589078131,338.3227,0.0,-0.0,11.230167592239887,-8.357532580593833,0.0,0.0,585.7226737879423,-11.386,-915.5320087995883,3633.996433583161,0.0,-0.0,22.223180967149307,-16.58708854292558,0.0,0.0,-1745.46606056459,-79.74457735813047,-1814.4218880846634,740.8173199999998,0.0,-0.0,2.5539096205985157,-9.08577394787601,0.0,0.0,-516.3125264692418,-10.8,-207.17292920348046,15104.544044303675,0.0,-6424.879324237304,13.57077987736734,-10.09883091310433,0.0,0.0,-7493.106314612018,-69.4125,-1120.6178544186155,1950.603752111362,328.5782262158782,-1386.042414411813,25.15455689370758,-61.34919251839999,0.0,0.0,1242.0174599155498,-102.46132700112683,-1996.501061205157,6778.460247777748,0.0,-0.0,85.85944454344829,-67.1672547993162,0.0,0.0,852.030499256922,-20.67674964299636,-7628.506187135807,524.0285999999999,0.0,-0.0,30.66369932272377,-18.21990892707491,0.0,0.0,1866.5007492400155,-30.871,-2372.102139635664,19009.524032376234,34.49326639532603,-2079.692135108261,272.7590234512754,-158.90050310937625,0.0,0.0,903.4992507599845,-19.512,-17962.170934765174,69030.02398884034,0.0,-5133.0,810.6930276586448,-671.0,0.0,0.0,1910.0,-50.6715,-65896.045516499
t60,12992.328534960989,0.0,-1830.0,269.30241479053024,-326.8126423695294,0.0,0.0,3560.0,-39.019999999999996,-14625.798307381989,2479.937241765679,0.0,-240.0,7.372192905223963,-9.5,0.0,0.0,-1010.2769757630899,-17.911,-1209.6214589078131,338.3227,0.0,-0.0,12.774450895313105,-10.127869168041405,0.0,0.0,585.9487270723167,-11.386,-915.5320087995883,3696.783200107718,0.0,-0.0,25.271408536449275,-32.06884283870589,0.0,0.0,-1795.8193003626675,-79.74457735813047,-1814.4218880846634,673.6295799999998,0.0,-0.0,2.9106541195568254,-3.8350400767853072,0.0,0.0,-454.73226483929074,-10.8,-207.17292920348046,14768.102998420483,0.0,-6424.879324237304,15.437020182755958,-28.312266495110993,0.0,0.0,-7140.31807345221,-69.4125,-1120.6178544186155,2044.2496333410006,0.0,-1714.6206406276913,28.6028245096554,-16.2,0.0,0.0,1755.953331109993,-102.46132700112683,-1995.5238213318307,7936.635095124293,0.0,-0.0,106.54960908520577,-210.31566435441346,0.0,0.0,-180.75544376505067,-20.67674964299636,-7631.436846447038,534.8455999999999,0.0,-0.0,36.29260348523158,-60.29414557034686,0.0,0.0,1889.1969406334674,-30.871,-2369.169998548352,19035.452775942005,359.1034259952419,-2710.896574004758,319.7348842399912,-249.93790084245023,0.0,0.0,880.8030593665326,-19.512,-17614.74767069656,67005.01610622187,275.7278942633766,-4857.272105736623,1008.8316209014654,-671.0,0.0,0.0,1910.0,-50.6715,-64620.63201565009
t61,12797.260444332795,0.0,-1830.0,287.34594188839617,-316.90674680370535,0.0,0.0,3560.0,-39.019999999999996,-14458.679639417483,2182.580418369966,0.0,-240.0,18.64622182939404,-3.814926339630213,0.0,0.0,-733.7875633813444,-17.911,-1205.7131504783856,338.3227,0.0,-0.0,14.150851142667676,-16.192593950909,0.0,0.0,587.7057858379271,-11.386,-912.6007430296856,3827.9002135929954,0.0,-0.0,5.742468069127584,-5.742468069127584,0.0,0.0,-1940.5732490745922,-79.74457735813047,-1807.5823871602731,736.3289162009322,0.0,-0.0,3.22778560070872,-2.585271690876263,0.0,0.0,-519.9757317054139,-10.8,-206.19569840535084,14957.12444131608,0.0,-6424.879324237304,17.100362494589056,-3.493669384713984,0.0,0.0,-7358.752452773744,-69.4125,-1117.686857414905,2049.4835272540317,7.3974231703994064,-1707.2232174572919,31.677835590322502,-80.50545333705362,0.0,0.0,1789.3371141259422,-102.46132700112683,-1987.7059023452223,7869.431655650187,0.0,-0.0,113.39531396498437,-288.250972112062,0.0,0.0,-63.95390302877388,-20.67674964299636,-7609.94534483134,546.7815999999999,0.0,-0.0,38.62806221035509,-0.0,0.0,0.0,1804.8575327136227,-30.871,-2359.3961949239774,19144.071599830586,401.0107407398955,-2668.9892592601045,335.8323049027166,-953.311089789007,0.0,0.0,965.1424672863773,-19.512,-17204.244763710467,67475.21613616492,0.0,-5133.0,1049.791533354586,-1716.813401968655,0.0,0.0,1910.0,-50.6715,-63534.52276755086
t62,12280.202586040505,0.0,-1830.0,288.1823023274711,-49.42001057208183,0.0,0.0,3560.0,-39.019999999999996,-14209.944877795893,2163.077378702331,0.0,-240.0,3.627481568243838,-47.22748156824384,0.0,0.0,-669.5323077269421,-17.911,-1192.0340709753893,338.3227,0.0,-0.0,14.233057739235601,-2.749249188563751,0.0,0.0,563.4322599893709,-11.386,-901.8527685400427,3736.965204003088,0.0,-0.0,28.15037717675077,-70.86031436061968,0.0,0.0,-1826.4697335133583,-79.74457735813047,-1788.0409559477298,669.1411762009321,0.0,-0.0,3.2477099736450987,-1.253458173957735,0.0,0.0,-456.0941911915279,-10.800000000000011,-204.2412368090916,15279.941854838964,0.0,-6424.879324237304,17.199723696811837,-3.3220094361811987,0.0,0.0,-7694.541874463465,-69.4125,-1104.9858703988266,2017.0284845520716,0.0,-1714.6206406276913,31.85958205643512,-6.185810674268439,0.0,0.0,1739.6090969533016,-102.46132700112683,-1965.2293852587227,7444.96688380723,0.0,-0.0,114.04840253471147,-114.04840253471147,0.0,0.0,103.59674995262094,-20.67674964299636,-7527.886884116855,619.8896,0.0,-0.0,37.05938838781964,-9.736798362374579,0.0,0.0,1715.6883547502841,-30.871,-2332.029544775729,18842.299425570352,72.56269442934604,-2997.4373055706537,336.5414652445387,-153.38575227731258,0.0,0.0,858.2417360607583,-19.512,-16939.310263457028,65458.255483430316,1125.4727417936756,-4007.5272582063244,1053.262215857108,-3009.856618563229,0.0,0.0,2106.0699091889574,-50.6715,-62675.00497350051
t63,12565.346377359587,0.0,-1830.0,317.7769612579166,-556.5392530133058,0.0,0.0,3560.0,-39.019999999999996,-14017.564085604195,2310.372870039072,0.0,-240.0,20.602320007397598,-3.6540245327669285,0.0,0.0,-889.1010198265965,-17.911,-1180.3091456871068,338.3227,0.0,-0.0,4.205514752491952,-35.86936596167599,0.0,0.0,598.7632110294865,-11.386,-894.0360598203024,3549.9617491179115,0.0,-0.0,30.922711719163598,-5.500268507217588,0.0,0.0,-1724.208875554659,-79.74457735813047,-1771.4307394170678,675.68076,0.0,-0.0,3.569704695012446,-0.5106502309238969,0.0,0.0,-465.6530392512562,-10.8,-202.28677521283234,15298.823414421968,0.0,-6424.879324237304,5.081844443348566,-43.34631720369182,0.0,0.0,-7671.05123703786,-69.4125,-1095.2158803864584,1928.014667968391,357.0721924798934,-1357.548448147798,15.720461120337601,-6.231073413770973,0.0,0.0,1112.0953546596024,-102.46132700112683,-1946.6618276655274,6576.060775392103,0.0,-0.0,125.28174685871767,-22.27031794181107,0.0,0.0,799.1556059812833,-20.67674964299636,-7457.551060647297,610.5645999999999,0.0,-0.0,11.495245721999726,-98.21095251481212,0.0,0.0,1817.549283594918,-30.871,-2310.5271768021053,19439.56464098198,0.0,-3070.0,369.66524211116166,-961.8859626339129,0.0,0.0,952.450716405082,-19.512,-16710.28263686431,63848.22404088817,126.1600405991503,-5006.83995940085,1139.5382292452975,-251.31229076403727,0.0,0.0,1910.0,-50.6715,-61715.09856056774
t64,12179.869441053965,0.0,-1830.0,401.69337371055855,-401.69337371055855,0.0,0.0,3560.0,-39.019999999999996,-13870.84944105396,2330.257966068546,0.0,-240.0,25.9648080499328,-46.68256124275405,0.0,0.0,-876.2054527254022,-17.911,-1175.4237601503226,338.35125,0.0,-0.0,19.707870917051444,-35.436256941876756,0.0,0.0,578.8908414852574,-11.386,-890.1277054604321,3420.3738952687436,0.0,-0.0,24.328310260177936,-70.0400658706719,0.0,0.0,-1532.280466928698,-79.74457735813047,-1762.6370953714231,742.88662,0.0,-0.0,2.528112462923898,-8.223932636532268,0.0,0.0,-525.081255411689,-10.8,-201.3095444147027,12864.635606949429,1289.0464136248406,-5135.832910612464,23.815864117164146,-42.82297713810107,0.0,0.0,-7840.075610561832,-69.4125,-1089.3538863790377,1746.652479045032,0.0,-1714.6206406276913,44.093419030489386,-79.2565781192227,0.0,0.0,2043.4593164781108,-102.46132700112683,-1937.8666688055928,7634.778699808168,0.0,-0.0,157.86527581055174,-260.87670472745833,0.0,0.0,-88.70737233574744,-20.67674964299636,-7422.383148912519,477.4035999999999,0.0,-0.0,53.78370093231433,-110.0,0.0,0.0,1909.4596918829802,-30.871,-2299.7759928152936,17883.577427935554,565.2010081339185,-2504.7989918660815,473.1817414453473,-473.1817414453473,0.0,0.0,860.5403081170198,-19.512,-16785.00775232041,64841.03206980304,0.0,-5133.0,1402.4973909710627,-1521.5063018082092,0.0,0.0,1910.0,-50.6715,-61448.351658965905
t65,12892.995717260519,0.0,-1432.0671674343264,503.437324227128,-503.437324227128,0.0,0.0,2430.264766980832,-33.94655802924918,-13857.24675877778,2400.8055036361666,0.0,-240.0,32.97906549108145,-32.97906549108145,0.0,0.0,-965.5165892711303,-17.911,-1177.3779143650363,338.80925,0.0,-0.0,25.032301812523205,-25.032301812523205,0.0,0.0,563.6815440503998,-11.386,-891.1047940503997,3339.9958362374236,0.0,-0.0,49.48734434311124,-49.48734434311124,0.0,0.0,-1493.7058772653613,-79.74457735813047,-1766.5453816139318,814.70063,0.0,-0.0,5.727662562742029,-5.727662562742029,0.0,0.0,-602.5910855852974,-10.8,-201.3095444147027,7407.062481820374,2410.3785637101682,-4014.5007605271358,30.25017597694969,-30.25017597694969,0.0,0.0,-4641.242901620658,-69.4125,-1092.2848833827481,1400.7743177002797,785.9916108249989,-928.6290298026923,56.00219238098397,-56.00219238098397,0.0,0.0,786.100056577438,-102.46132700112685,-1941.7756282988971,7521.421694414664,0.0,-0.0,200.50583290635933,-200.50583290635933,0.0,0.0,-65.66227217714504,-20.67674964299638,-7435.082672594522,351.7025999999999,0.0,-0.0,68.31217386521837,-68.31217386521837,0.0,0.0,1979.735233019168,-25.79755802924918,-2305.6402749899185,15267.849890049743,0.0,-0.0,615.391813081866,-615.391813081866,0.0,0.0,1920.0,-19.512,-17168.337890049745,66950.69363563873,660.1039861351818,-4472.896013864818,1804.4747106337986,-2736.8299904862374,0.0,0.0,88.93712529175411,-50.6715,-62243.811953348435
t66,13617.30175106986,1059.7213350794775,-0.0,582.0654241292965,-529.2451163615328,0.0,0.0,-337.7019016468658,-4.390124721409255,-14387.751367548826,2400.566144848485,0.0,-0.0,38.384539320305315,-0.0,0.0,0.0,-1223.8414701504266,-13.304371969406152,-1201.804842048958,338.35525,0.0,-0.0,29.13546365898885,-0.0,0.0,0.0,544.305338946984,-2.1265753461897994,-909.6694772597831,3193.6612617491005,0.0,-0.0,57.597755770098736,-30.66499659560509,0.0,0.0,-1383.0213255237795,-35.852737603304476,-1801.7199577965102,892.9068600000002,0.0,-0.0,6.667437970180075,-0.0,0.0,0.0,-688.7296742635505,-4.6489253012789655,-206.19569840535084,2117.8012000000003,2569.6469396195216,-0.0,35.20863982736464,-0.0,0.0,0.0,-3588.7807458601123,-20.097172176816628,-1113.7788614099577,698.6608954175693,0.0,-0.0,65.17997193887017,-0.0,0.0,0.0,1250.067876850885,-32.0662811020585,-1981.8424631052658,7859.865400712538,0.0,-0.0,233.36720950190468,-160.77697205834198,0.0,0.0,-350.0,-0.84,-7581.615638156101,351.7025999999999,0.0,-0.0,79.50853582389638,-0.0,0.0,0.0,1947.7019016468657,-25.381124721409257,-2353.5319127493526,15436.205955839976,1025.3276259648442,-0.0,762.9084194421428,-0.0,0.0,0.0,1320.0,-9.702,-18534.740001246962,62282.85717009979,0.0,-0.0,2194.9860091081605,-1703.9402264869411,0.0,0.0,2510.0,-40.8615,-65243.04145272103
t67,14503.449015981227,1147.9909069564842,-0.0,533.5850689059275,-110.98002327561399,0.0,0.0,-497.36610380460115,-6.465759349459815,-15570.213105413963,2186.005144456567,187.22658344512234,-0.0,33.62585334466932,-43.90464928856105,0.0,0.0,-1083.734916548605,-12.926084274681234,-1266.291931134512,338.35125,0.0,-0.0,26.222828665599277,-0.0,0.0,0.0,597.5938307999033,-2.6669141173749003,-959.5009953481277,3191.0876580130584,0.0,-0.0,50.467833227363236,-35.241977337236506,0.0,0.0,-1270.2199355342966,-35.689392949033426,-1900.404185419855,969.84241,0.0,-0.0,5.828869008118255,-0.0,0.0,0.0,-753.6389787170017,-5.0870631063397616,-216.9452371847767,2140.5818200000003,2131.3536175464806,-0.0,30.840344268942367,-8.7,0.0,0.0,-3102.3498233182017,-17.37315901058193,-1174.3527994866397,784.0858954175693,769.8096408066467,-0.0,57.11564863929779,-16.2,0.0,0.0,522.3498233182017,-27.822159010581927,-2089.3388491711335,8140.735229288388,0.0,-0.0,205.9202581884433,-0.0,0.0,0.0,-350.0,-0.84,-7995.815487476832,351.7025999999999,0.0,-0.0,69.65679577351669,-19.7,0.0,0.0,2107.366103804601,-27.456759349459816,-2481.568740228657,15916.230137503053,1845.6339747889074,-0.0,657.8395059237748,-70.13945713516217,0.0,0.0,720.0,-19.512,-19050.052161080574,57792.2034899533,5133.0,-0.0,2025.4110155838753,-0.0,0.0,0.0,3110.0,-50.6715,-68009.94300553719
t68,14651.896768608123,969.5647987611574,-0.0,345.9408576764143,-122.2,0.0,0.0,-260.90967210592817,-3.3918257373770664,-15580.900927202389,2370.906894456567,240.0,-0.0,23.019808611468992,-0.0,0.0,0.0,-1327.668983778686,-13.584706256202452,-1292.6730130331478,338.35125,0.0,-0.0,13.740566666527375,-7.2,0.0,0.0,636.5026164925448,-2.3516660115932813,-979.0427671474787,3098.7981680130583,0.0,-0.0,34.56555658801169,-0.0,0.0,0.0,-1158.608497924812,-35.26817883131636,-1939.4870478449418,977.04357,0.0,-0.0,2.3480972456110365,-1.6,0.0,0.0,-750.8917567123777,-5.06851935780855,-221.8313911754248,2117.76766,3126.036441183603,-0.0,17.29723429997977,-0.0,0.0,0.0,-4039.7012340553138,-22.622326910709756,-1198.7777745175597,784.0890954175693,0.0,-0.0,39.124904976843325,-0.0,0.0,0.0,1343.4487628392549,-34.325359636186725,-2132.3374035974803,8167.438725893546,0.0,-0.0,140.0280821914555,-0.0,0.0,0.0,-143.08090686061013,-1.5228330073599865,-8162.8630682170315,351.7025999999999,0.0,-0.0,47.693939728691404,-0.0,0.0,0.0,2154.318370786352,-22.29977180207595,-2531.415138712967,16010.40348921982,1755.9957619259603,-0.0,414.1989498535636,-0.0,0.0,0.0,436.59130131957613,-17.428946064698884,-18599.76055625422,57668.38224617561,5133.0,-0.0,1386.2787558552604,-0.0,0.0,0.0,3110.0,-50.6715,-67246.98950203088
t69,13947.910969987504,0.0,-0.0,288.32680736288535,-129.84000566949305,0.0,0.0,1087.1694839447887,-20.74679670871775,-15172.820458916969,2562.05854,240.0,-0.0,19.314435799537094,-9.5,0.0,0.0,-1535.3439244983078,-14.14542859614543,-1262.3836227050845,338.3798,0.0,-0.0,14.654475046943638,-33.31912595071952,0.0,0.0,637.80963260167,-1.9321407096364016,-955.5926409882576,3014.5773580130585,0.0,-0.0,29.006815295337276,-14.3,0.0,0.0,-1099.179375745712,-35.56304150659195,-1894.5417560560918,1003.1552523808318,0.0,-0.0,3.327381334636205,-7.6,0.0,0.0,-777.6653859735,-5.249241355321125,-215.96800638664706,2094.9535,4771.740162587852,-0.0,17.708698033840676,-48.7,0.0,0.0,-5628.617300258553,-36.64025688144789,-1170.4448034816924,784.0890954175693,0.0,-0.0,32.83493071427167,-74.59321209526418,0.0,0.0,1375.954439258735,-35.78708323745944,-2082.498170057851,7925.7220409620295,0.0,-0.0,117.50472285336056,-57.9,0.0,0.0,-12.958085384332833,-1.9522383182317014,-7970.416440112825,351.7025999999999,0.0,-0.0,40.019403918653126,-14.122406298425563,0.0,0.0,2122.8305160552113,-27.657796708717747,-2472.77231696672,16038.114592372818,1200.3954256483798,-0.0,342.857252060132,-161.5,0.0,0.0,720.0,-19.512,-18120.35527008133,56904.38413531219,5107.642023901607,-0.0,1135.6904664012418,-449.6315113822394,0.0,0.0,3110.0,-50.6715,-65757.4136142328
t70,11887.808890419157,1830.0,-0.0,217.55562042278817,-112.66920944968587,0.0,0.0,751.4182770729117,-6.612480838241623,-14567.501097626928,2364.5958399999995,240.0,-0.0,15.469061379001861,-9.5,0.0,0.0,-1376.4791007183242,-13.716493571939475,-1220.3693070887389,338.3798,0.0,-0.0,11.012233659759975,-0.0,0.0,0.0,575.9205241930129,-1.9638403334442467,-923.3487175193286,3179.1882580130587,0.0,-0.0,23.232586801662976,-14.3,0.0,0.0,-1320.7270899261962,-37.33872183382725,-1830.0550330546982,1031.81664,0.0,-0.0,2.7312188035948837,-1.6,0.0,0.0,-818.2969635002286,-5.523504503626543,-209.1273907997397,2117.73412,1500.5664171932065,-0.0,14.182755201584769,-8.7,0.0,0.0,-2476.147484562389,-16.27096440018269,-1131.3648434322201,784.0890954175693,1714.6206406276913,-0.0,26.298986062568215,-16.2,0.0,0.0,-474.6735568709141,-22.975505931867026,-2011.1596593050479,7933.759203844119,0.0,-0.0,96.545851502392,-18.70103644419509,0.0,0.0,-301.0146056878729,-1.0016518012300195,-7709.587761413213,351.7025999999999,0.0,-0.0,32.879984654415566,-0.0,0.0,0.0,2020.1566093391677,-17.976348921357115,-2386.762845072226,16045.267437015,982.4012342985839,-0.0,274.0719135343096,-374.3441101138688,0.0,0.0,309.84339066083226,-16.497348921357116,-17220.7425164735,57137.48712612039,2504.0908216679645,-0.0,920.270515540748,-469.0870296159957,0.0,0.0,3110.0,-50.6715,-63152.089933713105
t71,11871.286614393804,1830.0,-0.0,166.56784386755595,-298.207267608542,0.0,0.0,0.0,-0.0,-13569.647190652817,2158.08184,240.0,-0.0,11.571359555644047,-0.0,0.0,0.0,-1241.3962886803795,-13.351769979437023,-1154.905140895828,338.3798,0.0,-0.0,8.778349066019635,-7.2,0.0,0.0,536.5900794404794,-2.0539404855474994,-874.4942880209514,3207.285287947767,0.0,-0.0,17.38307537246247,-0.0,0.0,0.0,-1454.9541819346596,-37.36630439358919,-1732.3478769919807,976.77405,0.0,-0.0,1.9878847229328058,-9.2,0.0,0.0,-766.98417035088,-5.17714314986844,-197.4006212221842,2094.91996,2280.2805838333225,-0.0,10.607804864573641,-40.0,0.0,0.0,-3256.7794782640794,-18.237965078278844,-1070.7909053555384,784.0890954175693,0.0,-0.0,19.67911468135368,-0.0,0.0,0.0,1131.3322861691995,-31.437223028942057,-1903.6632732391804,8007.060925685216,0.0,-0.0,0.0,-322.9,0.0,0.0,-387.8082463796805,-0.9647672130529457,-7295.387912092483,351.7025999999999,0.0,-0.0,23.978232548375694,-89.40042417454727,0.0,0.0,1990.6389132070217,-18.193303987928388,-2258.7260175929214,16026.713397067988,0.0,-0.0,192.62178243503257,-915.8256588895738,0.0,0.0,539.048443206405,-13.449415710568868,-15829.108548109285,56541.52893234694,0.0,-0.0,673.5352519232897,-949.0736943942516,0.0,0.0,2910.3126435865734,-47.40661172264048,-59128.89652173992
t72,13719.414117755661,0.0,-0.0,0.0,-830.9000000000001,0.0,0.0,-604.2382660440238,-7.85509745857231,-12276.420754253068,2167.05194,0.0,-0.0,7.748612920063601,-51.694483584990316,0.0,0.0,-1043.320901666864,-12.816966434500532,-1066.9682012337091,338.3798,0.0,-0.0,5.878520245149425,-33.1,0.0,0.0,499.1762228682161,-2.282279210206955,-808.0522639031585,3148.9486379477667,0.0,-0.0,11.63948588628316,-77.58432792266964,0.0,0.0,-1458.1584931038108,-24.402086500256807,-1600.4432163073122,964.5716117170687,0.0,-0.0,1.3321333185899262,-0.0,0.0,0.0,-777.9106886371181,-5.250897148300547,-182.74215925023984,2108.7923600000004,851.6502515226521,-0.0,7.103651658678681,-7.4128428620437585,0.0,0.0,-1959.4604535266546,-10.972978539749265,-989.6999882528835,784.0890954175693,0.0,-0.0,13.176545231549852,-87.80322463966769,0.0,0.0,1077.7026365424936,-28.133280565022346,-1759.0317719869224,7222.092882292318,0.0,-0.0,47.14866639623199,-280.236782131251,0.0,0.0,-248.8679540719664,-0.5972830897727194,-6739.53952939556,351.7025999999999,0.0,-0.0,0.0,-110.0,0.0,0.0,1870.9952050477066,-25.990731243774746,-2086.707073803932,14367.784268991207,0.0,-0.0,0.0,-1006.3,0.0,0.0,1176.8333602154623,-8.649725197583647,-14529.667904009086,56538.580046853014,0.0,-227.15234961436994,451.9875192938713,-3159.0,0.0,0.0,1467.2493323765593,-21.414200048822828,-55050.25034886026
t73,16024.23452289718,784.2594213797377,-1045.7405786202623,57.405890924781986,-562.668925732006,0.0,0.0,-3560.0,-39.019999999999996,-11658.47033084943,2112.3249516735127,240.0,-0.0,4.083510216978446,-19.30197812960799,0.0,0.0,-1292.2874439288064,-17.911,-1026.9080398320773,338.63675,0.0,-0.0,3.0976567195658973,-14.64782803416346,0.0,0.0,462.06193892876246,-11.386,-777.7625176141647,2432.4878211315927,0.0,-0.0,6.135298835742523,-28.97656849634575,0.0,0.0,-789.0601230038042,-79.74457735813047,-1540.8418511090545,900.4986767272965,0.0,-0.0,0.7005743657711778,-3.338148858959945,0.0,0.0,-711.1595585707752,-10.8,-175.90154366333246,2100.0270181369597,1166.7,-1221.373892644809,3.743209929802749,-17.70087494215643,0.0,0.0,-1010.3859332751484,-69.4125,-951.5970272046482,613.2710954175694,0.0,-1714.6206406276913,6.9460087417122764,-32.796181377050296,0.0,0.0,2926.1494649406413,-102.46132700112683,-1696.488420094054,8167.438725893546,0.0,-0.0,24.85144171388619,-117.39220332693858,0.0,0.0,-1583.3254554381645,-20.67674964299636,-6470.895759199332,351.7025999999999,0.0,-0.0,8.462286461308153,-39.98792873772898,0.0,0.0,1728.0071103472947,-30.871000000000002,-2017.313068070874,15948.156702614975,0.0,-1071.0597419907554,70.06407789917483,-865.6625628443657,0.0,0.0,720.0,-19.512,-14781.986475679028,56015.36048789022,0.0,-0.0,268.52337380778,-3132.2783621401572,0.0,0.0,3110.0,-50.6715,-56210.93399955785
t74,16469.9834048605,0.0,-1830.0,33.07435479840302,-313.6341691731594,0.0,0.0,-3387.733521086813,-39.019999999999996,-10932.670069398933,1971.5624390403552,102.85369460717871,-137.1463053928213,2.3087747855322247,-39.74612003451629,0.0,0.0,-920.4776093665622,-17.911,-961.4438736391666,338.63675,0.0,-0.0,1.751481485431528,-30.16696043325425,0.0,0.0,429.09572847364274,-11.386,-727.93099952582,2429.3182690901817,0.0,-0.0,3.468431294930605,-59.64909498126548,0.0,0.0,-851.2354045600068,-79.74457735813047,-1442.1576234857098,842.5385367272964,0.0,-0.0,0.39654943757775807,-6.894739993191802,0.0,0.0,-660.0883412877757,-10.8,-165.15200488390659,2077.2128581369598,1759.7108121830058,-4665.168512054299,2.1164984274103245,-36.45499904448565,0.0,0.0,1823.0189314793743,-69.4125,-891.0230891279662,613.2710954175694,1451.2549102272778,-263.36573040041327,3.9265872356368625,-67.50456958422959,0.0,0.0,-46.128931866527864,-102.46132700112668,-1588.9920340281865,8167.438725893546,0.0,-0.0,14.049464943912806,-241.6714220495453,0.0,0.0,-1862.4441092663142,-20.67674964299621,-6056.695909878602,351.7025999999999,0.0,-0.0,4.784291794254367,-82.33290868366808,0.0,0.0,1645.9932574809827,-30.871000000000002,-1889.2762405915694,15155.967348863851,0.0,-1490.0,41.053720175236634,-15.645923403581037,0.0,0.0,720.0,-19.512,-14391.863145635503,51682.85785962125,0.0,-0.0,156.04693778848966,-0.0,0.0,0.0,3110.0,-50.6715,-54898.23329740975
t75,14522.5759797238,0.0,-1830.0,16.15494844142437,-20.462947363504682,0.0,0.0,-2082.8787126970788,-39.019999999999996,-10566.36926810464,2050.252424,25.34948202429328,-214.65051797570672,1.132993959161411,-0.0,0.0,0.0,-918.881361340786,-17.911,-925.2920206669621,338.63675,0.0,-0.0,0.8594480410513051,-0.0,0.0,0.0,372.4623209656774,-11.386,-700.5725190067287,2440.2419690901816,0.0,-0.0,1.7023367367049294,-0.0,0.0,0.0,-973.7810408175405,-79.74457735813047,-1388.4186876512154,796.9949467272963,0.0,-0.0,0.1032436199845326,-0.0,0.0,0.0,-627.9868010502817,-10.8,-158.3113892969992,2054.40987813696,3399.97364196982,-3024.905682267484,1.0385563191321605,-0.0,0.0,0.0,-1503.2987710725133,-69.4125,-857.8051230859148,613.2742954175694,0.0,-1714.6206406276913,1.927305366116403,-0.0,0.0,0.0,2731.2607686004303,-102.46132700112668,-1529.3804017552964,8167.438725893546,0.0,-0.0,6.895376053555329,-0.0,0.0,0.0,-2323.5990958274115,-20.67674964299621,-5830.058256476693,351.7025999999999,0.0,-0.0,2.347941619006413,-0.0,0.0,0.0,1496.7026932395047,-30.871000000000002,-1819.882234858511,14247.359878943249,0.0,-522.5403378809453,20.44118568584232,-207.217636204372,0.0,0.0,720.0,-19.512,-14238.53109054377,51596.78046018315,0.0,-0.0,81.47775045109853,-121.39762817983907,0.0,0.0,3110.0,-50.6715,-54616.18908245441
t76,12178.665596665287,1830.0,-0.0,21.66846884012933,-0.0,0.0,0.0,-3560.0,-39.019999999999996,-10431.314065505416,1847.153024,42.28114091401258,-197.71885908598742,1.5187065059271458,-0.5407016129343556,0.0,0.0,-768.0547550938368,-17.911,-906.7275556271815,338.6653,0.0,-0.0,1.1519622216211365,-0.40979490664498536,0.0,0.0,357.8947228422395,-11.386,-685.9161901572156,2463.0156590901815,0.0,-0.0,2.282176030919679,-0.8138982173643459,0.0,0.0,-1025.6328187132067,-79.74457735813047,-1359.1065408324,878.3136067272964,0.0,-0.0,0.26012145344112525,-0.0,0.0,0.0,-712.3940312781272,-10.8,-155.37969690261033,2077.1793181369594,2544.8579716248623,-3880.0213526124417,1.3920247462727517,-0.4951688455293572,0.0,0.0,165.74184901229182,-69.4125,-839.2421420624155,613.2742954175694,0.0,-1714.6206406276913,2.5838899518654066,-0.922038539951217,0.0,0.0,2700.2545466081974,-102.4613270011269,-1498.1087258088621,8167.438725893546,0.0,-0.0,9.243774372209021,-3.295434040936757,0.0,0.0,-2447.6935240510093,-20.676749642996437,-5705.0167925308115,351.7025999999999,0.0,-0.0,3.147414809785344,-1.1212443973480848,0.0,0.0,1459.8840106734515,-30.871000000000002,-1782.7417810858885,15167.336388943248,0.0,-1570.67002785504,27.747317450274892,-0.0,0.0,0.0,720.0,-19.512,-14324.901678538481,52243.673331761034,0.0,-0.0,101.1900066945498,-340.55634041100996,0.0,0.0,3110.0,-50.6715,-55063.63549804458
t77,14171.580496285354,0.0,-1830.0,18.831005704014473,-0.0,0.0,0.0,-1875.5031340451883,-39.019999999999996,-10445.88836794418,2045.2252740000006,0.0,-240.0,1.3472332391967632,-0.0,0.0,0.0,-889.7505684708706,-17.911,-898.9109387683264,338.6653,0.0,-0.0,1.0215478965005638,-0.0,0.0,0.0,351.75281072090974,-11.386,-680.0536586174103,2534.193279090182,0.0,-0.0,2.0259377767185676,-0.0,0.0,0.0,-1108.1158858432686,-79.74457735813047,-1348.3587536655011,941.0119321818024,0.0,-0.0,0.2291440876888156,-0.0,0.0,0.0,-776.0386101650104,-10.8,-154.4024661044807,2097.199239161459,3196.5932213638293,-3228.286102873475,1.2344067404612837,-0.0,0.0,0.0,-1164.925115338519,-69.4125,-832.4031490537579,613.2742954175694,0.0,-1714.6206406276913,2.294337097492563,-0.0,0.0,0.0,2686.91794256938,-102.4613270011269,-1485.4046074556234,8167.438725893546,0.0,-0.0,8.204656224653977,-0.0,0.0,0.0,-2498.7941617982506,-20.676749642996437,-5656.172470676952,351.7025999999999,0.0,-0.0,2.7927532785098386,-0.0,0.0,0.0,1444.4567223708173,-30.871000000000002,-1768.081075649327,14342.312898943248,0.0,-368.96135130491297,24.687708180629336,-0.0,0.0,0.0,720.0,-19.512,-14698.52725581897,53665.37972439548,0.0,-0.0,101.86616121047122,-160.54531378119307,0.0,0.0,3110.0,-50.6715,-56666.02907182478
t78,15016.030306238044,0.0,-1830.0,45.69586593144108,-72.45829714318512,0.0,0.0,-2345.951892128616,-39.019999999999996,-10774.295982897685,2244.6797239999996,138.0043530268046,-101.99564697319539,3.146970512240517,-1.7487960909527511,0.0,0.0,-1351.5855862035746,-17.911,-912.5900182713227,338.6653,0.0,-0.0,2.38696407679459,-1.3254033531431377,0.0,0.0,362.46077238340183,-11.386,-690.8016331070532,2568.8701890901816,0.0,-0.0,4.729237863352947,-2.6323983263815096,0.0,0.0,-1123.3222663909778,-79.74457735813047,-1367.9001848780447,881.6269421818024,0.0,-0.0,0.5387249921424314,-0.2945340784762528,0.0,0.0,-714.7142053947287,-10.8,-156.35692770073996,2119.979859161459,1414.3370026219632,-5010.542321615341,2.884389541232274,-1.6015290517146243,0.0,0.0,2389.4592354122337,-69.4125,-845.1041360698364,613.2742954175694,1407.4366951173308,-307.1839455103605,5.354563050763266,-2.982157544572059,0.0,0.0,-104.57975911415474,-102.4613270011269,-1508.858364415449,8167.438725893546,0.0,-0.0,19.155186709372714,-10.658451964859399,0.0,0.0,-2418.0046660407024,-20.676749642996437,-5737.254044954359,351.7025999999999,0.0,-0.0,6.5220039928475035,-7.166865309953511,0.0,0.0,1476.238367477119,-30.871000000000002,-1796.4251061600125,15262.289408943247,0.0,-102.76410774090027,62.907731832364064,-61.787435444241,0.0,0.0,720.0,-19.512,-15861.13359759047,56892.211215206305,889.107827838323,-0.0,232.91993876027328,-0.0,0.0,0.0,3110.0,-50.6715,-61073.56748180491
t79,14852.170049717504,0.0,-1830.0,135.34163679394163,-0.0,0.0,0.0,-1379.3768821675153,-39.019999999999996,-11739.11480434393,2043.6399240000005,0.0,-240.0,9.193981002420553,-0.0,0.0,0.0,-830.5478000411838,-17.911,-964.3751049612372,338.6653,0.0,-0.0,6.972864173045484,-0.0,0.0,0.0,395.63301253270953,-11.386,-729.885176705755,2584.57501,0.0,-0.0,13.819640676775855,-0.0,0.0,0.0,-1072.5841635904271,-79.74457735813047,-1446.0659097282185,984.1148021818025,0.0,-0.0,1.5705321093788756,-0.0,0.0,0.0,-809.7333294072746,-10.8,-165.15200488390659,2113.8822800000003,2071.4364490651583,-4353.442875172146,8.425902278487381,-0.0,0.0,0.0,1121.1108319577029,-69.4125,-892.000088129203,613.2742954175694,1714.6206406276913,-0.0,15.648124478806206,-0.0,0.0,0.0,-644.2717805081477,-102.46132700112683,-1596.8099530147952,8167.438725893546,0.0,-0.0,55.97211575399028,-0.0,0.0,0.0,-2151.899500748402,-20.67674964299636,-6050.834591256138,374.0825999999999,0.0,-0.0,19.055734055593565,-0.0,0.0,0.0,1541.6696119725375,-30.871000000000002,-1903.936946028131,16339.437622019577,673.3330893130528,-0.0,194.56668491901664,-0.0,0.0,0.0,720.0,-19.512,-17907.825396251646,64066.40102251526,0.0,-0.0,711.1626257103447,-0.0,0.0,0.0,3110.0,-50.6715,-67836.89214822561
t80,12267.36929124061,163.30342905562884,-1666.6965709443712,240.54703822908013,-98.5059717454559,0.0,0.0,2748.3161224587916,-39.019999999999996,-13615.313338294281,2041.3800300000003,0.0,-240.0,15.65643107153541,-2.2608903947394525,0.0,0.0,-710.3548272959497,-17.911,-1086.5097433808467,338.6653,0.0,-0.0,11.875682439052998,-1.7142748132788732,0.0,0.0,485.26788512689745,-11.386,-822.7085927526716,2677.93112,0.0,-0.0,23.52692152476645,-3.4001176871013494,0.0,0.0,-988.5579833534075,-79.74457735813033,-1629.7553631261273,976.56184,0.0,-0.0,2.6817857837490457,-0.3842706597339889,0.0,0.0,-781.4082726812567,-10.8,-186.65108244275834,2091.0681200000004,4864.403441612301,-1166.7,14.350511559264104,-2.071472002240472,0.0,0.0,-4726.306128896654,-69.4125,-1005.3319722726724,613.2774954175694,1714.6206406276913,-0.0,26.6372237113116,-3.850665603628432,0.0,0.0,-449.1247603585257,-102.46132700112669,-1799.098606793291,7828.312405036737,0.0,-0.0,95.29408239680721,-13.769608013552022,0.0,0.0,-1069.5159125411042,-20.67674964299636,-6819.64421723589,502.7675999999999,0.0,-0.0,32.446798371407404,-19.7,0.0,0.0,1661.6838775412084,-30.871000000000002,-2146.3272759126157,17559.629757479273,301.4909878844285,-0.0,314.73178368257027,-0.0,0.0,0.0,720.0,-19.512,-18876.34052904627,68423.75684783686,0.0,-0.0,1142.8661780566522,-605.2441754828741,0.0,0.0,3110.0,-50.6715,-72020.70735041065
t81,13561.768592903438,0.0,-1830.0,240.14090319496032,-0.0,0.0,0.0,2643.3561829917885,-39.019999999999996,-14576.245679090187,2223.5382286468525,0.0,-240.0,15.553914297937247,-6.1837577179795336,0.0,0.0,-789.8028540029195,-17.911,-1185.1945312238913,338.98905,0.0,-0.0,11.79996002158541,-4.687579982334525,0.0,0.0,562.2518955509543,-11.386,-896.967325590205,3216.6147703282218,0.0,-0.0,23.364485250735967,-9.304305750114324,0.0,0.0,-1373.6372036898824,-79.74457735813047,-1777.2931687808307,939.45043,0.0,-0.0,2.6736099779223457,-1.0458142891552116,0.0,0.0,-727.0142196778052,-10.8,-203.26400601096196,10723.350913936758,-2.5008954329953597e-13,-3136.1152561565614,14.259161105169735,-5.664229540468095,0.0,0.0,-6429.248210955971,-69.4125,-1097.1698783889321,1371.3689958917698,0.0,-0.0,26.45003703260722,-10.53902991347053,0.0,0.0,675.5245098823125,-102.46132700112683,-1960.3431858920924,7570.542368536044,0.0,-0.0,94.64341479185751,-37.67603386461252,0.0,0.0,-158.0739171066891,-20.67674964299636,-7448.759082713603,591.9146,0.0,-0.0,26.974268854830342,-19.7,0.0,0.0,1766.6438170082115,-30.871000000000002,-2334.9616858630416,19315.72496312063,0.0,-1490.0,291.1655680940907,-123.48373860671418,0.0,0.0,720.0,-19.512,-18693.894792608004,65823.5120635561,1440.0,-0.0,1050.5992155841386,-0.0,0.0,0.0,3110.0,-50.6715,-71373.43977914024
t82,13910.433866356569,0.0,-1830.0,191.11315672696728,-122.2,0.0,0.0,2602.9170989310464,-39.019999999999996,-14713.24412201458,2309.3597949140817,0.0,-240.0,12.322218427725932,-9.880528833746405,0.0,0.0,-838.4065629561069,-17.911,-1215.4839215519544,338.69385,0.0,-0.0,9.350101408275485,-7.488887715527662,0.0,0.0,591.2483880566783,-11.386,-920.417451749426,3020.675235546393,0.0,-0.0,18.502290712996192,-14.87079325061961,0.0,0.0,-1120.3695519597036,-79.74457735813047,-1824.1926036909351,759.5418399999999,0.0,-0.0,2.126684912065165,-1.6,0.0,0.0,-541.118364910455,-10.8,-208.1501600016101,14888.611217803598,388.5634532989852,-6036.315870938319,11.298872461878396,-9.049109021785693,0.0,0.0,-8047.216215178322,-69.4125,-1126.4798484260361,1794.9950508987652,0.0,-1714.6206406276913,20.94273650443035,-16.845851690303533,0.0,0.0,2027.1952114743217,-102.46132700112683,-2009.2051795583957,7972.150036190796,0.0,-0.0,74.95458618483266,-60.21284726933022,0.0,0.0,-311.33290452641245,-20.67674964299636,-7654.882120936891,588.9305999999999,0.0,-0.0,25.529865453022193,-0.0,0.0,0.0,1807.0829010689536,-30.871000000000002,-2390.6723665219756,19852.303804562558,0.0,-2261.8900989164144,228.0256071578628,-158.86939963623036,0.0,0.0,720.0,-19.512,-18360.057913167773,66771.0263419465,0.0,-0.0,794.6883726124124,-1009.8383889877439,0.0,0.0,3110.0,-50.6715,-69615.20482557117
t83,12385.307421947966,815.3800884816391,-1014.6199115183609,202.72809160297356,-84.31640897655036,0.0,0.0,2464.302383240847,-39.019999999999996,-14729.761664778513,2186.514083052012,0.0,-240.0,13.203614351076357,-10.978372463728121,0.0,0.0,-697.7570154549828,-17.911,-1233.0713094843782,338.69385,0.0,-0.0,3.28285980221364,-8.322342397922036,0.0,0.0,611.82832460468,-11.386,-934.0966920089717,2496.76863,0.0,-0.0,16.28936348912916,-16.517558695592182,0.0,0.0,-566.222321607537,-79.74457735813047,-1850.573535827869,694.62098,0.0,-0.0,1.8712197315019643,-1.924028666532257,0.0,0.0,-472.6863186689707,-10.8,-211.08185239599894,17184.722474107202,0.0,-6424.879324237304,9.946666877744983,-10.056305012594605,0.0,0.0,-9547.232180287989,-69.4125,-1143.088831447062,2029.7328972315534,178.90721296498054,-1535.7134276627107,18.438275844645315,-18.70916427330002,0.0,0.0,1468.327908654136,-102.46132700112683,-2038.5223757581778,6943.018928002167,0.0,-0.0,80.30732801161432,-199.16704793068016,0.0,0.0,963.7416027606623,-20.67674964299636,-7767.224061200768,565.8045999999999,0.0,-0.0,25.275473143291645,-81.02601069515757,0.0,0.0,1945.6976167591529,-30.871000000000002,-2424.880679207286,19213.254195141846,620.2530557597688,-2449.746944240231,241.77748473150146,-193.05459272805518,0.0,0.0,720.0,-19.512,-18132.971198664825,64954.821737765196,0.0,-0.0,796.8199312768459,-671.0,0.0,0.0,3110.0,-50.6715,-68139.97016904203
t84,13673.386149224014,448.04473606129113,-1381.9552639387089,223.70223352658275,-759.5401384819997,0.0,0.0,2526.279141883961,-39.019999999999996,-14690.896858275139,1995.962590812988,0.0,-240.0,16.1905614735023,-26.846402546655295,0.0,0.0,-487.48490050395844,-17.911,-1239.9108492358764,338.69385,0.0,-0.0,12.286411910129877,-13.41345525397858,0.0,0.0,611.8242397126905,-11.386,-938.0050463688418,3322.677215636496,0.0,-0.0,24.30659933207076,-26.551866865276384,0.0,0.0,-1381.320190871646,-79.74457735813047,-1859.3671798735136,627.43626,0.0,-0.0,2.798975221420477,-3.044519813545721,0.0,0.0,-404.33163221374616,-10.8,-212.05908319412856,17547.261019648442,0.0,-6424.879324237304,14.847251423930654,-16.209011780023264,0.0,0.0,-9903.6336086018,-69.4125,-1147.973826453246,2131.7176586901887,0.0,-1714.6206406276913,27.511005090088055,-30.056392634348022,0.0,0.0,1735.227231101001,-102.46132700112683,-2047.3175346181124,6180.162114607144,0.0,-0.0,98.47201557308146,-38.44606391959914,0.0,0.0,1589.7188613774588,-20.67674964299636,-7809.230177995088,555.7335999999999,0.0,-0.0,33.54247485009513,-7.471450134473227,0.0,0.0,1883.720858116039,-30.870999999999995,-2434.65448283166,19335.725790615732,518.5866200864535,-2551.4133799135466,280.2515258917982,-477.71104514164836,0.0,0.0,720.0,-19.512,-17805.927511538786,62558.799269447736,0.0,-0.0,934.0113037595378,-113.03893265866282,0.0,0.0,3110.0,-50.6715,-66439.10014054862
t85,13892.326075716162,0.0,-1830.0,264.6443802614632,-220.05605410817503,0.0,0.0,2495.720215107143,-39.019999999999996,-14563.61461697659,2211.3139889252566,0.0,-240.0,8.043979243021578,-0.0,0.0,0.0,-726.4215044691864,-17.911,-1235.025463699092,338.69385,0.0,-0.0,13.065045619314198,-0.0,0.0,0.0,594.7008849796251,-11.386,-935.0737805989392,3285.837257582226,0.0,-0.0,25.839380054826385,-0.0,0.0,0.0,-1378.4273097691707,-79.74457735813047,-1853.5047505097505,821.58947,0.0,-0.0,2.981826696136702,-0.0,0.0,0.0,-601.7122135020081,-10.8,-212.05908319412856,17140.609484513974,12.489502118459313,-6412.389822118845,15.788267905585338,-0.0,0.0,0.0,-9542.04210296964,-69.4125,-1145.0428294495355,2151.4573938762887,0.0,-1714.6206406276913,29.243845467258794,-0.0,0.0,0.0,1676.8575837901008,-102.4613270011269,-2040.47685550483,6228.753955291558,0.0,-0.0,104.68614947931768,-265.0,0.0,0.0,1737.0446619402792,-20.676749642996437,-7784.808017068158,567.6696,0.0,-0.0,35.662244349764364,-60.882569672898214,0.0,0.0,1914.2797848928572,-30.871000000000002,-2425.858059569723,18795.856403643127,342.5587505184817,-2727.4412494815183,308.2241009947135,-0.0,0.0,0.0,720.0,-19.512,-17419.6860056748,61816.5272077292,0.0,-131.65266105258982,976.783298708424,-841.2560848098874,0.0,0.0,3110.0,-50.6715,-64879.73026057516
t86,13217.36616930357,0.0,-1830.0,270.86312690338485,-0.0,0.0,0.0,2683.0394970344532,-39.019999999999996,-14302.248793241406,2003.3926324211468,0.0,-240.0,17.723551962842418,-0.0,0.0,0.0,-541.8588001878941,-17.911,-1221.3463841960956,338.69385,0.0,-0.0,13.450698204804075,-33.1,0.0,0.0,616.6672579044921,-11.386,-924.3258061092962,3209.197930319243,0.0,-0.0,26.60411362734158,-65.4,0.0,0.0,-1258.6482904125019,-79.74457735813047,-1832.0091761759525,758.2013299999999,0.0,-0.0,3.068400311545829,-7.6,0.0,0.0,-533.7423395118061,-10.8,-209.1273907997397,17333.319028760445,0.0,-6424.879324237304,16.25427966109716,-40.0,0.0,0.0,-9683.91664075202,-69.4125,-1131.3648434322201,2141.3952820212107,0.0,-1714.6206406276913,30.10986730749346,-74.0,0.0,0.0,1736.599916845118,-102.46132700112668,-2017.0230985450044,6181.952204357433,0.0,-0.0,107.78322759092799,-0.0,0.0,0.0,1424.8988961146133,-20.67674964299621,-7693.957578419979,672.1095999999999,0.0,-0.0,36.716485226205,-7.4015591327140955,0.0,0.0,1726.9605029655468,-30.870999999999995,-2397.5140290590375,20268.892217397766,0.0,-3070.0,56.91488101115633,-811.2481534364064,0.0,0.0,720.0,-19.512,-17145.046944972517,63198.154470293346,0.0,-1440.0,925.9874016816971,-2166.8799927020336,0.0,0.0,3110.0,-50.6715,-63576.59037927302
t87,13734.462100106979,0.0,-1830.0,290.6644482265914,-708.7,0.0,0.0,2687.7235769433314,-39.019999999999996,-14135.130125276899,2212.2186830749833,0.0,-240.0,18.895747108464885,-46.816414269488064,0.0,0.0,-714.8114027914339,-17.911,-1211.5756131225269,338.7224,0.0,-0.0,7.15619519106796,-2.437703446348845,0.0,0.0,585.4312942348043,-11.386,-917.4861859795234,3248.998222007571,0.0,-0.0,4.385182944316918,-4.84154990038729,0.0,0.0,-1351.4441749268249,-79.74457735813047,-1817.353102766545,885.3865900000001,0.0,-0.0,0.49064983992357125,-0.5417118769664099,0.0,0.0,-667.3625987594767,-10.8,-207.17292920348046,16092.085972711777,339.17833453286585,-6085.700989704438,2.6679085045844184,-2.9455583310048534,0.0,0.0,-9153.301315292698,-69.4125,-1122.571852421089,2073.129255411075,336.1844838535958,-1378.4361567740955,4.967829629226158,-5.4848327542849,0.0,0.0,1072.510768334073,-102.4613270011269,-2000.4100206984613,5620.041238750863,0.0,-0.0,66.60567243364662,-19.60319854772196,0.0,0.0,1988.9774292015563,-20.676749642996437,-7635.344392195347,653.4595999999999,0.0,-0.0,39.14252490767954,-6.04112615405897,0.0,0.0,1722.2764230566686,-30.871000000000002,-2377.966421810289,19473.87959456945,0.0,-3070.0,338.3884770572034,-543.234506009886,0.0,0.0,720.0,-19.512,-16899.521565616767,62997.2265318067,0.0,-1440.0,203.81697216577203,-2362.397663674896,0.0,0.0,3110.0,-50.6715,-62457.97434029758
t88,13137.833350201563,141.2384381354077,-1688.7615618645923,366.5582039024662,-382.5234988084899,0.0,0.0,2469.6080919242454,-39.019999999999996,-14004.9330234906,2240.4898973797744,0.0,-240.0,23.831292621230507,-52.50533184605905,0.0,0.0,-748.1917076765608,-17.911,-1205.7131504783856,338.7224,0.0,-0.0,18.089004999682473,-39.849304135960544,0.0,0.0,607.0246421659638,-11.386,-912.6007430296856,3192.6273004406576,0.0,-0.0,35.75969060888104,-78.80486793669942,0.0,0.0,-1261.2780870338074,-79.74457735813047,-1808.5594587209005,1032.65545,0.0,-0.0,4.139806011055748,-9.099845363546788,0.0,0.0,-810.6997122421582,-10.8,-206.19569840535084,12510.384678637043,2410.3785637101682,-4014.5007605271358,21.859593624805978,-48.15540916428566,0.0,0.0,-9693.844307866926,-69.4125,-1116.7098584136681,1867.103087154077,785.9916108249989,-928.6290298026923,40.46702672766513,-89.18593430591122,0.0,0.0,418.3294282415163,-102.46132700112683,-1991.6148618385266,4544.6286128420115,0.0,-0.0,144.88675406877476,-319.2756540933494,0.0,0.0,3248.6597444119725,-20.67674964299636,-7598.222707586413,504.6325999999999,0.0,-0.0,49.36327086205664,-95.32416075189676,0.0,0.0,1940.3919080757546,-30.870999999999995,-2368.1926181859144,17711.35405464911,0.0,-1490.0,434.0442207809617,-434.0442207809617,0.0,0.0,720.0,-19.512,-16921.842054649107,58761.89517195771,0.0,-0.0,1294.4224225301384,-1294.4224225301384,0.0,0.0,3110.0,-50.6715,-61821.22367195772
t89,11683.791574657458,1830.0,-0.0,462.9188618689349,-536.0946083992826,0.0,0.0,592.6493735750628,-39.019999999999996,-13994.245201702171,2297.9121237769837,240.0,-0.0,30.570056915576146,-30.570056915576146,0.0,0.0,-1310.379664869171,-17.911,-1209.6214589078131,339.1212,0.0,-0.0,23.204481602194345,-23.204481602194345,0.0,0.0,588.7738973895559,-11.386,-916.5090973895559,2973.6185752103656,0.0,-0.0,45.86956518939222,-45.86956518939222,0.0,0.0,-1078.4750382069449,-79.74457735813047,-1815.3989596452907,1037.7651099999998,0.0,-0.0,5.312518750830553,-5.312518750830553,0.0,0.0,-819.7921807965195,-10.8,-207.17292920348046,9619.18246870742,3077.4320366513425,-3347.4472875859615,28.041407135895987,-28.041407135895987,0.0,0.0,-8159.136863354186,-69.4125,-1120.6178544186155,1501.9658003749591,785.9916108249989,-928.6290298026923,51.90701081506637,-51.90701081506637,0.0,0.0,741.5884865556695,-102.4613270011269,-1998.455540951809,4113.288337423253,0.0,-0.0,185.85034130945792,-185.85034130945792,0.0,0.0,3530.0332807330865,-20.676749642996437,-7622.644868513344,355.8055999999999,0.0,-0.0,63.32077998943864,-96.00504751503314,0.0,0.0,2084.7387089734466,-30.870999999999995,-2376.9890414478514,15188.438851789655,1490.0,-0.0,569.1417158549741,-569.1417158549741,0.0,0.0,720.0,-19.512,-17378.926851789656,59406.294496974326,0.0,-0.0,1672.8904223988811,-1672.8904223988811,0.0,0.0,3110.0,-50.6715,-62465.622996974336
t90,12574.540786906526,1830.0,-0.0,538.3976312667428,-43.772547068873564,0.0,0.0,-433.87424632214083,-5.640365202187831,-14459.651259580067,2098.2117508092797,240.0,-0.0,35.9499343751621,-0.0,0.0,0.0,-1128.0446551312098,-13.045720568854266,-1233.0713094843782,484.0474,0.0,-0.0,27.288051127653898,-0.0,0.0,0.0,423.5334446102298,-1.749292318879612,-933.1196034190041,3278.01729,0.0,-0.0,53.942241058229534,-0.0,0.0,0.0,-1462.4853967458994,-19.87767004508829,-1849.5964642672418,1062.84957,0.0,-0.0,6.247094813566434,-0.0,0.0,0.0,-852.2620436231116,-5.752768794456003,-211.08185239599894,2113.24168,5984.813969925919,-0.0,32.97618251990525,-0.0,0.0,0.0,-6950.0,-38.92,-1142.111832445825,803.9753508020885,0.0,-0.0,61.04235060234611,-0.0,0.0,0.0,1251.5721295016065,-79.04469502118862,-2037.5451358848518,2882.044545374784,0.0,-0.0,218.5582415456758,-119.91428688507924,0.0,0.0,4800.391888057653,-17.76387264057542,-7763.3165154524595,351.7025999999999,0.0,-0.0,74.46445273579232,-6.831761221634045,0.0,0.0,2031.168879652872,-26.600872322181587,-2423.9032988448485,14405.568269656049,1660.635776963581,-0.0,697.1186085969581,-0.0,0.0,0.0,1920.0,-19.512,-18663.81065521659,62817.61970133287,219.9549844765888,-0.0,2032.9054476011115,-237.4354715657425,0.0,0.0,400.0,-22.509999999999998,-65210.534661844824
t91,13665.084545105055,1830.0,-0.0,482.33948092565015,-0.0,0.0,0.0,-500.52703248304033,-6.760764879888746,-15470.136228667776,2285.6556100000003,240.0,-0.0,31.686517568125595,-0.0,0.0,0.0,-1265.9073213776117,-13.41794976771955,-1278.0168564227945,629.3723999999999,0.0,-0.0,24.048762203121743,-2.496887350038839,0.0,0.0,318.3375109730506,-0.9669931682978865,-968.2947926578356,3909.853172089761,0.0,-0.0,47.557861205853406,-0.0,0.0,0.0,-2003.932245710261,-35.48731407420868,-1917.991473511144,1071.7541099999999,0.0,-0.0,5.4919035013509605,-0.5548638555641864,0.0,0.0,-852.0401796520991,-5.751271212651669,-218.89969878103594,2113.4943278877436,5382.812004952474,-0.0,27.87887628905782,-0.0,0.0,0.0,-6304.718723080816,-35.34369654945208,-1184.1227894990077,832.1626770878477,1276.0292235076918,-0.0,51.62062701657142,-0.0,0.0,0.0,27.577516311243016,-75.57467766572108,-2111.815366257633,2706.164858788208,0.0,-0.0,184.80932011954417,-0.0,0.0,0.0,5181.571795281061,-19.0941869244275,-8053.4517872643855,351.7025999999999,0.0,-0.0,65.63976037316908,-0.0,0.0,0.0,2122.17443879539,-27.64926770434007,-2511.867531464218,13692.875492978492,3070.0,-0.0,602.0414768611702,-50.37528112874088,0.0,0.0,1920.0,-19.512,-19215.02968871092,65125.31353633644,0.0,-0.0,1871.566039252267,-0.0,0.0,0.0,1357.4642409430833,-40.3667080935885,-68313.97710843821
t92,13036.687243590459,1830.0,-0.0,307.6849114855146,-0.0,0.0,0.0,317.9089246251689,-15.343509895273677,-15476.937569805867,2391.4962908280786,240.0,-0.0,18.375071091216366,-8.630626338764742,0.0,0.0,-1334.9633215791193,-13.604400968263622,-1292.6730130331478,629.4009499999999,0.0,-0.0,15.582896536623046,-0.0,0.0,0.0,334.96332157911934,-0.9044009682636223,-979.0427671474787,3998.118382089761,0.0,-0.0,27.58132948066151,-12.99136385729851,0.0,0.0,-2050.031769703231,-23.189530164950835,-1939.4870478449418,1010.9047400000001,0.0,-0.0,3.5459418595065193,-0.0,0.0,0.0,-787.3049820552092,-5.314308628872662,-221.8313911754248,2136.2749478877436,5288.756439076379,-0.0,18.830749382628436,-8.7,0.0,0.0,-6199.783662096574,-37.577698733854696,-1197.800775516323,832.1626770878477,1714.6206406276913,-0.0,34.900085507584365,-16.2,0.0,0.0,-351.6763448511674,-77.56069528117011,-2136.2463630907846,2532.263978465806,0.0,-0.0,124.91171253421777,-57.9,0.0,0.0,5565.38731304559,-20.360778133050445,-8144.302225912565,351.7025999999999,0.0,-0.0,42.5463800569587,-11.065432344014946,0.0,0.0,2185.5005210354216,-28.47250677346048,-2540.211561974904,13509.243243780698,3070.0,-0.0,349.0569390662345,-0.0,0.0,0.0,1920.0,-19.512,-18828.788182846933,66336.36067645447,0.0,-0.0,1262.9669957258443,-374.16563468032587,0.0,0.0,400.0,-22.509999999999998,-67602.65203749998
t93,13503.477984339961,1830.0,-0.0,258.4690648818466,-72.78555201645597,0.0,0.0,-448.16939985227907,-6.993096645548041,-15063.999000707523,2330.9145006061794,240.0,-0.0,17.33057683033376,-0.0,0.0,0.0,-1317.190426117696,-13.556414150517778,-1257.4982371683002,629.4009499999999,0.0,-0.0,13.149324661209157,-7.2,0.0,0.0,317.19042611769606,-0.8564141505177795,-951.6842866283874,4062.016082089761,0.0,-0.0,26.02714240166369,-0.0,0.0,0.0,-2160.1173550175245,-42.177757463452096,-1885.7481120104471,979.90635,0.0,-0.0,2.9859187772885316,-1.6,0.0,0.0,-760.1929599112407,-5.131302479400874,-215.96800638664706,2113.4607878877437,6086.850474185672,-0.0,15.889855593796625,-8.7,0.0,0.0,-7003.527268232496,-39.391039960445966,-1164.5828094742717,832.1626770878477,1336.5730069670826,-0.0,29.46191487646616,-16.2,0.0,0.0,-26.967655952217683,-77.41797228795846,-2077.6119706912204,2431.879234117743,0.0,-0.0,105.43449837875866,-57.9,0.0,0.0,5457.277970880983,-20.004017303907244,-7916.687686073578,351.7025999999999,0.0,-0.0,35.908725204610725,-0.0,0.0,0.0,2111.696668084775,-27.51305668510208,-2471.794936604283,14944.814508037969,1490.0,-0.0,311.4442349198936,-161.5,0.0,0.0,1920.0,-19.512,-18485.24674295786,63797.69772683456,0.0,-0.0,1046.908651146701,-0.0,0.0,0.0,1910.0,-50.6715,-66703.93487798126
t94,13824.866863733268,1830.0,-0.0,212.97726308629404,-616.8250841978692,0.0,0.0,-660.3589758696941,-8.584666686306024,-14582.075400065694,2227.6387835249234,240.0,-0.0,14.530434837283302,-42.155430232749744,0.0,0.0,-1205.4127894019766,-13.254614531385336,-1221.3463841960956,629.4009499999999,0.0,-0.0,11.024096433275373,-30.47294917377537,0.0,0.0,315.45100490482,-1.0772960550238428,-924.3258061092962,4031.383572089761,0.0,-0.0,21.82459457887505,-63.283145349124624,0.0,0.0,-2116.1068664709783,-41.8089786725805,-1832.0091761759525,985.0041600000001,0.0,-0.0,2.5004339312703743,-6.954849934926761,0.0,0.0,-766.2501645856509,-5.172188610953143,-209.1273907997397,2090.6466278877438,5498.937616756232,-0.0,13.32164628209199,-40.0,0.0,0.0,-6395.7249875634925,-35.81605993035556,-1131.3648434322201,832.1626770878477,1714.6206406276913,-0.0,24.705824500065383,-74.0,0.0,0.0,-409.11798118737715,-72.32530235654977,-2016.0458586716782,2429.4388,0.0,-0.0,88.40785381434745,-78.56481888736758,0.0,0.0,5276.220296263734,-18.613893459503572,-7696.88823773121,351.7025999999999,0.0,-0.0,30.108202557748026,-87.33269151415828,0.0,0.0,2131.300463910615,-29.241926257604234,-2396.5366486966,13679.962831573946,2015.5775309814062,-0.0,255.51058309300362,-0.0,0.0,0.0,1920.0,-19.512,-17851.538945648354,63706.41319663058,0.0,-0.0,875.6380871361847,-1124.7200105319678,0.0,0.0,1910.0,-50.6715,-65316.6597732348
t95,12472.644477913103,1830.0,-0.0,152.33776281020906,-36.841247176424034,0.0,0.0,-589.1847786621203,-7.659402122607564,-13821.296812762159,2178.081213701236,240.0,-0.0,10.478122257075995,-0.0,0.0,0.0,-1247.5837166319388,-13.368476034906234,-1167.6071432914675,629.4009499999999,0.0,-0.0,7.948983323594442,-0.0,0.0,0.0,247.58371663193876,-0.6684760349062346,-884.2651739206269,4059.416638868408,0.0,-0.0,15.740784687547745,-0.0,0.0,0.0,-2280.1836107961176,-43.08450455531354,-1751.8893082045242,975.4538029405342,0.0,-0.0,1.8000455417295964,-0.0,0.0,0.0,-771.7124756550193,-5.20905921067138,-200.3323136165731,2103.2840218630413,4503.800544730384,-0.0,9.605594325154604,-5.035964193316947,0.0,0.0,-5498.348551466669,-30.790751888213343,-1082.51489337038,832.1626770878477,1714.6206406276913,-0.0,17.8199122355969,-9.377312635831556,0.0,0.0,-559.6124217133338,-67.51922552963826,-1928.0942700723322,2429.4388,0.0,-0.0,63.76096923930146,-33.51520997621279,0.0,0.0,4917.964813800342,-16.81006968677667,-7360.839303376655,351.7025999999999,0.0,-0.0,21.71283274484735,-4.480563809368125,0.0,0.0,1951.0770244929167,-28.054943512601476,-2291.956949915794,13314.426531320434,2238.4204173380763,-0.0,179.8863140064144,-744.3747135418895,0.0,0.0,1920.0,-19.512,-16888.846549123038,61419.94326276157,0.0,-0.0,636.1723483650894,-1486.1522333669095,0.0,0.0,1910.0,-50.6715,-62429.29187775975
t96,13264.428897552601,1830.0,-0.0,100.8656743425532,-483.7389542849195,0.0,0.0,-1873.9686074248464,-23.86030602318182,-12813.726704162205,1992.253748326487,240.0,-0.0,6.940649506222709,-31.849436732291714,0.0,0.0,-1102.2680565873038,-4.888081629271573,-1100.188822883843,484.07595,0.0,-0.0,5.265610280930789,-24.17223778017396,0.0,0.0,373.3015507789514,-5.014306037393434,-833.4565672423147,3369.113748868408,0.0,-0.0,10.425586561917953,-47.80309742138767,0.0,0.0,-1655.0415335233447,-25.443767025668137,-1651.2509374599254,892.9998129405341,0.0,-0.0,1.193482933055018,-5.5193425184736755,0.0,0.0,-695.3746305598191,-4.693778756278779,-188.6055440390176,2080.469861863041,2424.2168496263257,-0.0,6.363010388389161,-14.133784958277928,0.0,0.0,-3457.5666066311196,-19.36237299713427,-1019.9869572912245,737.1351207537921,0.0,-0.0,11.802255053946116,-26.14750217281417,0.0,0.0,1168.696686110068,-73.82039535850569,-1817.6661643864863,2804.8884643319725,0.0,-0.0,42.23165841164362,-160.15721957614448,0.0,0.0,4262.018574940831,-14.064661297304742,-6934.916816810999,351.7025999999999,0.0,-0.0,14.38195765337628,-65.97760327149251,0.0,0.0,1886.588658610769,-24.730251281038015,-2161.9653617116146,13390.905290105053,1490.0,-0.0,118.50747345228874,-600.3484966332679,0.0,0.0,1430.75857970031,-15.27113918836501,-15814.55170743602,61103.388940658675,0.0,-0.0,422.2271189267892,-1880.237923449231,0.0,0.0,-337.14461541449623,-11.066552093218414,-59297.16696862853
t97,15591.062805357977,0.0,-1830.0,57.468505590783735,-295.0867209780095,0.0,0.0,-2378.806131631807,-39.019999999999996,-11105.618458338944,1878.76407,240.0,-0.0,4.079890023398953,-4.714728847265095,0.0,0.0,-1102.6225045647627,-17.911,-997.595726611371,339.15065,0.0,-0.0,3.0948822931378053,-3.5732681789798617,0.0,0.0,428.0032159307533,-11.386,-755.2894800449112,2666.1207500000005,0.0,-0.0,6.129975770352866,-7.0969076332516705,0.0,0.0,-1089.512681458766,-79.74457735813047,-1495.8965593202045,1001.9598765919436,0.0,-0.0,0.6998233095737512,-0.7940595953288583,0.0,0.0,-820.0502506335041,-10.8,-171.01538967268434,2057.440646599204,2947.3407129310704,-3477.538611306234,3.7398552049655445,-33.08950550596767,0.0,0.0,-504.2395427530207,-69.4125,-924.2410551700176,613.3318954175694,785.9916108249989,-928.6290298026923,6.940027673220575,-44.15153640130602,0.0,0.0,1315.627545843761,-102.46132700112679,-1646.6491865544247,7881.674919276285,0.0,-0.0,24.82977959298253,-293.73503160596306,0.0,0.0,-1305.8286950285672,-20.676749642996324,-6286.2642225917425,351.7025999999999,0.0,-0.0,8.45484130383877,-0.0,0.0,0.0,1627.4290442959136,-30.871000000000002,-1956.7154855997526,14051.18612284007,101.05023283662143,-0.0,68.58280161860198,-281.0072641693864,0.0,0.0,720.0,-19.512,-14640.299893125906,58148.05895381893,0.0,-0.0,261.4523248024234,-3136.359633348565,0.0,0.0,3110.0,-50.6715,-58332.4801452728
t98,14927.490771877905,736.6703825260056,-1093.3296174739944,32.83585960825491,-605.3967963980394,0.0,0.0,-3560.0,-39.019999999999996,-10399.250600140133,1642.61612,0.0,-240.0,2.3147760993877267,-34.07768890892044,0.0,0.0,-421.7877238793633,-17.911,-931.1544833111034,339.15065,0.0,-0.0,1.7560183393039144,-17.13855780619328,0.0,0.0,393.0758514234559,-11.386,-705.4579619565665,2701.236706808912,0.0,-0.0,3.4775121958818804,-51.11653336338066,0.0,0.0,-1176.6407765864228,-79.74457735813047,-1397.2123316968598,918.4881365919435,0.0,-0.0,0.39750719430028814,-0.0,0.0,0.0,-748.797023691115,-10.8,-159.28862009512883,2034.6376665992038,2828.194944949159,-3596.6843792881455,2.1219795995189243,-2.695048077522392,0.0,0.0,-333.47254569011466,-69.4125,-862.6901180920988,613.3318954175694,0.0,-1714.6206406276913,3.93689315739062,-0.0,0.0,0.0,2737.988739669089,-102.46132700112668,-1538.175560615231,8167.438725893546,0.0,-0.0,14.086192092514398,-0.0,0.0,0.0,-2289.7606815091285,-20.67674964299621,-5871.087486833935,351.7025999999999,0.0,-0.0,4.796759861840319,-66.34386200499127,0.0,0.0,1569.3941602635991,-30.871000000000002,-1828.678658120448,13918.738577476475,0.0,-0.0,40.20793323882353,-463.6034861464419,0.0,0.0,720.0,-19.512,-14195.831024568857,53807.16644107825,0.0,-0.0,152.3284199618671,-0.0,0.0,0.0,3110.0,-50.6715,-57018.82336104011
t99,14852.403271114423,0.0,-1830.0,16.08622342212831,-7.251695342433725,0.0,0.0,-2953.438279372773,-39.019999999999996,-10038.779519821344,1842.66677,0.0,-240.0,1.1374667072122127,-1.5651461187689186,0.0,0.0,-690.302537356901,-17.911,-894.0255532315421,339.15065,0.0,-0.0,0.862832996022989,-1.186216005803812,0.0,0.0,348.70403726732104,-11.386,-676.1453042575401,2658.187786808912,0.0,-0.0,1.7090896251694447,-2.3559567893047935,0.0,0.0,-1237.254161106162,-79.74457735813047,-1340.5421811804838,1105.1778465919435,0.0,-0.0,0.1025737626556867,-3.744892903102924,0.0,0.0,-937.3102921451452,-10.8,-153.42523530635108,2049.35692796542,2617.8888042876374,-3806.9905199496666,1.0426461058099359,-0.0,0.0,0.0,36.60979463960962,-69.4125,-828.4951530488107,613.3350954175694,0.0,-1714.6206406276913,1.9349633808857447,-2.668986013058577,0.0,0.0,2680.1131035657863,-102.4613270011269,-1475.6322087223627,8164.350988333274,0.0,-0.0,6.922700663834234,-9.539153713338989,0.0,0.0,-2508.3305894536725,-20.676749642996437,-5632.727196187099,351.7025999999999,0.0,-0.0,2.3572266132655253,-0.0,0.0,0.0,1431.2089239619372,-30.871000000000002,-1754.3977505752027,13788.001293624624,0.0,-194.18428413268708,20.15296771714504,-260.31353519334556,0.0,0.0,720.0,-19.512,-14054.144442015735,53400.032994722686,0.0,-0.0,79.75713202784837,-117.8465685819145,0.0,0.0,3110.0,-50.6715,-56421.272058168615
t100,14326.050499524885,0.0,-1830.0,21.703169949261664,-0.0,0.0,0.0,-2580.8390732275307,-39.019999999999996,-9897.894596246617,2040.00742,32.39745703397796,-207.60254296602204,1.5280037331282292,-0.0,0.0,0.0,-975.8894809313933,-17.911,-872.5298568696908,339.15065,0.0,-0.0,1.1590036492161835,-0.0,0.0,0.0,331.5882331688431,-11.386,-660.5118868180595,2573.3092850000003,0.0,-0.0,2.296190926175248,-0.0,0.0,0.0,-1186.585007327631,-79.74457735813047,-1309.275891240414,1200.9815099999998,0.0,-0.0,0.26166478072038557,-0.0,0.0,0.0,-1040.9268626668877,-10.8,-149.51631211383258,2072.12636796542,2692.238550329191,-3732.6407739081133,1.4005327725908638,-0.0,0.0,0.0,-154.75700413501454,-69.4125,-808.9551730240746,613.3350954175694,0.0,-1714.6206406276913,2.599774814907197,-0.0,0.0,0.0,2642.575910552293,-102.46132700112683,-1441.4288131559504,7765.763568316746,0.0,-0.0,9.30050258244972,-0.0,0.0,0.0,-2255.4935669486754,-20.67674964299636,-5498.8937543075235,351.7025999999999,0.0,-0.0,3.1667041992709457,-0.0,0.0,0.0,1390.326851515997,-30.871000000000002,-1714.3251557152678,14440.665106857836,0.0,-1055.3462417644073,27.535395660257368,-0.0,0.0,0.0,720.0,-19.512,-14113.342260753683,54032.486809989176,0.0,-0.0,99.30923636367251,-460.08189277563747,0.0,0.0,3110.0,-50.6715,-56731.0426535772
t101,14019.378786246813,0.0,-1830.0,19.00296421464376,-0.0,0.0,0.0,-2264.6658130767464,-39.019999999999996,-9904.695937384708,2110.982022479985,240.0,-0.0,1.3631544072197148,-0.7952120317518083,0.0,0.0,-1470.8798790593319,-17.911,-862.759085796122,339.15065,0.0,-0.0,1.033612663483508,-0.6026870135382126,0.0,0.0,324.4996024483738,-11.386,-652.695178098319,2664.892135,0.0,-0.0,2.049910738291044,-1.1970033741106167,0.0,0.0,-1292.357718735671,-79.74457735813047,-1293.6427462703793,1137.91537,0.0,-0.0,0.16573207876709534,-0.1339304474529361,0.0,0.0,-979.5853211137409,-10.8,-147.56185051757333,2094.90698796542,2875.441781470311,-3549.437542766993,1.2489848659475358,-1.2310310051211355,0.0,0.0,-552.3314975178582,-69.4125,-799.1851830117065,613.3350954175694,0.0,-1714.6206406276913,2.321498169672032,-6.446106212280176,0.0,0.0,2632.6872155632645,-102.46132700112668,-1424.815735309407,7047.0916690814975,0.0,-0.0,8.301715156075153,-0.0,0.0,0.0,-1601.2742715712236,-20.67674964299621,-5433.442363023352,351.7025999999999,0.0,-0.0,2.825772392193021,-2.7875069886076287,0.0,0.0,1373.9076830629338,-30.871000000000002,-1694.777548466519,14449.59213999588,0.0,-621.872998707157,24.72986531580138,-39.7668553584723,0.0,0.0,720.0,-19.512,-14513.170151246051,55216.59673875556,0.0,-0.0,100.53468240857423,-0.0,0.0,0.0,3110.0,-50.6715,-58376.45992116414
t102,14653.3308457552,509.3124788626062,-1320.6875211373938,46.056055686820876,-72.40584959295458,0.0,0.0,-3560.0,-39.019999999999996,-10216.586009574277,2312.807622479985,0.0,-240.0,3.167489194361634,-3.171261856816777,0.0,0.0,-1179.4317616257695,-17.911,-875.4610881917614,339.1792,0.0,-0.0,2.4025055170238216,-2.407540538087966,0.0,0.0,334.6778990190587,-11.386,-662.4660639979945,2674.703625,0.0,-0.0,4.760163205800135,-4.756892785225166,0.0,0.0,-1281.7781405795217,-79.74457735813047,-1313.184177482923,1202.4750800000002,0.0,-0.0,0.5421367537012267,-0.38412983072281903,0.0,0.0,-1042.3167748091462,-10.8,-149.51631211383258,2117.6764279654194,2256.057454120892,-4168.821870116412,2.9031680674440565,-4.100834003806774,0.0,0.0,676.6073249930116,-69.4125,-810.9091710265482,613.3350954175694,785.9916108249989,-928.6290298026923,5.389612694712639,-0.0,0.0,0.0,1072.6890503891193,-102.46132700112683,-1446.3150125225807,5784.135910015154,0.0,-0.0,19.28036787166971,-22.313776710597033,0.0,0.0,-250.78624641785734,-20.676749642996366,-5509.639505115373,351.7025999999999,0.0,-0.0,6.564572562292888,-6.568003341067774,0.0,0.0,1400.338649031105,-30.871000000000002,-1721.16681825233,14904.007715452271,0.0,-0.0,62.56549119472023,-12.634746616899564,0.0,0.0,720.0,-19.512,-15654.426460030094,59587.0811339828,0.0,-0.0,229.79019733140223,-387.6308643096045,0.0,0.0,3110.0,-50.6715,-62488.5689670046
t103,13612.804791661769,29.300863227962736,-1800.6991367720373,137.254950345768,-0.0,0.0,0.0,-700.9110478504649,-39.019999999999996,-11238.730420612997,2120.033322479985,0.0,-240.0,9.3036757418315,-8.241513376445864,0.0,0.0,-931.0529244269114,-17.911,-932.1315604184603,339.1792,0.0,-0.0,7.055996052825972,-5.2842502821776876,0.0,0.0,375.8930161859182,-11.386,-705.4579619565665,2691.2084950000003,0.0,-0.0,13.984781457219917,-10.49510819932513,0.0,0.0,-1217.741259202905,-79.74457735813047,-1397.2123316968598,1162.1559399999999,0.0,-0.0,1.5889831382489294,-1.1742778404839305,0.0,0.0,-992.482025202636,-10.8,-159.28862009512883,2101.0281225494027,3244.8635438204237,-3180.0157804168803,8.526352912578709,-7.547491197376736,0.0,0.0,-1234.7521295760503,-69.4125,-862.6901180920988,613.3350954175694,1714.6206406276913,-0.0,15.835215361663208,-11.889563134899793,0.0,0.0,-687.3555411623618,-102.46132700112685,-1542.0845201085353,5746.338185663868,0.0,-0.0,56.640744229315445,-0.0,0.0,0.0,71.20135071635872,-20.67674964299638,-5853.503530966545,376.3205999999999,0.0,-0.0,19.28321677429127,-14.458295910958391,0.0,0.0,1487.2005605190525,-30.871000000000002,-1837.475081382385,15250.583324521927,1580.0,-0.0,192.87827949713895,-18.949521148255286,0.0,0.0,720.0,-19.512,-17705.00008287081,65579.39303467603,0.0,-0.0,703.9998967857408,-0.0,0.0,0.0,3110.0,-50.6715,-69342.72143146177
t104,14762.755348143397,1830.0,-0.0,243.63649000696978,-181.71171350466307,0.0,0.0,-3560.0,-39.019999999999996,-13055.660124645703,1917.6656224799858,240.0,-0.0,15.87564099403576,-8.230761301427474,0.0,0.0,-1088.2479177977398,-17.911,-1059.151584374854,339.1792,0.0,-0.0,12.041846950953133,-7.2,0.0,0.0,469.55468541240026,-11.386,-802.1897323633533,2738.9564800000003,0.0,-0.0,23.85678128737694,-14.3,0.0,0.0,-1080.0503263494606,-79.74457735813047,-1588.718357579786,1115.7303,0.0,-0.0,2.4731415775203827,-0.6524121151236311,0.0,0.0,-924.9861010102863,-10.8,-181.7649284521102,2123.8087425494027,3154.397763590955,-3270.48156064635,14.551295654390673,-10.971392534589533,0.0,0.0,-960.9853513720573,-69.4125,-980.9069972417523,613.3382954175694,1714.6206406276913,-0.0,27.010868532901682,-8.8489162277429,0.0,0.0,-490.49122860232706,-102.46132700112697,-1753.168332746966,4437.00356610899,0.0,-0.0,96.62976264103557,-44.232425609743686,0.0,0.0,2185.826255872559,-20.676749642996437,-6654.550409369845,495.6805999999999,0.0,-0.0,32.901317096393285,-27.451686052061035,0.0,0.0,1619.3799838469122,-30.871000000000066,-2089.639214891244,16171.92816128595,1370.2570579558153,-0.0,311.47590290288633,-0.0,0.0,0.0,720.0,-19.512,-18554.149122144652,69493.96218304144,0.0,-0.0,1134.2759773808557,-458.37155508434313,0.0,0.0,3110.0,-50.6715,-73229.19510533796
t105,16911.063681655258,465.0099450640728,-1364.9900549359272,173.00165504057242,-122.2,0.0,0.0,-2039.30784691023,-39.019999999999996,-13983.557379913744,2260.537254872692,0.0,-240.0,15.711377075969555,-20.56503826690559,0.0,0.0,-837.9820672491442,-17.911,-1159.7905264326125,339.39799999999997,0.0,-0.0,11.919313132612185,-15.612448776022362,0.0,0.0,554.083778024232,-11.386,-878.4026423808217,2983.488826078837,0.0,-0.0,23.601455107605368,-40.68295258455536,0.0,0.0,-1147.4753733273851,-79.74457735813047,-1739.187377916371,1012.0055600000001,0.0,-0.0,2.1244417141949308,-1.6,0.0,0.0,-803.3521496938811,-10.8,-198.37785202031384,7483.832194825577,2557.362376509806,-3867.5169477274985,10.08004718291519,-0.0,0.0,0.0,-5040.62326843154,-69.4125,-1073.7219023592488,1273.9092033398995,0.0,-1714.6206406276913,26.718471697251736,-16.2,0.0,0.0,2449.998924057413,-102.46132700112683,-1917.3446314657454,5991.1253032672885,0.0,-0.0,95.60294006538292,-84.91230506083022,0.0,0.0,1314.2487234636371,-20.67674964299636,-7295.387912092483,573.6375999999999,0.0,-0.0,32.556726723031716,-13.54946049850912,0.0,0.0,1720.4092800668977,-30.871000000000002,-2282.1831462914197,19906.39190972223,0.0,-2414.779960536886,286.2756394586615,-175.57458212440824,0.0,0.0,720.0,-19.512,-18302.801006519596,68144.48273774266,0.0,-0.0,1039.6632383785036,-0.0,0.0,0.0,3110.0,-50.6715,-72243.47447612115
t106,17435.881023993432,0.0,-1830.0,190.99081942129052,-0.0,0.0,0.0,-1655.7568036656885,-39.019999999999996,-14102.095039749032,2632.6284531061256,0.0,-240.0,11.16943893414911,-0.0,0.0,0.0,-1196.7840523869568,-17.911,-1189.1028396533188,339.72679999999997,0.0,-0.0,8.87619946490345,-7.2,0.0,0.0,570.8586804851718,-11.386,-900.8756799500752,3052.694838396659,0.0,-0.0,16.773563837064867,-0.0,0.0,0.0,-1205.5911551703732,-79.74457735813047,-1784.132669705221,988.53222,0.0,-0.0,2.142876599032009,-0.0,0.0,0.0,-775.6338597899404,-10.8,-204.2412368090916,11243.078171748579,1521.2729398154734,-4903.606384421831,10.726242063212347,-8.7,0.0,0.0,-6691.303595810317,-69.4125,-1102.0548733951161,1618.2199050074228,0.0,-1714.6206406276913,21.105887035760233,-0.0,0.0,0.0,2142.00832097103,-102.4613270011269,-1964.2521453853967,4318.477083219933,0.0,-0.0,75.53783717912351,-57.9,0.0,0.0,3181.1883473743246,-20.676749642996437,-7496.626518130385,540.0675999999999,0.0,-0.0,25.728348232729992,-0.0,0.0,0.0,1801.0141179927496,-30.871000000000002,-2335.939066225479,19759.48912391008,0.0,-2295.900694636519,223.85038864523568,-443.2240919615371,0.0,0.0,720.0,-19.512,-17944.702725957253,67353.33250163838,0.0,-0.0,791.3826251434156,-671.0,0.0,0.0,3110.0,-50.6715,-70533.04362678179
t107,15136.862270059135,0.0,-1830.0,107.95185889490472,-99.27263325154915,0.0,0.0,874.1545521757585,-39.019999999999996,-14150.676047878249,2507.8440561955977,104.06755305481636,-135.93244694518364,13.338675164668135,-9.5,0.0,0.0,-1253.2624556694427,-17.911,-1208.6443818004564,339.9006,0.0,-0.0,10.121988374775377,-0.0,0.0,0.0,575.9183318348454,-11.386,-914.5549202096207,3207.4453425921,0.0,-0.0,20.026074521559657,-10.715622174013053,0.0,0.0,-1323.5664010574797,-79.74457735813047,-1813.4448165240362,1088.2276800000002,0.0,-0.0,2.2478420684725586,-1.6,0.0,0.0,-870.9025928649919,-10.8,-207.17292920348046,12461.871113395327,219.91494177127515,-6204.964382466029,12.23168271680606,-0.0,0.0,0.0,-5300.0,-69.4125,-1119.6408554173786,1714.954704036878,1714.6206406276913,-0.0,22.666542752661847,-16.2,0.0,0.0,-1338.0567390842716,-102.4613270011269,-1995.5238213318307,4666.909529759336,0.0,-0.0,81.12972231526675,-32.087357790286724,0.0,0.0,2922.4852916866366,-20.676749642996437,-7617.760436327957,506.8705999999999,0.0,-0.0,27.634607553785827,-14.76208089706693,0.0,0.0,1883.2300129789455,-30.871000000000002,-2372.102139635664,18497.380184075344,0.0,-1490.0,199.39105268061402,-161.5,0.0,0.0,720.0,-19.512,-17745.759236755955,66292.148648613,0.0,-0.0,801.8322671995236,-671.0,0.0,0.0,3110.0,-50.6715,-69482.30941581255
t108,15521.286893232054,0.0,-1830.0,246.23602325746515,-55.32666596329032,0.0,0.0,320.1308594656166,-39.019999999999996,-14163.307109991845,2374.643358279042,0.0,-240.0,16.220079604265667,-8.169136843057654,0.0,0.0,-907.3452252735822,-17.911,-1217.4380757666681,339.90975,0.0,-0.0,12.30872853484385,-5.644875971014292,0.0,0.0,586.206937775564,-11.386,-921.3945403393935,3288.5175332480194,0.0,-0.0,24.35125815941754,-6.045683363445175,0.0,0.0,-1401.9088554342989,-79.74457735813047,-1825.1696752515622,1019.99716,0.0,-0.0,2.80369343681399,-1.3188224595094873,0.0,0.0,-802.5318709756943,-10.8,-208.1501600016101,12981.279856287127,1215.4425338153583,-5209.436790421946,14.87421323691669,-6.820891798308933,0.0,0.0,-7798.469573691873,-69.4125,-1127.456847427273,1612.0901140834555,0.0,-1714.6206406276913,27.561685869635863,-13.93052809026673,0.0,0.0,2200.5658753243906,-102.4613270011269,-2009.2051795583957,5570.4784214962,0.0,-0.0,88.68693551024253,-57.9,0.0,0.0,2092.85435587791,-20.676749642996437,-7673.442963241358,512.8385999999999,0.0,-0.0,33.60379719219718,-8.328668689501393,0.0,0.0,1880.4974969319674,-30.871000000000002,-2387.740225434663,18659.3756958095,0.0,-1958.937937402467,157.53134241987703,-64.04597969601033,0.0,0.0,720.0,-19.512,-17494.4111211309,64744.57402539236,0.0,-0.0,863.845396118393,-342.2978280573994,0.0,0.0,3110.0,-50.6715,-68325.45009345334
t109,12923.412774210696,536.5747429377959,-1293.425257062204,265.6876493818587,-754.2346655263208,0.0,0.0,2496.134881335075,-39.019999999999996,-14135.130125276899,2310.926186491615,0.0,-240.0,17.29592681646952,-46.88898747019208,0.0,0.0,-805.0069729638681,-17.911,-1218.4151528740251,340.00975,0.0,-0.0,13.126414833606084,-13.155008440985924,0.0,0.0,593.776472536741,-11.386,-922.3716289293611,3333.7023922546487,0.0,-0.0,25.961200685073717,-70.35079166565755,0.0,0.0,-1381.4673339824901,-79.74457735813047,-1828.1008899334438,975.1650199999999,0.0,-0.0,2.995511315117892,-8.153934731821822,0.0,0.0,-750.0792057835563,-10.8,-209.1273907997397,13477.833318500372,1546.440781146067,-4878.438543091237,15.862423174260474,-43.01202010428116,0.0,0.0,-8919.862614195434,-69.4125,-1129.4108454297466,1727.5159118379531,358.07935389191834,-1356.5412867357727,5.608589159695959,-60.18458389772743,0.0,0.0,1439.143002050107,-102.46132700112683,-2011.1596593050479,6018.143150781441,0.0,-0.0,105.17943344641515,-0.0,0.0,0.0,1583.4966523385006,-20.67674964299636,-7686.142486923361,545.2896,0.0,-0.0,35.83010631603448,-73.44145845898359,0.0,0.0,1913.865118664925,-30.870999999999995,-2390.6723665219756,18380.927099397937,0.0,-2121.527610752928,304.5255498482882,-0.0,0.0,0.0,720.0,-19.512,-17264.413038493298,64977.49436888213,0.0,-0.0,1006.6380334269222,-1689.3902068036366,0.0,0.0,3110.0,-50.6715,-67354.07069550543
t110,14697.26427324106,336.83885773578345,-1493.1611422642166,272.99748128112185,-50.507086921430435,0.0,0.0,261.0882371665923,-39.019999999999996,-13985.500620238912,2564.910842032447,0.0,-240.0,17.811779155209123,-3.649646283755524,0.0,0.0,-1109.5863617813739,-17.911,-1211.5756131225269,340.03114999999997,0.0,-0.0,2.76604770979366,-5.258754002991864,0.0,0.0,591.3337422727217,-11.386,-917.4861859795234,3413.5166981525504,0.0,-0.0,13.871845462668531,-5.493678090284631,0.0,0.0,-1523.8201138396316,-79.74457735813047,-1818.330174327172,1047.73903,0.0,-0.0,3.083305934509259,-0.6146772688430356,0.0,0.0,-831.2574986640562,-10.8,-208.1501600016101,13160.321804692681,0.0,-6424.879324237304,16.335090100208866,-0.0,0.0,0.0,-5558.816219133261,-69.4125,-1123.548851422326,1747.2501951077686,1171.4350396228342,-543.1856010048571,30.260254881154225,-11.832196506731695,0.0,0.0,-291.0563444005811,-102.46132700112683,-2000.4100206984613,4840.396170218635,0.0,-0.0,108.3208174033033,-169.06043627023746,0.0,0.0,2883.2027955461817,-20.67674964299636,-7642.182597254887,665.7685999999999,0.0,-0.0,7.568213872629875,-14.38853525818607,0.0,0.0,1748.911762833408,-30.870999999999995,-2376.9890414478514,19633.476111439315,0.0,-3070.0,312.80422226577696,-531.6783613556645,0.0,0.0,720.0,-19.512,-17045.089972349426,62506.06174072771,0.0,-0.0,1046.2214079915161,-143.82904563280593,0.0,0.0,3110.0,-50.6715,-66467.78260308644
t111,16529.608328159622,0.0,-1830.0,294.42867688035335,-41.49774199360338,0.0,0.0,-1015.4644574400486,-39.019999999999996,-13898.054805606322,2384.8681514926698,39.62886948326073,-200.37113051673927,19.074839111755875,-0.0,0.0,0.0,-1016.6453477704912,-17.911,-1208.6443818004564,340.06615,0.0,-0.0,14.477295145465606,-33.1,0.0,0.0,605.4745636541228,-11.386,-915.5320087995883,3396.8864019553102,0.0,-0.0,4.50871598587225,-0.0,0.0,0.0,-1508.2057240590161,-79.74457735813047,-1813.4448165240362,1013.10624,0.0,-0.0,3.3073270155579966,-8.104471718698992,0.0,0.0,-790.3361660933786,-10.8,-207.17292920348046,12679.639379696113,0.0,-6424.879324237304,17.494934953894216,-46.08537261975978,0.0,0.0,-5036.139263374325,-69.4125,-1120.6178544186155,1884.46801116588,400.54818202716365,-1314.0724586005276,32.398735621243915,-0.0,0.0,0.0,1094.6426781191976,-102.46132700112683,-1995.5238213318307,5452.000835524845,0.0,-0.0,115.98670896089821,-20.045513107802226,0.0,0.0,2098.3102460896316,-20.67674964299636,-7625.575527824575,656.4435999999998,0.0,-0.0,6.211308036481351,-0.0,0.0,0.0,1738.363470874308,-30.871000000000002,-2370.147378910789,19372.754765295063,0.0,-2519.1110335368226,336.5050601259469,-1001.7902427611496,0.0,0.0,720.0,-19.512,-16888.846549123038,62454.39657712195,0.0,-0.0,1104.2639335430426,-980.0856570064851,0.0,0.0,3110.0,-50.6715,-65637.90335365852
t112,16030.9500266024,784.2594213797377,-1045.7405786202623,370.94083543241493,-742.9962353672853,0.0,0.0,-1551.6709591036106,-39.019999999999996,-13806.722510323394,2108.1211686657457,0.0,-240.0,21.5593913666887,-0.0,0.0,0.0,-664.1022553393358,-17.911,-1207.6673046930994,339.93895,0.0,-0.0,18.25712635296652,-0.0,0.0,0.0,567.7448438566544,-11.386,-914.5549202096207,3383.203095244062,0.0,-0.0,36.09242045648311,-4.50871598587225,0.0,0.0,-1523.5515489537602,-79.74457735813047,-1811.4906734027818,933.0553,0.0,-0.0,4.178012433703862,-0.0,0.0,0.0,-719.2603832302234,-10.8,-207.17292920348046,12253.820261453573,0.0,-6424.879324237304,3.3687297358828583,-2.2834965479801066,0.0,0.0,-4640.972814986793,-69.4125,-1119.6408554173786,1635.642427782558,860.7974226432784,-853.8232179844128,40.84365560382656,-0.0,0.0,0.0,412.5703805410544,-102.46132700112683,-1993.5693415851788,5214.127058326054,0.0,-0.0,15.197063233108985,-40.49920398667716,0.0,0.0,2448.635381961391,-20.67674964299636,-7616.78354989088,515.8226,0.0,-0.0,49.822351330210324,-6.211308036481351,0.0,0.0,1840.6073552546231,-30.871000000000002,-2369.169998548352,17346.804111011177,0.0,-1045.872660681549,432.28480461091885,-432.28480461091885,0.0,0.0,720.0,-19.512,-17001.419450329628,63555.066073302456,0.0,-0.0,1364.3200494859714,-2666.8352599766195,0.0,0.0,3110.0,-50.6715,-65311.87936281183
t113,14830.325187460801,784.2594213797377,-1045.7405786202623,468.41238626269757,-746.9829520147408,0.0,0.0,-360.0,-39.019999999999996,-13891.253464468231,2250.0915857877976,102.85369460717868,-137.14630539282132,23.560818194169496,-49.402165863494744,0.0,0.0,-960.4710142103039,-17.911,-1211.5756131225269,339.7861,0.0,-0.0,23.211181879215626,-6.287221216831821,0.0,0.0,572.1621253171395,-11.386,-917.4861859795234,3139.3303381363903,0.0,-0.0,45.88323778307929,-65.4,0.0,0.0,-1221.7388242341672,-79.74457735813047,-1818.330174327172,860.75366,0.0,-0.0,4.314676118004216,-8.492688551708078,0.0,0.0,-637.625487564686,-10.8,-208.1501600016101,10835.762159144713,1969.1642725367074,-4455.715051700597,28.04949883336278,-2.570497451932567,0.0,0.0,-7182.706028941166,-69.4125,-1122.571852421089,1259.375393202313,766.9472316825158,-947.6734089451754,51.922596086830666,-88.14624773787159,0.0,0.0,1061.4230232843029,-102.46132700112683,-2001.3872605717872,4917.306798206616,0.0,-0.0,185.90548788380227,-265.0,0.0,0.0,2821.716401496235,-20.67674964299636,-7639.251937943655,359.53559999999993,0.0,-0.0,63.339397320081176,-90.3,0.0,0.0,2077.239804852645,-30.871000000000002,-2378.943802172726,16023.870983732162,306.5645949565787,-0.0,567.9478757202278,-46.232970585009866,0.0,0.0,720.0,-19.512,-17552.63848382396,66773.13248205419,0.0,-0.0,460.81254206036806,-2694.445814952963,0.0,0.0,3110.0,-50.6715,-67598.8277091616
t114,16199.52265470254,1830.0,-0.0,545.0591954970469,-545.0591954970469,0.0,0.0,-3560.0,-39.019999999999996,-14430.502654702537,2113.3452854261386,210.20751665936,-29.792483340639997,35.61156228564411,-0.0,0.0,0.0,-1077.4124944387681,-17.911,-1234.0483865917352,339.3589,0.0,-0.0,27.031124216277387,-33.1,0.0,0.0,612.1926677926944,-11.386,-934.0966920089717,2794.819502569757,0.0,-0.0,53.43486190253467,-7.9784039308909485,0.0,0.0,-908.9807757947747,-79.74457735813047,-1851.550607388496,989.6802200000001,0.0,-0.0,6.187912198081481,-0.0,0.0,0.0,-773.9862798020827,-10.8,-211.08185239599894,3924.158005126344,3577.078563710168,-2847.800760527136,32.66569358207415,-40.0,0.0,0.0,-3433.600170444389,-69.4125,-1143.088831447062,615.1175724901987,730.2301781492023,-984.390462478489,60.468321922381016,-0.0,0.0,0.0,1719.5580926760108,-102.46132700112683,-2038.5223757581778,6391.960944615651,0.0,-0.0,216.50219197010082,-280.19706323310896,0.0,0.0,1466.4729425506625,-20.67674964299636,-7774.062266260308,351.7025999999999,0.0,-0.0,73.76373783804425,-95.47067609140322,0.0,0.0,2125.756017460646,-30.871000000000002,-2424.880679207286,16131.842107256285,1952.8853528516884,-0.0,706.5364276787378,-519.3362102968878,0.0,0.0,720.0,-19.512,-18972.415677489826,66219.38244526453,0.0,-0.0,2148.946364171083,-1900.412035647144,0.0,0.0,3110.0,-50.6715,-69527.24527378849
t115,16232.028764045932,1830.0,-0.0,487.1717745658061,-0.0,0.0,0.0,-2943.8539138481137,-39.019999999999996,-15566.326624763624,2165.832788749999,59.33357973369908,-180.66642026630092,31.33487847990324,-43.6,0.0,0.0,-719.6966594494401,-17.911,-1294.6271672478615,339.23629999999997,0.0,-0.0,23.781759720974954,-0.0,0.0,0.0,628.3877960164709,-11.386,-980.0198557374462,2462.9246300000004,0.0,-0.0,47.03059638497646,-65.4,0.0,0.0,-422.3923865000222,-79.74457735813047,-1942.4182625268234,1010.4477,0.0,-0.0,5.43039168782867,-0.0,0.0,0.0,-783.246700512404,-10.8,-221.8313911754248,2082.258203299602,6190.604993911148,-234.27433032615545,28.738774067671454,-3.048214487918396,0.0,0.0,-6795.112152945552,-69.4125,-1199.7547735187966,613.3446954175694,785.9916108249989,-928.6290298026923,53.22611722194757,-74.0,0.0,0.0,1791.7060160500655,-102.4613270011269,-2139.1780827107627,5161.236424349594,0.0,-0.0,107.37611227808378,-322.9,0.0,0.0,3232.942849046963,-20.676749642996437,-8157.978636031646,351.7025999999999,0.0,-0.0,60.74695092018412,-19.7,0.0,0.0,2181.2651521420325,-30.871000000000002,-2543.143703062216,16328.297680134967,2082.0024015785702,-0.0,607.4027640619144,-87.80596985400918,0.0,0.0,720.0,-19.512,-19630.38487592144,67811.76639627799,0.0,-0.0,1969.9308827146476,-0.0,0.0,0.0,3110.0,-50.6715,-72841.02577899264
t116,15293.758509632835,1830.0,-0.0,313.83896134229644,-74.0907810164473,0.0,0.0,-1585.2116762550486,-39.019999999999996,-15739.275013703636,2367.2655387499995,240.0,-0.0,2.6640595085968926,-8.701456446120273,0.0,0.0,-1249.6068902703405,-17.911,-1333.7102515421366,339.23629999999997,0.0,-0.0,10.917422813541675,-39.69478804337537,0.0,0.0,711.2366672562739,-11.386,-1010.3096020264401,2513.88025,0.0,-0.0,30.96677362758872,-13.097981808370518,0.0,0.0,-450.96190829663374,-79.74457735813033,-2001.0425561644538,959.7475099999999,0.0,-0.0,3.0269223097453164,-1.4655084540834142,0.0,0.0,-721.8369170933297,-10.8,-228.6720067623322,2086.2492967003986,6109.695917996544,-315.18340624075927,18.911569312084367,-0.0,0.0,0.0,-6594.357141203711,-69.4125,-1235.9037365645584,613.3446954175694,1714.6206406276913,-0.0,35.050874343180325,-88.83827309759457,0.0,0.0,31.959304060563227,-102.46132700112676,-2203.675914350283,4543.21397002225,0.0,-0.0,125.45032448211957,-0.0,0.0,0.0,3755.189586876648,-20.676749642996437,-8403.17713173802,351.7025999999999,0.0,-0.0,25.936176769196145,-0.0,0.0,0.0,2273.588974925579,-30.871000000000002,-2620.3567516947737,17279.60794031336,1490.0,-0.0,378.4276386764535,-481.13229123204025,0.0,0.0,720.0,-19.512,-19367.39128775777,69302.5531645799,0.0,-0.0,1331.6201182920736,-1149.817532188222,0.0,0.0,3110.0,-50.6715,-72543.68425068377
t117,15567.185947310234,1830.0,-0.0,266.5105635628366,-122.2,0.0,0.0,-2114.9279960249605,-39.019999999999996,-15387.548514848108,2161.889638749999,240.0,-0.0,17.636672311868214,-0.0,0.0,0.0,-1091.3549100962969,-17.911,-1310.2604009655715,339.23629999999997,0.0,-0.0,13.381459341462154,-33.1,0.0,0.0,683.6131594755943,-11.386,-991.7449188170567,2494.1599800000004,0.0,-0.0,26.487293961678553,-0.0,0.0,0.0,-475.0347166216725,-79.74457735813047,-1965.8679799818756,1000.15262,0.0,-0.0,3.038146272225653,-7.6,0.0,0.0,-760.0276827024119,-10.8,-224.7630835698137,2063.4351367003983,5652.629842083973,-772.249482153331,3.0152200360542407,-48.7,0.0,0.0,-5615.285457130983,-69.4125,-1213.432759536112,613.3446954175694,1714.6206406276913,-0.0,26.73231478210976,-74.0,0.0,0.0,-13.650004409003031,-102.4613270011269,-2164.5863194172407,4825.515824900913,0.0,-0.0,107.29815112832792,-0.0,0.0,0.0,3339.6225076048086,-20.676749642996437,-8251.759733991055,351.7025999999999,0.0,-0.0,36.54317475529015,-0.0,0.0,0.0,2217.045099904925,-30.871000000000002,-2574.419874660214,16161.1919736574,1774.4676288449518,-0.0,316.8589540897847,-0.0,0.0,0.0,720.0,-19.512,-18953.006556592136,67399.5650599765,0.0,-0.0,1104.8065539980148,-0.0,0.0,0.0,3110.0,-50.6715,-71563.70011397453
t118,15931.162737848379,1830.0,-0.0,218.49215955681035,-122.2,0.0,0.0,-2963.334231653297,-39.019999999999996,-14855.100665751892,2032.7305700000002,240.0,-0.0,14.713511461230619,-9.5,0.0,0.0,-988.8557647899343,-17.911,-1271.1773166712965,339.23629999999997,0.0,-0.0,11.162898434768568,-7.2,0.0,0.0,630.6190626832617,-11.386,-962.4322611180304,2443.7300300000006,0.0,-0.0,17.329729404130937,-14.3,0.0,0.0,-459.7714957017556,-79.74457735813033,-1907.2436863442451,993.91948,0.0,-0.0,2.5314943567347434,-1.6,0.0,0.0,-766.1285063738285,-10.8,-217.9224679829063,2086.2157567003987,6424.879324237304,-0.0,12.443351434695519,-8.7,0.0,0.0,-7267.165136880812,-69.4125,-1178.2607954915868,613.3446954175694,215.441934914225,-1499.1787057134661,19.613660552023205,-16.2,0.0,0.0,2868.5509897351694,-102.46132700112676,-2099.111247904394,5136.161705635834,0.0,-0.0,46.07901666811611,-57.9,0.0,0.0,2909.7354706832652,-20.676749642996437,-8013.39944334422,351.7025999999999,0.0,-0.0,30.48774635046814,-62.4168933456165,0.0,0.0,2206.3496122979304,-30.871000000000002,-2495.2520653027814,14952.509294313946,2138.9273448771014,-0.0,256.6168835688386,-0.0,0.0,0.0,720.0,-19.512,-18048.541522759886,65932.49149541835,0.0,-0.0,909.0837500612885,-671.0,0.0,0.0,3110.0,-50.6715,-69229.90374547963
t119,14031.792725793639,1830.0,-0.0,154.42913252007003,-0.0,0.0,0.0,-2075.26057205705,-39.019999999999996,-13901.941286256659,2032.4324700000002,240.0,-0.0,10.519606796602933,-53.1,0.0,0.0,-1006.2279263182174,-17.911,-1205.7131504783856,339.26484999999997,0.0,-0.0,7.980382919525621,-7.2,0.0,0.0,583.9415101101602,-11.386,-912.6007430296856,2443.4332300000005,0.0,-0.0,15.80339978700251,-14.3,0.0,0.0,-555.6555221473441,-79.74457735813033,-1809.5365302815276,976.1706910264902,0.0,-0.0,1.8068421917384048,-9.2,0.0,0.0,-751.7818348128777,-10.8,-206.19569840535084,2102.621766599204,5051.093202827501,-1373.786121409803,9.643532417696855,-0.0,0.0,0.0,-4602.473023019695,-69.4125,-1117.686857414905,613.3478954175694,1714.6206406276913,-0.0,17.890913116145214,-16.2,0.0,0.0,-235.58326032175273,-102.46132700112676,-1991.6148618385266,4845.98344366436,0.0,-0.0,64.01434762575676,-57.9,0.0,0.0,2767.7785523763696,-20.676749642996437,-7599.199594023491,351.7025999999999,0.0,-0.0,21.798941995507896,-19.7,0.0,0.0,2045.2620761904068,-30.871000000000002,-2368.1926181859144,15343.441369289687,1547.390142410738,-0.0,177.6677515876436,-1006.3,0.0,0.0,720.0,-19.512,-16762.68726328807,62377.870703040324,0.0,-0.0,654.4631597485918,-579.961844296863,0.0,0.0,3110.0,-50.6715,-65511.700518492056
t120,13453.17857876799,1830.0,-0.0,100.3062998197957,-412.0789581741577,0.0,0.0,-2274.1184422649167,-39.019999999999996,-12658.267478148711,2035.8199700000002,240.0,-0.0,6.88003044715532,-0.0,0.0,0.0,-1147.9898667382454,-17.911,-1116.79913370891,339.26484999999997,0.0,-0.0,5.219574939302419,-0.0,0.0,0.0,512.0832053826227,-11.386,-845.1816303219251,2436.25824,0.0,-0.0,10.334719297832574,-61.12931982314868,0.0,0.0,-630.0413356409485,-79.74457735813078,-1675.6777264756047,900.6374010264901,0.0,-0.0,1.1828476696312025,-0.0,0.0,0.0,-699.4830122627149,-10.8,-191.53723643340646,2079.807606599204,5197.022833002603,-1227.856491234701,6.3073774439829915,-6.727400140400098,0.0,0.0,-4944.499483360913,-69.4125,-1034.6419423097766,613.3478954175694,1714.6206406276913,-0.0,11.699462888277672,-0.0,0.0,0.0,-392.1777910927958,-102.46132700112722,-1845.0288808396162,3217.5536054942486,0.0,-0.0,41.86341210866017,-0.0,0.0,0.0,3796.795851870036,-20.676749642996437,-7035.53611982995,351.7025999999999,0.0,-0.0,14.256439564175611,-90.3,0.0,0.0,1949.4308741078748,-30.871000000000002,-2194.2189136720503,14380.347449211655,451.44446931012857,-0.0,116.10170255580769,-101.67578202966537,0.0,0.0,720.0,-19.512,-15546.705839047927,59414.192771875576,0.0,-0.0,429.73522831682806,-1068.6476790503648,0.0,0.0,3110.0,-50.6715,-61834.608821142036
t121,16856.041431847705,0.0,-1830.0,56.42657571054432,-0.0,0.0,0.0,-2626.1423297304505,-39.019999999999996,-12417.305677827797,2085.3800429192447,240.0,-0.0,3.94432138280661,-4.751925543757097,0.0,0.0,-1228.9453893436596,-17.911,-1077.7160494146349,339.26484999999997,0.0,-0.0,2.9920871186241067,-3.6014593594790636,0.0,0.0,488.599494863754,-11.386,-815.8689726228989,2729.0497131433685,0.0,-0.0,5.926108432595551,-7.1528984500764725,0.0,0.0,-1031.0249129297827,-79.74457735813047,-1617.0534328379742,1253.8547099999998,0.0,-0.0,0.6767678032135598,-0.8003243021064586,0.0,0.0,-1058.234532654608,-10.8,-184.6966208464991,2071.883769199969,3670.287288017181,-2754.592036220123,3.6156407531701777,-0.0,0.0,0.0,-1923.2891824861822,-69.4125,-998.4929792640148,613.3478954175694,0.0,-1714.6206406276913,6.7091507459746635,-0.0,0.0,0.0,2979.510450412022,-102.46132700112683,-1782.485528946748,8002.556570308257,0.0,-0.0,24.004158371277015,-0.0,0.0,0.0,-1224.3383328466575,-20.67674964299636,-6781.545646189879,351.7025999999999,0.0,-0.0,8.17381249855251,-0.0,0.0,0.0,1793.8647347155647,-30.871000000000002,-2122.8701472141174,15942.562432062283,0.0,-0.0,66.11577281090553,-347.27728812237507,0.0,0.0,720.0,-19.512,-16361.888916750815,65302.069258354204,0.0,-0.0,290.66714300428123,-2391.7521106290305,0.0,0.0,3110.0,-50.6715,-66260.31279072945
t122,14768.737963385904,1200.577978936647,-629.4220210633531,32.58311903919358,-37.25709644221269,0.0,0.0,-3560.0,-39.019999999999996,-11736.199943856178,1882.7413429192452,0.0,-240.0,2.25283773355554,-0.0,0.0,0.0,-613.8542203237196,-17.911,-1013.228960329081,339.26484999999997,0.0,-0.0,1.709055500878312,-26.869147155491433,0.0,0.0,464.2957847791349,-11.386,-767.0145431245217,2729.7613031433684,0.0,-0.0,3.3843612364082123,-0.0,0.0,0.0,-1133.0777386857621,-79.74457735813047,-1520.3233483358838,1334.1173621788037,0.0,-0.0,0.3869830397836438,-0.0,0.0,0.0,-1149.757263151514,-10.8,-173.9470820670732,2049.091969199969,3451.4488564988437,-2973.4304677384607,2.06523133696337,-2.5631930361336126,0.0,0.0,-1518.3038560726113,-69.4125,-938.8960401885696,613.3478954175694,0.0,-1714.6206406276913,3.831397709139528,-4.772842205214312,0.0,0.0,2880.6418994615296,-102.46132700112683,-1675.9663827542065,7274.269644348669,0.0,-0.0,13.708956946775562,-17.05849158530301,0.0,0.0,-876.0593581384555,-20.67674964299636,-6374.184001928689,351.7025999999999,0.0,-0.0,4.6683597833043144,-5.804011817451972,0.0,0.0,1676.1147521313978,-30.871000000000002,-1995.8107000972502,15954.05992921461,0.0,-46.58210895353163,38.94897332891207,-740.1697618899564,0.0,0.0,720.0,-19.512,-15906.745031700037,62062.948481317166,0.0,-0.0,148.49085185711087,-0.0,0.0,0.0,3110.0,-50.6715,-65270.76783317427
t123,11501.038204466855,0.0,-1830.0,16.09843786943454,-0.0,0.0,0.0,1759.6756865663838,-39.019999999999996,-11407.792328902673,2075.217542919245,0.0,-240.0,1.1125811272771147,-1.497391120144218,0.0,0.0,-840.8217026768582,-17.911,-976.1000302495197,339.26484999999997,0.0,-0.0,0.8439680227700508,-1.1348648489514073,0.0,0.0,411.0910208416443,-11.386,-738.6789740154629,2693.7623231433686,0.0,-0.0,1.671648060736266,-38.21299018583177,0.0,0.0,-1112.8461342800074,-79.74457735813047,-1464.630269380135,1151.5755621788035,0.0,-0.0,0.10198482904515854,-3.957960205043889,0.0,0.0,-969.813120322639,-10.8,-167.10646648016584,2071.883769199969,4136.077730580067,-2288.801593657238,1.0198506069156998,-13.093532017076912,0.0,0.0,-2933.9496485685913,-69.4125,-903.7240761440447,613.3478954175694,1714.6206406276913,-0.0,1.8925539994172915,-40.68757897521828,0.0,0.0,-572.3119133336688,-102.46132700112683,-1614.4002707346642,7325.007937531519,0.0,-0.0,6.7710862123746285,-0.0,0.0,0.0,-1170.394130633658,-20.67674964299636,-6140.70814346724,351.7025999999999,0.0,-0.0,2.305630507047802,-0.0,0.0,0.0,1599.3699424073948,-30.871000000000002,-1922.5071729144422,15929.21070471777,0.0,-831.8327714554298,19.597142308331506,-0.0,0.0,0.0,720.0,-19.512,-15817.463075570671,62254.15607126761,0.0,-0.0,78.31803717131234,-112.43003650329803,0.0,0.0,3110.0,-50.6715,-65279.372571935615
t124,13279.281636849755,112.54535578710647,-1717.4546442128935,21.78546005229384,-7.090121110084369,0.0,0.0,-371.4808400872201,-39.019999999999996,-11278.566847278957,2285.552642919244,240.0,-0.0,1.5010749549311273,-7.838192923827826,0.0,0.0,-1544.746036847966,-17.911,-956.5584881023822,339.26484999999997,0.0,-0.0,1.1385942100077182,-0.0,0.0,0.0,395.00520095594214,-11.386,-724.0226451659498,2731.60437,0.0,-0.0,2.2556570976687467,-0.0,0.0,0.0,-1218.797327178219,-79.74457735813047,-1435.3181225613196,1150.5831121788035,0.0,-0.0,0.2571282108302808,-0.0,0.0,0.0,-975.8654663038568,-10.8,-164.17477408577696,2094.675569199969,2098.6148344070616,-4326.264489830242,1.375871347466631,-0.0,0.0,0.0,1087.1488089975267,-69.4125,-886.1380941217822,613.3478954175694,1714.6206406276913,-0.0,2.5538557898845853,-0.0,0.0,0.0,-645.9097099191142,-102.46132700112683,-1582.151354914904,8163.065630261946,0.0,-0.0,9.136382169644726,-0.0,0.0,0.0,-2136.835469704313,-20.67674964299636,-6014.689793084282,351.7025999999999,0.0,-0.0,3.110862941906027,-20.056583887306328,0.0,0.0,1581.4808400872203,-30.871000000000002,-1885.3667191418197,15976.68670471777,0.0,-782.7545476607779,26.881715316308835,-0.0,0.0,0.0,720.0,-19.512,-15921.301872373302,63521.14910511941,0.0,-0.0,99.53567178324539,-56.38929402733335,0.0,0.0,3110.0,-50.6715,-66623.62398287533
t125,11509.244025694883,0.0,-1830.0,18.983467060363317,-78.08691802042793,0.0,0.0,1718.821916120994,-39.019999999999996,-11299.942490855812,2132.03883,240.0,-0.0,1.3348727025854188,-0.0,0.0,0.0,-1405.7437543517015,-17.911,-949.718948350884,339.26484999999997,0.0,-0.0,1.0121800469400721,-0.0,0.0,0.0,390.2461721691721,-11.386,-719.1372022161121,2717.2429300000003,0.0,-0.0,2.0073313566130544,-2.593152849996862,0.0,0.0,-1213.3192673146918,-79.74457735813047,-1423.5932638337936,1250.2800621788035,0.0,-0.0,0.22706293959139412,-0.0,0.0,0.0,-1077.486812628877,-10.8,-162.2203124895177,2117.4673691999687,4834.793222301971,-1590.0861019353333,1.2230872657390308,-2.06074078199816,0.0,0.0,-4412.625234937223,-69.4125,-879.2991011131245,613.3478954175694,0.0,-1714.6206406276913,2.273258277360552,-3.837241456134506,0.0,0.0,2775.722531825013,-102.46132700112683,-1570.4244764349912,8167.438725893546,0.0,-0.0,8.129320224879443,-34.36920893708215,0.0,0.0,-2152.72284343377,-20.67674964299636,-5967.799244104577,351.7025999999999,0.0,-0.0,2.7671211541740988,-0.0,0.0,0.0,1547.107292551084,-30.871000000000002,-1870.706013705258,16001.160539161816,0.0,-372.9708751708054,24.01197197116565,-49.02808190442541,0.0,0.0,720.0,-19.512,-16303.661554057751,65180.8019742474,0.0,-0.0,99.41018603301366,-256.9354163140508,0.0,0.0,3110.0,-50.6715,-68082.60524396636
t126,10618.89175465709,0.0,-1830.0,46.348293553551244,-23.44292415910462,0.0,0.0,2834.197338180926,-39.02,-11606.974462232462,2321.9676299999996,0.0,-240.0,3.1202541695646833,-1.7227239213265868,0.0,0.0,-1104.0102866090717,-17.911,-961.4438736391666,339.26484999999997,0.0,-0.0,2.366712298230994,-1.305643393005413,0.0,0.0,398.99108062059446,-11.386,-727.93099952582,3111.9725500000004,0.0,-0.0,4.689037557150769,-0.0,0.0,0.0,-1594.759386713311,-79.74457735813047,-1442.1576234857098,1186.4757621788035,0.0,-0.0,0.5342088099052497,-0.2901429762234251,0.0,0.0,-1010.7678231285788,-10.8,-165.15200488390659,2106.6566000000003,3719.8583017445226,-2705.021022492782,2.859918373037991,-0.0,0.0,0.0,-2164.89520749805,-69.4125,-890.0460901267294,613.3478954175694,1714.6206406276913,-0.0,5.309027226008145,-0.0,0.0,0.0,-639.8697224953034,-102.46132700112683,-1590.9465137748386,8167.438725893546,0.0,-0.0,18.99240481109635,-0.0,0.0,0.0,-2124.6886541762797,-20.67674964299636,-6041.0657268853665,351.7025999999999,0.0,-0.0,6.4666100089837375,-6.982968699426019,0.0,0.0,1575.8026618190738,-30.871000000000002,-1896.1179031286315,15982.587219656123,814.5252444618068,-0.0,61.079633086701335,-30.3030145027804,0.0,0.0,720.0,-19.512,-17528.377082701852,68166.40770583409,1099.7407046169183,-0.0,226.81207899411825,-0.0,0.0,0.0,3110.0,-50.6715,-72552.28898944512
t127,11579.807795881308,294.6405788474417,-1535.3594211525583,132.61907351891182,-0.0,0.0,0.0,2040.0,-39.019999999999996,-12472.688027095102,2117.26933,205.70738921435736,-34.292610785642644,8.871031899931644,-0.0,0.0,0.0,-1262.506871570138,-17.911,-1017.1372687585085,339.26484999999997,0.0,-0.0,6.727968880953912,-0.0,0.0,0.0,435.33899001347044,-11.386,-769.9458088944243,3405.5998100000006,0.0,-0.0,13.334067913873588,-0.0,0.0,0.0,-1813.9805944167233,-79.74457735813047,-1525.2087061390198,1321.5225621788036,0.0,-0.0,1.5155243880148128,-0.0,0.0,0.0,-1138.2910044997452,-10.8,-173.9470820670732,2083.8648000000003,5069.039244242142,-1355.8400799951626,8.129977135944735,-0.0,0.0,0.0,-4794.931403191881,-69.4125,-940.8500381910433,613.3478954175694,0.0,-1714.6206406276913,15.098249835847614,-0.0,0.0,0.0,2875.3518437361945,-102.46132700112683,-1686.7160213607933,8167.438725893546,0.0,-0.0,54.00557886150851,-0.0,0.0,0.0,-1829.5142124946003,-20.67674964299636,-6371.253342617458,369.6065999999999,0.0,-0.0,17.900408436752404,-0.7883338766131718,0.0,0.0,1658.5332524234227,-30.871000000000002,-2014.3809269835615,16543.866536113874,2210.242336222396,-0.0,171.90617940563578,-0.0,0.0,0.0,720.0,-19.512,-19626.503051741904,76696.31715300075,0.0,-0.0,637.7423205809785,-540.4561861738744,0.0,0.0,3110.0,-50.6715,-79852.93178740787
t128,13456.158963777578,0.0,-1830.0,237.22648309225715,-150.47480354225004,0.0,0.0,2600.1811651988764,-39.019999999999996,-14274.07180852646,2091.44303,0.0,-240.0,15.269563747758648,-2.2297683940756725,0.0,0.0,-709.2540723902791,-17.911,-1137.3177529634042,339.26484999999997,0.0,-0.0,11.582298152531752,-1.6906783723436942,0.0,0.0,523.0445779812179,-11.386,-860.8150477614058,3298.7303600000005,0.0,-0.0,22.945323036772585,-3.35330889391725,0.0,0.0,-1532.6108519296781,-79.74457735813047,-1705.9669448550471,1189.59294,0.0,-0.0,2.615802445513687,-0.3789865187649634,0.0,0.0,-985.5835963008238,-10.8,-195.44615962592496,2083.8648000000003,4529.158304721678,-1166.7,13.995992134507228,-2.0429589459838517,0.0,0.0,-4336.635713578163,-69.4125,-1052.227924332039,613.3478954175694,1451.2549102272778,1.2360968645799915e-13,25.978638020621055,-3.7976522859579918,0.0,0.0,-98.2495088590731,-102.46132700112683,-1886.072955519311,8167.438725893546,0.0,-0.0,92.9385793205671,-13.58004860686268,0.0,0.0,-1100.710834923202,-20.67674964299636,-7125.409672041052,460.9915999999999,0.0,-0.0,31.644920254735922,-19.7,0.0,0.0,1809.8188348011236,-30.870999999999995,-2251.884355055859,18956.400627624356,481.3101923341009,-0.0,294.7532050823713,-0.0,0.0,0.0,720.0,-19.512,-20432.95202504083,76557.14755936107,2264.3597480493813,-0.0,1073.6262624216206,-0.0,0.0,0.0,3110.0,-50.6715,-82954.46206983207
t129,14100.470145839536,235.17330648212715,-1594.8266935178729,238.68599111212438,-301.74418900228954,0.0,0.0,2564.2021230434593,-39.019999999999996,-15202.940683957084,2420.4578552104963,0.0,-240.0,15.260826338481085,-5.9614007087033025,0.0,0.0,-948.5457424294646,-17.911,-1223.3005384108094,339.73164999999995,0.0,-0.0,11.577668637785237,-4.519051623392946,0.0,0.0,590.8757162748391,-11.386,-926.2799832892313,3558.5147257558565,0.0,-0.0,22.92397528095632,-8.969621127031076,0.0,0.0,-1656.8070401331915,-79.74457735813047,-1835.9174624184614,1167.13934,0.0,-0.0,2.6235040008854016,-1.0083409693603314,0.0,0.0,-947.8498814336558,-10.8,-210.1046215978693,8587.070027468651,-2.679549930532759e-13,-1858.6714752727983,13.990546950074577,-5.460590721973781,0.0,0.0,-5535.174165990496,-69.4125,-1132.341842433457,1335.8758474327979,0.0,-0.0,25.951256981430816,-10.159884970001348,0.0,0.0,777.5896048351642,-102.46132700112683,-2026.795497278265,8167.438725893546,0.0,-0.0,92.8592363537262,-36.32089386895093,0.0,0.0,-520.0884911231959,-20.67674964299636,-7683.211827612129,569.5346,0.0,-0.0,31.62277898880881,-0.0,0.0,0.0,1845.7978769565407,-30.870999999999995,-2416.084255945349,20767.998760494025,0.0,-1468.2532023792369,284.5149077522092,-109.93774876541579,0.0,0.0,720.0,-19.512,-20174.810717101584,76523.46018701392,368.67002596797556,-0.0,1022.0012775705975,-0.0,0.0,0.0,3110.0,-50.6715,-80973.4599905525
t130,12774.187064641035,939.0683762986271,-890.9316237013729,162.46281048541226,-122.2,0.0,0.0,2471.677971678895,-39.019999999999996,-15295.244599402595,2613.3860706335586,0.0,-240.0,12.353981300184802,-8.166344058525315,0.0,0.0,-1101.1873935995613,-17.911,-1258.475314275657,340.21264999999994,0.0,-0.0,9.374244243660957,-6.18971623249452,0.0,0.0,620.6501972071885,-11.386,-952.6613752183549,3828.1435796182514,0.0,-0.0,18.549814592965813,-12.290493502922576,0.0,0.0,-1866.956068218462,-79.74457735813047,-1887.7022551317016,1093.65274,0.0,-0.0,2.1323563513348693,-1.3112772843075153,0.0,0.0,-867.7058126803804,-10.8,-215.96800638664706,11835.499675525005,585.6846566708964,-5839.194667566408,11.328050276762085,-7.4792768232839855,0.0,0.0,-5350.866129607462,-69.4125,-1165.5598084755084,1769.4452804907355,0.0,-172.1044119473231,20.99646256165594,-13.922714694858053,0.0,0.0,579.5676407754449,-102.46132700112683,-2081.520930184525,8167.438725893546,0.0,-0.0,75.14725695766403,-49.76534038371312,0.0,0.0,-253.50243387676656,-20.67674964299636,-7918.641458947733,564.3125999999999,0.0,-0.0,25.595590457803297,-19.7,0.0,0.0,1938.3220283211049,-30.870999999999995,-2477.6592187789074,20546.603783629096,0.0,-1533.7918046391846,227.4855828949727,-148.33452646775058,0.0,0.0,720.0,-19.512,-19792.451035417133,75595.94585622184,0.0,-0.0,788.0959697771109,-1169.886142341001,0.0,0.0,3110.0,-50.6715,-78273.48418365794
t131,10943.708943782533,1830.0,-0.0,206.65144043062136,-80.460848732305,0.0,0.0,2391.6137767680348,-39.019999999999996,-15252.493312248884,2473.3380719467186,0.0,-240.0,13.381206279263424,-18.927452551701286,0.0,0.0,-935.7722776809139,-17.911,-1274.108547993367,339.26484999999997,0.0,-0.0,10.154374281186168,-8.320204694491872,0.0,0.0,634.6734187112713,-11.386,-964.3864382979655,3988.3007702287923,0.0,-0.0,20.089470662659505,-50.19386798746234,0.0,0.0,-1967.2998229591058,-79.74457735813047,-1911.1519725867538,1123.48174,0.0,-0.0,2.31273621620873,-1.9235563722592002,0.0,0.0,-894.1712210629136,-10.8,-218.89969878103594,12909.652018345498,1028.7114241918161,-5396.167900045488,12.270827024205076,-10.05372168518655,0.0,0.0,-7294.785354336783,-69.4125,-1180.2147934940606,2058.5841517428144,0.0,-1714.6206406276913,22.738118606684573,-84.8402781531536,0.0,0.0,1926.551902450149,-102.46132700112683,-2105.9519270176766,7733.638725893546,0.0,-0.0,81.3869505651216,-66.8684061643609,0.0,0.0,290.80335487829586,-20.67674964299636,-8018.283875529607,575.5025999999999,0.0,-0.0,27.722497193441388,-83.7596907733753,0.0,0.0,2018.3862232319652,-30.870999999999995,-2506.9806296520305,20546.580406747864,0.0,-1601.2236173234844,242.65949044173993,-422.1264755301423,0.0,0.0,720.0,-19.512,-19466.377804335978,73109.98108197795,0.0,-0.0,800.8650969925798,-671.0,0.0,0.0,3110.0,-50.6715,-76299.17467897054
t132,10869.992434350204,1830.0,-0.0,253.48387133105012,-122.2,0.0,0.0,2387.3654943738075,-39.019999999999996,-15179.62180005506,2415.7681304730786,0.0,-240.0,16.587608225551364,-51.25780084528437,0.0,0.0,-841.2617730011242,-17.911,-1281.925164852222,339.26484999999997,0.0,-0.0,9.438676381550117,-8.568886624818692,0.0,0.0,642.477418671007,-11.386,-971.2260584277383,4143.307546043881,0.0,-0.0,23.17401208525856,-0.45142695406313393,0.0,0.0,-2162.4316509420396,-79.74457735813047,-1923.853902874907,722.0558399999999,0.0,-0.0,2.1447875575124002,-1.9246172199847642,0.0,0.0,-491.59908075836194,-10.8,-219.87692957916556,14319.389856381946,632.1624664022793,-5792.716857835025,11.405873611142948,-10.35441940978134,0.0,0.0,-7902.443633646606,-69.4125,-1188.030785503955,2139.4858291069254,0.0,-1714.6206406276913,28.185359980777335,-34.41900971958239,0.0,0.0,1802.4858336316138,-102.46132700112683,-2118.6560453709153,7333.091574178981,0.0,-0.0,75.67450158908146,-23.965150416340357,0.0,0.0,712.7728860455109,-20.67674964299636,-8076.897061754238,542.3055999999999,0.0,-0.0,31.382983593017087,-45.76551485549227,0.0,0.0,2022.6345056261925,-30.871000000000002,-2519.686574363717,20201.11090958822,0.0,-2088.3691088418295,297.10912425160785,-60.28676391742387,0.0,0.0,720.0,-19.512,-19050.052161080574,70345.76197720741,0.0,-0.0,962.2235727220448,-17.5907414468943,0.0,0.0,3110.0,-50.6715,-74349.72330848257
t133,14656.847025951158,0.0,-1830.0,274.7088437893435,-500.39812224708373,0.0,0.0,2489.2301911005125,-39.019999999999996,-15051.367938593927,2221.7546716614434,0.0,-240.0,17.7921717701558,-14.501792773273609,0.0,0.0,-687.1630400208177,-17.911,-1279.9710106375082,339.26484999999997,0.0,-0.0,13.50314947430503,-5.68155037314793,0.0,0.0,633.5714321466462,-11.386,-969.2718812478032,4184.564438394531,0.0,-0.0,26.705575439427818,-79.7,0.0,0.0,-2131.87981984343,-79.74457735813047,-1919.9456166323982,654.8590399999998,0.0,-0.0,3.0820045317548432,-1.3045251612061712,0.0,0.0,-425.95958979138294,-10.8,-219.87692957916556,15336.541745199675,0.0,-6424.879324237304,16.31769148947688,-6.8659219010851125,0.0,0.0,-7665.624903049279,-69.4125,-1186.0767875014812,2165.8091427782756,128.61724099076196,-1586.0033996369293,30.224096602339873,-0.0,0.0,0.0,1478.5613321442884,-102.46132700112683,-2114.747085877611,7508.515282713222,0.0,-0.0,108.19562448480345,-90.33120789676961,0.0,0.0,558.4945884139748,-20.67674964299636,-8064.197538072235,587.0655999999999,0.0,-0.0,36.85788328960602,-0.0,0.0,0.0,1920.7698088994875,-30.871000000000002,-2513.822292189093,19619.933296932915,0.0,-1974.0944840277837,318.45429835634127,-0.0,0.0,0.0,720.0,-19.512,-18664.781111261473,69226.11249639402,0.0,-0.0,1026.343010075968,-527.1670704684416,0.0,0.0,3110.0,-50.6715,-72784.61693600156
t134,13720.693781690381,0.0,-1830.0,282.4860301001398,-0.0,0.0,0.0,2632.5234191661957,-39.019999999999996,-14766.683230956716,2441.918235843498,0.0,-240.0,18.431843290030045,-21.722222286912235,0.0,0.0,-915.4020028194609,-17.911,-1265.3148540271552,339.26484999999997,0.0,-0.0,13.988279839635089,-18.80344912322421,0.0,0.0,634.4831374517818,-11.386,-957.5468181681927,4266.535207108931,0.0,-0.0,27.667105679564372,-22.135652747042858,0.0,0.0,-2294.849111945348,-79.74457735813047,-1897.4729707379734,658.2593599999998,0.0,-0.0,3.1912426759561052,-4.2784239615042745,0.0,0.0,-429.4269415296749,-10.8,-216.9452371847767,15352.728041044635,0.0,-6424.879324237304,16.903915079718786,-22.722536852318434,0.0,0.0,-7680.218793550563,-69.4125,-1172.3988014841661,2161.183730481027,0.0,-1714.6206406276913,31.3128584609703,-61.536955063310174,0.0,0.0,1775.4611829212645,-102.46132700112679,-2089.3388491711335,7318.306258081246,0.0,-0.0,112.08997631186332,-108.27868767221153,0.0,0.0,669.9525294720002,-20.676749642996324,-7971.393326549902,699.7115999999999,0.0,-0.0,38.18370048216573,-0.0,0.0,0.0,1777.4765808338043,-30.871000000000002,-2484.5008813159698,21153.72180931305,0.0,-3070.0,328.3954009264015,-816.5973960340476,0.0,0.0,720.0,-19.512,-18296.007814205404,71204.91120656527,0.0,-2261.1423907140543,1047.8389717010439,-1711.9154634574122,0.0,0.0,3110.0,-50.6715,-71339.02082409486
t135,13172.43296138935,0.0,-1830.0,305.7052738097719,-45.56779435320241,0.0,0.0,2991.319594667414,-39.019999999999996,-14554.870035513331,2231.372527758222,0.0,-240.0,19.83386354114589,-16.80836550425359,0.0,0.0,-724.8512512709556,-17.911,-1251.635774524159,339.26484999999997,0.0,-0.0,15.053488354789408,-0.0,0.0,0.0,604.8435939137278,-11.386,-947.7759322685173,4295.264902165166,0.0,-0.0,29.766718985597223,-25.21254825638039,0.0,0.0,-2342.1429560108227,-79.74457735813047,-1877.9315395254298,725.4561599999998,0.0,-0.0,3.439456138244124,-0.0,0.0,0.0,-503.1048405497265,-10.8,-214.99077558851744,16715.65009469463,0.0,-6424.879324237304,18.191238066080036,-0.0,0.0,0.0,-9079.851694055318,-69.4125,-1159.6978144680877,2115.797669241784,0.0,-1714.6206406276913,33.68723013739267,-28.527959800797376,0.0,0.0,1762.9873601350719,-102.4613270011269,-2066.8623320846336,5769.299043135691,0.0,-0.0,120.60055147564175,-20.05399409678725,0.0,0.0,2042.1197878380226,-20.676749642996437,-7891.288638709571,692.2515999999999,0.0,-0.0,18.74437815292899,-6.823206972482018,0.0,0.0,1783.832459987275,-30.871000000000002,-2457.1342311677213,21397.82878797681,0.0,-3070.0,48.19054352113356,-708.4251881929346,0.0,0.0,354.847945345311,-19.512,-18002.93008865032,71793.55452287846,0.0,-1750.9149446476486,211.46704305156152,-3159.0,0.0,0.0,3110.0,-50.6715,-70154.4351212824
t136,13535.821365200447,0.0,-1830.0,384.4071719277288,-122.2,0.0,0.0,2443.1969078193033,-39.019999999999996,-14372.205444947478,2371.451326244918,0.0,-240.0,25.20337316715605,-5.558999957286645,0.0,0.0,-893.2738502189113,-17.911,-1239.9108492358764,339.26484999999997,0.0,-0.0,19.130511676471297,-37.31313680973304,0.0,0.0,629.2859100920712,-11.386,-938.9821349588094,4304.5740956989275,0.0,-0.0,37.81839397136774,-13.899210762963516,0.0,0.0,-2388.404450115062,-79.74457735813047,-1860.3442514341407,792.6529599999999,0.0,-0.0,4.378323993198707,-8.536252624385119,0.0,0.0,-564.6587173765554,-10.8,-213.0363139922582,10155.076481609389,2280.8104375346898,-4144.068886702615,23.118201405633588,-45.090873645094085,0.0,0.0,-7051.482034747519,-69.4125,-1148.9508254544828,1958.1765135864005,465.3680727430087,-1249.2525678846825,42.79667446375281,-9.47955782189933,0.0,0.0,943.146966405985,-102.46132700112668,-2048.2947744914386,6922.338751076508,0.0,-0.0,153.2280889706492,-321.2772239982928,0.0,0.0,1085.3861759599915,-20.67674964299621,-7818.999042365859,554.9875999999999,0.0,-0.0,52.205274066875035,-109.44786377834834,0.0,0.0,1966.8030921806967,-30.871000000000002,-2433.677102469223,19834.249854638772,0.0,-2532.77822203334,459.19901196279886,-459.19901196279886,0.0,0.0,720.0,-19.512,-18001.959632605434,67072.46869442199,0.0,-527.1092717813726,1418.0491392647955,-1418.0491392647955,0.0,0.0,3110.0,-50.6715,-69604.68792264063
t137,11886.121260927137,784.2594213797377,-1045.7405786202623,490.440387663091,-38.66108543275307,0.0,0.0,2298.8560930149056,-39.019999999999996,-14336.255498931856,2366.7316832580304,0.0,-240.0,23.786678318039936,-46.45654956480165,0.0,0.0,-848.1941169901063,-17.911,-1237.9566950211627,339.26484999999997,0.0,-0.0,2.164963880691772,-35.264963880691774,0.0,0.0,643.2261963688419,-11.386,-938.0050463688418,4102.070585391204,0.0,-0.0,35.695051948453596,-69.69985881859617,0.0,0.0,-2130.9081644106714,-79.74457735813047,-1857.4130367522591,859.84976,0.0,-0.0,0.48110308459817147,-8.08110308459817,0.0,0.0,-629.3906768058714,-10.8,-212.05908319412856,13166.07540216017,448.0321188036278,-5976.847205433676,2.615998022502557,-42.61599802250256,0.0,0.0,-6380.85098807811,-69.4125,-1146.996827452009,1641.2432022730097,785.9916108249989,-928.6290298026923,40.39478175310772,-78.87116873155648,0.0,0.0,687.69498555572,-102.46132700112683,-2045.3630548714602,7671.599731092501,0.0,-0.0,17.40991787389633,-282.40991787389635,0.0,0.0,418.42276436019745,-20.67674964299636,-7804.345745809701,381.1695999999999,0.0,-0.0,66.50341648836957,-96.22358172911498,0.0,0.0,2111.1439069850944,-30.871000000000002,-2431.722341744348,17014.462203839183,753.7987863556436,-0.0,600.9613811618209,-600.9613811618209,0.0,0.0,720.0,-19.512,-18468.748990194825,66740.29496321856,0.0,-0.0,1835.1562829260401,-1103.6482835319957,0.0,0.0,3110.0,-50.6715,-70531.1314626126
t138,13962.9410165046,784.2594213797377,-1045.7405786202623,561.3594485688768,-708.7,0.0,0.0,1213.690736782981,-39.019999999999996,-14728.790044615927,2418.5823528604915,240.0,-0.0,37.222637377688784,-33.850268610776475,0.0,0.0,-1388.4996386738176,-17.911,-1255.5440829535864,339.62424999999996,0.0,-0.0,28.254154920250542,-0.0,0.0,0.0,594.2147931181694,-11.386,-950.7071980384198,3710.716760507061,0.0,-0.0,55.851705375832715,-0.0,0.0,0.0,-1804.0069911961978,-79.74457735813047,-1882.8168973285656,1061.70476,0.0,-0.0,6.468483435243516,-0.0,0.0,0.0,-842.3824678467262,-10.8,-214.99077558851744,7370.900330241931,2910.3760866193156,-3514.5032376179884,34.14367212158435,-31.055292303464658,0.0,0.0,-5537.82024758958,-69.4125,-1162.628811471798,1100.0597532376703,785.9916108249989,-928.6290298026923,63.20306697446007,-0.0,0.0,0.0,1155.5389369646055,-102.46132700112668,-2073.703011197916,7194.799104415226,0.0,-0.0,226.2950116793189,-205.74131151045336,0.0,0.0,710.2889938875576,-20.67674964299621,-7904.9650488286525,351.7025999999999,0.0,-0.0,77.10055023908961,-0.0,0.0,0.0,2068.9758845530073,-30.870999999999995,-2466.908034792096,17321.63930213148,1490.0,-0.0,733.9894557187198,-481.80894773471215,0.0,0.0,720.0,-19.512,-19764.307810115486,71037.1382607444,0.0,-0.0,2202.0256509329556,-2933.533650327,0.0,0.0,3110.0,-50.6715,-73364.95876135035
t139,17174.23174977307,1830.0,-0.0,498.7944430671039,-708.7,0.0,0.0,-2977.166372633164,-39.019999999999996,-15778.139820207009,2317.5096799999997,131.72165011504467,-108.27834988495533,32.60192205895156,-0.0,0.0,0.0,-1046.3605784308265,-17.911,-1309.2833238582145,339.26484999999997,0.0,-0.0,24.74358969384874,-0.0,0.0,0.0,638.1453905332404,-11.386,-990.7678302270891,3091.5066196159396,0.0,-0.0,48.9314783242284,-0.0,0.0,0.0,-1096.7796837214169,-79.74457735813047,-1963.9138368606211,941.63431,0.0,-0.0,5.650898168370178,-0.0,0.0,0.0,-711.7221245985565,-10.8,-224.7630835698137,2114.0708,4311.73246967054,-2113.1468545667644,29.901100622733203,-3.0883798181196918,0.0,0.0,-3057.6008753735136,-69.4125,-1212.455760534875,613.3478954175694,785.9916108249989,-928.6290298026923,55.37708614723866,-5.750776213050461,0.0,0.0,1743.7791404243253,-102.46132700112683,-2161.6545997972626,7594.298578451921,0.0,-0.0,198.24491661356308,-20.55370016886554,0.0,0.0,495.5622565520497,-20.67674964299636,-8246.87530180567,351.7025999999999,0.0,-0.0,67.53590596260247,-0.0,0.0,0.0,2182.1428472478624,-30.871000000000002,-2570.510353210464,17227.55934847519,2128.5657893723414,-0.0,607.307425875786,-0.0,0.0,0.0,720.0,-19.512,-20663.920563723317,72162.86017422589,0.0,-0.0,2026.2752201543135,-388.0690317527788,0.0,0.0,3110.0,-50.6715,-76860.39486262744
t140,15675.105378564987,1830.0,-0.0,324.4409433127375,-494.8302818396798,0.0,0.0,-1160.0,-39.019999999999996,-16135.696040038045,2431.571925959452,211.0596312428866,-28.94036875711338,21.647319490428522,-36.35986327306426,0.0,0.0,-1217.0680027923895,-17.911,-1363.9996418701996,339.26484999999997,0.0,-0.0,16.42644608831287,-6.673614494487055,0.0,0.0,695.1509580018678,-11.386,-1032.7826395956936,3036.6760129505956,0.0,-0.0,32.50241562080723,-78.65453989877291,0.0,0.0,-864.7914633611954,-79.74457735813047,-2045.9878479533038,1003.58136,0.0,-0.0,3.738200287413587,-1.4830254432193455,0.0,0.0,-761.4783740912138,-10.8,-233.5581607529803,2114.6200000000003,5251.838777565327,-1173.0405466719765,19.850120293094143,-19.376736448773755,0.0,0.0,-4860.242407137246,-69.4125,-1264.2367076004257,613.3478954175694,1714.6206406276913,-0.0,36.788738951069476,-74.0,0.0,0.0,65.21919989470962,-102.4613270011269,-2253.515147889913,6726.191719077873,0.0,-0.0,131.67208796386197,-194.46090485351112,0.0,0.0,1951.9207208599228,-20.67674964299636,-8594.64687340515,351.7025999999999,0.0,-0.0,44.84921304193152,-6.993227864018153,0.0,0.0,2321.289368625545,-30.871000000000066,-2679.9769538034575,17334.01904316971,2128.740312032667,-0.0,394.3273401328478,-161.5,0.0,0.0,720.0,-19.512,-20396.074695335225,72261.50905277418,0.0,-0.0,1357.9017137803153,-0.0,0.0,0.0,3110.0,-50.6715,-76678.7392665545
t141,14895.6547298072,1830.0,-0.0,253.03801332224816,-783.0721398333359,0.0,0.0,-360.0,-39.019999999999996,-15796.600603296112,2501.31650647684,240.0,-0.0,14.617950738747705,-0.0,0.0,0.0,-1394.5424345998822,-17.911,-1343.4810226157053,339.26484999999997,0.0,-0.0,11.094448901321154,-0.0,0.0,0.0,678.1759232548918,-11.386,-1017.1492221562129,2744.8763729505954,0.0,-0.0,15.75974673493262,-0.0,0.0,0.0,-666.1699843141632,-79.74457735813047,-2014.7215580132342,965.17826,0.0,-0.0,2.2425697037083516,-0.0,0.0,0.0,-725.994361345117,-10.8,-230.62646835859144,2129.4484,4805.673116853471,-1619.2062073838338,12.784364708917503,-8.7,0.0,0.0,-4005.890446602865,-69.4125,-1244.6967275756897,613.3478954175694,1714.6206406276913,-0.0,20.835834724351518,-16.2,0.0,0.0,-10.8312914449848,-102.46132700112683,-2219.3117523235005,8167.438725893546,0.0,-0.0,84.74508734875143,-57.9,0.0,0.0,285.25259505212045,-20.67674964299636,-8458.859658651421,351.7025999999999,0.0,-0.0,28.871781811685395,-79.799022868162,0.0,0.0,2370.0,-30.871000000000002,-2639.9043589435223,17272.22116912224,2009.0757355731585,-0.0,327.8667541295357,-355.1344639121059,0.0,0.0,720.0,-19.512,-19954.517194912827,72009.91394028113,0.0,-0.0,1118.8570934911947,-671.0,0.0,0.0,3110.0,-50.6715,-75517.09953377233
t142,14010.25438801824,1661.7016740022789,-168.29832599772118,206.42117725877142,-81.22567431686052,0.0,0.0,-315.9642831389692,-39.019999999999996,-15273.86895582574,2298.47455647684,240.0,-0.0,15.533291610541564,-9.5,0.0,0.0,-1225.1301410880226,-17.911,-1301.4667069993595,339.26484999999997,0.0,-0.0,11.78501277213466,-7.2,0.0,0.0,653.4185245051169,-11.386,-985.8823872772515,2811.713902950595,0.0,-0.0,23.330635099194847,-14.3,0.0,0.0,-787.8339109979374,-79.74457735813047,-1953.1660496937222,1029.16081,0.0,-0.0,2.289166635642477,-9.2,0.0,0.0,-788.641354662088,-10.8,-222.80862197355444,2106.6566000000003,5480.125378399834,-944.753945837471,14.241150824028908,-48.7,0.0,0.0,-5331.562916858938,-69.4125,-1206.5937665274541,613.3478954175694,844.4212028125635,-870.1994378151278,26.410594159556737,-16.2,0.0,0.0,1653.6315538705876,-102.46132700112683,-2148.9504814440234,8167.438725893546,0.0,-0.0,94.50878704694968,-57.9,0.0,0.0,24.42908102508386,-20.67674964299636,-8207.799844322582,351.7025999999999,0.0,-0.0,32.18608171688735,-86.77624201302486,0.0,0.0,2287.6534473451657,-30.871000000000002,-2553.8948870490276,15954.746701353675,2077.3440547742784,-0.0,267.9801466635202,-0.0,0.0,0.0,720.0,-19.512,-19000.558902791472,68900.60097126919,0.0,-0.0,926.0321656993865,-0.0,0.0,0.0,3110.0,-50.6715,-72885.96163696857
t143,12651.68539721783,1830.0,-0.0,159.5489538129823,-122.2,0.0,0.0,-174.85069730165242,-39.019999999999996,-14305.163653729158,2083.96605647684,240.0,-0.0,11.187010607482609,-53.1,0.0,0.0,-1021.2999865263764,-17.911,-1242.842080557947,339.26484999999997,0.0,-0.0,8.486808935532538,-32.898254381117006,0.0,0.0,637.468907584329,-11.386,-940.9363121387445,2976.1075519163364,0.0,-0.0,16.80553303560653,-76.02524117785123,0.0,0.0,-972.8907287393117,-79.74457735813047,-1864.2525376766494,1022.57936,0.0,-0.0,1.9220285538301898,-9.2,0.0,0.0,-791.465074561572,-10.8,-213.0363139922582,2083.8648000000003,4405.809168652979,-2019.0701555843252,10.255508977240844,-0.0,0.0,0.0,-3259.564999587702,-69.4125,-1151.8818224581933,613.3478954175694,1714.6206406276913,-0.0,19.02522756909905,-74.0,0.0,0.0,-119.30594250181457,-102.46132700112683,-2051.2264941114167,8099.197177355338,0.0,-0.0,68.07408687722933,-0.0,0.0,0.0,-312.9421756675524,-20.67674964299636,-7833.652338922017,351.7025999999999,0.0,-0.0,23.18170697975843,-90.3,0.0,0.0,2184.8506973016524,-30.870999999999995,-2438.56400428141,16577.569220693193,234.99378974111477,-0.0,185.00871218494615,-113.39618931410968,0.0,0.0,720.0,-19.512,-17584.663533305145,65197.61544621955,0.0,-0.0,664.1686750990943,-172.118164390002,0.0,0.0,3110.0,-50.6715,-68748.99445692865
t144,12615.867111133994,1830.0,-0.0,103.88632001252475,-740.0800308694883,0.0,0.0,-735.3972990455954,-39.019999999999996,-13035.256101231433,2008.334080886534,240.0,-0.0,7.362840205454209,-0.0,0.0,0.0,-1083.8578573035168,-17.911,-1153.9280637884713,339.26484999999997,0.0,-0.0,5.585939054457553,-33.1,0.0,0.0,573.1524103765265,-11.386,-873.517199430984,2992.6934119163366,0.0,-0.0,11.059644084236504,-0.0,0.0,0.0,-1192.637673211089,-79.74457735813047,-1731.3708054313536,1040.42391,0.0,-0.0,1.2662123231641895,-0.0,0.0,0.0,-833.48950110098,-10.8,-197.4006212221842,2072.832501401113,3771.429914720178,-2653.449409517126,6.750100662014169,-7.029756676178037,0.0,0.0,-2051.3069442357005,-69.4125,-1069.8139063543015,613.3478954175694,1714.6206406276913,-0.0,12.519992154442113,-13.08989174184876,0.0,0.0,-319.31955647089444,-102.46132700112683,-1905.6177529858326,7694.098099170971,0.0,-0.0,44.80018171013362,-311.784242706978,0.0,0.0,-132.5408780543457,-20.67674964299636,-7273.896410476785,351.7025999999999,0.0,-0.0,15.256735856882939,-15.917954772495097,0.0,0.0,1945.3972990455954,-30.870999999999995,-2265.5676801299833,15116.176740746403,920.9002157218736,-0.0,120.74211714384859,-543.0000470157629,0.0,0.0,720.0,-19.512,-16315.307026596363,64343.30002596793,0.0,-0.0,398.0372955432258,-3159.0,0.0,0.0,3110.0,-50.6715,-64641.66582151116
t145,13090.27350554855,0.0,-0.0,56.448588783803274,-465.7505212109979,0.0,0.0,-760.0,-9.879999999999999,-11911.091573121357,1990.532224006057,0.0,-0.0,3.9696636026910546,-52.460953801711696,0.0,0.0,-873.7469177909509,-11.096585855945076,-1057.1974301601404,629.9148499999999,0.0,-0.0,3.011311155656849,-27.931221684577825,0.0,0.0,196.1724347775324,-0.9318190651932788,-800.2355551834181,4358.955544041833,0.0,-0.0,5.964183975964428,-79.7,0.0,0.0,-2650.885119359372,-47.57039419989294,-1586.7642144585318,1152.6903599999998,0.0,-0.0,0.6811156208801137,-6.305496581347802,0.0,0.0,-959.7996338570168,-6.4786475285348635,-180.7876976539806,2062.5404760171937,0.0,-0.0,3.692306512652385,-44.34779225058805,0.0,0.0,-1036.1525378269116,-5.802454211830705,-979.9299982405155,832.2266770878476,0.0,-0.0,6.752257517778604,-62.547746364312985,0.0,0.0,995.9047151749564,-25.031009909260387,-1747.3048935070096,6086.933669476556,0.0,-0.0,24.514007924622987,-311.6806337075505,0.0,0.0,861.5339735371964,-2.8430621126727478,-6658.457955118153,351.7025999999999,0.0,-0.0,8.226329329409587,-110.0,0.0,0.0,1843.2261675536151,-14.26706597859214,-2078.8880309044325,16845.329674512406,0.0,-564.6318414535299,66.74896370442107,-990.9503425127122,0.0,0.0,0.0,-0.0,-15356.496454250588,62000.86630715258,0.0,-0.0,250.27412584092545,-3127.1998821861284,0.0,0.0,2383.7469177909506,-39.258085855945076,-61468.42938274239
t146,12852.083834164254,0.0,-0.0,32.336066993353846,-442.40543271684146,0.0,0.0,-1248.4856234957094,-16.010494574871153,-11177.518350370185,1995.3119635268963,0.0,-0.0,2.2817606888353783,-0.0,0.0,0.0,-1000.0,-12.7,-984.8937242157316,629.9148499999999,0.0,-0.0,1.7309746957256664,-0.0,0.0,0.0,114.41624662095965,-0.5434771714495583,-745.5185941452357,4388.887924041833,0.0,-0.0,3.4279034923862732,-0.0,0.0,0.0,-2864.9324416279487,-50.05118623798229,-1477.3321996682882,1216.64761,0.0,-0.0,0.3918480098497355,-4.124813611958238,0.0,0.0,-1036.8549454397478,-6.998770881718297,-169.06092807642509,2039.7486760171935,0.0,-0.0,2.0917169291101727,-5.321311061117624,0.0,0.0,-1118.7142141321071,-6.2647995991398,-911.5400681539392,832.2266770878476,0.0,-0.0,3.8807274830335503,-0.0,0.0,0.0,828.9149022137244,-37.91791769670059,-1627.1043890879032,4589.444473992634,0.0,-0.0,13.885252565804224,-0.0,0.0,0.0,1600.2956924815453,-5.280975785189098,-6198.344443254795,351.7025999999999,0.0,-0.0,4.728339606130395,-0.0,0.0,0.0,1600.0562532912695,-20.296694908833004,-1936.1904979885664,15756.820299249193,0.0,-1580.0,39.02550976265023,-0.0,0.0,0.0,615.3041300880146,-4.522485356146907,-14826.62745374371,57248.55045128826,0.0,-0.0,144.5225293355521,-0.0,0.0,0.0,2510.0,-40.8615,-59862.21148062382
t147,12165.959237019086,0.0,-0.0,15.893825828883372,-25.35372620399284,0.0,0.0,-1335.9466188027848,-17.108130065974947,-10803.444587775217,1792.2261135268961,0.0,-0.0,1.1184509277145644,-0.9998672353089619,0.0,0.0,-839.7771953463736,-10.665170380898944,-941.902331492029,629.9148499999999,0.0,-0.0,0.848409549147545,-19.333306637439414,0.0,0.0,102.3307890124076,-0.4860712478089361,-713.2746706763068,4308.378830000001,0.0,-0.0,1.6805131240736504,-2.316368807612528,0.0,0.0,-2845.4055161640385,-49.491981485528626,-1412.8454766668947,1169.9009022022399,0.0,-0.0,0.10100883756940447,-0.0,0.0,0.0,-1001.9953606639396,-6.763468684481592,-161.24308169138808,2049.306006102573,0.0,-0.0,1.0252169162054594,-0.0,0.0,0.0,-1171.3117690078673,-6.559345906444056,-872.4601081044669,832.2266770878476,0.0,-46.371779312766115,1.9026084332338882,-43.23923492079611,0.0,0.0,851.3755052096697,-39.15065828876236,-1556.7431182084263,4132.261929288852,0.0,-0.0,6.8069549154956395,-67.374844679664,0.0,0.0,1864.1583561090422,-6.151722575159839,-5929.700673058566,351.7025999999999,0.0,-0.0,2.3178170836734804,-3.1910815041934817,0.0,0.0,1521.0118530848363,-18.72802148293207,-1853.1131671813841,15650.57370126647,0.0,-1487.8458419432957,19.551312979948047,-24.635416207216863,0.0,0.0,505.78276122267414,-3.717503294986655,-14659.709014023594,56679.97641552247,0.0,-0.0,75.24746480403587,-110.32874086365341,0.0,0.0,2349.7771953463734,-38.826670380898946,-58955.845664428336
t148,11850.862881510995,0.0,-0.0,21.531498355307747,-30.297096636893606,0.0,0.0,-1174.175912947275,-15.0779077074883,-10652.843462574645,1783.3754363318226,0.0,-0.0,1.5033316818009421,-0.0,0.0,0.0,-854.5958427874025,-10.853367203400012,-919.4295580228209,629.9148499999999,0.0,-0.0,1.140291183171802,-1.140291183171802,0.0,0.0,66.08613519908671,-0.31390914219566185,-695.687076056891,4208.073890000001,0.0,-0.0,2.2591091341467546,-13.715459741943366,0.0,0.0,-2769.116167415742,-48.85339993151736,-1378.6479720449436,1149.84260220224,0.0,-0.0,0.2574466546595067,-0.5268541844914731,0.0,0.0,-985.5863284564572,-6.6527077170810855,-157.33415849886958,2061.0730000000003,0.0,-0.0,1.3779208567977301,-8.878454579877108,0.0,0.0,-1195.9092444308505,-6.697091768812763,-850.9661300772572,832.2266770878476,0.0,-0.0,2.5577879691110184,-2.5577879691110184,0.0,0.0,723.9294443626559,-36.548118428467625,-1519.6080030220357,3811.354996398437,0.0,-0.0,9.150311636373004,-9.150311636373004,0.0,0.0,1979.321358017084,-6.531760481456377,-5784.144593934065,351.7025999999999,0.0,-0.0,3.1155697098980593,-18.933741879378694,0.0,0.0,1490.1342742838488,-16.887651242668788,-1809.1310508716992,15276.990226917449,0.0,-895.7321432048675,26.690878405105472,-115.5016543108105,0.0,0.0,355.3164413876493,-2.6115758441992223,-14645.152173350329,56860.372704849186,0.0,-0.0,93.07691955992945,-475.20198701528216,0.0,0.0,2364.5958427874025,-39.014867203400016,-58803.82861297783
t149,11554.662557784488,0.0,-0.0,18.80457441930294,-18.80457441930294,0.0,0.0,-899.899557390437,-11.635739445249985,-10643.1272609488,1979.8864863318224,0.0,-0.0,1.3381632968448147,-11.657087424141185,0.0,0.0,-1048.0561008902273,-12.829751472403613,-908.6817098418952,629.9148499999999,0.0,-0.0,1.0146641716327829,-1.0146641716327829,0.0,0.0,58.13313472024695,-0.1776173830962072,-687.8703673371507,4177.53485,0.0,-0.0,2.012324873793074,-2.012324873793074,0.0,0.0,-2767.744036567381,-46.77598635771034,-1363.0148270749087,1229.25240220224,0.0,-0.0,0.22757203082474814,-0.16255771282726098,0.0,0.0,-1066.7372432258526,-7.2004763917745045,-155.37969690261033,2083.8648000000003,0.0,-0.0,1.2260881845376375,-0.8839075634982313,0.0,0.0,-1235.1171853171377,-6.91665623777597,-842.1731390661259,832.2266770878476,0.0,-0.0,2.2789309912989184,-2.2789309912989184,0.0,0.0,707.0447381565086,-36.276490068864405,-1502.9949251754927,3393.9961821097613,0.0,-0.0,8.14950384732257,-8.14950384732257,0.0,0.0,2332.3939204777075,-7.696899937576434,-5718.693202649893,351.7025999999999,0.0,-0.0,2.77396459118211,-2.77396459118211,0.0,0.0,1452.0738446289,-15.170381368386819,-1788.606063260513,14746.865326006433,0.0,-0.0,23.83647267809643,-23.83647267809643,0.0,0.0,218.2002015473487,-1.6037714813730128,-14963.46175607241,58065.9957227394,0.0,-0.0,93.68830019529899,-146.90649244675694,0.0,0.0,2249.7082838603237,-36.00705949399504,-60226.47875485428
t150,11444.154024029614,0.0,-0.0,45.54577224792034,-22.82224314525456,0.0,0.0,-515.8420945531433,-6.705947229190863,-10944.329511349944,2187.8908363318224,0.0,-0.0,3.0934284750379453,-1.6545712018007641,0.0,0.0,-1257.4820112591956,-13.395201430399828,-918.452480915464,629.9148499999999,0.0,-0.0,2.346334285945745,-1.253990805575316,0.0,0.0,66.28327798994937,-1.6033954134287485,-695.687076056891,4115.24727,0.0,-0.0,4.648850982040081,-2.4905650721843084,0.0,0.0,-2707.344125376303,-31.41345848861049,-1378.6479720449436,1202.85681,0.0,-0.0,0.5294746068694973,-0.2786646234611813,0.0,0.0,-1038.7618192049056,-7.011642279633112,-157.33415849886958,2105.192870230964,0.0,-0.0,2.8352914343244677,-1.5152388900701732,0.0,0.0,-1237.4440017648578,-18.10279093310333,-850.9661300772572,832.2266770878476,0.0,-0.0,5.263576519414906,-2.8214793125444606,0.0,0.0,731.9773066321989,-47.0380779048814,-1519.6080030220357,3170.8492211993516,0.0,-0.0,18.8295241671862,-10.084176061501497,0.0,0.0,2607.2927721546757,-8.604066148110428,-5778.283275311602,351.7025999999999,0.0,-0.0,6.411076795019865,-3.4310581763657946,0.0,0.0,1475.9990621820452,-20.573249566562623,-1810.1084312341368,14758.560687143823,0.0,-0.0,60.23786422344655,-30.27092661693152,0.0,0.0,1359.656612366031,-14.352490913388783,-16133.831746202983,63499.000958542136,0.0,-0.0,212.601370554451,-0.0,0.0,0.0,515.665020833505,-20.618876909372194,-64206.648473020716
t151,11030.761274209359,0.0,-0.0,133.8768290139879,-0.0,0.0,0.0,717.7917111026791,-6.316567057703576,-11876.113247268322,2377.968686331822,0.0,-0.0,8.984784539603087,-0.0,0.0,0.0,-1409.9777320673943,-3.806939876581965,-973.1687989274491,629.9148499999999,0.0,-0.0,6.814154644715641,-0.0,0.0,0.0,109.9777320673943,-9.981939876581965,-736.7247968355279,4234.35103,0.0,-0.0,13.505405653863143,-0.0,0.0,0.0,-2729.560380382745,-59.5282152547468,-1458.7678400163718,1134.93896,0.0,-0.0,1.534559515857982,-0.0,0.0,0.0,-962.867696087104,-6.499356948587952,-167.10646648016584,2127.984670230964,0.0,-0.0,8.234116268336873,-0.0,0.0,0.0,-1196.8900938990578,-39.512612461145494,-899.8160801390975,1171.8841770878478,0.0,-0.0,15.292395669786092,-0.0,0.0,0.0,482.12573879423644,-57.83376043718404,-1611.468551114686,3183.2297138530494,0.0,-0.0,54.699221711138975,-0.0,0.0,0.0,2875.8489606155513,-11.168323758510066,-6102.60957242123,370.3525999999999,0.0,-0.0,18.62225094489841,-0.0,0.0,0.0,1554.3898576278507,-20.85753565830684,-1922.5071729144422,14806.712223692915,1189.9165463694103,-0.0,181.50889008897718,-0.0,0.0,0.0,1920.0,-19.512,-18078.6256601513,71722.2393977922,0.0,-0.0,637.5991872603934,-127.40622414442531,0.0,0.0,-1360.838097771411,-23.999630523436814,-70847.59463261333
t152,12357.019228030045,0.0,-0.0,240.36043992373646,-0.0,0.0,0.0,1105.3555393860292,-12.60711652653555,-13690.128090813274,2502.868208749829,0.0,-0.0,15.535776093000162,-0.0,0.0,0.0,-1416.7258618964468,-4.420531384610541,-1097.2575915617724,629.9148499999999,0.0,-0.0,11.784070970691728,-0.0,0.0,0.0,198.7250647712442,-9.898684269523656,-830.525301472412,4193.84863,0.0,-0.0,23.345993795740448,-0.0,0.0,0.0,-2497.1654663599807,-74.64064933959774,-1645.3885080961622,1066.20691,0.0,-0.0,2.660692914731178,-0.0,0.0,0.0,-874.3601280116351,-5.901930864078537,-188.6055440390176,2129.4484,1717.087366618453,-0.0,14.239801843925225,-0.0,0.0,0.0,-2791.4689915985427,-54.20461457879462,-1015.1019622850405,1171.8841770878478,39.24907401032536,-0.0,26.432525689366088,-0.0,0.0,0.0,650.3713909753615,-70.27100337641524,-1817.6661643864863,2693.3023959420357,0.0,-0.0,94.56091791126568,-0.0,0.0,0.0,4111.819412290243,-15.564004060557803,-6884.118722082984,416.2315999999999,0.0,-0.0,32.19693660186823,-0.0,0.0,0.0,1742.1095311898393,-22.70842390546791,-2167.8296438862394,15204.929549936565,1580.0,-0.0,302.5254242714087,-0.0,0.0,0.0,1920.0,-19.512,-18987.942974207974,75432.21858244001,0.0,-0.0,1053.9553545376607,-0.0,0.0,0.0,-2148.6604907461124,-38.46248823247563,-74299.05095799908
t153,12556.042014687659,0.0,-0.0,240.1842369623745,-75.5035096524275,0.0,0.0,1897.624095767182,-26.555236073249738,-14591.791601691537,2422.827447577953,0.0,-0.0,15.46612225083237,-5.363480447117486,0.0,0.0,-1228.3289608996538,-12.567057506625433,-1192.0340709753893,630.0308499999999,0.0,-0.0,11.733267499635904,-4.064953602025884,0.0,0.0,266.12597148894406,-0.9952782565436425,-902.8298571300103,4430.160253443572,0.0,-0.0,23.232974274213287,-8.073449515134742,0.0,0.0,-2629.2758335545664,-28.00298870035592,-1788.0409559477298,1119.72791,0.0,-0.0,2.6581085615974143,-0.9033230226724186,0.0,0.0,-911.0915904939988,-6.149868235834491,-204.2412368090916,8423.080475611076,0.0,-0.0,14.17856270231593,-4.911818935781276,0.0,0.0,-7275.136256652798,-53.20209132722059,-1104.0088713975897,1275.233384247453,0.0,-0.0,26.301301885010396,-9.146145604558237,0.0,0.0,769.3651624853119,-89.68363864121231,-1972.0700643720052,2535.923405393699,0.0,-0.0,94.11038011715786,-32.689001882958145,0.0,0.0,4913.584016007002,-18.209827252823104,-7492.718972382077,402.0575999999999,0.0,-0.0,32.048485423546055,-11.122164716654153,0.0,0.0,1952.0764646329394,-25.43799404022821,-2349.622391299603,16245.433433462707,678.6921556082484,-0.0,286.3369176201141,-102.62795554052263,0.0,0.0,1920.0,-19.512,-19008.322551150548,73267.36827720833,0.0,-0.0,996.6734149833629,-671.0,0.0,0.0,325.0569312196369,-21.558223026489387,-73896.54040038484
t154,12479.071887799164,0.0,-0.0,192.37406510055848,-116.34860318132463,0.0,0.0,2151.4787923634367,-31.225206408044667,-14675.35093567379,2346.225702256391,0.0,-0.0,12.413763079157894,-8.0426346856384,0.0,0.0,-1112.3388232017426,-13.003314822644704,-1225.2546926255231,630.4024499999999,0.0,-0.0,9.419503988822338,-6.095470498589103,0.0,0.0,295.6818712799493,-1.1741943010161873,-928.2341604691663,4533.34657421443,0.0,-0.0,18.640001600573854,-12.106281684697803,0.0,0.0,-2648.014696974583,-53.016920055380425,-1838.848677100343,1045.0933509914169,0.0,-0.0,2.142201346053984,-1.3545489996864672,0.0,0.0,-830.1727159075391,-5.6036658323758886,-210.1046215978693,12064.238266170052,0.0,-1697.7116487163644,11.3827355094801,-7.7075408068345705,0.0,0.0,-9178.753766199858,-56.175206519309285,-1135.2728394371675,1608.8339515429816,0.0,-0.0,21.098710354395912,-13.714808621825481,0.0,0.0,502.72738633238714,-94.1042220763251,-2024.8410175316128,2731.0820710770518,0.0,-0.0,75.51224690494999,-49.017741926154024,0.0,0.0,4979.229621040492,-18.426457749433624,-7718.3797393469085,416.2315999999999,0.0,-0.0,25.719657005946555,-16.677884558639626,0.0,0.0,2010.1623312674574,-26.193110306476946,-2409.2425934082867,16528.032910260376,384.06809525801464,-0.0,228.882454085237,-146.69226570455368,0.0,0.0,1920.0,-19.512,-18894.779193899074,70850.68889691446,0.0,-0.0,777.72049877762,-347.4584242213981,0.0,0.0,1910.0,-50.6715,-73140.27947147068
t155,12923.164650470193,0.0,-0.0,204.80993314971766,-114.74595818848124,0.0,0.0,1666.3471451252542,-14.91265667132194,-14664.663113885363,2293.423017283977,0.0,-0.0,9.935172547537249,-49.77026348828106,0.0,0.0,-1000.0,-12.7,-1240.8879263432332,630.6214499999999,0.0,-0.0,10.142741644079216,-24.991487966169945,0.0,0.0,324.7520032965589,-1.5425720156586546,-938.9821349588094,4585.287995128356,0.0,-0.0,20.067072462758166,-16.458285909855775,0.0,0.0,-2685.872881847469,-41.70257683902067,-1861.3213229947678,912.6744509914168,0.0,-0.0,2.3096443704594534,-8.282659735033318,0.0,0.0,-689.0142752764687,-4.650846358116163,-213.0363139922582,13620.661491120578,0.0,-3832.1803070048627,9.114837199575458,-45.645195860808315,0.0,0.0,-8550.0,-53.0,-1148.9508254544828,1672.891261686443,0.0,-0.0,22.712930007433275,-31.60678844775261,0.0,0.0,464.7606668020917,-79.48605568345107,-2049.2720143647643,2628.237556174743,0.0,-0.0,81.29584958285787,-94.95302493763248,0.0,0.0,5219.731228852796,-19.220113055214227,-7815.091496617551,441.5955999999999,0.0,-0.0,27.69121901556678,-16.293632416756992,0.0,0.0,2001.7278572072523,-18.111800249526695,-2436.609243556535,17428.074961871178,0.0,-0.0,244.4786146614651,-139.67933031438923,0.0,0.0,1249.7657954053614,-12.07922146974293,-18770.56082015387,70630.78747232004,0.0,-0.0,797.0298994273962,-756.1951464100257,0.0,0.0,1997.8024604346226,-42.56129372854719,-72626.8633920435
t156,12306.52680832121,0.0,-0.0,251.28029931189963,-281.7547346554311,0.0,0.0,2379.4375972249904,-23.861941845173632,-14631.628028357494,2244.547634903575,0.0,-0.0,16.477928353487982,-0.5980971623310012,0.0,0.0,-1000.0,-12.7,-1247.7274660947314,630.8648499999999,0.0,-0.0,12.504411180759863,-6.1386544757491635,0.0,0.0,309.0822002447666,-1.4681404511626415,-944.8446664986146,4608.312548399293,0.0,-0.0,24.738317154696336,-66.98034425093101,0.0,0.0,-2649.5516791183445,-44.449732023045144,-1872.0691101616667,952.2116509914168,0.0,-0.0,2.8483195828588967,-1.3641454390553693,0.0,0.0,-734.722900764671,-4.959379580161529,-214.0135447903878,13560.252129487997,0.0,-3811.3203788328487,15.110682551532202,-4.275615742301687,0.0,0.0,-8550.0,-53.0,-1156.7668174643773,1648.1337004393467,0.0,-328.2995850245866,27.99975443170973,-87.81197257043561,0.0,0.0,882.7446287224752,-82.74487302715826,-2060.021652971351,3189.379012219209,0.0,-0.0,100.22075118233873,-170.31031869596717,0.0,0.0,4763.295909578671,-15.718876501609612,-7866.866477782642,457.2615999999999,0.0,-0.0,14.866431363634586,-105.04112488130865,0.0,0.0,2089.7142441121127,-8.463342688654057,-2448.3378079057843,18397.752066145873,0.0,-120.7550295079077,296.78229021946623,-197.22366092661872,0.0,0.0,0.0,-0.0,-18376.55566593081,69514.1922943969,0.0,-0.0,956.8274409517055,-1796.1781565110064,0.0,0.0,2510.0,-40.8615,-71143.9800788376
t157,11977.476300144519,0.0,-0.0,271.16116743730146,-0.0,0.0,0.0,2289.1246556945216,-22.728514428966243,-14515.033608847374,2250.283343577793,0.0,-0.0,17.718763386998592,-5.620486655346958,0.0,0.0,-1000.0,-12.7,-1249.6816203094452,630.8468499999999,0.0,-0.0,13.44732939783825,-35.647256264379266,0.0,0.0,338.78405622217855,-1.6092242670553478,-945.8217550885821,4674.953899759909,0.0,-0.0,26.595834360111635,-5.059133969531044,0.0,0.0,-2777.960954265569,-44.50639260199948,-1874.0232532829211,896.7067009914167,0.0,-0.0,3.0687927728449202,-0.566056947639837,0.0,0.0,-680.6018296759216,-4.594062350312471,-214.0135447903878,13097.545258260898,0.0,-3328.4965785533423,16.250228469660474,-24.5550917116025,0.0,0.0,-8550.0,-53.0,-1157.743816465614,1692.059237686847,0.0,-128.74305439642853,30.10007015606074,-5.73132659485335,0.0,0.0,557.6039503484872,-83.31274448210942,-2061.9761327180036,2704.7921846637237,0.0,-0.0,107.75063232947281,-269.9252604021548,0.0,0.0,5353.63856570335,-17.667007266821052,-7878.589115027568,462.1105999999999,0.0,-0.0,36.706029459396945,-0.0,0.0,0.0,1959.4115559729535,-7.935616801690461,-2450.2925686306594,19043.937045526694,0.0,-1274.270322051168,315.3418643304339,-155.83315856685505,0.0,0.0,0.0,-0.0,-17929.175429239105,66969.78844383736,0.0,-0.0,517.5991859339986,-0.0,0.0,0.0,2510.0,-40.8615,-69956.52612977136
t158,12183.130484638661,0.0,-0.0,280.96496732956894,-751.3956022330212,0.0,0.0,2640.983794187862,-27.144346617057664,-14326.539297306013,2273.370437462161,0.0,-0.0,18.261672325858548,-46.83787741099817,0.0,0.0,-1000.0,-12.7,-1232.0942323770214,630.8292499999999,0.0,-0.0,13.859016382042475,-13.859016382042475,0.0,0.0,303.7330855754877,-1.4427321564835665,-933.1196034190041,4597.110749293392,0.0,-0.0,27.412153746227993,-71.01854362789027,0.0,0.0,-2660.7800637015216,-44.10490300359314,-1848.6193927066145,923.1326899999999,0.0,-0.0,3.1612390163634023,-8.228648238085622,0.0,0.0,-702.2432862004258,-4.740142181852875,-211.08185239599894,13253.750304766687,0.0,-3505.560537668071,16.747699943420994,-19.82563459621261,0.0,0.0,-8550.0,-53.0,-1142.111832445825,2104.047004081405,0.0,-622.5095380707144,31.02449993595321,-55.393243497160604,0.0,0.0,661.7996536943324,-85.33219975226696,-2033.6361763915475,2537.090281888094,0.0,-0.0,111.056649726725,-111.056649726725,0.0,0.0,5251.370848862228,-17.32952380124535,-7771.131606949077,509.8545999999999,0.0,-0.0,37.8314087049139,-79.52763056506612,0.0,0.0,1957.2124405505274,-9.286562745025648,-2416.084255945349,21155.000323547567,0.0,-1580.0,0.0,-964.451099152729,0.0,0.0,-1012.0764729684893,-12.838762076318396,-17585.63398935003,64961.843332095435,0.0,-0.0,1064.3635186104266,-0.0,0.0,0.0,3110.0,-50.6715,-69085.53535070588
t159,12322.273268000505,0.0,-0.0,305.06528831616953,-0.0,0.0,0.0,1607.4678649730588,-14.17372170541189,-14220.632699584321,2318.989929069274,0.0,-0.0,19.697277998462976,-19.697277998462976,0.0,0.0,-1076.9192460499885,-12.907681964334968,-1229.1630010549507,630.5846499999999,0.0,-0.0,14.949720018346463,-14.949720018346463,0.0,0.0,301.8569121172234,-1.276135878154335,-931.165426239069,4484.693159663034,0.0,-0.0,29.562153691017002,-29.562153691017002,0.0,0.0,-2595.318559580749,-44.66349361817895,-1844.7111064641058,983.5514899999998,0.0,-0.0,3.4152972971141966,-3.4152972971141966,0.0,0.0,-767.2904272202642,-5.179210383736783,-211.08185239599894,12115.938055763543,0.0,-2373.757220321428,18.065832589663593,-18.065832589663593,0.0,0.0,-8550.0,-53.0,-1139.1808354421146,1812.563767469637,0.0,-1185.0352591975786,33.45588734685497,-33.45588734685497,0.0,0.0,1475.2528333724752,-74.03136461961749,-2028.7499770249171,2478.9698478859964,0.0,-0.0,119.7713835464646,-119.7713835464646,0.0,0.0,5294.981902786116,-17.473440279194183,-7756.4783103929185,576.9945999999999,0.0,-0.0,40.80301991968599,-40.80301991968599,0.0,0.0,1839.8308534061352,-7.582859997848073,-2409.2425934082867,19693.103202556398,0.0,-1580.0,347.30592128188414,-526.6218439598333,0.0,0.0,-639.8621338040077,-10.102986683459457,-17283.822159390984,66921.28886155668,0.0,-0.0,1134.7132506972673,-2723.9108549636085,0.0,0.0,3110.0,-50.6715,-68391.41975729035
t160,13510.822751288324,0.0,-0.0,0.0,-803.0523477372943,0.0,0.0,1439.0517570251102,-12.663655461820971,-14134.158505114316,2399.8877168528156,0.0,-0.0,25.00652494948622,-25.00652494948622,0.0,0.0,-1162.4714284777597,-13.13867285688995,-1224.2776155181664,630.5684499999999,0.0,-0.0,18.981003482261666,-18.981003482261666,0.0,0.0,296.7882108624486,-1.0766775732172236,-926.2799832892313,4498.320856920161,0.0,-0.0,37.52339346209588,-37.52339346209588,0.0,0.0,-2616.7641573547,-45.639237146999704,-1835.9174624184614,1036.58959,0.0,-0.0,4.343706765325866,-4.343706765325866,0.0,0.0,-820.9435991081506,-5.541369293980017,-210.1046215978693,9742.699592273171,0.0,-167.76833935030916,22.93752192349688,-22.93752192349688,0.0,0.0,-8389.05175702511,-51.583655461820975,-1134.2958404359306,1864.0737237061855,0.0,-1220.9849244776833,42.462988237988974,-42.462988237988974,0.0,0.0,1452.6292265717461,-75.76320763526532,-2019.9548181649825,2429.4905718712866,0.0,-0.0,152.03251444196619,-152.03251444196619,0.0,0.0,5310.320771770774,-17.524058546843552,-7722.287285095217,427.0485999999999,0.0,-0.0,51.79771495754472,-51.79771495754472,0.0,0.0,1980.440975735642,-8.02078595172935,-2399.4687897839126,18879.35872118336,0.0,-885.2318853065466,449.88381097121794,-449.88381097121794,0.0,0.0,-511.72853021939943,-8.36676146908718,-17474.031544188325,67092.31320728657,0.0,-0.0,1419.4105468051155,-3146.3448622889346,0.0,0.0,3021.7285302193995,-49.22826146908718,-68337.87916055307
t161,13616.59873424104,0.0,-0.0,491.8600726674035,-491.8600726674035,0.0,0.0,530.3603710799692,-9.885739718940275,-14137.073365602067,2247.7084107209294,0.0,-0.0,31.801350737422506,-31.801350737422506,0.0,0.0,-1023.1313673100387,-3.230659214795355,-1221.3463841960956,630.3854499999999,0.0,-0.0,24.139043875946182,-24.139043875946182,0.0,0.0,299.7898705410079,-5.849514431711604,-924.3258061092962,4320.495642185552,0.0,-0.0,47.71734652287258,-47.71734652287258,0.0,0.0,-2456.544524101938,-31.94194190766191,-1832.0091761759525,1002.2631471476443,0.0,-0.0,5.526207093292591,-5.526207093292591,0.0,0.0,-787.8179849494954,-5.317771398409094,-209.1273907997397,6817.440621550044,0.0,-0.0,29.170772289661755,-29.170772289661755,0.0,0.0,-5641.024639006055,-45.05113911176822,-1131.3648434322201,1475.8635745249292,0.0,-0.0,53.998101611025746,-53.998101611025746,0.0,0.0,619.3681194290039,-80.16307515558022,-2015.0686187983522,2478.273068148127,0.0,-0.0,193.33679860688787,-193.33679860688787,0.0,0.0,5242.79582800087,-19.29622623240287,-7701.772669916596,360.6545999999999,0.0,-0.0,65.87132634191428,-65.87132634191428,0.0,0.0,2056.5079166206842,-22.58062864895878,-2394.5818879717253,16325.511978354887,0.0,-0.0,591.2769179464493,-591.2769179464493,0.0,0.0,1712.8759573901664,-17.989638286817723,-18020.398297458236,69887.18395720836,0.0,-0.0,1838.7961818557153,-1838.7961818557153,0.0,0.0,-553.179547694175,-10.404619744283979,-69323.59978976988
t162,14523.765918921317,0.0,-0.0,562.7043481799316,-517.7055054015442,0.0,0.0,-84.72446458916127,-3.9850141162039,-14480.055282994339,2162.3766201658323,0.0,-0.0,37.135362293166224,-2.4174494144708456,0.0,0.0,-942.6369604628396,-12.592569131097946,-1241.8650034505902,629.9936499999999,0.0,-0.0,28.187784265010237,-1.8321721878094843,0.0,0.0,295.0687356477929,-10.481685586249041,-940.9363121387445,3979.859904451152,0.0,-0.0,55.721260227424374,-0.0,0.0,0.0,-2099.1403936560764,-73.16530490647753,-1863.2754661160222,1096.22741,0.0,-0.0,6.45274711443856,-0.0,0.0,0.0,-883.6790098059898,-5.964833316190432,-213.0363139922582,2376.2764730762497,2110.984691036513,-0.0,34.063457417758435,-2.2138747269364565,0.0,0.0,-3318.2660171416273,-49.939906205001826,-1150.9048234569564,1197.9593014926566,0.0,-0.0,63.05565147697069,-4.122387422571335,0.0,0.0,875.3135370136524,-80.97960844929104,-2051.2264941114167,2553.4019400344896,0.0,-0.0,225.76604352794365,-103.85248504309217,0.0,0.0,5173.4968342072525,-19.067539552883932,-7829.744793173709,351.7025999999999,0.0,-0.0,76.92002418186135,-0.0,0.0,0.0,2032.2448207761736,-22.303440676624312,-2438.56400428141,16678.998029899685,76.71441186652763,-0.0,725.6886710383164,-0.0,0.0,0.0,1714.7546931957768,-18.00344699498896,-19178.152359005315,72118.93349795716,0.0,-0.0,2203.7395063482786,-0.0,0.0,0.0,-2762.431775184953,-46.257383544848906,-71513.98384557563
t163,14208.564577105126,0.0,-0.0,499.8195647642401,-0.0,0.0,0.0,754.7915703412323,-6.6421658190028445,-15456.533546391594,2312.842178229797,0.0,-0.0,32.58559030611661,-0.0,0.0,0.0,-1040.794049862196,-11.96070564057041,-1292.6730130331478,629.9148499999999,0.0,-0.0,24.731011912350024,-0.0,0.0,0.0,334.9863684298896,-10.589463194760702,-979.0427671474787,3958.4975700000005,0.0,-0.0,48.90771751143892,-0.0,0.0,0.0,-1995.0297378649639,-72.88850180153364,-1939.4870478449418,1127.06836,0.0,-0.0,5.647226655412902,-0.0,0.0,0.0,-904.7769510603309,-6.107244419657234,-221.8313911754248,2129.4484,1837.5278942786242,-0.0,29.885887530593433,-0.0,0.0,0.0,-2751.189163013759,-47.87224327913617,-1197.800775516323,1171.8841770878478,1714.6206406276913,-0.0,55.350489241352264,-0.0,0.0,0.0,-732.6038818787665,-74.95954173399059,-2134.2918833441327,2465.3352227074993,0.0,-0.0,198.14799816456753,-0.0,0.0,0.0,5508.808163476589,-20.17406693947274,-8152.117317409182,351.7025999999999,0.0,-0.0,67.50244290277016,-0.0,0.0,0.0,2134.2348713181955,-17.137873695811262,-2536.3020405251536,16196.65413918116,1580.0,-0.0,623.7343890097616,-59.857495081223625,0.0,0.0,1395.7651286818043,-15.658873695811263,-19720.637288095688,75440.05648725509,0.0,-0.0,2002.622001370763,-1068.9114213369005,0.0,0.0,-2704.1923185676933,-45.51774244580971,-73624.05700627544
t164,14969.342361492374,0.0,-0.0,324.8934701376563,-122.2,0.0,0.0,540.9073212983338,-4.759984427425338,-15708.183168500937,2509.844078229797,0.0,-0.0,21.474538355849916,-9.5,0.0,0.0,-1183.1694726076114,-10.801355080040864,-1327.8477888979953,629.9148499999999,0.0,-0.0,16.295163477530835,-7.2,0.0,0.0,377.1173624777616,-10.703216878689958,-1005.4241590766023,3897.1199800000004,0.0,-0.0,32.243703001537895,-13.598968222568079,0.0,0.0,-1852.1610917351973,-71.35471092496265,-1992.2489121188091,1067.08896,0.0,-0.0,3.7075686393950553,-1.5215628780495751,0.0,0.0,-835.9376109234098,-5.642578873733016,-227.69477596420256,2122.4513080775755,3690.36071976457,-0.0,19.69146229065183,-8.7,0.0,0.0,-4537.846344728363,-54.938403846060446,-1231.0187415583744,1171.8841770878478,0.0,-0.0,36.4961857200082,-16.2,0.0,0.0,1084.6518884105208,-84.88321534800419,-2191.9490358703706,2837.0262555429445,0.0,-0.0,130.6233888813242,-55.061556649418996,0.0,0.0,5480.385837678115,-20.08027326433778,-8372.893652188628,351.7025999999999,0.0,-0.0,44.4915912051233,-18.73424293598539,0.0,0.0,2244.563059501737,-16.326961512662233,-2605.696046258212,17625.951555705906,0.0,-0.0,353.4255716352572,-0.0,0.0,0.0,1285.436940498263,-14.847961512662234,-19249.96610632676,74730.84809229597,0.0,-0.0,1347.587129820869,-649.4500863821411,0.0,0.0,-2603.94788987015,-44.24463820135091,-72780.79260766318
t165,13586.683361706495,0.0,-0.0,226.38045460699828,-122.2,0.0,0.0,1600.0,-14.08,-15276.783816313493,2308.411328229797,0.0,-0.0,18.21622257133732,-9.5,0.0,0.0,-1007.8421243516206,-12.704104986938889,-1296.5813214625753,629.9148499999999,0.0,-0.0,13.821197443633386,-7.2,0.0,0.0,356.08441338990065,-10.646427916152732,-981.9740329173812,3932.81563,0.0,-0.0,27.357612967274818,-0.0,0.0,0.0,-1942.6388077649553,-72.18495799361473,-1945.349477208705,1092.12561,0.0,-0.0,3.1380566734184465,-0.0,0.0,0.0,-867.5761365761049,-5.856138921888708,-221.8313911754248,2099.6595080775755,2679.898023948453,-0.0,16.701750159491663,-8.7,0.0,0.0,-3531.8560181015364,-53.994492562713674,-1201.7087715212701,1171.8841770878478,0.0,-0.0,30.968123926624138,-16.2,0.0,0.0,1022.2769100231749,-67.79664858023268,-2141.132562457415,4475.888390405822,0.0,-0.0,110.82381013554368,-0.0,0.0,0.0,3599.7940524194214,-13.874320372984089,-8172.631932587803,351.7025999999999,0.0,-0.0,37.743969521823686,-69.74260983789551,0.0,0.0,2241.742198940947,-16.347694837784037,-2545.0984637870906,17357.84768206829,0.0,-0.0,324.1149769415336,-161.5,0.0,0.0,1288.2578010590528,-14.868694837784037,-18793.851765231095,73064.01463110416,0.0,-0.0,1111.9594499759614,-0.0,0.0,0.0,-2758.24228903828,-46.20417707078616,-71371.52761497106
t166,11528.302996106964,0.0,-0.0,225.38158200792356,-0.0,0.0,0.0,2984.294025087742,-31.535822326140643,-14706.442780876489,2178.174285993943,0.0,-0.0,15.2708434360428,-43.6,0.0,0.0,-882.0165527900699,-14.238647901043713,-1253.5899287388727,629.9148499999999,0.0,-0.0,11.585751360815657,-33.1,0.0,0.0,351.964813082961,-10.635304995323995,-949.7301094484524,3998.0354000000007,0.0,-0.0,22.937034814578737,-79.7,0.0,0.0,-1988.9533390496545,-71.45634155761333,-1880.8627542073114,1012.87681,0.0,-0.0,2.627450703688438,-9.2,0.0,0.0,-786.007931577026,-5.305553538144926,-214.99077558851744,2076.8677080775756,1939.6577582024506,-0.0,14.000350230704456,-40.0,0.0,0.0,-2778.4967758578423,-49.40022918109085,-1162.628811471798,1171.8841770878478,1235.5678058640513,-0.0,25.965264213883763,-74.0,0.0,0.0,-214.64061387741913,-75.95982145707778,-2068.816811831286,5039.107571672249,0.0,-0.0,92.91386099611833,-57.9,0.0,0.0,2848.098660361942,-11.393725579194408,-7910.826367451115,351.7025999999999,0.0,-0.0,31.642560390130175,-19.7,0.0,0.0,2112.803109526754,-18.336658386724103,-2458.111611530159,15032.055466901515,1342.3596751459022,-0.0,262.56459845555474,-0.0,0.0,0.0,1232.9028653855044,-14.461836060583458,-17855.42076982789,71401.84917933233,0.0,-0.0,915.2487540879047,-671.0,0.0,0.0,-2879.948260292891,-47.74984290571972,-68718.39983022164
t167,11322.445195176464,0.0,-0.0,159.4316529135898,-0.0,0.0,0.0,2279.4392129752778,-22.60696212283974,-13738.70909894249,1976.4569859939434,0.0,-0.0,10.97634400144287,-5.846235497761842,0.0,0.0,-776.0777147211065,-14.452385908485244,-1191.0569938680326,629.9148499999999,0.0,-0.0,8.32688350786326,-4.430831114093184,0.0,0.0,278.4787587950193,-10.436892648746554,-901.8527685400427,3952.4309700000003,0.0,-0.0,16.489503313949296,-13.140052224266391,0.0,0.0,-2097.1450165792,-72.54859168400779,-1786.0868128264754,1041.71306,0.0,-0.0,1.8853402200884943,-1.470215633484351,0.0,0.0,-832.2691311423021,-5.617816635210539,-204.2412368090916,2099.6595080775755,1190.0122579915392,-0.0,10.062246160950433,-5.353920929529264,0.0,0.0,-2142.885490777247,-47.485729125699365,-1104.0088713975897,1171.8841770878478,0.0,-0.0,18.66762875250678,-9.969370006709664,0.0,0.0,848.002551325932,-63.355601900854666,-1965.2293852587227,5947.8026083815585,0.0,-0.0,66.79356420316782,-318.20342823671496,0.0,0.0,1824.8578741975393,-8.017030984851878,-7513.233587560698,351.7025999999999,0.0,-0.0,22.74538054592867,-18.10202998727607,0.0,0.0,1996.7640197591595,-18.148284454770177,-2334.9616858630416,14232.04455288479,1345.9172096114867,-0.0,181.75423410276113,-768.8253689016378,0.0,0.0,1533.2359802408405,-16.669284454770178,-16507.45732348347,70038.48186165951,0.0,-0.0,655.6277754260943,-3073.7152186335106,0.0,0.0,-2912.401044073913,-48.16199325973869,-64659.831381118456
t168,11824.897089401082,0.0,-0.0,103.76370563296487,-502.6724760343829,0.0,0.0,1081.4788461689207,-9.517013846286503,-12497.950151322297,2167.669674006057,0.0,-0.0,7.197995222415528,-17.08667301086347,0.0,0.0,-1042.4723597764273,-10.234428020554478,-1105.0742084206274,629.9148499999999,0.0,-0.0,5.460807482323627,-12.97176322613717,0.0,0.0,224.2744798516303,-10.290541095599401,-836.3878330122172,3879.9389200000005,0.0,-0.0,10.812316949910457,-25.630009516295218,0.0,0.0,-2134.811078019222,-72.21971103007746,-1658.0904383843156,984.92261,0.0,-0.0,1.2375446517326725,-2.9784108918018877,0.0,0.0,-788.2780918031124,-5.3208771196710085,-189.5827748371472,2085.3322760171936,676.3665850019311,-0.0,6.59888534208981,-15.67584679895731,0.0,0.0,-1685.5290419606447,-43.1979043054408,-1023.8949532961717,1171.8841770878478,0.0,-0.0,12.240118527069189,-29.000316578071008,0.0,0.0,727.3399139185262,-57.95704945560403,-1824.5068434997688,4258.302434476066,0.0,-0.0,43.7980670018526,-0.0,0.0,0.0,2679.799451695532,-10.838338190595254,-6971.061614982855,351.7025999999999,0.0,-0.0,14.915295978730907,-55.9456143107506,0.0,0.0,1876.1918521052853,-19.034489887026155,-2167.8296438862394,13871.407328386327,259.6424286591469,-0.0,118.6541159394263,-620.6829449611347,0.0,0.0,1653.8081478947147,-17.555489887026155,-15265.273586031453,62899.81944703773,0.0,-0.0,429.1198720987612,-0.0,0.0,0.0,-2591.8021200752028,-44.09038692495508,-60693.04681213634
t169,11524.959163554493,1830.0,-0.0,60.25958095344531,-68.90527346189347,0.0,0.0,-3560.0,-39.019999999999996,-9747.293471046045,1870.6375,100.72221333435482,-139.27778666564518,4.390993599958864,-33.766242230790326,0.0,0.0,-936.6927488521092,-17.911,-848.1029291857689,339.5218,0.0,-0.0,3.330861793693307,-4.142970592928109,0.0,0.0,314.62351240791094,-11.386,-641.9472036086761,2586.0168146240326,0.0,-0.0,6.597463414429823,-8.228399927621107,0.0,0.0,-1232.4941288161294,-79.74457735813047,-1272.1471719365816,1105.7101699999998,0.0,-0.0,0.7531208314793765,-0.0,0.0,0.0,-951.0331327082948,-10.8,-144.63015812318446,2084.3472604993585,4781.8125991350025,-1643.0667251023015,4.025011720212609,-0.0,0.0,0.0,-4370.244451255408,-69.4125,-787.4611949968648,613.4534954175693,0.0,-1714.6206406276913,7.469315012825535,-9.321683834088246,0.0,0.0,2600.9793801421374,-102.46132700112683,-1395.4985391096252,2429.4388,0.0,-0.0,26.72331097248906,-33.31638851813021,0.0,0.0,2969.729544676127,-20.67674964299636,-5371.898517487489,351.7025999999999,0.0,-0.0,9.099576710697338,-11.335627872317186,0.0,0.0,1335.132024405767,-30.871000000000002,-1653.7275732441465,11345.263320986625,0.0,-0.0,75.29457215000502,-962.2881615339214,0.0,0.0,1920.0,-19.512,-12358.757731602705,47224.05087880555,2866.659744085967,-826.3402559140329,258.85803324866083,-3014.364240596075,0.0,0.0,1910.0,-50.6715,-48368.192659630084
t170,11080.815060963825,1654.5351529392515,-175.46484706074844,37.30895885119589,-0.0,0.0,0.0,-3560.0,-39.019999999999996,-8998.174325693522,1675.5055,0.0,-240.0,2.603505790933245,-0.0,0.0,0.0,-612.155238006796,-17.911,-808.0427677841369,339.5218,0.0,-0.0,1.9750356848503339,-0.0,0.0,0.0,281.54662163483204,-11.386,-611.6574573196823,2750.931044624033,0.0,-0.0,3.9113422543636256,-0.0,0.0,0.0,-1462.552002781942,-79.74457735813047,-1212.5458067383238,1080.6482199999998,0.0,-0.0,0.44701297923076233,-0.5458106385691631,0.0,0.0,-931.9598798043845,-10.8,-137.78954253627708,2061.5554604993586,4669.683293730689,-1755.1960305066152,2.3866397961702446,-2.967845347219823,0.0,0.0,-4155.713785222517,-69.4125,-750.3352329498663,613.4534954175693,0.0,-1714.6206406276913,4.428059115638846,-0.0,0.0,0.0,2529.223880692388,-102.4613270011269,-1330.0234675967786,2514.514824352107,0.0,-0.0,15.843427381437603,-160.59808630186296,0.0,0.0,2770.7784009328875,-20.676749642996437,-5119.861816721573,351.7025999999999,0.0,-0.0,5.395109203571018,-62.498947872388285,0.0,0.0,1310.8320025555313,-30.871000000000002,-1574.559763886714,10967.196304127809,0.0,-1112.0065445626767,45.06774622905232,-0.0,0.0,0.0,1920.0,-19.512,-11800.745505794182,48093.086928527584,0.0,-3868.158088680505,167.16958449101827,-0.0,0.0,0.0,1910.0,-50.6715,-46251.42692433811
t171,10395.48964329711,1830.0,-0.0,14.603009903517053,-45.149074817019255,0.0,0.0,-3560.0,-39.019999999999996,-8595.923578383608,1884.2959,240.0,-0.0,1.0316459132068454,-1.5173843170506565,0.0,0.0,-1322.283321495941,-17.911,-783.615840100215,339.5218,0.0,-0.0,0.7827365017233371,-1.150017587659445,0.0,0.0,265.3242551962351,-11.386,-593.0927741102989,2844.959524624033,0.0,-0.0,1.5493715350941446,-2.2840627088236194,0.0,0.0,-1589.0631686576817,-79.74457735813047,-1175.4170874344911,1043.113452310478,0.0,-0.0,0.11681330895537767,-0.0,0.0,0.0,-898.5496462756747,-10.8,-133.88061934375858,2068.6323123347315,2305.528219420511,-4119.351104816793,0.9458706486333278,-8.792931351623906,0.0,0.0,550.3143896859588,-69.4125,-727.8642559214197,613.4534954175693,1714.6206406276913,-0.0,1.753856297067797,-2.5875395722337506,0.0,0.0,-935.7997328518843,-102.46132700112683,-1288.9793929170837,2536.927372757831,0.0,-0.0,6.2763820399361485,-9.248058100761368,0.0,0.0,2453.211699046444,-20.67674964299636,-4966.490646100453,351.7025999999999,0.0,-0.0,2.1375766743039697,-3.1465758995682025,0.0,0.0,1206.8455253525435,-30.871000000000002,-1526.6681261272795,11689.309351294907,0.0,-2097.24050764985,18.18631714162011,-24.425413535033446,0.0,0.0,1920.0,-19.512,-11486.31774725164,48745.08548465038,0.0,-5133.0,70.74985345804373,-422.73810193007904,0.0,0.0,1910.0,-50.6715,-45119.42573617835
t172,12481.957996457411,563.2566221282423,-1266.7433778717577,20.140783838959184,-0.0,0.0,0.0,-3343.418176247349,-39.019999999999996,-8416.173848305507,2025.6716518888156,240.0,-0.0,1.4521075899247347,-0.0,0.0,0.0,-1478.2989217741645,-17.911,-770.9138377045756,339.5218,0.0,-0.0,1.1016155918282409,-6.228031111559849,0.0,0.0,260.31250373035516,-11.386,-583.3218882106235,2886.080108673953,0.0,-0.0,2.1813992549623302,-12.305535791420368,0.0,0.0,-1639.3586669967895,-79.74457735813047,-1156.852727782575,1103.1860023104778,0.0,-0.0,0.2494956335724048,-0.6543231721409757,0.0,0.0,-960.0550170244101,-10.8,-131.92615774749933,2091.4241123347315,3729.261354012541,-2695.6179702247637,0.9607404056571075,-0.0,0.0,0.0,-2341.45246762282,-69.4125,-715.1632689053413,613.4534954175693,0.0,-1714.6206406276913,2.4695173446657224,-14.972764836562101,0.0,0.0,2484.5890752803825,-102.46132700112683,-1268.4573555772363,2887.9609262838694,0.0,-0.0,8.83619100221322,-0.0,0.0,0.0,2009.2887041799609,-20.67674964299636,-4885.409071823046,351.7025999999999,0.0,-0.0,3.009050591509482,-0.0,0.0,0.0,1178.3929664748348,-30.871000000000002,-1502.2336170663436,11341.085065860183,0.0,-1723.8569720274138,25.591761237286658,-178.29711342896405,0.0,0.0,1920.0,-19.512,-11365.01074164109,48008.38441200633,0.0,-5133.0,89.11145799637497,-278.04788458098227,0.0,0.0,1910.0,-50.6715,-44545.776485421724
t173,11853.17777028146,1005.2622206312334,-824.7377793687666,22.572415172948382,-91.60502686575536,0.0,0.0,-3560.0,-39.019999999999996,-8365.64959985112,2204.787551888815,240.0,-0.0,1.7179940451636482,-8.203690527613581,0.0,0.0,-1644.5916321650054,-17.911,-775.79922324136,339.5218,0.0,-0.0,1.3026087617243576,-1.4424766170409309,0.0,0.0,259.23431042581035,-11.386,-587.2302425704937,2911.657118673953,0.0,-0.0,2.5837703963996947,-0.0,0.0,0.0,-1669.82701144463,-79.74457735813047,-1164.6693002675922,1205.06787,0.0,-0.0,0.2918789794705884,-0.0,0.0,0.0,-1061.6563604338419,-10.8,-132.90338854562896,2114.2159123347315,2459.389368254623,-3965.489955982681,1.5740266728634973,-1.703597923701607,0.0,0.0,181.47501055568955,-69.4125,-720.0482639115253,613.4534954175693,844.4212028125643,-870.199437815127,2.9261859349713375,-2.1965024839681746,0.0,0.0,791.3088975722869,-102.46132700112668,-1277.252514437171,3255.010537875044,0.0,-0.0,10.46351818315534,-11.59991612870415,0.0,0.0,1681.5182746488624,-20.67674964299621,-4914.715664935362,351.7025999999999,0.0,-0.0,3.5614665117311413,-3.9467762994036573,0.0,0.0,1192.5385108408282,-30.871000000000002,-1512.9848010531553,12032.607694335373,0.0,-2362.788478552527,29.553888720269875,-0.0,0.0,0.0,1920.0,-19.512,-11599.861104503114,48052.8684150977,0.0,-4745.757442199108,120.30062808378119,-0.0,0.0,0.0,1910.0,-50.6715,-45286.74010098237
t174,11346.245426110245,784.2594213797381,-1045.7405786202619,52.35296095674481,-0.0,0.0,0.0,-2468.166945752406,-39.019999999999996,-8629.93028407406,2437.154951888815,240.0,-0.0,4.078230713967232,-0.6151953142933475,0.0,0.0,-1837.0768315719288,-17.911,-825.6301557165607,339.5218,0.0,-0.0,3.093032104554775,-0.0,0.0,0.0,294.1078654746732,-11.386,-625.3366975792279,2840.572968673953,0.0,-0.0,6.129915587340205,-0.9260308415152495,0.0,0.0,-1527.10553718639,-79.74457735813047,-1238.9267388752576,1176.23162,0.0,-0.0,0.6968156198704203,-0.32055035934242904,0.0,0.0,-1024.1094195317326,-10.8,-141.69846572879558,2137.0077123347314,1992.3577022103555,-4432.5216220269485,3.7375753012796786,-0.0,0.0,0.0,1134.7983491502364,-69.4125,-765.9672169696552,613.4534954175693,1714.6206406276913,-0.0,6.940910291785056,-0.0,0.0,0.0,-873.2130555393583,-102.46132700112683,-1359.3406637965606,4052.745020455468,0.0,-0.0,24.827426332021997,-22.81521587070506,0.0,0.0,1189.3312977779672,-20.67674964299636,-5223.411779051755,355.8055999999999,0.0,-0.0,8.452596814724156,-3.121256334326251,0.0,0.0,1281.4342771789388,-30.871000000000002,-1611.7002176593367,13305.513373731048,0.0,-2733.9339051047427,72.82880775900615,-39.59968200506155,0.0,0.0,1920.0,-19.512,-12505.296594380248,47838.07302969064,1203.694708595584,-2489.305291404416,274.52011057303025,-273.1825398488274,0.0,0.0,1910.0,-50.6715,-48413.12851760602
t175,9168.193395217662,0.0,-1830.0,135.7498230478132,-0.0,0.0,0.0,2113.188119450782,-39.019999999999996,-9548.111337716256,2261.4976999999994,0.0,-240.0,11.105266348930392,-1.288072444302325,0.0,0.0,-1067.5932539831713,-17.911,-945.8106399214565,339.5218,0.0,-0.0,8.422602065445913,-0.0,0.0,0.0,379.64753438076355,-11.386,-716.2059364462094,2639.772328673953,0.0,-0.0,16.691754815485606,-1.9388879951077103,0.0,0.0,-1156.0727121055425,-79.74457735813047,-1418.7079060306576,1055.52647,0.0,-0.0,1.897887293529316,-0.0,0.0,0.0,-884.4040448040117,-10.8,-162.2203124895177,2114.2159123347315,5258.179324237304,-1166.7,10.17775738497228,-0.0,0.0,0.0,-5270.092389847593,-69.4125,-876.3681041094142,613.4534954175693,1714.6206406276913,-0.0,18.89994727558775,-0.0,0.0,0.0,-683.8606786179919,-102.46132700112683,-1560.6520777017306,4555.973304394233,0.0,-0.0,67.60538295891394,-0.0,0.0,0.0,1365.8741928315037,-20.67674964299636,-5968.776130541654,505.7515999999999,0.0,-0.0,23.01674437062249,-18.09740988449975,0.0,0.0,1373.3132326952614,-30.871000000000002,-1853.1131671813841,14454.50595043564,0.0,-2098.7738472751876,198.72268539253952,-0.0,0.0,0.0,1920.0,-19.512,-14454.94278855299,46797.189578203725,5133.0,-0.0,722.4580570298881,-0.0,0.0,0.0,1910.0,-50.6715,-54511.97613523362
t176,10321.058050775011,0.0,-1830.0,155.3316847823922,-122.2,0.0,0.0,2796.311972209305,-39.019999999999996,-11281.481707766708,2335.4195266936636,0.0,-240.0,18.4787081130289,-3.0583476232482054,0.0,0.0,-1052.341767848371,-17.911,-1040.5871193350736,339.81059999999997,0.0,-0.0,14.016524240360724,-2.318763060912579,0.0,0.0,447.41104233439205,-11.386,-787.5334035138401,3277.3562062347396,0.0,-0.0,27.767569873461184,-4.6000909512616674,0.0,0.0,-1659.4187539165832,-79.74457735813047,-1561.3603538822251,965.4978799999999,0.0,-0.0,3.1656469199043427,-0.5190378334148104,0.0,0.0,-779.4884838268979,-10.8,-177.8560052595917,10244.867627379645,0.0,-2126.874083750041,16.937500452932877,-2.801902740986995,0.0,0.0,-7098.418627120824,-69.4125,-964.2980142207266,987.89380629824,0.0,-0.0,31.43834201615327,-5.209916055243592,0.0,0.0,806.3267920492053,-102.46132700112683,-1717.9876973072276,5394.604661709416,0.0,-0.0,112.47085594624893,-18.628595620082965,0.0,0.0,1095.9297983290792,-20.67674964299636,-6563.6999707216655,439.35759999999993,0.0,-0.0,38.29556897867778,-19.7,0.0,0.0,1613.6880277906948,-30.871000000000002,-2040.7701967693724,14632.922253356066,0.0,-0.0,325.54153039305834,-40.43219737975218,0.0,0.0,720.0,-19.512,-15618.519586369372,49088.75264607504,5133.0,-0.0,1138.402468895837,-0.0,0.0,0.0,3110.0,-50.6715,-58419.483614970886
t177,11343.667855820659,0.0,-1830.0,253.06525032095564,-223.56471619277687,0.0,0.0,2774.215604629398,-39.019999999999996,-12278.363994578236,2443.8331844966674,0.0,-240.0,16.621276665003773,-12.456856476482061,0.0,0.0,-1105.5310155190564,-17.911,-1084.555589166133,339.5218,0.0,-0.0,10.215881312185743,-7.8353623009953886,0.0,0.0,490.23809656154634,-11.386,-820.7544155727365,3451.458994755448,0.0,-0.0,24.972566928543287,-18.735284714723093,0.0,0.0,-1751.1275511668925,-79.74457735813047,-1626.8241484442458,855.3510299999999,0.0,-0.0,2.5479525594783166,-1.7458837911651042,0.0,0.0,-659.6792471236844,-10.8,-185.6738516446287,15439.655002598643,812.6913444860347,-5612.187979751269,15.236197255459615,-11.412712363745008,0.0,0.0,-9569.237379952452,-69.4125,-1005.3319722726724,1404.026251883839,0.0,-1714.6206406276913,28.27233397777931,-18.350130891294963,0.0,0.0,2191.4824808451986,-102.46132700112683,-1788.3489681867045,4682.085157052028,0.0,-0.0,70.59200788073686,-46.90422129690323,0.0,0.0,2163.85461635534,-20.67674964299636,-6848.950810348206,485.6095999999999,0.0,-0.0,32.34715184351538,-0.0,0.0,0.0,1635.784395370602,-30.871000000000002,-2122.8701472141174,13981.588591477426,0.0,-0.0,212.37075343449007,-161.5,0.0,0.0,1920.0,-19.512,-15932.947344911914,59405.19351039066,790.2963698562809,-3499.6433354802234,1076.1088037355717,-464.1440433785954,0.0,0.0,1910.0,-50.6715,-59167.1398051237
t178,11523.267025597013,0.0,-1830.0,198.19612243379197,-0.0,0.0,0.0,2679.5137089819414,-39.019999999999996,-12531.956857012747,2476.0823583234883,0.0,-240.0,13.755604651339693,-9.5,0.0,0.0,-1106.6049063732753,-17.911,-1115.822056601553,339.5218,0.0,-0.0,10.437664281159922,-19.24426206067981,0.0,0.0,524.8753395114776,-11.386,-844.2045417319576,3440.260105337921,0.0,-0.0,20.654949552554,-14.3,0.0,0.0,-1693.1468941779945,-79.74457735813047,-1673.7235833543502,734.4848799999999,0.0,-0.0,2.3736540748534884,-1.9695315579464476,0.0,0.0,-533.5289968816302,-10.8,-190.56000563527684,17366.592111202215,649.1049892938966,-5775.774334943408,12.613101078582181,-8.7,0.0,0.0,-11139.781424321509,-69.4125,-1034.6419423097766,1218.873375633537,0.0,-1714.6206406276913,23.379476404020394,-16.2,0.0,0.0,2428.2400774442694,-102.4613270011269,-1837.2109618530078,3780.335058381009,0.0,-0.0,75.7293154829024,-57.32992113685172,0.0,0.0,3279.946804798662,-20.676749642996437,-7058.004507882725,544.1705999999999,0.0,-0.0,28.4998190626749,-93.70488220768233,0.0,0.0,1730.4862910180586,-30.871000000000002,-2178.580827873051,14256.55973246289,0.0,-0.0,135.37264560543747,-161.5,0.0,0.0,1920.0,-19.512,-16130.92037806833,63335.618024406205,0.0,-5133.0,740.5431988145201,-698.3894751945411,0.0,0.0,1910.0,-50.6715,-60104.100248026196
t179,11738.290780814446,0.0,-1830.0,172.03171153514512,-108.59387402556274,0.0,0.0,2757.6223251899664,-39.019999999999996,-12690.330943513994,2341.169680501436,0.0,-240.0,15.009637735622785,-9.5,0.0,0.0,-949.4964110589403,-17.911,-1139.271907178118,339.5218,0.0,-0.0,11.389811711431511,-7.2,0.0,0.0,530.4436132299095,-11.386,-862.769224941341,3655.621569570237,0.0,-0.0,22.535514945953075,-14.3,0.0,0.0,-1874.2372760605035,-79.74457735813047,-1709.8752310975558,667.2880799999998,0.0,-0.0,2.592788983390162,-1.6,0.0,0.0,-462.03470935746503,-10.8,-195.44615962592496,18739.203101379564,0.0,-6424.879324237304,13.763741191895742,-8.7,0.0,0.0,-11192.86209899593,-69.4125,-1057.112919338223,2146.9226630434737,0.0,-1714.6206406276913,25.507143724296803,-26.999219620055783,0.0,0.0,1548.9291771404824,-102.46132700112683,-1877.2777966593767,3129.3056514827695,0.0,-0.0,91.2953416945335,-151.71381588121858,0.0,0.0,4159.257705102449,-20.67674964299636,-7207.468132755536,572.8915999999999,0.0,-0.0,31.096810460014716,-0.0,0.0,0.0,1652.3776748100336,-30.871000000000002,-2225.495085270048,16092.12372585852,0.0,-1490.0,261.5649591027566,-386.7604714923114,0.0,0.0,1920.0,-19.512,-16377.416213468965,65447.713386301424,54.736515944467556,-5078.263484055533,839.442611256449,-1561.7881844987653,0.0,0.0,1910.0,-50.6715,-61561.169344948044
t180,11797.431546815118,0.0,-1830.0,254.21107265529122,-0.0,0.0,0.0,2687.4580541216887,-39.019999999999996,-12870.080673592096,2530.9491025354423,0.0,-240.0,17.565161980020875,-21.171593853849675,0.0,0.0,-1116.4806839804996,-17.911,-1152.9509866811143,339.5218,0.0,-0.0,13.329556514351358,-0.0,0.0,0.0,532.0518429166326,-11.386,-873.517199430984,3502.5842763239543,0.0,-0.0,26.370214433519227,-31.796478089371263,0.0,0.0,-1687.0197014392447,-79.74457735813047,-1730.3937338707265,600.0912799999999,0.0,-0.0,3.036665679585979,-5.859007808370115,0.0,0.0,-389.0683166490315,-10.8,-197.4006212221842,18855.079223853485,0.0,-6424.879324237304,16.107818057279804,-19.411288228373188,0.0,0.0,-11287.670023090788,-69.4125,-1069.8139063543015,1813.7618552312597,152.34830899198022,-1562.272331635711,29.846653479292247,-12.664287985346014,0.0,0.0,1581.1954426655284,-102.46132700112683,-1899.754313745876,3106.3091341901304,0.0,-0.0,106.83226981279023,-26.021954718998806,0.0,0.0,4126.991439577403,-20.67674964299636,-7293.434139218329,592.2875999999999,0.0,-0.0,36.39025266317721,-67.48706312319192,0.0,0.0,1722.5419458783113,-30.871000000000002,-2252.8617354182966,15497.07036397217,0.0,-1172.2812118240597,303.3557412986677,-66.78700407286948,0.0,0.0,1920.0,-19.512,-16461.845889373908,65240.578374736506,284.91561972050386,-4848.084380279496,923.9967094743029,-671.0,0.0,0.0,1910.0,-50.6715,-62789.73482365183
t181,11681.562421642058,345.32215325449283,-1484.6778467455072,271.65138014140234,-514.0402821904744,0.0,0.0,2737.536708951255,-39.019999999999996,-12998.334535053229,2602.7944237057595,0.0,-240.0,18.544897878027605,-3.295003008086887,0.0,0.0,-1196.4344837136603,-17.911,-1163.69883486204,339.5218,0.0,-0.0,14.074593882548275,-5.733156179966875,0.0,0.0,543.8795818581754,-11.386,-880.3568195607568,3499.3569088915806,0.0,-0.0,27.834688938136605,-0.0,0.0,0.0,-1702.397213191452,-79.74457735813047,-1745.049807280134,591.5095199999998,0.0,-0.0,3.21318643035698,-1.2740347066593056,0.0,0.0,-383.293588905254,-10.8,-199.35508281844346,10216.711017289623,4276.557576183307,-2148.321748053997,17.0082583090415,-3.0175290705637803,0.0,0.0,-11209.941178290741,-69.4125,-1079.5838963666695,1780.0148026749832,0.0,-1714.6206406276913,31.50169632602669,-15.397845946775067,0.0,0.0,1937.3307061670039,-102.46132700112683,-1916.3673915924194,3502.050467898297,0.0,-0.0,105.678749734195,-0.0,0.0,0.0,3770.8561760759276,-20.67674964299636,-7357.908644065424,598.2556,0.0,-0.0,38.41686696736995,-6.832795711506491,0.0,0.0,1672.4632910487448,-30.871000000000002,-2271.431962304608,15810.81398850636,0.0,-1447.126451068416,320.70100546299227,-51.21690620558458,0.0,0.0,1920.0,-19.512,-16533.659636695353,66182.51553414717,445.2567354181647,-4687.743264581835,226.34395195858792,-226.34395195858792,0.0,0.0,1910.0,-50.6715,-63799.357504983505
t182,11896.713181990219,0.0,-1830.0,274.1153000960753,-0.0,0.0,0.0,2746.0786812587367,-39.019999999999996,-13047.887163345029,2798.9565817075486,0.0,-240.0,3.1574534536898806,-46.757453453689884,0.0,0.0,-1325.930129986654,-17.911,-1171.515451720895,339.5218,0.0,-0.0,2.393017354375489,-33.1,0.0,0.0,589.7676223361542,-11.386,-887.1964396905296,3498.3590923938023,0.0,-0.0,4.752798356606873,-65.4,0.0,0.0,-1600.2155758239912,-79.74457735813047,-1757.7517375682874,658.7063199999998,0.0,-0.0,1.6022106043733095,-0.0,0.0,0.0,-449.17621698780005,-10.8,-200.3323136165731,16089.481142769277,0.0,-6424.879324237304,2.891562636537048,-42.891562636537046,0.0,0.0,-8467.789430155408,-69.4125,-1087.399888376564,1754.380690275167,1714.6206406276913,-0.0,5.384289047344849,-74.0,0.0,0.0,-1367.8755431300915,-102.46132700112683,-1930.0487498189843,3329.085042529154,0.0,-0.0,19.24384789143622,-297.2340164207163,0.0,0.0,4381.219273747791,-20.67674964299636,-7411.637398104669,632.9445999999999,0.0,-0.0,28.600071097170037,-6.547561372388488,0.0,0.0,1663.9213187412633,-30.871000000000002,-2288.0474284660445,16163.683650286473,0.0,-977.0251827690541,324.5506915314843,-697.5326980050573,0.0,0.0,1920.0,-19.512,-16714.16446104385,67700.7307778438,0.0,-5133.0,1012.7298002157418,-691.9981451583926,0.0,0.0,1910.0,-50.6715,-64747.79093290114
t183,9822.049702819986,1119.7788187292986,-710.2211812707013,302.68703133565145,-0.0,0.0,0.0,2667.263970915748,-39.019999999999996,-13162.53834252998,2591.2777918622683,0.0,-240.0,20.481881575965257,-2.7794998567639526,0.0,0.0,-1179.553721860575,-17.911,-1171.515451720895,339.5218,0.0,-0.0,15.545761773631558,-0.0,0.0,0.0,543.514877916898,-11.386,-887.1964396905296,3489.6188683619125,0.0,-0.0,30.737451310562435,-4.959846633225525,0.0,0.0,-1677.900158112831,-79.74457735813047,-1757.7517375682874,725.9031199999998,0.0,-0.0,3.553862554645552,-0.0,0.0,0.0,-518.3246689380724,-10.8,-200.3323136165731,18680.3972076874,0.0,-6424.879324237304,18.786153884510377,-2.545436710931199,0.0,0.0,-11115.923211248351,-69.4125,-1086.4228893753273,1666.006204675172,242.88447331783362,-1471.7361673098576,34.78510547423475,-5.618847234842901,0.0,0.0,1565.212068024246,-102.46132700112683,-1929.0715099456581,3179.790809379864,0.0,-0.0,124.53507145460763,-16.940320179645564,0.0,0.0,4142.974814218685,-20.67674964299636,-7409.683625230515,628.8416,0.0,-0.0,42.427223985486556,-96.06380496613156,0.0,0.0,1742.736029084252,-30.871000000000002,-2287.070048103607,16423.17752020649,0.0,-1490.0,355.3848703113754,-519.5269075386977,0.0,0.0,1920.0,-19.512,-16669.523482979166,69766.686113874,583.1603412512195,-4549.8396587487805,188.36382276374962,-2676.36382276375,0.0,0.0,1910.0,-50.6715,-65171.335296376456
t184,12188.211881267162,0.0,-1830.0,399.38676170730054,-240.73596492839982,0.0,0.0,2721.617230662124,-39.019999999999996,-13199.459908708186,2368.6317791487136,0.0,-240.0,27.010496448535335,-46.8077915982057,0.0,0.0,-914.5226467413645,-17.911,-1176.4008372576793,339.5218,0.0,-0.0,20.5015704459075,-40.0307540360367,0.0,0.0,581.5210890505613,-11.386,-890.1277054604321,3442.678196565643,0.0,-0.0,40.53262778647777,-79.16524759935066,0.0,0.0,-1559.709760901961,-79.74457735813047,-1764.5912384926776,793.0999199999999,0.0,-0.0,4.689354978475685,-9.140167563563711,0.0,0.0,-576.5395630002092,-10.8,-201.3095444147027,18257.79350236032,412.45243150453246,-6012.426892732771,24.775005678794415,-42.937661779409424,0.0,0.0,-11478.936000649957,-69.4125,-1091.3078843815113,1661.2108043119654,305.67468291709264,-1408.9459577105986,45.86921504448668,-89.59419658108257,0.0,0.0,1526.1134478248568,-102.46132700112683,-1937.8666688055928,3395.967357360172,0.0,-0.0,164.22304896880553,-284.55064563537996,0.0,0.0,4182.073434418075,-20.67674964299636,-7437.036445468676,585.5735999999999,0.0,-0.0,54.73586275254276,-0.0,0.0,0.0,1688.3827693378762,-30.871000000000002,-2297.8212320904186,16655.023220636253,0.0,-1340.5136824938877,469.3609541248271,-894.4984597223622,0.0,0.0,1920.0,-19.512,-16789.86003254483,68541.36349244672,159.29146432183916,-4973.708535678161,1406.7263483385518,-1406.7263483385518,0.0,0.0,1910.0,-50.6715,-65586.27492109041
t185,12431.191911037558,0.0,-1829.9999999999998,503.9673018344812,-333.6215086388832,0.0,0.0,2484.4313674015484,-39.019999999999996,-13216.949071634703,2438.900858043922,0.0,-240.0,34.527766705420206,-46.946809784988616,0.0,0.0,-988.2616692772474,-17.911,-1180.3091456871068,339.5218,0.0,-0.0,26.208311036536315,-35.63652952125453,0.0,0.0,574.3513897150531,-11.386,-893.0589712303348,3320.743188793415,0.0,-0.0,51.80926484647236,-70.43782946582498,0.0,0.0,-1451.9163789594909,-79.74457735813047,-1770.4536678564405,860.2967199999999,0.0,-0.0,0.5636732269454507,-8.16367322694545,0.0,0.0,-639.6099447871677,-10.8,-202.28677521283234,16326.836824053164,1357.9188890038154,-5066.960435233489,31.67135566732469,-43.06497317151589,0.0,0.0,-11442.750278934078,-69.4125,-1094.2388813852217,1533.1942426070912,457.5384234389741,-1257.082217188717,58.62899904006896,-79.70719142282269,0.0,0.0,1334.5964184454087,-102.46132700112683,-1944.7073479188753,3182.0738353321926,0.0,-0.0,209.9152089348218,-285.3979249000885,0.0,0.0,4373.590463797523,-20.67674964299636,-7459.5048335214515,454.2775999999999,0.0,-0.0,47.94242275390426,-90.3,0.0,0.0,1925.5686325984516,-30.870999999999995,-2306.6176553523555,14460.040182063578,544.8161198224951,-0.0,602.1386237709504,-602.1386237709504,0.0,0.0,1920.0,-19.512,-16905.344301886074,66592.40819764117,822.2466130165827,-3361.68439872064,1785.3950332660525,-1785.3950332660525,0.0,0.0,1910.0,-50.6715,-65912.2989119371
t186,15169.032990574044,0.0,-1830.0,404.0179559337769,-708.7,0.0,0.0,286.71667602003595,-39.019999999999996,-13282.047622527854,2490.456896454115,102.85369460717868,-137.14630539282132,40.80394194864337,-40.02325522280004,0.0,0.0,-1257.7477495998523,-17.911,-1181.2862227944638,340.0734,0.0,-0.0,14.291458141427434,-0.0,0.0,0.0,551.057201678875,-11.386,-894.0360598203024,3097.4027915303204,0.0,-0.0,61.224495954674595,-4.139608102654802,0.0,0.0,-1303.3123626071429,-79.74457735813047,-1771.4307394170678,927.77912,0.0,-0.0,3.261660397542995,-0.5946570147048107,0.0,0.0,-717.3593481700059,-10.8,-202.28677521283234,11688.78392002911,2410.3785637101682,-4014.5007605271358,18.53691719378938,-3.233447517457407,0.0,0.0,-8935.336812502013,-69.4125,-1095.2158803864584,1179.0681095615323,785.9916108249989,-928.6290298026923,31.98909310678434,-4.689625962448096,0.0,0.0,985.3929969384808,-102.4613270011269,-1946.6618276655274,2598.357574821004,0.0,-0.0,248.0647692933894,-0.0,0.0,0.0,4637.666784798363,-20.676749642996437,-7463.412379269761,351.7025999999999,0.0,-0.0,84.51820263396974,-19.7,0.0,0.0,1922.922613443261,-30.870999999999995,-2308.5724160772306,12918.357727898414,1490.0,-0.0,712.4356060176125,-54.79830120223419,0.0,0.0,1920.0,-19.512,-16966.48303271379,60310.79223408235,3578.957186661181,-114.04281333881909,2085.9168917196453,-2085.9168917196453,0.0,0.0,1910.0,-50.6715,-65635.03510740474
t187,15082.81637669404,1830.0,-0.0,473.0561043667619,-708.7,0.0,0.0,-3446.46553365329,-39.019999999999996,-13191.68694740751,2416.326005793188,240.0,-0.0,33.2075896371329,-0.0,0.0,0.0,-1519.6486858565634,-17.911,-1151.9739095737575,339.628,0.0,-0.0,25.202961727761803,-0.0,0.0,0.0,519.0951491132547,-11.386,-872.5401108410164,2637.597027233739,0.0,-0.0,16.882286961765566,-0.0,0.0,0.0,-846.295146087902,-79.74457735813047,-1728.439590749472,928.51127,0.0,-0.0,5.754469536575302,-0.0,0.0,0.0,-726.065118314391,-10.8,-197.4006212221842,2111.995243900129,5742.963118632734,-681.9162056045698,30.45620053917743,-0.0,0.0,0.0,-6065.248950114406,-69.4125,-1068.8369073530648,613.4534954175693,785.9916108249989,-928.6290298026923,56.4077804204251,-0.0,0.0,0.0,1474.0145440133747,-102.46132700112683,-1898.77707387255,2447.1052181762443,0.0,-0.0,201.93185212941762,-265.0,0.0,0.0,4916.397408436583,-20.67674964299636,-7279.7577290992485,351.7025999999999,0.0,-0.0,68.79118331739376,-0.0,0.0,0.0,1864.2163324633407,-30.871000000000002,-2253.839115780734,13249.942538110514,2187.1508561497044,-0.0,583.3762590978199,-0.0,0.0,0.0,720.0,-19.512,-16720.95765335804,54417.742116933536,5133.0,-0.0,1804.0476684441496,-0.0,0.0,0.0,3110.0,-50.6715,-64414.1182853777
t188,13781.498379102077,1830.0,-0.0,257.9088165979316,-122.2,0.0,0.0,-2623.378466176771,-39.019999999999996,-13084.808729523234,2120.637154993583,240.0,-0.0,21.62394623822135,-9.5,0.0,0.0,-1188.2200350476946,-17.911,-1166.6300661841105,339.5218,0.0,-0.0,13.878466922727828,-7.051459853955641,0.0,0.0,548.3252782618872,-11.386,-883.2880853306593,2578.5805647840684,0.0,-0.0,32.46790795652071,-14.3,0.0,0.0,-767.0687302991892,-79.74457735813047,-1749.9351650832698,947.64497,0.0,-0.0,3.7335079763778563,-0.0,0.0,0.0,-741.2233951579343,-10.8,-199.35508281844346,2134.787043900129,6424.879324237304,-0.0,19.828504692199264,-0.0,0.0,0.0,-7428.54447846049,-69.4125,-1081.5378943691433,613.4534954175693,785.9916108249989,-928.6290298026923,36.74990973886487,-16.2,0.0,0.0,1533.3261716547622,-102.4613270011269,-1922.2308308323757,2433.237526499922,0.0,-0.0,114.77071316207028,-57.9,0.0,0.0,4905.0842234767415,-20.676749642996437,-7374.515713495736,351.7025999999999,0.0,-0.0,44.801075718670305,-18.081102263251182,0.0,0.0,1931.6994317486888,-30.871000000000002,-2279.2510052041075,13303.055363853719,2924.3809803429444,-0.0,380.23564814380376,-128.17662975211363,0.0,0.0,720.0,-19.512,-17179.983362588355,57005.65221200343,3693.0,-0.0,1241.293965706468,-522.0549747489648,0.0,0.0,3110.0,-50.6715,-64477.21970296093
t189,14315.453648816649,1830.0,-0.0,169.44696191895397,-122.2,0.0,0.0,-2408.1701706550216,-39.019999999999996,-13745.510440080581,2320.83862327739,240.0,-0.0,19.07783483712769,-9.5,0.0,0.0,-1374.150466642125,-17.911,-1178.354991472393,339.5218,0.0,-0.0,14.475253486710038,-33.1,0.0,0.0,582.5708291536573,-11.386,-892.0818826403672,2506.695174784069,0.0,-0.0,28.650269339499914,-79.7,0.0,0.0,-607.4013420302517,-79.74457735813047,-1768.4995247351862,968.94987,0.0,-0.0,2.542807937044148,-9.2,0.0,0.0,-749.2059027242118,-10.8,-202.28677521283234,2111.995243900129,5725.83937488449,-699.0399493528139,13.440274916612541,-48.7,0.0,0.0,-5940.860561964433,-69.4125,-1093.2618823839848,613.4534954175693,1714.6206406276913,-0.0,32.43085578697994,-90.2,0.0,0.0,-226.06803653221596,-102.46132700112683,-1941.7756282988971,2483.944257070307,0.0,-0.0,116.06143126310644,-57.9,0.0,0.0,4931.237689771494,-20.67674964299636,-7452.666628461911,351.7025999999999,0.0,-0.0,39.528572279498384,-19.7,0.0,0.0,1962.0479616231078,-30.871000000000002,-2302.708133902606,13425.017057190182,2903.0395024514705,-0.0,331.9436272951974,-0.0,0.0,0.0,720.0,-19.512,-17360.48818693685,56983.1945394318,5133.0,-0.0,1077.9275533202256,-671.0,0.0,0.0,3110.0,-50.6715,-65582.45059275204
t190,13796.992210769404,1830.0,-0.0,229.07080090208893,-708.7,0.0,0.0,-1614.4821937002507,-39.019999999999996,-13493.86081797124,2317.8656258274573,104.91276263075528,-135.08723736924472,15.02137212314493,-0.0,0.0,0.0,-1166.0482352884906,-17.911,-1118.7532879236237,339.5218,0.0,-0.0,11.397179473791368,-7.2,0.0,0.0,514.8028280280691,-11.386,-847.1358075018603,2475.4483647840684,0.0,-0.0,22.55945367705641,-0.0,0.0,0.0,-739.6542999455091,-79.74457735813047,-1678.6089411574862,958.63667,0.0,-0.0,2.5877414704072867,-1.6,0.0,0.0,-757.2871750370007,-10.8,-191.53723643340646,2134.787043900129,5710.776455344334,-714.10286889297,13.77252995940336,-8.7,0.0,0.0,-6029.547720997409,-69.4125,-1037.572939313487,613.4534954175693,1714.6206406276913,-0.0,25.536710958808143,-0.0,0.0,0.0,-409.0523587833038,-102.46132700112683,-1842.097161219638,2732.074898916084,0.0,-0.0,91.3868373158271,-265.0,0.0,0.0,4539.757250035354,-20.67674964299636,-7077.542236624269,351.7025999999999,0.0,-0.0,31.12422399669821,-0.0,0.0,0.0,1831.5119056885405,-30.871000000000002,-2183.4677296852383,13461.122956855479,2087.07895133243,-0.0,259.17171184475893,-161.5,0.0,0.0,720.0,-19.512,-16346.361620032665,53594.04945939822,5133.0,-0.0,860.9006336490321,-0.0,0.0,0.0,3110.0,-50.6715,-62647.27859304727
t191,12457.291301578312,1830.0,-0.0,169.73446648942752,-0.0,0.0,0.0,-1979.3244466630863,-39.019999999999996,-12438.68132140465,2254.153599999999,240.0,-0.0,10.688393136984427,-9.5,0.0,0.0,-1449.54587619755,-17.911,-1027.885116939434,339.5218,0.0,-0.0,8.406140101537174,-40.300000000000004,0.0,0.0,481.5205775126276,-11.386,-777.7625176141647,2499.256794624033,0.0,-0.0,16.05519421313763,-79.7,0.0,0.0,-814.0484888093579,-79.74457735813047,-1541.8189226696818,1037.0712700000001,0.0,-0.0,1.9038766502372944,-7.6,0.0,0.0,-844.6736029869048,-10.8,-175.90154366333246,2111.995243900129,4589.744816632899,-1835.1345076044054,10.15803029248064,-40.0,0.0,0.0,-3813.8000580139815,-69.4125,-953.5510252071217,613.4534954175693,1714.6206406276913,-0.0,18.175275950585714,-90.2,0.0,0.0,-461.0086243939702,-102.4613270011269,-1692.5794606007498,3239.3753776591006,0.0,-0.0,65.03581850835361,-57.9,0.0,0.0,3278.2754515354977,-20.676749642996437,-6504.109898059956,351.7025999999999,0.0,-0.0,22.147835704899975,-110.0,0.0,0.0,1772.6050680167245,-30.871000000000002,-2005.5845037216245,12708.967467609007,1952.983435006514,-0.0,187.81686699570812,-657.6373048153783,0.0,0.0,720.0,-19.512,-14892.618464795849,49455.30724568602,5084.593246621986,-0.0,652.5804282030533,-350.5222953903272,0.0,0.0,3110.0,-50.6715,-57901.287125120725
t192,12942.675040826727,539.8117240514462,-1290.1882759485538,118.94946534471399,-830.9000000000001,0.0,0.0,-360.0,-39.019999999999996,-11081.327954274337,2070.33585,240.0,-0.0,7.831488582171305,-43.6,0.0,0.0,-1323.547701056354,-17.911,-933.1086375258171,339.5218,0.0,-0.0,5.941138012725557,-0.0,0.0,0.0,372.3581125338084,-11.386,-706.435050546534,2672.563154624033,0.0,-0.0,11.765030487882989,-0.0,0.0,0.0,-1204.4400613750436,-79.74457735813047,-1400.1435463787413,1270.06817,0.0,-0.0,0.5695236680329145,-1.3589306215129877,0.0,0.0,-1099.190142951391,-10.8,-159.28862009512883,2107.1390604993585,4569.277895285452,-1855.6014289518516,7.179300360732528,-7.389185254476869,0.0,0.0,-3885.572026843405,-69.4125,-865.6211150958093,613.4534954175693,1714.6206406276913,-0.0,13.319080658069836,-0.0,0.0,0.0,-702.7108088336242,-102.4613270011269,-1536.2210808685788,3082.2259727749706,0.0,-0.0,47.65630236663965,-0.0,0.0,0.0,2799.980532381331,-20.676749642996437,-5909.186057879945,351.7025999999999,0.0,-0.0,16.22853871383178,-90.3,0.0,0.0,1573.1220961446788,-30.871000000000002,-1819.882234858511,11825.373658126833,1468.5084072841034,-0.0,132.79626921492522,-574.7476678153533,0.0,0.0,720.0,-19.512,-13552.418666810507,47126.902235231595,3693.0,-0.0,468.3084786249783,-1432.220159895577,0.0,0.0,3110.0,-50.6715,-52915.31905396099
t193,6356.593829294861,1114.5405441944797,-715.4594558055203,53.26684867983133,-59.20440032648118,0.0,0.0,2966.6194533028024,-39.019999999999996,-9677.336819339973,1362.732344880392,240.0,-0.0,3.6959036629531488,-52.506688376162124,0.0,0.0,-669.3431659416333,-17.911,-866.6673942255495,333.66904999999997,0.0,-0.0,2.80401200002217,-37.82669548346609,0.0,0.0,369.3431659416333,-11.386,-656.6035324581893,2507.170801267885,0.0,-0.0,5.551354366390347,-0.0,0.0,0.0,-1132.4953310813758,-79.74457735813047,-1300.4822471947696,1063.0109824707827,0.0,-0.0,0.6358468552010433,-0.0,0.0,0.0,-904.3077480102808,-10.8,-148.53908131570296,2015.3013343239975,3964.47652414035,-2460.402800096954,3.388398207785813,-0.0,0.0,0.0,-2649.2807785572886,-69.4125,-804.0701780178906,611.6166954175694,1714.6206406276913,-0.0,6.284284315521065,-0.0,0.0,0.0,-803.2900783035961,-102.46132700112683,-1426.7702150560592,2917.9401964228337,0.0,-0.0,22.48750720437429,-0.0,0.0,0.0,2569.373935952541,-20.67674964299636,-5489.124889936752,351.7025999999999,0.0,-0.0,7.658270106069418,-81.9797701489354,0.0,0.0,1443.3805466971976,-30.870999999999995,-1689.8906466543317,9592.877676781045,2132.275996213283,-937.724003786717,64.92638392689388,-385.3522171278375,0.0,0.0,1920.0,-19.512,-12367.491836006666,48880.95264512194,4087.096843762301,-1045.903156237699,239.7065817842613,-1501.1112876124193,0.0,0.0,-3110.0,-50.6715,-47500.070126818384
t194,6325.23016359304,672.831853726716,-1157.168146273284,28.341865781695518,-0.0,0.0,0.0,3122.292441223892,-39.019999999999996,-8952.50817805206,1363.3203793121138,162.57834024128738,-77.42165975871262,1.997458320543477,-0.0,0.0,0.0,-604.9792081839571,-17.911,-827.5843099312744,333.66904999999997,0.0,-0.0,1.5156753196585886,-2.4641473344202733,0.0,0.0,304.9792081839571,-11.386,-626.3137861691954,2471.8872312678855,0.0,-0.0,2.9992465820298007,-3.019580328109874,0.0,0.0,-1151.2414381671624,-79.74457735813047,-1240.8808819965118,879.9942324707827,0.0,-0.0,0.1612691827154393,-0.2399639027399589,0.0,0.0,-727.4170720219626,-10.8,-141.69846572879558,2018.794470660019,5393.283707849389,-1031.5956163879146,1.831576354248181,-1.8370873324864263,0.0,0.0,-5543.143336171126,-69.4125,-767.9212149721287,611.6166954175694,0.0,-1714.6206406276913,3.3948403679097643,-63.21764689961976,0.0,0.0,2626.583222286172,-102.46132700112683,-1361.2951435432128,3383.5990804854514,0.0,-0.0,12.150253628270773,-12.226132936892425,0.0,0.0,1875.2186240740798,-20.67674964299636,-5238.065075607913,351.7025999999999,0.0,-0.0,4.1384392456666985,-0.0,0.0,0.0,1287.7075587761078,-30.870999999999995,-1612.6775980217742,9877.531261440145,1558.498530917983,-1511.501469082017,35.89745730090341,-0.0,0.0,0.0,1920.0,-19.512,-11860.913780577013,48729.89860928754,3535.8358288488457,-1597.1641711511543,128.3155035811801,-2033.9670816678959,0.0,0.0,-3110.0,-50.6715,-45602.247188898524
t195,6246.864134151683,499.90670713044733,-1330.0932928695527,11.303969019338536,-9.711356992215709,0.0,0.0,3160.319448514015,-39.019999999999996,-8539.569608953716,1565.3899793121136,42.186832947946414,-197.8131670520536,0.806037145910822,-0.73863703263617,0.0,0.0,-586.8085088592145,-17.911,-805.1115364620663,333.66904999999997,0.0,-0.0,0.611721280532761,-0.0,0.0,0.0,286.8085088592145,-11.386,-609.7032801397472,2466.929021267885,0.0,-0.0,1.2098841809813115,-34.25049480512893,0.0,0.0,-1145.506312789792,-79.74457735813047,-1208.6375204958151,901.5279824707827,0.0,-0.0,0.13957461829601878,-2.2744122296491307,0.0,0.0,-750.8036023231525,-10.8,-137.78954253627708,2041.586270660019,3365.8207584943684,-3059.0585657429356,0.7392252007263259,-11.970590682363849,0.0,0.0,-1520.3003619836581,-69.4125,-747.4042359461558,611.6166954175694,1714.6206406276913,-0.0,1.3693063917853674,-0.0,0.0,0.0,-899.0308073324461,-102.46132700112668,-1326.1145081034742,3799.7632000837207,0.0,-0.0,4.901716380916071,-79.3051632706605,0.0,0.0,1395.6410844290488,-20.67674964299621,-5100.324087980029,351.7025999999999,0.0,-0.0,1.6697909028671993,-1.5316999518876364,0.0,0.0,1249.6805514859848,-30.870999999999995,-1570.6502424369642,10232.3764827808,1268.1380916425635,-1801.8619083574365,14.762405094056788,-12.10105456710064,0.0,0.0,1920.0,-19.512,-11601.802016592883,49400.881081882384,1798.2246407410234,-3334.7753592589766,54.37469247033372,-58.32785479334213,0.0,0.0,-3110.0,-50.6715,-44699.70570104142
t196,6280.614217391525,368.0019154188785,-1461.9980845811215,15.873989361015662,-4.463986682006059,0.0,0.0,3176.521323902715,-39.019999999999996,-8335.529374811007,1775.3863293121135,240.0,-0.0,1.1616269802164474,-7.391441083105164,0.0,0.0,-1193.9505956060132,-17.911,-797.2949196032113,333.66904999999997,0.0,-0.0,0.8814284615447665,-5.7302418411072535,0.0,0.0,286.40651197950456,-11.386,-603.8407485999419,2462.880801267885,0.0,-0.0,1.744286896910765,-0.7650181685352826,0.0,0.0,-1188.1799024304669,-79.74457735813047,-1195.9355902076618,919.3890100000002,0.0,-0.0,0.20041879431751417,-0.0,0.0,0.0,-771.9771170561703,-10.8,-136.81231173814746,2064.3780706600187,3697.3058439104325,-2727.573480326872,1.0651368763093352,-0.4654306340039831,0.0,0.0,-2225.709396549624,-69.4125,-739.5882439362614,611.6166954175694,1714.6206406276913,-0.0,1.9743807170030674,-0.8666639391798305,0.0,0.0,-912.4505759450481,-102.46132700112683,-1312.4331498769093,2889.548741646457,0.0,-0.0,7.066225545126339,-3.0975211159575426,0.0,0.0,2173.7546375081542,-20.67674964299636,-5046.595333940783,351.7025999999999,0.0,-0.0,2.406752978038706,-0.7274920749209954,0.0,0.0,1233.4786760972852,-30.870999999999995,-1555.9895370004026,9867.68385588728,1406.329920792377,-1663.670079207623,21.073985815139352,-5.79923819527329,0.0,0.0,1920.0,-19.512,-11526.1064450919,49498.42039426208,1390.1499493673332,-3742.850050632667,69.79986996242812,-24.61432509308135,0.0,0.0,-2497.893561900336,-50.6715,-44642.34077596576
t197,6271.125406444297,379.14536590940475,-1450.8546340905953,17.231221742981166,-33.97444154408928,0.0,0.0,3160.7846111463077,-39.019999999999996,-8304.437529608307,2008.0518293121136,103.7234973830549,-136.2765026169451,1.345661636524637,-0.0,0.0,0.0,-1152.8448721453253,-17.911000000000012,-806.0886135694232,333.66904999999997,0.0,-0.0,1.0204061218245737,-0.0,0.0,0.0,287.3769126078903,-11.386000000000013,-610.6803687297147,2513.4319812678855,0.0,-0.0,2.0233691771845095,-0.0,0.0,0.0,-1226.0961810304962,-79.74457735813047,-1209.6145920564422,839.3007100000001,0.0,-0.0,0.2291065225822615,-0.0,0.0,0.0,-690.9402739863053,-10.8,-137.78954253627708,2087.1698706600187,3910.418210342834,-2514.46111389447,1.2330307806508884,-0.0,0.0,0.0,-2667.5432619428757,-69.4125,-747.4042359461558,611.6166954175694,1714.6206406276913,-0.0,2.291348061239007,-0.0,0.0,0.0,-897.998369255246,-102.4613270011269,-1328.0689878501264,2550.2283196937024,0.0,-0.0,8.194431714399297,-0.0,0.0,0.0,2562.578086214923,-20.676749642996437,-5100.324087980029,352.4485999999999,0.0,-0.0,2.7893946705844574,-0.0,0.0,0.0,1249.2153888536923,-30.870999999999995,-1573.5823835242766,10063.812201913224,1440.5821559785934,-1629.4178440214066,23.340079834003852,-0.0,0.0,0.0,1920.0,-19.512,-11798.804593704413,48923.73812869331,2200.9333769950513,-2932.0666230049487,91.84931637576562,-0.0,0.0,0.0,-2544.532040462565,-50.6715,-45689.25065859661
t198,6771.8775230278825,69.3440117232351,-1760.655988276765,40.2724526340023,-0.0,0.0,0.0,3473.29753244671,-39.019999999999996,-8555.115531555066,1819.8303293121137,240.0,-0.0,3.1654333043588654,-0.0,0.0,0.0,-1191.1193707865623,-17.911,-853.9653918299101,333.66904999999997,0.0,-0.0,2.4012065109049012,-0.0,0.0,0.0,322.1483900476089,-11.386,-646.8326465585138,2628.0547500000002,0.0,-0.0,4.756002645106672,-0.0,0.0,0.0,-1271.1482877441235,-79.74457735813041,-1281.9178875428531,893.2667600000001,0.0,-0.0,0.5429835300685957,-0.0,0.0,0.0,-736.425123810625,-10.799999999999955,-146.5846197194437,2064.3780706600187,4002.2815381630553,-2422.597786074249,2.9016177892161634,-0.0,0.0,0.0,-2785.204750534991,-69.4125,-792.346190003049,611.6166954175694,1714.6206406276913,-0.0,5.384483556043486,-0.0,0.0,0.0,-821.9350750106396,-102.46132700112683,-1407.225417589538,2716.0823810931024,0.0,-0.0,19.264444468541043,-0.0,0.0,0.0,2686.5350346811574,-20.67674964299636,-5401.205110599804,362.1465999999999,0.0,-0.0,6.559786121994695,-0.0,0.0,0.0,1331.530272921151,-30.871000000000002,-1669.3656590431456,10152.648570519315,2070.0989140459233,-999.901085954077,57.43934094411485,-26.38985604745362,0.0,0.0,1525.1721946321388,-19.512,-12759.55607813996,49269.27830779643,3663.8693404393534,-1469.1306595606466,205.71563332716806,-0.0,0.0,0.0,-2532.850816841825,-50.6715,-49086.21030516047
t199,9011.557417391525,0.0,-1830.0,123.09488146956517,-32.151518172468585,0.0,0.0,2111.56194304751,-39.019999999999996,-9345.042723736131,1776.4544333300582,0.0,-240.0,10.236474115436218,-2.34280634530748,0.0,0.0,-569.8786129978047,-17.911,-956.5584881023822,333.77304999999996,0.0,-0.0,7.764027084748022,-1.7774127700060434,0.0,0.0,395.64898085120797,-11.386,-724.0226451659498,2985.3807749314597,0.0,-0.0,15.384495354845367,-3.5190862403587726,0.0,0.0,-1482.1834841264963,-79.74457735813041,-1435.3181225613196,864.57731,0.0,-0.0,1.7510031011649663,-0.40292073787468374,0.0,0.0,-690.9506182775134,-10.799999999999955,-164.17477408577696,9100.749385359979,1486.1897895235472,-1166.7,9.381970177670883,-2.1478424400846894,0.0,0.0,-8470.945709498093,-69.4125,-887.1150931230189,1261.9297037599642,371.2501290462561,-0.0,17.419191610242315,-3.983749631191537,0.0,0.0,35.06568751078157,-102.4613270011269,-1579.2196352949259,2521.2578781657585,0.0,-0.0,62.31191938094756,-14.255058958148226,0.0,0.0,3487.5433057544196,-20.676749642996437,-6036.181294699981,535.9645999999999,0.0,-0.0,21.215389773212813,-4.854581991756261,0.0,0.0,1354.1385077359887,-30.870999999999995,-1875.5929155174451,12227.229367097398,1603.193107839381,-1466.806892160619,184.01141420314588,-25.197257907501726,0.0,0.0,1920.0,-19.512,-14422.917739071803,50567.44437813315,3395.692236270109,-1737.307763729891,651.0944662866029,-64.60997359908505,0.0,0.0,1910.0,-50.6715,-54671.641843360885
t200,9814.277417391524,0.0,-1830.0,156.43228014240458,-346.2237983043126,0.0,0.0,2769.123701883895,-39.02,-10524.589601113512,2060.9741102990197,0.0,-240.0,17.418069216699426,-2.140640172036809,0.0,0.0,-767.005571827684,-17.911,-1051.334967515999,334.15464999999995,0.0,-0.0,13.212704005060338,-1.6232098898071932,0.0,0.0,461.96905670829483,-11.386,-796.327200823548,3193.5495732349195,0.0,-0.0,26.170895943173694,-3.218812946623591,0.0,0.0,-1559.7635800210792,-79.74457735813041,-1576.99349885226,856.16771,0.0,-0.0,2.987162171615537,-0.3643498648014483,0.0,0.0,-668.1800554509632,-10.799999999999955,-179.81046685585096,13901.682049964871,0.0,-2858.4478074429803,15.966220088566125,-1.961440603599598,0.0,0.0,-10013.758517773764,-69.4125,-974.0680042330946,1721.9537607930122,0.0,-250.3248556392997,29.629470611908893,-3.64515576265284,0.0,0.0,339.44888215192805,-102.46132700112683,-1734.6007751537707,2517.855704591979,0.0,-0.0,106.00611670690449,-13.035770613831305,0.0,0.0,4041.9327202750146,-20.67674964299636,-6632.082021317069,557.5985999999999,0.0,-0.0,23.713052007814376,-55.378831681614045,0.0,0.0,1566.2333640543584,-30.871000000000002,-2061.2951843805586,14129.212844391022,1128.76400621962,-1941.23599378038,306.6714471152276,-27.658179231548726,0.0,0.0,1920.0,-19.512,-15496.24212471394,58624.80373869258,946.9900793018279,-4186.009920698172,1061.5021937454956,-521.0133981569335,0.0,0.0,1910.0,-50.6715,-57785.60119288481
t201,10040.042417391525,0.0,-1830.0,220.58424084350318,-220.58424084350318,0.0,0.0,3466.0722698810514,-39.019999999999996,-11637.094687272576,2198.581559764628,0.0,-240.0,16.93153766738619,-6.4698004501560575,0.0,0.0,-851.920551205372,-17.911,-1099.2117457764862,334.51245,0.0,-0.0,12.84556175238332,-4.9044651966568935,0.0,0.0,501.4119320966208,-11.386,-832.4794786523471,3460.62635605072,0.0,-0.0,25.431967292265153,-9.734484856925125,0.0,0.0,-1747.2824667892583,-79.74457735813041,-1649.296794338671,878.6703100000001,0.0,-0.0,2.912574304180386,-1.0944269576757644,0.0,0.0,-681.0829133074872,-10.799999999999955,-188.6055440390176,14326.158967578558,1431.8953442197387,-3509.9153733791336,15.522709172828437,-5.926306264569819,0.0,0.0,-11169.312883037433,-69.4125,-1019.0099582899877,1913.673226687711,211.87495781310326,-1502.745682814588,28.78979963122292,-11.026213371005351,0.0,0.0,1273.6979642012138,-102.46132700112683,-1811.80272514653,2466.29485487891,0.0,-0.0,103.01991742371418,-39.418145956653014,0.0,0.0,4434.488918041718,-20.67674964299636,-6943.7087947446935,589.6765999999999,0.0,-0.0,35.0839356031273,-0.0,0.0,0.0,1557.3246421216754,-30.871000000000002,-2151.214177724803,15769.37395124823,381.92614513571385,-1774.3458892678686,296.6305699759617,-111.18774003745362,0.0,0.0,1306.6030879972732,-19.512,-15849.488125051857,62489.85906917326,193.56713077174322,-4939.432869228257,1025.916047283573,-1582.5644155355276,0.0,0.0,1910.0,-50.6715,-59046.6734624648
t202,9979.838417391526,145.7906125586792,-1684.2093874413208,182.8523897952997,-0.0,0.0,0.0,3560.0,-39.019999999999996,-12145.252032304183,2269.3598757275217,0.0,-240.0,9.703108544659287,-45.31664911126164,0.0,0.0,-852.1966617005116,-17.911,-1123.638673460408,333.66904999999997,0.0,-0.0,10.324628475456224,-34.39107994455872,0.0,0.0,552.827563330833,-11.386,-851.0441618617305,3422.8785364220557,0.0,-0.0,20.430131071429127,-68.02497366689246,0.0,0.0,-1610.0906743865844,-79.74457735813041,-1685.4484420818765,786.22936,0.0,-0.0,2.348762593929748,-7.843269111137348,0.0,0.0,-577.4203862512563,-10.799999999999955,-192.5144672315361,16491.859341057298,1267.6399659101608,-5157.239358327143,12.476520026014253,-41.559311111249215,0.0,0.0,-11461.306723235411,-69.4125,-1042.457934319671,1949.5253885463937,478.4978640973738,-1236.1227765303174,23.124703598246388,-76.98972555581103,0.0,0.0,815.3181929248149,-102.46132700112683,-1850.8923200795728,2429.4388,0.0,-0.0,82.76479904764446,-275.592936112026,0.0,0.0,4892.868689318117,-20.67674964299636,-7108.802602610739,635.1825999999999,0.0,-0.0,28.190293555104994,-0.0,0.0,0.0,1561.7170201169456,-30.871,-2194.2189136720503,17240.999532405367,240.67036067632415,-2829.329639323676,237.376882900883,-144.57031558515624,0.0,0.0,1208.2829798830544,-19.512,-15933.917800956799,62552.583635426214,0.0,-5133.0,812.5894221149977,-671.0,0.0,0.0,1910.0,-50.6715,-59420.50155754121
t203,9889.532417391525,374.5426465461537,-1455.4573534538463,209.35273289499287,-48.77325335720426,0.0,0.0,3560.0,-39.019999999999996,-12490.17719002162,2084.1735740918925,0.0,-240.0,15.471083714949845,-20.488052054419377,0.0,0.0,-680.0195443595917,-17.911,-1141.2260613928318,333.66904999999997,0.0,-0.0,11.739512958440118,-15.541846857827554,0.0,0.0,545.2655974306961,-11.386,-863.7463135313085,3436.234188570019,0.0,-0.0,23.23022047590124,-30.78207808162907,0.0,0.0,-1637.10837938735,-79.74457735813047,-1711.82937421881,719.03256,0.0,-0.0,2.6703854344946505,-3.5153485232474146,0.0,0.0,-511.94143728532225,-10.800000000000011,-195.44615962592496,18047.4518424205,588.0325956364866,-5836.846728600817,12.028609225953094,-18.780781701302182,0.0,0.0,-11664.383118641363,-69.4125,-1058.08991833946,1923.014923341678,455.382982696625,-1259.2376579310662,26.294194873787298,-34.84944614740903,0.0,0.0,871.0886065735413,-102.46132700112683,-1879.2322764060286,2429.4388,0.0,-0.0,94.10807699688631,-124.68517877112694,0.0,0.0,4837.09827566939,-20.67674964299636,-7215.283224252154,628.0955999999999,0.0,-0.0,32.05375666042127,-77.93741730259526,0.0,0.0,1677.086286999535,-30.871,-2228.4272263573607,18364.51647146699,514.4404725469435,-2555.5595274530565,259.07178206146887,-1006.3,0.0,0.0,506.3312563040722,-19.512,-16062.988454926422,62121.160265929975,0.0,-5133.0,885.196932521799,-299.3031305662834,0.0,0.0,2496.5824566963925,-50.6715,-60019.96502458189
t204,9968.349528512046,668.075420814826,-1161.924579185174,221.0398034337618,-478.57984209483413,0.0,0.0,3560.0,-39.019999999999996,-12737.940331480626,2308.102205936725,0.0,-240.0,17.260300663483154,-4.14061561675671,0.0,0.0,-913.2911356244081,-17.911,-1150.0197553590438,333.66904999999997,0.0,-0.0,13.098776514010227,-16.35193927783829,0.0,0.0,551.5560464249094,-11.386,-870.5859336610813,3462.5257287497348,0.0,-0.0,25.91019589621024,-32.3713386077021,0.0,0.0,-1650.8116326125219,-79.74457735813047,-1725.5083760675905,725.3474399999999,0.0,-0.0,2.986576465008694,-3.7095015236371527,0.0,0.0,-517.4011245173169,-10.8,-196.4233904240546,18981.186988827525,0.0,-6424.879324237304,15.828979263438605,-17.602198589474913,0.0,0.0,-11418.239035913593,-69.4125,-1066.882909350591,2069.7829330698714,416.2973700782622,-1298.323270549429,29.325075929430987,-36.64469214804413,0.0,0.0,815.9147851269563,-102.46132700112683,-1893.8908745059198,2429.4388,0.0,-0.0,104.97064835045468,-131.13149890957203,0.0,0.0,4892.272097115975,-20.67674964299636,-7274.873296913862,626.2305999999999,0.0,-0.0,35.757515843890324,-19.7,0.0,0.0,1633.6255766749073,-30.871,-2245.042692518797,18018.98910668998,0.0,-3070.0,297.99657871175634,-135.50762887166587,0.0,0.0,1050.5997940768739,-19.512,-16142.565850606943,62536.08499878877,0.0,-5133.0,965.2940965153692,-0.0,0.0,0.0,1995.774629248219,-50.6715,-60313.48222455237
t205,10291.17020696703,374.6414465685534,-1455.3585534314466,256.9610928376218,-122.2,0.0,0.0,3560.0,-39.019999999999996,-12866.194192941759,2123.3070054774103,0.0,-240.0,18.17470238748997,-0.0,0.0,0.0,-730.6197211837866,-17.911,-1152.9509866811143,333.66904999999997,0.0,-0.0,13.7941896847783,-0.0,0.0,0.0,536.4628711562381,-11.386,-872.5401108410164,3435.366348591255,0.0,-0.0,27.27676855949762,-0.0,0.0,0.0,-1653.481877482524,-79.74457735813047,-1729.4166623100991,658.1506399999998,0.0,-0.0,3.151597412974907,-0.0,0.0,0.0,-453.1016161907905,-10.8,-197.4006212221842,18672.885538143968,260.99864104766027,-6163.880683189644,16.66944889438593,-0.0,0.0,0.0,-11647.446538542068,-69.4125,-1069.8139063543015,2063.682081391023,344.6171025663709,-1370.0035380613203,30.869381908965558,-0.0,0.0,0.0,932.0733730686379,-102.46132700112683,-1898.77707387255,2429.4388,0.0,-0.0,110.51235256118576,-0.0,0.0,0.0,4776.1135091742935,-20.67674964299636,-7295.387912092483,630.3335999999999,0.0,-0.0,37.64886527810011,-71.09694963804873,0.0,0.0,1683.9150786909333,-30.871,-2249.9295943309844,16733.86602007225,1414.802887540445,-1655.197112459555,315.3875057009906,-511.5163385687985,0.0,0.0,-113.91507869093329,-19.512,-16163.9158835944,59752.32624989162,1440.0,-3693.0,193.5983118177882,-255.20307691493653,0.0,0.0,3110.0,-50.6715,-60497.04998479449
t206,10220.599541983544,365.45924956776935,-1464.5407504322307,194.54754694514634,-0.0,0.0,0.0,3560.0,-39.019999999999996,-12837.04558806423,1883.201788629092,0.0,-240.0,18.712197384151303,-5.880585666647126,0.0,0.0,-481.2631052360549,-17.911,-1156.8592951105418,333.66904999999997,0.0,-0.0,10.245361488443589,-4.45686492630098,0.0,0.0,547.3998300487764,-11.386,-875.471376610919,3414.8199333626167,0.0,-0.0,28.084531548841387,-8.851828950847779,0.0,0.0,-1619.0289669286167,-79.74457735813047,-1735.2790916738622,590.9538399999999,0.0,-0.0,3.2435873636689383,-0.9904144280668843,0.0,0.0,-384.029160915288,-10.8,-198.37785202031384,18707.014472737446,324.6112715120689,-6100.268052725235,17.16208928758018,-5.385378452613683,0.0,0.0,-11800.0,-69.4125,-1073.7219023592488,2032.5327793554527,506.71973176000733,-1207.900908867684,22.938587808811242,-10.027946084177202,0.0,0.0,663.8168360145492,-102.46132700112683,-1905.6177529858326,2429.4388,0.0,-0.0,113.78407776144445,-35.84062211567038,0.0,0.0,4833.104567016634,-20.67674964299636,-7319.810073019413,661.2925999999999,0.0,-0.0,38.762817956486494,-6.396776210085349,0.0,0.0,1595.938375846521,-30.871,-2258.7260175929214,17587.24864533364,155.11805280998942,-2914.8819471900106,325.5090031301952,-0.0,0.0,0.0,1174.061624153479,-19.512,-16307.54337823729,65168.68775270886,0.0,-5133.0,918.4425022947315,-2006.6381748005424,0.0,0.0,1910.0,-50.6715,-60806.82058020307
t207,10243.015266931092,344.4401894590767,-1485.5598105409233,287.13770774096116,-39.932679998109606,0.0,0.0,3560.0,-39.019999999999996,-12870.080673592096,2069.892863567948,0.0,-240.0,20.222908647897764,-0.0,0.0,0.0,-673.3913228905908,-17.911,-1158.8134493252555,333.66904999999997,0.0,-0.0,15.3496192248565,-33.1,0.0,0.0,572.8928845659976,-11.386,-877.4255537908541,3440.884975109497,0.0,-0.0,30.347087315400657,-0.0,0.0,0.0,-1653.2771787110228,-79.74457735813047,-1738.2103063557438,658.1506399999998,0.0,-0.0,3.5108522421694337,-0.0,0.0,0.0,-452.4836402218554,-10.8,-198.37785202031384,9785.091894489538,4527.67538313628,-1897.203941101024,18.54915813861413,-0.0,0.0,0.0,-11290.001093302924,-69.4125,-1074.6989013604855,1997.3937652842267,368.05967807509546,-1346.5609625525958,34.34266367789956,-74.0,0.0,0.0,1030.798415248987,-102.46132700112683,-1907.5722327324847,3002.8156626868727,0.0,-0.0,122.95497547197716,-0.0,0.0,0.0,4225.461935311409,-20.67674964299636,-7330.555823827262,633.3175999999999,0.0,-0.0,41.88993008846843,-5.013391360279844,0.0,0.0,1621.357639589608,-30.871,-2260.680778317796,18309.873202891737,0.0,-3070.0,173.50147769826336,-43.43184064570019,0.0,0.0,1027.9558295695479,-19.512,-16378.38666951385,60049.39835754058,1440.0,-3693.0,1109.275653488092,-193.5983118177882,0.0,0.0,2030.6865308408444,-50.6715,-60692.09073005174
t208,9923.771554371668,784.2594213797377,-1045.7405786202623,372.19139255892924,-708.7,0.0,0.0,3560.0,-39.019999999999996,-12846.761789690072,1811.3546011739254,0.0,-240.0,26.363771221205266,-43.6,0.0,0.0,-373.48561464044815,-17.911,-1162.721757754683,333.66904999999997,0.0,-0.0,20.01184722368696,-0.0,0.0,0.0,538.0619223370697,-11.386,-880.3568195607568,3396.5341062070243,0.0,-0.0,13.529987901937618,-0.0,0.0,0.0,-1587.2238525919513,-79.74457735813047,-1743.0956641588796,725.3474399999999,0.0,-0.0,1.5578058350258934,-0.7823894666124499,0.0,0.0,-515.9677735499699,-10.8,-199.35508281844346,18479.598744718423,0.0,-6424.879324237304,8.264393062843046,-4.254242724705195,0.0,0.0,-10910.710173453823,-69.4125,-1078.6068973654328,1880.2711144999728,100.6994415694844,-1613.9211990582069,44.76370715826661,-0.0,0.0,0.0,1605.0611746773784,-102.4613270011269,-1914.4129118457672,4314.623482291746,0.0,-0.0,54.813162009542694,-0.0,0.0,0.0,3004.264317221745,-20.676749642996437,-7353.024211880038,608.6995999999999,0.0,-0.0,25.677198472796196,-94.91977894738594,0.0,0.0,1759.913801691886,-30.871,-2268.4998212172954,18325.93455747168,381.4352083333938,-2688.564791666606,466.63891131611103,-965.6493921445696,0.0,0.0,1010.086198308114,-19.512,-16510.368691618125,65152.73017813159,0.0,-5133.0,1407.6838271041618,-2689.3039015588574,0.0,0.0,1910.0,-50.6715,-60597.4386036769
t209,8128.5654173915245,1681.2467281157433,-148.75327188425683,474.9196864376715,-768.8322106889802,0.0,0.0,3480.7422539775816,-39.019999999999996,-12808.868603349283,1976.082099270066,0.0,-240.0,3.2648847577311413,-50.7666482080646,0.0,0.0,-503.0621925282653,-17.911,-1167.6071432914675,333.66904999999997,0.0,-0.0,16.687412262226704,-38.53156495769107,0.0,0.0,583.8262766160913,-11.386,-884.2651739206269,3314.927862018457,0.0,-0.0,51.2011451383625,-76.187691513192,0.0,0.0,-1458.307430080973,-79.74457735813047,-1751.8893082045242,792.54424,0.0,-0.0,5.93358600927017,-8.02462496843001,0.0,0.0,-579.3208874242671,-10.8,-200.3323136165731,17390.34897858456,0.0,-6424.879324237304,31.303430059733763,-42.308898265838174,0.0,0.0,-9801.559793769537,-69.4125,-1083.4918923716168,1267.0844088689548,105.667702745734,-1608.9529378819573,37.334626685039126,-86.2210211548049,0.0,0.0,2310.756618443862,-102.46132700112668,-1923.2080707057019,6299.494750891972,0.0,-0.0,207.45488917961927,-308.678834868099,0.0,0.0,1207.6674087430881,-20.67674964299621,-7385.261464303585,516.9415999999999,0.0,-0.0,70.68335044851378,-0.0,0.0,0.0,1724.4518154804687,-30.871000000000002,-2281.205765928982,17150.731609691396,724.2807625649913,-2345.719237435009,605.5334986153581,-605.5334986153581,0.0,0.0,1124.8059305419497,-19.512,-16634.58706536333,64983.02244974629,0.0,-5133.0,1812.3801346161554,-2853.5424064255576,0.0,0.0,1910.0,-50.6715,-60668.18867793689
t210,7867.410864023641,1830.0,-0.0,563.2880512931055,-0.0,0.0,0.0,2626.0544945359115,-39.019999999999996,-12847.733409852657,2034.9307273248096,0.0,-240.0,41.30892354168984,-41.30892354168984,0.0,0.0,-608.4355069259855,-17.911,-1168.5842203988243,333.66904999999997,0.0,-0.0,31.355940025462594,-31.355940025462594,0.0,0.0,562.9592125105945,-11.386,-885.2422625105945,3372.2167016293924,0.0,-0.0,5.568477193655861,-70.96847719365587,0.0,0.0,-1473.2286729454831,-79.74457735813047,-1753.8434513257787,859.74104,0.0,-0.0,0.6230463992901661,-8.223046399290165,0.0,0.0,-641.008726383427,-10.8,-200.3323136165731,13955.880209425735,1173.761170641225,-5251.1181535960795,3.387814796140278,-43.387814796140276,0.0,0.0,-8685.618834099263,-69.4125,-1083.4918923716168,1576.7288776413664,785.9916108249989,-928.6290298026923,70.141127600082,-70.141127600082,0.0,0.0,594.5096586631344,-102.46132700112683,-1926.13979032568,5662.069117640305,0.0,-0.0,22.54649157431289,-287.5464915743129,0.0,0.0,2010.8228691804297,-20.67674964299636,-7387.215237177739,434.88159999999993,0.0,-0.0,85.56450591958986,-12.899453715054658,0.0,0.0,1808.4396351741968,-30.871000000000002,-2285.115287378732,14698.049495050294,1564.9426253890795,-1505.0573746109205,729.966587239481,-672.0512313463231,0.0,0.0,1895.5058702898916,-19.512,-16691.843972011506,61704.39574010214,1128.2680319045558,-4004.7319680954442,2184.553188708942,-2274.374888943305,0.0,0.0,1910.0,-50.6715,-60597.4386036769
t211,8089.953296124919,1830.0,-0.0,264.3822345476521,-31.98436650525602,0.0,0.0,2579.914639834432,-39.019999999999996,-12693.245804001746,2046.0527903748018,240.0,-0.0,32.69991060186762,-4.5088650584643375,0.0,0.0,-1160.9692371695155,-17.911,-1135.3635987486905,333.85105,0.0,-0.0,24.81916269984618,-3.4172450969413926,0.0,0.0,515.9709915685335,-11.386,-859.8379591714383,3155.780151036494,0.0,-0.0,49.0735967715302,-25.384032014022242,0.0,0.0,-1396.689408262705,-79.74457735813047,-1703.0357301731656,1027.49449,0.0,-0.0,5.6734232610144595,-5.6734232610144595,0.0,0.0,-822.2255611722047,-10.8,-194.46892882779534,8085.964747083152,2742.265111159857,-3682.6142130774474,29.992515694036552,-29.992515694036552,0.0,0.0,-6022.9982218322875,-69.4125,-1053.204923333276,1060.889165428222,785.9916108249989,-928.6290298026923,55.53598885829801,-7.688801468118132,0.0,0.0,1006.7995107065135,-102.46132700112685,-1870.4371175460942,7142.394788824367,0.0,-0.0,198.82500353381815,-171.34465754591446,0.0,0.0,28.963154473944883,-20.67674964299638,-7178.16153964322,351.7025999999999,0.0,-0.0,67.73646256741837,-0.0,0.0,0.0,1830.085360165568,-30.870999999999995,-2218.653422732986,12879.858785934322,2214.280762564991,-855.7192374350087,579.6329500892696,-392.5592180634802,0.0,0.0,1920.0,-19.512,-16325.982043090093,54612.01250639334,4353.103986135182,-779.8960138648182,1834.6373515146774,-1834.6373515146774,0.0,0.0,1521.148771687721,-50.6715,-59655.69775035143
t212,8562.862945492268,1830.0,-0.0,277.11280440333917,-811.4024943887362,0.0,0.0,2580.2632593944077,-39.019999999999996,-12399.816514901278,2050.4506599999995,240.0,-0.0,20.393123959730563,-0.0,0.0,0.0,-1175.1565731434637,-17.911,-1117.7762108162667,333.66904999999997,0.0,-0.0,15.475430413956358,-0.0,0.0,0.0,508.4002384979364,-11.386,-846.1587189118927,2863.8432700000003,0.0,-0.0,30.616444148896264,-0.0,0.0,0.0,-1137.0832671939065,-79.74457735813047,-1677.631869596859,1079.8038900000001,0.0,-0.0,3.5248151715617455,-0.0,0.0,0.0,-880.9914687381554,-10.8,-191.53723643340646,2090.575248862972,5049.257937984156,-1375.6213862531476,18.700941439053594,-0.0,0.0,0.0,-4675.927302719546,-69.4125,-1037.572939313487,611.6166954175694,1714.6206406276913,-0.0,34.652933901780024,-0.0,0.0,0.0,-417.3090215996017,-102.46132700112683,-1841.1199213463121,7430.256055115509,0.0,-0.0,124.03421763255724,-0.0,0.0,0.0,-461.9326051032635,-20.676749642996366,-7071.680918001806,351.7025999999999,0.0,-0.0,42.24935135877749,-9.349962279131308,0.0,0.0,1829.7367406055923,-30.870999999999995,-2183.4677296852383,12185.846884171335,3070.0,-0.0,363.8244226494526,-0.0,0.0,0.0,720.0,-19.512,-16320.159306820786,49754.809583278795,5133.0,-0.0,1233.386871029234,-0.0,0.0,0.0,3110.0,-50.6715,-59180.52495430802
t213,8129.659046504875,1830.0,-0.0,246.2086269185702,-0.0,0.0,0.0,2443.8104167586334,-39.019999999999996,-12610.658090182078,1936.7547979566468,240.0,-0.0,16.91383286859747,-9.5,0.0,0.0,-1009.3983357147022,-17.911,-1156.8592951105418,333.66904999999997,0.0,-0.0,12.8348969029624,-7.2,0.0,0.0,547.5534297079566,-11.386,-875.471376610919,3041.511978896195,0.0,-0.0,27.64112924237644,-7.652847859918117,0.0,0.0,-1246.4765912466605,-79.74457735813047,-1735.2790916738622,1100.56599,0.0,-0.0,3.1736970908390183,-0.8562626976132158,0.0,0.0,-893.705572372912,-10.8,-198.37785202031384,2092.1994400000003,6283.4642927743635,-141.41503146294053,16.877168120834625,-4.655928418271859,0.0,0.0,-7104.312537655975,-69.4125,-1072.744903358012,611.6166954175694,393.75181317588005,-1320.8688274518113,31.288068749441294,-8.66965981333381,0.0,0.0,2300.960989909214,-102.46132700112683,-1905.6177529858326,8118.103037862826,0.0,-0.0,111.9745081152725,-57.9,0.0,0.0,-834.6213826269204,-20.67674964299636,-7316.879413708181,351.7025999999999,0.0,-0.0,38.137370238711405,-65.45515552471929,0.0,0.0,1966.1895832413666,-30.870999999999995,-2259.7033979553585,12919.607305398256,3070.0,-0.0,326.85144164952214,-0.0,0.0,0.0,720.0,-19.512,-17016.94674704778,52005.37218457881,5133.0,-0.0,1081.4244454138884,-0.0,0.0,0.0,3110.0,-50.6715,-61279.1251299927
t214,8457.797516351526,1830.0,-0.0,188.39720518254646,-122.2,0.0,0.0,2559.964052870946,-39.019999999999996,-12874.938774405018,1751.5007479566468,240.0,-0.0,14.567525914171064,-28.191045543403284,0.0,0.0,-843.1670946185043,-17.911,-1116.79913370891,333.66904999999997,0.0,-0.0,11.053172781837738,-0.0,0.0,0.0,511.84540754008754,-11.386,-845.1816303219251,3163.3457088961954,0.0,-0.0,21.87645627417517,-0.0,0.0,0.0,-1429.7998613366349,-79.74457735813047,-1675.6777264756047,1095.95219,0.0,-0.0,2.511124488194354,-6.552851812582052,0.0,0.0,-889.5732262422059,-10.8,-191.53723643340646,2069.4076400000004,6424.879324237304,-0.0,13.356852290989679,-34.48869375043186,0.0,0.0,-7368.12368146685,-69.4125,-1035.6189413110133,611.6166954175694,249.60237867142544,-1465.0182619562659,24.7630282844599,-0.0,0.0,0.0,2519.685688310272,-102.46132700112685,-1838.1882017263338,8033.929539381314,0.0,-0.0,80.79852436087761,-286.38759609661105,0.0,0.0,-740.8672321861652,-20.67674964299638,-7066.79648581642,351.7025999999999,0.0,-0.0,27.413280743997387,-19.7,0.0,0.0,1850.035947129054,-30.870999999999995,-2178.580827873051,12598.723822936403,2926.4544238077942,-143.54557619220554,255.8980958244597,-81.90955851803385,0.0,0.0,720.0,-19.512,-16256.109207858417,51027.12611286391,5133.0,-0.0,862.0859096473486,-341.7075487155246,0.0,0.0,3110.0,-50.6715,-59739.83297379573
t215,11247.798473549075,0.0,-1830.0,158.69767699574038,-122.2,0.0,0.0,2647.388167939698,-39.019999999999996,-12062.664318484514,1772.1424948803922,240.0,-0.0,10.93847098394886,-4.78180655452837,0.0,0.0,-970.5488881556644,-17.911,-1029.8392711541478,333.66904999999997,0.0,-0.0,8.298369948178497,-3.6241060202741324,0.0,0.0,452.7593808661955,-11.386,-779.7166947940998,3099.9535588961953,0.0,-0.0,16.43171212008602,-14.3,0.0,0.0,-1477.5905563065871,-79.74457735813047,-1544.7501373515631,1116.23934,0.0,-0.0,1.879837248689687,-1.6,0.0,0.0,-929.8176335853573,-10.8,-175.90154366333246,2046.6158400000004,4335.922717631514,-2088.9566066057896,10.027806481590398,-8.7,0.0,0.0,-3269.992234297721,-69.4125,-955.5050232095954,611.6166954175694,1714.6206406276913,-0.0,18.60185384368396,-16.2,0.0,0.0,-530.6666826670889,-102.46132700112683,-1695.511180220728,7984.0924232292655,0.0,-0.0,66.5602475723907,-0.0,0.0,0.0,-1514.1433858537766,-20.67674964299636,-6515.832535304883,351.7025999999999,0.0,-0.0,22.66645987696478,-97.59324712832971,0.0,0.0,1762.6118320603018,-30.870999999999995,-2008.516644808937,12583.178108628617,1619.6762771643516,-947.2893260106582,187.31558696444426,-95.69025360574177,0.0,0.0,1450.4262583584734,-19.512,-14778.10465149949,47579.62777669325,5084.593246621986,9.836239656986556e-14,655.7594661856062,-394.9868982635036,0.0,0.0,2379.573741641527,-50.6715,-55253.895832878865
t216,6841.202487264476,1830.0,-0.0,106.32788823852155,-708.7,0.0,0.0,2835.8179026776165,-39.02,-10865.628278180613,1574.801844880392,240.0,-0.0,7.320257573036708,-0.0,0.0,0.0,-870.1253878202547,-17.911,-934.085714633174,333.66904999999997,0.0,-0.0,5.553614084441448,-21.40191760290479,0.0,0.0,400.0003040649974,-11.386,-706.435050546534,3100.564038896195,0.0,-0.0,10.99575915067467,-78.45440001432142,0.0,0.0,-1552.2402027350495,-79.74457735813047,-1401.1206179393685,1251.7357900000002,0.0,-0.0,1.2588019575330736,-1.4606321694345639,0.0,0.0,-1081.4453396929698,-10.8,-159.28862009512883,2038.0931343239974,5575.02616791489,-849.8531563224142,6.7110374532624215,-7.9421874213004395,0.0,0.0,-5826.024381851388,-69.4125,-866.598114097046,611.6166954175694,0.0,-1714.6206406276913,12.44770214988666,-88.78890071552496,0.0,0.0,2818.0275516454667,-102.46132700112683,-1536.2210808685788,8063.021794657756,0.0,-0.0,44.5413302812415,-45.60022805694372,0.0,0.0,-2128.192543610802,-20.67674964299636,-5913.093603628254,351.7025999999999,0.0,-0.0,15.168537536127848,-90.3,0.0,0.0,1574.1820973223835,-30.871000000000002,-1819.882234858511,13080.033456977235,1172.578371650767,-1897.421628349233,125.44701031789327,-1006.3,0.0,0.0,1920.0,-19.512,-13374.825210596662,46167.91732255063,3693.0,-1322.5265732804107,442.7648438960601,-326.843235706399,0.0,0.0,1910.0,-50.6715,-50513.64085745989
t217,12234.560143942108,0.0,-1830.0,53.254768406642285,-332.5535311535696,0.0,0.0,-337.976289986552,-39.019999999999996,-9748.265091208628,1472.2918035648063,240.0,-0.0,3.7322956027235756,-4.382172954755122,0.0,0.0,-831.9489175240094,-17.911,-861.7820086887651,333.66904999999997,0.0,-0.0,2.8316006108072855,-16.842733201246425,0.0,0.0,343.4461720987907,-11.386,-651.7180895083516,3123.5986800000005,0.0,-0.0,5.6061035756846795,-6.596323500315604,0.0,0.0,-1751.175279568114,-79.74457735813047,-1291.688603149125,1278.9980992303877,0.0,-0.0,0.64200986712506,-4.360138356218408,0.0,0.0,-1116.918120223721,-10.8,-147.56185051757333,2046.6158400000004,1643.3280442764672,-4781.551279960837,3.4217349948438613,-0.0,0.0,0.0,1956.7833437012318,-69.4125,-799.1851830117065,611.6166954175694,1714.6206406276913,-0.0,6.346296100819703,-7.472758091266627,0.0,0.0,-805.6517307308877,-102.46132700112683,-1416.9978163227986,8133.596609627057,0.0,-0.0,22.709210241736983,-26.708190955823312,0.0,0.0,-2651.056355319691,-20.67674964299636,-5457.864523950282,351.7025999999999,0.0,-0.0,7.733720655921198,-15.877796266228337,0.0,0.0,1364.4971775529525,-30.871000000000002,-1677.184701942645,13725.970762666093,492.02482564083675,-2577.9751743591632,64.83120780939124,-0.0,0.0,0.0,720.0,-19.512,-12405.339621757157,46717.14536799738,2704.8810962788916,-2428.1189037211084,245.0512786654965,-3091.7344123727707,0.0,0.0,3110.0,-50.6715,-47206.5529268479
t218,9241.588765432873,0.0,-1830.0,28.257284781855997,-0.0,0.0,0.0,1590.546934340704,-39.019999999999996,-8991.372984555432,1274.1381535648063,240.0,-0.0,2.028133217655216,-0.0,0.0,0.0,-680.4417479247556,-17.911,-817.8135388577057,333.66904999999997,0.0,-0.0,1.5389414625655942,-1.5562807536971002,0.0,0.0,297.2084553305541,-11.386,-619.4741660394226,2899.046036242636,0.0,-0.0,3.045347160117517,-0.0,0.0,0.0,-1595.144925896892,-79.74457735813047,-1227.2018801477313,1249.7972992303876,0.0,-0.0,0.350005104880886,-0.0,0.0,0.0,-1099.603300202732,-10.8,-139.74400413253633,2038.0608418920012,4153.638287247379,-2271.2410369899253,1.8596909396508443,-1.880505910717329,0.0,0.0,-3091.89655321739,-69.4125,-759.1282239609975,611.6166954175694,0.0,-1714.6206406276913,3.447037638986917,-0.0,0.0,0.0,2547.6775401422574,-102.46132700112683,-1345.6593055699957,7563.993257837344,0.0,-0.0,12.336975976768985,-0.0,0.0,0.0,-2370.3402761653706,-20.67674964299636,-5185.313208005745,351.7025999999999,0.0,-0.0,4.202013359955239,-0.0,0.0,0.0,1268.09637741307,-30.871000000000002,-1593.1299907730254,13398.454707558976,724.2807625649913,-2345.719237435009,35.603464458434075,-32.75744029679908,0.0,0.0,23.897496180554526,-19.512,-11784.247753031148,46673.13061367172,181.23051496048447,-4951.7694850395155,130.73529421702634,-0.0,0.0,0.0,3110.0,-50.6715,-45092.65543780971
t219,6544.36592310237,940.9254269005362,-889.0745730994638,11.303685258477312,-29.09442654224384,0.0,0.0,2040.0,-39.019999999999996,-8579.406035619675,1470.1509035648064,0.0,-240.0,0.819392174125619,-0.7604364085705454,0.0,0.0,-420.8664023712913,-17.911,-791.43245695907,333.66904999999997,0.0,-0.0,0.6218536319514054,-0.0,0.0,0.0,276.0504020181528,-11.386,-598.9553056501042,2807.234336242636,0.0,-0.0,1.229943224440949,-1.1446569097430315,0.0,0.0,-1540.4330990371864,-79.74457735813047,-1187.1419461620173,1193.2529492303875,0.0,-0.0,0.11451407308979641,-0.3458401674882444,0.0,0.0,-1047.363772994101,-10.8,-134.8578501418882,2015.2690418920013,3241.461961448454,-3183.4173627888504,0.7514692537795983,-0.0,0.0,0.0,-1269.949360875306,-69.4125,-734.7032489300774,611.6166954175694,0.0,-1714.6206406276913,1.3920135423225495,-1.2967441914571403,0.0,0.0,2507.0535141307055,-102.46132700112683,-1301.6835112703225,7991.5077514279365,0.0,-0.0,4.982972363365572,-4.634659795393113,0.0,0.0,-2953.8905735244452,-20.67674964299636,-5017.288740828468,351.7025999999999,0.0,-0.0,1.6974635214942049,-1.576904973562078,0.0,0.0,1219.3992926534718,-30.871000000000002,-1540.3514512014037,12951.770519908296,1767.6033283949969,-1302.3966716050031,14.675306822658152,-0.0,0.0,0.0,-1920.0,-19.512,-11492.140483520947,45809.7664220649,248.09717029969534,-4884.902829700304,55.94021666509526,-57.96008182381515,0.0,0.0,3110.0,-50.6715,-44230.26939750557
t220,9241.588765432873,0.0,-1830.0,15.953508155588416,-4.503366225461887,0.0,0.0,1005.92119655273,-39.019999999999996,-8389.94010391573,1666.4617535648065,0.0,-240.0,1.1816833753721685,-9.871883167471132,0.0,0.0,-622.1071763166335,-17.911,-777.7533774560737,333.66904999999997,0.0,-0.0,0.8966410160175191,-0.3971416337886212,0.0,0.0,266.4018703682,-11.386,-589.1844197504288,2803.5981962426363,0.0,-0.0,1.7744280278181532,-14.8097277159666,0.0,0.0,-1543.217804246884,-79.74457735813047,-1167.6005149494738,1339.5628492303877,0.0,-0.0,0.14295670962229734,-0.0,0.0,0.0,-1196.0024173943812,-10.8,-132.90338854562896,2038.0608418920012,3921.994234714388,-2502.885089522916,1.0835196030768828,-9.204943568739267,0.0,0.0,-2657.6338012038113,-69.4125,-722.002261913999,611.6166954175694,0.0,-1714.6206406276913,2.008507491688024,-0.6165605822077603,0.0,0.0,2484.257559358917,-102.46132700112683,-1280.184234057149,7725.76359248643,0.0,-0.0,7.188307935373826,-2.2036331919647734,0.0,0.0,-2779.7256696582444,-20.67674964299636,-4930.345847928597,351.7025999999999,0.0,-0.0,2.448319546834144,-20.446600308910664,0.0,0.0,1212.106242540107,-30.871000000000002,-1514.9395617780303,11976.31134360634,890.2573262196437,-2179.742673780356,21.112670362356326,-8.479507151053122,0.0,0.0,720.0,-19.512,-11399.94715925693,45391.643558782074,637.4245724090915,-4495.5754275909085,71.9435799212824,-599.8975866507985,0.0,0.0,3110.0,-50.6715,-44064.86719687074
t221,8131.586719015202,0.0,-1830.0,17.327603117604895,-11.570311874162437,0.0,0.0,2040.0,-39.019999999999996,-8308.324010258644,1654.9964804301924,0.0,-240.0,1.374277500690081,-0.0,0.0,0.0,-612.8897636159536,-17.911,-785.5699943149287,333.66904999999997,0.0,-0.0,1.0420983226747769,-2.5278399439604273,0.0,0.0,273.2725543215522,-11.386,-594.0698627002665,2712.3843100000004,0.0,-0.0,2.066425534452236,-0.0,0.0,0.0,-1456.3578560599494,-79.74457735813047,-1178.3483021163727,1381.5194492303876,0.0,-0.0,0.1602970693476595,-0.5067612112828066,0.0,0.0,-1236.4923657446939,-10.8,-133.88061934375858,2058.0117400000004,3335.3199822875004,-3089.5593419498036,1.2592425177323503,-0.0,0.0,0.0,-1506.7778679327726,-69.4125,-728.8412549226566,611.6166954175694,1714.6206406276913,-0.0,2.3401181529807884,-9.51576472781006,0.0,0.0,-924.6892499322444,-102.46132700112668,-1291.9111125370619,6630.438317959357,0.0,-0.0,8.368780417916673,-34.076725038779266,0.0,0.0,-1610.7247725355035,-20.67674964299621,-4973.328851159994,353.9405999999999,0.0,-0.0,2.848726077464233,-0.0,0.0,0.0,1204.6593214995646,-30.871000000000002,-1530.5776475770292,11498.020306994782,1276.3247187077777,-1793.6752812922223,23.55883798530289,-102.9145658027578,0.0,0.0,720.0,-19.512,-11601.802016592883,44225.37336426721,1394.3439250435877,-3738.6560749564123,93.94471629506646,-0.0,0.0,0.0,3110.0,-50.6715,-45034.334430649455
t222,6885.792008429947,714.3702352426224,-1115.6297647573776,40.454447762345964,-0.0,0.0,0.0,2040.0,-39.019999999999996,-8525.966926677536,1864.5456804301923,0.0,-240.0,3.2181659687002346,-0.9517638492517282,0.0,0.0,-777.4084641889388,-17.911,-831.492618360702,333.66904999999997,0.0,-0.0,2.4411887102061103,-2.0014807057842803,0.0,0.0,306.5222939346763,-11.386,-629.2450519390981,2775.5742400000004,0.0,-0.0,4.835311764275952,-1.432655057294707,0.0,0.0,-1452.4890079885758,-79.74457735813047,-1246.743311360275,1317.6978992303875,0.0,-0.0,0.5519402792273517,-0.1602970693476595,0.0,0.0,-1164.6138459133422,-10.8,-142.6756965269252,2080.8035400000003,4206.889621523456,-2217.989702713848,2.949930837507826,-0.8716153145778983,0.0,0.0,-3231.5170623566996,-69.4125,-770.8522119758392,611.6166954175694,1714.6206406276913,-0.0,5.474303952963237,-1.623007827145052,0.0,0.0,-859.491482513453,-102.46132700112683,-1368.1358226564953,4637.652004196096,0.0,-0.0,19.58562155742375,-16.049636355198196,0.0,0.0,641.9759967795183,-20.67674964299636,-5262.487236534843,369.2335999999999,0.0,-0.0,6.669103925088509,-1.9736576663430574,0.0,0.0,1278.415975024966,-30.871000000000002,-1621.4740212837112,10742.926848849642,2358.9316164196584,-711.0683835803417,57.47911494752377,-47.59349619623024,0.0,0.0,108.6055972218486,-19.512,-12489.769297662098,44106.707512046916,3051.9065754743074,-2081.0934245256926,211.4926050058201,-90.09854809962744,0.0,0.0,3110.0,-50.6715,-48258.24321990173
t223,9585.281517221008,0.0,-1830.0,122.86323818745446,-183.73273668375714,0.0,0.0,1585.6873476149026,-39.019999999999996,-9241.079366339607,1943.4267600000003,0.0,-240.0,10.253866808195212,-0.0,0.0,0.0,-771.4546832485898,-17.911000000000012,-924.3149435596052,333.68944999999997,0.0,-0.0,7.77715801889575,-0.0,0.0,0.0,369.5148223978654,-11.386000000000013,-699.5954304167611,2804.925698714332,0.0,-0.0,15.410885280916109,-3.163118230912083,0.0,0.0,-1350.9643438762446,-79.74457735813047,-1386.464544529961,1111.2001992303876,0.0,-0.0,1.7536980824189705,-0.0,0.0,0.0,-943.8425080158074,-10.8,-158.3113892969992,8580.020685847023,2888.7629465539876,-3536.1163776833164,9.39783292189293,-0.0,0.0,0.0,-7015.824463554909,-69.4125,-856.828124084678,1156.0598092447647,924.5234494264513,-790.09719120124,17.449169549610826,-0.0,0.0,0.0,319.0202923702079,-102.46132700112683,-1524.494202388666,3076.041437156844,0.0,-0.0,62.41858971781293,-27.58008025204463,0.0,0.0,2746.6932645566167,-20.67674964299636,-5836.896461536233,588.5575999999999,0.0,-0.0,21.251559478178116,-0.0,0.0,0.0,1231.1702717559583,-30.871000000000002,-1810.1084312341368,13144.96290394406,1517.5859525675378,-1552.4140474324622,182.38290210888366,-0.0,0.0,0.0,720.0,-19.512,-13993.00571118802,44901.09445013965,5133.0,-0.0,665.160502433594,-0.0,0.0,0.0,3110.0,-50.6715,-53758.58345257324
t224,10221.778585374977,0.0,-1830.0,210.67165224408427,-0.0,0.0,0.0,1763.920470489832,-39.019999999999996,-10327.350708108892,1835.0922164139947,108.4578129467697,-131.5421870532303,12.957200320977353,-7.248097171288715,0.0,0.0,-778.7603682692867,-17.911,-1021.045577187936,333.77025,0.0,-0.0,9.831638787901706,-5.493294698239868,0.0,0.0,446.1544805746652,-11.386,-772.877074664327,3143.5336341641855,0.0,-0.0,18.074276801027064,-10.910293636781962,0.0,0.0,-1538.9048329068908,-79.74457735813047,-1532.04820706341,791.7495492303876,0.0,-0.0,2.2349548633208,-1.220732155164415,0.0,0.0,-607.0394590733412,-10.8,-174.92431286520284,15399.031153578586,949.8906282881026,-5474.988695949201,15.839221579074408,-12.735390962555208,0.0,0.0,-9860.912384335543,-69.4125,-946.712032198464,1721.1524504428419,0.0,-1714.6206406276913,22.023744003601657,-12.359913071039703,0.0,0.0,1771.0272278675557,-102.46132700112683,-1684.7615416141412,2842.779548856217,0.0,-0.0,78.82086327747146,-44.175244865012274,0.0,0.0,3590.7020670838,-20.67674964299636,-6447.4504847094795,626.9766,0.0,-0.0,35.80946800069094,-15.03026466046186,0.0,0.0,1383.812798569208,-30.870999999999995,-2000.6976019094373,14737.422835104697,1257.20425518924,-1812.79574481076,301.461247545709,-121.33232037826853,0.0,0.0,720.0,-19.512,-15062.448272650618,49454.090094543906,4527.557732732543,-605.4422672674577,1074.0307803723526,-407.56233798154165,0.0,0.0,3110.0,-50.6715,-57102.00250239982
t225,9953.058217391525,0.0,-1830.0,216.51849974475036,-122.2,0.0,0.0,3260.5274569690955,-39.019999999999996,-11438.884174105371,1765.8912110917806,0.0,-240.0,16.68688812640835,-0.0,0.0,0.0,-444.99689558884063,-17.911,-1079.6702036293486,334.08844999999997,0.0,-0.0,12.659856452446867,-17.919473319498124,0.0,0.0,500.3803166698855,-11.386,-817.823149802834,3049.7168194020287,0.0,-0.0,25.06488461012507,-0.0,0.0,0.0,-1375.0524791341677,-79.74457735813047,-1619.9846475198556,846.0192492303877,0.0,-0.0,2.870050266965399,-0.0,0.0,0.0,-653.3926786508539,-10.8,-184.6966208464991,14257.519295603495,1216.9753089047688,-5207.904015332535,15.298293856361546,-0.0,0.0,0.0,-9211.052406764367,-69.4125,-1001.4239762677252,1696.8072885246308,0.0,-1714.6206406276913,28.3744037173452,-0.0,0.0,0.0,1871.4540847136136,-102.4613270011269,-1779.5538093267699,3833.0273817334055,0.0,-0.0,101.53259700608609,-0.0,0.0,0.0,2909.6685338877037,-20.676749642996437,-6823.551762984199,634.8095999999999,0.0,-0.0,34.57718852324868,-0.0,0.0,0.0,1472.625794341619,-30.871000000000002,-2111.141582864868,17580.922580957144,1234.589000580685,-1835.410999419315,238.86635183083322,-262.08062674683634,0.0,0.0,-1440.1617264436886,-19.512,-15497.212580758824,55661.65866628891,2343.43770468761,-2789.56229531239,1040.2002136433596,-699.5823469947527,0.0,0.0,3110.0,-50.6715,-58615.480442312735
t226,10239.992118463704,0.0,-1830.0,142.38002180923752,-0.0,0.0,0.0,3560.0,-39.019999999999996,-12073.352140272942,1979.4832910636228,0.0,-240.0,13.43706723519577,-40.64462112138889,0.0,0.0,-572.6802179317352,-17.911,-1121.6845192456942,334.17845,0.0,-0.0,10.196077591977055,-7.2,0.0,0.0,523.3014570898183,-11.386,-849.0899846817954,2997.940448397095,0.0,-0.0,20.176161463621995,-14.3,0.0,0.0,-1240.5777335419655,-79.74457735813047,-1683.494298960622,863.70194,0.0,-0.0,2.319228283923508,-7.669660061297554,0.0,0.0,-655.0370409910898,-10.8,-192.5144672315361,15796.628648300917,1163.425763783299,-5261.453560454005,12.321171217902876,-7.63347259573284,0.0,0.0,-10593.372113935184,-69.4125,-1040.5039363171975,1780.8179520864708,0.0,-1714.6206406276913,22.83734403585983,-16.2,0.0,0.0,1877.5872719660829,-102.46132700112683,-1847.9606004595946,4745.023983125735,0.0,-0.0,67.14810086487013,-112.26308701463789,0.0,0.0,2420.778377344074,-20.67674964299636,-7100.010624677045,625.4845999999999,0.0,-0.0,27.839613954355606,-92.69221361311713,0.0,0.0,1660.5483918810626,-30.871,-2190.3093922223006,18505.286370394446,252.38504225602037,-2817.6149577439796,233.3966884501872,-161.5,0.0,0.0,-90.54839188106257,-19.512,-15901.892751475614,59027.98171128753,852.2016109769611,-4280.798389023039,830.62603439054,-0.0,0.0,0.0,3110.0,-50.6715,-59489.339467632
t227,10094.855271137763,749.4906252052219,-1080.509374794778,208.47242015702824,-122.2,0.0,0.0,2729.6124967707706,-39.019999999999996,-12540.701438476006,1872.036937474701,240.0,-0.0,15.377296749639264,-9.5,0.0,0.0,-947.0522475432261,-17.911,-1152.9509866811143,334.31325,0.0,-0.0,11.668270642594242,-22.681278292563924,0.0,0.0,561.6029570809537,-11.386,-873.517199430984,3051.654796319028,0.0,-0.0,23.089711388227833,-14.3,0.0,0.0,-1250.3061964783983,-79.74457735813047,-1730.3937338707265,799.18369,0.0,-0.0,2.653845450122347,-1.6,0.0,0.0,-592.0369142279382,-10.8,-197.4006212221842,15968.356370586343,0.0,-6424.879324237304,14.100198366933785,-8.7,0.0,0.0,-8409.650838361671,-69.4125,-1069.8139063543015,1871.7789794856199,1249.4135595308826,-465.2070810968087,26.135276132742266,-59.123615521997806,0.0,0.0,-620.7814777834355,-102.46132700112683,-1899.754313745876,4260.247584481883,0.0,-0.0,93.53858706572322,-57.9,0.0,0.0,3018.2247173137166,-20.67674964299636,-7293.434139218329,607.5805999999999,0.0,-0.0,28.48158575296506,-33.694333926335204,0.0,0.0,1680.3875032292294,-30.871000000000002,-2251.884355055859,16885.88955312181,807.5511205004677,-2262.4488794995323,235.66569940168245,-161.5,0.0,0.0,720.0,-19.512,-16205.645493524427,59710.72399267716,896.8896807755118,-3693.0,907.2176742268903,-557.1607201966519,0.0,0.0,3110.0,-50.6715,-60323.99912748291
t228,10279.738098682343,1830.0,-0.0,240.04971333726832,-110.41269622344373,0.0,0.0,687.2147207224472,-39.019999999999996,-12887.569836518614,1784.7760325852005,0.0,-240.0,17.173002258286672,-0.0,0.0,0.0,-374.4767373373056,-17.911,-1169.5612975061813,334.49845,0.0,-0.0,12.633428447879933,-0.0,0.0,0.0,549.4963840627147,-11.386,-885.2422625105945,3140.545888196299,0.0,-0.0,25.77943847592364,-65.4,0.0,0.0,-1266.3602264276863,-79.74457735813047,-1754.8205228864058,863.99964,0.0,-0.0,2.971146441387372,-0.6379228317962429,0.0,0.0,-655.2005499930181,-10.8,-200.3323136165731,15075.543331521585,0.0,-6424.879324237304,15.748829658898012,-8.493702746999976,0.0,0.0,-7503.06074382209,-69.4125,-1085.4458903740904,1861.452644979728,1025.038120304025,-689.5825203236664,20.930068483544105,-0.0,0.0,0.0,-189.23719611682372,-102.46132700112683,-1926.13979032568,4158.818711412299,0.0,-0.0,23.084832475626534,-0.0,0.0,0.0,3238.6879666148143,-20.67674964299636,-7399.914760859743,604.5965999999999,0.0,-0.0,35.57680538571215,-8.100880666365075,0.0,0.0,1682.936382296948,-30.870999999999995,-2284.137907016295,16053.768617995243,973.6872863049185,-2096.3127136950816,297.15908240300297,-0.0,0.0,0.0,1183.182781134151,-19.512,-16391.973054142232,63805.55181220594,0.0,-5133.0,520.7078485952825,-938.6050235726397,0.0,0.0,2646.817218865849,-50.6715,-60850.80035609441
t229,9917.939217391526,936.7712961397915,-893.2287038602085,258.05466073195333,-684.8563457573559,0.0,0.0,3560.0,-39.019999999999996,-13055.660124645703,1579.0912263918253,71.83634986526897,-168.16365013473103,18.080117975663608,-50.21340080182722,0.0,0.0,-257.29588314587727,-17.911,-1175.4237601503226,334.53065,0.0,-0.0,13.722345384919755,-5.01226166033221,0.0,0.0,557.2958831458773,-11.386,-889.1506168704647,3074.287493366022,0.0,-0.0,27.13504924764298,-9.954908575382028,0.0,0.0,-1249.085961308729,-79.74457735813047,-1762.6370953714231,952.5135400000001,0.0,-0.0,3.134934154785374,-0.475913092722026,0.0,0.0,-743.0630166473609,-10.8,-201.3095444147027,14263.501404442755,2127.2215424867445,-4297.6577817505595,16.582625136746273,-36.20041507543186,0.0,0.0,-10913.70398985998,-69.4125,-1090.3308853802744,1824.7442099118741,960.799783726825,-753.8208569008663,30.70908829969049,-11.27758873574747,0.0,0.0,-13.75836011503452,-102.46132700112683,-1934.9349491856146,3080.0570488650083,0.0,-0.0,17.22210504287832,-23.084832475626534,0.0,0.0,4379.611327931104,-20.67674964299636,-7433.128899720367,577.3675999999999,0.0,-0.0,5.859679954139945,-19.7,0.0,0.0,1761.2554306865295,-30.871,-2293.911710640669,15509.012713787424,1580.0,-1490.0,315.54954244188286,-448.7421284830624,0.0,0.0,1008.7445693134705,-19.512,-16455.052697059717,65322.15976896577,0.0,-5133.0,1042.8454203532938,-2045.492587967397,0.0,0.0,1910.0,-50.6715,-61045.84110135167
t230,12164.673079758488,0.0,-1830.0,265.14962785820086,-77.07294791125403,0.0,0.0,2569.9871246151015,-39.019999999999996,-13053.716884320535,1740.3057505455572,0.0,-240.0,17.9715367512719,-0.0,0.0,0.0,-322.9883729317928,-17.911,-1177.3779143650363,334.43145,0.0,-0.0,14.11712248670165,-35.46063465916913,0.0,0.0,589.4028562228673,-11.386,-891.1047940503997,3102.6160801336314,0.0,-0.0,27.91731366000771,-65.4,0.0,0.0,-1218.8434348215765,-79.74457735813047,-1766.5453816139318,888.47364,0.0,-0.0,1.6322929467576142,-8.12458547981536,0.0,0.0,-669.8718030522396,-10.8,-201.3095444147027,12669.193359774697,2351.3577020076123,-4073.521622229692,2.852433546496029,-2.5877774416760158,0.0,0.0,-9785.596712274692,-69.4125,-1092.2848833827481,1662.114673303245,0.0,-1714.6206406276913,30.193248992777928,-0.0,0.0,0.0,2063.617954011715,-102.46132700112683,-1938.843908678919,3693.7398190322992,0.0,-0.0,113.10637585130534,-265.0,0.0,0.0,3927.5896374729937,-20.67674964299636,-7448.759082713603,598.6285999999999,0.0,-0.0,38.53179409261898,-6.45895872022664,0.0,0.0,1698.9681770804639,-30.871000000000002,-2298.798612452856,18112.509783180205,0.0,-3070.0,325.33190626174184,-0.0,0.0,0.0,1237.7345736771597,-19.512,-16586.064263119108,65633.8391328438,0.0,-5133.0,1076.8711296070144,-254.47792300213678,0.0,0.0,-90.0,-50.6715,-61182.56083944867
t231,11502.429455024892,0.0,-1830.0,289.37372031468567,-31.851672679546407,0.0,0.0,3205.536668814215,-39.019999999999996,-13096.468171474246,1995.8047549169405,102.85369460717868,-137.14630539282132,19.98477615637075,-0.0,0.0,0.0,-791.0933914594166,-17.911,-1172.4925288282518,334.47145,0.0,-0.0,15.16882073991277,-1.8408432318125139,0.0,0.0,551.7601007723968,-11.386,-888.1735282804971,3015.1016231103945,0.0,-0.0,29.989947868110377,-26.333828671593857,0.0,0.0,-1179.3072842592424,-79.74457735813047,-1759.7058806895416,919.99634,0.0,-0.0,3.469276547499314,-0.4090762737361142,0.0,0.0,-711.9242266571902,-10.8,-200.3323136165731,12484.237880545617,2410.3785637101682,-4014.5007605271358,18.330669468772754,-0.0,0.0,0.0,-9740.656965819624,-69.4125,-1088.3768873778008,1890.8292965357048,0.0,-1714.6206406276913,33.938584147693525,-74.0,0.0,0.0,1897.340076637729,-102.46132700112683,-1931.0259896923103,4382.944944976616,0.0,-0.0,121.5077993067793,-51.00898974952235,0.0,0.0,2986.685484710411,-20.67674964299636,-7419.452489601287,493.8155999999999,0.0,-0.0,41.39676276785182,-95.3367516203759,0.0,0.0,1880.0201976810067,-30.871,-2289.024808828482,18920.76954387091,386.4955702385498,-2683.5044297614504,352.38849671622256,-86.75503347599569,0.0,0.0,-310.02019768100666,-19.512,-16559.86194990723,65093.070373452305,207.15270438583934,-4925.84729561416,1152.4064974866412,-2488.0,0.0,0.0,2211.6595372607203,-50.6715,-61199.770316971364
t232,11303.689071686797,784.2594213797377,-1045.7405786202623,29.111873258112617,-737.8118732581127,0.0,0.0,2758.257349711681,-39.019999999999996,-13052.745264157951,2025.1498408811171,102.85369460717868,-137.14630539282132,26.025244687799763,-51.38091603290748,0.0,0.0,-775.0980299221153,-17.911,-1172.4925288282518,334.37885,0.0,-0.0,19.754834436049983,-1.6956374181692861,0.0,0.0,547.1214812626164,-11.386,-888.1735282804971,2879.5951944449967,0.0,-0.0,39.04964229154805,-11.712326239008092,0.0,0.0,-1068.459124010491,-79.74457735813047,-1758.7288091289145,988.10774,0.0,-0.0,4.523330893272394,-7.97680831514873,0.0,0.0,-773.5219489615506,-10.8,-200.3323136165731,10301.544826827714,2410.3785637101682,-4014.5007605271358,23.872698256377348,-7.125680998557369,0.0,0.0,-7557.3572588920015,-69.4125,-1087.399888376564,1804.9535756951364,0.0,-1714.6206406276913,44.18921981997972,-11.866943771327414,0.0,0.0,1910.8321055773413,-102.46132700112683,-1931.0259896923103,4970.058851503181,0.0,-0.0,158.218446062704,-13.635750904444674,0.0,0.0,2322.557033271611,-20.67674964299636,-7416.521830290056,425.92959999999994,0.0,-0.0,53.90668774929069,-4.63945238026874,0.0,0.0,1844.6989734594604,-30.871,-2289.024808828482,18501.35429100802,638.3431139091351,-2431.6568860908646,458.7844817833955,-844.8,0.0,0.0,253.4671251180024,-19.512,-16555.980125727692,66879.95288389848,0.0,-5133.0,151.79915309122893,-1311.0592664856504,0.0,0.0,537.5022933854469,-50.6715,-61074.5235638895
t233,10558.935033268248,1830.0,-0.0,479.3488329803126,-0.0,0.0,0.0,144.78016474005966,-39.019999999999996,-12974.04403098862,2062.9386167615885,102.85369460717868,-137.14630539282132,33.5191708329385,-46.11981239547344,0.0,0.0,-830.527221121944,-17.911,-1167.6071432914675,334.05305,0.0,-0.0,25.44366916428757,-35.00975255235882,0.0,0.0,570.1871187187306,-11.386,-883.2880853306593,2844.23671703977,0.0,-0.0,33.511062788806385,-69.19298076371265,0.0,0.0,-977.8979850628357,-79.74457735813047,-1750.9122366438971,1010.3062400000001,0.0,-0.0,4.473980037622718,-0.42438945607973655,0.0,0.0,-803.22351696497,-10.8,-200.3323136165731,7940.430417787306,2910.3760866193156,-3514.5032376179884,2.307617667433567,-42.30761766743357,0.0,0.0,-6144.375873418253,-69.4125,-1082.51489337038,1620.4772737302908,785.9916108249989,-928.6290298026923,56.91053325134896,-78.29694324280733,0.0,0.0,569.2159529456899,-102.4613270011269,-1923.2080707057019,5577.061052488136,0.0,-0.0,170.27337612068428,-280.35759344188546,0.0,0.0,1935.0538330313361,-20.676749642996437,-7381.353918555276,375.2015999999999,0.0,-0.0,55.089480126377346,-95.52529517798175,0.0,0.0,1976.3336006181498,-30.870999999999995,-2280.228385566545,16834.776259024587,1322.4382676881028,-1747.5617323118972,33.50786272392043,-879.7918827982045,0.0,0.0,1039.296120657901,-19.512,-16583.152894984454,62584.14365056702,660.1039861351818,-4472.896013864818,1897.1677121045955,-1897.1677121045955,0.0,0.0,2521.1578058561363,-50.6715,-61241.837928693516
t234,11625.039324436062,1830.0,-0.0,566.4842564723294,-708.7,0.0,0.0,-360.0,-39.019999999999996,-12913.80358090839,1837.7157357341948,240.0,-0.0,40.167864019954116,-0.0,0.0,0.0,-945.0674588583208,-17.911,-1154.905140895828,333.80724999999995,0.0,-0.0,14.052114911362255,-33.1,0.0,0.0,571.1209231095893,-11.386,-874.4942880209514,2682.256558023853,0.0,-0.0,56.545011249467805,-6.575148165348736,0.0,0.0,-919.1568951972336,-79.74457735813047,-1733.324948552608,1063.90389,0.0,-0.0,6.9801825191503095,-7.6,0.0,0.0,-855.0834512969661,-10.8,-197.4006212221842,3621.8383220432656,3577.078563710168,-2847.800760527136,36.845244194805296,-0.0,0.0,0.0,-3246.7809650643285,-69.4125,-1071.767904356775,1300.235164363993,785.9916108249989,-928.6290298026923,6.23971361086191,-74.0,0.0,0.0,916.2871412431448,-102.46132700112683,-1903.6632732391804,6179.727692769813,0.0,-0.0,244.20084926113148,-265.0,0.0,0.0,1162.9974383269985,-20.67674964299636,-7301.249230714947,362.1465999999999,0.0,-0.0,83.20115252830685,-90.3,0.0,0.0,1934.5492650646147,-30.871000000000002,-2258.7260175929214,15131.042122878787,2566.0153359677615,-503.98466403223836,710.5261743557365,-0.0,0.0,0.0,-1368.865997327499,-19.512,-16515.220971842547,59649.36654112584,1645.679355203331,-3487.320644796669,2280.030326178422,-2280.030326178422,0.0,0.0,3110.0,-50.6715,-60867.05375153252
t235,11323.870046922479,1830.0,-0.0,175.9772441171546,-79.04639049316447,0.0,0.0,-597.2363297140523,-39.019999999999996,-12614.544570832417,1891.1910682559355,240.0,-0.0,12.612295823910369,-0.0,0.0,0.0,-1003.2307677267945,-17.911,-1122.6615963530512,333.67165,0.0,-0.0,16.015548319130193,-0.0,0.0,0.0,511.76587495263266,-11.386,-850.0670732717629,2539.6680255986066,0.0,-0.0,47.925195273620204,-0.0,0.0,0.0,-823.3772729928469,-79.74457735813047,-1684.4713705212491,954.59534,0.0,-0.0,5.540189675788147,-8.969962776481438,0.0,0.0,-747.8510996677707,-10.8,-192.5144672315361,2083.7297654611584,4406.8280154742015,-2018.0513087631025,29.290293762612624,-40.0,0.0,0.0,-3350.9033306164365,-69.4125,-1041.4809353184341,843.8600340379496,1714.6206406276913,-0.0,54.236504679821394,-0.0,0.0,0.0,-660.3407721380897,-102.46132700112668,-1849.9150802062468,6156.601270468878,0.0,-0.0,194.17184922477878,-265.0,0.0,0.0,1033.9373681893055,-20.67674964299621,-7099.0337382399675,351.7025999999999,0.0,-0.0,66.15098395799833,-0.0,0.0,0.0,1807.2363297140523,-30.870999999999995,-2194.2189136720503,13874.384039811184,2073.5641475682755,-996.4358524317246,563.7540155747287,-161.5,0.0,0.0,720.0,-19.512,-16054.254350522464,51702.91889973006,4353.103986135182,-779.8960138648182,1896.5060205201137,-912.8045359463392,0.0,0.0,3110.0,-50.6715,-59319.156856574205
t236,9915.16020641719,1830.0,-0.0,215.52885981765388,-0.0,0.0,0.0,269.2491137108026,-39.019999999999996,-12190.918179945646,1669.7679535648065,0.0,-240.0,19.99372202015839,-53.08589516243696,0.0,0.0,-276.62180332397156,-17.911,-1102.1429770985567,333.66904999999997,0.0,-0.0,15.172251877627563,-7.2,0.0,0.0,504.17835395465477,-11.386,-834.4336558322822,2575.2810600000003,0.0,-0.0,7.60913799686599,-75.95272535186274,0.0,0.0,-773.0107431450665,-79.74457735813047,-1654.1821521418067,1000.2158400000001,0.0,-0.0,3.4553657093065704,-0.0,0.0,0.0,-804.2656616702892,-10.8,-188.6055440390176,2029.5219900000002,5052.792596016301,-1372.0867282210029,18.334565313550925,-48.7,0.0,0.0,-4587.531968813915,-69.4125,-1022.9179542949349,611.6166954175694,1714.6206406276913,-0.0,33.97481712305319,-90.17594754015566,0.0,0.0,-351.8631939871975,-102.46132700112679,-1815.7116846398344,6641.417256526995,0.0,-0.0,121.60617343473483,-148.61118088756362,0.0,0.0,379.2798884258382,-20.676749642996324,-6973.015387857009,351.7025999999999,0.0,-0.0,41.42207462158685,-19.67075102105348,0.0,0.0,1810.5860148491442,-30.870999999999995,-2153.1689384496776,13770.489501651155,2057.3018712607263,-1012.6981287392736,352.3455457320539,-0.0,0.0,0.0,720.0,-19.512,-15867.92678990466,48757.83864661503,5084.5932466219865,-0.0,1258.624976808771,-0.0,0.0,0.0,3110.0,-50.6715,-58160.385370045806
t237,10427.5618563681,1830.0,-0.0,241.42346383944067,-830.9000000000001,0.0,0.0,669.702697784966,-39.019999999999996,-12298.768017992506,1867.8267535648065,240.0,-0.0,17.82952992076669,-9.5,0.0,0.0,-972.6524558104511,-17.911,-1125.5928276751217,333.66904999999997,0.0,-0.0,9.994529388792836,-33.1,0.0,0.0,552.8436710629048,-11.386,-852.0212504516979,2528.4633100000005,0.0,-0.0,26.77480393078639,-14.3,0.0,0.0,-772.8138798088985,-79.74457735813047,-1688.3796567637578,925.08059,0.0,-0.0,2.8460902954006446,-6.301456004707216,0.0,0.0,-718.3107570591574,-10.8,-192.5144672315361,2052.31379,4904.738900376258,-1520.1404238610457,12.077872936007882,-0.0,0.0,0.0,-4336.142706130313,-69.4125,-1043.4349333209077,611.6166954175694,1129.696040767952,-584.9245998597394,30.307592087903416,-16.2,0.0,0.0,785.7896382869931,-102.46132700112683,-1853.824039699551,7383.677841990043,0.0,-0.0,108.46468085074997,-57.9,0.0,0.0,-297.9249655275146,-20.67674964299636,-7115.64080767028,351.7025999999999,0.0,-0.0,36.941730401547005,-19.7,0.0,0.0,1860.0551047202534,-30.871000000000002,-2198.1284351218,13803.795844014512,2658.5057470180996,-411.4942529819004,313.94186242963934,-80.48144717841099,0.0,0.0,119.45365248121755,-19.512,-16384.209405783156,50007.5298308979,5133.0,-0.0,1082.0113243771132,-0.0,0.0,0.0,3110.0,-50.6715,-59281.869655275026
t238,10046.83270226811,1145.4613123176355,-684.5386876823645,201.59119589019645,-122.2,0.0,0.0,1926.5047446266956,-39.019999999999996,-12474.631267420273,1666.1365535648065,240.0,-0.0,14.069367274672503,-0.0,0.0,0.0,-813.8310232439183,-17.911,-1088.4638975955604,333.66904999999997,0.0,-0.0,10.675118000721223,-7.2,0.0,0.0,497.92751334191814,-11.386,-823.6856813426392,2477.8052900000002,0.0,-0.0,21.12866524787804,-0.0,0.0,0.0,-786.5028000817379,-79.74457735813047,-1632.686577808009,940.1147345253154,0.0,-0.0,2.424908525162609,-0.0,0.0,0.0,-745.0885606077197,-10.8,-186.65108244275834,2075.10559,6424.879324237304,-0.0,10.968179345381625,-8.7,0.0,0.0,-7423.600625305067,-69.4125,-1009.2399682776196,611.6166954175694,0.0,-1714.6206406276913,23.916687390538662,-0.0,0.0,0.0,2973.8065125007197,-102.46132700112683,-1792.2579276800086,8167.438725893546,0.0,-0.0,63.667933132522975,-0.0,0.0,0.0,-1323.3805279888547,-20.67674964299636,-6887.049381394217,351.7025999999999,0.0,-0.0,29.151160818590125,-90.3,0.0,0.0,1864.1647667579641,-30.870999999999995,-2123.8475275765545,13792.574202712403,2400.4281660882675,-669.5718339117326,246.2586966014348,-728.409727420682,0.0,0.0,720.0,-19.512,-15741.76750406969,49440.57264306159,5133.0,-0.0,861.7676233341158,-572.3478354138981,0.0,0.0,3110.0,-50.6715,-57922.320930981805
t239,9505.22501184391,1830.0,-0.0,154.57273638508593,-0.0,0.0,0.0,299.0248779033616,-39.019999999999996,-11749.802626132358,1869.5205035648064,190.53028873968742,-49.469711260312586,10.70047585856662,-52.78735975559172,0.0,0.0,-932.4688512812909,-17.911,-1018.1143458658654,333.66904999999997,0.0,-0.0,8.117754699849945,-0.0,0.0,0.0,440.52209278454166,-11.386,-770.9228974843919,2518.8521300000007,0.0,-0.0,16.074453977010073,-79.22939415841702,0.0,0.0,-847.8126916395613,-79.74457735813047,-1528.1399208209014,992.8832100000002,0.0,-0.0,1.838648974635123,-1.5473448009417636,0.0,0.0,-808.4274321066204,-10.8,-173.9470820670732,2092.1994400000003,3393.5917892619855,-3031.2875349753185,9.80954513234144,-40.0,0.0,0.0,-1410.1427052230192,-69.4125,-944.7580341959905,611.6166954175694,1714.6206406276913,-0.0,18.197512892067962,-15.666866109535356,0.0,0.0,-549.3630331991335,-102.46132700112683,-1676.9436226275327,8167.438725893546,0.0,-0.0,65.1128724948528,-34.070757575161075,0.0,0.0,-1732.3073793349163,-20.67674964299636,-6445.496711835324,351.7025999999999,0.0,-0.0,22.173417662307173,-66.96586292363236,0.0,0.0,1710.9751220966382,-30.871000000000002,-1987.0142768353132,13831.589275296556,1982.421342943725,-1087.578657056275,183.77305828117915,-1006.3,0.0,0.0,720.0,-19.512,-14604.393019465184,45495.12473932556,5133.0,-0.0,659.5297627353182,-151.47003682800914,0.0,0.0,3110.0,-50.6715,-54195.512965232876
t240,9957.000980200806,740.9477959281573,-1089.0522040718427,105.20353593110997,-100.62055175650178,0.0,0.0,1160.0,-39.019999999999996,-10734.459556231728,1668.7652535648065,109.10313519902604,-130.89686480097396,7.2529881609202205,-0.0,0.0,0.0,-699.2965661685339,-17.911,-937.0169459552446,333.66904999999997,0.0,-0.0,5.50253731244663,-5.636748347099889,0.0,0.0,387.21747735108966,-11.386,-709.3663163164366,2533.1124600000003,0.0,-0.0,10.894886137963937,-0.0,0.0,0.0,-1058.2567930373298,-79.74457735813047,-1406.0059757425045,947.6698100000001,0.0,-0.0,1.2470412814154506,-0.0,0.0,0.0,-777.8510003881571,-10.8,-160.26585089325846,2069.4076400000004,3157.7176522255463,-3267.161672011758,6.649312693653021,-6.811070919412364,0.0,0.0,-1020.8602508872718,-69.4125,-869.5291111007565,611.6166954175694,1714.6206406276913,-0.0,12.333576666083662,-54.21270835178854,0.0,0.0,-639.8123572498941,-102.46132700112668,-1542.0845201085353,8135.433015250016,0.0,-0.0,44.1325670525152,-194.1401042327563,0.0,0.0,-2031.140509619903,-20.67674964299621,-5933.608218806875,351.7025999999999,0.0,-0.0,15.029231062339104,-0.0,0.0,0.0,1490.8630663332342,-30.871,-1826.7238973955732,13807.384460862504,1490.0,-1580.0,124.43768920989129,-551.8537303094911,0.0,0.0,79.13693366676591,-19.512,-13349.59335342967,44431.173212916125,3693.0,-258.4992049602644,451.524372449519,-1302.6837818589058,0.0,0.0,3110.0,-50.6715,-50073.84309854647
t241,8326.113982595207,1830.0,-0.0,53.07088151214299,-0.0,0.0,0.0,-223.84927316475427,-2.9100405511418055,-9982.425550391454,1372.4235816391304,240.0,-0.0,3.5951210397167905,-7.964053045813781,0.0,0.0,-724.0338383415786,-13.445108636477737,-870.575702654977,623.2626999999999,0.0,-0.0,2.7277445963656533,-0.0,0.0,0.0,34.78845812219441,-2.2211930804356625,-658.5577096381244,2515.325145474837,0.0,-0.0,5.399176089111345,-0.0,0.0,0.0,-1177.4424479885784,-36.93719701683683,-1306.3446765585327,1023.7134319811465,0.0,-0.0,0.6194033683597038,-0.0,0.0,0.0,-869.9217820052677,-5.8719720285355566,-148.53908131570296,2037.5871400000003,4949.100089782075,-0.0,3.29625036667385,-0.0,0.0,0.0,-6147.578864484796,-34.426441641114856,-807.9781740228378,782.1370954175693,0.0,-0.0,6.111701690372555,-0.0,0.0,0.0,699.840231793868,-56.43261447912003,-1431.6564144226895,2591.017644165872,0.0,-0.0,21.871754959279087,-289.2777988204914,0.0,0.0,3203.437453466694,-10.57134359644009,-5516.477710174913,351.7025999999999,0.0,-0.0,7.449046165561926,-16.514931052898046,0.0,0.0,1374.760062602219,-22.61922924836354,-1694.777548466519,12608.415855869454,0.0,-0.0,61.682668541039924,-383.9437317675885,0.0,0.0,720.0,-19.512,-12986.642792642906,50770.02125259581,0.0,-0.0,236.13604913223259,-0.0,0.0,0.0,3110.0,-50.6715,-54065.48580172804
t242,8282.482062785237,1698.696360843147,-0.0,29.167595933435404,-23.67715728682131,0.0,0.0,-760.0,-9.879999999999999,-9216.788862274998,1572.1624816391304,240.0,-0.0,2.034906031081565,-0.0,0.0,0.0,-974.822174718033,-12.76798012826131,-826.6072328239176,623.2626999999999,0.0,-0.0,1.5441375575789835,-1.3562372572900254,0.0,0.0,2.0835690301830176,-0.19747175124402352,-625.3366975792279,3191.3022202569337,0.0,-0.0,3.0552828313729257,-58.50628230231743,0.0,0.0,-1855.3043217937723,-40.643088556332046,-1239.9038104358847,939.8903619811465,0.0,-0.0,0.3514358977154056,-0.2078249451570625,0.0,0.0,-792.9828728134187,-5.352634391490576,-141.69846572879558,2044.1189292756626,2371.374972360607,-0.0,1.8659742607948333,-1.6387866858921138,0.0,0.0,-3628.457511177686,-20.31936206259504,-766.944215970892,782.1370954175693,0.0,-0.0,3.4581923304466557,-3.051533828902557,0.0,0.0,619.0929350283157,-42.296025150868786,-1359.3406637965606,2955.636675428945,0.0,-0.0,12.377429347706308,-0.0,0.0,0.0,2280.507304246506,-7.525674104013469,-5240.9957349191445,351.7025999999999,0.0,-0.0,4.215930816521277,-0.0,0.0,0.0,1279.8830721979048,-27.03352644240151,-1608.7680765720245,11861.186058313526,0.0,-0.0,35.724984188664656,-226.99583836087038,0.0,0.0,720.0,-19.512,-12370.40320414132,48249.721077911774,0.0,-0.0,132.60194226338677,-138.2868608403093,0.0,0.0,3110.0,-50.6715,-51303.36465933485
t243,8533.837368898865,1017.578102920022,-0.0,12.598619731925934,-0.0,0.0,0.0,-760.0,-9.879999999999999,-8794.134091550812,1782.9717316391304,0.0,-0.0,0.8985106241939089,-0.7707106090766604,0.0,0.0,-969.11290847449,-12.783395147118876,-801.2032280326388,623.2626999999999,0.0,-0.0,0.6818508311910847,-11.309358932126758,0.0,0.0,-5.659953476367434,-0.20322405285230422,-606.7720143698446,2540.5748854748367,0.0,-0.0,1.348898523167005,-0.0,0.0,0.0,-1303.8551356054875,-36.27062882109125,-1201.798019571425,865.4832699999998,0.0,-0.0,0.11911067189738166,-0.0,0.0,0.0,-723.9037188316362,-4.8863501021135445,-136.81231173814746,2066.9219092756625,2267.2780627747425,-0.0,0.8239683895926798,-13.666899011633546,0.0,0.0,-3557.9363578830107,-19.92444360414486,-743.4962399412086,782.1338954175693,0.0,-0.0,1.526719953186354,-35.26941398240987,0.0,0.0,604.6712867010322,-35.74313884583839,-1317.3193492435396,3430.5445319697924,0.0,-0.0,5.464736662151245,-4.697278343740909,0.0,0.0,1652.9754149454477,-5.454818869319977,-5078.83258636433,351.7025999999999,0.0,-0.0,1.8614620808224631,-1.5982104209273904,0.0,0.0,1232.8213726245122,-26.842926559129275,-1557.9442977252775,12205.736304521866,0.0,-523.0146697181399,15.97212049507528,-409.1973207521633,0.0,0.0,720.0,-19.512,-11989.984434546637,46261.92884052906,0.0,-0.0,61.33841085567592,-0.0,0.0,0.0,3110.0,-50.6715,-49382.59575138473
t244,9556.653343393027,0.0,-0.0,14.75994723456436,-5.262701766667714,0.0,0.0,-971.2979040575744,-12.531788695922558,-8582.320896107427,1633.131230467704,0.0,-0.0,1.0676098020387303,-0.20899044411120107,0.0,0.0,-830.3764864874342,-13.157983486483927,-790.4553798517131,623.2626999999999,0.0,-0.0,0.8102345179036694,-0.32148526780650366,0.0,0.0,-24.626512950808177,-1.1467192391522758,-597.9782170601367,2537.432058194559,0.0,-0.0,1.6025146527639444,-0.6385054624490282,0.0,0.0,-1316.094493987278,-37.113770356832696,-1185.187803040763,936.88073,0.0,-0.0,0.18486598508827862,-0.0,0.0,0.0,-796.8291490868636,-5.3785967563363295,-134.8578501418882,2044.1412892756628,1648.0967953707598,-0.0,0.9791154304025157,-0.38846136526619185,0.0,0.0,-2942.6237955277625,-16.47869325495547,-733.7262499288406,782.1338954175693,0.0,-0.0,1.8136734406269355,-0.7233418525646331,0.0,0.0,548.9781485185401,-33.45058387382694,-1298.7517916503443,3715.906989714849,0.0,-0.0,6.492414462372371,-1.2737417593724782,0.0,0.0,1292.6136118330498,-4.265624919049064,-5009.47364933185,351.7025999999999,0.0,-0.0,2.2116675240321677,-0.0,0.0,0.0,1210.256581746131,-26.75153915607183,-1537.4193101140913,12452.914430510846,0.0,-1327.2900304851462,19.27408383316317,-0.0,0.0,0.0,720.0,-19.512,-11845.386483858863,45967.44832547949,0.0,-0.0,65.15394134015922,-600.4035182768953,0.0,0.0,3110.0,-50.6715,-48491.52724854276
t245,10412.198773920025,0.0,-0.0,19.02238161492037,-142.94510991454675,0.0,0.0,-1743.0072385863573,-22.21674084425878,-8523.052066189783,1424.340730467704,240.0,-0.0,1.5206315447893703,-4.92174391909677,0.0,0.0,-853.4803266943304,-13.095603117925307,-794.3636882811406,623.2626999999999,0.0,-0.0,1.1530409345261832,-0.8194331844214549,0.0,0.0,-21.698320375722787,-0.9885045443425556,-600.9094828300393,2533.962738194559,0.0,-0.0,2.286637825409205,-1.6274853523926118,0.0,0.0,-1305.4896904884304,-38.08196777461869,-1191.050232404526,1016.01611,0.0,-0.0,0.2586950215369712,-0.7982127115051966,0.0,0.0,-873.7437411174709,-5.897770252542928,-135.83508094001783,2066.9442692756625,0.0,-0.0,1.3932997908191007,-0.9901484311759245,0.0,0.0,-1323.2798067847602,-7.410366917994657,-736.6572469325511,782.1338954175693,280.8582101702559,-0.0,2.589554680288149,-1.8437246649482733,0.0,0.0,275.84702289076927,-33.01524785698116,-1306.569710636953,4296.384305547524,0.0,-0.0,9.260486282358576,-57.51695108364356,0.0,0.0,786.4093474850877,-2.595150846700789,-5031.942037384625,352.0755999999999,0.0,-0.0,3.1521744351031726,-10.629601577922088,0.0,0.0,1228.4427536712155,-26.82519315236842,-1546.2157333760283,12816.925465632237,0.0,-1553.0778263370105,26.144488926501182,-3.407061809741866,0.0,0.0,720.0,-19.512,-11987.073066411986,45590.933624140904,0.0,-0.0,107.05594391908701,-0.0,0.0,0.0,3110.0,-50.6715,-48757.31806806
t246,10374.310538191688,0.0,-0.0,42.9622621443939,-0.0,0.0,0.0,-1650.6619099446816,-21.057806969805753,-8745.553083421595,1620.204330467704,0.0,-0.0,3.459076162866949,-0.0,0.0,0.0,-773.9751355992023,-13.310267133882153,-836.3780038974863,623.2341499999999,0.0,-0.0,2.62383729422391,-0.0,0.0,0.0,9.022159502165664,-1.7267404974212295,-633.1534062989682,2466.215218194559,0.0,-0.0,5.197681693614905,-0.0,0.0,0.0,-1179.1859876406363,-37.66702840224484,-1254.5598838452922,1064.27974,0.0,-0.0,0.5928093420009652,-0.0,0.0,0.0,-916.0137599355112,-6.1830928795647,-142.6756965269252,2089.7472492756624,1166.7,-0.0,3.1706359909174537,-0.0,0.0,0.0,-2470.0484072042136,-13.832271080343595,-775.7372069820232,782.1306954175693,500.7071054957129,-0.0,5.884718226757702,-6.518360191916656,0.0,0.0,134.15796241303224,-40.408379718051656,-1375.9537416431037,3554.940600341159,0.0,-0.0,21.05306754872916,-0.0,0.0,0.0,1724.4214117272022,-5.690590658699766,-5294.724488958391,356.9245999999999,0.0,-0.0,7.168546351426958,-0.0,0.0,0.0,1292.2836666818453,-27.08374885006147,-1629.2930641832106,12746.701929108724,0.0,-627.330653296832,62.48384581800249,-42.23919176453069,0.0,0.0,720.0,-19.512,-12840.103929865363,48235.3505449586,0.0,-0.0,234.69423955448235,-77.81590206610477,0.0,0.0,3110.0,-50.6715,-51451.55738244698
t247,10685.51448625034,176.7923574592353,-0.0,130.17446708846654,-0.0,0.0,0.0,-1385.8277875198687,-17.73413873337435,-9588.919384544799,1899.6717654290371,32.29705504962027,-0.0,10.908585725089385,-0.0,0.0,0.0,-1000.0,-12.7,-930.1774062037465,478.13014999999996,0.0,-0.0,8.273528098848365,-0.0,0.0,0.0,219.11800579527815,-1.0408105275275712,-704.4808733665989,2740.438884164627,0.0,-0.0,16.395742964112383,-0.0,0.0,0.0,-1324.0487525503738,-37.52768600275953,-1395.2581885756056,996.7426800000001,0.0,-0.0,1.864712613269223,-0.1820962632047677,0.0,0.0,-833.5104805114833,-5.626195743452512,-159.28862009512883,3780.4273249361954,0.0,-0.0,9.997625538611707,-0.0,0.0,0.0,-2911.430819791874,-16.304012590834493,-862.6901180920988,936.0601712509567,1486.37375092589,-0.0,18.564622437036096,-0.0,0.0,0.0,-863.4605231821945,-44.24866018308767,-1533.2893612486007,2932.0255783654484,0.0,-0.0,66.40680716981366,-0.0,0.0,0.0,2889.0270957742678,-9.533789416055082,-5877.925691893475,444.5795999999999,0.0,-0.0,22.6089125833075,-0.0,0.0,0.0,1380.1332619862478,-27.439539711044304,-1819.882234858511,14422.913667457084,0.0,-623.6132756163828,197.05239556481592,-340.88451543073677,0.0,0.0,720.0,-19.512,-14355.956271974781,52420.57547140412,0.0,-0.0,726.2496177307448,-0.0,0.0,0.0,3110.0,-50.6715,-56206.153589134876
t248,11424.487676863446,0.0,-981.8956492697268,204.23896028471415,-361.2561062590793,0.0,0.0,851.27012049185,-8.879280032819011,-11127.965722078385,1873.9241373394411,0.0,-240.0,17.469615216584213,-2.406134487478682,0.0,0.0,-600.4842689036536,-13.778692473960135,-1034.7246566909323,333.03675,0.0,-0.0,13.25188262434187,-1.8244710223121756,0.0,0.0,444.247455160621,-5.08656760868073,-783.6250491539699,3011.058646662899,0.0,-0.0,26.248024829369896,-3.618269180532507,0.0,0.0,-1444.078234350251,-38.02052968553147,-1551.5896382759533,918.83989,0.0,-0.0,2.996360041898016,-0.4092690499608088,0.0,0.0,-739.5562021658557,-4.992004364619526,-176.8787744614621,9861.861594617027,0.0,-1166.7,16.013569298216876,-2.2046344538639984,0.0,0.0,-7703.583192560785,-45.974317686050895,-959.4130192145426,1432.272630317939,0.0,-0.0,29.716667411137728,-4.0976153832088125,0.0,0.0,308.1918412842415,-59.822704802795286,-1706.2608188273148,3073.606121720347,0.0,-0.0,106.31880712427807,-14.653307365750024,0.0,0.0,3380.3180327644423,-13.150049508122658,-6532.439604735195,400.1925999999999,0.0,-0.0,29.16732179256175,-56.08349127394767,0.0,0.0,1673.6744482793915,-21.818767827632087,-2025.1321109703733,14282.011769321089,301.1345953501809,-0.0,304.8010843066851,-0.0,0.0,0.0,720.0,-19.512,-15588.435448977956,56998.446777200814,0.0,-0.0,1083.3568921087115,-990.1838991382094,0.0,0.0,3110.0,-50.6715,-60150.94827017132
t249,11944.28444815874,0.0,-1195.7626996758352,232.2196018243634,-122.2,0.0,0.0,1494.5424226935927,-15.45094850498329,-12337.63282449588,1925.0885842339535,0.0,-240.0,16.649938943606962,-36.892557429275925,0.0,0.0,-550.7441520750446,-13.91299078939738,-1100.188822883843,333.34695,0.0,-0.0,12.632347705598448,-7.851841760261496,0.0,0.0,500.0743318503403,-5.722309143330034,-832.4794786523471,3245.7789014779582,0.0,-0.0,25.00723096911782,-15.587929036891294,0.0,0.0,-1560.4591159408546,-44.465221570032156,-1650.273865899298,842.0551199999999,0.0,-0.0,2.866105397947086,-1.749667594501129,0.0,0.0,-650.1773168755186,-4.388696888909751,-188.6055440390176,11578.428351763916,0.0,-1166.7,15.265091078299498,-9.48772418158489,0.0,0.0,-9340.52660202916,-56.99215934024726,-1019.9869572912245,1594.3730992269168,0.0,-554.6846769505087,28.30829585763956,-62.69195526987198,0.0,0.0,873.5839704618297,-66.10876830615024,-1812.779965019856,3242.189633165646,0.0,-0.0,101.30092180069792,-63.118672702999895,0.0,0.0,3688.2488846084075,-14.166221319207743,-6954.454545552543,442.3415999999999,0.0,-0.0,34.499568560941434,-19.7,0.0,0.0,1715.4575773064075,-22.36194850498329,-2150.2367973623655,14950.772130181884,455.8898083087465,-0.0,287.16832429056103,-161.5,0.0,0.0,720.0,-19.512,-16232.818262781191,58649.753764907015,0.0,-0.0,1011.8146486540279,-0.0,0.0,0.0,3110.0,-50.6715,-62720.89691356104
t250,12490.08609384409,0.0,-1292.9953256636663,192.62205193577222,-0.0,0.0,0.0,1431.5392917894897,-16.269989206736636,-12804.982122698946,2178.4094572596373,0.0,-240.0,13.319904587950825,-8.954980639945507,0.0,0.0,-793.1752786038257,-13.25842674776967,-1136.3406758560475,333.53815,0.0,-0.0,10.107706312626334,-26.93081687355673,0.0,0.0,548.2450163242783,-4.14500800194182,-860.8150477614058,3332.1257883786957,0.0,-0.0,12.04280518147839,-38.3379264982144,0.0,0.0,-1564.3629416398235,-36.477852127716396,-1704.9898732944198,900.30455,0.0,-0.0,2.3014553358769785,-2.7005095539082866,0.0,0.0,-700.7067960806291,-4.729770873544246,-194.46892882779534,13630.653871039489,0.0,-3962.284274034484,12.214421047070529,-23.402095717562325,0.0,0.0,-8550.0,-53.0,-1054.1819223345126,1705.520059952577,0.0,-0.0,22.63488440164603,-16.2,0.0,0.0,222.51511319166457,-63.05570012646751,-1871.4143574194202,3439.6368975538494,0.0,-0.0,81.01605309825614,-111.77318757167417,0.0,0.0,3797.4848868083354,-14.526700126467505,-7191.837949762301,441.9685999999999,0.0,-0.0,27.595796242407353,-7.168072875632126,0.0,0.0,1778.4607082105103,-23.180989206736633,-2217.6760423705487,15303.283431506552,387.03430315471314,-0.0,229.2244900287963,-0.0,0.0,0.0,720.0,-19.512,-16620.03022469006,61452.5250301066,0.0,-0.0,793.1636347278057,-671.0,0.0,0.0,3110.0,-50.6715,-64634.017164834404
t251,12971.98106896031,0.0,-1830.0,161.86688428406154,-94.29422311160829,0.0,0.0,1885.3479566936849,-22.72401941680764,-13072.177667409638,2325.7673922218105,0.0,-240.0,15.05635844534222,-9.5,0.0,0.0,-916.6540359168016,-12.925034103024634,-1161.7446806473263,333.69635,0.0,-0.0,11.425501839961855,-7.2,0.0,0.0,544.665969920369,-3.2080907895415804,-879.3797309707892,3369.019860627193,0.0,-0.0,22.604687132021873,-13.479602436970605,0.0,0.0,-1589.2893499044085,-45.75993125895617,-1743.0956641588796,917.0669998150105,0.0,-0.0,2.601950237178534,-1.6,0.0,0.0,-713.8950754742941,-4.818791759451485,-199.35508281844346,15263.543192326075,0.0,-4813.170062596901,13.806887731724142,-8.200877007107984,0.0,0.0,-9321.453402407435,-56.89583968215754,-1077.629898364196,1703.5852520999465,0.0,-463.37179050338636,25.585056178107592,-51.06755541583245,0.0,0.0,773.4064944295369,-74.70178481593145,-1913.435671972441,3669.1590828869225,0.0,-0.0,91.57641590871728,-98.10644698379147,0.0,0.0,3699.7147866788437,-14.204058796040183,-7348.139779694652,487.4745999999999,0.0,-0.0,31.193127663857453,-34.757525899319646,0.0,0.0,1808.1566559805046,-23.56703652774656,-2268.4998212172954,15808.56262527016,266.7454348348533,-0.0,256.6515177169107,-70.81682533255848,0.0,0.0,720.0,-19.512,-16961.630752489367,63500.58187063631,0.0,-0.0,780.5497093507295,-354.480987050458,0.0,0.0,3110.0,-50.6715,-66985.9790929366
t252,13023.964017401551,0.0,-1405.5048948329686,254.28106526214074,-0.0,0.0,0.0,1454.4284694715293,-15.97242989687012,-13311.196227405384,2144.162807325597,0.0,-240.0,17.10335033168884,-26.054394926534744,0.0,0.0,-706.294999077939,-13.493003502489564,-1175.4237601503226,333.82755,0.0,-0.0,12.574505622849028,-2.5944988784184164,0.0,0.0,551.1260999476223,-4.8059512316205595,-890.1277054604321,3342.2946698991964,0.0,-0.0,25.673042850855605,-5.152963050192132,0.0,0.0,-1546.2758633128283,-52.92471945498099,-1763.6141669320502,842.1828098150104,0.0,-0.0,2.9611517357501027,-0.5765553063152036,0.0,0.0,-638.9449831931888,-4.312878636554024,-201.3095444147027,16322.431068796302,0.0,-5090.145267611132,11.207434603085948,-0.0,0.0,0.0,-10092.37336491516,-60.78898549282156,-1090.3308853802744,1718.3708899111207,0.0,-1714.6206406276913,26.442439418630773,-5.837622476441435,0.0,0.0,1981.9850978716395,-70.42797503831794,-1935.9121890589406,3934.520906304169,0.0,-0.0,104.01120748941936,-0.0,0.0,0.0,3410.7780126798543,-13.250567441843518,-7436.059559031599,534.8455999999999,0.0,-0.0,35.43160794294954,-7.098837209005943,0.0,0.0,1755.5715305284707,-22.88342989687012,-2295.866471365544,16685.997764064043,0.0,-382.7373274640819,285.33029956463895,-161.5,0.0,0.0,720.0,-19.512,-17127.5787361646,65882.71812017419,0.0,-0.0,388.07612080258014,-671.0,0.0,0.0,3110.0,-50.6715,-68659.12274097677
t253,13496.973109403798,0.0,-1830.0,274.78968059909766,-0.0,0.0,0.0,1437.1266594466488,-16.197353427193566,-13362.692096022354,2022.6791352063049,0.0,-240.0,18.195825584954534,-2.6151898066346226,0.0,0.0,-604.181916471992,-13.768708825525621,-1180.3091456871068,333.97974999999997,0.0,-0.0,13.810457036676576,-1.9820385902915036,0.0,0.0,552.8255689587878,-5.574766174837901,-893.0589712303348,3481.9665879333606,0.0,-0.0,24.83035030414026,-3.9365488668289585,0.0,0.0,-1688.0537259876055,-44.35299552665949,-1770.4536678564405,768.1017398150105,0.0,-0.0,1.3693508128628413,-3.8733325974794095,0.0,0.0,-559.5341274572253,-3.776855360336271,-202.28677521283234,16923.480837400417,0.0,-6424.879324237304,16.689124561115914,-0.0,0.0,0.0,-9363.941352508838,-57.11040383016964,-1094.2388813852217,1613.7379655725797,0.0,-1128.415533236747,30.903785167506193,-4.459586828155883,0.0,0.0,1496.602390794029,-64.63891342366169,-1943.7301080455493,4238.803238992739,0.0,-0.0,110.63771204099731,-0.0,0.0,0.0,3126.283162672845,-12.311734436820386,-7463.412379269761,537.8295999999999,0.0,-0.0,37.692146864187215,-21.601219725301263,0.0,0.0,1772.8733405533512,-23.108353427193563,-2303.6855142650434,16868.818659457684,0.0,-574.6871221790996,304.87485566043665,-169.9747446846511,0.0,0.0,720.0,-19.512,-17129.51964825437,68164.69139297455,0.0,-0.0,1006.3438498476663,-2488.0,0.0,0.0,3110.0,-50.6715,-69742.36374282223
t254,13779.970754350725,0.0,-1830.0,32.52198963739514,-821.2716538208832,0.0,0.0,2152.0852388776066,-26.400605704068553,-13286.905723340775,1856.544348208569,0.0,-240.0,18.322342942220505,-46.043114108100625,0.0,0.0,-390.2598244521755,-14.346298473979125,-1184.2174541165343,334.0666,0.0,-0.0,13.906725948102231,-1.8516233240341549,0.0,0.0,557.0571200040199,-7.188585627850387,-895.9902370002375,3769.842607836481,0.0,-0.0,3.6775296574567244,-65.9668137197691,0.0,0.0,-1859.8532281317375,-71.38399842222722,-1776.3160972202036,657.7219198150104,0.0,-0.0,3.1794108208704843,-0.41147184978536777,0.0,0.0,-455.13094966303777,-3.0721339102255047,-202.28677521283234,19437.968684402163,0.0,-6424.879324237304,2.2373781832079365,-47.767360957899086,0.0,0.0,-11800.0,-69.4125,-1098.1468773901688,2117.0507747306665,0.0,-1714.6206406276913,31.117137197537204,-78.16615247907684,0.0,0.0,1687.2200555572163,-93.007627093147,-1949.5935472855056,3268.437568641055,0.0,-0.0,94.94908032115342,-316.6931263749836,0.0,0.0,4457.846912420453,-16.705894810987495,-7487.834540196691,566.5505999999999,0.0,-0.0,37.953732556927875,-90.3,0.0,0.0,1821.0346753876547,-23.734450780039523,-2311.504557164543,17787.294237186063,0.0,-581.3649450393076,305.81143103055365,-920.6429154272487,0.0,0.0,720.0,-19.512,-17291.58580775006,67236.87699550025,0.0,-0.0,1013.3712715380934,-350.12053052747996,0.0,0.0,3110.0,-50.6715,-70959.45623651087
t255,13749.039450757344,0.0,-1830.0,309.38892741631946,-464.2228359838403,0.0,0.0,1514.5718630295448,-15.190565780615918,-13263.58683943875,2003.3094798061434,0.0,-240.0,20.40838787731303,-2.355305260448863,0.0,0.0,-580.3809054290612,-13.832971555341533,-1187.148685438605,333.8914,0.0,-0.0,15.490510034362732,-16.011882050863356,0.0,0.0,571.3917478434507,-5.840273056809885,-898.92150277014,3514.8593465887475,0.0,-0.0,30.624978159445593,-0.0,0.0,0.0,-1727.6159262301576,-37.64401505532311,-1780.2243834627122,722.6811498150106,0.0,-0.0,3.54355060334743,-7.9966829912334925,0.0,0.0,-511.51131007316866,-3.452701342993888,-203.26400601096196,15882.664067425227,0.0,-5934.099499590642,18.71942488122126,-0.0,0.0,0.0,-8811.883606111063,-54.32251221086087,-1101.0778743938793,1781.4010318357023,0.0,-159.1098890172223,34.65696835155903,-4.016415286239114,0.0,0.0,364.1364006462031,-62.58834987786753,-1954.4797466521359,3849.259280842888,0.0,-0.0,14.354965745262016,-0.0,0.0,0.0,3655.863599353797,-14.059349877867529,-7505.41849606408,606.8345999999999,0.0,-0.0,42.27391529981087,-5.066247150482339,0.0,0.0,1695.4281369704554,-22.101565780615918,-2317.3688393391676,18386.156626023843,0.0,-1730.64784215133,110.32393841901266,-34.98924407810448,0.0,0.0,720.0,-19.512,-17431.33147821341,69999.75373018131,0.0,-0.0,1105.4355697753426,-2488.0,0.0,0.0,3110.0,-50.6715,-71676.51779995667
t256,13108.916304201994,0.0,-1683.6825131708279,399.7901805336254,-371.2801552684366,0.0,0.0,1718.0214527436192,-17.971507973254287,-13153.793761066721,2181.122047271428,0.0,-240.0,26.719943176427023,-33.39935833064563,0.0,0.0,-729.9565208554865,-13.429117393690186,-1191.0569938680326,333.7344,0.0,-0.0,20.282306588265477,-3.4363444375119707,0.0,0.0,555.9248734578406,-4.652467068551369,-901.8527685400427,3444.1356350088913,0.0,-0.0,40.09138192420277,-72.22496186894739,0.0,0.0,-1572.949609769907,-51.98856090713706,-1787.0638843871025,829.4910798150106,0.0,-0.0,4.6447699714268005,-7.9669491059913895,0.0,0.0,-617.7577987299273,-4.169865141427009,-204.2412368090916,14299.48941523843,0.0,-3099.5776440370983,24.510132424014554,-42.15696376483211,0.0,0.0,-10016.871369047994,-60.407700413692375,-1104.9858703988266,1735.7592640078292,0.0,-1714.6206406276913,45.36782601950761,-3.715359698162819,0.0,0.0,1971.4426013986595,-71.93602546139806,-1962.2976656387445,4487.985221191097,0.0,-0.0,162.43982989679813,-265.0,0.0,0.0,3157.808259596861,-12.415767256669639,-7530.817543428087,589.6765999999999,0.0,-0.0,55.34532720288971,-0.0,0.0,0.0,1704.3381112063353,-22.217395445682357,-2327.142642963542,20307.52348525346,0.0,-3070.0,32.34502202181301,-299.32238597541453,0.0,0.0,720.0,-19.512,-17671.034121299857,67793.1886715076,0.0,-0.0,1403.3376904653285,-306.8536679068903,0.0,0.0,3110.0,-50.6715,-71949.00119406606
t257,13021.244150636825,0.0,-1830.0,510.9220022064646,-476.40864785893456,0.0,0.0,1866.8049869724439,-24.27130519749862,-13068.291186759301,2238.954054014179,0.0,-240.0,34.92564156606163,-46.299309028707185,0.0,0.0,-778.3395238611422,-13.298483285574916,-1195.9423794048168,333.50219999999996,0.0,-0.0,2.0457921059675472,-35.14579210596755,0.0,0.0,609.907353375682,-4.5484304757689795,-905.7611228999128,3511.506169392918,0.0,-0.0,52.402669238717216,-69.46317043268554,0.0,0.0,-1638.9338669866738,-60.631344340155806,-1794.88045687212,883.2199899999999,0.0,-0.0,6.0720545800086985,-8.054620467992788,0.0,0.0,-671.486423148542,-4.532533356252658,-205.2184676072212,14632.598420175365,0.0,-2771.268828924355,32.037441489531375,-40.0,0.0,0.0,-10680.713065356726,-63.76010098005146,-1108.8938664037737,1572.9974089278444,0.0,-1714.6206406276913,59.299101223845064,-78.60303223842698,0.0,0.0,2213.6062336078394,-81.58624639473152,-1971.0928244986792,4298.677076839256,0.0,-0.0,212.32263603867543,-309.08551470381445,0.0,0.0,3371.330328450172,-13.120390083885566,-7560.124136540403,508.36259999999993,0.0,-0.0,72.34150139571867,-95.18415932956238,0.0,0.0,1877.8239769469455,-24.47271170031029,-2338.8712073127913,18100.732271512174,0.0,-587.8463793600224,587.0520758051975,-884.8369233466282,0.0,0.0,720.0,-19.512,-17915.589044610722,67418.68191677499,0.0,-0.0,1813.2681635758659,-0.0,0.0,0.0,3110.0,-50.6715,-72291.27858035086
t258,12288.079440228337,0.0,-317.5448663197376,598.8164013937001,-661.8397810064189,0.0,0.0,1223.4776898121486,-18.97479003244207,-13112.014094075595,1950.598603278511,0.0,-240.0,41.642645962677236,-41.642645962677236,0.0,0.0,-503.5470321826576,-14.040423013106825,-1193.0111480827463,333.1672,0.0,-0.0,2.2562002160757713,-35.35620021607577,0.0,0.0,609.3556711783467,-6.5930140483363475,-902.8298571300103,3445.6615902982862,0.0,-0.0,62.47963700107195,-62.47963700107195,0.0,0.0,-1609.9496034113877,-46.69395937854221,-1789.018027508357,884.2201099999999,0.0,-0.0,7.241273122293811,-7.241273122293811,0.0,0.0,-675.419789611034,-4.559083579874479,-204.2412368090916,14553.694580841302,0.0,-3883.6913078751404,38.19937506722768,-42.66665962576664,0.0,0.0,-9501.766697186766,-57.80642182079317,-1105.9628694000633,1189.8717527955707,0.0,-0.0,26.087362114087696,-79.07645048617049,0.0,0.0,896.1215032793889,-66.7975425708276,-1966.2066251320489,3805.827093744623,0.0,-0.0,253.15311711992777,-253.15311711992777,0.0,0.0,3745.2059479341096,-14.35417962818256,-7536.67886205055,471.8085999999999,0.0,-0.0,6.173214480096206,-106.5887898597764,0.0,0.0,1986.5223101878514,-25.885790032442067,-2332.029544775729,17197.885316248252,0.0,-0.0,700.3216676720103,-700.3216676720103,0.0,0.0,808.5521048150721,-18.06417308627357,-17988.37324797705,68193.19647997397,0.0,-0.0,192.8581449786809,-177.0115669145233,0.0,0.0,3021.447895184928,-49.22367308627357,-71181.26728013677
t259,11511.75221778076,1719.9513772967553,-0.0,485.0150713587421,-0.0,0.0,0.0,-760.0,-9.879999999999999,-12946.838666436259,1991.3242663297065,171.77884739392158,-0.0,33.47309738040269,-28.971070208202764,0.0,0.0,-1000.0,-12.7,-1154.905140895828,478.1912,0.0,-0.0,25.406154990020184,-21.994092291089714,0.0,0.0,394.7661646038895,-1.875139281868475,-874.4942880209514,3062.5466813740854,0.0,-0.0,50.23334095045772,-0.0,0.0,0.0,-1343.6007336883354,-35.8543400835993,-1733.324948552608,913.13844,0.0,-0.0,5.808239219133042,-0.0,0.0,0.0,-716.7082771263459,-4.837780870602835,-197.4006212221842,7970.087138137432,0.0,-0.0,30.701872588304987,-30.701872588304987,0.0,0.0,-6859.903772653797,-38.41546112686126,-1071.767904356775,1090.6250653937657,344.66316388291574,-0.0,56.84822353605696,-30.77429631194838,0.0,0.0,505.0020240024528,-62.700907264062934,-1903.6632732391804,3202.962723519999,0.0,-0.0,203.52430401675238,-176.08563314618652,0.0,0.0,4082.365870823947,-13.471807373719024,-7299.295457840793,351.7025999999999,0.0,-0.0,69.33779274952364,-0.0,0.0,0.0,1868.0787240381896,-29.415718832354663,-2259.7033979553585,15179.645948533085,936.5413644461531,-0.0,567.5670119645735,-62.419341951091,0.0,0.0,1006.3027260432641,-14.830950429192631,-17612.806758606792,66549.18280483253,0.0,-0.0,1656.743076151076,-2488.0,0.0,0.0,2823.697273956736,-45.990450429192634,-68495.63270451114
t260,9625.474711901428,1830.0,-0.0,295.66976230290953,-0.0,0.0,0.0,932.7760688325549,-13.022002774586124,-12670.898540262308,1878.0783437543637,240.0,-0.0,18.660456162775564,-4.5020271721999245,0.0,0.0,-992.9478270956187,-12.719040866841828,-1126.5699047824787,623.2055999999999,0.0,-0.0,14.834354226164788,-0.0,0.0,0.0,216.0370997273433,-1.0787149118425217,-852.9983390416655,3278.5484199632865,0.0,-0.0,27.808930758720724,-0.0,0.0,0.0,-1578.0472391576668,-37.97631167932788,-1690.3337998850122,945.898,0.0,-0.0,3.384265256405859,-5.994404406559617,0.0,0.0,-745.7396509742341,-5.03374264407608,-192.5144672315361,2102.029423465526,5642.384587692827,-0.0,18.774310566113474,-4.41651319660152,0.0,0.0,-6673.297944717955,-41.06193148776504,-1044.4119323221446,782.1146954175692,1714.6206406276913,-0.0,34.78577729278616,-8.223852159189038,0.0,0.0,-608.7786049616543,-58.74013677100059,-1855.778519446203,3254.868361176896,0.0,-0.0,120.35667544953873,-27.438670870565858,0.0,0.0,3789.191980509633,-14.499333535681787,-7122.47901272982,351.7025999999999,0.0,-0.0,42.41333790340312,-0.0,0.0,0.0,1830.8061178375983,-23.861479531888776,-2201.0605762091122,14217.99298031509,1450.7910645788284,-0.0,351.32200465151885,-0.0,0.0,0.0,1320.0,-9.702,-17330.404049545436,64767.6700723071,0.0,-0.0,1160.366918742326,-2251.5925504712895,0.0,0.0,2510.0,-40.8615,-66145.58294057814
t261,12169.100976176725,1148.4341117500671,-0.0,239.61373136000913,-122.2,0.0,0.0,-760.0,-9.879999999999999,-12665.068819286802,1976.83177,169.56807975072252,-0.0,12.411597178893405,-0.0,0.0,0.0,-1000.0,-12.7,-1146.1114469296162,623.2055999999999,0.0,-0.0,13.528974649119158,-7.2,0.0,0.0,239.2565619111374,-1.1364686690779027,-867.6546678911786,3941.4303799632867,0.0,-0.0,26.77180707953129,-14.3,0.0,0.0,-2193.2186717869095,-42.014640112707966,-1718.6688751432002,960.20831,0.0,-0.0,3.077011070394418,-1.6,0.0,0.0,-760.1310460852643,-5.130884561075534,-196.4233904240546,2079.248803465526,3200.955087947087,-0.0,16.348713970593433,-0.0,0.0,0.0,-4210.001682614919,-23.576009422643548,-1062.974913345644,782.1146954175692,1714.6206406276913,-0.0,30.303058229030402,-0.0,0.0,0.0,-587.1246450397025,-52.863553841951585,-1887.0501953926373,3708.6285746123376,0.0,-0.0,76.5067449352431,-0.0,0.0,0.0,3470.9084958532044,-11.453998036315573,-7244.589817364469,351.7025999999999,0.0,-0.0,36.94019091871081,-90.92298919899122,0.0,0.0,1970.3109877624538,-29.829759500437937,-2238.201029981735,14573.03442538232,2322.6006045317213,-0.0,309.1952947521447,-161.5,0.0,0.0,720.0,-19.512,-17743.818324666187,61940.1951439943,0.0,-0.0,987.3496705411544,-0.0,0.0,0.0,3110.0,-50.6715,-65986.87331453546
t262,12988.47271057619,855.6184541958314,-0.0,219.71458883248386,-511.29089464500015,0.0,0.0,-760.0,-9.879999999999999,-12782.634858959505,1883.4129451537253,240.0,-0.0,13.982031121976458,-3.0104570300075286,0.0,0.0,-1000.0,-12.7,-1121.6845192456942,623.1770499999999,0.0,-0.0,11.444010764634701,-36.01940233884912,0.0,0.0,251.6838244220144,-1.1954981660045683,-849.0899846817954,3226.0445699632864,0.0,-0.0,22.653185743580273,-14.3,0.0,0.0,-1515.1490961395846,-37.70850372791417,-1681.5401558393676,954.64159,0.0,-0.0,2.5976312573154736,-1.6,0.0,0.0,-758.978877401449,-5.123107422459781,-191.53723643340646,2102.062963465526,4650.992608303993,-0.0,12.820560972703202,-43.5270723128086,0.0,0.0,-5650.2039818140565,-31.641142298158712,-1040.5039363171975,782.1146954175692,1714.6206406276913,-0.0,23.765100416068375,-16.2,0.0,0.0,-598.3380892789442,-58.97898659611564,-1846.9833605862684,2709.3314330375024,0.0,-0.0,91.76593368757511,-57.9,0.0,0.0,4363.397377802096,-14.399211346746917,-7092.195533180427,351.7025999999999,0.0,-0.0,29.332804261700034,-0.0,0.0,0.0,1837.5888424099235,-29.29223481176019,-2189.332011859863,13954.662037286296,2264.697119077678,-0.0,261.1066622692643,-0.0,0.0,0.0,720.0,-19.512,-17180.95381863324,61481.80890273575,0.0,-0.0,662.5350611316447,-671.0,0.0,0.0,3110.0,-50.6715,-64532.6724638674
t263,12200.765030061128,808.9413161576315,-0.0,156.17914196935746,-54.00140117850187,0.0,0.0,-972.5453931109918,-12.547444683542945,-12126.79124921508,1785.8965316391307,166.23985780573685,-0.0,10.49857982611941,-9.5,0.0,0.0,-889.7794834677072,-12.99759539463719,-1050.3578904086423,623.1770499999999,0.0,-0.0,7.965158576299586,-0.0,0.0,0.0,164.8349238035458,-1.6041087362324231,-794.3730236436129,2648.798980855084,0.0,-0.0,15.768820523885775,-0.0,0.0,0.0,-1055.1334589318922,-34.39498671607187,-1575.0393557310056,912.8528434603102,0.0,-0.0,1.8065781739638211,-0.0,0.0,0.0,-729.9219814039463,-4.9269733744766375,-179.81046685585096,2079.282343465526,5874.080471263606,-0.0,9.62518950396252,-0.0,0.0,0.0,-6950.0,-38.92,-974.0680042330946,782.1114954175692,0.0,-0.0,17.850597230214643,-0.0,0.0,0.0,992.436060413082,-63.660817147051894,-1728.7373359138144,2736.88918308762,0.0,-0.0,58.53165461795351,-24.261008690310465,0.0,0.0,3887.4271118901233,-12.828509469237407,-6645.758431436149,351.7025999999999,0.0,-0.0,21.753901492919844,-19.7,0.0,0.0,1722.682220807786,-28.82686299427153,-2047.6118593064343,14133.793036617091,889.3150108187924,-0.0,181.2080721743843,-0.0,0.0,0.0,720.0,-19.512,-15904.804119610268,58867.1179117215,0.0,-0.0,613.0693216519919,-2488.0,0.0,0.0,3110.0,-50.6715,-60051.515733373504
t264,11557.556167027233,933.8221760951219,-0.0,108.8966172622919,-746.1521456225588,0.0,0.0,-760.0,-9.879999999999999,-11084.242814762089,1588.4067316391306,240.0,-0.0,7.287885174186416,-43.6,0.0,0.0,-817.4578794486613,-13.192863725488614,-961.4438736391666,623.1770499999999,0.0,-0.0,5.529257093319384,-5.100701634146821,0.0,0.0,106.18973410173822,-1.86434003509073,-727.93099952582,3184.3594899632867,0.0,-0.0,10.946298515698983,-75.53056019004161,0.0,0.0,-1639.042220149941,-38.57538465329276,-1442.1576234857098,946.8479719811465,0.0,-0.0,1.2541686813796313,-8.733489252032626,0.0,0.0,-769.9964016138233,-5.197475710893308,-164.17477408577696,2060.69198,4857.035540957689,-0.0,6.681619374021864,-6.163347807927407,0.0,0.0,-5992.6866591036005,-33.55904529098016,-892.000088129203,782.1114954175692,0.0,-0.0,12.391384426221105,-85.47657867683034,0.0,0.0,929.9121360986283,-57.764322224010854,-1581.174115041578,2565.656363866079,0.0,-0.0,44.3416998135965,-0.0,0.0,0.0,3487.513232980076,-11.50879366883425,-6086.0025029909175,351.7025999999999,0.0,-0.0,15.101048288385492,-90.3,0.0,0.0,1625.5680571355838,-28.433550631399115,-1873.6381547925703,14154.064714161512,96.3844914843944,-0.0,126.53062835315427,-584.6772596955803,0.0,0.0,720.0,-19.512,-14492.790574303479,51976.75505320772,0.0,-0.0,431.6945333743282,-454.81493902096304,0.0,0.0,3110.0,-50.6715,-55012.96314756108
t265,11499.109435752103,704.8556754603669,-0.0,56.2949315098719,-0.0,0.0,0.0,-760.0,-9.879999999999999,-11490.380042722341,1334.8864434659745,0.0,-0.0,3.8193220451359124,-1.3279043110987605,0.0,0.0,-290.9700549795947,-14.614380851555094,-1031.7934253688616,331.38505,0.0,-0.0,2.8978320323710896,-1.0064116884116923,0.0,0.0,455.8419238588068,-7.447522228731351,-781.6708719740349,2392.47485,0.0,-0.0,5.7359720377622825,-1.998845436706555,0.0,0.0,-803.3230998710086,-44.230453135975,-1548.658423594072,818.4624824271195,0.0,-0.0,0.6579308670684014,-0.0,0.0,0.0,-637.9355737101822,-4.30606512254373,-176.8787744614621,2038.1991000000003,4693.958378481598,-0.0,3.501785133317478,-28.829697250200297,0.0,0.0,-5718.028075189001,-31.342469963644497,-957.4590212120689,610.8998954175694,1714.6206406276913,-0.0,6.492979333760005,-53.33493991287052,0.0,0.0,-534.9206189251004,-43.36057695369046,-1700.3973795873583,3739.532964709747,0.0,-0.0,23.23601860103497,-0.0,0.0,0.0,2773.9401918722056,-9.154002633178278,-6527.555172549809,351.7025999999999,0.0,-0.0,7.913631757684011,-0.0,0.0,0.0,1685.3953069438749,-28.675850993122694,-2016.3356877084364,13077.170440769221,1159.7152411131078,-0.0,65.87677203034235,-0.0,0.0,0.0,720.0,-19.512,-15003.25045391267,49114.3031680852,846.3193433779024,-0.0,236.36895610609008,-935.6839702259158,0.0,0.0,3110.0,-50.6715,-52320.635997343285
t266,11977.406191703638,432.72353626518884,-0.0,31.38646176378253,-0.0,0.0,0.0,-1960.0,-24.939999999999998,-10456.576189732608,1547.4436434659744,132.4266795084596,-0.0,2.191481606758942,-0.6068635031308125,0.0,0.0,-691.8228324762283,-13.532078352314183,-976.1000302495197,331.38505,0.0,-0.0,1.6629400134927332,-0.4599386550044053,0.0,0.0,410.33593826177014,-4.245015604795507,-738.6789740154629,2396.947327461396,0.0,-0.0,3.290416428575945,-0.9134892731337494,0.0,0.0,-895.3853778969982,-39.30860733970474,-1464.630269380135,760.0443447912538,0.0,-0.0,0.3784264245783594,-0.0,0.0,0.0,-589.3382714036915,-3.9780333319749173,-167.10646648016584,2041.1492071141317,2946.1079087919306,-0.0,2.0095372848533777,-1.7718399982944506,0.0,0.0,-4059.492664326939,-22.324074719164187,-905.6780741465183,610.8966954175694,1714.6206406276913,-0.0,3.724351415697563,-3.2992882726862183,0.0,0.0,-667.0248766284672,-52.33517081174867,-1606.5823517480558,3146.489185631621,0.0,-0.0,13.329953108950665,-11.791900678304447,0.0,0.0,3043.7545256970147,-10.044389934800149,-6181.737373824482,351.7025999999999,0.0,-0.0,4.540347272589349,-4.012097467402377,0.0,0.0,1578.9735587735395,-28.244842913032834,-1902.9595656656934,12550.88484600087,0.0,-0.0,38.74725959410702,-392.305141559444,0.0,0.0,1920.0,-19.512,-14097.814964035533,48409.596425838514,0.0,-0.0,130.75906135654645,-947.2942436349504,0.0,0.0,1910.0,-50.6715,-49452.38974356012
t267,12749.466598131687,0.0,-0.0,13.662084206146078,-176.75556562157516,0.0,0.0,-2708.4480462793526,-31.526342807258303,-9846.398727629647,1771.2066934659747,0.0,-0.0,0.9708150858617878,-0.0,0.0,0.0,-820.0204636336889,-13.185944748189039,-938.9711001699584,331.3565,0.0,-0.0,0.736715875362059,-0.0,0.0,0.0,382.3844513106643,-3.157173689654673,-711.3204934963717,2410.363377461396,0.0,-0.0,1.4574648152303606,-0.0,0.0,0.0,-965.3300640355396,-37.55358781670009,-1408.937190424386,829.8164247912539,0.0,-0.0,0.16783431088052383,-0.3258556318702439,0.0,0.0,-664.9044475560027,-4.488105021003018,-160.26585089325846,2063.941007114132,3035.7811053624037,-0.0,0.8902685710761253,-0.0,0.0,0.0,-4195.102218864167,-34.027053080215026,-871.4831091032302,610.8966954175694,0.0,-0.0,1.6496054480099582,-0.0,0.0,0.0,989.8340437151737,-57.36410485223929,-1545.0162397285135,3304.3674268994214,0.0,-0.0,5.904550762177147,-0.0,0.0,0.0,2647.7038468330597,-8.737422694549098,-5949.23840180011,351.7025999999999,0.0,-0.0,2.0112657119973796,-0.0,0.0,0.0,1503.882898509853,-27.9407257389649,-1829.6560384828856,11611.403005530981,0.0,-0.0,17.236716202302222,-0.0,0.0,0.0,1920.0,-19.512,-13529.12772173328,48420.89392365125,0.0,-1440.0,60.15340347219427,-1189.0115596097153,0.0,0.0,1910.0,-50.6715,-47711.36426751374
t268,12833.803776436514,0.0,-0.0,16.11383778764952,-176.99152120345866,0.0,0.0,-3131.3465724579455,-35.24784983762993,-9506.331670725129,1745.0059600000002,0.0,-0.0,1.1554312700437395,-6.679729931939916,0.0,0.0,-807.8102681466357,-13.218912276004083,-918.452480915464,331.3565,0.0,-0.0,0.8768797565237804,-5.070777375481005,0.0,0.0,371.7219665191217,-3.1974928432733916,-695.687076056891,2447.871367461396,0.0,-0.0,1.7343561177081508,-0.3552653211762567,0.0,0.0,-1034.2396626415639,-37.339895132047374,-1377.6709004843162,897.078054791254,0.0,-0.0,0.2000520200774398,-0.0,0.0,0.0,-734.98281431583,-4.961133996631852,-157.33415849886958,2086.721627114132,1038.8473279021975,-0.0,1.0596515025186009,-0.2161404401561841,0.0,0.0,-2244.224867171186,-29.267470827774762,-852.9201280797308,610.8966954175694,1714.6206406276913,-0.0,1.9628946262087497,-0.402468405808067,0.0,0.0,-765.5140538357953,-50.750864267764996,-1510.812844162101,2773.1104994665566,0.0,-0.0,7.026539570559077,-1.4384518948325358,0.0,0.0,3052.6414080472714,-10.073716646555996,-5821.2662785429975,351.7025999999999,0.0,-0.0,2.393608276043579,-0.48942145644561236,0.0,0.0,1463.7548640025634,-27.778207199210378,-1789.5834436229507,11439.99301003029,0.0,-0.0,20.781462228951685,-118.41928376685416,0.0,0.0,1920.0,-19.512,-13242.843188492385,48323.75605541494,0.0,-2685.0347914004797,64.50140271403694,-409.5388366178686,0.0,0.0,1910.0,-50.6715,-47153.01233011062
t269,11750.527258953556,0.0,-0.0,21.536722784060576,-0.0,0.0,0.0,-2384.740856190826,-28.677719534479266,-9358.64540601231,1534.1015600000003,0.0,-0.0,1.6743562616931262,-0.0,0.0,0.0,-607.4719179541328,-13.75982582152384,-914.5441724860365,331.3565,0.0,-0.0,1.2695964369176727,-0.0,0.0,0.0,363.80503337989944,-4.652408119796233,-691.7787216970208,2516.3133100000005,0.0,-0.0,2.517835110693647,-0.0,0.0,0.0,-1108.1230719151192,-38.89960207502096,-1371.8084711205533,923.9020200000001,0.0,-0.0,0.28480808584758355,-0.0,0.0,0.0,-762.6817982469408,-5.148102138166851,-156.35692770073996,2083.9362800000004,1976.151072006719,-0.0,1.5341413004777802,-0.0,0.0,0.0,-3189.824614597651,-23.761745635999695,-848.0351330735468,610.8934954175694,1714.6206406276913,-0.0,2.8513929140072043,-0.0,0.0,0.0,-772.6714078101961,-51.72195610025345,-1503.9721650488186,2603.210315426971,0.0,-0.0,10.196764885973572,-0.0,0.0,0.0,3188.096436922504,-10.520718241844262,-5790.982798993605,361.4005999999999,0.0,-0.0,3.470853344022568,-0.0,0.0,0.0,1443.6121964124613,-27.696629395470467,-1780.7870203610137,11625.657987383023,0.0,-0.0,28.40214720080937,-135.16718010155304,0.0,0.0,1827.3474975447898,-17.997131584857314,-13328.243320442212,48086.11992018596,0.0,-2487.199765020221,106.30840933079834,-93.64072679609865,0.0,0.0,2002.6525024552102,-49.156631584857315,-47565.0837085708
t270,11829.436796345515,0.0,-788.8372368005323,47.72584168807786,-41.06983614269589,0.0,0.0,-1497.4977929984962,-19.135597302131124,-9530.622174789738,1333.48171,0.0,-240.0,3.7388843357506762,-6.121073309958862,0.0,0.0,-133.17969760995288,-15.040414816453126,-942.8794085993859,331.3565,0.0,-0.0,2.8360586587654932,-7.209550910467302,0.0,0.0,394.62393788577174,-8.332274957763268,-713.2746706763068,2694.6244642418387,0.0,-0.0,5.6182240499629845,-4.082961416822696,0.0,0.0,-1239.2466325557052,-43.09054609175146,-1413.8225482275218,871.4398,0.0,-0.0,0.6406541442766289,-0.43428382519913644,0.0,0.0,-705.6400185027956,-4.76307012489387,-161.24308169138808,6880.064054228928,0.0,-0.0,3.4270818073358775,-2.4961073429556304,0.0,0.0,-5973.5834618739445,-32.99746071242456,-874.4141061069405,996.108186917251,0.0,-0.0,6.360886190879009,-4.620337931017254,0.0,0.0,610.0483124780485,-57.01736868669069,-1550.87967896847,2743.2701946912066,0.0,-0.0,22.75637909186928,-16.54305951345441,0.0,0.0,3230.931576912922,-10.662074203812642,-5969.7530169787315,379.6775999999999,0.0,-0.0,7.748464747933421,-5.636407335830176,0.0,0.0,1483.5437762641518,-27.858352293869814,-1837.475081382385,12250.707281727455,0.0,-0.0,66.4771261404501,-0.0,0.0,0.0,1603.7927264020782,-14.34201107667398,-13906.635123193308,48691.63457714227,0.0,-1114.7159436517684,232.08347909042294,-0.0,0.0,0.0,2226.207273597922,-45.50151107667398,-49989.70787510217
t271,13890.709823480562,0.0,-1830.0,141.5123613452711,-38.27581354624171,0.0,0.0,-1960.3108128926458,-24.94273515345528,-10178.692823233489,1437.0272417136753,0.0,-240.0,11.633630977477452,-8.296400511065228,0.0,0.0,-153.58572827757496,-14.985318533650547,-1031.7934253688616,331.4561,0.0,-1.1368683772161603e-13,8.823361278575648,-3.7339990484651424,0.0,0.0,453.58572827757496,-8.460318533650547,-781.6708719740349,2992.8040940588908,0.0,-0.0,17.485789259480832,-4.178932547473993,0.0,0.0,-1414.920048374002,-42.532478802822865,-1548.658423594072,856.9720998658007,0.0,-0.0,1.9883226403099403,-0.5562855860710894,0.0,0.0,-676.9559100656345,-4.569452392943033,-176.8787744614621,12698.73535452933,0.0,-5474.2489822341195,10.662031585107767,-2.550103035511631,0.0,0.0,-6240.582510093417,-34.556769539319035,-957.4590212120689,1482.8299708132156,0.0,-1714.6206406276913,19.79897829830515,-4.730922123819827,0.0,0.0,1981.2214897186693,-63.12425661799254,-1701.3746194606845,3721.532658142197,0.0,-0.0,70.82150891597841,-16.927511380572835,0.0,0.0,2755.359885873124,-9.092687623381309,-6521.693853927346,602.3585999999999,0.0,-0.0,24.11177094133205,-5.764386960861486,0.0,0.0,1426.1879058339055,-27.62606101862732,-2019.2678287957488,16127.858630517807,0.0,-1962.1737578486973,206.0596114795522,-359.511991469033,0.0,0.0,1320.0,-9.702,-15322.530492679633,51618.72221108432,0.0,-0.0,707.9626541712331,-823.0775257331752,0.0,0.0,2510.0,-40.8615,-53972.74583952239
t272,15335.635045351482,0.0,-1830.0,229.46186103163552,-367.6980334898086,0.0,0.0,-1573.7181459480275,-39.019999999999996,-11754.66072694528,1413.65631467071,0.0,-0.0,13.483323120396223,-9.5,0.0,0.0,-248.0041079868422,-14.730388908435526,-1154.905140895828,331.6645,0.0,9.622453944757581e-14,10.231068942544695,-7.2,0.0,0.0,548.0041079868422,-8.205388908435527,-874.4942880209514,3045.7305938637633,0.0,-0.0,15.580023384963965,-17.506550514657135,0.0,0.0,-1231.7116123839587,-79.74457735813047,-1732.3478769919807,740.8420298658008,0.0,-0.0,1.804642158494457,-1.8894415603908894,0.0,0.0,-532.5566092417201,-10.8,-197.4006212221842,15635.757874964063,0.0,-6424.879324237304,16.681094662629512,-10.661192975325465,0.0,0.0,-8077.672046059761,-69.4125,-1069.8139063543015,1798.7321598543772,0.0,-1714.6206406276913,17.63063574607846,-19.82820700435211,0.0,0.0,1926.1651320185474,-102.46132700112683,-1905.6177529858326,3574.9884793895963,0.0,-0.0,110.75316694756734,-70.89290346153119,0.0,0.0,3689.4932816149203,-20.67674964299636,-7283.665274847557,628.0955999999999,0.0,-0.0,20.515712546905817,-24.127393141797235,0.0,0.0,1670.0,-30.871000000000002,-2263.612919405108,16953.57213578286,0.0,-1120.896599059109,316.4805526070369,-1.0681356462918075,0.0,0.0,760.5776075991799,-18.848556115753407,-16889.817005167923,54430.96431440316,0.0,-0.0,1061.8449264883052,-0.0,0.0,0.0,3069.42239240082,-50.008056115753405,-58512.22357717654
t273,16000.598783386098,0.0,-1830.0,232.15799371996872,-0.0,0.0,0.0,-1196.681102030655,-15.36034783048472,-13190.715327244927,1544.617951644168,0.0,-0.0,15.095042573438997,-9.5,0.0,0.0,-303.5383152918737,-14.58044654871194,-1232.0942323770214,331.83355,0.0,-0.0,13.003184675842377,-7.2,0.0,0.0,603.5383152918737,-8.055446548711942,-933.1196034190041,3046.4068303299855,0.0,-0.0,25.741959277699756,-0.0,0.0,0.0,-1169.495166026524,-54.034230874547866,-1848.6193927066145,700.2524098658007,0.0,-0.0,2.9498031680210737,-0.0,0.0,0.0,-488.82082010213355,-3.299540535689401,-211.08185239599894,16634.757536119734,0.0,-6424.879324237304,15.713207731719585,-0.0,0.0,0.0,-9034.03520936105,-49.444377807273305,-1142.111832445825,1901.101718802417,0.0,-1714.6206406276913,29.140173201899962,-0.0,0.0,0.0,1890.2767541299054,-73.2390689883088,-2032.6589365182215,3592.7829098153597,0.0,-0.0,104.27684846818909,-0.0,0.0,0.0,4095.401765989912,-13.514825827766707,-7778.946698445694,633.3175999999999,0.0,-0.0,35.51282025596238,-0.0,0.0,0.0,1773.3537774005463,-29.03208279847221,-2413.1521148580364,17709.89124885231,0.0,-1046.6196960940351,299.35148940315094,-372.85929426885025,0.0,0.0,1320.0,-9.702,-17900.061747892574,58870.45180582097,0.0,-86.28181352360166,1004.2448829984248,-572.0933593504978,0.0,0.0,2510.0,-40.8615,-61685.46001594531
t274,15773.932063225016,0.0,-1830.0,190.70684267649187,-122.2,0.0,0.0,-99.65460435979139,-39.019999999999996,-13873.764301541714,1633.1488113422758,0.0,-0.0,13.74813623524235,-0.0,0.0,0.0,-342.6804029544181,-14.47476291202307,-1289.741781711077,331.92535,0.0,-0.0,10.432599925148283,-0.0,0.0,0.0,642.6804029544181,-7.949762912023071,-977.0885899675435,3170.0704113682664,0.0,-0.0,12.35289638713752,-14.3,0.0,0.0,-1152.7999687948404,-79.74457735813047,-1935.5787616024331,641.0427398658009,0.0,-0.0,2.2875452587815532,-1.6,0.0,0.0,-410.0761247472871,-10.8,-220.8541603772952,17733.885929205528,0.0,-6424.879324237304,8.016515607549172,-8.7,0.0,0.0,-10043.063843061922,-69.4125,-1195.8467775138495,1957.2631201429208,0.0,-1714.6206406276913,13.983669599292073,-16.2,0.0,0.0,1988.5091422441287,-102.46132700112683,-2126.473964357524,4512.007488035011,0.0,-0.0,53.20943961820174,-57.9,0.0,0.0,3663.5233665248115,-20.67674964299636,-8150.1635445350275,632.5716,0.0,-0.0,18.033463618567076,-19.7,0.0,0.0,1923.5620321949004,-30.871000000000002,-2523.596095813467,17936.586653396575,0.0,-543.7029194826332,242.46547086831694,-161.5,0.0,0.0,1320.0,-9.702,-18784.147204782254,62035.12982642794,0.0,-443.78330445825594,782.0164159451366,-359.54524244633694,0.0,0.0,2510.0,-40.8615,-64482.95619546849
t275,17074.09298664152,0.0,-1830.0,202.5858958287879,-584.7109204019798,0.0,0.0,-374.95614443927155,-39.019999999999996,-14447.991817629056,1730.8266567358266,0.0,-0.0,15.472947567295265,-7.612115131707325,0.0,0.0,-394.55083330863863,-14.334712750066675,-1329.801943112709,332.04155,0.0,-0.0,8.736621623576118,-21.118044515578333,0.0,0.0,694.5508333086386,-7.809712750066676,-1006.4012476665698,3226.8960067499024,0.0,-0.0,23.230432977996195,-71.40932533724126,0.0,0.0,-1104.769481792464,-79.74457735813047,-1994.2030552400636,785.6068198658008,0.0,-0.0,1.7182195909007114,-8.272372065705314,0.0,0.0,-540.5578914267936,-10.8,-227.69477596420256,17554.189678978175,0.0,-6424.879324237304,11.600068605658082,-48.7,0.0,0.0,-9789.825183785679,-69.4125,-1232.972739560848,2018.0860163754874,0.0,-1714.6206406276913,26.29342412881165,-80.80776716526631,0.0,0.0,2046.436570033481,-102.4613270011269,-2192.9262757436964,5097.000259848284,0.0,-0.0,76.88265695819413,-322.9,0.0,0.0,3562.1252137666866,-20.67674964299636,-8392.431380930171,629.5875999999998,0.0,-0.0,32.056348948295934,-98.57858105899669,0.0,0.0,2071.5469176440392,-30.871000000000066,-2603.7412855333373,18109.83507563748,0.0,-0.0,234.80919452929783,-139.0712075416931,0.0,0.0,1320.0,-9.702,-19515.871062625083,66717.00430930401,0.0,-2438.0406234716943,875.4140341434779,-671.0,0.0,0.0,2510.0,-40.8615,-66952.51621997579
t276,17005.290528421556,0.0,-1484.1322425087963,251.09884112979864,-0.0,0.0,0.0,-757.2650125906698,-35.5240678892021,-14979.468046562686,1739.955970569635,0.0,-0.0,17.41329271719796,-3.540361556010001,0.0,0.0,-388.17934649179017,-14.351915764472166,-1351.2976394745604,332.12735,0.0,-0.0,13.21519435851814,-2.6832213898181063,0.0,0.0,688.1793464917902,-7.826915764472167,-1023.0117536960181,3217.036725035243,0.0,-0.0,26.13857255767068,-0.0,0.0,0.0,-1172.0111099207656,-43.74069937076065,-2027.4234883013876,899.5026998658008,0.0,-0.0,2.688573010082706,-0.0,0.0,0.0,-666.0914563885399,-4.496117330622644,-231.60369915672106,14255.724954349076,0.0,-3962.265017151385,14.254339478257199,-0.0,0.0,0.0,-9001.479065949865,-53.72249114049922,-1252.5127195855841,1693.8391420939097,0.0,-281.8112944271661,29.58304872176755,-0.0,0.0,0.0,867.30233198519,-78.85183744361245,-2230.0613909300873,3866.2985731798885,0.0,-0.0,105.89699305829208,-0.0,0.0,0.0,4570.181110925748,-15.134967917106712,-8527.241709246824,614.2946,0.0,-0.0,36.07383231364848,-0.0,0.0,0.0,2029.3632019389024,-30.053471684653367,-2649.678162567897,17930.26583381379,0.0,-0.0,309.47434246496823,-0.0,0.0,0.0,1814.075460178272,-17.78013377391474,-20036.035502683117,69397.87959111629,0.0,-2865.208746930455,981.9722346857005,-522.2954693799427,0.0,0.0,2015.924539821728,-48.93963377391474,-68959.33251553941
t277,18115.938575402237,0.0,-1529.3615232720865,270.7107798676546,-521.8096209974533,0.0,0.0,-977.4989979017614,-33.5860088184645,-15324.393204280124,1915.6019328971224,0.0,-110.9768276813862,18.39378857617021,-46.288416469377154,0.0,0.0,-397.4268107339534,-14.326947611018324,-1364.9767189775566,332.21175,0.0,-0.0,13.9606517553065,-2.0375366925805785,0.0,0.0,697.4268107339534,-7.801947611018326,-1033.759728185661,3207.767193148556,0.0,-0.0,27.604832424620458,-0.0,0.0,0.0,-1143.5180523233282,-43.911982175290056,-2047.9419910745582,917.1775298658009,0.0,-0.0,3.1904196016760236,-0.0,0.0,0.0,-682.2049056016851,-4.6048831128113745,-233.5581607529803,13433.358929134045,0.0,-3212.4589663988427,16.870621766647762,-3.2422258460302107,0.0,0.0,-8916.778044173225,-52.53660788094318,-1265.2137066016626,1555.2795137513574,0.0,-309.149954653007,31.240364345065156,-60.82341306683271,0.0,0.0,1115.121496700891,-79.13009906088706,-2252.5379080165867,4399.310554008533,0.0,-0.0,111.84215439595842,-217.73914745425049,0.0,0.0,4328.936196733558,-15.003360596644383,-8607.346397087154,597.5095999999999,0.0,-0.0,38.10233736284366,-74.17616967649214,0.0,0.0,2145.9423065655515,-30.333261535757323,-2677.044812716145,19164.830022211303,0.0,-241.42905733643926,331.6850940470606,-63.529654694301826,0.0,0.0,1320.0,-9.702,-20501.854404227623,71725.35261974049,0.0,-3693.0,1045.339897376691,-1032.9090320273096,0.0,0.0,2510.0,-40.8615,-70513.9219850899
t278,16178.759360872791,0.0,-1830.0,272.38533842229367,-199.0445155450211,0.0,0.0,1095.8750340277159,-20.633624557639695,-15497.341593220137,1795.1633767511807,0.0,-0.0,2.493452122938011,-2.493452122938011,0.0,0.0,-405.13266779574656,-14.306141796951483,-1375.7245671584822,332.16055,0.0,-0.0,13.95413514714874,-1.8897742405424929,0.0,0.0,705.1326677957466,-7.781141796951484,-1041.5764369054014,3174.3115220425266,0.0,-0.0,27.590437667752298,-78.52925169695263,0.0,0.0,-1008.4187816340615,-51.37879033467186,-2063.575136044593,926.6592801341993,0.0,-0.0,3.190014571117087,-1.469007182875817,0.0,0.0,-688.2221655557,-4.645499617500975,-235.51262234923956,12923.801705264765,0.0,-1303.8280813404906,16.862765311982294,-40.0,0.0,0.0,-10260.216101310607,-61.63659131161857,-1274.9836966140306,1548.6444428570207,0.0,-0.0,31.223675034841815,-26.971682993621208,0.0,0.0,786.1119288851496,-66.92565830028255,-2272.082705483108,4854.851695178794,0.0,-0.0,98.42521616541515,-96.58778369337327,0.0,0.0,3830.7451196152197,-14.636458894730225,-8672.797788371327,613.9215999999999,0.0,-0.0,38.083375193310076,-38.083375193310076,0.0,0.0,2114.1249659722844,-27.544624557639693,-2700.5019414146436,20170.01407165948,0.0,-768.3098658143704,333.2576727683409,-139.69575971392263,0.0,0.0,1320.0,-9.702,-20905.56411889953,73136.44135781827,0.0,-4710.415471458895,952.4921067396504,-0.0,0.0,0.0,2510.0,-40.8615,-71847.65649309906
t279,15552.961009034616,0.0,-1015.6268280031753,304.8254893453055,-177.39145934617721,0.0,0.0,1098.0273081548064,-20.605644993987518,-15742.189874191388,1876.6431441263583,0.0,-0.0,20.212183350904063,-45.97348550785951,0.0,0.0,-455.12364601100955,-14.171166155770273,-1381.5870298026234,332.0844,0.0,-0.0,1.7988521743777317,-34.89885217437773,0.0,0.0,755.1236460110096,-7.646166155770274,-1046.4618798552392,3126.147307289854,0.0,-0.0,30.33076705534483,-33.13535800843564,0.0,0.0,-1002.2290951659328,-47.76776951996476,-2073.345851650865,937.1818000000002,0.0,-0.0,0.399744927639496,-7.999744927639496,0.0,0.0,-688.4449434841131,-4.647003368517764,-236.4898531473692,12456.6042018004,0.0,-1166.7,18.539390881695315,-23.28489159255236,0.0,0.0,-9945.24402713231,-60.04598233701816,-1279.8686916202146,1479.307141817735,0.0,-0.0,34.324106392012666,-38.57609843323328,0.0,0.0,871.340583818092,-63.56338950491091,-2282.8323440896947,5295.5910969931365,0.0,-0.0,122.88904774342231,-124.72648021546419,0.0,0.0,3424.5774819642634,-13.296105690482069,-8705.035040794874,630.7066,0.0,-0.0,41.86760289006871,-41.86760289006871,0.0,0.0,2111.9726918451934,-27.51664499398752,-2715.162646851205,20851.402717846846,0.0,-74.71424899237778,85.32856335020162,-883.4207755758118,0.0,0.0,1320.0,-9.702,-21288.894256628864,73655.20636444922,0.0,-926.3550375802182,167.3670713381908,-2488.0,0.0,0.0,2510.0,-40.8615,-72877.35689820722
t280,16266.22196543083,0.0,-0.0,398.3472008157454,-599.1220536921462,0.0,0.0,-164.12862532311368,-10.470728164521596,-15890.847759066792,1873.994216158797,0.0,-0.0,26.25961697220451,-26.25961697220451,0.0,0.0,-464.58247954795615,-14.145627305220518,-1395.2661093056197,332.0186,0.0,-0.0,19.932836978581378,-34.752325470780846,0.0,0.0,746.5687161763196,-7.535061929205245,-1056.2327657549147,3169.2374553829977,0.0,-0.0,39.40089994074274,-39.40089994074274,0.0,0.0,-1031.965200560161,-44.384971959428015,-2092.887282863408,949.3771700000001,0.0,-0.0,4.564521427657764,-4.564521427657764,0.0,0.0,-705.1955544655992,-4.760069992642795,-239.42154554175806,10652.59565335218,0.0,-920.9838266998024,24.087812521262638,-24.087812521262638,0.0,0.0,-8391.408906427057,-47.63324158903711,-1292.569678636293,1418.4570857652648,0.0,-0.0,44.58654957745143,-44.58654957745143,0.0,0.0,948.5287073028248,-60.69969201856944,-2306.2861010495203,5720.686436914253,0.0,-0.0,159.64199898615388,-159.64199898615388,0.0,0.0,3075.620954433505,-12.144549149630567,-8784.162842198126,615.0405999999998,0.0,-0.0,54.39194877326139,-54.39194877326139,0.0,0.0,2156.5623884112383,-28.0963110493461,-2743.506677361891,20891.1006800101,0.0,-64.58485008665775,487.8454005512751,-880.6210887950695,0.0,0.0,1320.0,-9.702,-21744.03814167964,73061.95771948734,0.0,-458.0365439061226,1505.448589706652,-2876.0525280757147,0.0,0.0,2510.0,-40.8615,-73702.45573721218
t281,14656.839705006903,1813.807259082551,-0.0,515.2160736665098,-515.2160736665098,0.0,0.0,-457.5287713153392,-10.534115010122955,-16002.584077763991,1807.9641041553232,0.0,-0.0,34.1825633245939,-0.0,0.0,0.0,-417.9528743246209,-14.271527239323472,-1409.922265915973,331.8044,0.0,-0.0,25.947081749227834,-0.0,0.0,0.0,717.9528743246209,-7.7465272393234725,-1067.9578288345251,3127.0801227424695,0.0,-0.0,51.28800364516673,-51.28800364516673,0.0,0.0,-966.8961600139974,-44.824033970638396,-2115.359928757833,940.09579,0.0,-0.0,5.942581163831431,-5.942581163831431,0.0,0.0,-694.0350462994613,-4.684736562521364,-241.37600713801731,8691.446396897509,0.0,-0.0,31.355733376862474,-31.355733376862474,0.0,0.0,-7345.0024954217215,-41.17323582341548,-1305.2706656523715,1307.7542840255198,0.0,-0.0,58.037839929574936,-58.037839929574936,0.0,0.0,1075.5970290420605,-51.65697531158093,-2331.6943377559983,6895.768406932402,0.0,-0.0,207.80606657766228,-207.80606657766228,0.0,0.0,1979.9586459489205,-8.528863531631439,-8867.198189349689,528.5045999999999,0.0,-0.0,70.80248769490672,-70.80248769490672,0.0,0.0,2277.9067980595387,-29.673788374774,-2776.737609684764,21262.16689664808,0.0,-0.0,635.8543509464756,-635.8543509464756,0.0,0.0,898.2959959895034,-16.59686046557162,-22143.86603217201,71319.4951059947,0.0,-0.0,1956.3571367434022,-1956.3571367434022,0.0,0.0,2931.7040040104966,-47.75636046557162,-74203.44274953964
t282,13328.614405792581,1830.0,-0.0,609.1986223339253,-39.89246998604181,0.0,0.0,351.7866711877052,-15.911081321364058,-16063.796148006804,1782.1745496211831,70.77993827216244,-0.0,40.09905559073884,-49.209429124338506,0.0,0.0,-435.3304744424778,-14.22460771900531,-1394.289032198263,331.647,0.0,-0.0,30.054899031442194,-33.1,0.0,0.0,735.3304744424778,-7.69960771900531,-1056.2327657549147,3192.2664658132394,0.0,-0.0,60.1639480390131,-60.1639480390131,0.0,0.0,-1055.9275434110436,-44.428711099414194,-2091.910211302781,969.7979200000001,0.0,-0.0,6.972546500638961,-6.480877607683962,0.0,0.0,-725.9677609646853,-4.900282386511626,-239.42154554175806,7557.6049660403705,1247.9127425443403,-0.0,36.78333175114788,-2.673449605442805,0.0,0.0,-7504.545044523902,-44.466865572693415,-1290.6156806338195,1098.9249233268722,0.0,-0.0,68.08142951072375,-68.08142951072375,0.0,0.0,1255.4080304933723,-47.06961289739704,-2307.2633409228465,7174.947400473404,0.0,-0.0,243.77023727910515,-0.0,0.0,0.0,1351.385160295973,-6.45457102897671,-8763.648227019505,503.14059999999995,0.0,-0.0,83.05673218843762,-6.053673244508421,0.0,0.0,2197.8604869225805,-28.633186329993542,-2749.3709595365153,20383.207692099582,307.37395039854846,-0.0,746.5385472021104,-48.08769604175657,0.0,0.0,720.0,-19.512,-22089.520493658485,67891.34339083101,1370.2473859385982,-0.0,2310.640764259464,-790.4724015507277,0.0,0.0,3110.0,-50.6715,-73841.08763947837
t283,11292.830173942306,1830.0,-0.0,491.48232917216586,-0.0,0.0,0.0,2163.3505732988638,-37.41644254711477,-15740.24663386622,1878.5864891268843,0.0,-0.0,32.139330735401785,-0.0,0.0,0.0,-557.2577014699773,-13.89540420603106,-1339.5727141862778,331.3852,0.0,-0.0,24.393728480457373,-7.2,0.0,0.0,672.1300758903812,-6.49104798452798,-1014.2179563863102,3137.548466599312,0.0,-0.0,48.23213625346657,-40.3651217368425,0.0,0.0,-1094.0394618998116,-42.51689056665316,-2008.8591286494711,1017.06142,0.0,-0.0,5.576368675488424,-5.922901796342891,0.0,0.0,-781.7885764277961,-5.277072890887624,-229.6492375604618,3971.0341352635423,4413.7152763469285,-0.0,29.047979505555723,-0.0,0.0,0.0,-7129.353254705024,-44.632403841497094,-1239.8117325695057,812.8486180287224,897.9815898470831,-0.0,53.78216159249662,-0.0,0.0,0.0,505.6786729900027,-53.91100975478181,-2216.3800327035224,8078.302760760833,0.0,-0.0,195.41592884752248,-0.0,0.0,0.0,144.63024562222415,-2.4722798105533395,-8415.876655420025,356.9245999999999,0.0,-0.0,66.57515515193963,-0.0,0.0,0.0,2246.6494267011362,-29.26744254711477,-2640.88173930596,18283.53676964634,1171.0164976533993,-0.0,594.886280605685,-0.0,0.0,0.0,1320.0,-9.702,-21359.737547905424,65961.40718571964,1440.0,-0.0,1954.164837349173,-0.0,0.0,0.0,2510.0,-40.8615,-71824.7105230688
t284,12015.60561653061,1830.0,-0.0,299.05815035505003,-15.799327087154893,0.0,0.0,1042.930656840103,-21.321901461078664,-15150.473195177528,1961.4752272927483,0.0,-0.0,19.730525411886575,-0.0,0.0,0.0,-681.8131749954732,-13.559104427512223,-1285.8334732816495,331.2994,0.0,-0.0,14.9728711394432,-0.0,0.0,0.0,632.2817948400041,-5.373830371773744,-973.1802356076734,3155.8141000000005,0.0,-0.0,29.620619198369702,-6.618083004074763,0.0,0.0,-1209.5666161748507,-40.51075934140167,-1928.739260678043,1116.1022500000001,0.0,-0.0,3.4114733119264677,-0.0,0.0,0.0,-892.6342815342749,-6.025281400356356,-220.8541603772952,2100.8747997020396,5422.135767142357,-0.0,18.0936539857826,-0.0,0.0,0.0,-6310.85569269185,-40.26374463189989,-1189.9847835064286,610.8710954175693,0.0,-0.0,33.52540514283145,-0.0,0.0,0.0,1517.7419483056683,-35.66448450854365,-2126.473964357524,8107.1117506671435,0.0,-0.0,120.00082082864384,-44.58856218520263,0.0,0.0,-95.15397774922369,-1.680991873427562,-8085.6890396879335,351.7025999999999,0.0,-0.0,40.876097014149316,-0.0,0.0,0.0,2167.069343159897,-28.23290146107866,-2531.415138712967,17725.40886989159,942.9657634851542,-0.0,359.1746992654182,-0.0,0.0,0.0,1320.0,-9.702,-20337.84733264216,65941.20797191079,0.0,-0.0,1272.8194823284555,-516.3636263428558,0.0,0.0,2510.0,-40.8615,-69166.8023278964
t285,12734.558048859442,1830.0,-0.0,251.05503051901218,-45.09406472795802,0.0,0.0,-82.37831198670028,-10.84652666483735,-14677.294175998959,1743.362327292748,0.0,-0.0,14.656846631983939,-47.996628569140576,0.0,0.0,-429.4902378633102,-14.240376357769062,-1266.291931134512,331.27085,0.0,-0.0,11.120982407623657,-40.300000000000004,0.0,0.0,663.835591136353,-7.403516785816016,-958.5239067581603,3213.52397,0.0,-0.0,24.918273527598643,-0.0,0.0,0.0,-1296.081032260855,-42.934097407516134,-1899.4271138592276,1160.67668,0.0,-0.0,2.8646059650973754,-1.6,0.0,0.0,-938.6600931515477,-6.335955628772947,-216.9452371847767,2078.082999702039,4246.729456797219,-0.0,15.432519115151893,-42.809882145705075,0.0,0.0,-5094.37611732916,-29.683175654143465,-1173.3758004854028,610.8678954175693,0.0,-0.0,28.605612691765547,-16.2,0.0,0.0,1503.7604015682086,-33.786101013104314,-2093.247808664438,8167.438725893546,0.0,-0.0,102.37906995971765,-0.0,0.0,0.0,-297.41092535704007,-1.0135439463217677,-7971.393326549902,351.7025999999999,0.0,-0.0,34.87046691809243,-9.11721924337572,0.0,0.0,2140.800725244051,-27.891409428172665,-2490.365163490594,17907.880589568023,777.0260463239322,-0.0,307.512342058008,-72.62015681371201,0.0,0.0,976.2854473019734,-15.321732936612737,-19880.762535501613,60374.460798390435,3693.0,-0.0,1059.7184027023825,-0.0,0.0,0.0,2853.7145526980266,-46.481232936612734,-67934.41252085424
t286,14446.70263401373,1576.3867919857857,-0.0,221.60074616266212,-774.1971122611942,0.0,0.0,-760.0,-9.879999999999999,-14700.613059900983,1709.3981209255614,240.0,-0.0,14.836093157692428,-9.5,0.0,0.0,-676.823861589748,-13.57257557370768,-1264.3377769197982,331.27085,0.0,-0.0,11.256349985857582,-0.0,0.0,0.0,619.3923052735736,-5.34977568120585,-956.5697295782252,3229.47541,0.0,-0.0,22.282236353164002,-14.3,0.0,0.0,-1300.7914228515608,-40.17032432425734,-1896.495899177346,1230.1126508051948,0.0,-0.0,2.554660392365708,-0.0,0.0,0.0,-1008.9119185624869,-6.8101554502967865,-216.9452371847767,2055.291199702039,3433.2953698820356,-0.0,13.602330557834684,-8.7,0.0,0.0,-4298.076445371151,-23.990652287830066,-1171.4218024829293,610.8678954175693,0.0,-0.0,25.22331442690742,-90.2,0.0,0.0,1575.2113431013731,-33.71818352136769,-2087.384369424481,8167.438725893546,0.0,-0.0,90.26294718293792,-114.12656144407731,0.0,0.0,-178.59137085200112,-0.42861929004480265,-7964.555121490361,351.7025999999999,0.0,-0.0,30.7408366911791,-68.02906766203981,0.0,0.0,2198.591370852001,-30.459619290044806,-2482.5461205910947,17893.29527119286,556.1506565763507,-0.0,265.92671343008374,-77.58303478805192,0.0,0.0,720.0,-19.512,-19338.27760641124,58320.19379856872,5133.0,-0.0,920.7335865727703,-671.0,0.0,0.0,3110.0,-50.6715,-66762.25588514151
t287,16033.8939456999,0.0,-0.0,162.52399381881196,-122.2,0.0,0.0,-1907.9990845920925,-24.28738851163076,-14141.93146641499,1526.6236209255615,0.0,-0.0,10.457154131424987,-0.0,0.0,0.0,-345.2349951789338,-14.467865513016886,-1177.3779143650363,331.27085,0.0,-0.0,7.933667295090744,-0.0,0.0,0.0,559.4355951180369,-7.535318362727625,-891.1047940503997,3298.2263900000003,0.0,-0.0,15.706854563572449,-0.0,0.0,0.0,-1506.2145759989614,-42.15035851130669,-1765.5683100533047,1425.71781,0.0,-0.0,1.799164016440445,-0.0,0.0,0.0,-1217.9860239401416,-8.221405661595956,-201.3095444147027,2078.071819702039,1411.8946026751917,-0.0,9.587130446639538,-0.0,0.0,0.0,-2394.8345947119724,-13.411073730387045,-1091.3078843815113,610.8678954175693,0.0,-0.0,17.78055039579658,-0.0,0.0,0.0,1351.4780467989067,-37.37362444004957,-1942.752868172223,8167.438725893546,0.0,-0.0,24.460858331694187,-322.9,0.0,0.0,-442.54039270556103,-1.1453832959283514,-7425.31380822375,351.7025999999999,0.0,-0.0,21.66818940617854,-110.0,0.0,0.0,2073.896025210719,-29.671778902103412,-2307.595035714793,17398.709515621453,0.0,-0.0,182.72673812413615,-781.6903963453863,0.0,0.0,720.0,-19.512,-17500.233857400206,54949.547632518814,5133.0,-0.0,644.0963396346531,-1982.9143598030523,0.0,0.0,3110.0,-50.6715,-61803.05811235042
t288,15086.502336369438,0.0,-0.0,112.59573727728416,-825.7747795125465,0.0,0.0,-1721.288628413819,-21.944172286593428,-12630.090493433765,1426.908603539112,0.0,-0.0,0.0,-52.95179678146251,0.0,0.0,-295.317193267834,-14.602643578176847,-1064.0369699116386,331.27085,0.0,-0.0,0.0,-40.187677560687376,0.0,0.0,522.7478534981819,-7.732939214271001,-806.0980867232234,3324.8954900000003,0.0,-0.0,0.0,-79.4769151552541,0.0,0.0,-1606.1725214615246,-42.711123318417705,-1596.5349300648036,1413.40864,0.0,-0.0,0.0,-9.175039457930527,0.0,0.0,-1214.2723338365624,-8.196338253396796,-181.7649284521102,2060.9126400000005,360.69453202783524,-0.0,6.695867394751918,-46.22978375551606,0.0,0.0,-1387.5340736057062,-7.770190812191954,-986.7689912491732,610.8646954175694,0.0,-0.0,12.418182656102806,-11.600286993029908,0.0,0.0,1174.749207509376,-31.308986096400126,-1755.122812493618,8167.438725893546,0.0,-0.0,16.999426661912707,-311.6741654622539,0.0,0.0,-1147.3372008023864,-3.471212762647875,-6721.95557352817,351.7025999999999,0.0,-0.0,15.133463229888191,-99.72098044994088,0.0,0.0,1844.4248903802745,-28.74242080604011,-2082.7975523541822,15946.441038330917,0.0,-27.175008892076043,92.40660097012598,-1006.3,0.0,0.0,720.0,-19.512,-15705.860630408968,53835.352526190865,545.2739032440837,-0.0,450.497156995714,-1646.055213912001,0.0,0.0,3110.0,-50.6715,-56244.39687251865
t289,10470.522435504616,0.0,-0.0,49.08472123761355,-0.0,0.0,0.0,-608.9382622731417,-7.9161974095508425,-9902.752697059537,1340.489751472285,0.0,-0.0,3.5064980582719913,-0.0,0.0,0.0,-389.70026296324227,-14.347809289999246,-939.9481772773153,621.1785499999999,0.0,-0.0,2.660597300470819,-0.0,0.0,0.0,92.4672989066313,-4.985952710730343,-711.3204934963717,4191.986978727908,0.0,-0.0,5.265694580641497,-0.0,0.0,0.0,-2741.683734240325,-45.65467708321067,-1409.9142619850131,995.5743575988024,0.0,-0.0,0.6045676048869693,-0.0,0.0,0.0,-829.3378132727106,-5.598030239590797,-161.24308169138808,2046.7842523426698,4017.2927728815775,-0.0,3.2151155142867864,-39.53666535777073,0.0,0.0,-5126.586482971655,-28.708884304641263,-872.4601081044669,781.4874954175693,0.0,-0.0,5.9604534372209255,-0.0,0.0,0.0,816.2358168533665,-57.69028610631666,-1545.9934796018395,2565.0249865271817,0.0,-0.0,21.331364621625887,-0.0,0.0,0.0,3377.9367877993486,-11.14719139973785,-5953.145947548419,351.7025999999999,0.0,-0.0,7.265230527916465,-81.04565945572179,0.0,0.0,1579.606652161728,-26.895404388599616,-1830.633418845323,12881.199325491894,0.0,-0.0,59.492588211181335,-617.6597913545608,0.0,0.0,720.0,-19.512,-13023.520122348513,50498.41737289031,0.0,-0.0,261.0707510123702,-0.0,0.0,0.0,3110.0,-50.6715,-53818.81662390269
t290,9990.255842400646,0.0,-0.0,27.534015222997894,-145.12950127465342,0.0,0.0,-738.5739481929943,-9.601461326508927,-9124.484946829487,1144.0976014722849,0.0,-0.0,2.0370682956032153,-1.6703816764598183,0.0,0.0,-236.65477987289967,-14.76103209434317,-893.0484761241852,621.1785499999999,0.0,-0.0,1.5457984930770685,-1.2659734811063885,0.0,0.0,60.661995614686134,-5.975066369116656,-676.1453042575401,4246.893528727907,0.0,-0.0,3.0584464326789966,-2.5143639971974103,0.0,0.0,-2862.4053368363766,-45.46716470715559,-1339.5651096198565,928.5811075988024,0.0,-0.0,0.35190211857809084,-0.1903197834723075,0.0,0.0,-771.0898290794009,-5.204856346285956,-152.44800450822146,2028.417547358542,2026.1540396559897,-0.0,1.8679828800458678,-0.0,0.0,0.0,-3209.9685927264986,-17.975824119268392,-828.4951530488107,781.4874954175693,1714.6206406276913,-0.0,3.4617407055606204,-64.89548124884517,0.0,0.0,-921.2784120980743,-45.5816936681471,-1467.814289735754,2455.602150713308,0.0,-0.0,12.390317523993287,-232.37602110652273,0.0,0.0,3433.8414732821584,-11.331676861831122,-5658.126243551106,351.7025999999999,-1.162465679271918e-13,-0.0,4.220369918886185,-6.217235487058895,0.0,0.0,1415.4674299094,-27.390879927460368,-1737.7822844137663,11627.391958785087,0.0,-0.0,34.75959699715872,-0.0,0.0,0.0,720.0,-19.512,-12362.639555782243,48589.587834278296,0.0,-0.0,126.9475383814218,-819.5570100326377,0.0,0.0,3110.0,-50.6715,-50956.30686262709
t291,10405.646111596106,0.0,-0.0,11.523028057212807,-309.14451510445275,0.0,0.0,-1393.2255683734038,-17.826980883086218,-8696.972075292379,1347.156351472285,0.0,-0.0,0.8671797722639084,-0.0,0.0,0.0,-471.1365140363247,-14.127931412101923,-862.759085796122,621.1785499999999,0.0,-0.0,0.6581189925852945,-0.0,0.0,0.0,35.94637595190227,-4.110778256200917,-653.6722666882866,4387.0281687279075,0.0,-0.0,1.3016812041710075,-0.0,0.0,0.0,-3046.2859655716516,-47.42406652942037,-1294.6198178310065,954.3098963559547,0.0,-0.0,0.1501395145729046,-0.0,0.0,0.0,-801.4881404052192,-5.410044947735229,-147.56185051757333,2051.209347358542,1295.1251516737075,-0.0,0.7952934373397791,-0.6534630985814013,0.0,0.0,-2531.1626375863443,-14.174510770483527,-801.1391810141802,781.4874954175693,0.0,-0.0,1.4732071052063953,-0.0,0.0,0.0,684.7510719305096,-48.759478383833454,-1418.9522960694508,3133.37977533226,0.0,-0.0,5.273604637695547,-0.0,0.0,0.0,2339.631451452122,-7.720783789792001,-5470.564047632285,351.7025999999999,0.0,-0.0,1.7964642319958488,-0.0,0.0,0.0,1352.96992663841,-27.329528202885555,-1679.1394626675199,11538.31984768984,0.0,-388.02109847787506,14.952004296993703,-489.44614314185606,0.0,0.0,1320.0,-9.702,-11986.102610367101,48205.31446374455,0.0,-601.2140353868517,57.20734121583995,-713.4315631434114,0.0,0.0,2510.0,-40.8615,-49417.01470643013
t292,9341.798571228068,0.0,-0.0,14.960589392966305,-0.0,0.0,0.0,-831.6721899111294,-10.779485983384673,-8514.307484726523,1551.475251472285,0.0,-0.0,1.1461730824122403,-0.4446910387277732,0.0,0.0,-690.5382576257899,-13.535546704410367,-848.1029291857689,621.1785499999999,0.0,-0.0,0.8697977599554813,-0.3370289977726282,0.0,0.0,22.648957374711017,-2.413072528217742,-641.9472036086761,3998.6128322179857,0.0,-0.0,1.7206885569944146,-0.6693770372428587,0.0,0.0,-2680.0149115494132,-46.52498869111544,-1273.1242434972087,1032.1591463559548,0.0,-0.0,0.19819228159590796,-0.0,0.0,0.0,-881.7751979283499,-5.951982586016362,-144.63015812318446,2074.001147358542,1479.4309347802998,-0.0,1.0510892156553964,-0.0,0.0,0.0,-2751.6129438719495,-15.409032485682916,-787.4611949968648,781.4874954175693,0.0,-0.0,1.9475158090521965,-0.7583152449884132,0.0,0.0,654.2116046726783,-41.389761544687076,-1395.4985391096252,3379.1470596674562,0.0,-0.0,6.970967953941283,-2.7102748570882174,0.0,0.0,2002.9154772948707,-6.609621075073072,-5379.713608984106,351.7025999999999,0.0,-0.0,2.3745414797264415,-0.9221487855723296,0.0,0.0,1325.8374615443722,-27.219641719254703,-1651.7728125192716,11817.487628681274,0.0,-1849.3616506346589,19.803238956477152,-4.212491348852437,0.0,0.0,1920.0,-19.512,-11884.20472565424,48072.5605938244,0.0,-389.9966180821075,67.49080920764835,-852.0652168899422,0.0,0.0,1910.0,-50.6715,-48757.31806806
t293,9614.453100354076,0.0,-0.0,16.43011523295616,-3.2663702317849292,0.0,0.0,-1142.3537286504559,-14.678539294563219,-8470.584577410229,1741.038201472285,0.0,-0.0,1.3451217829604587,-2.376474343905165,0.0,0.0,-873.9782755327251,-13.040258656061642,-852.9883147225532,621.1785499999999,0.0,-0.0,1.0200430653902355,-1.8041582748454352,0.0,0.0,26.525983446654365,-1.064860268652806,-645.8555579685462,3155.5250922179857,0.0,-0.0,2.0223669541554914,-3.5647115158577485,0.0,0.0,-1831.7393571404205,-42.27964609426398,-1279.963744421599,1096.9811963559548,0.0,-0.0,0.2292278142297497,-0.5801508110265801,0.0,0.0,-944.6465204249753,-6.376364012868583,-145.60738892131408,2081.84972,1870.737096775329,-0.0,1.232595530144427,-0.24863440743340476,0.0,0.0,-3143.620314135831,-17.60427375916065,-792.346190003049,781.4874954175693,0.0,-0.0,2.2901387181682766,-0.0,0.0,0.0,663.4963362392718,-43.957512278775575,-1403.3164580962336,3319.952027255643,0.0,-0.0,8.190537855709547,-0.0,0.0,0.0,2088.747389808516,-6.892866386368102,-5409.9970885335,358.4165999999999,0.0,-0.0,2.788182123560234,-0.0,0.0,0.0,1327.5684863899655,-27.22665236987936,-1661.5466161436461,12174.779970216128,0.0,-2028.7708392957536,22.094243261898622,-0.0,0.0,0.0,1920.0,-19.512,-12068.591374182273,48639.57869056539,0.0,-1185.9428879694724,90.03927127540481,-60.56327003955636,0.0,0.0,1910.0,-50.6715,-49342.44030383177
t294,10433.213235475678,0.0,-0.0,44.74111815642088,-0.0,0.0,0.0,-1736.4999403489012,-22.13507425137871,-8719.31933903182,1693.2013500000003,0.0,-0.0,3.6850784649015296,-0.0,0.0,0.0,-797.4305545896062,-13.246937502608063,-886.208936372687,475.85355,0.0,-0.0,2.7951769209787782,-0.0,0.0,0.0,195.04674881188757,-2.4356144251638994,-671.2598613077024,3308.6928410937844,0.0,-0.0,5.537653870330209,-0.0,0.0,0.0,-1941.7195891773176,-42.7165117732126,-1329.7943940135847,1111.4167400000001,0.0,-0.0,0.6311199791726925,-0.0,0.0,0.0,-954.1366637885084,-6.4404224805724315,-151.47077371009183,2424.139109861763,0.0,-0.0,3.3776753817330625,-0.0,0.0,0.0,-1595.946326772182,-8.937299429924218,-822.6331590413898,700.452762170432,1714.6206406276913,-0.0,6.269775419459786,-0.0,0.0,0.0,-918.6696773437463,-43.65436999801719,-1459.0191308758194,3062.6400900084254,0.0,-0.0,22.42978931211559,-0.0,0.0,0.0,2540.410488485325,-8.383354612001572,-5617.097013193865,368.8605999999999,0.0,-0.0,7.6370954009709955,-0.0,0.0,0.0,1378.9455147230492,-27.43472933462835,-1728.008480789392,11859.286560198476,0.0,-652.6725729400314,60.90556010127423,-29.507821682101916,0.0,0.0,1486.414889709763,-12.422883446754625,-12712.003731940624,49331.85744552129,0.0,-0.0,237.5050810499535,-0.0,0.0,0.0,2343.585110290237,-43.582383446754626,-51869.36525341473
t295,11706.648143668634,0.0,-1038.869210151696,124.52508814718834,-146.45547248029743,0.0,0.0,-1257.4771230016672,-16.12333789367092,-9372.248088288492,1569.4750880535182,0.0,-0.0,10.779375027790621,-7.568570667095845,0.0,0.0,-587.6579240965382,-13.813323604939347,-971.2146447127353,330.66775,0.0,-0.0,8.175727236890898,-1.8108003165277329,0.0,0.0,403.7045765291916,-4.98954520399445,-735.7477082455603,2883.399336344104,0.0,-0.0,16.200723474839368,-11.38481316029422,0.0,0.0,-1392.2868517517622,-38.137626451142324,-1457.7907684557447,984.5568900000001,0.0,-0.0,1.843536620947732,-0.41079141267823854,0.0,0.0,-814.3634462639517,-5.496953262281673,-166.1292356820362,8134.35961773749,0.0,-130.59220407601327,9.879459000475645,-3.9344875148725493,0.0,0.0,-7069.396354416939,-39.522951589805544,-900.7930791403343,943.3830791038855,0.0,-1714.6206406276913,18.343487110502156,-4.057994808324615,0.0,0.0,2420.948064234688,-63.27708250496133,-1600.7189125080993,3109.8404903348264,0.0,-0.0,65.61763577720667,-14.521373854242366,0.0,0.0,2991.5974356211523,-9.872271537549802,-6142.661916341394,452.4125999999999,0.0,-0.0,22.34071350869212,-22.811419364834563,0.0,0.0,1474.931623145827,-27.823473073740594,-1899.0500442159437,12755.26262150844,0.0,-937.5845558093611,182.64632122492327,-0.0,0.0,0.0,1920.0,-19.512,-13900.812386924003,58023.956401873416,0.0,-4552.401697175684,677.8542801515171,-87.49635692350671,0.0,0.0,1910.0,-50.6715,-55921.24112792575
t296,11972.62236227047,0.0,-570.3894339679254,197.22715240446496,-60.14219862224364,0.0,0.0,-760.0,-9.879999999999999,-10769.437882084765,1596.4239012779976,0.0,-0.0,16.12262402127206,-10.193986074986405,0.0,0.0,-498.8584824239102,-14.053082097455443,-1089.4409747029174,330.88975,0.0,-0.0,12.231232841783937,-8.736394541226714,0.0,0.0,496.36944078170455,-6.091259149654966,-824.6627699326068,2893.775706923445,0.0,-0.0,24.219511805712393,-3.0356556796443233,0.0,0.0,-1223.6189253370403,-56.699916783210085,-1634.6407209292634,746.40454,0.0,-0.0,2.1019529388787164,-0.4421275850615376,0.0,0.0,-557.649151140858,-3.7641317702007915,-186.65108244275834,12259.781860384786,0.0,-2091.7939218346783,11.144821495681615,-0.6366844724645917,0.0,0.0,-9118.408644639041,-49.87046365542716,-1010.2169672788564,1264.7231623408015,0.0,-1714.6206406276913,20.648752413361603,-5.914127714114488,0.0,0.0,2301.0838307473714,-69.75408998641439,-1796.166887173313,2971.4049262981594,0.0,-0.0,98.10626795965901,-67.43429773454861,0.0,0.0,3893.914858154546,-12.849919031910002,-6883.141835645907,488.5935999999999,0.0,-0.0,33.40904290551099,-0.0,0.0,0.0,1637.1670738572275,-28.48052664912177,-2130.689190113617,13822.94382360503,0.0,-484.41527176762816,274.12762218876367,-161.5,0.0,0.0,1920.0,-19.512,-15351.644174026165,63989.75136476636,0.0,-5133.0,975.6665831506509,-617.2228840275067,0.0,0.0,1910.0,-50.6715,-61074.5235638895
t297,12707.501109859139,0.0,-0.0,216.34530428505954,-17.45896330327605,0.0,0.0,-760.0,-9.879999999999999,-12136.507450840923,1670.0742475518955,0.0,-0.0,16.604393079944874,-7.871787705845653,0.0,0.0,-490.2839365116103,-14.076233371418652,-1174.4466830429656,331.20075,0.0,-0.0,11.261227051993119,-7.2,0.0,0.0,560.3476759522332,-6.459036133761611,-889.1506168704647,2959.183595833196,0.0,-0.0,24.938598820440657,-14.3,0.0,0.0,-1143.0690860963173,-65.09308474652346,-1761.660023810796,815.0705939962719,0.0,-0.0,2.8585169362853637,-2.972146480835481,0.0,0.0,-609.5330718023533,-4.114348234665885,-201.3095444147027,12404.264385162174,0.0,-1407.774343681591,15.223403625474251,-15.921823583344636,0.0,0.0,-9852.858300725014,-53.57943441866132,-1089.3538863790377,1524.3849334706242,0.0,-1714.6206406276913,28.230516028226386,-16.2,0.0,0.0,2190.4390063756814,-76.32162618790105,-1935.9121890589406,2932.478202374625,0.0,-0.0,90.27444815000314,-57.9,0.0,0.0,4473.269173096185,-14.761788271217409,-7423.360035349596,546.4086,0.0,-0.0,34.405084679133516,-57.48891443895415,0.0,0.0,1801.688539711195,-29.146838585830338,-2295.866471365544,14920.129055862159,0.0,-624.8257881059751,280.0453027952974,-161.5,0.0,0.0,1920.0,-19.512,-16314.336570551479,69165.18132167413,0.0,-4600.6974398886205,998.2947809095357,-2010.7952630853997,0.0,0.0,1910.0,-50.6715,-65411.311899609645
t298,14277.734448700476,0.0,-772.1713070267812,189.77988118571176,-0.0,0.0,0.0,-760.0,-9.879999999999999,-12925.463022859403,1546.0839299187617,0.0,-0.0,13.335605474792048,-9.5,0.0,0.0,-302.2643396261667,-14.583886283009349,-1233.0713094843782,331.38515,0.0,-0.0,10.646262219491073,-3.117262143644204,0.0,0.0,602.2643396261667,-8.05888628300935,-933.1196034190041,3190.212680019671,0.0,-0.0,21.06725934107874,-0.0,0.0,0.0,-1308.3117578688334,-53.3717172246745,-1849.5964642672418,897.396393996272,0.0,-0.0,2.42143792916137,-1.6,0.0,0.0,-682.5289093910449,-4.6070701383895525,-211.08185239599894,11829.398199342457,0.0,-1965.971860344509,12.865181274543135,-8.7,0.0,0.0,-8675.889945598918,-47.635744225274536,-1144.0658304482988,1564.788624982341,0.0,-0.0,23.84604543083294,-78.65928844811059,0.0,0.0,591.1440554018614,-70.41498059535493,-2030.7044567715693,3094.46615343799,0.0,-0.0,85.34547612616862,-223.67177619931496,0.0,0.0,4857.397097808083,-16.029410422766674,-7797.507540750161,594.8985999999999,0.0,-0.0,29.069015673542616,-34.55669496496524,0.0,0.0,1848.1894596488505,-29.33516731157784,-2408.2652130458496,16177.516395899429,0.0,-130.07673931983547,236.5985918954803,-719.5005673931602,0.0,0.0,1420.0767996198506,-11.338255673784559,-16973.27622502798,69749.49801114215,0.0,-2647.6663262746415,844.2307139299146,-1226.996410713337,0.0,0.0,2409.9232003801494,-42.49775567378456,-69086.49143279047
t299,14290.880721476837,0.0,-0.0,210.3420233009687,-96.76655201293241,0.0,0.0,-929.677764057413,-12.009455938920532,-13462.76897276854,1761.4528009964642,0.0,-0.0,15.307717178589165,-3.9116810615935016,0.0,0.0,-484.6488409907679,-14.091448129324926,-1274.108547993367,331.59955,0.0,-0.0,11.616220366597581,-23.028006540433385,0.0,0.0,651.1309124405125,-6.932237968711214,-964.3864382979655,3473.6120609339187,0.0,-0.0,22.98216356294477,-53.94181296005125,0.0,0.0,-1482.5361224538165,-48.964316496242034,-1911.1519725867538,861.4212439962719,0.0,-0.0,2.6452744531720174,-0.0,0.0,0.0,-641.8118206769682,-4.332229789569535,-217.9224679829063,12703.17025752607,0.0,-3267.654205079663,14.037355347035245,-3.582276340617206,0.0,0.0,-8219.44862340931,-45.330715548217015,-1181.1917924952972,1703.6917755520185,0.0,-0.0,26.012341761643338,-6.67044559976997,0.0,0.0,446.94326777988726,-71.8429314627104,-2098.134008031068,3150.622376914668,0.0,-0.0,93.10556509817886,-48.90864975246481,0.0,0.0,4873.73894709233,-16.083338525404688,-8052.474900827308,566.9235999999999,0.0,-0.0,31.71393211102998,-36.764117941539425,0.0,0.0,1956.3100442755454,-29.77305567931596,-2488.4104027657195,16206.411828043509,0.0,-283.29955981025705,258.2539123680856,-258.2539123680856,0.0,0.0,1630.7221379172545,-14.782306954947112,-17539.05209919558,70874.12573036073,0.0,-0.0,893.7093595300336,-893.7093595300336,0.0,0.0,2199.2778620827453,-45.94180695494711,-73027.46178548854
t300,15388.329227691072,0.0,-0.0,248.02237404970015,-109.90918586880056,0.0,0.0,-1601.1498386524709,-20.43643047508851,-13904.856146744412,1939.8712025046289,0.0,-0.0,15.301087547314687,-3.7550097962532414,0.0,0.0,-633.3293311283066,-13.690010805953571,-1304.3979383214303,331.68495,0.0,-0.0,13.387150222780985,-2.8459021613708773,0.0,0.0,650.4546337994504,-5.821355993641506,-986.859475867219,3520.2627664282372,0.0,-0.0,26.480000659610894,-12.586247620699108,0.0,0.0,-1520.7959107823049,-57.26334430923993,-1956.0972643756038,946.728443996272,0.0,-0.0,2.6450417600513347,-1.2912321444794514,0.0,0.0,-719.4401796276729,-4.856221212486792,-223.78585277168406,13707.329157302269,0.0,-3640.283343270482,14.031530326697553,-3.4387984449898097,0.0,0.0,-8819.751537119872,-48.36224526245536,-1209.5247635311646,1691.7662140642483,0.0,-1714.6206406276913,23.05157547174191,-25.745176024957843,0.0,0.0,2259.360322756871,-84.86181419618758,-2148.9504814440234,3636.1073524404055,0.0,-0.0,86.19602750006085,-0.0,0.0,0.0,4534.651840754306,-14.96435107448921,-8241.990869620284,575.1295999999999,0.0,-0.0,36.54424832985693,-52.63486309301572,0.0,0.0,2020.0,-30.031,-2549.0079852368403,17094.674532894198,0.0,-0.0,199.03345135216014,-0.0,0.0,0.0,720.0,-19.512,-17994.19598424636,72312.07342231544,0.0,-0.0,1019.5566367761433,-0.0,0.0,0.0,3110.0,-50.6715,-76390.9585590916
t301,17472.393389490077,0.0,-1325.7887757845385,275.06844765350166,-280.2272925052808,0.0,0.0,-1960.0,-24.939999999999998,-14156.505768853754,2148.0403336348704,0.0,-0.0,19.247837844143582,-44.59459643403947,0.0,0.0,-789.3937661745063,-13.268636831328832,-1320.0311720391403,331.57795,0.0,-0.0,14.60811946563522,-2.573306347340096,0.0,0.0,660.6559968455182,-4.707132427016139,-999.561627536797,3553.0239864801397,0.0,-0.0,28.889626949183015,-5.110872328744912,0.0,0.0,-1540.108376143671,-56.17031156562399,-1980.5240533912831,843.6443939962719,0.0,-0.0,3.3351262084098714,-7.1815226764547795,0.0,0.0,-609.9405842168202,-4.117098943463536,-225.7403143679433,14937.26057050056,0.0,-4822.759740925253,17.652992643976685,-40.90689960718392,0.0,0.0,-8818.710187614928,-48.356986447455384,-1224.1797485497168,1647.0311906803545,0.0,-1714.6206406276913,32.6955637755889,-5.789939281515214,0.0,0.0,2306.936862237829,-90.91707876073747,-2175.3359580238275,3383.779653014589,0.0,-0.0,117.04489472692562,-43.5794684242174,0.0,0.0,4900.5600550665795,-16.17184818171971,-8341.633286202157,578.4866,0.0,-0.0,39.87298576242368,-28.04442892758458,0.0,0.0,2020.0,-30.031,-2580.2841568348385,17746.580342310725,0.0,-0.0,329.0800274991957,-419.97228082168317,0.0,0.0,720.0,-19.512,-18356.176088988235,75136.62312490557,0.0,-0.0,1118.8251978533508,-254.43708347979927,0.0,0.0,3110.0,-50.6715,-79060.33973927912
t302,17321.535305788384,0.0,-1132.0016744660654,274.78461915219395,-244.17124845142757,0.0,0.0,-1960.0,-24.939999999999998,-14235.207002023086,2106.3587581457627,0.0,-0.0,19.16229863130602,-2.94265758653633,0.0,0.0,-773.6027207797881,-13.311272653894571,-1335.6644057568503,331.60055,0.0,-0.0,4.381317595515826,-2.230224697164376,0.0,0.0,682.4634086392834,-4.928360921227174,-1011.2866906164076,3529.7616632901727,0.0,-0.0,8.67966968733026,-4.429474051312581,0.0,0.0,-1488.1628219973663,-41.87526608248866,-2003.9737708463354,744.7884939962719,0.0,-0.0,3.3228823676222734,-1.0674513432232158,0.0,0.0,-514.8963677758518,-3.475550482487,-228.6720067623322,15028.20441092664,0.0,-6059.047510329844,17.575259470636027,-2.6948548424069543,0.0,0.0,-7702.482534855736,-42.72003680102147,-1238.8347335682688,1614.6673685784085,0.0,-0.0,32.54675413084363,-5.018005568619846,0.0,0.0,643.4423806136529,-83.91706315065179,-2201.721434603631,3343.5630534831166,0.0,-0.0,116.51740426838113,-265.0,0.0,0.0,5265.5252512357665,-17.37623332907803,-8443.229475658187,636.6745999999998,0.0,-0.0,39.69465602241299,-51.52321285725209,0.0,0.0,2017.7134049200404,-30.02173928992616,-2612.5377087952743,18058.84792466276,0.0,-0.0,329.25416334150776,-437.39536137118046,0.0,0.0,720.0,-19.512,-18651.19472663309,78828.8538318503,0.0,-0.0,1121.057079784666,-1797.7149820184593,0.0,0.0,3110.0,-50.6715,-81211.5244296165
t303,18207.00942550828,0.0,-1408.0490328134083,302.6846606816442,-732.8401664780258,0.0,0.0,-1960.0,-24.939999999999998,-14383.86488689849,1909.325762973957,0.0,-0.0,20.864910401837108,-2.333295091033383,0.0,0.0,-567.5775838233079,-13.867540523677068,-1346.4122539377759,331.64095000000003,0.0,-0.0,15.83711837146169,-34.86839206899372,0.0,0.0,713.1025069421718,-6.608783908491672,-1019.103399336148,3381.7550597969603,0.0,-0.0,31.309646103234794,-68.9122231370292,0.0,0.0,-1280.0624336155595,-44.483133331236445,-2019.60691581637,648.4798439962719,0.0,-0.0,3.6232575832702025,-0.0,0.0,0.0,-418.6507407210834,-2.825892499867313,-230.62646835859144,14678.808181566086,0.0,-5211.2780992369335,19.138289019884596,-2.1368070833674135,0.0,0.0,-8190.74109813943,-45.18574254560412,-1248.6047235806368,1515.8200850950177,0.0,-0.0,35.431623737792656,-3.9788821552358735,0.0,0.0,754.1088483269486,-83.04716255435027,-2218.3345124501743,3314.8150869134547,0.0,-0.0,126.85563738425083,-17.934723606363523,0.0,0.0,5099.820501030259,-16.82940765339985,-8506.727094068203,612.8025999999999,0.0,-0.0,43.21936266046202,-13.905646616438036,0.0,0.0,2020.0,-30.031,-2632.085316044023,17921.819267845156,0.0,-0.0,360.6581438066204,-360.6581438066204,0.0,0.0,923.1592610830692,-16.19034608129182,-18828.788182846933,78935.31321393697,0.0,-0.0,1198.528201966678,-435.6443040139068,0.0,0.0,2906.8407389169306,-47.349846081291815,-82557.6880047254
t304,18573.400048115338,0.0,-1463.5714836806421,37.72304019715878,-423.0234565597539,0.0,0.0,-2270.2418457770636,-27.670128242838157,-14426.6161740522,1729.7830263352914,0.0,-0.0,27.936424592498824,-2.886261779425752,0.0,0.0,-384.287741037822,-14.36242309919788,-1356.1830250113446,331.45235,0.0,-0.0,21.20492272903949,-2.1874826117753066,0.0,0.0,684.287741037822,-7.83742309919788,-1026.9201080558882,3300.3038641437597,0.0,-0.0,41.919827740218906,-4.34458352060929,0.0,0.0,-1254.1882840928731,-49.42783504471795,-2034.2629892257778,706.9130939962719,0.0,-0.0,4.852649388789512,-0.8790832623931175,0.0,0.0,-475.09881317886027,-3.206916988957307,-232.5809299548507,13936.491613779757,0.0,-4365.397943007304,25.625008901833763,-2.6432081558951617,0.0,0.0,-8286.710519240445,-49.96723768617658,-1257.3977145917681,1463.7289669028123,0.0,-373.7541826608568,47.43816725648084,-4.921835876494439,0.0,0.0,1186.785979779479,-84.32950510470444,-2234.9475902967174,3554.7795474681743,0.0,-0.0,169.84543594486965,-0.0,0.0,0.0,4856.2951868445925,-16.55677640187863,-8564.363393855758,571.7725999999999,0.0,-0.0,57.86661066339715,-59.93262276376193,0.0,0.0,2113.158295665171,-30.25457990959641,-2652.610303655209,17579.94631521999,0.0,-0.0,481.2142952611735,-481.2142952611735,0.0,0.0,1350.2615115600818,-10.196775714007337,-18920.011051066067,81773.7768821502,0.0,-0.0,1560.151294141013,-2488.0,0.0,0.0,2479.7384884399185,-41.35627571400734,-83284.31038901713
t305,18478.100850599425,0.0,-1779.8765775878628,513.6113017032159,-582.1739380433986,0.0,0.0,-2110.7090519066633,-26.266239656778637,-14492.686345107935,1837.0066831318845,0.0,-0.0,2.672140711242764,-46.27214071124276,0.0,0.0,-416.10760891310747,-14.27650945593461,-1363.0225647628429,331.24335,0.0,-0.0,27.331302929705778,-35.125201381152415,0.0,0.0,716.1076089131075,-7.75150945593461,-1031.805551005726,3168.9968535798316,0.0,-0.0,54.02285023046191,-69.42227496534437,0.0,0.0,-1064.5245625013772,-44.06208995089517,-2045.0107763926767,780.62159,0.0,-0.0,0.45004475136720234,-8.050044751367203,0.0,0.0,-535.8464656041914,-3.6169636428282916,-233.5581607529803,13988.993523844989,0.0,-4629.4820302919425,2.4471183355591624,-42.44711833555916,0.0,0.0,-8008.919919987768,-46.35486596484552,-1264.2367076004257,1400.9539137161144,0.0,-217.20706641931625,4.556703107592924,-78.55670310759292,0.0,0.0,1216.6997521709945,-78.79489081783572,-2247.651708649956,4548.029090763974,0.0,-0.0,218.88771378652493,-313.09781999795155,0.0,0.0,4168.337214632114,-14.809802097508255,-8607.346397087154,509.4815999999999,0.0,-0.0,74.57866753699024,-90.3,0.0,0.0,2204.963033196891,-30.47491127967254,-2668.248389454208,16999.35450445957,39.357135477099746,-0.0,617.6136987993217,-577.6044689319807,0.0,0.0,1920.0,-19.512,-18979.208869804013,82405.67416337926,0.0,-0.0,1979.4621341455236,-2650.383813099087,0.0,0.0,1910.0,-50.6715,-83594.08098442572
t306,16869.580497447016,0.0,-1184.065003017537,609.120381244297,-609.120381244297,0.0,0.0,-1092.3045329628599,-14.05042188868389,-14579.16053957794,1867.0186599167378,0.0,-0.0,3.640131165216332,-47.24013116521633,0.0,0.0,-455.01833863441993,-14.171450485687066,-1354.2288707966309,331.03775,0.0,-0.0,2.758836251532378,-35.85883625153238,0.0,0.0,734.5775375565204,-7.549356680567043,-1024.9659308759533,3043.306150769923,0.0,-0.0,5.479355332904584,-70.8793553329046,0.0,0.0,-901.6688137579733,-44.90556246805276,-2031.3317745438962,909.76424,0.0,-0.0,0.6130747225627506,-8.21307472256275,0.0,0.0,-666.0646047611413,-4.495936082137703,-231.60369915672106,12207.17486273946,0.0,-2694.8151455561447,3.333593803934956,-43.33359380393495,0.0,0.0,-8171.825780402985,-45.09022019103508,-1255.4437165892946,1420.655572659095,0.0,-0.0,9.155639938449774,-80.20738156594786,0.0,0.0,949.3135715797171,-65.92429206124827,-2232.9931105500655,5285.892224525262,0.0,-0.0,22.185641522739537,-287.18564152273956,0.0,0.0,3538.7861751226965,-12.898961659589444,-8546.779437988369,459.4995999999999,0.0,-0.0,89.63323201844824,-101.1596034990977,0.0,0.0,2234.204786260447,-30.545091487025076,-2651.6329232927715,16450.69029110509,617.5760942322809,-0.0,738.2289544671082,-778.2381843344492,0.0,0.0,1920.0,-19.512,-18928.745155470027,81580.30769995491,0.0,-0.0,2354.689732785017,-2726.090094841139,0.0,0.0,1910.0,-50.6715,-83068.2358378988
t307,13229.766744736391,1228.4933899574983,-0.0,494.51936855096835,-21.61197493627003,0.0,0.0,-531.6466534519631,-6.91140649487552,-14392.609468361748,1888.9630106965808,0.0,-0.0,34.768667320986374,-3.6124637946499387,0.0,0.0,-598.0276421057446,-13.785325366314488,-1308.3062467508578,476.05275,0.0,-0.0,26.38920616600034,-3.7154647295163215,0.0,0.0,497.3986765706279,-5.357337780022686,-990.7678302270891,3528.53883318951,0.0,-0.0,52.178802819878975,-5.43770865931517,0.0,0.0,-1575.0692016172652,-38.25103199344184,-1961.959693739367,936.6578900000001,0.0,-0.0,6.031714264348732,-0.0,0.0,0.0,-714.0836866080604,-4.820064884604407,-223.78585277168406,8356.767029519147,0.0,-0.0,31.889811647642716,-31.889811647642716,0.0,0.0,-7104.610486029819,-39.70078295445059,-1212.455760534875,1204.5081514946587,93.63568055775788,-0.0,59.050335408777805,-6.160201418245156,0.0,0.0,867.9675478152062,-61.255873554196334,-2157.745640303958,4893.3411303776975,0.0,-0.0,211.40546181722993,-22.017016180024353,0.0,0.0,3186.4247919750555,-12.510201813517684,-8256.644166176442,375.9475999999999,0.0,-0.0,72.02208299144073,-0.0,0.0,0.0,2141.646653451963,-27.90240649487552,-2561.7139299485275,15155.311460622139,741.0212465409099,-0.0,591.3804313063679,-0.0,0.0,0.0,1920.0,-19.512,-18388.20113846942,77854.36447484822,0.0,-0.0,1723.4569981113762,-316.4533413795523,0.0,0.0,1910.0,-50.6715,-81120.69663158004
t308,12430.85410036031,1830.0,-0.0,291.5969315708812,-96.1336150781326,0.0,0.0,-499.3041682795476,-6.490954187634118,-13950.522294385875,1836.914539711952,0.0,-0.0,20.426593359970788,-36.755206190640465,0.0,0.0,-550.1501722855103,-13.91459453482912,-1256.5211600609432,621.2183499999999,0.0,-0.0,15.502074803128,-27.903608369499985,0.0,0.0,346.8894878887363,-4.999106283944446,-950.7071980384198,3595.0704957815024,0.0,-0.0,30.661567285112074,-55.132809285960704,0.0,0.0,-1647.4337852328565,-38.39442809797687,-1884.77104044982,1036.58773283222,0.0,-0.0,3.536336237893826,-7.232529632654511,0.0,0.0,-812.4169494402203,-5.483814408721487,-214.99077558851744,2259.069130005469,5894.433679468802,-0.0,18.733232198731915,-18.733232198731915,0.0,0.0,-6950.0,-38.92,-1164.5828094742717,815.6501919985235,290.01566623302307,-0.0,30.332887663140504,-0.0,0.0,0.0,996.7431628688541,-61.97061718560335,-2070.771291577938,4665.71262979393,0.0,-0.0,108.57531693981142,-0.0,0.0,0.0,3176.3682562009967,-12.477015245463289,-7938.179187689277,351.7025999999999,0.0,-0.0,42.31617599659858,-18.706758920789547,0.0,0.0,2109.3041682795474,-27.481954187634116,-2457.1342311677213,14322.079699644315,1421.186128961495,-0.0,349.892742677261,-136.28488936541314,0.0,0.0,1920.0,-19.512,-17857.36168191766,71012.56035517286,4594.599205212912,-0.0,1262.0911955391146,-0.0,0.0,0.0,1910.0,-50.6715,-78728.57925592488
t309,11856.10535510027,1830.0,-0.0,238.9837343119861,-0.0,0.0,0.0,-290.7742299187056,-7.342079248257447,-13626.972780245293,1949.4914636996562,0.0,-0.0,16.858643473958196,-9.5,0.0,0.0,-703.4385420011412,-13.500715936596919,-1239.9108492358764,621.1785499999999,0.0,-0.0,12.793413757337055,-0.0,0.0,0.0,308.6858116689915,-3.675640467519208,-938.9821349588094,3872.840110424031,0.0,-0.0,25.309499094722252,-14.3,0.0,0.0,-1981.7378945202104,-41.76746356440229,-1860.3442514341407,1101.88476,0.0,-0.0,2.9145604787471613,-0.0,0.0,0.0,-886.7546434413892,-5.985593843229378,-212.05908319412856,2104.64152,4741.876796179646,-0.0,15.459928397680098,-0.0,0.0,0.0,-5679.721117385815,-32.32930273579202,-1149.9278244557195,781.4874954175693,1714.6206406276913,-0.0,28.646088691656594,-16.2,0.0,0.0,-405.5458924772179,-59.599757134891085,-2043.408575124808,4063.1384504604816,0.0,-0.0,102.53507852450167,-57.9,0.0,0.0,3745.117128646953,-14.353886524534945,-7838.536771107403,351.7025999999999,0.0,-0.0,34.92652134888584,-0.0,0.0,0.0,2064.1693794285347,-26.89520193257095,-2423.9032988448485,14171.15237503444,1612.8066945933895,-0.0,276.7534090924597,-0.0,0.0,0.0,1920.0,-19.512,-17961.20047872029,69454.2399031102,5133.0,-0.0,1015.5086397615175,-561.526732691317,0.0,0.0,1910.0,-50.6715,-76900.5503101804
t310,11368.320269045349,1830.0,-0.0,204.91923713390577,-0.0,0.0,0.0,262.11607061422205,-12.149052158406485,-13653.20652463507,1752.394713699656,0.0,-0.0,14.361139109621053,-4.249809709819046,0.0,0.0,-511.50749542329527,-14.018929762357102,-1236.9796179138057,621.1785499999999,0.0,-0.0,10.897169951410277,-7.2,0.0,0.0,316.31692378456967,-5.141774547073156,-936.0508691889067,3911.6701704240313,0.0,-0.0,21.564076083956945,-6.397081984253933,0.0,0.0,-2029.719874956018,-41.65839593671113,-1855.4588936310047,1096.0496600000001,0.0,-0.0,2.4782827330339967,-1.6,0.0,0.0,-878.9360412603977,-5.932818278507685,-212.05908319412856,2101.234575314661,6424.879324237304,-0.0,13.168379988057275,-0.0,0.0,0.0,-7348.848369318707,-43.43708276930643,-1146.996827452009,781.4874954175693,514.3302430563022,-0.0,24.408474558909223,-7.247043926217741,0.0,0.0,788.6530154974976,-64.08704871920946,-2037.5451358848518,4262.637663905668,0.0,-0.0,87.35794637338759,-25.90147181037081,0.0,0.0,3510.4381225758293,-13.579445804500235,-7820.9528152400135,351.7025999999999,0.0,-0.0,29.7543468893721,-0.0,0.0,0.0,2061.4876484863,-26.860339430321893,-2416.084255945349,14311.725068575543,1425.9275810139568,-0.0,246.37154747957194,-46.85124764492639,0.0,0.0,1847.2890400796841,-18.32317580530284,-17766.138813698526,68783.85917088448,3815.563084613036,-0.0,862.070487331712,-0.0,0.0,0.0,1982.7109599203159,-49.48267580530283,-75394.72102694424
t311,12139.672479659921,1287.1237934849096,-0.0,157.14299303606327,-53.52494314477964,0.0,0.0,-307.52419652146375,-3.997814554779029,-13218.892311959871,1730.604701472285,0.0,-0.0,10.61504050289374,-0.0,0.0,0.0,-570.500799021996,-13.85964784264061,-1156.8592951105418,621.1785499999999,0.0,-0.0,8.05362098947489,-0.0,0.0,0.0,250.62946462570238,-4.3902590042582155,-875.471376610919,3918.347250424031,0.0,-0.0,15.943312217046044,-0.0,0.0,0.0,-2155.167632567335,-43.843838399879594,-1735.2790916738622,1174.1383075988026,0.0,-0.0,1.8271017532561316,-0.0,0.0,0.0,-971.033084014646,-6.55447331709886,-198.37785202031384,2092.3678523426697,3971.2402010256965,-0.0,9.732096335388892,-8.7,0.0,0.0,-4964.096307026395,-27.79893931934781,-1072.744903358012,781.4874954175693,1714.6206406276913,-0.0,18.047956292150857,-0.0,0.0,0.0,-552.5902824708241,-56.925296754080065,-1904.6405131125066,3742.1799069080234,0.0,-0.0,64.58408340115493,-0.0,0.0,0.0,3522.7586404754943,-13.62010351356913,-7315.902527271104,351.7025999999999,0.0,-0.0,21.995005475073413,-8.484350211274007,0.0,0.0,1917.5241965214636,-24.988814554779026,-2257.748637230484,14123.331214564483,200.75166801881596,-0.0,178.07718805265642,-0.0,0.0,0.0,1920.0,-19.512,-16402.648070635958,66834.20089017748,1440.0,-0.0,653.832071106403,-0.0,0.0,0.0,1910.0,-50.6715,-70787.36146128389
t312,14732.951543081523,0.0,-0.0,11.329649430729773,-830.9000000000001,0.0,0.0,-2028.2449326009778,-25.540555406888604,-11859.595704504389,1526.990401472285,0.0,-0.0,7.265363786428846,-50.17796785874954,0.0,0.0,-416.5132614752346,-14.275414194016866,-1053.2891217307128,621.1785499999999,0.0,-0.0,5.483587431665744,-40.300000000000004,0.0,0.0,216.31663218674646,-5.374480204896548,-797.3042894135156,3934.354878727908,0.0,-0.0,10.91191510040494,-75.30157267159142,0.0,0.0,-2244.5961631405257,-45.444344482053744,-1579.9247135341416,1259.6718575988025,0.0,-0.0,1.244534165374664,-9.2,0.0,0.0,-1064.7190711778755,-7.186853730450659,-179.81046685585096,2069.5760523426698,1569.1151546307046,-0.0,6.661145122357685,-0.0,0.0,0.0,-2652.516531254448,-15.83681960447899,-976.999001236805,781.4874954175693,0.0,-0.0,12.352244259961227,-85.21716624334132,0.0,0.0,1076.070230462552,-51.069268616296405,-1733.6235352804447,5475.6898106623175,0.0,-0.0,44.20290089461844,-305.0909830549051,0.0,0.0,1457.2571531552285,-4.808948605412254,-6667.249933051848,351.7025999999999,0.0,-0.0,15.054109071532672,-110.0,0.0,0.0,1826.9459438445347,-29.249131072570364,-2054.4535218434967,14363.549178509395,0.0,-0.0,122.19386906815643,-583.6313056750507,0.0,0.0,1038.7727500017727,-14.300065537471017,-14926.584426366802,64619.77636835562,0.0,-0.0,453.1028824450609,-3040.261375653274,0.0,0.0,2791.2272499982273,-45.459565537471015,-64778.38555960816
t313,11568.561929126143,1287.1624784458932,-542.8375215541067,53.93526272641516,-0.0,0.0,0.0,-1160.0,-39.019999999999996,-11167.802148744342,1304.2425963956985,240.0,-0.0,3.649618288715358,-3.8341677624762642,0.0,0.0,-551.0240937797746,-17.911,-975.1229531421628,330.0432,0.0,-0.0,2.769192467052992,-5.044942552665226,0.0,0.0,421.3204355111077,-11.386,-737.7018854254953,2851.143116685578,0.0,-0.0,5.480613639956803,-5.7714314740432195,0.0,0.0,-1308.431595234481,-79.74457735813047,-1462.6761262588805,1058.3888499999996,0.0,-0.0,0.6292479839061691,-8.721098345036715,0.0,0.0,-872.3905331587034,-10.8,-167.10646648016584,2030.7194391204168,5880.907907832333,-543.971416404971,3.346344016857686,-46.09597225113714,0.0,0.0,-6350.792727168218,-69.4125,-904.7010751452815,610.4806954175693,0.0,-1714.6206406276913,6.203727465642626,-80.53826502653847,0.0,0.0,2884.5864419002246,-102.4613270011269,-1603.6506321280776,4978.271142222333,0.0,-0.0,22.20200669782194,-288.3682435207764,0.0,0.0,1487.3785587568696,-20.67674964299636,-6178.806714513251,351.7025999999999,0.0,-0.0,7.561764135282325,-49.67421345475225,0.0,0.0,1619.3535131729768,-30.871000000000066,-1898.0726638535064,11535.114370411582,1742.2182113370086,-0.0,61.767019593880235,-0.0,0.0,0.0,720.0,-19.512,-14039.58760134247,45180.22865561022,4618.911782488222,-0.0,219.3840702435924,-0.0,0.0,0.0,3110.0,-50.6715,-53077.85300834204
t314,11744.347265026478,1830.0,-0.0,30.362705146798753,-23.663392540523674,0.0,0.0,-3319.61084708297,-39.019999999999996,-10222.415730549785,1227.8699839340502,240.0,-0.0,2.0988250365041097,-0.0,0.0,0.0,-532.628250947733,-17.911,-919.4295580228209,330.0432,0.0,-0.0,1.5926620582206854,-0.0,0.0,0.0,375.43721399867036,-11.386,-695.687076056891,2912.15873,0.0,-0.0,3.151166136818818,-0.0,0.0,0.0,-1456.917346733745,-79.74457735813047,-1378.6479720449436,968.71389,0.0,-0.0,0.3625723732287549,-0.0,0.0,0.0,-800.9423038743593,-10.8,-157.33415849886958,2048.5915800000002,3132.9977432720916,-3291.8815809652124,1.924614053764043,-0.0,0.0,0.0,-969.2997282809123,-69.4125,-852.9201280797308,610.4774954175693,1714.6206406276913,-0.0,3.566686021795053,-0.0,0.0,0.0,-715.3906509038281,-102.4613270011269,-1510.812844162101,3711.726977607954,0.0,-0.0,12.765943162015718,-0.0,0.0,0.0,2122.334539601412,-20.67674964299636,-5826.150710728384,351.7025999999999,0.0,-0.0,4.348315881937198,-3.591226844889199,0.0,0.0,1467.0173742234656,-30.871000000000066,-1788.606063260513,11505.940013194004,596.0265030001619,-0.0,36.28539053466136,-257.1408886153133,0.0,0.0,1320.0,-9.702,-13191.409018113513,45972.70478694457,2394.713837306829,-0.0,124.62050751888822,-880.6419586316545,0.0,0.0,2510.0,-40.8615,-50080.535673138635
t315,9019.0624802376,1830.0,-0.0,12.720036663608552,-0.0,0.0,0.0,-1160.0,-39.019999999999996,-9662.762516901208,1428.43453,240.0,-0.0,0.8848252166523567,-0.5564305919042642,0.0,0.0,-770.5054508962023,-17.911,-880.3464737285458,330.01465,0.0,-0.0,0.6715105985464285,-0.4217158170221792,0.0,0.0,347.4959735763405,-11.386,-666.3744183578647,2952.1287300000004,0.0,-0.0,1.328167313145396,-0.8375744699190505,0.0,0.0,-1551.8739955171554,-79.74457735813047,-1321.0007499679402,1065.00451,0.0,-0.0,0.15319524367007106,-0.0,0.0,0.0,-903.8641623317079,-10.8,-150.4935429119622,2037.0385700000002,4580.822700685761,-1844.0566235515425,0.8114763217207559,-0.5095732789017998,0.0,0.0,-3886.945886141833,-69.4125,-817.7481640352058,610.4742954175694,524.2396755853435,-1190.3809650423477,1.5031831203338064,-0.9488605882999032,0.0,0.0,1605.8434907777607,-102.4613270011269,-1448.2694922692328,4504.38002428298,0.0,-0.0,5.380910444276028,-3.3912980285533583,0.0,0.0,1099.166873714611,-20.67674964299636,-5584.859760770317,351.7025999999999,0.0,-0.0,1.833018534644005,-0.0,0.0,0.0,1390.683156818186,-30.871000000000066,-1713.3477753528302,12171.152976671638,0.0,-31.99619721843469,15.58943104846029,-203.39875334387028,0.0,0.0,720.0,-19.512,-12651.835457157793,45483.14049093983,23.548380016859483,-0.0,55.50086715368917,-631.934083979676,0.0,0.0,3110.0,-50.6715,-47989.58415413071
t316,11357.143794638376,0.0,-1830.0,16.479206832045698,-5.943564423916051,0.0,0.0,-142.92889152194795,-39.019999999999996,-9355.730545524557,1636.37128,240.0,-0.0,1.1612276326128472,-0.0,0.0,0.0,-998.8165760512045,-17.911,-860.8049315814083,330.01465,0.0,-0.0,0.8812224301187367,-0.0,0.0,0.0,332.2082170782329,-11.386,-651.7180895083516,2877.7813,0.0,-0.0,1.7432883061181688,-0.0,0.0,0.0,-1508.0914077988627,-79.74457735813047,-1291.688603149125,1111.30049,0.0,-0.0,0.20079640771906898,-0.0,0.0,0.0,-953.1394358901459,-10.8,-147.56185051757333,2059.79683,4179.320167496284,-2245.5591567410206,1.0648951386836896,-0.0,0.0,0.0,-3126.025052882242,-69.4125,-799.1851830117065,610.4742954175694,959.7869270791855,-754.8337135485058,1.9730944066825118,-0.0,0.0,0.0,700.1040602223416,-102.46132700112683,-1415.0433365761464,4957.718551977325,0.0,-0.0,7.062526294073659,-0.0,0.0,0.0,513.7601953218804,-20.67674964299636,-5457.864523950282,351.7025999999999,0.0,-0.0,2.4057297699311126,-0.9362800741090598,0.0,0.0,1352.9288915219481,-30.870999999999995,-1675.2299412177701,12052.30745507823,0.0,-737.1330156654299,20.615834305831058,-239.77819591658624,0.0,0.0,1320.0,-9.702,-12406.310077802042,45909.68688889214,0.0,-575.8737615102946,65.54577543985633,-832.1270870315959,0.0,0.0,2510.0,-40.8615,-47036.3703157901
t317,8065.722722680188,0.0,-1830.0,18.003951163357435,-83.89025440442845,0.0,0.0,3060.7103186086892,-39.019999999999996,-9191.526738047805,1424.23393,240.0,-0.0,1.3598938255749498,-4.852769966207996,0.0,0.0,-781.0480451706021,-17.911,-861.7820086887651,330.01465,0.0,-0.0,1.0312455350925276,-3.6838723235531177,0.0,0.0,336.71915488677973,-11.386,-652.695178098319,2871.11186,0.0,-0.0,2.0445747285979565,-7.280084437478855,0.0,0.0,-1492.4890266626094,-79.74457735813047,-1293.6427462703793,1102.38382,0.0,-0.0,0.23174711813935,-0.938569963634239,0.0,0.0,-943.3151466369319,-10.8,-147.56185051757333,2048.24382,3067.3412702656,-281.44227920234084,1.246132356784283,-4.451792605716754,0.0,0.0,-3961.3624688013833,-69.4125,-800.1621820129434,610.4710954175694,1714.6206406276913,-0.0,2.315286239545541,-8.2377682457264,0.0,0.0,-798.7328708418297,-102.46132700112683,-1417.9750561961246,6106.368600939561,0.0,-0.0,8.280480312432418,-29.498005825749548,0.0,0.0,-599.7715967734237,-20.67674964299636,-5464.702729009822,356.9245999999999,0.0,-0.0,2.81880091377198,-0.0,0.0,0.0,1349.2896813913108,-30.870999999999995,-1678.1620823050825,12127.90217570443,0.0,-997.0168870837133,22.881290895835328,-4.37941924586849,0.0,0.0,1320.0,-9.702,-12459.685160270683,46416.472366308604,0.0,-1689.1413731618677,87.52608255329919,-0.0,0.0,0.0,2510.0,-40.8615,-47283.99557570005
t318,7183.5217912709995,484.4163364600936,-1345.5836635399064,48.50520790434544,-11.491704974078402,0.0,0.0,3024.6947566146764,-39.019999999999996,-9345.042723736131,1521.7479555860207,61.47718884598498,-178.52281115401502,3.714292451241149,-2.7491418485906043,0.0,0.0,-500.57047040059706,-17.911,-887.1860134800439,330.45265,0.0,-0.0,2.8173371567423806,-2.0867261124321264,0.0,0.0,351.46260026339223,-11.386,-671.2598613077024,3127.1315393358786,0.0,-0.0,5.581550007249858,-4.125159630084806,0.0,0.0,-1718.0718867807004,-79.74457735813047,-1330.771465574212,1020.1716399999999,0.0,-0.0,0.6361282042773335,-0.47758879399042076,0.0,0.0,-858.0594057001952,-10.8,-151.47077371009183,5396.919742552928,571.1532949363987,-833.7594501804629,3.4044537604671397,-2.5216971716908065,0.0,0.0,-4242.173685855016,-69.4125,-823.6101580426266,928.9075343127591,0.0,-0.0,6.319473250679291,-4.668178167745672,0.0,0.0,630.9216284812528,-102.46132700112683,-1459.0191308758194,7538.3194512713435,0.0,-0.0,22.60759064763251,-16.71383976274582,0.0,0.0,-1903.508780008137,-20.67674964299636,-5620.027672505096,365.8765999999999,0.0,-0.0,7.69763740406839,-0.0,0.0,0.0,1385.3052433853236,-30.870999999999995,-1728.008480789392,13026.240428798194,0.0,-1490.0,64.40879234372969,-0.0,0.0,0.0,1320.0,-9.702,-12910.947221141923,47835.066460129165,0.0,-1160.102663931885,229.88871642608552,-0.0,0.0,0.0,2510.0,-40.8615,-49373.99101262338
t319,8062.8244979081555,0.0,-1830.0,134.37389671261684,-0.0,0.0,0.0,3560.0,-39.019999999999996,-9888.178394620772,1683.6901463826225,0.0,-240.0,10.64372000534969,-2.441852589350904,0.0,0.0,-481.33083412566657,-17.911,-952.6501796729547,330.36125,0.0,-0.0,8.072841260297913,-1.8526408351150985,0.0,0.0,395.89592897086436,-11.386,-721.0913793960472,3455.8769498780375,0.0,-0.0,15.996830312560922,-3.667512874261889,0.0,0.0,-1959.005996760649,-79.74457735813047,-1429.4556931975567,958.21461,0.0,-0.0,1.8203499353046317,-0.42034543476084674,0.0,0.0,-785.6170712128966,-10.8,-163.19754328764733,11167.16482503385,0.0,-3508.4818611836126,9.755132937437907,-2.2387550758447916,0.0,0.0,-6712.602745592521,-69.4125,-884.1840961193086,1464.6881860005553,0.0,-1714.6206406276913,18.112621573786537,-4.151638269807481,0.0,0.0,1908.8572747592743,-102.46132700112683,-1570.4244764349912,6600.419862716246,0.0,-0.0,64.79181980934216,-14.856605826208288,0.0,0.0,-606.1965560384062,-20.67674964299636,-6023.481771017977,469.1975999999999,0.0,-0.0,22.059556720187054,-39.072917817744994,0.0,0.0,1440.596351540879,-30.871,-1861.9095904433211,17073.78599126931,0.0,-3070.0,185.30015101924965,-329.2630246368846,0.0,0.0,129.4036484591211,-19.512,-13969.714766110794,53996.944615164524,0.0,-5133.0,649.9413498092106,-186.60880379344144,0.0,0.0,3110.0,-50.6715,-52386.6056611803
t320,10066.034254718446,0.0,-1830.0,170.64348322373624,-95.35609658338205,0.0,0.0,2880.926204946776,-39.019999999999996,-11153.227846305577,1646.8061630939349,0.0,-240.0,10.8621363537825,-27.27513172096822,0.0,0.0,-312.3535062445385,-17.911,-1060.128661482211,329.98609999999996,0.0,-0.0,8.244154739458732,-20.694423393670824,0.0,0.0,496.0399010175656,-11.386,-802.1897323633533,3482.03723718042,0.0,-0.0,16.88175901394809,-15.362333697423182,0.0,0.0,-1813.139584437774,-79.74457735813047,-1590.6725007010405,710.55432,0.0,-0.0,2.4677526526247444,-1.7234516223305225,0.0,0.0,-518.7336925781841,-10.8,-181.7649284521102,15645.65367692009,1463.1368244690302,-4961.742499768274,13.138184354587182,-25.007460294466252,0.0,0.0,-11082.90523043674,-69.4125,-982.8609952442259,1315.304945998548,0.0,-1714.6206406276913,24.362108024824323,-17.402028954270875,0.0,0.0,2242.1218360667253,-102.4613270011269,-1747.3048935070096,3946.21658288126,0.0,-0.0,87.18163877123516,-62.20456314705111,0.0,0.0,2748.970276612946,-20.676749642996437,-6699.487185475395,541.9325999999999,0.0,-0.0,32.88835367658389,-0.0,0.0,0.0,1529.0737950532239,-30.870999999999995,-2073.0237487298077,16205.806272526639,0.0,-3013.517192927788,236.54660539497394,-0.0,0.0,0.0,1920.0,-19.512,-15329.323684993824,59240.73883173471,0.0,-5133.0,931.062276905367,-133.6240821020757,0.0,0.0,1910.0,-50.6715,-56764.505526538
t321,11462.712650049378,0.0,-1830.0,221.95592723586827,-0.0,0.0,0.0,2671.613752248624,-39.019999999999996,-12487.262329533869,1633.731799672139,0.0,-240.0,14.465241204675461,-0.0,0.0,0.0,-242.22043973248435,-17.911,-1148.06560114433,330.84349999999995,0.0,-0.0,12.502809189175501,-4.571903850546142,0.0,0.0,542.2204397324844,-11.386,-869.6088450711137,3733.286702147281,0.0,-0.0,24.750436201043968,-15.629487147233302,0.0,0.0,-1940.0859124572512,-79.74457735813047,-1722.577161385709,643.3544999999999,0.0,-0.0,2.836972004257814,-1.7544969773543286,0.0,0.0,-437.2135846028488,-10.8,-196.4233904240546,15668.136917950278,1008.1682869186141,-5416.71103731869,15.108559455215792,-8.7,0.0,0.0,-10131.6613156573,-69.4125,-1064.9289113481175,1971.7158563968405,0.0,-1714.6206406276913,28.01750858996968,-17.704312674239514,0.0,0.0,1726.9893100755153,-102.46132700112683,-1891.9363947592676,5004.749942250895,0.0,-0.0,100.2608903853558,-66.0855852774361,0.0,0.0,2241.9715026418853,-20.67674964299636,-7260.2200003577045,516.1955999999999,0.0,-0.0,34.14551342224272,-13.79104901725859,0.0,0.0,1738.3862477513758,-30.871000000000002,-2244.0653121563596,16458.56029867669,0.0,-2210.581990288375,278.84745991894584,-161.5,0.0,0.0,1920.0,-19.512,-16265.81376830726,64368.962670436624,0.0,-5133.0,772.5948893133962,-1476.9611863455102,0.0,0.0,1910.0,-50.6715,-60390.92487340451
t322,10290.051122076737,1364.0654564747524,-465.9345435252475,193.67179758989658,-627.622507768217,0.0,0.0,2571.6943984928557,-39.019999999999996,-13286.905723340775,1734.9582603718907,0.0,-240.0,13.955136405035383,-4.527080037656551,0.0,0.0,-283.69339758295496,-17.911,-1202.781919156315,331.07649999999995,0.0,-0.0,10.589149687784175,-3.3264814209886833,0.0,0.0,583.693397582955,-11.386,-910.6465658497506,3846.473243717691,0.0,-0.0,20.954222401824886,-10.43960625263334,0.0,0.0,-1972.5921100303608,-79.74457735813047,-1804.6511724783916,621.2315028138406,0.0,-0.0,2.4084625760964364,-0.0,0.0,0.0,-406.6442669845862,-10.8,-206.19569840535084,14418.806549652645,1845.3341243570044,-4579.5451998803,12.796165463287124,-3.7440962032947955,0.0,0.0,-10507.525184975675,-69.4125,-1116.7098584136681,2012.818006598638,0.0,-1714.6206406276913,20.752221903956762,-11.812398512153925,0.0,0.0,1777.1666007436424,-102.46132700112683,-1981.8424631052658,5027.2316768455985,0.0,-0.0,61.64372145974587,-24.917605766755024,0.0,0.0,2569.5949612469794,-20.67674964299636,-7612.876004142571,513.5845999999999,0.0,-0.0,27.625809430021715,-0.0,0.0,0.0,1838.3056015071443,-30.871000000000002,-2348.645010937166,16366.8021238197,0.0,-1490.0,236.33046058803694,-62.664848412098365,0.0,0.0,1920.0,-19.512,-16950.955735995638,65510.83173698718,410.1927756598925,-4722.8072243401075,807.6117571282962,-671.0,0.0,0.0,1910.0,-50.6715,-63194.15754543526
t323,12986.228055030886,0.0,-1830.0,191.3391233380867,-0.0,0.0,0.0,2529.267177157123,-39.019999999999996,-13837.814355526094,1828.2717421073917,0.0,-240.0,15.296940286608136,-9.5,0.0,0.0,-333.31560183605325,-17.911,-1242.842080557947,331.23969999999997,0.0,-0.0,11.60804567925952,-23.841035376568176,0.0,0.0,633.3156018360532,-11.386,-940.9363121387445,3208.050499685946,0.0,-0.0,22.965970040385233,-6.154089161737425,0.0,0.0,-1279.888193969187,-79.74457735813047,-1865.2296092372765,554.0316828138406,0.0,-0.0,2.643427458420596,-4.166945808098563,0.0,0.0,-328.6718504719044,-10.8,-213.0363139922582,15940.962437493734,0.0,-6424.879324237304,12.179877655556973,-0.0,0.0,0.0,-8305.014670451319,-69.4125,-1153.8358204606668,1649.9745400669321,1714.6206406276913,-0.0,25.99400778312869,-0.0,0.0,0.0,-1240.8103268585128,-102.46132700112683,-2047.3175346181124,5443.164439179349,0.0,-0.0,93.03997362121129,-265.0,0.0,0.0,2614.385041750923,-20.67674964299636,-7864.912704908487,605.7155999999999,0.0,-0.0,31.691598246441224,-60.43358115715705,0.0,0.0,1880.7328228428769,-30.870999999999995,-2426.8354399321606,16989.569195766286,0.0,-1490.0,259.8159203158255,-59.68228605881274,0.0,0.0,1920.0,-19.512,-17600.190830023297,68378.00632797908,0.0,-5133.0,841.6017711878383,-256.4048129403184,0.0,0.0,1910.0,-50.6715,-65689.53178622661
t324,13734.665350245643,0.0,-1830.0,252.7429928345088,-214.3329873402136,0.0,0.0,2445.8028254681017,-39.019999999999996,-14349.858181208037,1841.7129686061194,0.0,-240.0,17.668110044669813,-3.758347903332243,0.0,0.0,-328.4885682908741,-17.911000000000012,-1269.2231624565827,331.15229999999997,0.0,-0.0,12.22321564722121,-0.0,0.0,0.0,628.4885682908741,-11.386000000000013,-960.4780839380953,3868.883524966905,0.0,-0.0,24.168105168460766,-0.0,0.0,0.0,-1909.9716526754983,-79.74457735813047,-1903.3354001017362,486.8318628138406,0.0,-0.0,1.465477376709388,-0.0,0.0,0.0,-260.55210300577323,-10.8,-216.9452371847767,18362.144879098876,570.123432090068,-5854.755892147236,16.203105119266688,-47.01922767062186,0.0,0.0,-11800.0,-69.4125,-1177.2837964903501,1898.3246695222601,0.0,-1714.6206406276913,29.141104325028618,-16.2,0.0,0.0,1996.1322828259872,-102.46132700112683,-2090.316089044459,4637.169159178781,0.0,-0.0,107.44942050194442,-131.25744942971215,0.0,0.0,3434.391472855284,-20.67674964299636,-8027.075853463301,510.9735999999999,0.0,-0.0,33.359444247009705,-0.0,0.0,0.0,1964.1971745318983,-30.871000000000002,-2477.6592187789074,16897.20403876728,0.0,-459.0583520006608,296.56411529385275,-703.1110046867099,0.0,0.0,1920.0,-19.512,-17932.08679737376,71695.74425247037,457.06391486112886,-4675.936085138871,962.6317554370255,-2732.511419344287,0.0,0.0,1910.0,-50.6715,-67566.32091828539
t325,13906.75231974389,0.0,-1830.0,281.0449278149295,-122.2,0.0,0.0,2439.908881611601,-39.019999999999996,-14636.486129170416,1933.0771605585262,0.0,-240.0,3.399066416675729,-46.99906641667573,0.0,0.0,-351.5951499210182,-17.911,-1279.9710106375082,330.98915,0.0,-0.0,14.635193262511512,-16.561611935726514,0.0,0.0,651.5951499210182,-11.386,-969.2718812478032,3931.9543284049214,0.0,-0.0,28.943149266081278,-53.9617560434928,0.0,0.0,-1907.245527636981,-79.74457735813047,-1919.9456166323982,554.0256428138406,0.0,-0.0,3.3413216621401864,-1.205459253896079,0.0,0.0,-326.46180644104874,-10.8,-218.89969878103594,8947.301252398149,5258.179324237304,-1166.7,17.68570986726625,-0.0,0.0,0.0,-11800.0,-69.4125,-1187.0537865027181,2030.8177562422975,322.6391011573262,-1391.981539470365,32.756131883258455,-74.0,0.0,0.0,1290.1362839529384,-102.46132700112683,-2107.9064067643285,3793.3480812597754,0.0,-0.0,117.26174944267866,-0.0,0.0,0.0,4203.5710501250915,-20.67674964299636,-8093.504131184551,539.6945999999999,0.0,-0.0,39.94686836413213,-19.7,0.0,0.0,1970.091118388399,-30.870999999999995,-2499.161586752531,17481.745112362827,0.0,-1490.0,320.3173796357343,-106.75206259049347,0.0,0.0,1920.0,-19.512,-18105.798429408063,71085.93405655786,81.05907998321278,-3788.7692343847034,1049.006790394997,-1049.006790394997,0.0,0.0,1910.0,-50.6715,-69237.55240215639
t326,13000.779057597276,784.2594213797377,-1045.7405786202623,281.2084263590086,-682.9379225996109,0.0,0.0,2465.2199663528168,-39.019999999999996,-14763.768370468964,1893.809433747715,0.0,-240.0,19.202205804768823,-19.202205804768823,0.0,0.0,-345.1795749292812,-17.911,-1290.718858818434,330.95414999999997,0.0,-0.0,14.574051028344046,-2.2331859900816933,0.0,0.0,645.1795749292812,-11.386,-977.0885899675435,4019.4307105329112,0.0,-0.0,28.818816943195472,-0.0,0.0,0.0,-2031.949116954916,-79.74457735813047,-1936.5558331630602,621.2194228138405,0.0,-0.0,3.329815646728946,-7.6,0.0,0.0,-385.29507808327435,-10.8,-220.8541603772952,18369.565384152007,0.0,-6424.879324237304,13.636822608822374,-5.811262316093853,0.0,0.0,-10685.298344691108,-69.4125,-1197.800775516323,2060.414619953702,740.5048649837927,-974.1157756438986,6.192568779556927,-5.7963027315944,0.0,0.0,401.73531601709146,-102.4613270011269,-2126.473964357524,3946.601294874001,0.0,-0.0,116.7600248033578,-38.67495265538324,0.0,0.0,4160.807223712207,-20.676749642996437,-8164.816841091186,594.5255999999999,0.0,-0.0,12.22932107897196,-0.0,0.0,0.0,1944.7800336471832,-30.870999999999995,-2520.6639547261548,17704.522150713296,0.0,-1490.0,316.9454674524303,-43.214838853156074,0.0,0.0,1895.7733076598674,-19.115893580238833,-18364.910193392196,72347.33374516442,0.0,-3693.0,1047.719060236342,-854.0954037832427,0.0,0.0,1934.2266923401326,-50.275393580238834,-70731.90870037742
t327,12471.916643668785,784.2594213797377,-1045.7405786202623,309.7433793209588,-0.0,0.0,0.0,2407.9485056931253,-39.019999999999996,-14889.107371442344,1943.2573274076976,0.0,-240.0,20.917199893928956,-20.917199893928956,0.0,0.0,-387.787928837766,-17.911,-1297.558398569932,331.17035,0.0,-0.0,9.27316613667282,-34.87141205705758,0.0,0.0,687.787928837766,-11.386,-981.9740329173812,3816.0312054969568,0.0,-0.0,10.679876126703437,-0.0,0.0,0.0,-1801.617027056825,-79.74457735813047,-1945.349477208705,554.0196028138406,0.0,-0.0,3.6323487919742985,-8.096263553351488,0.0,0.0,-316.9242968770386,-10.8,-221.8313911754248,17900.535141160573,0.0,-6424.879324237304,19.1862544892098,-40.0,0.0,0.0,-10181.766801888733,-69.4125,-1203.662769523744,2043.4727752221331,1248.2191282998638,-466.4015123278275,35.52040389753688,-0.0,0.0,0.0,-622.1031049997946,-102.4613270011269,-2136.2463630907846,3730.206290401864,0.0,-0.0,127.17351872226183,-14.245105292171358,0.0,0.0,4382.411230822391,-20.676749642996437,-8204.86918501135,614.2946,0.0,-0.0,43.32766976917017,-96.41024500064019,0.0,0.0,2002.0514943068747,-30.870999999999995,-2532.392519075404,18433.942021669598,0.0,-1490.0,340.3934541008509,-402.10082931450637,0.0,0.0,1569.2367715168848,-13.777021214301067,-18437.694396758525,73716.36243379436,0.0,-3693.0,1124.1436406829641,-1317.7672971360635,0.0,0.0,2260.763228483115,-44.93652121430107,-72045.5654846101
t328,12473.945032871856,784.2594213797377,-1045.7405786202623,410.6661646080166,-39.54851491085245,0.0,0.0,2366.8931098532867,-39.019999999999996,-14911.454635181783,1879.285689868273,0.0,-240.0,27.861269473741785,-2.8761633856544355,0.0,0.0,-347.82432027907134,-17.911,-1298.535475677289,331.00894999999997,0.0,-0.0,21.147879815122415,-5.644028586844813,0.0,0.0,647.8243202790713,-11.386,-982.9511215073488,3984.607937969437,0.0,-0.0,41.80704191264243,-69.83535550807892,0.0,0.0,-1928.554355125284,-79.74457735813047,-1948.2806918905865,621.2133828138406,0.0,-0.0,4.839608443609753,-4.355201978657426,0.0,0.0,-388.0891673052385,-10.8,-222.80862197355444,17441.8099900547,1015.7827634386324,-5409.096560798672,25.556075830322623,-0.0,0.0,0.0,-11800.0,-69.4125,-1204.6397685249806,2020.685503728984,419.06601587489604,-1295.5546247527952,47.31052946035935,-87.91496106370566,0.0,0.0,1138.0469464641528,-102.4613270011269,-2139.1780827107627,3907.905433823514,0.0,-0.0,169.38847531154363,-282.5294589504623,0.0,0.0,4438.5965759663695,-20.676749642996437,-8212.68427650797,467.3325999999999,0.0,-0.0,57.710930740878894,-0.0,0.0,0.0,2043.1068901467133,-30.870999999999995,-2537.279420887591,18377.43937972335,0.0,-640.0117382116838,449.61166777394897,-885.931280492785,0.0,0.0,1320.0,-9.702,-18611.40602879283,74933.4579194982,0.0,-3693.0,1486.5983325025366,-1466.9687164199293,0.0,0.0,2510.0,-40.8615,-73729.22603558082
t329,11548.09171415803,1568.5188427594744,-261.4811572405255,491.78889017044776,-740.2942941774946,0.0,0.0,2297.2128717078053,-39.019999999999996,-14864.816867377735,1960.6498673093106,0.0,-240.0,25.129926788922084,-46.26133927461895,0.0,0.0,-375.25536228746955,-17.911,-1306.352092536144,330.80075,0.0,-0.0,27.243540759684457,-33.1,0.0,0.0,675.2553622874696,-11.386,-988.813653047154,3889.3314836584727,0.0,-0.0,4.006015960742202,-68.91822116887825,0.0,0.0,-1785.6462220347216,-79.74457735813047,-1959.0284790574854,688.4071628138405,0.0,-0.0,6.240418781128599,-0.393647123790573,0.0,0.0,-459.66808169949456,-10.8,-223.78585277168406,16898.98530585172,876.4777461151398,-5548.401578122164,32.92245396248006,-42.14045623561124,0.0,0.0,-10936.952210037925,-69.4125,-1211.4787615336384,1979.875596697925,0.0,-1714.6206406276913,60.93595463309705,-78.53828381566599,0.0,0.0,2006.6909011774624,-102.4613270011269,-2151.8822010640015,5837.856441043664,0.0,-0.0,86.08591114453674,-281.2201625263618,0.0,0.0,2635.575612594678,-20.676749642996437,-8257.62105261352,490.83159999999987,0.0,-0.0,74.33917824363121,-95.14678021167143,0.0,0.0,2112.7871282921947,-30.870999999999995,-2551.940126324153,18646.250283311358,0.0,-805.6992478597742,571.9418185600892,-882.3571986261268,0.0,0.0,1320.0,-9.702,-18840.433655385546,72819.96538994496,0.0,-0.0,1915.6988597044397,-1935.328475787047,0.0,0.0,2510.0,-40.8615,-75269.47427386238
t330,14351.593843376291,0.0,-1830.0,616.968471377918,-472.5887094333271,0.0,0.0,2230.0903007561774,-39.019999999999996,-14857.04390607706,1948.4091197636183,0.0,-240.0,43.39351426267447,-47.24720786506496,0.0,0.0,-380.29233362508376,-17.911,-1306.352092536144,330.5318,0.0,-0.0,30.41365177861016,-40.06104376657222,0.0,0.0,680.2923336250838,-11.386,-989.7907416371216,4012.169019653225,0.0,-0.0,65.10946722488048,-53.123593469742204,0.0,0.0,-1984.4047654321218,-79.74457735813047,-1960.0055506181125,718.7954628896196,0.0,-0.0,4.783566808660581,-8.084406464952325,0.0,0.0,-480.90877046164377,-10.8,-223.78585277168406,15364.600814176989,925.6165237378467,-5499.262800499458,39.804575853375304,-42.63396015317827,0.0,0.0,-9507.233891581935,-69.4125,-1211.4787615336384,1844.471979250835,785.9916108249989,-928.6290298026923,73.67877657356873,-80.2194492014792,0.0,0.0,561.004120166549,-102.4613270011269,-2153.836680810654,5303.161061661292,0.0,-0.0,263.8060931406725,-159.2357734175219,0.0,0.0,2871.543307309151,-20.676749642996437,-8258.597939050596,507.6165999999999,0.0,-0.0,7.563157362292595,-109.34618919464897,0.0,0.0,2179.9096992438226,-30.870999999999995,-2554.872267411465,17062.113366220576,571.861085967598,-0.0,682.5557950473267,-682.5557950473267,0.0,0.0,1320.0,-9.702,-18944.272452188176,71433.18119699469,1995.3005064462022,-0.0,2314.234234198577,-2314.234234198577,0.0,0.0,2510.0,-40.8615,-75897.62020344089
t331,12152.063834442628,784.2594213797377,-1045.7405786202623,498.7674572474913,-79.04925533428421,0.0,0.0,2351.6025677789257,-39.019999999999996,-14622.883446894235,1851.7742401373887,7.011481726303742,-232.98851827369626,34.98094849937789,-34.98094849937789,0.0,0.0,-340.6171953481278,-17.911,-1267.269008241869,330.2698,0.0,-0.0,26.550331168459643,-26.550331168459643,0.0,0.0,640.6171953481278,-11.386,-959.5009953481277,3669.9464007064485,0.0,-0.0,52.49736203062986,-72.81863452702174,0.0,0.0,-1669.4763654320711,-79.74457735813047,-1900.404185419855,841.8297928896195,0.0,-0.0,5.776014410210819,-9.2,0.0,0.0,-610.6605701150537,-10.8,-216.9452371847767,10790.103234561948,2410.3785637101682,-4014.5007605271358,30.493786093406946,-48.7,0.0,0.0,-7923.03252535051,-69.4125,-1175.3297984878766,1505.5096226953729,785.9916108249989,-928.6290298026923,59.41083846903091,-82.40432722641623,0.0,0.0,849.9669814653143,-102.46132700112683,-2087.384369424481,7318.605828218507,0.0,-0.0,212.69614047284605,-317.2664601959966,0.0,0.0,813.2024794323199,-20.67674964299636,-8006.56123828468,376.6935999999999,0.0,-0.0,72.46180619539614,-0.0,0.0,0.0,2058.3974322210743,-30.870999999999995,-2476.68183841647,15719.348086191832,1640.534307469615,-0.0,550.4758401910071,-69.31304029130128,0.0,0.0,720.0,-19.512,-18541.533193561154,66986.09077828712,4158.681464133764,-0.0,1961.7730876083833,-1786.5119769242792,0.0,0.0,3110.0,-50.6715,-74379.361853105
t332,12365.784661250125,784.2594213797377,-1045.7405786202623,293.998041687523,-497.097490790442,0.0,0.0,2287.520372808981,-39.019999999999996,-14149.704427715664,1778.5031279915772,240.0,-0.0,20.64371316040218,-0.0,0.0,0.0,-796.9582256338131,-17.911,-1224.2776155181664,330.21779999999995,0.0,-0.0,13.446997731464592,-3.1524627026517527,0.0,0.0,597.1536482604184,-11.386,-926.2799832892313,3393.261377747371,0.0,-0.0,30.987461842705024,-0.0,0.0,0.0,-1508.586799813484,-79.74457735813047,-1835.9174624184614,900.0593228896196,0.0,-0.0,3.5739423265250285,-0.0,0.0,0.0,-683.705874416405,-10.8,-209.1273907997397,5270.652969594027,5219.3722250773535,-1205.507099159951,18.932357656594114,-3.8092257657042006,0.0,0.0,-8094.95588796515,-69.4125,-1135.2728394371675,1026.5003096697171,785.9916108249989,-928.6290298026923,35.07083507911278,-0.0,0.0,0.0,1199.5734599016691,-102.46132700112683,-2016.0458586716782,6591.434053676176,0.0,-0.0,125.54180301097021,-0.0,0.0,0.0,1047.4796796667656,-20.67674964299636,-7743.7787867109155,351.7025999999999,0.0,-0.0,36.68375896851984,-90.3,0.0,0.0,2122.479627191019,-30.870999999999995,-2389.694986159538,14625.070803811552,2385.66017838813,-0.0,330.16522908808156,-59.80415562490127,0.0,0.0,720.0,-19.512,-17981.58005566286,62186.21568940313,5133.0,-0.0,1228.179618378156,-0.0,0.0,0.0,3110.0,-50.6715,-71606.72380778128
t333,11807.75761773213,1830.0,-0.0,187.5749625125655,-53.99455602150233,0.0,0.0,71.48962561245094,-39.019999999999996,-13803.807649835642,1627.4150305133273,240.0,-0.0,16.93798505869537,-8.267381746649928,0.0,0.0,-652.4614833469875,-17.911,-1205.7131504783856,329.929,0.0,-0.0,12.853626808456498,-0.0,0.0,0.0,582.1812048111967,-11.386,-913.5778316196532,2856.9696200653225,0.0,-0.0,25.42859802145,-12.444585155483574,0.0,0.0,-980.6725252916299,-79.74457735813047,-1809.5365302815276,993.0411328896197,0.0,-0.0,2.928293791188678,-0.7005472672559451,0.0,0.0,-778.2731810082015,-10.8,-206.19569840535084,2092.0164400000003,6424.879324237304,-0.0,15.532691845263317,-0.0,0.0,0.0,-7344.3520996664265,-69.4125,-1118.6638564161417,610.4454954175694,1217.6526597534207,-496.96798087427055,28.780882823891694,-14.098061504813558,0.0,0.0,742.3997539839006,-102.4613270011269,-1985.7514225985701,5113.676678540158,0.0,-0.0,103.01759075025589,-50.38751611905587,0.0,0.0,2485.8068429186765,-20.676749642996437,-7631.436846447038,351.7025999999999,0.0,-0.0,35.09088825860322,-46.27243749627062,0.0,0.0,2043.8818619870203,-30.871000000000002,-2353.5319127493526,13736.338568301448,3069.162593999997,-0.0,277.61786020500307,-0.0,0.0,0.0,720.0,-19.512,-17783.607022506447,60620.302632804014,5133.0,-0.0,918.0900016177981,-671.0,0.0,0.0,3110.0,-50.6715,-69059.72113442182
t334,12594.394288095351,1393.8420174306643,-436.15798256933556,205.37648064987619,-637.3458759829476,0.0,0.0,700.3714584725925,-39.019999999999996,-13781.460386096202,1823.4276805133275,240.0,-0.0,14.360736917516984,-39.42811794422124,0.0,0.0,-815.7132261155941,-17.911,-1204.7360733710289,329.929,0.0,-0.0,10.896868295333103,-0.0,0.0,0.0,583.1608747343525,-11.386,-912.6007430296856,3057.742500065322,0.0,-0.0,17.740919384818874,-0.0,0.0,0.0,-1188.1564549317372,-79.74457735813047,-1807.5823871602731,1000.29016,0.0,-0.0,2.034020216293449,-0.0,0.0,0.0,-785.3284818109425,-10.8,-206.19569840535084,2069.1911000000005,6424.879324237304,-0.0,10.830071819064907,-0.0,0.0,0.0,-7317.801138641465,-69.4125,-1117.686857414905,610.4422954175694,1714.6206406276913,-0.0,20.08257267809146,-0.0,0.0,0.0,-258.88723887030665,-102.4613270011269,-1983.796942851918,4340.4707519266485,0.0,-0.0,71.86657533335845,-0.0,0.0,0.0,3235.8687230817186,-20.676749642996437,-7627.5293006987295,351.7025999999999,0.0,-0.0,29.75350648386984,-16.47081890321113,0.0,0.0,2016.4854840813819,-30.870999999999995,-2350.5997716620404,14172.073166156204,2716.260472972466,-0.0,237.56431673903066,-124.2972411315427,0.0,0.0,720.0,-19.512,-17702.088714736157,60426.32826156499,3693.0,-0.0,829.3740798029996,-0.0,0.0,0.0,3110.0,-50.6715,-68008.030841368
t335,12425.842900974863,1482.9238746441326,-347.07612535586736,157.2701586055142,-0.0,0.0,0.0,-360.0,-39.019999999999996,-13319.940808868643,1624.1763805133273,240.0,-0.0,10.687776779414412,-8.214471313861488,0.0,0.0,-709.4667788007625,-17.911,-1139.271907178118,329.90045,0.0,-0.0,8.108808822493383,-7.2,0.0,0.0,542.36887752888,-11.386,-861.7921363513734,2885.3720466855784,0.0,-0.0,16.052546936848554,-77.76494103033887,0.0,0.0,-1035.0169156970296,-79.74457735813047,-1708.8981595369285,949.6712699999999,0.0,-0.0,1.8396347077631872,-1.6,0.0,0.0,-744.6419758799676,-10.8,-194.46892882779534,2075.3731811781067,5831.452585621248,-593.4267386160564,9.798786218703901,-8.7,0.0,0.0,-6187.972395063779,-69.4125,-1057.112919338223,610.4422954175694,1714.6206406276913,-0.0,18.171606216828785,-14.007835293111167,0.0,0.0,-352.4193029284552,-102.4613270011269,-1874.3460770393983,4076.596373700883,0.0,-0.0,65.02658797947977,-50.06504095500843,0.0,0.0,3139.51762098441,-20.67674964299636,-7210.398792066768,351.7025999999999,0.0,-0.0,22.145713601157745,-0.0,0.0,0.0,1877.630869856704,-30.871000000000066,-2220.6081834578613,13834.972622303454,1735.9627809486274,-0.0,173.68095581770677,-58.95404119686022,0.0,0.0,720.0,-19.512,-16386.150317872925,56912.75505110472,3693.0,-0.0,628.2675368253194,-538.9294409224917,0.0,0.0,3110.0,-50.6715,-63754.42164700757
t336,13242.732910745286,1830.0,-0.0,108.38949725225365,-800.1733216925672,0.0,0.0,-2262.7472250565284,-39.019999999999996,-12079.181861248448,1492.3943463956984,240.0,-0.0,7.334955669065289,-6.720240911296288,0.0,0.0,-672.55678760368,-17.911,-1042.5412735497873,329.90045,0.0,-0.0,5.565107803613383,-32.81479196978103,0.0,0.0,498.2228148599429,-11.386,-789.4875806937752,2898.997956685578,0.0,-0.0,11.016427127042993,-0.0,0.0,0.0,-1265.9782378903838,-79.74457735813047,-1564.2915685641067,896.2449999999999,0.0,-0.0,1.2629076665315917,-0.0,0.0,0.0,-707.8746716088101,-10.8,-178.83323605772134,2052.547841178107,4114.529291740644,-2310.3500324966603,6.724952144122907,-0.0,0.0,0.0,-2826.8105413417766,-69.4125,-967.229011224437,610.4390954175694,1714.6206406276913,-0.0,12.470548075861998,-0.0,0.0,0.0,-520.0129794327443,-102.4613270011269,-1715.0559776872494,4359.7756707172575,0.0,-0.0,44.626274477900814,-0.0,0.0,0.0,2219.0502326525907,-20.67674964299636,-6602.775428204753,351.7025999999999,0.0,-0.0,15.198301845374306,-13.740904121765897,0.0,0.0,1708.7073954213893,-30.871000000000066,-2030.996393144998,13174.364240896417,1744.8351801672195,-0.0,121.50052158353778,-751.5238733628862,0.0,0.0,720.0,-19.512,-14989.664069284287,50354.32507995943,5133.0,-0.0,433.1805520948824,-948.5198434287537,0.0,0.0,3110.0,-50.6715,-58031.31428862557
t337,10604.138732642612,0.0,-0.0,124.70867717927695,-32.109570725318946,0.0,0.0,3560.0,-39.019999999999996,-14217.717839096567,1400.6355500000002,20.914963610223946,-0.0,8.008625018654138,-0.0,0.0,0.0,-196.19439151755475,-2.2475918416591356,-1231.1171552696644,619.1514999999999,0.0,-0.0,6.077728447577948,-0.0,0.0,0.0,307.7441957098754,-0.8309093284166637,-932.1425148290366,4110.331218342789,0.0,-0.0,12.022043924495678,-0.0,0.0,0.0,-2248.355414498228,-27.33259818369691,-1846.6652495853602,910.2106599999998,0.0,-0.0,1.385806375960212,-0.0,0.0,0.0,-695.8178435360926,-4.696770443868625,-211.08185239599894,2023.6906128935418,2501.2868752620366,-0.0,7.344521875081849,-0.0,0.0,0.0,-3365.731571592689,-26.432603994619775,-1140.1578344433515,828.8762770878477,0.0,-0.0,13.606488901581812,-0.0,0.0,0.0,1246.447679139544,-54.317028864100266,-2034.6134162648736,8015.660256253529,0.0,-0.0,48.70526600411823,-305.83195810665745,0.0,0.0,-9.846713143145124,-0.023632111543548297,-7748.663218896301,351.7025999999999,0.0,-0.0,16.591140276832068,-64.26898739213463,0.0,0.0,2141.0293057294753,-23.105520494198053,-2421.9485381199734,17228.651965191955,0.0,-0.0,139.14471930068356,-585.3697935626342,0.0,0.0,147.6973082788271,-13.134424784150621,-16916.989774424685,60417.05879828524,0.0,-0.0,496.728440997696,-0.0,0.0,0.0,-886.9725545700128,-14.49831680778643,-60012.316367905136
t338,12195.553431825654,0.0,-0.0,49.0639032538059,-416.8781175088572,0.0,0.0,1191.7707216213196,-10.487582350267614,-13009.022356841655,1387.1511660659498,0.0,-0.0,3.2429549486204587,-25.549660577046616,0.0,0.0,-195.3785022004713,-3.812969160298292,-1165.6529890767538,619.1514999999999,0.0,-0.0,2.461081043563289,-19.39365531741341,0.0,0.0,281.79848646551403,-1.7064154509719165,-882.3109967406918,4028.0945100000004,0.0,-0.0,4.8680810361361395,-38.336792116609345,0.0,0.0,-2185.5766451051213,-60.091060291763185,-1748.9580935226427,920.9988099999999,0.0,-0.0,0.5612019560800338,-4.439842186578682,0.0,0.0,-712.9526565195508,-4.812430431506968,-199.35508281844346,2016.5152800000003,1166.8208608950408,-0.0,2.9740499267253253,-23.43621848779193,0.0,0.0,-2049.4789757104413,-32.83410125562721,-1080.5608953679064,828.8762770878477,0.0,-0.0,5.509654452173298,-43.38283682959786,0.0,0.0,1180.7899268120884,-46.63047107015769,-1925.162550452354,3839.8752142328503,0.0,-0.0,19.7222359838839,-38.14536147844541,0.0,0.0,3537.384172287836,-11.673367768549857,-7347.162893257575,351.7025999999999,0.0,-0.0,6.718277802362936,-52.921963231182374,0.0,0.0,1994.9841999044772,-12.435686009613132,-2288.0474284660445,17092.348397305603,0.0,-0.0,56.140602073284185,-486.0321645619712,0.0,0.0,-767.0532613310643,-18.7426791772371,-15876.66089430862,60242.17173675648,0.0,-0.0,213.9106517361346,-1654.5537580143791,0.0,0.0,-2276.2874662245863,-39.911606417193866,-56485.32955783644
t339,11427.127937985546,0.0,-0.0,35.892016589320534,-645.1233396912228,0.0,0.0,1366.586745331819,-12.025963358920007,-12172.457396856544,1392.0584,0.0,-0.0,2.402215580098799,-22.24065510709282,0.0,0.0,-251.29342493674542,-1.1961705052799223,-1119.7303650309805,619.1514999999999,0.0,-0.0,1.8233729665922642,-16.882320097287142,0.0,0.0,244.97926300020194,-0.9589197776792739,-848.1128960918278,4004.5358800000004,0.0,-0.0,3.6046700076809848,-33.370089057153734,0.0,0.0,-2235.7699238884816,-59.41452434393287,-1679.5860127181134,906.1396599999999,0.0,-0.0,0.41722758020988365,-3.866618960183471,0.0,0.0,-706.3849338829102,-4.768098303709644,-191.53723643340646,2016.5152800000003,0.0,-0.0,2.2034474526033505,-20.40143021309901,0.0,0.0,-934.0590401826335,-26.685317743383944,-1037.572939313487,828.8762770878477,0.0,-0.0,4.079205726135048,-37.76176932691353,0.0,0.0,1087.7615268204945,-34.994639847969424,-1847.9606004595946,4799.15301892643,0.0,-0.0,14.604909220544322,-135.20728374348184,0.0,0.0,2395.173025961523,-7.904070985673025,-7065.819599379342,351.7025999999999,0.0,-0.0,4.975891856103742,-46.06711084990579,0.0,0.0,1896.6222330722326,-12.037320043942543,-2195.196294034488,17032.62832217514,0.0,-92.0483455803853,42.28853818855442,-423.79980241257897,0.0,0.0,-1320.0,-9.702,-15229.366712370731,58362.19487645258,0.0,-0.0,141.4871407213182,-2682.424567422777,0.0,0.0,-1543.6154712955006,-28.588416485452857,-54249.05356197016
t340,9686.740733928838,0.0,-0.0,25.065712365222797,-0.0,0.0,0.0,1924.0020636253262,-18.146225898497843,-11617.66228402089,1387.5598000000005,0.0,-0.0,1.707711149871312,-16.95612024810599,0.0,0.0,-282.1087226476995,-0.7616935511487888,-1089.4409747029174,619.1514999999999,0.0,-0.0,1.2962428093387641,-12.871763874136006,0.0,0.0,218.15227766223384,-1.0654866648297507,-824.6627699326068,3961.3619100000005,0.0,-0.0,2.562420741181526,-25.43782898536444,0.0,0.0,-2262.3393615831897,-42.4834908039916,-1633.663649368636,880.7637599999999,0.0,-0.0,0.29671854908127376,-2.951570219293107,0.0,0.0,-686.8217788795926,-4.6360470074372495,-186.65108244275834,2016.5152800000003,0.0,-0.0,1.5664410865173963,-15.554935522583614,0.0,0.0,-972.9767538149125,-20.310063471401914,-1009.2399682776196,828.8762770878477,0.0,-0.0,2.899709444443755,-28.78429280451113,0.0,0.0,1022.4850194234186,-30.287065851211906,-1795.189647299987,5648.270255340982,0.0,-0.0,10.38215578414418,-103.07060305644497,0.0,0.0,1326.0747556484018,-4.376046693639726,-6877.280517023444,351.7025999999999,0.0,-0.0,3.5372613023806183,-35.11962703501299,0.0,0.0,1823.2866471295613,-11.740310920874723,-2131.666570476054,17075.275713732834,0.0,-354.7708990709102,30.088644829851347,-612.7026706008683,0.0,0.0,-1320.0,-9.702,-14808.188788890906,54419.568745928525,0.0,-0.0,100.59763913088378,-1028.8678879195209,0.0,0.0,-789.7541465635472,-14.728914833410157,-52686.81543574294
t341,10687.604790537081,0.0,-0.0,5.5044607790215245,-196.7575061115761,0.0,0.0,743.0881299767594,-6.5391755437954835,-11232.900699637492,1359.8637499999998,0.0,-0.0,0.3875907912206632,-18.413255239749056,0.0,0.0,-266.4244703213892,-2.582951352231785,-1072.8306638778504,619.1514999999999,0.0,-0.0,0.2941316191648994,-13.978218002533525,0.0,0.0,208.29556609403738,-0.8252728576724568,-812.9377068529963,3998.3681700000006,0.0,-0.0,0.5818688843606493,-27.484514717579383,0.0,0.0,-2337.8666899207888,-23.38490233240902,-1610.213931913584,869.9756099999998,0.0,-0.0,0.06702143059242886,-3.191200290793424,0.0,0.0,-678.5518163311939,-4.580224760235558,-183.71939004836946,2006.8219000000004,0.0,-0.0,0.3554373156519088,-16.892057706660985,0.0,0.0,-986.819227657877,-7.904069690809742,-995.5619822603044,828.8762770878477,0.0,-0.0,0.6585726987683058,-31.099547795732445,0.0,0.0,996.6963704787607,-27.30474162278689,-1767.826930846857,5692.955665032911,0.0,-0.0,2.357306378224582,-111.36500616233336,0.0,0.0,1204.503200814998,-3.9748605626894933,-6784.476305501111,352.4485999999999,0.0,-0.0,0.8029765636321213,-37.946844051070485,0.0,0.0,1792.2552304736837,-10.101705195501617,-2097.458257790744,16790.002334756013,0.0,-1303.4491498082311,6.687799114969301,-2.5401822608192273,0.0,0.0,-861.5368218433938,-6.332295640548944,-14622.831684317987,51653.639706911476,0.0,-0.0,30.36510684347484,-18.71103364449596,0.0,0.0,186.36052823640344,-2.3667787086023235,-51849.28752963825
t342,10503.65007564876,0.0,-0.0,20.2299831804263,-99.28362224881153,0.0,0.0,615.5102400019279,-5.416490112016966,-11034.690186470289,1346.81815,0.0,-0.0,1.4837180853393133,0.09171253063436158,0.0,0.0,-278.63856643294764,-2.7868129493169373,-1066.9682012337091,619.1514999999999,0.0,-0.0,1.1256581601733302,0.06950844427025293,0.0,0.0,188.4465796991879,-0.7409824004729354,-808.0522639031585,3929.4111500000004,0.0,-0.0,2.2286311696291654,-0.0,0.0,0.0,-2306.7970804862002,-23.422412815490333,-1601.4202878679394,881.82251,0.0,-0.0,0.25521147287874413,-0.0,0.0,0.0,-694.6466970177688,-4.6888652048699395,-182.74215925023984,2028.8303141344493,0.0,-0.0,1.360256615769217,0.08398937015988894,0.0,0.0,-1032.8211407115043,-7.753431155990594,-989.6999882528835,819.270520753792,0.0,-61.50430446295945,2.522888226575462,-0.0,0.0,0.0,1026.8936664282269,-29.128238832038996,-1758.0545321135962,5899.562559448528,0.0,-0.0,9.027733797977088,-0.0,0.0,0.0,843.5016559845752,-2.783555464749098,-6749.308393766332,360.2815999999999,0.0,-0.0,3.074428889835141,-0.0,0.0,0.0,1730.3559426100624,-7.98227805840293,-2085.7296934414944,16856.893902073974,0.0,-1958.8251590579357,25.09790460020053,-0.0,0.0,0.0,-295.2534820703571,-2.1701130932171244,-14625.74305245264,51571.337442485186,0.0,-0.0,85.68974472095974,-0.0,0.0,0.0,203.44888199479786,-2.5838008013339326,-51857.8922683996
t343,13750.738708858524,0.0,-1830.0,45.05307184503572,-40.39715872822502,0.0,0.0,-1031.8997001194589,-13.292341236499208,-10880.202580619378,1398.6753624013886,0.0,-0.0,3.417019519930614,-2.5497184395847796,0.0,0.0,-321.9520411886624,-14.53072948879061,-1063.0598928042816,619.3928999999999,0.0,-0.0,2.5920593483709484,-1.9356807419783486,0.0,0.0,190.04882012563712,-5.954189188741241,-804.1439095432884,4269.199850273768,0.0,-0.0,5.133978196945919,-3.962629152858359,0.0,0.0,-2635.156071049332,-40.6343413249741,-1594.5807869435491,700.8059599999998,0.0,-0.0,0.5861706697117605,-0.4444463335056037,0.0,0.0,-515.7017689437257,-3.4809869403701486,-181.7649284521102,8723.194475897613,0.0,-3118.3263980341158,3.132244851498729,-2.3391912289768655,0.0,0.0,-4594.141944349724,-25.727194888358454,-985.7919922479363,1390.226294058574,0.0,-1714.6206406276913,5.812395701077644,-4.48389777321526,0.0,0.0,2122.52153000363,-47.264588488736024,-1752.19109287364,5400.380283512521,0.0,-0.0,20.79547895569157,-16.056105631311645,0.0,0.0,1312.3747755167806,-4.330836759205376,-6713.163595594476,462.8565999999999,0.0,-0.0,7.081139208133128,-5.470907026099147,0.0,0.0,1643.9064000048556,-28.50782092001966,-2079.86541126687,17092.211083571343,0.0,-3070.0,57.52970972053267,-46.765119857064455,0.0,0.0,720.0,-19.512,-14733.463673434808,48869.93691289245,0.0,-0.0,206.84674212411835,-0.0,0.0,0.0,3110.0,-50.6715,-52136.11215501657
t344,14908.08930814198,0.0,-1830.0,95.3190215767496,-220.0262568473325,0.0,0.0,-1732.404403658445,-22.083675265913485,-11198.89399394704,1383.5450382034835,0.0,-240.0,7.461293819060078,-2.8183348873409964,0.0,0.0,-29.748263240036522,-15.3196796892519,-1103.1200542059137,619.6015,0.0,-0.0,5.658605600993861,-5.5979266857829835,0.0,0.0,224.04113634353234,-8.292570836493507,-835.4107444222498,4422.6260934663,0.0,-0.0,9.239581265747855,-16.11435460013311,0.0,0.0,-2721.841061762889,-39.72810622721799,-1654.1821521418067,635.1881599999997,0.0,-0.0,1.2738123488288349,-1.7110006094806092,0.0,0.0,-443.15413727373283,-2.9912904265976965,-188.6055440390176,12997.674047913531,0.0,-6424.879324237304,6.837760366234005,-4.002367371316831,0.0,0.0,-5522.761695880515,-30.927465496930882,-1021.940955293698,1748.6884659634525,0.0,-1714.6206406276913,12.700102388463868,-6.5134704674032875,0.0,0.0,1846.8761169794461,-64.5782104831508,-1822.5523637531169,4146.803592144299,0.0,-0.0,45.42577670362768,-99.48603987616548,0.0,0.0,2862.3650432899435,-9.445804642856812,-6945.662567618848,518.8065999999999,0.0,-0.0,13.177367303398615,-21.123367833345856,0.0,0.0,1686.627265202696,-28.680840424070915,-2168.807024248677,16876.730703312354,0.0,-3070.0,124.26398797924176,-277.9836599294757,0.0,0.0,1920.0,-19.512,-15553.499031362118,57306.92266955661,0.0,-4092.524140042463,466.24372737314195,-992.6195845236813,0.0,0.0,1910.0,-50.6715,-54547.35117236361
t345,14818.252353729731,0.0,-1830.0,132.02417157382487,-132.02417157382487,0.0,0.0,-699.819090808402,-9.097648180509227,-12279.335614740821,1446.3213321121316,0.0,-240.0,5.430503263203529,-19.053593078988005,0.0,0.0,-14.163375949396896,-0.17987487455734058,-1178.354991472393,619.8798999999999,0.0,-0.0,6.723924748585162,-1.2166440551997313,0.0,0.0,267.9675477990272,-1.2728458520453791,-892.0818826403672,4510.44512189039,0.0,-0.0,13.528118689781977,-0.0,0.0,0.0,-2726.418065235791,-30.032722169821255,-1767.5224531745591,606.1865458321862,0.0,-0.0,1.6963714903918516,-0.6065770964302146,0.0,0.0,-402.274214068354,-2.7153509449613895,-202.28677521283234,13709.324127880916,0.0,-6424.879324237304,9.058987483048245,-1.470111566699675,0.0,0.0,-6166.195102603867,-34.53069257458165,-1091.3078843815113,1940.5189436728988,0.0,-1714.6206406276913,16.808330500161297,-38.09832835263467,0.0,0.0,1815.95647436921,-71.94847214976366,-1948.6163074121796,3307.178542875099,0.0,-0.0,60.13880121649973,-60.13880121649973,0.0,0.0,4115.108052491561,-13.579856573222148,-7408.706738793438,533.3535999999999,0.0,-0.0,20.47866346657372,-30.947120290533913,0.0,0.0,1826.123016329309,-28.707179078868897,-2320.30098042648,18040.089313546672,0.0,-3070.0,168.6343033423401,-131.926402913171,0.0,0.0,1920.0,-19.512,-16907.285213975843,61503.72173945945,0.0,-1899.195559486906,628.6635403156581,-628.6635403156581,0.0,0.0,63.714757676704494,-22.104008143771626,-59646.13692950548
t346,15187.090240213274,0.0,-1830.0,213.19110951549914,-213.19110951549914,0.0,0.0,397.2441781150067,-12.710458898037917,-13741.623959430244,1696.28721970894,0.0,-0.0,15.252872033370036,-0.0,0.0,0.0,-432.9713374335822,-14.230977388929327,-1264.3377769197982,620.0825,0.0,-0.0,10.138969493657186,-7.2,0.0,0.0,339.38470095020136,-5.836440865633269,-956.5697295782252,4603.912213157519,0.0,-0.0,22.910488596226468,-14.3,0.0,0.0,-2652.166360184894,-64.83751395213173,-1895.518827616719,676.349745832186,0.0,-0.0,2.623858183496501,-0.0,0.0,0.0,-458.9305853795936,-3.097781451312257,-216.9452371847767,15088.075681170409,0.0,-3902.9669197798053,13.9837345391484,-8.97144794549202,0.0,0.0,-9963.440603568135,-57.212639935668115,-1169.4678044804557,1999.2896136676059,0.0,-1714.6206406276913,25.935388044384503,-25.935388044384503,0.0,0.0,1893.8457387561612,-85.26690313163681,-2093.247808664438,2930.9081600580093,0.0,-0.0,92.80593918925807,-92.80593918925807,0.0,0.0,5022.862243453621,-18.5218751335859,-7935.248528378045,497.5455999999999,0.0,-0.0,31.60554147480235,-31.60554147480235,0.0,0.0,2024.172025291216,-26.46555998843443,-2495.2520653027814,17904.555566614956,0.0,-1096.7613626101308,267.9339713039882,-304.64187173315736,0.0,0.0,1920.0,-19.512,-18671.574303575664,64667.8945862016,0.0,-1082.448313631171,960.434164192891,-960.434164192891,0.0,0.0,1910.0,-50.6715,-65444.77477257045
t347,14708.850978543214,0.0,-515.8449364679701,263.4474643563974,-263.4474643563974,0.0,0.0,993.0403113311594,-21.970475952694926,-15164.07587745371,1945.982117776727,0.0,-0.0,16.42421330090634,-9.5,0.0,0.0,-584.8565730281787,-13.820887252823917,-1354.2288707966309,620.2577,0.0,-0.0,13.617619111398781,-7.2,0.0,0.0,403.29910102536513,-5.008489260810553,-1024.9659308759533,4642.246791744583,0.0,-0.0,26.945827907571683,-55.55379234801162,0.0,0.0,-2517.5721540744285,-64.73489868581824,-2031.3317745438962,739.5178458321861,0.0,-0.0,3.0981730990713996,-0.749770004145365,0.0,0.0,-505.87069180259397,-3.4146271696675092,-232.5809299548507,16267.477865808249,0.0,-4212.034127913589,15.522124862706118,-11.190986658654275,0.0,0.0,-10743.186564363095,-64.07559215003363,-1252.5127195855841,2035.042756605104,0.0,-1559.6598745892588,30.499664890328447,-30.499664890328447,0.0,0.0,1853.7590563244694,-85.39918918366139,-2243.7427491566523,3457.2974698561907,0.0,-0.0,109.1608641680229,-109.1608641680229,0.0,0.0,5054.427825918462,-18.674611825530924,-8493.050683949123,488.9665999999999,0.0,-0.0,37.1811440480132,-37.1811440480132,0.0,0.0,2216.9596886688405,-28.881475952694927,-2677.044812716145,18445.07697966725,0.0,-0.0,254.30548509369044,-0.0,0.0,0.0,1920.0,-19.512,-20599.870464760945,68533.42263627447,0.0,-0.0,1138.6789692598047,-382.6696162737168,0.0,0.0,1910.0,-50.6715,-71148.76048926056
t348,14263.273997701968,0.0,-0.0,317.73810595115145,-317.73810595115145,0.0,0.0,2194.1231490358223,-37.01639906253431,-16420.380747675255,2169.955505116269,0.0,-0.0,21.03705835231336,-0.0,0.0,0.0,-737.3718111145557,-13.4090961099907,-1440.211656244036,620.4160999999999,0.0,-0.0,15.96540910653483,-0.0,0.0,0.0,458.1823032448533,-4.132945947609613,-1090.4308664037785,4683.573410396071,0.0,-0.0,31.577737945135482,-0.0,0.0,0.0,-2490.81209271722,-64.03383507730321,-2160.3052205466834,827.1868958321862,0.0,-0.0,2.353126449328377,-1.6,0.0,0.0,-576.8071818770495,-3.893448477670084,-247.23939192679507,15813.243289825776,0.0,-3825.2102400924914,13.185319636349334,-3.8541724997863733,0.0,0.0,-10601.378099778958,-63.35945940388375,-1332.6266376870021,2055.3199926998063,0.0,-128.86558594964816,35.738832700407656,-35.738832700407656,0.0,0.0,560.7315438868054,-100.76617997470568,-2386.419770662258,3901.86448860203,0.0,-0.0,127.93337021092208,-127.93337021092208,0.0,0.0,5147.455338356126,-18.981602616575213,-9030.33822434158,464.3485999999999,0.0,-0.0,43.58074284703066,-0.0,0.0,0.0,2367.9070106842582,-27.749977388591724,-2848.0863761426967,20201.634521384058,0.0,-0.0,341.61818287355516,-153.81421426388636,0.0,0.0,1767.9698402799197,-18.39457832605741,-22139.013751947587,73445.67876776737,0.0,-0.0,1176.779089360683,-0.0,0.0,0.0,1910.0,-50.6715,-76481.78635712806
t349,14530.050455276789,0.0,-0.0,389.5956156837162,-116.38015721053578,0.0,0.0,2659.838881792408,-27.380977966494722,-17435.723817575883,2222.378445380436,0.0,-0.0,24.95326884609045,-51.51046795313515,0.0,0.0,-687.3491146268634,-13.544157390507468,-1494.9279742560211,620.4350999999999,0.0,-0.0,2.8056420278160625,-39.09530202763927,0.0,0.0,553.2574577927519,-4.957222020545439,-1132.445675772383,4850.6727480243235,0.0,-0.0,37.449386894328846,-11.907335971561325,0.0,0.0,-2568.668854601583,-65.16671270614044,-2242.379231639366,904.2189458321861,0.0,-0.0,4.327845007359194,-9.188590150930898,0.0,0.0,-638.0397325855706,-4.3067681949526015,-257.0116999080913,15901.64662522226,0.0,-3831.303427464672,22.886829737178694,-40.0,0.0,0.0,-10607.386638221666,-63.38980252301941,-1382.4535867500792,2079.741547803838,270.6250201682499,-0.0,42.38155062668623,-0.0,0.0,0.0,187.21174499708195,-100.70230496762154,-2479.2575586282346,3594.392099424052,0.0,-0.0,151.72753604107297,-41.68409527139403,0.0,0.0,5684.526005619156,-20.62061424259864,-9368.340931570288,472.55459999999994,0.0,-0.0,51.69030106378673,-95.27104391081738,0.0,0.0,2545.3990277519415,-13.887767081907516,-2960.4851178230024,23027.892678594668,0.0,-0.0,464.3717228680005,-906.4811765713597,0.0,0.0,961.2112220823443,-12.46490248230523,-23534.529544491343,77748.33853792804,0.0,-0.0,766.3294855837635,-0.0,0.0,0.0,1910.0,-50.6715,-80373.99652351181
t350,16210.636911253294,0.0,-0.0,398.81062846939545,-672.0260869425757,0.0,0.0,2075.894907048443,-25.712289904771097,-17987.604069923786,2007.3173106032764,0.0,-0.0,24.41572383670528,-0.0,0.0,0.0,-511.0599968872737,-14.020138008404361,-1506.6528995443036,620.4081,0.0,-0.0,18.53233412718983,-2.0471236908872714,0.0,0.0,510.4132285043739,-6.067065858585586,-1141.2394730820909,4831.718082358762,0.0,-0.0,10.255595349283183,-4.065815108289997,0.0,0.0,-2510.343277533484,-66.62099377499015,-2260.9435912912822,809.8674458321861,0.0,-0.0,4.240040222154523,-0.45491637575272686,0.0,0.0,-550.9673783702383,-3.719029803999108,-258.96616150435057,15382.807216513987,0.0,-3056.6073864943687,22.395312247901742,-3.390150783611075,0.0,0.0,-10886.22945795631,-64.79795876267937,-1394.1775747649208,2009.5032450526592,30.234729715928744,-0.0,41.46118154577701,-34.90247309782844,0.0,0.0,549.6367834861294,-96.15387073458399,-2499.779595968082,3277.090825339753,0.0,-0.0,148.44357836024602,-16.462286347551807,0.0,0.0,6048.554304210336,-19.926552960012906,-9437.69986860277,469.9435999999999,0.0,-0.0,50.5744056830452,-50.5744056830452,0.0,0.0,2532.0548752868963,-15.124087678082248,-2986.8743876088133,23518.50713167912,0.0,-0.0,466.8820764198181,-466.8820764198181,0.0,0.0,832.0460122111259,-11.515538189751776,-24339.0376057005,83187.26784103547,0.0,-0.0,1557.3358381934981,-3159.0,0.0,0.0,1910.0,-50.6715,-83444.93217922898
t351,16192.245811659966,0.0,-0.0,401.5740688664141,-367.93072857990427,0.0,0.0,1888.2191229278142,-37.115149992744065,-18076.993124881545,1777.5279989399855,0.0,-0.0,24.3051315854924,-39.765223029287725,0.0,0.0,-226.94868991165117,-14.787238537238542,-1520.3319790473,620.3716999999999,0.0,-0.0,13.602306728920123,-1.6500991215664416,0.0,0.0,526.9486899116512,-8.262238537238542,-1151.0103589817663,4836.586520320914,0.0,-0.0,36.469156399916145,-68.6772801997778,0.0,0.0,-2454.147398394397,-69.74597562282821,-2280.485022503826,753.3391458321861,0.0,-0.0,0.3666886936814314,-0.3666886936814314,0.0,0.0,-489.1169830956805,-3.301539635895843,-260.9206231006098,14696.84754918769,0.0,-1941.4058385107912,22.294711484515627,-0.0,0.0,0.0,-11304.922500752853,-66.91235862880191,-1405.9015627797626,1878.8001737327168,566.7576327509652,-0.0,41.269280191876746,-61.86876061545583,0.0,0.0,198.83150386167563,-100.55647699387087,-2523.2333529279076,3191.1738842215123,0.0,-0.0,147.76262344872313,-0.0,0.0,0.0,6195.2390994932475,-20.27859646869189,-9513.89701069479,402.0575999999999,0.0,-0.0,47.45767581627094,-0.0,0.0,0.0,2591.5989612226826,-24.918438557016245,-3016.1957984819364,22976.770413884926,871.1374346241605,-0.0,471.6610208379744,-434.08442642576574,0.0,0.0,1164.2981947375115,-13.957591731320711,-25035.825045927493,84710.9075467777,0.0,-0.0,1563.1002791574442,-2660.554045281477,0.0,0.0,1910.0,-50.6715,-85472.78228065369
t352,16213.255447342284,0.0,-0.0,418.896810357753,-452.54015064426284,0.0,0.0,1957.715612502113,-37.987330936901515,-18099.340388620985,1819.5535692210967,0.0,-0.0,25.272548263541054,-46.30106598103182,0.0,0.0,-258.605922911382,-14.701764008139268,-1525.2173645840844,620.2305,0.0,-0.0,19.183189699537138,-34.9241352611433,0.0,0.0,558.605922911382,-8.17676400813927,-1154.9187133416365,4849.093569276536,0.0,-0.0,37.921490001291744,-69.02293531032628,0.0,0.0,-2459.958152964976,-69.73237601368272,-2288.301594988843,767.2547166712556,0.0,-0.0,4.391128156676149,-8.005363391365178,0.0,0.0,-498.3785721756416,-3.3640553621855807,-261.8978538987394,13823.947760026958,0.0,-1017.18235649396,2.2041634405481503,-42.47360779315545,0.0,0.0,-11289.850157102313,-66.83624329336669,-1409.8095587847097,1726.7261795060895,739.5644536171773,-0.0,42.91306652612661,-4.104304337572419,0.0,0.0,129.335014287376,-101.42865793802834,-2533.0057516611682,3256.7216565254807,0.0,-0.0,153.64641177863362,-0.0,0.0,0.0,6150.075079011296,-20.170202819535206,-9540.272944495875,451.6665999999999,0.0,-0.0,52.34821548086543,-0.0,0.0,0.0,2550.3322385825654,-25.44531086980676,-3028.901743193623,23316.622992468765,95.93217969879743,-0.0,487.0907662167052,-0.0,0.0,0.0,1250.7289378595801,-14.592857693267913,-25135.782018550584,84125.98562757843,0.0,-0.0,1636.974157793742,-800.4741833558173,0.0,0.0,1910.0,-50.6715,-86821.81410201637
t353,15822.945955739693,0.0,-0.0,458.06295190444985,-458.06295190444985,0.0,0.0,2331.063016913106,-35.23618078012962,-18118.77279187267,1847.11417055068,0.0,-0.0,27.3014218144847,-31.88548106944894,0.0,0.0,-303.7098403880361,-14.579983430952302,-1524.2402874767274,620.0324999999999,0.0,-0.0,20.723608956400042,-34.834949499796735,0.0,0.0,555.8481054852298,-7.827640190163972,-1153.941624751669,4809.732563789082,0.0,-0.0,40.964180982142324,-40.964180982142324,0.0,0.0,-2453.9541595699557,-69.43095235153714,-2286.347451867589,848.1911099999999,0.0,-0.0,4.745478226647231,-7.985544333288162,0.0,0.0,-579.1439682092075,-3.9092217854121505,-261.8978538987394,12663.527588514296,0.0,-0.0,25.043417803617903,-46.294430524695315,0.0,0.0,-11167.227019560962,-66.21699644878285,-1408.8325597834728,1763.6605893845053,856.3038745792775,-0.0,46.35562428356516,-77.90363637454264,0.0,0.0,47.0506267894898,-102.46132700112682,-2533.0057516611682,3875.562531799424,0.0,-0.0,165.9758963161487,-153.44762667506757,0.0,0.0,5661.136255453442,-20.676749642996356,-9528.55030725095,445.6985999999999,0.0,-0.0,4.747014603610503,-104.55290590074686,0.0,0.0,2706.4612919630877,-22.4748771098896,-3029.8791235560607,23506.080255517954,829.4496016860044,-0.0,523.5704863013659,-963.0465339982974,0.0,0.0,1292.4756911238064,-14.899696329759978,-25173.629804301076,84261.67706127452,0.0,-0.0,1775.8803954640125,-186.87159813397363,0.0,0.0,1910.0,-50.6715,-87710.01435860456
t354,14482.288678555873,177.03461747493125,-0.0,425.9825049866081,-10.280702164639735,0.0,0.0,3039.0740900118476,-32.24796317015402,-18081.851225694467,1759.0255280283814,0.0,-0.0,25.21731931019734,-25.21731931019734,0.0,0.0,-223.9233567306028,-7.930652498980506,-1527.1715187987982,619.7537,0.0,-0.0,19.141022643294974,-19.141022643294974,0.0,0.0,541.1735106996571,-5.031408768053162,-1155.895801931604,4758.284663339253,0.0,-0.0,37.83962820301969,-37.83962820301969,0.0,0.0,-2402.157369894516,-65.87155533463951,-2290.2557381100974,791.30476,0.0,-0.0,4.380402384325322,-4.380402384325322,0.0,0.0,-525.8573688614458,-3.549537239814759,-261.8978538987394,12367.27095811958,0.0,-0.0,23.1308977700654,-23.1308977700654,0.0,0.0,-10891.659022271162,-64.82537806246937,-1410.7865577859466,1645.2262259854385,907.4247846684167,-0.0,42.820824273840714,-78.42235302247312,0.0,0.0,123.05298833061715,-102.2105192080411,-2537.8919510277988,4264.301533533979,0.0,-0.0,15.805817284024318,-309.42679056991705,0.0,0.0,5585.133893912314,-20.425941849910636,-9535.388512310488,362.1465999999999,0.0,-0.0,52.23431255500244,-52.23431255500244,0.0,0.0,2690.9259099881524,-14.396963170154018,-3038.6755468179977,22529.57594947736,1516.3972870054072,-0.0,478.26874908035796,-0.0,0.0,0.0,600.0,-9.81,-25114.43198556313,84130.26367804236,0.0,-0.0,1669.0980706706891,-0.0,0.0,0.0,1464.2367248151386,-45.010306405152264,-87218.58816712305
t355,12804.737935231566,1830.0,-0.0,506.91975220316453,-30.73070979668421,0.0,0.0,3051.9202190330707,-32.41496284742992,-18130.432233823685,1552.69073498268,0.0,-0.0,30.100692744554532,-30.100692744554532,0.0,0.0,-29.470085100339418,-7.7740563718249085,-1515.4465935105156,619.4185,0.0,-0.0,22.847402797627453,-22.847402797627453,0.0,0.0,529.1121073116376,-1.4286026897414217,-1147.1020046218962,4585.782308004425,0.0,-0.0,45.168602123265586,-45.168602123265586,0.0,0.0,-2272.0105716259422,-41.10328635967443,-2272.6684500188085,759.9673141678138,0.0,-0.0,5.227252067537751,-5.227252067537751,0.0,0.0,-496.6713899829488,-3.3525318823849046,-259.94339230248016,9275.659316575293,0.0,-0.0,27.6098360755661,-27.6098360755661,0.0,0.0,-7818.927833361426,-56.6919144415248,-1400.0395687723417,1337.2610440267154,1170.6166682466617,-0.0,51.11507905330821,-51.11507905330821,0.0,0.0,113.68810448595559,-102.24142332472849,-2519.3243934346033,4153.351821415472,0.0,-0.0,22.99689708539769,-285.337961450316,0.0,0.0,5594.498777756976,-20.456845966598017,-9465.052688840931,351.7025999999999,0.0,-0.0,62.35019273327882,-62.35019273327882,0.0,0.0,2678.0797809669293,-14.563962847429917,-3015.218418119499,21444.680648604502,2383.787102607486,-0.0,570.2464856162183,-185.98864167296725,0.0,0.0,600.0,-9.81,-24802.91559515524,88822.4228061955,0.0,-0.0,1923.3051243020393,-2871.943870947891,0.0,0.0,-1950.2191094839125,-32.01871635971774,-85891.54623370603
t356,14130.425190120026,275.9804943226516,-0.0,492.2373722661288,-0.0,0.0,0.0,3001.207429804561,-31.755696587459294,-17868.09478992591,1543.0319799172096,0.0,-0.0,29.568622017996805,-0.0,0.0,0.0,-72.16831277767096,-13.320931760369376,-1487.111357397166,619.1709,0.0,-0.0,22.444021041246533,-0.0,0.0,0.0,488.5580905884848,-4.566955987121008,-1125.6060556426103,4111.821959125805,0.0,-0.0,44.36822278146178,-0.0,0.0,0.0,-1866.6974558505017,-59.81542470555215,-2229.6773013512125,823.1730641678139,0.0,-0.0,5.137050167862556,-0.0,0.0,0.0,-569.4093628247772,-3.843513199067246,-255.05723831183207,2039.3070800000003,6424.879324237304,-0.0,27.12240688209007,-0.0,0.0,0.0,-7056.127158529786,-60.54405784942458,-1374.6375947401848,1168.5337770878477,1142.6482598753557,-0.0,50.2085612162464,-0.0,0.0,0.0,210.01809606803272,-101.92353435250763,-2469.485159894974,3637.278402804184,0.0,-0.0,179.76621680479613,-0.0,0.0,0.0,5498.168786174899,-20.138956994377164,-9295.074448789499,647.8544999999998,0.0,-0.0,61.247104792905866,-0.0,0.0,0.0,2261.8783664778184,-17.336515984783805,-2953.64345528594,20309.4428948456,2199.922727905933,-0.0,565.4797376254381,-49.562359025785085,0.0,0.0,1066.914203717621,-13.241819397324512,-24078.955385671485,83177.86986620125,1440.0,-0.0,1925.204717646665,-0.0,0.0,0.0,-2962.3426828486795,-48.796252072178234,-83531.93564892707
t357,14512.638237775836,0.0,-0.0,422.8020336600947,-761.3390700497448,0.0,0.0,3470.484057552727,-37.85629274818545,-17606.728966190727,1733.3314475166999,240.0,-0.0,25.94040412665368,-0.0,0.0,0.0,-511.62559423329145,-7.3744397643940065,-1480.271817645668,619.1514999999999,0.0,-0.0,19.68979779711561,-0.0,0.0,0.0,486.2803295538552,-4.401014658198293,-1120.7206126927724,4038.9056400000004,0.0,-0.0,38.92496398601787,-0.0,0.0,0.0,-1796.9063046354368,-60.04064204501351,-2220.8836573055682,890.5348141678139,0.0,-0.0,4.505651626512503,-0.48927214293000837,0.0,0.0,-636.1769914454374,-4.294194692256702,-254.08000751370244,2062.0988800000005,6424.879324237304,-0.0,23.794057317432085,-0.0,0.0,0.0,-7080.599187718717,-60.42047410202048,-1369.7525997340008,1168.5337770878477,1205.436880415725,-0.0,44.049157408927805,-4.953880447166335,0.0,0.0,145.85039484295157,-102.1352877665504,-2456.781041541735,3571.9323891509057,0.0,-0.0,157.7110081571837,-0.0,0.0,0.0,5562.33648739998,-20.350710408419932,-9271.629174299647,647.8544999999998,0.0,-0.0,53.73224196036757,-6.024163259825728,0.0,0.0,2259.515942447273,-20.00529274818545,-2935.073228399629,20297.066648989316,2327.0272729371977,-0.0,495.89816668890154,-0.0,0.0,0.0,600.0,-9.81,-23710.182088615416,83149.36894038036,2163.285231813993,-0.0,1663.0446297680655,-3159.0,0.0,0.0,-2499.159133763904,-42.91382099880158,-81274.62584719973
t358,13257.89911553076,610.4138695038253,-0.0,383.5197706936081,-45.25894684518158,0.0,0.0,3484.835790386791,-38.042865275028284,-17653.366733994775,1583.0576500000002,95.95767120736677,-0.0,23.444284919553606,-5.633034595743991,0.0,0.0,-211.38090190735466,-10.059237514938278,-1475.3864321088836,619.1514999999999,0.0,-0.0,17.794544797257416,-4.2692472725638675,0.0,0.0,488.9550210688949,-3.8424716707184983,-1117.7893469228698,4054.0234146293024,0.0,-0.0,35.181868669594685,-4.372869777436951,0.0,0.0,-1810.7305370107097,-60.057720129573,-2214.044156381178,948.50129,0.0,-0.0,4.069335560176865,-0.0,0.0,0.0,-694.7780966919335,-4.68975215267055,-253.10277671557282,2065.6631276678777,6424.879324237304,-0.0,21.503701725563083,-2.6604172771819194,0.0,0.0,-7084.115414468814,-60.40271715693249,-1364.8676047278166,1168.5337770878477,396.63252996893254,-0.0,39.81427490184665,-0.0,0.0,0.0,941.5375809024017,-99.50952005255421,-2447.008642808474,4374.421986130226,0.0,-0.0,142.5430907057428,-17.705535672279677,0.0,0.0,4766.64930134053,-17.724942694423746,-9248.183899809794,647.8544999999998,0.0,-0.0,48.563058987324446,-0.0,0.0,0.0,2245.164209613209,-20.19186527502828,-2921.3899033255047,20849.00306865512,812.3010519666723,-0.0,430.0045604161651,-0.0,0.0,0.0,600.0,-9.81,-22681.498681037963,81088.90611755078,0.0,-0.0,1491.1963231303228,-220.0719981668137,0.0,0.0,-2726.1369532330145,-45.796439306059284,-79588.09704997523
t359,12570.833148899583,1153.1099438723609,-0.0,338.95886285543816,-591.2169321899514,0.0,0.0,3560.0,-39.019999999999996,-16992.66502343743,1792.3087500000001,3.1062451824093955,-0.0,20.62519011780217,-0.0,0.0,0.0,-421.589937378384,-1.138292830921637,-1393.311955090906,619.1514999999999,0.0,-0.0,15.652532617484704,-0.0,0.0,0.0,421.589937378384,-1.138292830921637,-1055.255677164947,4177.078104629302,0.0,-0.0,30.960744683959746,-4.106329666682952,0.0,0.0,-2055.5114929391166,-58.4649585259355,-2089.956068181527,977.50061,0.0,-0.0,3.5695188289261486,-0.45944947319529544,0.0,0.0,-736.2196511685848,-4.969482645387948,-239.42154554175806,2042.8713276678775,5545.855377034446,-0.0,18.91503108746327,-2.498256510499418,0.0,0.0,-6260.273022332781,-55.23177531392338,-1289.6386816325826,1149.2547303352612,0.0,-0.0,35.04102247704567,-4.651925916102365,0.0,0.0,1220.3653559973923,-90.79136222409895,-2309.2178206694985,5033.67125960474,0.0,-0.0,125.4326183675407,-16.62632781125475,0.0,0.0,3611.6388104430894,-13.913408074462195,-8740.202952529653,351.7025999999999,0.0,-0.0,42.728119291119825,-5.656971638717073,0.0,0.0,2390.2265394864007,-22.787665065225045,-2756.2126220735777,21062.28156166383,0.0,-0.0,363.736808115307,-939.2627606619694,0.0,0.0,379.77346051359945,-11.428665065225044,-20855.10040456554,74937.06850264233,1440.0,-0.0,1311.0771627759273,-310.85533910884357,0.0,0.0,-2110.0,-37.9715,-75229.31882630942
t360,10167.158486996052,1830.0,-0.0,226.65805788334364,-108.51326840969955,0.0,0.0,3560.0,-39.019999999999996,-15636.283276469696,1593.6673000000003,0.0,-0.0,13.962246483304751,-33.959720198292025,0.0,0.0,-275.7457152757145,-2.319866654080439,-1295.6042443552183,619.1514999999999,0.0,-0.0,10.596788195788289,-25.772011241049228,0.0,0.0,378.0413790962346,-1.0207117235598335,-980.9969443274138,4135.626824629302,0.0,-0.0,20.955670975996547,-50.97798109495879,0.0,0.0,-2106.810064932997,-55.399115489891685,-1943.3953340874505,957.32386,0.0,-0.0,2.4200177115227604,-5.876603545596488,0.0,0.0,-727.1277705393608,-4.908112451140685,-221.8313911754248,2020.0795276678775,2902.754222543838,-0.0,12.805563355918668,-31.14372837351832,0.0,0.0,-3665.0387381087276,-39.70207356659118,-1199.7547735187966,828.8762770878477,0.0,-0.0,23.716124835632318,-57.69653916580246,0.0,0.0,1415.3859646661276,-66.21754534641168,-2144.0642820773933,7349.944887917089,0.0,-0.0,84.90143880091813,-17.881014126018446,0.0,0.0,727.8261940125083,-4.396826440241277,-8140.394680164256,351.7025999999999,0.0,-0.0,28.923259270978498,-6.083868364120264,0.0,0.0,2202.717127756052,-21.409470889006982,-2555.8496477739027,18294.652968768125,0.0,-0.0,242.857334220037,-102.91790595559155,0.0,0.0,567.2828722439478,-10.050470889006984,-18991.82479838751,72168.38787996811,644.183879823676,-0.0,889.6631930445162,-2100.919147005515,0.0,0.0,-2076.5312489180697,-36.73864859258991,-69488.04590832011
t361,12171.481382488082,0.0,-0.0,56.056368588329704,-38.710903126031525,0.0,0.0,770.623022055469,-6.7814825940881285,-12952.668387411764,1373.9587660659497,0.0,-0.0,3.6387200209785897,-3.2760920450340683,0.0,0.0,-226.8535990053167,-16.012504717314354,-1131.455290319263,618.3521,0.0,-0.0,2.760991070670958,-2.4829329183416102,0.0,0.0,246.24692168379806,-7.9703864345915685,-856.9066934015357,3798.53404,0.0,-0.0,5.463968900631806,-4.931380657261808,0.0,0.0,-2034.4442853047103,-67.44904212925844,-1697.1733008094025,890.28467,0.0,-0.0,0.627681085877017,-0.5517628707425799,0.0,0.0,-692.1965633826361,-4.672326802832794,-193.4916980296657,2026.712606666667,775.4760664815078,-0.0,3.336438353635648,-3.000210609662778,0.0,0.0,-1717.3175050103132,-36.88746755474246,-1048.319928327092,1168.2873770878477,0.0,-0.0,6.1847775794701825,-33.758923585671184,0.0,0.0,782.5146453212166,-54.745238603421186,-1868.482637799442,2457.055224260772,0.0,-0.0,22.134820655946754,-120.85429723150642,0.0,0.0,4785.797716130302,-15.793132463229997,-7128.340331352283,351.7025999999999,0.0,-0.0,7.5390467819833615,-41.17143040145115,0.0,0.0,1915.6296475121908,-12.114300072424372,-2221.5855638202984,20312.327323045083,0.0,-1580.0,65.23117097137947,-956.6700710637455,0.0,0.0,-720.0,-19.512,-17101.37642295272,63674.68897246242,0.0,-0.0,237.383900963978,-266.78045573162547,0.0,0.0,-3110.0,-50.6715,-60484.62091769477
t362,10230.509832552509,0.0,-0.0,31.24294294491474,-201.61536906880406,0.0,0.0,1747.3744358649692,-15.929549170105364,-11791.582293123485,1344.53828,0.0,-0.0,2.128479025379375,-2.7067511310959675,0.0,0.0,-258.93851844605615,-16.09913399980435,-1068.9223554484229,618.3521,0.0,-0.0,1.6152723647883376,-2.051432436199049,0.0,0.0,199.5446673570143,-8.4312547924773,-809.0293524931261,3808.9497,0.0,-0.0,3.1952450130960255,-4.074372755228666,0.0,0.0,-2136.337459848703,-68.35868141997068,-1603.3744309891938,847.53089,0.0,-0.0,0.3681914819166857,-0.4558738747108997,0.0,0.0,-660.2443986659707,-4.456649690995302,-182.74215925023984,2019.1539800000005,934.578563005504,-0.0,1.951944976027714,-2.478814193740517,0.0,0.0,-1920.2667417683756,-42.261944765295254,-990.6769872541204,1168.2873770878477,0.0,-0.0,3.616403803207891,-27.182764233768026,0.0,0.0,670.3459601978217,-52.12624537488273,-1762.9407314802268,2442.830617524459,0.0,-0.0,12.944899460075158,-97.31134032576082,0.0,0.0,4407.34221930542,-14.544229323707887,-6751.262166640487,351.7025999999999,0.0,-0.0,4.409534921039784,-33.15083661054703,0.0,0.0,1781.1798360038797,-11.569778335815712,-2092.5713559785568,16574.857794295298,0.0,-0.0,37.4332758337796,-0.0,0.0,0.0,-720.0,-19.512,-15872.779070129081,59708.19178091629,0.0,-0.0,129.02569383902227,-0.0,0.0,0.0,-3110.0,-50.6715,-56676.54597475532
t363,9863.075519394288,0.0,-0.0,12.9518276472714,-188.03586648613057,0.0,0.0,1398.8449683018746,-12.309835721056498,-11074.526613136246,1339.1999900000003,0.0,-0.0,0.8977461775958121,-16.52606712003948,0.0,0.0,-282.4551545229808,-16.162628917212047,-1024.9538856173635,618.3521,0.0,-0.0,0.5826772583547252,-12.445251124099268,0.0,0.0,178.0274746963628,-8.708660396388485,-775.8083404342295,3805.7913500000004,0.0,-0.0,1.3473046965120448,-24.79820145436843,0.0,0.0,-2177.7523136433765,-67.65457473222142,-1536.9335648665458,727.74732,0.0,-0.0,0.05293972250566806,-2.767723446497796,0.0,0.0,-545.4492104421906,-3.681782170484787,-175.90154366333246,1996.3621800000003,1219.658693825762,-0.0,0.823406542528056,-15.158690694288396,0.0,0.0,-2208.1371289242707,-42.92843254631947,-950.6200282034113,1168.2873770878477,0.0,-174.24651487988294,1.5247415069253891,-46.145981544692255,0.0,0.0,794.2650084304353,-55.01412949318733,-1688.6705011074455,2504.4056786435826,0.0,-0.0,5.458666852369586,-165.2318402602635,0.0,0.0,4144.82561066422,-13.677924515191926,-6475.780191384718,351.7025999999999,0.0,-0.0,1.8596593587484862,-56.298123447643476,0.0,0.0,1714.9849046750546,-8.619297589409893,-2003.6297429967497,16783.997636754462,0.0,-1580.0,15.937938061472344,-231.94327963538797,0.0,0.0,92.8458407648717,-13.537583070378194,-15067.300552875038,57478.4887909712,0.0,-0.0,56.606820549687434,-35.49883359884855,0.0,0.0,-3110.0,-50.6715,-54338.92527792204
t364,9972.120579078539,0.0,-0.0,15.9339660044936,-230.48809979278838,0.0,0.0,881.6599815451405,-7.7586078375972365,-10631.46781899779,1157.920724694248,0.0,-0.0,1.1251340643109147,-0.0,0.0,0.0,-142.73352032025286,-15.785380504864682,-1000.5269579334416,618.3521,0.0,-0.0,0.8539848633085743,-0.0,0.0,0.0,145.85811106038693,-7.820538698849045,-757.2436572248463,3846.3313850000004,0.0,-0.0,1.6884744444321682,-0.0,0.0,0.0,-2279.7032050499038,-67.53473727118866,-1500.7819171233405,755.72682,0.0,-0.0,0.19525870431266257,-0.0,0.0,0.0,-580.9850400115503,-3.921649020077964,-171.01538967268434,2019.1539800000005,0.0,-0.0,1.0319918587179302,-0.0,0.0,0.0,-1056.8916528641353,-35.14526781961845,-928.1490511749648,1168.2873770878477,0.0,-822.7348127193932,1.9108089693563428,-0.0,0.0,0.0,1347.2883187301247,-47.125265640185404,-1647.6264264277506,2429.4388,0.0,-0.0,6.8410061408267175,-0.0,0.0,0.0,3903.8965052755666,-12.882858467409369,-6327.293452948984,351.7025999999999,0.0,-0.0,2.3306457718748534,-0.0,0.0,0.0,1611.610501634623,-10.883022531620224,-1954.7607248748777,16877.926360383088,0.0,-1490.0,20.028758044466894,-0.0,0.0,0.0,-720.0,-19.512,-14668.443118427555,56564.55523272715,0.0,-0.0,62.32291468175643,-407.4752807587589,0.0,0.0,-3110.0,-50.6715,-53058.73136665015
t365,10231.836327102896,0.0,-0.0,15.707622011272072,-1.9380540218270894,0.0,0.0,172.6532162775537,-1.5193483032424726,-10416.739763066651,1364.6244246942483,0.0,-0.0,1.1778413308720515,-0.14693611350130192,0.0,0.0,-352.6844324400165,-16.352247967588045,-996.6186495040141,618.3521,0.0,-0.0,0.8933356462043827,-0.11136210707467092,0.0,0.0,144.56911364766574,-9.39079573185171,-754.3123914549436,3863.212935,0.0,-0.0,1.7702633054923997,-0.2211775182177492,0.0,0.0,-2299.2907591955613,-69.57470227150924,-1495.8965593202045,744.7058800000002,0.0,-0.0,0.2013928951016663,-0.0,0.0,0.0,-570.0440856443184,-3.8477975780991494,-171.01538967268434,2019.2363600000003,0.0,-0.0,1.0794962254581484,-0.1345625460485607,0.0,0.0,-1059.7291122407237,-35.234127267432264,-925.2180541712544,1168.2841770878476,0.0,-543.8096156412787,2.0044207663846514,-0.25056474091800957,0.0,0.0,1072.7778151007083,-57.24324538495024,-1641.7629871877941,2429.4388,0.0,-0.0,7.170044366877926,-0.8955369443921453,0.0,0.0,3883.8823420767303,-12.816811728853208,-6306.778837770363,353.1945999999999,0.0,-0.0,2.441146793447035,-0.3046990985237523,0.0,0.0,1597.3649286657314,-6.731674747713852,-1945.9643016129407,14114.10606033413,0.0,-0.0,19.96900106200086,-0.0,0.0,0.0,520.5009737522304,-10.394317842921106,-14644.181717305444,57197.68357105813,0.0,-0.0,75.31563109604886,-722.7919342343779,0.0,0.0,-3110.0,-50.6715,-53389.53576791981
t366,9988.750717742016,0.0,-0.0,40.10384739724913,-0.0,0.0,0.0,506.01771282259114,-4.452955872838802,-10530.419322089017,1508.7302406115045,0.0,-0.0,3.049527402207818,-0.0,0.0,0.0,-467.2331216458342,-16.661529428443753,-1027.885116939434,618.3521,0.0,-0.0,2.31382539677423,-0.0,0.0,0.0,167.23312164583422,-10.136529428443753,-777.7625176141647,3910.1899200000003,0.0,-0.0,4.579627868757234,-0.0,0.0,0.0,-2301.76094335948,-71.18968183959667,-1541.8189226696818,809.18868,0.0,-0.0,0.525595736308228,-0.02474713490548243,0.0,0.0,-629.5385993921731,-4.2493855458971685,-175.90154366333246,2041.9732400000005,737.9583946579452,-0.0,2.7960668825287582,-0.0,0.0,0.0,-1787.1636533590913,-42.01302297426109,-953.5510252071217,1168.2841770878476,0.0,-734.675656409499,5.183930940113764,-0.0,0.0,0.0,1315.1988272494973,-61.41181826720991,-1692.5794606007498,2429.4388,0.0,-0.0,18.551961115341925,-0.0,0.0,0.0,4066.608284973797,-13.419807340413527,-6501.179238748725,366.24959999999993,0.0,-0.0,6.3184984220160505,-0.0,0.0,0.0,1640.6383710648588,-6.644585402812678,-2006.561884084062,14615.657775401869,0.0,-0.0,53.94605836944692,-12.958912592669181,0.0,0.0,600.0,-9.81,-15246.83492117865,58730.96281823578,0.0,-0.0,182.67936280134717,-0.0,0.0,0.0,-3110.0,-50.6715,-55752.970681037135
t367,12449.969490449701,0.0,-1830.0,132.34798265621885,-167.88749264057012,0.0,0.0,506.24917107080205,-4.493096448896945,-11086.186055087257,1532.0404849570425,0.0,-240.0,10.46313625928207,-2.3136975152778505,0.0,0.0,-207.25812075003364,-0.5595969260250909,-1092.372206024988,618.5708999999999,0.0,-0.0,7.936773199658695,-1.7556484834482335,0.0,0.0,203.419839747088,-0.5778287607890827,-827.5940357025094,4307.847003486722,0.0,-0.0,15.721732566009655,-3.4740475821010977,0.0,0.0,-2657.0017729421825,-23.566836796049543,-1639.5260787323991,739.91888,0.0,-0.0,1.7935977185486283,-0.399386174952218,0.0,0.0,-550.9431428863552,-3.7188662144828974,-186.65108244275834,10215.842816676466,0.0,-2174.0144244702533,9.590776769791416,-2.1215661194084214,0.0,0.0,-6991.922978586103,-44.22665998792804,-1013.1479642825668,1255.9972624052925,0.0,-1714.6206406276913,17.79969619599587,-3.932250070192654,0.0,0.0,2329.3479523080487,-82.56169379818493,-1802.0303264132694,2429.4388,0.0,-0.0,63.68079402957251,-14.073757414298486,0.0,0.0,4436.3611738977315,-16.634991873862514,-6898.7720186391425,531.8616,0.0,-0.0,21.683477229422543,-4.7936195790397775,0.0,0.0,1611.747878141004,-21.01372241583305,-2139.485613375554,16022.09904641606,0.0,-1725.6989015212494,181.30282261743838,-162.84091353897742,0.0,0.0,1920.0,-19.512,-16215.350053973272,60064.40281417532,0.0,-0.0,631.7776953689576,-554.9634301901174,0.0,0.0,-600.0,-9.81,-59531.40707935416
t368,12746.004266016382,0.0,-1618.4832211441021,193.52493968681196,-0.0,0.0,0.0,888.3456017508711,-23.331507177238677,-12186.060079132725,1709.7676968508026,0.0,-240.0,15.105822879631372,-1.7814998897598393,0.0,0.0,-281.5041935764168,-0.7600613226563255,-1200.8277649416013,618.8149,0.0,-0.0,11.46161648853017,-1.3511714825075305,0.0,0.0,281.5041935764168,-0.7600613226563255,-909.6694772597831,4531.840166771802,0.0,-0.0,22.684796434153018,-2.677586600085265,0.0,0.0,-2726.775837665501,-23.35158114385816,-1801.7199577965102,713.3399245792131,0.0,-0.0,2.60395464879697,-0.30456341762463557,0.0,0.0,-506.0279288850605,-3.4156885199741582,-206.19569840535084,14150.759671262726,0.0,-4789.075063638794,13.850423633606743,-1.632738889457218,0.0,0.0,-8205.38311569237,-54.74031526575354,-1113.7788614099577,1624.6813003946763,0.0,-1714.6206406276913,17.233888998325856,-17.773963283845355,0.0,0.0,2157.5742645816104,-84.27514708448273,-1982.819702978592,2429.4615801089917,0.0,-0.0,61.715953845356104,-157.67464529348507,0.0,0.0,5262.548500234782,-17.36641005077478,-7578.68497884487,575.1295999999999,0.0,-0.0,21.03000238579493,-21.644777734418806,0.0,0.0,1809.7185156756677,-28.746666852816155,-2355.4866734742277,17337.4227668733,0.0,-1752.7631369797655,263.01281633568334,-99.44681396170648,0.0,0.0,1920.0,-19.512,-17648.713632267514,63095.03951156556,0.0,-0.0,878.1545628429049,-0.0,0.0,0.0,-600.0,-9.81,-63363.38407440847
t369,12733.350807391143,0.0,-1675.0731089625294,204.49416404187397,-0.0,0.0,0.0,2397.0282031880743,-24.08270395001033,-13635.717361708552,1891.5459972450658,0.0,-240.0,15.240698621290749,-10.990790536660384,0.0,0.0,-351.42619339346044,-0.9488507221623433,-1303.4208612140733,473.82189999999997,0.0,-0.0,11.565497686469007,-8.331769879895841,0.0,0.0,511.51311164450055,-1.709263583854784,-986.859475867219,4006.7538929806537,0.0,-0.0,22.88099370879226,-16.536185804990577,0.0,0.0,-2031.9950304951908,-25.00640601366063,-1956.0972643756038,766.6902354207868,0.0,-0.0,2.6343109085144567,-1.7705115694071802,0.0,0.0,-540.1223560846388,-3.645825903571312,-223.78585277168406,16005.55521219401,0.0,-5719.354816814262,13.97607069464189,-10.067697740055397,0.0,0.0,-9026.156413914141,-55.40458989026642,-1208.547764529928,1887.205850389627,0.0,-964.4785722228082,25.897616916485383,-6.462431701387589,0.0,0.0,1302.860318099861,-94.11782029110132,-2150.9049611906757,2459.010239788374,0.0,-0.0,92.69618368049724,-92.69618368049724,0.0,0.0,5787.425838542942,-19.098505267191708,-8227.337573064126,588.1845999999999,0.0,-0.0,31.574814796497144,-7.858636081317006,0.0,0.0,1950.8725224120542,-7.901033715768819,-2554.872267411465,19616.546986279565,0.0,-1490.0,242.0923065818787,-0.0,0.0,0.0,600.0,-9.81,-18958.829292861443,67508.57533082235,0.0,-0.0,862.9917157753813,-259.4936279801874,0.0,0.0,-600.0,-9.81,-67502.26341861757
t370,12712.133775509892,0.0,-1678.572632794921,186.4298922648648,-59.972891428120356,0.0,0.0,3538.5277300108655,-38.74086049014125,-14659.80501307244,1911.5017906158232,0.0,-240.0,13.47332988991463,-0.5871554405753692,0.0,0.0,-294.7027153825061,-3.2128343432485433,-1386.472415339408,474.05249999999995,0.0,-0.0,10.224882806680837,-0.4450020181202792,0.0,0.0,568.3114304093931,-1.7735769828444188,-1050.3702342151093,3701.1318805145133,0.0,-0.0,20.22530889005023,-0.8838234526555535,0.0,0.0,-1613.679087343012,-26.608926033639932,-2080.185352575255,729.0732617716948,0.0,-0.0,2.3314215887763976,-0.09888933736006189,0.0,0.0,-490.52764845057095,-3.311061627041354,-237.4670839454988,16488.690442132363,0.0,-5706.598018159123,12.356076248765152,-0.537710771895334,0.0,0.0,-9450.631912663523,-57.548191158950786,-1285.7306856276355,1939.6191017489084,0.0,-0.0,22.890900576089926,-0.0,0.0,0.0,427.1078761458871,-100.92209514123341,-2288.695783329651,2430.5498287409746,0.0,-0.0,81.9394039377551,-81.9394039377551,0.0,0.0,6338.089653082604,-20.621437797306346,-8748.01804402627,582.5895999999999,0.0,-0.0,27.912142427525378,-0.0,0.0,0.0,2135.221326478529,-26.650900605098748,-2719.072168300955,21486.518333096767,0.0,-968.6992515322412,233.5055546979048,-161.5,0.0,0.0,-400.7597034749541,-17.165583820540913,-20171.89934896693,73910.96179329828,0.0,-0.0,763.4776939548052,-2257.843847771627,0.0,0.0,-756.9569488127128,-11.803353249921452,-71647.83533741883
t371,12931.93452396454,0.0,-1112.6075618548991,215.33187457861428,-47.77334471053124,0.0,0.0,3559.1816645068448,-39.00936163858898,-15507.05779484598,1708.341510057909,0.0,-240.0,15.335797072266672,-5.825239570227317,0.0,0.0,-16.796177598202235,-5.211,-1455.844889961746,328.8939,0.0,-0.0,11.638404373578155,-4.417523039904798,0.0,0.0,777.427148149716,-11.386,-1102.1559294833892,3382.831748092683,0.0,-0.0,23.020719420099944,-8.757805132197113,0.0,0.0,-1161.756647020719,-51.58307735813047,-2183.7549380017354,662.0482617716948,0.0,-0.0,2.6541581591346297,-1.0824351026516996,0.0,0.0,-403.62613130512335,-10.8,-249.19385352305432,16327.980697064884,0.0,-4284.6236954388905,14.064228418613483,-5.338034867978195,0.0,0.0,-10633.435074468602,-69.4125,-1349.2356207080277,1922.1090035372806,0.0,-0.0,26.0545725790048,-0.0,0.0,0.0,556.2455996269773,-100.399087361135,-2404.0100883821274,2813.7674508329565,0.0,-0.0,93.26488828473897,-73.55131433621392,0.0,0.0,6361.136255453442,-20.676749642996356,-9173.940530591926,573.2645999999999,0.0,-0.0,31.770339110001352,-0.0,0.0,0.0,2281.6233626556677,-28.798121998597153,-2857.8601797670713,23578.35127183512,0.0,-1580.0,266.76929751123595,-50.386752099684145,0.0,0.0,-720.0,-19.512,-21475.221817246667,77189.22767673279,0.0,-0.0,850.0954624820081,-1096.875587283472,0.0,0.0,-600.0,-9.81,-76332.63755193134
t372,13145.759443983112,0.0,-118.13363339775402,250.84296215506868,-178.55392014916393,0.0,0.0,3220.995250909176,-34.61293826181929,-16286.297165238617,1519.539186948569,0.0,-240.0,17.454960801639874,-52.38795134005739,0.0,0.0,270.5120779710014,-7.4882977294928175,-1507.6299766516606,328.9647,0.0,-0.0,13.247974971173502,-39.760342068254026,0.0,0.0,850.1731401791715,-11.386000000000013,-1141.2394730820909,3377.11123832392,0.0,-0.0,26.196355711055578,-78.62817938556009,0.0,0.0,-1004.938858027396,-58.79696533073705,-2260.9435912912822,594.8936417716947,0.0,-0.0,3.0270338090135223,-9.08007601516756,0.0,0.0,-320.05166885931976,-10.8,-257.9889307062209,16577.649042002544,0.0,-3280.0664411033367,16.009385200658084,-48.04791333247361,0.0,0.0,-11800.0,-69.4125,-1396.1315727673943,1893.729298186315,0.0,-0.0,29.646583089268564,-24.02833647352592,0.0,0.0,690.5149489292253,-99.85529649646091,-2490.0071972348214,3046.787661581236,0.0,-0.0,106.13522812448758,-0.0,0.0,0.0,6361.136255453443,-20.67674964299636,-9493.38239551617,572.1455999999998,0.0,-0.0,36.157814928257565,-108.52343593675059,0.0,0.0,2485.5404269510877,-23.857907757153352,-2961.46249818544,23629.625460193678,0.0,-0.0,309.6943646299974,-602.7388196906538,0.0,0.0,-720.0,-19.512,-22597.06900513302,79453.2058302509,0.0,-0.0,964.41263162345,-0.0,0.0,0.0,-33.88157350638812,-19.30118570209939,-80364.43570266587
t373,14358.781986860096,0.0,-199.83684055209258,277.78565234401054,-554.4521657153758,0.0,0.0,3013.0708296626894,-31.90992078561496,-16863.43954181371,1317.1633333648863,0.0,-171.51132942771065,18.917990822880185,-0.0,0.0,0.0,378.69993585077475,-6.327640738463506,-1536.942289872367,328.9701,0.0,-0.0,14.359340322406013,-1.6065262247360823,0.0,0.0,833.3755965536745,-11.386000000000013,-1163.7125106513445,3389.6559021098706,0.0,-0.0,28.3881426664365,-3.190739585239719,0.0,0.0,-1050.0746183314172,-58.88980377951724,-2305.8888830801325,553.5347417716947,0.0,-0.0,1.368421016787236,-0.3570058277191294,0.0,0.0,-279.8938414657642,-10.8,-263.85231549499866,16867.200090561644,0.0,-3591.652520654996,17.35247489537676,-0.0,0.0,0.0,-11800.0,-69.4125,-1423.487544802025,1737.8065542307793,0.0,-0.0,22.505240824431578,-74.0,0.0,0.0,953.3028809642867,-98.7910053717189,-2540.823670647777,3310.2683409469096,0.0,-0.0,76.03180865941495,-48.74572329300958,0.0,0.0,6361.136255453441,-20.676749642996356,-9678.013932123758,573.2645999999999,0.0,-0.0,39.18654401269191,-0.0,0.0,0.0,2430.6769161625148,-20.090599156207034,-3023.0374610189983,24728.878878348136,0.0,-0.0,341.48485802659803,-841.9336259929603,0.0,0.0,-720.0,-19.512,-23488.918110381775,83210.6403706135,0.0,-0.0,1060.2421494488788,-0.0,0.0,0.0,-120.29395485019899,-18.23336715985026,-84132.35519805235
t374,14787.519391584621,0.0,-308.4416532156646,278.3538568508348,-364.12745035359524,0.0,0.0,2879.237345851477,-30.170085496069202,-17242.371405221602,1459.0831935591393,0.0,-240.0,7.812971571677682,-47.53990353528492,0.0,0.0,391.29068580178193,-5.369421411598072,-1565.2775259857162,328.9097,0.0,-0.0,5.929078258219345,-34.47950592832196,0.0,0.0,896.2351873007331,-11.386000000000013,-1185.2084596306304,3358.64562094985,0.0,-0.0,11.729037259796534,-68.1398520520839,0.0,0.0,-898.5024840881646,-56.80643344292369,-2346.925888626474,603.9342417716947,0.0,-0.0,3.2678950630316526,-7.906556872960436,0.0,0.0,-319.7571104761191,-10.8,-268.7384694856468,17210.324911653945,0.0,-3855.579646235648,7.164875600827962,-43.60812218494514,0.0,0.0,-11800.0,-69.4125,-1448.889518834182,1768.0119177176032,0.0,-0.0,31.93797071573363,-74.0,0.0,0.0,959.5696810919683,-98.76562483120178,-2586.753944694102,3402.3217065999506,0.0,-0.0,114.3507137308969,-11.093526840255775,0.0,0.0,6361.136255453442,-20.676749642996356,-9846.038399301036,578.4866,0.0,-0.0,38.95985499351364,-77.63914947304303,0.0,0.0,2558.2435998460446,-18.325383326144163,-3079.72552204037,24932.98119896784,0.0,-0.0,342.4277126106025,-342.4277126106025,0.0,0.0,-720.0,-19.512,-24193.469198967843,87003.76822912003,0.0,-0.0,1075.2569332453484,-451.7446693513156,0.0,0.0,-307.4531607811623,-15.191777496391287,-87304.63555473654
t375,15556.670979985676,0.0,-174.97805600906668,313.1314354096369,-785.112260839109,0.0,0.0,2800.0,-29.14,-17680.572098547138,1507.3629689112493,0.0,-0.0,19.38866545956896,-0.0,0.0,0.0,68.85796770799834,-9.81345683860577,-1585.7961452402108,328.7667,0.0,-0.0,14.7173210462792,-0.0,0.0,0.0,868.7438560238318,-11.386000000000013,-1200.841877070111,3315.6098610228155,0.0,-0.0,29.09145376425527,-0.0,0.0,0.0,-906.4150446418478,-59.11702001805176,-2379.1692501271705,714.8365417716948,0.0,-0.0,3.3702115926035487,-0.0,0.0,0.0,-435.73659148426265,-10.8,-271.67016188003566,17061.80411422847,0.0,-3741.7472443274446,17.785128957892052,-0.0,0.0,0.0,-11800.0,-69.4125,-1468.429498858918,1737.9634118821082,0.0,-0.0,35.32396791930216,-42.04254026368277,0.0,0.0,990.3081146447537,-98.641134175313,-2622.9118200071666,3782.840662136891,0.0,-0.0,126.47879678421036,-274.7915557363205,0.0,0.0,6361.136255453442,-20.676749642996356,-9974.987408995226,577.7405999999999,0.0,-0.0,43.09322430990432,-86.69789093039829,0.0,0.0,2606.742512144736,-17.17080717418618,-3123.707638350055,24393.54848278072,766.6617300068651,-0.0,381.2469263227693,-0.0,0.0,0.0,-720.0,-19.512,-24801.945139110354,89843.94143554014,0.0,-0.0,113.10655106747495,-113.10655106747495,0.0,0.0,166.36293015134925,-21.946399498527054,-89988.35796619298
t376,14880.911740429368,0.0,-0.0,420.28837220916745,-0.0,0.0,0.0,2710.5346869562118,-28.01721032130046,-17983.71758927345,1712.1811063172959,0.0,-0.0,27.747303810406073,-47.13596926997503,0.0,0.0,-79.23088147006132,-11.155103322387994,-1602.4064560652776,328.4561,0.0,-0.0,21.062571453070298,-35.7798924993495,0.0,0.0,911.1912497859682,-11.386000000000013,-1213.544028739689,3256.5678263284985,0.0,-0.0,41.631110505286095,-70.72256426954137,0.0,0.0,-766.9369807774715,-56.94335264392168,-2403.59603914285,747.4361917716949,0.0,-0.0,4.8253200739185615,-8.19553166652211,0.0,0.0,-458.66412590466666,-10.8,-274.60185427442457,16160.751642363171,0.0,-2833.7077329645226,25.45307447882192,-0.0,0.0,0.0,-11800.0,-69.4125,-1483.0844838774701,1691.7200362154279,0.0,-0.0,47.10951284414222,-47.10951284414222,0.0,0.0,1057.1417429380483,-97.61000281985297,-2651.2517763336223,3836.3883165221405,0.0,-0.0,168.6799310679994,-276.7592464459484,0.0,0.0,6361.136255453442,-20.676749642996356,-10068.768506954637,546.7815999999999,0.0,-0.0,57.472450609604486,-57.472450609604486,0.0,0.0,2629.374196895229,-17.262465497425676,-3158.8933313978023,24030.065376309427,1490.0,-0.0,510.50160942265984,-0.0,0.0,0.0,-720.0,-19.512,-25291.054985732088,92651.13819002223,0.0,-0.0,1568.625512798986,-2488.0,0.0,0.0,155.45385612330006,-21.114378608179194,-91866.10318033636
t377,15597.301522719383,1046.7115213731217,-0.0,546.2576520399974,-735.7982089429086,0.0,0.0,1795.470232028304,-35.951151411955216,-18213.991567805937,1732.9527439290966,0.0,-0.0,35.71559265071104,-35.71559265071104,0.0,0.0,-116.36643178451622,-1.477853683663356,-1615.108458460917,473.64689999999996,0.0,-0.0,27.11204056191862,-27.11204056191862,0.0,0.0,753.2459328202611,-3.57791818089624,-1223.3149146393646,3905.0142038658855,0.0,-0.0,53.58293126275369,-53.58293126275369,0.0,0.0,-1413.9345926508925,-68.91921242022742,-2422.160398794766,739.8283400000001,0.0,-0.0,6.21497340722642,-6.21497340722642,0.0,0.0,-459.1952255586658,-3.099567772520994,-277.5335466688134,13407.459175329028,0.0,-0.0,1.660357883560619,-44.898561320274595,0.0,0.0,-11800.0,-69.4125,-1494.8084718923117,2009.3355290747377,384.76357139075577,-0.0,60.6327399997395,-0.0,0.0,0.0,318.30075418188244,-99.30430122699373,-2673.728293420122,4311.09857162219,0.0,-0.0,217.10909453739902,-0.0,0.0,0.0,5634.415896032744,-20.588572456908054,-10142.034989735426,767.2144999999998,0.0,-0.0,73.97528030491537,-3.7596609547292177,0.0,0.0,2380.6003301318337,-30.793087573531018,-3187.2373619084883,23751.888606731118,0.0,-0.0,657.3745897385843,-685.9823861306342,0.0,0.0,1909.3996698681663,-19.43408757353102,-25613.246392633704,90342.28787984046,0.0,-0.0,2031.30328612513,-0.0,0.0,0.0,998.0634349308821,-38.92150279234308,-93332.73309810415
t378,15704.552185262999,0.0,-0.0,652.4375209714314,-708.7,0.0,0.0,2709.695380645486,-30.313960051608685,-18327.671126828303,1748.7520347871503,137.6295391233504,-0.0,42.34462804247617,-0.0,0.0,0.0,-309.80205722750054,-14.563534445485748,-1604.3606102799913,618.8261,0.0,-0.0,32.14415840819329,-20.644226454175797,0.0,0.0,592.1497714637472,-7.95468608810792,-1214.5211173296566,4404.146798790205,0.0,-0.0,63.52844032868911,-63.52844032868911,0.0,0.0,-1925.3488119189392,-72.27073304653425,-2406.5272538247314,783.8069291993788,0.0,-0.0,0.36794447919533707,-0.0,0.0,0.0,-505.1857845602384,-3.410004045781609,-275.57908507255416,13130.277163157547,209.29982941295202,-0.0,38.844695993013495,-24.947705684804586,0.0,0.0,-11800.0,-69.4125,-1484.0614828787068,1836.4614866723225,664.8881737211806,-0.0,71.88683394352216,-0.0,0.0,0.0,185.8819050195225,-102.00318378296771,-2657.115215573579,4306.345,0.0,-0.0,257.4064768448324,-0.0,0.0,0.0,5522.304977223409,-20.218606424837247,-10065.837847643405,781.5699999999999,0.0,-0.0,87.70564163087292,-0.0,0.0,0.0,2317.993818193881,-17.624944440139338,-3169.6445153846144,22611.884247753504,907.1048424153015,-0.0,778.7752603911497,-0.0,0.0,0.0,1302.3108011606332,-14.971984388530654,-25585.103167332058,94092.99602831513,0.0,-0.0,151.89072778767127,-2749.492270052997,0.0,0.0,1910.0,-50.6715,-93354.72298604982
t379,14943.841330336762,0.0,-0.0,363.24245934483696,-56.825349236895136,0.0,0.0,2808.3741605574583,-29.248864087246954,-18029.38373691491,1808.811320130745,215.65968157890552,-0.0,32.877375380969106,-26.327235551100422,0.0,0.0,-461.36005878609353,-14.154327841277548,-1555.5067549121475,618.5703,0.0,-0.0,24.95678703908351,-36.456718993101,0.0,0.0,578.0571102908,-6.758638835924903,-1178.3688395008576,4090.2589396581557,0.0,-0.0,49.327875355042,-49.327875355042,0.0,0.0,-1685.0241107222628,-71.9879421581991,-2333.2468867776934,850.9258291993789,0.0,-0.0,5.717697556336097,-6.085642035531435,0.0,0.0,-579.8598230253746,-3.9140538054212786,-266.78400788938757,8667.1612294217,4656.244788709558,-0.0,30.159045141788127,-44.05603544999704,0.0,0.0,-11800.0,-69.4125,-1440.0965278230506,1709.194667149231,878.0228583365124,-0.0,55.81903930784357,-10.644318621107367,0.0,0.0,47.0506267894898,-102.46132700112682,-2576.9815459608412,3961.698327442805,0.0,-0.0,199.8656885531852,-38.043583219883736,0.0,0.0,5661.136255453442,-20.676749642996356,-9763.979938586552,747.9999999999999,0.0,-0.0,68.09816008647478,-0.0,0.0,0.0,2272.9513212130664,-16.165621796233598,-3072.8838595033076,21321.5687667272,1749.6415766080177,-0.0,610.181392506115,-0.0,0.0,0.0,1248.6745182294753,-14.577757708986642,-24915.488496361828,87325.46669207088,0.0,-0.0,1994.841051526691,-0.0,0.0,0.0,1910.0,-50.6715,-91179.63624359759
t380,14436.900768150344,0.0,-0.0,294.4848324073703,-0.0,760.5520517195648,0.0,1903.954065170452,-32.067791903089045,-17363.823925544642,1769.4823767008472,240.0,-0.0,18.971330764582277,-0.0,0.0,0.0,-519.1148338991104,-8.548436666156748,-1500.7904369001624,618.3521,0.0,-0.0,14.399511185440568,-0.0,0.0,0.0,508.5117868664847,-4.909367919671997,-1136.3540301322532,3781.3037800000006,0.0,-0.0,28.469482998049315,-0.0,0.0,0.0,-1499.1456387964226,-59.45474851661601,-2251.1728756850107,922.1784791993789,0.0,-0.0,3.2929531071890237,-0.0,0.0,0.0,-663.9778816970216,-4.481850701454896,-257.0116999080913,2296.7540019537882,6424.879324237304,-0.0,17.400995628607774,-0.0,0.0,0.0,-7290.380664416267,-59.36107764469786,-1389.2925797587368,1168.2809770878478,1067.4487101419893,-0.0,32.21806430039376,-74.0,0.0,0.0,388.3737285388079,-98.17772207417288,-2484.1437579948647,3692.947404653536,0.0,-0.0,115.34715200819997,-206.0591265537025,181.32852256520988,0.0,5661.136255453442,-20.676749642996356,-9424.023458483689,647.8544999999998,0.0,-0.0,39.297669418737236,-84.31979484739159,222.109687363908,0.0,2164.72283308023,-28.202396830042986,-2961.46249818544,19918.418137205226,855.7192374350087,-0.0,351.48526916761284,-955.9507482448117,1789.472423964571,0.0,1920.0,-19.512,-23859.632319527613,89245.99339627683,0.0,-0.0,1228.1201594672375,-151.89072778767127,0.0,0.0,-2574.079650300594,-43.865311558817545,-87704.27786609699
t381,12080.547816367332,1830.0,-0.0,246.4823472326172,-66.68727879299975,0.0,0.0,2772.4742665021186,-29.49783453547246,-16833.319316773595,1880.1398339340503,75.26280987003338,-0.0,16.507906315796113,-45.84433388178595,0.0,0.0,-422.24736494905244,-13.77626256980501,-1490.0425887192368,618.3521,0.0,-0.0,12.528268871863297,-22.695581176270586,0.0,0.0,526.1350110051781,-6.75956587822553,-1127.5602328225452,3791.9936300000004,0.0,-0.0,24.778762892525442,-43.640197288002014,0.0,0.0,-1476.6416436829654,-61.927892767209315,-2234.5626591543487,939.04981,0.0,-0.0,2.8586055312175254,-0.0,0.0,0.0,-682.2460166072863,-4.605160612099183,-255.05723831183207,2080.1466933333336,6424.879324237304,-0.0,15.139595553571995,-27.42668420093122,0.0,0.0,-7052.654745642404,-60.56159353450586,-1379.5225897463688,1168.2809770878478,1357.424969109469,-0.0,28.043748953653875,-33.740034410989054,0.0,0.0,47.0506267894898,-102.46132700112682,-2464.5989605283435,3640.9757494931782,0.0,-0.0,100.38856349127869,-14.459773661690711,0.0,0.0,5661.136255453442,-20.676749642996356,-9367.364045133212,653.5936528918713,0.0,-0.0,34.19783654769215,-0.0,0.0,0.0,2264.0257980212914,-16.744059061225396,-2935.073228399629,20418.73028877434,1580.0,-0.0,300.6324566428712,-826.6672006286027,863.7891404772988,0.0,1293.49993547659,-14.907224525752937,-23615.077396216744,90195.54629386115,0.0,-0.0,687.9814334559321,-2819.9903926882935,0.0,0.0,-2930.5321223664005,-48.39225795405329,-85084.61295430837
t382,11817.038654787997,1830.0,-0.0,193.7501679715992,-0.0,0.0,0.0,3086.6084744243303,-32.86591016751629,-16894.53138701641,1680.2246839340503,240.0,-0.0,14.298272580938237,-52.82794365187553,0.0,0.0,-396.6842475986608,-14.509718692352937,-1470.5010465720993,618.3521,0.0,-0.0,10.850218742468027,-15.082417623501307,0.0,0.0,505.83774656725916,-7.053743713193615,-1112.9039039730321,3788.5597100000005,0.0,-0.0,21.466586725883737,-31.074635328456488,0.0,0.0,-1512.1298202347398,-61.57132882715321,-2205.250512335533,860.2506599999999,0.0,-0.0,2.4708943191899824,-8.622452957596533,0.0,0.0,-597.9374774712194,-4.03607797293073,-252.1255459174432,2057.3548933333336,6424.879324237304,-0.0,13.111699183868133,-18.22560616511668,0.0,0.0,-7054.6320949447545,-60.551607920528994,-1361.9366077241064,1168.2809770878478,1292.251131227839,-0.0,24.296916984556443,-0.0,0.0,0.0,47.0506267894898,-102.46132700112682,-2429.418325088605,3526.6200217926826,0.0,-0.0,86.96569082912738,-0.0,0.0,0.0,5661.136255453442,-20.676749642996356,-9254.045218432257,747.9999999999998,0.0,-0.0,29.622578443681583,-0.0,0.0,0.0,2132.240404553293,-18.77187090703076,-2891.091112089944,20371.254288774337,1099.5879068810427,-0.0,253.7884516079533,-0.0,0.0,0.0,1111.1511210223764,-13.566960739514467,-22822.2148075462,84581.25229598086,0.0,-0.0,858.0258505787588,-0.0,0.0,0.0,-2982.640988560815,-49.054040554722356,-82407.58311744408
t383,12631.126338360617,1830.0,-0.0,159.17804307754673,-830.9000000000001,0.0,0.0,2326.7409706275466,-23.20059918137571,-16092.944752884334,1481.1496339340501,240.0,-0.0,10.491578078847443,-0.0,0.0,0.0,-337.65083338955014,-16.311657250151786,-1377.678721373196,618.3521,0.0,-0.0,7.96074456327791,-0.0,0.0,0.0,424.19127110310365,-7.950590171012406,-1042.553525495369,3771.8803800000005,0.0,-0.0,15.754609707981869,-0.0,0.0,0.0,-1657.9101399641404,-63.21849901736752,-2066.5063507264745,788.98286,0.0,-0.0,1.8095081426916997,-0.0,0.0,0.0,-550.5860590964215,-3.716455898900845,-236.4898531473692,3644.4710933333336,4082.9214435863196,-0.0,9.619922567289727,-0.0,0.0,0.0,-6400.540598953838,-59.53416591659991,-1276.9376946165041,1168.2809770878478,0.0,-0.0,17.833066187878476,-85.69033255168077,0.0,0.0,1264.1850317536546,-89.59431737461497,-2275.014425103086,2565.135123258672,0.0,-0.0,63.822510604275635,-285.87360049421756,0.0,0.0,6361.136255453442,-20.676749642996356,-8683.543539179176,403.0910601060352,0.0,-0.0,21.73758009036085,-104.51602168321672,0.0,0.0,2400.4341024662026,-16.33525811498812,-2704.4114628643933,20323.778288774338,1200.800488034209,-0.0,180.665616873813,-0.0,0.0,0.0,-720.0,-19.512,-20965.73239368236,81856.11119460067,0.0,-0.0,606.8936045809523,-3159.0,0.0,0.0,-3110.0,-50.6715,-76143.33329918164
t384,13381.545087136028,0.0,-0.0,117.21792546881893,-0.0,0.0,0.0,1102.7326362860074,-9.704047199316866,-14591.791601691537,1274.4594839340502,240.0,-0.0,7.768350218738645,-0.0,0.0,0.0,-238.91375876226198,-16.045067148658106,-1267.269008241869,618.3521,0.0,-0.0,5.894068440808512,-0.0,0.0,0.0,342.85616761393203,-7.601340706612675,-959.5009953481277,3766.6264800000004,0.0,-0.0,11.666771386692682,-0.0,0.0,0.0,-1814.5845261345735,-63.30453983226465,-1900.404185419855,724.2965099999999,0.0,-0.0,1.338170963382559,-0.0,0.0,0.0,-505.27881179896264,-3.410631979642998,-216.9452371847767,3621.6792933333336,1166.7,-0.0,7.122483081486092,-0.0,0.0,0.0,-3578.0115004904824,-43.137476437696584,-1174.3527994866397,1168.2809770878478,0.0,-0.0,13.206510423777171,-0.0,0.0,0.0,973.1343000181081,-63.32845861194573,-2091.2933289177854,2490.320570576037,0.0,-0.0,47.26124222241512,-186.18706415787923,0.0,0.0,5658.208394352234,-18.672087701362372,-7990.931055291445,647.8544999999998,0.0,-0.0,16.096029596463588,-56.31944558344638,0.0,0.0,1889.8570989159994,-12.009921250609798,-2485.478261678407,20296.954465905008,0.0,-0.0,133.28266880125216,-619.3229406382297,0.0,0.0,-720.0,-19.512,-19071.402194068032,72327.7134585749,0.0,-0.0,464.41626243435906,-0.0,0.0,0.0,-3110.0,-50.6715,-69631.45822100928
t385,13394.325042179871,0.0,-0.0,61.41554698401244,-296.21631289920765,0.0,0.0,1666.7714640446784,-14.917981873760713,-14811.377758435596,1373.980898197849,0.0,-0.0,3.9245351390229524,-18.872975039786017,0.0,0.0,-83.95339275363722,-15.62667416043482,-1259.452391383014,618.3521,0.0,-0.0,2.977853845590647,-11.95964585459767,0.0,0.0,350.67788862238797,-6.409732805058255,-953.6384638083225,3887.4479066855783,0.0,-0.0,5.8931881268275905,-9.929189746415318,0.0,0.0,-1931.7171910385796,-63.01538733508221,-1888.6793266923287,787.6939399999997,0.0,-0.0,0.6769462991712872,-2.746021404681035,0.0,0.0,-565.8374556819895,-3.819402825853429,-215.96800638664706,2022.222639120417,0.0,-0.0,3.598499171379153,-17.309534684014327,0.0,0.0,-812.5737324188067,-29.401063712229966,-1166.5368074767453,1168.2809770878478,0.0,-0.0,6.670632845467074,-32.057117670843674,0.0,0.0,971.9303905487832,-36.23567224670864,-2078.5892105645466,7277.635227106857,0.0,-0.0,23.873580456425994,-114.76186354513784,0.0,0.0,756.8605427735155,-2.497639791152601,-7941.109847000508,351.7025999999999,0.0,-0.0,8.131242454248767,-39.09589446057831,0.0,0.0,2157.8414859036475,-8.739258017909771,-2469.840175879408,17818.193517285195,0.0,-0.0,70.0700333584726,-0.0,0.0,0.0,600.0,-9.81,-18478.45355064367,63374.96630386628,0.0,-0.0,233.03891252930111,-0.0,0.0,0.0,-3110.0,-50.6715,-60447.33371639558
t386,14766.960290395898,0.0,-0.0,34.15710496856154,-233.87989157819345,0.0,0.0,-902.3643070971281,-11.666672054068956,-13653.20652463507,1169.5129481978488,0.0,-0.0,2.26796438594998,-37.600791947319294,0.0,0.0,76.55164724645971,-5.99569451191018,-1204.7360733710289,618.3521,0.0,-0.0,1.7211218462797127,-32.792295224520416,0.0,0.0,326.20055791429496,-0.8807415063685964,-912.6007430296856,3959.0376066855783,0.0,-0.0,3.4046549446937293,-64.82607697526072,0.0,0.0,-2058.4440165176325,-31.58978097710505,-1807.5823871602731,766.4315899999998,0.0,-0.0,0.3923018597179903,-7.4182209609521905,0.0,0.0,-549.5008418111892,-3.709130682225527,-206.19569840535084,1999.430839120417,0.0,-0.0,2.079856460173029,-15.589005950237937,0.0,0.0,-862.3789791703973,-6.832852046286601,-1116.7098584136681,828.6234770878476,0.0,-0.0,3.8534220194344986,-28.88796273068995,0.0,0.0,1219.7433109188266,-36.60358482352399,-1986.7286624718963,6557.7400039303775,0.0,-0.0,13.793267968932303,-92.86731678349548,0.0,0.0,1133.0647304518616,-3.739113610491143,-7607.991571957185,351.7025999999999,0.0,-0.0,4.69851245593428,-35.21966691298879,0.0,0.0,2057.284344742341,-20.046975723746453,-2358.41881456154,16685.196027972717,0.0,-0.0,40.470910671029785,-281.2659343363655,0.0,0.0,1030.9626427666642,-12.977575424334983,-17462.386071649715,60884.5189665954,0.0,-0.0,128.4633148338329,-2266.095806906572,0.0,0.0,-1471.1190894441013,-23.659995397425995,-57252.107389681136
t387,15099.353394796788,0.0,-0.0,14.276855556780607,-451.9738396781213,0.0,0.0,-1695.144915870188,-21.61606869417086,-12944.89542611109,998.4871588606063,0.0,-0.0,0.9694302398159097,-0.0,0.0,0.0,175.45064060009173,-6.323009301689631,-1168.5842203988243,618.3521,0.0,-0.0,0.7357853868554586,-0.0,0.0,0.0,265.8952055888614,-0.717917055089926,-884.2651739206269,3918.7996466855784,0.0,-0.0,1.4548904607624136,-0.0,0.0,0.0,-2142.2746011347326,-26.090627807083667,-1751.8893082045242,709.1408899999998,0.0,-0.0,0.1681492865119203,-0.0,0.0,0.0,-505.56416753905,-3.4125581308885877,-200.3323136165731,1984.8954786631775,0.0,-0.0,0.8891531242778009,-24.03872844518812,0.0,0.0,-873.3631771784512,-4.890833792199326,-1083.4918923716168,828.6234770878476,0.0,-0.0,1.6464979920948846,-44.47164762359803,0.0,0.0,1186.6986509016779,-47.334427905668356,-1925.162550452354,5218.252471648502,0.0,-0.0,5.894551228792814,-104.72650523151869,0.0,0.0,2271.382736815143,-7.495563031489971,-7383.307691429431,351.7025999999999,0.0,-0.0,2.0081535737982015,-54.267429465012185,0.0,0.0,1998.613587574749,-14.896385029677733,-2283.1605266538572,16616.965804317017,0.0,-44.88283466209158,17.521987176872532,-341.41212204274717,0.0,0.0,600.0,-9.81,-16838.382834789052,56613.896690985544,0.0,-0.0,56.27276467691379,-94.60435468434002,0.0,0.0,-1281.6939597581013,-19.89758456466432,-55273.97355665535
t388,15121.106680398436,0.0,-871.5994064995909,17.63725728770566,-2.1467649853932156,0.0,0.0,-1742.8891161460579,-22.215258407633023,-12499.893391647465,1199.9063588606064,0.0,-0.0,1.2203570100447971,-0.30202975479074917,0.0,0.0,-52.5336968237946,-3.1566194698065777,-1145.1343698222593,618.3521,0.0,-0.0,0.9262583720741894,-0.22890676152562045,0.0,0.0,248.29853373173827,-0.6704060410756935,-866.6775793012112,3914.0436566855783,0.0,-0.0,1.8313800443170192,-0.4546342624744961,0.0,0.0,-2173.4656741703843,-24.26292471446337,-1717.6918035825731,810.7376399999997,0.0,-0.0,0.18475259265127186,-0.11051093783387256,0.0,0.0,-610.2691743042092,-4.119316926553412,-196.4233904240546,2007.6872786631775,0.0,-0.0,1.119330156054915,-0.2765956701767913,0.0,0.0,-941.2610369974628,-5.2710618071857915,-1061.997914344407,828.6234770878476,0.0,-0.0,2.0725343001262218,-0.5150402134326459,0.0,0.0,1104.9979183807407,-49.105934035970016,-1886.072955519311,5027.751701350856,0.0,-0.0,7.419996062425383,-66.90146453549312,0.0,0.0,2280.9159478032,-7.52702262775056,-7241.659158053238,351.7025999999999,0.0,-0.0,2.5278970397475087,-0.6263143336187114,0.0,0.0,1900.4013606786525,-17.75927412792053,-2236.24626925686,15812.01663396599,0.0,-0.0,22.16107841545786,-176.56853600707547,0.0,0.0,886.0218085238589,-11.912260292650362,-16531.718724605584,55007.4836007751,0.0,-0.0,62.33503143961131,-0.0,0.0,0.0,-900.2168706762811,-14.244243858510378,-54155.35751767991
t389,15063.762511288629,0.0,-767.478861481564,17.429008467956734,-32.919500770269174,0.0,0.0,-1960.0,-24.939999999999998,-12295.853157504755,1392.5722588606066,0.0,-0.0,1.2801125840783454,-6.326729814523997,0.0,0.0,-245.6363620597677,-0.6632181775613729,-1141.2260613928318,618.3521,0.0,-0.0,0.9709002956004944,-0.5498306464983126,0.0,0.0,245.6363620597677,-0.6632181775613729,-863.7463135313085,3903.5243966855783,0.0,-0.0,1.9239871444959789,-1.0920247562397043,0.0,0.0,-2162.8987623603216,-29.628222494702122,-1711.82937421881,909.2132899999998,0.0,-0.0,0.21886523261758148,-0.12218458811073614,0.0,0.0,-709.077537639515,-4.786273379066726,-195.44615962592496,2030.4790786631775,0.0,-0.0,1.173224195256577,-0.6643786978521277,0.0,0.0,-963.6736297319583,-8.247377087927177,-1059.0669173406966,828.6234770878476,0.0,-0.0,2.1784831248194343,-1.2371189546212034,0.0,0.0,1105.2266557536818,-55.55922060569924,-1879.2322764060286,5010.873855562854,0.0,-0.0,7.79265620256174,-4.421554782257264,0.0,0.0,2213.2263463974923,-7.3036469431117235,-7220.167656437539,351.7025999999999,0.0,-0.0,2.6531164515039825,-1.5043977411134386,0.0,0.0,1898.9198774573324,-24.3213501727993,-2227.449845994923,15248.015070774576,0.0,-0.0,22.337055658772144,-57.52554966539449,0.0,0.0,1462.1688306225528,-16.146940905075763,-16658.848466485437,55569.29821895656,0.0,-0.0,76.87047129284878,-0.0,0.0,0.0,-883.8917804992641,-15.104581706311276,-54747.17232804384
t390,13990.602818938434,0.0,-0.0,44.57631364347212,-0.0,0.0,0.0,-1580.2106481927765,-20.173643634819342,-12434.794840754314,1597.7719088606066,0.0,-0.0,3.3162519928474445,-0.0,0.0,0.0,-404.2874390808288,-16.491576085518236,-1180.3091456871068,618.3521,0.0,-0.0,2.516194998732,-0.0,0.0,0.0,281.316364919388,-9.125688687785082,-893.0589712303348,3976.3197766855783,0.0,-0.0,4.980211858944303,-0.0,0.0,0.0,-2141.3168445764018,-69.52947611168146,-1770.4536678564405,911.0026899999998,0.0,-0.0,0.5715326216878809,-0.0,0.0,0.0,-704.5318573715971,-4.75559003725828,-202.28677521283234,2053.2708786631774,0.0,-0.0,3.040613281796861,-0.0,0.0,0.0,-928.306852862806,-32.78875869571003,-1095.2158803864584,828.6234770878476,0.0,-0.0,5.637385697637776,-0.0,0.0,0.0,1179.521294736739,-70.05204947667578,-1943.7301080455493,3941.91888955419,0.0,-0.0,20.17469080768816,-0.0,0.0,0.0,3515.851769057001,-11.602310837888103,-7466.3430385809925,354.6865999999999,0.0,-0.0,6.871155957915811,-0.0,0.0,0.0,1971.9642133712819,-29.83645506415369,-2303.6855142650434,15573.495407131837,0.0,-0.0,60.63939019674571,-42.152588287453305,0.0,0.0,1920.0,-19.512,-17492.47020904113,60433.8970272581,0.0,-0.0,184.53007440057846,-369.1382484431863,0.0,0.0,-3110.0,-50.6715,-57088.6173532155
t391,13791.74965660926,0.0,-0.0,148.70817279392952,-0.0,0.0,0.0,-793.8484334235226,-10.304797839465207,-13136.304598140203,1787.7809430970428,0.0,-0.0,11.495298654768408,-0.0,0.0,0.0,-538.7101791976819,-3.0678253858289235,-1257.4982371683002,618.4725,0.0,-0.0,8.71968748635399,-0.0,0.0,0.0,327.72923997482934,-3.237140832795804,-951.6842866283874,3979.4468326764563,0.0,-0.0,17.272760347039444,-0.0,0.0,0.0,-2049.2341847663583,-60.76022468606381,-1886.7251835710745,888.7454100000007,0.0,-0.0,1.970399687379879,-0.0,0.0,0.0,-671.1944714167996,-4.5305626820633975,-214.99077558851744,5114.721298607057,0.0,-0.0,10.536846285052189,-0.0,0.0,0.0,-3920.0883232129645,-39.6100132036371,-1165.5598084755084,968.7005970521587,0.0,-0.0,19.55577159360889,-0.0,0.0,0.0,1161.4567614574316,-76.0101189052814,-2073.703011197916,3162.7434317681673,0.0,-0.0,69.96312155412662,-0.0,0.0,0.0,4724.189542885869,-15.786249207653762,-7941.109847000508,412.87459999999993,0.0,-0.0,23.822556264545078,-0.0,0.0,0.0,2054.4603010755077,-30.113704722581218,-2461.043752617471,16670.93772556372,0.0,-0.0,206.94688000571892,-18.4868019092924,0.0,0.0,1920.0,-19.512,-18759.88580366014,62825.024680479946,0.0,-0.0,646.9734046928988,-0.0,0.0,0.0,-2214.7602533763106,-39.30195521787915,-61217.93587657866
t392,14232.746516097834,0.0,-920.809049862393,214.88438787629372,-80.33128087489357,0.0,0.0,897.4323821260263,-23.213379032361658,-14320.709576330508,1803.4468127611597,0.0,-0.0,16.223871812210056,-1.9362962803871715,0.0,0.0,-453.4874075298092,-1.2244160003304851,-1363.0225647628429,618.7488999999999,0.0,-0.0,12.309905837761285,-1.4685680702358073,0.0,0.0,403.6763318480197,-1.4610186098189855,-1031.805551005726,4206.296611717643,0.0,-0.0,24.36394568602838,-2.91027829025394,0.0,0.0,-2161.208697445716,-21.530805275024598,-2045.0107763926767,799.2528100000005,0.0,-0.0,2.7965204804676054,-0.3309898828186645,0.0,0.0,-564.3508118645833,-3.809367980085937,-233.5581607529803,8502.606902455796,0.0,-0.0,14.875509085493153,-1.7745988666957238,0.0,0.0,-7206.969077242844,-45.479026832559924,-1263.259708599189,1344.5832599457678,0.0,-23.407659981126926,27.57878154036025,-3.2952590297006683,0.0,0.0,980.3696682926538,-75.24536249801959,-2250.5834282699348,4054.472526602793,0.0,-0.0,98.69797202188693,-11.787345307643122,0.0,0.0,4471.969993942278,-16.75250098000952,-8596.600646279305,427.4215999999999,0.0,-0.0,22.528727352879816,-58.28089456565824,0.0,0.0,2312.5676178739736,-30.12437903236166,-2674.1126716288327,17909.27374943451,0.0,-0.0,271.885187358174,-0.0,0.0,0.0,1920.0,-19.512,-20081.64693679268,63832.04711235861,0.0,-0.0,880.198413441299,-0.0,0.0,0.0,-600.0,-9.81,-64102.43552579993
t393,16171.68581478488,0.0,-850.6565559363676,222.10222354728012,-549.939816986082,0.0,0.0,840.0,-23.96,-15809.231665409709,1705.1095232770376,0.0,-0.0,15.983027399847039,-42.016298705051184,0.0,0.0,-218.73247589574146,-0.590577684918502,-1459.7531983911736,619.0815,0.0,-0.0,12.128788483281388,-28.97851923951029,0.0,0.0,504.80484745936644,-1.9494214498457205,-1105.0871952532918,4264.784365744554,0.0,-0.0,23.995581577493994,-15.889844678867524,0.0,0.0,-2063.6005215240853,-18.6951421929692,-2190.594438926126,722.0570600000005,0.0,-0.0,2.762482406558119,-1.1387482690297404,0.0,0.0,-470.3349489111944,-3.174760905150562,-250.17108432118394,11668.225481086893,0.0,-1719.2233334075804,13.301202590555974,-6.159733556893565,0.0,0.0,-8550.0,-53.0,-1353.143616712975,1325.992626115087,0.0,-232.62343845322084,27.159199892420105,-71.38821339848131,0.0,0.0,1442.3204216971708,-80.60982835756721,-2410.85076749541,4363.731125651646,0.0,-0.0,97.21152934099719,-64.34203119112988,0.0,0.0,4825.542677174483,-17.91929083467579,-9204.22401014132,425.92959999999994,0.0,-0.0,33.11278991810709,-0.0,0.0,0.0,2437.0152705102146,-30.37843776174992,-2865.6792226665707,19257.134919408443,0.0,-0.0,286.5098421260631,-161.5,0.0,0.0,1852.9847294897854,-19.019437761749924,-21216.110053262535,67232.91908120715,0.0,-0.0,851.2583335719215,-671.0,0.0,0.0,-600.0,-9.81,-66803.36741477907
t394,14024.428718875659,0.0,-0.0,201.40256970654553,-201.40256970654553,0.0,0.0,3005.882498011423,-31.816472474148505,-16998.494744412932,1796.9970037637984,0.0,-0.0,14.041393086195075,-8.559184463881728,0.0,0.0,-265.79634947751214,-0.7176501435892829,-1535.96521276501,619.3584999999999,0.0,-0.0,10.655961040047721,-15.543676869802926,0.0,0.0,550.3338411200233,-2.0692032288912108,-1162.7354220613768,4498.22903614194,0.0,-0.0,21.078147158252648,-76.55412228949852,0.0,0.0,-2121.7834342881874,-18.011958324255247,-2302.957668398251,655.8870600000006,0.0,-0.0,2.4296096339869933,-3.097933447655826,0.0,0.0,-389.71308814448736,-2.6305633449752897,-262.87508469686907,10251.316559714885,0.0,-227.44865169320386,12.87700323518226,-11.23436545607587,0.0,0.0,-8550.0,-53.0,-1422.5105458007881,1432.8856813621983,0.0,-117.71498528422535,23.856176795903252,-33.24919934073499,0.0,0.0,1322.0657873453515,-91.90598959734591,-2535.9374712811464,5949.015763084937,0.0,-0.0,85.39444846012265,-68.95614803689764,0.0,0.0,3724.893243444812,-14.287147703367879,-9676.060159249604,425.5565999999999,0.0,-0.0,29.08902355053119,-62.20181346863828,0.0,0.0,2637.3776186542627,-14.603010616655713,-3015.218418119499,21174.98375345711,0.0,-0.0,248.91941150329467,-0.0,0.0,0.0,686.7398833343141,-10.44753814250721,-22100.195510152214,69704.12704849626,0.0,-0.0,741.3293647884094,-494.83714599210373,0.0,0.0,-600.0,-9.81,-69340.80926729258
t395,13590.793050828526,652.0373937155904,-0.0,232.43691906035247,-20.302735631691426,0.0,0.0,3560.0,-39.019999999999996,-17975.944627972774,1856.0438677928444,0.0,-0.0,15.618767326440464,-0.0,0.0,0.0,-291.9178514317068,-0.7881781988656086,-1578.9566054887125,619.4243,0.0,-0.0,6.32636909152739,-4.706047004172158,0.0,0.0,576.0726368726608,-2.13791342971014,-1194.9793455303059,4736.574265194051,0.0,-0.0,23.44559589723735,-0.0,0.0,0.0,-2371.4019205448876,-21.173549146755676,-2367.4443913996442,783.9175100000007,0.0,-0.0,2.703011930990978,-1.0457882231493678,0.0,0.0,-511.42965247175175,-3.452150154184324,-270.69293108190607,10574.191301255803,0.0,-518.2380247475478,14.323702805380183,-5.686473463374686,0.0,0.0,-8550.0,-53.0,-1461.5905058502603,1561.284970368317,0.0,-0.0,26.535484495864313,-20.883334441027493,0.0,0.0,1138.3740043039707,-96.08066294652347,-2609.2304617806017,5595.967367111492,0.0,-0.0,94.98611685042115,-20.20120297376864,0.0,0.0,4280.302783271714,-16.119999184796654,-9934.93506507506,397.9545999999999,0.0,-0.0,32.35660574769986,-0.0,0.0,0.0,2699.889896454989,-25.063690738944167,-3105.1374114637433,22482.27218572927,0.0,-0.0,271.32557697655005,-161.5,0.0,0.0,70.11010354501127,-13.704690738944167,-22648.503175511894,71804.73237615803,0.0,-0.0,811.1477455692159,-208.12989702711434,0.0,0.0,-600.0,-9.81,-71797.94022470016
t396,14800.304723497466,365.78759103088044,-0.0,271.11826687301175,-186.48904027201226,0.0,0.0,3560.0,-39.019999999999996,-18771.701541129343,1635.1303983601053,0.0,-0.0,9.709170738499182,-6.009252543986501,0.0,0.0,-31.45355036656654,-0.08492458598972967,-1607.291841602062,619.5754999999999,0.0,-0.0,13.414181426699987,-17.22848382718879,0.0,0.0,603.5163196501675,-2.802222740086834,-1216.4752945095918,4795.3951359721395,0.0,-0.0,26.525148623515776,-9.045506460948102,0.0,0.0,-2382.043035220485,-20.396202846983027,-2410.43554006724,756.6821600000005,0.0,-0.0,3.064910769991912,-0.0,0.0,0.0,-480.9217637918433,-3.2462219055949424,-275.57908507255416,12519.416691452168,0.0,-2429.3284491315862,16.210234061195298,-15.328997498124032,0.0,0.0,-8550.0,-53.0,-1487.9694788836541,1813.9364624079737,0.0,-1181.6551205786002,30.018716761733863,-10.247356969745402,0.0,0.0,2095.0315692590584,-89.96905530684089,-2657.115215573579,7170.854881023217,0.0,-0.0,107.46726002672524,-174.4012645623343,0.0,0.0,3015.8704604696686,-11.947372519549907,-10107.843964437725,402.8035999999999,0.0,-0.0,36.61155176433146,-0.0,0.0,0.0,2748.8109616513584,-25.423260568137486,-3162.802852847552,22911.2893594898,0.0,-0.0,305.45310945953037,-539.4571975572169,0.0,0.0,21.18903834864136,-14.064260568137486,-22684.410049172617,75920.24833262312,0.0,-0.0,902.9633746193074,-2488.0,0.0,0.0,-600.0,-9.81,-73725.40170724245
t397,15560.26117623512,0.0,-0.0,300.7326158662824,-95.31356480235809,0.0,0.0,3560.0,-39.019999999999996,-19286.660227299042,1582.9273909846675,0.0,-0.0,18.744602376115893,-10.990462583788748,0.0,0.0,0.0,-0.0,-1590.681530776995,619.5509,0.0,-0.0,14.227714454197582,-1.602861913649488,0.0,0.0,574.3254361210405,-2.728045821574942,-1203.7731428400136,4670.980607612156,0.0,-0.0,28.12803454968529,-27.896024042213043,0.0,0.0,-2266.7645769910823,-18.439290076985223,-2386.0087510515605,665.6022100000005,0.0,-0.0,3.2549492193927008,-6.711100473217103,0.0,0.0,-386.887177619082,-2.6114884489288035,-272.6473926781653,12653.061004538844,0.0,-2590.5123327531737,17.193410863341278,-4.404587785147739,0.0,0.0,-8550.0,-53.0,-1472.3374948638652,1931.9494172781024,0.0,-55.74896595960672,31.831185166755418,-0.0,0.0,0.0,815.8346207907362,-92.15927840888615,-2631.706978867101,5844.783128430296,0.0,-0.0,113.96478464357112,-29.313291121845303,0.0,0.0,4083.4916976983877,-15.470522602404676,-9997.455797048002,404.2955999999999,0.0,-0.0,38.82742655167912,-12.4612921175299,0.0,0.0,2729.0752912937273,-25.278203391008894,-3134.4588223368664,22301.149392412663,0.0,-0.0,322.1656836759023,-73.63115321338083,0.0,0.0,40.92470870627267,-13.919203391008896,-22576.68942819045,75211.6061344373,0.0,-0.0,973.5835206415976,-313.55403789329137,0.0,0.0,-600.0,-9.81,-75261.82561718562
t398,15035.645695797468,635.2533112923561,-0.0,233.5964314827954,-27.078892576380177,0.0,0.0,3560.0,-39.019999999999996,-19398.39654599624,1532.875133370838,0.0,-0.0,17.906969036987824,-2.1148872471764077,0.0,0.0,0.0,-0.0,-1548.6672151606494,619.5095,0.0,-0.0,13.592277866402975,-1.3226284409729756,0.0,0.0,543.3078709225042,-2.5807123868818946,-1172.5063079610522,4741.642639581498,0.0,-0.0,26.869638475210717,-68.026887042488,0.0,0.0,-2356.693831907454,-21.29245949597197,-2322.4990996107945,827.412807467287,0.0,-0.0,0.5859703810868326,-0.0,0.0,0.0,-558.4226478838997,-3.769352873216323,-265.8067770912579,13300.417679513981,0.0,-3240.585691639294,16.425546939706393,-40.0,0.0,0.0,-8550.0,-53.0,-1433.257534814393,1853.301600894626,0.0,-1018.9518190529432,26.70292189140132,-3.6064393057113477,0.0,0.0,1797.581267768408,-91.72734446150521,-2563.3001877342763,6248.572417281914,0.0,-0.0,98.23133225797432,-0.0,0.0,0.0,3394.227341100441,-13.195950225631455,-9727.835140414696,513.5845999999999,0.0,-0.0,7.088908552597095,-0.0,0.0,0.0,2558.643030702501,-24.025526275663385,-3055.291012979434,22321.834278406426,0.0,-0.0,316.61583276627044,-27.54167523182961,0.0,0.0,211.3569692974989,-12.666526275663383,-22809.5988789627,78846.2732934923,0.0,-0.0,976.1679131227243,-2488.0,0.0,0.0,-600.0,-9.81,-76724.63120661504
t399,14547.958976625636,904.6795453656624,-0.0,331.9794297191964,-23.79582522437334,0.0,0.0,3560.0,-39.019999999999996,-19281.80212648612,1532.5102703756768,0.0,-0.0,1.500788174619326,-0.0,0.0,0.0,0.0,-0.0,-1534.0110585502962,619.4454999999999,0.0,-0.0,14.647044500958737,-1.1374394586588574,0.0,0.0,531.3270318303034,-2.523803401193941,-1161.7583334714093,4716.106622331755,0.0,-0.0,28.951775097705454,-2.259081147058564,0.0,0.0,-2419.5906533821358,-22.205137623268843,-2301.0035252769962,860.119957467287,0.0,-0.0,3.35466759669865,-0.0,0.0,0.0,-596.5726748121348,-4.026865554981909,-262.87508469686907,13691.99822474423,0.0,-3687.11888865734,17.700212710189476,-0.0,0.0,0.0,-8550.0,-53.0,-1419.5795487970777,1818.3143373190148,0.0,-1117.2950605168337,32.76198117262264,-0.0,0.0,0.0,1898.5444047092005,-92.47923190955372,-2539.8464307744507,6280.438927214193,0.0,-0.0,23.45127100488235,-66.7998299244041,0.0,0.0,3406.2918916547665,-13.235763242460727,-9630.146496706977,492.32359999999994,0.0,-0.0,39.96766936098258,-101.4166274057836,0.0,0.0,2622.5221389597796,-24.49503772135438,-3028.901743193623,23736.595143413793,0.0,-0.0,352.316507963026,-869.2287545528422,0.0,0.0,147.4778610402206,-13.136037721354379,-23354.024720142843,78620.00625727045,0.0,-0.0,1070.1820441737989,-1190.2830337086634,0.0,0.0,-600.0,-9.81,-77890.0952677356
t400,14998.598204833017,0.0,-0.0,433.60594012003617,-27.966618135386806,0.0,0.0,3560.0,-39.019999999999996,-18925.21752681767,1564.494088584943,0.0,-0.0,25.60995289478458,-45.34513474850601,0.0,0.0,0.0,-0.0,-1544.758906731222,619.3263,0.0,-0.0,5.2933095844701015,-34.45947445966716,0.0,0.0,582.1802633171029,-2.7653562507562386,-1169.5750421911496,4698.831423200053,0.0,-0.0,38.42437013703567,-46.864453347395816,0.0,0.0,-2351.393830217006,-22.360839525655756,-2316.6366702470314,920.106807467287,0.0,-0.0,4.453553468148013,-7.893917431327328,0.0,0.0,-647.4664983471363,-4.37039886384317,-264.8295462931283,14008.588280003756,0.0,-3936.2832634668985,1.6426983054311575,-41.598176032842346,0.0,0.0,-8550.0,-53.0,-1429.349538809446,1844.55916742596,0.0,-1073.9745703750775,43.48081153652943,-76.97591399218919,0.0,0.0,1914.0754134078743,-91.77367976212558,-2559.391228240972,6490.381520890045,0.0,-0.0,155.6868784276219,-265.0,0.0,0.0,3322.6046518391645,-12.959595351069241,-9690.713455805762,443.4605999999999,0.0,-0.0,53.04543072039049,-3.7196731743671037,0.0,0.0,2584.767435358421,-24.217540649884395,-3053.336252254559,23247.160813281404,0.0,-0.0,475.0338998703542,-0.0,0.0,0.0,185.23256464157896,-12.858540649884395,-23894.56873714345,78095.56044225227,0.0,-0.0,1410.9067678174513,-126.01034242272529,0.0,0.0,-600.0,-9.81,-78770.64686764702
t401,15502.388048734223,0.0,-0.0,166.8110416216304,-734.2541020664172,0.0,0.0,3560.0,-39.019999999999996,-18455.924988289436,1598.9443477787806,0.0,-0.0,12.967614891342404,-48.58859089912075,0.0,0.0,0.0,-0.0,-1563.3233717710025,619.2139,0.0,-0.0,25.145970735295116,-34.38391286837602,0.0,0.0,576.01439295029,-2.7360683665138774,-1183.2542824506952,4767.207560296591,0.0,-0.0,49.697382873293414,-67.94999361358016,0.0,0.0,-2383.295240660016,-20.687963391067434,-2344.971745505219,783.4332899999999,0.0,-0.0,0.28531397075022724,-8.440183730378232,0.0,0.0,-503.143730573355,-3.3962201813701465,-268.7384694856468,12920.377063186554,0.0,-2857.2377607443527,30.387718422200997,-44.56849903393164,0.0,0.0,-8550.0,-53.0,-1445.9585218304715,1762.4485249473223,0.0,-597.6992170669619,2.888803953846051,-82.5068602700796,0.0,0.0,1598.3045633889406,-91.79567089233407,-2591.6401440607324,6560.928867029,0.0,-0.0,10.324799316523848,-289.597948432106,0.0,0.0,3532.1200148941407,-13.650996049150663,-9800.124736758407,458.0075999999999,0.0,-0.0,3.5129282648621727,-93.81292826486217,0.0,0.0,2750.1570208553444,-25.433154103286782,-3092.4314667520566,24531.399260414335,0.0,-0.0,613.9898926324287,-902.3727845618841,0.0,0.0,19.842979144655487,-14.074154103286784,-24248.78519352625,80858.4818741298,0.0,-0.0,1324.261457837764,-2609.15788323249,0.0,0.0,-600.0,-9.81,-78963.77544873509
t402,14015.634072766718,0.0,-0.0,633.6545877229232,-0.0,0.0,0.0,3560.0,-39.019999999999996,-18170.26866048964,1705.3856440666405,0.0,-0.0,39.60841665874838,-39.60841665874838,0.0,0.0,-141.41292691656665,-1.6264224864280654,-1562.3462946636457,618.9132999999999,0.0,-0.0,30.067058235344227,-30.067058235344227,0.0,0.0,566.017726114261,-2.6538322535332117,-1182.2771938607277,4545.893180697361,0.0,-0.0,59.423460114873805,-59.423460114873805,0.0,0.0,-2178.271097427344,-24.60448088605155,-2343.017602383965,812.50634,0.0,-0.0,6.892092028005213,-6.892092028005213,0.0,0.0,-541.0927254159253,-3.6523758965574955,-267.76123868751716,10461.616227731854,0.0,-0.0,36.33461717032382,-36.33461717032382,0.0,0.0,-8961.55634535856,-55.07835954406073,-1444.9815228292346,1491.1964318629905,0.0,-0.0,67.24179553127665,-67.24179553127665,0.0,0.0,1195.198122781274,-95.73165045685829,-2590.662904187406,5595.668805201698,0.0,-0.0,240.7737231688393,-240.7737231688393,0.0,0.0,4206.656487847527,-15.87696640989684,-9786.448326639327,370.3525999999999,0.0,-0.0,82.03834623847374,-82.03834623847374,0.0,0.0,2747.4924361578173,-25.413569405759958,-3092.4314667520566,24361.279485892188,0.0,-0.0,730.4644304303993,-780.5684259561997,0.0,0.0,22.507563842182662,-14.054569405759956,-24319.62848480281,78271.85613168623,0.0,-0.0,2136.4455778328265,-2136.4455778328265,0.0,0.0,-475.53924162466643,-11.390651631366737,-77784.92623843021
t403,14201.160284574233,0.0,-0.0,492.41940641546756,-30.26039911097837,0.0,0.0,3067.3576186372156,-32.6156490422838,-17698.061261473653,1595.1920035376158,0.0,-0.0,30.857594665542262,-30.857594665542262,0.0,0.0,-64.17214523496591,-15.573264792134408,-1515.4465935105156,618.5804999999999,0.0,-0.0,23.42357812975299,-23.42357812975299,0.0,0.0,534.8859673489567,-5.3873741370929515,-1148.0790932118637,4189.885203343229,0.0,-0.0,46.297559637201914,-46.297559637201914,0.0,0.0,-1855.535211972925,-60.70446979086907,-2273.6455215794354,835.8196491993788,0.0,-0.0,5.366347217439477,-5.366347217439477,0.0,0.0,-572.0151546033262,-3.861102293572452,-259.94339230248016,6439.599411202217,1911.800310513841,-0.0,28.30623639295428,-28.30623639295428,0.0,0.0,-6888.89572000657,-60.51043493467265,-1401.9935667748152,1226.9163151269554,0.0,-0.0,52.389989368631305,-52.389989368631305,0.0,0.0,1383.8606469042497,-97.31600783655863,-2513.460954194647,5276.295932223249,0.0,-0.0,187.58744620748683,-187.58744620748683,0.0,0.0,4241.87161756458,-15.993176337963115,-9502.174373449865,351.7025999999999,0.0,-0.0,63.91467398556605,-63.91467398556605,0.0,0.0,2662.6423813627844,-14.7646490422838,-2999.5803323205,22483.156124835263,37.98883125799466,-0.0,576.5266434898125,-0.0,0.0,0.0,600.0,-9.81,-23687.861599583073,76430.46311514132,0.0,-0.0,1736.7600854575871,-0.0,0.0,0.0,-3110.0,-50.6715,-75006.55170059892
t404,13996.414577397625,0.0,-0.0,284.0473227859862,-708.7,0.0,0.0,3560.0,-39.019999999999996,-17092.741900183613,1571.1627500000002,0.0,-0.0,18.022822020090977,-0.0,0.0,0.0,-96.18528542584386,-15.659700270649779,-1477.3405863235973,618.3521,0.0,-0.0,13.679559726923259,-0.0,0.0,0.0,491.58921878314925,-5.831531587202578,-1117.7893469228698,3797.4852000000005,0.0,-0.0,27.046176876472064,-0.0,0.0,0.0,-1548.975797164163,-60.53435177050383,-2215.021227941805,880.4516491993788,0.0,-0.0,3.1282244874200553,-0.0,0.0,0.0,-626.2499100781982,-4.227186893027838,-253.10277671557282,2042.0505200000002,4783.3959378857535,-0.0,16.53097349755677,-0.0,0.0,0.0,-5424.7299294521,-50.425899200920384,-1366.8216027302904,1168.2809770878478,298.53157282933626,-0.0,30.607383047784765,-0.0,0.0,0.0,1033.4545508031274,-83.86584095962041,-2447.008642808474,6215.8470326948645,0.0,-0.0,109.58040461457546,-0.0,0.0,0.0,2951.0971525340287,-11.733620603362294,-9264.790969240106,351.7025999999999,0.0,-0.0,37.33294556710544,-0.0,0.0,0.0,2554.3938921407607,-23.994295107234592,-2919.43514260063,22295.166836572254,0.0,-0.0,335.56608107853066,-40.60260420311638,0.0,0.0,215.6061078592395,-12.63529510723459,-22793.10112619967,74004.75910999218,0.0,-0.0,1057.383018052553,-148.46626132054305,0.0,0.0,-3110.0,-50.6715,-71753.00436672421
t405,13765.198916196787,0.0,-0.0,239.3819959146794,-772.8860688323743,0.0,0.0,3560.0,-39.019999999999996,-16752.674843279096,1785.1563500000002,0.0,-0.0,15.704252052599522,-2.269330803762932,0.0,0.0,-300.15488120918985,-16.210418179264813,-1482.2259718603818,618.3521,0.0,-0.0,11.918330601707796,-0.0,0.0,0.0,498.744388699717,-7.317118018684809,-1121.69770128274,3799.2002500000003,0.0,-0.0,23.572560032350626,-3.4159400519799923,0.0,0.0,-1531.9926564584025,-64.52641309514513,-2222.8378004268225,1065.571749199379,0.0,-0.0,2.7193265199846537,-0.3822030827390201,0.0,0.0,-808.3723517486188,-5.456513374303177,-254.08000751370244,2064.8423199999997,5258.179324237304,-0.0,14.402523108647767,-0.0,0.0,0.0,-5908.726482520618,-56.99108708885891,-1371.7065977364744,1168.2809770878478,858.928702579421,-0.0,26.678649853246185,-3.8698062127325783,0.0,0.0,496.9959105774469,-93.16511196347479,-2453.8493219217567,4904.985227309513,0.0,-0.0,95.50167085041099,-13.830974056618288,0.0,0.0,4333.506072659666,-16.295570039776898,-9303.866426723194,351.70259999999985,0.0,-0.0,32.53303335214669,-4.7058754562241845,0.0,0.0,2570.862385777233,-24.115338535462666,-2926.276805137692,22403.650139397025,0.0,-0.0,289.90178599795917,-183.87767937106142,0.0,0.0,199.13761422276679,-12.756338535462664,-22696.055521711227,72733.80339618034,0.0,-0.0,882.4690817492891,-0.0,0.0,0.0,-3110.0,-50.6715,-70455.60097792963
t406,13175.900897661986,0.0,-0.0,206.442410412956,-146.761984145508,0.0,0.0,3560.0,-39.019999999999996,-16756.561323929433,1882.6917164514846,0.0,-0.0,13.470539780729428,-0.0,0.0,0.0,-417.92650207073575,-16.528401555590985,-1461.7073526058873,618.3521,0.0,-0.0,10.222069600267844,-6.667005032253714,0.0,0.0,493.35432725119665,-8.220119385983796,-1107.0413724332268,3786.3175266288445,0.0,-0.0,20.223982517364526,-18.396691149176647,0.0,0.0,-1528.8132782421594,-65.80588614686549,-2193.5256536080074,1070.20386,0.0,-0.0,2.327735491641032,-0.0,0.0,0.0,-815.8761165853762,-5.507163786951289,-251.14831511931357,2359.460477775416,3016.085745993403,-0.0,12.352624782566512,-8.055964413973236,0.0,0.0,-3979.1560481340334,-47.54321929040472,-1353.143616712975,1168.2809770878478,1714.6206406276913,-0.0,22.890518824915848,-0.0,0.0,0.0,-406.03963178440017,-80.10657840071043,-2419.6459263553443,5333.716853441644,0.0,-0.0,81.93154662742265,-0.0,0.0,0.0,3784.457249565508,-12.488708923566175,-9187.616940711008,351.7025999999999,0.0,-0.0,27.907766997937003,-0.0,0.0,0.0,2528.218729491836,-25.534407661764995,-2882.294688828007,22020.210172511546,0.0,-0.0,244.47218163311726,-146.06195968636803,0.0,0.0,-108.2187294918358,-15.015407661764993,-21995.386257304697,71788.59903187725,0.0,-0.0,760.3665729148206,-594.363789887487,0.0,0.0,-3110.0,-50.6715,-68793.93031490459
t407,12527.368425210714,0.0,-0.0,153.20199831050562,-93.05974803553667,0.0,0.0,3560.0,-39.019999999999996,-16108.490675485684,1815.328398197849,0.0,-0.0,9.93661683326306,-6.527411947127385,0.0,0.0,-412.81934419318486,-16.5146122293216,-1389.4036466614784,618.3521,0.0,-0.0,7.5396326334938095,-0.0,0.0,0.0,434.89244376789236,-8.459765006341739,-1052.3244113950443,3781.6792066855783,0.0,-0.0,14.921343585807527,-9.825472720412801,0.0,0.0,-1636.949978700145,-65.73146003306394,-2084.093638817764,962.1868899999997,0.0,-0.0,1.688953997769969,-1.6,0.0,0.0,-718.9784248861597,-4.853104367981578,-238.44431474362844,2067.8062391204166,1181.1277971557913,-0.0,9.111040916562072,-0.0,0.0,0.0,-1934.5560102148581,-36.781382349039504,-1286.7076846288724,1168.2809770878478,1714.6206406276913,-0.0,16.889904201057,-11.130955109838277,0.0,0.0,-528.281703481498,-62.887921135674446,-2297.490942189586,6799.204037522126,0.0,-0.0,60.446842335766654,-39.78285807775533,0.0,0.0,1926.6930177079537,-6.358086958436247,-8740.202952529653,351.7025999999999,0.0,-0.0,20.587794780554837,-13.535791090358892,0.0,0.0,2401.5363227443677,-24.6032919721711,-2735.6876344623915,21230.06359501251,0.0,-0.0,176.26152289401534,-844.8,0.0,0.0,18.463677255632547,-14.084291972171101,-20565.90450318999,69637.27519366665,0.0,-0.0,564.1464939772179,-2488.0,0.0,0.0,-3110.0,-50.6715,-64552.750187643884
t408,11681.337734462802,0.0,-0.0,115.25376335660744,-355.59261418324604,0.0,0.0,3560.0,-39.019999999999996,-14961.978883636168,1613.773698197849,0.0,-0.0,7.545038348956206,-0.0,0.0,0.0,-308.50445306096526,-16.232962023264605,-1296.5813214625753,618.3521,0.0,-0.0,5.724618228571612,-2.364240371462882,0.0,0.0,368.26067502918806,-7.999119968915548,-981.9740329173812,3787.4462966855785,0.0,-0.0,11.331464559729419,-0.0,0.0,0.0,-1788.022660551453,-65.40562348515017,-1945.349477208705,882.9806399999997,0.0,-0.0,1.2996244972675641,-0.0,0.0,0.0,-658.0073238856146,-4.441549436227898,-221.8313911754248,2045.014439120417,1798.1493059922736,-0.0,6.91771555652832,-0.0,0.0,0.0,-2607.26587497369,-41.106814174258645,-1201.7087715212701,1168.2809770878478,0.0,-0.0,12.826978555797123,-0.0,0.0,0.0,1026.190890213525,-64.21180365310397,-2143.087042204067,7154.52587999587,0.0,-0.0,45.902877502549444,-0.0,0.0,0.0,970.2681008840025,-3.9262444170837476,-8166.77061396534,351.7025999999999,0.0,-0.0,15.633361777235336,-0.0,0.0,0.0,2204.1958134893443,-22.523790029738894,-2549.0079852368403,19244.409063599636,0.0,-0.0,132.36730602312048,-741.3684647793905,0.0,0.0,342.88483285566275,-11.69979647851088,-18966.59294122052,62678.6475055398,0.0,-0.0,424.3578990222584,-206.3252591046845,0.0,0.0,-3110.0,-50.6715,-59736.00864545736
t409,13928.461623317764,883.4975706925625,-0.0,53.67727089908115,-393.2244154729058,0.0,0.0,-2696.0502816386456,-31.417242478420082,-11744.944525319437,1242.8891482933207,0.0,-0.0,3.6976364585927293,-50.55027831346006,0.0,0.0,-78.70603563611462,-15.18749370378249,-1102.1429770985567,618.1522499999999,0.0,-0.0,2.8056958875752818,-38.367579353359204,0.0,0.0,259.9416521804342,-8.098362882368008,-834.4336558322822,3892.127083885737,0.0,-0.0,5.552438280449194,-69.97915485970151,0.0,0.0,-2135.976596568841,-38.518690156464366,-1653.2050805811796,832.7614799999998,0.0,-0.0,0.6378449029443084,-8.770573189635378,0.0,0.0,-631.7588355344338,-4.264372139857429,-188.6055440390176,2005.398692193878,0.0,-0.0,3.390460584515867,-46.364991718642365,0.0,0.0,-924.7057296245599,-15.777476141494034,-1021.940955293698,790.139651751625,0.0,-0.0,6.284917625730564,-85.8520535450582,0.0,0.0,1141.7051867368332,-34.61153818264411,-1817.6661643864863,7946.625925068904,0.0,-0.0,6.929000184596032,-307.36011729993027,0.0,0.0,-689.7789917283217,-1.9612706727034612,-6954.454545552543,351.7025999999999,0.0,-0.0,7.661115162653889,-96.59004134315589,0.0,0.0,1925.3296318136495,-29.070085008845282,-2159.0332206243024,16931.44944615036,0.0,-1221.6711967975173,61.60925834239564,-952.3424379040766,0.0,0.0,720.0,-19.512,-15519.533069791165,55833.322086449836,0.0,-0.0,258.06299259815023,-2956.989057012838,0.0,0.0,3110.0,-50.6715,-56193.72452203515
t410,13607.015267237251,0.0,-0.0,30.065088250894192,-336.42717118030833,0.0,0.0,-2451.426500563728,-29.264553204960805,-10819.96213053915,1267.6556327908866,0.0,-0.0,2.1441758573415,-0.0,0.0,0.0,-201.65515583827857,-14.855531079236648,-1053.2891217307128,618.1522499999999,0.0,-0.0,1.6271844741683559,-0.0,0.0,0.0,184.34817787325005,-6.823322933902762,-797.3042894135156,3786.7742838857375,0.0,-0.0,3.218808861886149,-0.0,0.0,0.0,-2169.7948478851463,-39.296459767708726,-1580.9017850947687,836.2643799999997,0.0,-0.0,0.3709068076410349,-0.0,0.0,0.0,-651.45029963115,-4.397289522510262,-180.7876976539806,1982.6068921938781,0.0,-0.0,1.9663399371966734,-0.0,0.0,0.0,-994.9261031087426,-12.64812778552664,-976.999001236805,780.5338954175693,0.0,-0.0,3.643073543149034,-0.0,0.0,0.0,986.0486062087298,-33.670320269025694,-1736.5552549004228,6909.7942840266705,0.0,-0.0,13.04036373226593,-0.0,0.0,0.0,-262.7691602191808,-0.6306459845260338,-6659.43484155523,351.7025999999999,0.0,-0.0,4.442053773890799,-0.0,0.0,0.0,1731.6252831642464,-28.42951328245355,-2059.3404236556835,14647.855207313818,0.0,-615.8271114506462,35.88399518747272,-0.0,0.0,0.0,720.0,-19.512,-14768.400091050646,50344.48697479023,0.0,-0.0,122.44003122656792,-0.0,0.0,0.0,3110.0,-50.6715,-53526.25550601681
t411,12687.632945432446,0.0,-0.0,12.518177500674545,-8.081326936784974,0.0,0.0,-2402.923155338779,-28.837723766981256,-10260.308916890574,1197.8502369781984,0.0,-0.0,0.9099002668778237,-0.6155684707767369,0.0,0.0,-165.0759279138016,-14.954294994632736,-1018.1143458658654,618.1522499999999,0.0,-0.0,0.6906039999293134,-9.744372314563106,0.0,0.0,168.84662158861386,-7.022205789588094,-770.9228974843919,3775.0306508380613,0.0,-0.0,1.3655451584995562,-0.9265925402218252,0.0,0.0,-2207.927245165714,-39.40243746972419,-1528.1399208209014,821.7999293157691,0.0,-0.0,0.15782884928783986,-0.0,0.0,0.0,-643.6659310633064,-4.344745034677318,-173.9470820670732,1991.918877645353,0.0,-0.0,0.8345541734822611,-0.5637311258692221,0.0,0.0,-1035.2561386834693,-12.175527813505848,-944.7580341959905,780.5338954175693,0.0,-0.0,1.545384213126106,-1.0497062343771724,0.0,0.0,929.8291341197796,-33.915084888565644,-1676.9436226275327,6637.700593637275,0.0,-0.0,5.532568879779788,-62.466261905378516,0.0,0.0,-137.86996018314508,-0.3308879044395482,-6442.566052524093,351.7025999999999,0.0,-0.0,1.8848362826646745,-1.276494618347549,0.0,0.0,1664.0426026398222,-28.36188710638909,-1987.9916571977506,16035.46352615265,0.0,-2287.861719568081,15.49617591826003,-193.0298424778722,0.0,0.0,720.0,-19.512,-14270.556140024955,49730.61574139467,0.0,-0.0,54.12661037604693,-796.8743306214362,0.0,0.0,3110.0,-50.6715,-52047.19652114929
t412,12884.54302828704,0.0,-0.0,15.425317672651596,-207.4697232651174,0.0,0.0,-2728.8910792600172,-31.70624149748815,-9931.901301937069,1252.9800782850216,0.0,-0.0,1.1439232742918124,-12.370350789320149,0.0,0.0,-223.4989085676134,-14.796552946867443,-1003.4581892555123,618.1522499999999,0.0,-0.0,0.8682460033937132,-0.11322517711378602,0.0,0.0,146.77266687734016,-6.482103298838646,-759.1978344047814,3783.317850838061,0.0,-0.0,1.716671197389898,-24.43915549259709,0.0,0.0,-2215.3143816971387,-39.61370991923898,-1505.6672749264762,825.146859315769,0.0,-0.0,0.1733582561851192,-2.233933155041784,0.0,0.0,-646.7282482702741,-4.36541567582435,-171.99262047081396,2014.710677645353,0.0,-0.0,1.0492256303376803,-11.348700414767345,0.0,0.0,-1056.3435989865789,-16.987555695669087,-931.0800481786753,780.5338954175693,0.0,-0.0,1.9427186166242847,-20.996746967819174,0.0,0.0,928.0432168786792,-37.98769802399889,-1651.535385921055,6045.684777020264,0.0,-0.0,6.955247802236073,-0.9105191326233625,0.0,0.0,299.99921917222764,-0.9899974232683512,-6350.738727438837,351.7025999999999,0.0,-0.0,2.3695664722001677,-33.74327185227982,0.0,0.0,1665.9611138533755,-28.59714251110617,-1957.6928659621901,15578.064524054795,0.0,-2144.8306863585394,19.720400144423007,-19.720400144423007,0.0,0.0,720.0,-19.512,-14133.721837696256,48308.934919608735,0.0,-0.0,59.9289225753846,-10.097832697932622,0.0,0.0,3110.0,-50.6715,-51418.09450948618
t413,13123.464972622674,263.81494085922986,-0.0,15.136091029327211,-23.067447937319084,0.0,0.0,-3560.0,-39.019999999999996,-9780.328556573912,1459.0739282850216,0.0,-0.0,1.2012832081577445,-0.6784442932215576,0.0,0.0,-434.0940149258903,-14.227946159700096,-1011.2748061143673,618.1522499999999,0.0,-0.0,0.9111152325683132,-0.5141893590731805,0.0,0.0,152.4283127353542,-4.94003407429505,-766.0374545345542,3826.791330838061,0.0,-0.0,1.805495571674625,-1.0212371992703448,0.0,0.0,-2269.258446322953,-40.925009233509485,-1517.3921336540022,874.2955593157691,0.0,-0.0,0.20540136058312058,-0.0,0.0,0.0,-696.8275236229537,-4.703585784454937,-172.9698512689436,2037.5024776453529,88.87514440656716,-0.0,1.1009808715126803,-0.0,0.0,0.0,-1159.051872250262,-29.530690484601465,-938.8960401885696,818.956920753792,0.0,-0.0,2.0443132071182757,-1.156926057914656,0.0,0.0,893.0257290682978,-48.63053269699958,-1664.2395042742937,3831.0946488607406,0.0,-0.0,7.312744760821051,-4.134939429213493,0.0,0.0,2577.724632134702,-8.506491286044517,-6403.490595041006,351.7025999999999,0.0,-0.0,2.489731374968296,-1.4068792185752301,0.0,0.0,1636.979327473721,-17.411208231362387,-1972.3535713987517,13995.469486750622,0.0,-0.0,19.801358622949703,-0.0,0.0,0.0,349.073855709984,-2.5656928394683822,-14361.779008244088,49770.62739202671,0.0,-0.0,73.22144863981622,-0.0,0.0,0.0,2510.0,-40.8615,-52312.98734066653
t414,13088.034255591137,452.6899234225057,-0.0,38.77813105264012,-0.0,0.0,0.0,-3560.0,-39.019999999999996,-9980.482310066285,1258.8470282850217,0.0,-0.0,3.140096727975196,-0.0,0.0,0.0,-189.90243141768406,-14.887263435172253,-1057.1974301601404,618.1522499999999,0.0,-0.0,2.3825448066309236,-0.0,0.0,0.0,186.62244387111332,-6.921683494326042,-800.2355551834181,3795.544520838061,0.0,-0.0,4.715640198271353,-0.0,0.0,0.0,-2173.393456623262,-40.10248995453824,-1586.7642144585318,898.2040593157691,0.0,-0.0,0.5412058244209599,-0.0,0.0,0.0,-713.1438465221847,-4.813720964024747,-180.7876976539806,2060.294277645353,792.5756993743535,-0.0,2.87910861635806,-0.6213121422134263,0.0,0.0,-1840.871893647672,-33.34888260442696,-980.9069972417523,828.5594770878477,0.0,-0.0,5.337890663510384,-0.0,0.0,0.0,959.106196530284,-51.56211001458788,-1741.4414542670531,4538.179610269117,0.0,-0.0,19.10294389149208,-0.0,0.0,0.0,2145.3768291025135,-7.079743536038294,-6695.579639727086,360.6545999999999,0.0,-0.0,6.506154353467049,-0.0,0.0,0.0,1720.7524107422696,-24.663219990302885,-2063.2499451054337,14234.836968033085,0.0,-0.0,53.862229779638405,-0.0,0.0,0.0,955.4537479646224,-7.022585047539974,-15237.130360729807,53031.11790795235,0.0,-0.0,178.98664690341258,-80.20158943833007,0.0,0.0,2510.0,-40.8615,-55599.04146541744
t415,16284.871020700488,0.0,-1830.0,131.18370280864303,-233.142764025718,0.0,0.0,-3560.0,-39.019999999999996,-10753.891959483415,1199.1899581503603,0.0,-0.0,10.954680574234075,-0.0,0.0,0.0,-58.5620804858587,-15.241882382688182,-1136.3406758560475,618.2194999999999,0.0,-0.0,8.309632358714914,-0.0,0.0,0.0,241.46951953087557,-8.160692718152012,-859.8379591714383,3991.455881825467,0.0,-0.0,16.460318612971637,-0.0,0.0,0.0,-2263.291845020874,-39.634482123144444,-1704.9898732944198,853.12947940359,0.0,-0.0,1.8778587634196606,-0.11426430201626235,0.0,0.0,-655.996170883733,-4.427974153465198,-194.46892882779534,2643.0693011188714,2041.1050978460357,-0.0,10.041338842828527,-0.0,0.0,0.0,-3596.8514473679625,-43.182368105260586,-1054.1819223345126,818.953720753792,0.0,-0.0,18.63590213763588,-0.0,0.0,0.0,1101.114372390337,-65.33515811569124,-1873.3688371660724,3634.3165246207,0.0,-0.0,66.67243302974674,-0.0,0.0,0.0,3490.645484967319,-11.519130100392152,-7180.115312517374,533.7266,0.0,-0.0,22.702138250871926,-0.0,0.0,0.0,1692.3204334483357,-26.186227516471554,-2222.562944182736,15522.485913029977,0.0,-0.0,187.24372185552886,-103.13589478560671,0.0,0.0,1099.151733421561,-8.078765240648472,-16697.666708280813,58586.43785600912,0.0,-0.0,641.1833109551692,-466.39472328589795,0.0,0.0,2510.0,-40.8615,-61230.36494367839
t416,17332.338611820684,0.0,-1830.0,192.1805556283564,-192.1805556283564,0.0,0.0,-3560.0,-39.019999999999996,-11903.318611820683,1252.9975702822776,0.0,-0.0,15.40959835216249,-7.093492550857505,0.0,0.0,-13.856857221057908,-15.362586485503144,-1232.0942323770214,618.5450999999999,0.0,-0.0,11.69210763976466,-2.136874956315458,0.0,0.0,313.8568572210579,-8.837586485503143,-933.1196034190041,4359.173839806941,0.0,-0.0,23.140983600209697,-2.7384447224605166,0.0,0.0,-2491.5414581908854,-39.415527787189845,-1848.6193927066145,755.3379294035901,0.0,-0.0,2.656319889093947,-0.3114399893114435,0.0,0.0,-542.9361379760354,-3.664818931338239,-211.08185239599894,8984.313397363503,0.0,-2451.6607034617805,14.128953291462441,-1.6698147473606069,0.0,0.0,-5350.0,-53.0,-1142.111832445825,1230.685541424902,0.0,-1563.5387774395688,26.194394340334036,-3.100697005865094,0.0,0.0,2419.254640066132,-76.83616486771386,-2032.6589365182215,4134.257932000208,0.0,-0.0,93.74389243375997,-11.091372009383948,0.0,0.0,3568.929280461246,-11.77746662552211,-7774.062266260308,588.9305999999999,0.0,-0.0,31.927882411475785,-3.7761734442052983,0.0,0.0,1826.2936756395438,-29.24648938634015,-2414.129495220474,16421.615256134966,0.0,-0.0,264.9881340201382,-9.498598222938341,0.0,0.0,1320.0,-9.702,-17987.402791932167,61632.05013018781,0.0,-0.0,884.6667417773297,-0.0,0.0,0.0,2510.0,-40.8615,-64985.85537196514
t417,16572.97428789582,0.0,-1830.0,200.3821102575914,-0.0,0.0,0.0,-1652.8545135935578,-21.085324145599152,-13269.416560414258,1434.9460327189813,0.0,-0.0,15.309590194874781,-1.0995756111884702,0.0,0.0,-95.41803892885457,-15.142371294892092,-1338.5956370789208,618.8972999999999,0.0,-0.0,11.617776395736131,-4.074876233355952,0.0,0.0,395.41803892885457,-8.617371294892093,-1013.2408677963426,3991.4815145383222,0.0,-0.0,22.98442157497821,-9.584950378537531,0.0,0.0,-1957.5050316727984,-39.493896973119604,-2007.882057088844,732.8174294035899,0.0,-0.0,2.646218231351973,-1.0788863080419975,0.0,0.0,-501.35140180425947,-3.3841219621787513,-229.6492375604618,12933.036078698811,0.0,-4556.299843704289,14.039245741989294,-5.836220656630296,0.0,0.0,-7104.558131931908,-39.592396577231064,-1240.7887315707424,1745.506974794267,0.0,-1714.6206406276913,26.014680816278858,-10.856433493169156,0.0,0.0,2232.3202489516125,-68.82547685105736,-2209.53935359024,5693.960398863602,0.0,-0.0,93.11519352467573,-38.813525046183486,0.0,0.0,2706.57890016115,-9.657718970903437,-8445.183248532341,530.3695999999999,0.0,-0.0,31.717540620326737,-53.87672917139166,0.0,0.0,2147.369929889762,-30.336687831735432,-2625.243653506961,17156.684382989315,0.0,-0.0,263.32489041811516,-0.0,0.0,0.0,1914.3977918228852,-19.420403896304173,-19314.986661334013,66663.97853574622,0.0,-0.0,626.9661932223307,-607.74981408553,0.0,0.0,1915.6022081771148,-50.579903896304174,-68548.21721916384
t418,16825.467470210395,0.0,-1741.5927604840022,183.239373701182,-298.1885491130121,0.0,0.0,-596.0854632319501,-11.322447923558839,-14361.51762315905,1634.604195665216,0.0,-0.0,13.217789615779502,-18.841259078266194,0.0,0.0,-179.71676787609954,-14.91476472673453,-1434.3491935998948,619.1212999999999,0.0,-0.0,10.365852827814326,-14.291643933270887,0.0,0.0,479.71676787609954,-8.389764726734532,-1086.5225120439084,3469.0063217273996,0.0,-0.0,20.504154612151442,-28.31188861739931,0.0,0.0,-1264.204674183906,-45.48233703720655,-2151.5115765010387,606.0458794035899,0.0,-0.0,2.363564615095244,-3.2282928668537383,0.0,0.0,-356.5125304426781,-2.406459580488077,-246.26216112866544,16347.330976647509,0.0,-6424.879324237304,12.058758275372313,-13.195938979201857,0.0,0.0,-8544.03427840426,-47.584552618821704,-1329.6956406832917,1913.8684610451446,0.0,-1714.6206406276913,23.20649679753289,-32.05443054568114,0.0,0.0,2236.174983637876,-58.72265723811784,-2367.8522130690626,7228.595012645769,0.0,-0.0,79.95667097045589,-278.56885442966615,0.0,0.0,2024.6619626249194,-8.676384476662234,-9045.968407334814,514.7035999999999,0.0,-0.0,28.29696613801997,-68.25150268063256,0.0,0.0,2370.0,-30.871000000000002,-2813.8780634573864,20611.73495153645,0.0,-776.8472617212838,234.7017571277775,-88.68867441171457,0.0,0.0,720.0,-19.512,-20681.388772531234,68252.59014545284,0.0,-0.0,759.4610554412981,-0.0,0.0,0.0,3110.0,-50.6715,-72071.37970089415
t419,16771.276775417944,0.0,-1646.9360449633405,212.1244931842976,-297.55742803005893,0.0,0.0,282.1894117552904,-19.051266823446554,-15302.045940540685,1802.601169689905,0.0,-0.0,15.428039690237817,-48.72073198540759,0.0,0.0,-251.84386471458834,-14.720021565270612,-1502.7445911148761,619.2892999999999,0.0,-0.0,11.708407726956107,-37.31543215405298,0.0,0.0,551.8438647145883,-8.195021565270611,-1137.3311187222207,3430.8367459420465,0.0,-0.0,23.159185653430825,-73.77231663929967,0.0,0.0,-1081.6252749636517,-45.47132118626133,-2253.127018806265,588.79892940359,0.0,-0.0,2.6701226395364963,-8.53676270090066,0.0,0.0,-322.7646969317159,-2.178661704289082,-257.9889307062209,17128.106933740703,0.0,-6083.831170988427,14.148822761552864,-48.7,0.0,0.0,-9561.48480021621,-56.0162085351742,-1392.2235767624472,1919.5364575211267,0.0,-1714.6206406276913,26.211286956828403,-83.4847223466192,0.0,0.0,2392.0146279318133,-57.46773118724537,-2482.1892782482128,7716.426765792417,0.0,-0.0,93.82586291517674,-131.89381818536748,0.0,0.0,1791.6707324244735,-7.907513417000763,-9462.122029529699,525.8935999999999,0.0,-0.0,31.961433095304134,-31.961433095304134,0.0,0.0,2456.033746524114,-30.23865196304776,-2951.6886945610654,22653.262542483484,0.0,-597.8732811101656,177.00608573205795,-999.6050101359461,0.0,0.0,633.9662534758859,-18.879651963047763,-21847.87693848227,74947.97833184685,0.0,-0.0,839.8421265429491,-2899.8124865499994,0.0,0.0,3110.0,-50.6715,-75947.3364718398
t420,14971.143592198692,0.0,-1100.3376109869935,246.42089589982564,-0.0,0.0,0.0,2040.0,-39.019999999999996,-16118.206877111526,1795.8773797245133,0.0,-0.0,17.531524182236865,-0.0,0.0,0.0,-249.03701156998295,-14.727600068761046,-1549.6442922680062,619.3428999999999,0.0,-0.0,13.30608504979801,-0.0,0.0,0.0,549.037011569983,-8.202600068761047,-1173.4833965510197,3472.489541871362,0.0,-0.0,26.311261958340864,-0.0,0.0,0.0,-1127.0496682217683,-47.29789287588575,-2324.4532427320487,679.58857940359,0.0,-0.0,3.0403112467363456,-0.0,0.0,0.0,-414.02742841725205,-2.7946851418164513,-265.8067770912579,17277.13872400969,0.0,-5646.845152999931,16.0796077516897,-0.0,0.0,0.0,-10150.08123570427,-61.08041024030656,-1435.2115328168666,2030.0157017827823,0.0,-0.0,29.77662327909563,-0.0,0.0,0.0,577.7160399842919,-76.16265705854742,-2561.3457079876243,7193.209914295721,0.0,-0.0,106.60077370111848,-106.60077370111848,0.0,0.0,2573.4422923589987,-10.487359564784693,-9756.164847089934,541.1865999999999,0.0,-0.0,36.31641544299725,-36.31641544299725,0.0,0.0,2536.90698410917,-29.6442336667976,-3048.4493504423717,21390.731790247093,0.0,-0.0,302.94213931262783,-302.94213931262783,0.0,0.0,1307.5909011509784,-11.001274090801026,-22687.32141730727,76805.82353533122,0.0,-0.0,944.5767233271231,-765.0667367156556,0.0,0.0,2355.5021147398515,-43.387540424003426,-79297.44809625854
t421,19487.0529226841,0.0,-1210.6469123793395,273.38499427300115,-519.8058901728268,0.0,0.0,-1229.4748958180392,-15.77190994251639,-16784.73830864438,1822.1089150812813,0.0,-0.0,18.839100291557592,-0.0,0.0,0.0,-261.95484457483155,-14.692721919647955,-1564.3004488783595,619.3048999999999,0.0,-0.0,11.139348385479215,-0.0,0.0,0.0,561.9548445748316,-8.167721919647954,-1184.2313710406627,4252.65437580545,0.0,-0.0,28.269760191615767,-0.0,0.0,0.0,-1862.6027623586551,-71.39548501193661,-2346.925888626474,739.14772940359,0.0,-0.0,3.2714450964909263,-0.0,0.0,0.0,-470.50479763042875,-3.175907384005394,-268.7384694856468,16496.6820323214,0.0,-4809.740126308415,17.280112821195054,-0.0,0.0,0.0,-10200.0,-55.332499999999996,-1448.889518834182,2104.33401722194,0.0,-1058.4495748712732,31.99153920319753,-0.0,0.0,0.0,1601.44620035368,-92.56823721344398,-2586.753944694102,3386.1553876548205,0.0,-0.0,114.53907365038393,-0.0,0.0,0.0,6361.136255453442,-20.676749642996356,-9841.15396711565,549.7656,0.0,-0.0,39.023130850211686,-0.0,0.0,0.0,2516.562933987786,-24.648762435189774,-3080.7029024028075,21732.308483764555,0.0,-0.0,325.296277438464,-32.543669070174964,0.0,0.0,1073.437066012214,-13.289762435189774,-23085.20839570987,80221.66614326765,0.0,-0.0,1026.4877043121826,-880.5987441241089,0.0,0.0,1910.0,-50.6715,-82226.88360345575
t422,19350.459049533718,0.0,-871.7367937648802,275.70068124130813,-275.6670769785928,0.0,0.0,-1212.0861916415838,-15.553681705101875,-17251.11598668486,1861.1579105758872,0.0,-0.0,10.674446284696982,-2.6553801472570484,0.0,0.0,-292.2196751726484,-14.611006877033848,-1562.3462946636457,619.2878999999999,0.0,-0.0,13.968124203034348,-35.112498637921135,0.0,0.0,592.2196751726484,-8.08600687703385,-1182.2771938607277,3470.157696638798,0.0,-0.0,27.612525071018567,-58.63276807296491,0.0,0.0,-1031.4641834484619,-64.65566780442407,-2343.017602383965,764.38415940359,0.0,-0.0,3.197215369496365,-7.4517623054288995,0.0,0.0,-489.06717038007486,-3.3012034000655053,-267.76123868751716,15806.770093974066,0.0,-4237.545873868709,16.87973850654415,-39.4120411462987,0.0,0.0,-10046.177698258924,-54.55569737620756,-1445.9585218304715,2095.1396143540983,0.0,-0.0,31.247198678775312,-72.98463798477758,0.0,0.0,617.6589882756025,-86.26169837624924,-2584.79946494745,3476.360286221254,0.0,-0.0,111.87747371002658,-0.0,0.0,0.0,6251.839142139716,-20.414436571043417,-9819.662465499952,497.5455999999999,0.0,-0.0,38.117209925092,-0.0,0.0,0.0,2567.897803607231,-24.81247185438979,-3078.7481416779324,22269.291052857112,0.0,-0.0,245.5710273874088,-0.0,0.0,0.0,1131.3993097064945,-13.715784926342733,-23632.545605024665,83315.48720829767,0.0,-0.0,1036.2779943593,-1361.6769411588414,0.0,0.0,1910.0,-50.6715,-84849.41676149814
t423,19633.52493574244,0.0,-1077.1326352108877,312.1655374319768,-312.1991416946922,0.0,0.0,-760.0,-9.879999999999999,-17786.47869626883,1860.6907837557194,0.0,-0.0,20.029697387168493,-49.03833047179869,0.0,0.0,-256.58278373825055,-14.707226483906723,-1560.392140448932,619.2952999999999,0.0,-0.0,15.204052632646016,-1.599804616229474,0.0,0.0,556.5827837382506,-8.182226483906724,-1181.3001052707602,4264.936350314724,0.0,-0.0,30.05268652715943,-8.186118499654864,0.0,0.0,-1872.9117747457808,-72.82768433373623,-2341.0634592627107,843.4371493447263,0.0,-0.0,3.482303815546656,-0.0,0.0,0.0,-575.2751074971501,-3.883106975605763,-267.76123868751716,15118.263718327631,0.0,-3436.3230254391237,18.373329940724968,-0.0,0.0,0.0,-10200.0,-55.332499999999996,-1444.9815228292346,2087.162367454923,0.0,-1178.4176982758768,34.00775532779523,-0.0,0.0,0.0,1725.9136397523062,-85.82107905834953,-2582.8449852007975,4531.954588970889,0.0,-0.0,121.76604820093803,-12.865095455512021,0.0,0.0,5182.273242490625,-19.09650170021906,-9804.032282506718,510.9735999999999,0.0,-0.0,41.48752017464261,-11.27738003099306,0.0,0.0,2566.987543092553,-29.423141558269734,-3078.7481416779324,22931.283932692782,0.0,-0.0,359.20919405011085,-872.8155344007873,0.0,0.0,1723.012456907447,-18.064141558269736,-24122.625907691283,83718.45367029757,0.0,-0.0,1135.9946561596212,-0.0,0.0,0.0,1910.0,-50.6715,-86713.77682645721
t424,19475.36537733036,0.0,-1830.0,419.5371409063695,-419.5371409063695,0.0,0.0,467.8588278375046,-20.68515768497004,-18092.539047482893,1886.2859792513145,0.0,-0.0,26.496260471562316,-41.87731799816651,0.0,0.0,-291.0131311932158,-14.614264545778317,-1565.2775259857162,619.1898999999999,0.0,-0.0,20.11292281093772,-37.018229827744705,0.0,0.0,591.0131311932158,-8.089264545778317,-1185.2084596306304,4042.244607455001,0.0,-0.0,39.754087599025354,-68.17331102101608,0.0,0.0,-1604.750538074929,-61.171885770980026,-2347.9029601871007,1159.4568153276377,0.0,-0.0,4.6077608089403235,-7.6,0.0,0.0,-881.7741312648933,-5.95197538603803,-268.7384694856468,15327.5484349207,0.0,-3605.68370052889,24.305471126963734,-40.0,0.0,0.0,-10197.357062912492,-59.923623772098736,-1448.889518834182,2062.995338882955,0.0,-0.0,44.98548505741485,-74.0,0.0,0.0,636.6075748789699,-77.97101488528158,-2592.6173839340586,4899.323082037616,0.0,-0.0,161.0746548974646,-296.50909819811363,0.0,0.0,5079.415329535841,-18.757070587468274,-9824.546897685337,447.5635999999999,0.0,-0.0,10.25378821017668,-94.1205753226585,0.0,0.0,2755.7926971778447,-28.03542367574284,-3091.454086389619,22562.44627175157,0.0,-0.0,434.71299892659033,-0.0,0.0,0.0,1534.2073028221553,-16.67642367574284,-24514.690149824575,86017.90396150727,0.0,-0.0,1485.4008661506089,-1674.6088569990063,0.0,0.0,1910.0,-50.6715,-87688.02447065889
t425,19469.582246043614,0.0,-1830.0,541.5224929709847,-541.5224929709847,0.0,0.0,583.4808914938778,-21.702631845146126,-18201.36050569234,1861.1865725534612,0.0,-0.0,33.986497714467546,-33.986497714467546,0.0,0.0,-276.39846949741855,-14.62519153354201,-1570.1629115225007,618.9892999999998,0.0,-0.0,25.799468434249334,-25.799468434249334,0.0,0.0,578.2512356542342,-8.123721663733567,-1189.1168139905005,4583.242973790547,0.0,-0.0,50.9888268184565,-67.99695057198063,0.0,0.0,-2143.445599026302,-68.04678989922873,-2354.742461111491,1040.4857153276378,0.0,-0.0,5.914088683217906,-8.461362714999623,0.0,0.0,-763.072004978475,-5.150736033604706,-269.7157002837764,14360.89473172331,0.0,-2075.244302751924,31.177440761991544,-44.68365976281046,0.0,0.0,-10756.16749593387,-63.179199197568096,-1452.797514839129,1898.2593550978884,0.0,-219.79647974883687,57.697333927870226,-82.7212974893712,0.0,0.0,1032.9233443710882,-84.9497133646452,-2601.412542793993,4520.915205321062,0.0,-0.0,75.63186893730753,-275.514925742495,0.0,0.0,5546.280864073683,-20.29772685144315,-9847.015285738113,440.8495999999999,0.0,-0.0,70.39392341506834,-93.87761722153975,0.0,0.0,2715.1284309403663,-28.33430603258831,-3104.160031101306,22732.908403369314,0.0,-0.0,616.7029488226833,-82.27153103146142,0.0,0.0,1574.8715690596337,-16.975306032588307,-24825.23608418758,87336.2593821023,0.0,-0.0,1909.289930363715,-2730.469333210961,0.0,0.0,1908.1472338431845,-50.64796986980844,-88372.57924322847
t426,18323.889355680767,18.0455045264398,-0.0,642.5965168026166,-642.5965168026166,0.0,0.0,-118.24557443177116,-15.527438945000412,-18208.16184683043,1753.578904092218,0.0,-0.0,40.32293714547586,-40.32293714547586,0.0,0.0,-181.58978969786472,-13.55112816013505,-1558.4379862342182,618.6602999999999,0.0,-0.0,30.609476084172886,-30.609476084172886,0.0,0.0,569.8092317550539,-8.146515074261355,-1180.3230166807925,4653.654602902153,0.0,-0.0,60.49535498663958,-60.49535498663958,0.0,0.0,-2250.8439512297164,-64.6784070916068,-2338.132244580829,1017.6063099999999,0.0,-0.0,7.016513715743993,-7.016513715743993,0.0,0.0,-744.8175528308745,-5.027518481608403,-267.76123868751716,11216.403401452892,0.0,-0.0,36.990104948817525,-36.990104948817525,0.0,0.0,-9719.042631243707,-55.31024438366158,-1442.0505258255243,1578.1197869619639,0.0,-0.0,68.45468761900656,-68.45468761900656,0.0,0.0,1088.1060055074513,-82.40356739529167,-2583.8222250741237,4545.277423641432,0.0,-0.0,245.11692894515144,-245.11692894515144,0.0,0.0,5244.843704228618,-19.302984223954436,-9770.818143646093,366.9955999999999,0.0,-0.0,83.51824629772435,-83.51824629772435,0.0,0.0,2745.726236017827,-28.10941216526897,-3084.612423852557,23415.153357860843,0.0,-0.0,729.3002865996065,-844.8,0.0,0.0,1544.273763982173,-16.750412165268973,-24827.176996277347,84280.86290567217,0.0,-0.0,2273.5949526388313,-0.0,0.0,0.0,1821.780557942811,-49.551113085873695,-88326.68730316793
t427,16765.891529509256,1830.0,-0.0,500.5651218815773,-500.5651218815773,0.0,0.0,-703.8196704067393,-10.374386900420692,-17881.697472202093,1565.9286043266482,0.0,-0.0,31.48036120017483,-31.48036120017483,0.0,0.0,-49.37163030694677,-0.1333034018287563,-1516.4236706178724,618.3210999999999,0.0,-0.0,23.896331775162388,-23.896331775162388,0.0,0.0,532.1846584975982,-2.4266652857343503,-1148.0790932118637,4394.787581051371,0.0,-0.0,47.231852208630784,-47.231852208630784,0.0,0.0,-2099.856783326972,-20.308204584336995,-2274.6225931400627,863.7979858360677,0.0,-0.0,5.474743054884035,-5.474743054884035,0.0,0.0,-599.8059036837226,-4.048689849865127,-259.94339230248016,5933.766040709333,2514.799241560401,-0.0,28.877537303972037,-28.877537303972037,0.0,0.0,-7006.1803295932605,-39.414386900420695,-1402.9705657760521,1141.4284768297036,247.18422325319827,-0.0,53.4471958699222,-53.4471958699222,0.0,0.0,1205.9404074916947,-81.09215337994982,-2513.460954194647,4499.630987021673,0.0,-0.0,191.3730642827496,-191.3730642827496,0.0,0.0,5030.909251328349,-18.597000529383546,-9511.943237820637,351.7025999999999,0.0,-0.0,65.20455640171727,-4.456300897204332,0.0,0.0,2615.220724131186,-29.06862767763578,-2998.6029519580625,21563.32793242549,485.4080772038792,-0.0,575.9750412317749,-0.0,0.0,0.0,1674.7792758688138,-17.70962767763578,-24281.78069905232,87401.22256798117,0.0,-0.0,1864.017541328122,-2761.9717114340856,0.0,0.0,-600.0,-9.81,-85893.45839787522
t428,15603.824857685004,1830.0,-0.0,290.74699282306983,-0.0,0.0,0.0,-398.2084074029622,-13.063766014853933,-17313.299677090257,1509.4767200000003,0.0,-0.0,18.52826678751291,-0.0,0.0,0.0,-37.860175594172084,-0.10222247410426463,-1490.0425887192368,618.1236999999999,0.0,-0.0,14.063219362376493,-0.0,0.0,0.0,498.6413350315682,-2.290932981431896,-1128.5373214125127,4094.9733100000003,0.0,-0.0,27.804595130992197,-0.0,0.0,0.0,-1867.4757850655963,-20.73946091104768,-2234.5626591543487,1000.2492358360678,0.0,-0.0,3.2160484871243975,-0.0,0.0,0.0,-742.4194836982672,-5.011331514963303,-256.03446910996166,2040.9960600000004,6079.135967435862,-0.0,16.994605967529488,-0.0,0.0,0.0,-6719.792471720316,-38.78857093794429,-1378.545590745132,980.071112554328,1619.4451776181852,-0.0,31.465630434347506,-0.0,0.0,0.0,-84.02126700369536,-79.42997345484346,-2467.5306801483216,3202.8337859335916,0.0,-0.0,112.65328802092773,-0.0,0.0,0.0,6057.170907430276,-19.947232807740757,-9352.710748577054,647.8544999999998,0.0,-0.0,38.3798959366166,-0.0,0.0,0.0,2283.5465562841014,-27.866061284026525,-2941.914890936691,19620.48955373128,3070.0,-0.0,338.1621888048287,-951.4405653807321,0.0,0.0,1610.418791739064,-17.23657811928212,-23670.393390775156,82348.26314063808,0.0,-0.0,1150.9953474415584,-0.0,0.0,0.0,-600.0,-9.81,-82889.44848807965
t429,15229.33317547286,1830.0,-0.0,251.89852427781506,-80.05494032969298,0.0,0.0,115.2510495062827,-17.582209235655288,-17328.84559969161,1719.3375700000004,0.0,-0.0,16.349664128732964,-0.0,0.0,0.0,-228.47934000247764,-1.5320716893087618,-1505.6758224369469,618.1236999999999,0.0,-0.0,12.408174890185684,-0.0,0.0,0.0,511.57026011801486,-1.8397505160769687,-1140.2623844921234,3945.83224,0.0,-0.0,24.54123746186975,-0.0,0.0,0.0,-1691.8794269578452,-19.504602333996583,-2258.989448170028,964.3140358360678,0.0,-0.0,2.831203519779353,-0.0,0.0,0.0,-704.401597864044,-4.754710785582297,-257.9889307062209,2063.7878600000004,6424.879324237304,-0.0,14.99446981408354,-5.034902017805734,0.0,0.0,-7062.100610491489,-42.348566777172444,-1394.1775747649208,1110.2265432836741,1674.6018594060827,-0.0,27.774925820472184,-9.375334791776195,0.0,0.0,-231.6694812357755,-78.61959562787801,-2492.9389168547996,3550.3624349821093,0.0,-0.0,99.42625417934755,-14.121751779042286,0.0,0.0,5846.686521152603,-20.23142900531837,-9462.122029529699,647.8544999999998,0.0,-0.0,33.87002142147411,-0.0,0.0,0.0,2318.948890949296,-29.43711056095585,-2971.236301809814,19860.33032460058,1743.3935103285698,-0.0,294.83986346866885,-0.0,0.0,0.0,1785.5008433515427,-18.523431198633837,-23665.541110550734,81565.35202328113,0.0,-0.0,961.322365533664,-322.95846388562444,0.0,0.0,-659.4271085261086,-10.56472427828158,-81533.7240921248
t430,14546.495929636943,1830.0,-0.0,217.65980728372992,-0.0,0.0,0.0,707.9350630338283,-22.797828554697688,-17279.292971399806,1871.548948293321,0.0,-0.0,13.819920396887376,-2.317040447338545,0.0,0.0,-420.2208864292643,-2.1006663150749634,-1460.7302754985305,618.0951499999999,0.0,-0.0,10.487222067293239,-4.166815463011643,0.0,0.0,482.9526995277026,-1.303972288724797,-1106.0642838432593,3855.3750038857374,0.0,-0.0,20.748416727688333,-3.4877556207306517,0.0,0.0,-1647.902686280101,-33.16146822584085,-2191.5715104867527,993.90724,0.0,-0.0,2.3882300861768235,-0.925958991780365,0.0,0.0,-740.2020628489819,-4.996363924230628,-250.17108432118394,2073.718192193878,6041.708924076854,-0.0,12.673044139344867,-0.0,0.0,0.0,-6732.269501423973,-42.68704227312783,-1353.143616712975,1168.2073770878476,1714.6206406276913,-0.0,23.484057535738266,-0.0,0.0,0.0,-411.4843373137619,-78.11353120214861,-2416.714206735366,2875.2764779325307,0.0,-0.0,84.0562321180354,-0.0,0.0,0.0,6247.7118753541245,-20.404531130757995,-9186.64005427393,510.1769207065922,0.0,-0.0,28.63154782273797,-4.804810190796771,0.0,0.0,2369.6938297104066,-26.28970103312013,-2877.40778701582,19877.74604329336,959.2256480791841,-0.0,243.59664976051238,-0.0,0.0,0.0,1333.7305503889106,-15.202919545358492,-22399.095971976603,77835.31630345952,0.0,-0.0,809.1115650958649,-0.0,0.0,0.0,-1189.9445437188895,-20.43921145242158,-77434.04411338408
t431,12641.449675345812,1830.0,-0.0,159.10893327807554,-0.0,0.0,0.0,1676.5743921647022,-34.43851782615293,-16272.694482962435,1666.945398293321,0.0,-0.0,10.119893936645731,-3.1808410663573734,0.0,0.0,-296.4815817928803,-2.655379319603864,-1374.7474900511254,618.0951499999999,0.0,-0.0,7.678719972230226,-0.0,0.0,0.0,416.92827327100287,-1.1257063378317078,-1041.5764369054014,3805.604943885737,0.0,-0.0,15.196472840226688,-4.788002868306362,0.0,0.0,-1705.71971697542,-47.69563239827147,-2062.598064483966,897.1278399999999,0.0,-0.0,1.745402648575979,-0.0,0.0,0.0,-658.912957833957,-4.447662465379209,-235.51262234923956,2050.926392193878,5771.348053652577,-0.0,9.279118420787137,-0.0,0.0,0.0,-6509.105901649295,-48.440965005153444,-1274.0066976127937,1168.2073770878476,1714.6206406276913,-0.0,17.201296142498194,-0.0,0.0,0.0,-538.3681190521002,-88.60124944950427,-2273.059945356434,3418.263698579717,0.0,-0.0,61.56147719781977,-19.386389236009677,0.0,0.0,5214.956288150385,-19.20435575089627,-8656.190718941014,351.7025999999999,0.0,-0.0,20.967484997560376,-6.596059895498972,0.0,0.0,2369.198011917257,-30.860574154924343,-2704.4114628643933,18637.060638223094,0.0,-0.0,173.37154991626562,-108.13835524375541,0.0,0.0,1920.0,-19.512,-20602.7818328956,74203.40152409347,0.0,-0.0,590.0000981869994,-1806.573195043896,0.0,0.0,-1889.0686881996942,-33.13447322062947,-71064.62526581626
t432,12444.43852291048,1830.0,-0.0,117.6569322852577,-52.3871800140133,0.0,0.0,523.9052046289311,-18.229015684603468,-14845.384464126048,1466.759248293321,0.0,-0.0,7.6149882837701846,-3.5218651478804515,0.0,0.0,-192.90219325078235,-2.864553077704416,-1275.085625100724,618.0951499999999,0.0,-0.0,5.7777083582247535,-2.6692030594462377,0.0,0.0,345.09161896034755,-0.9317473711929385,-965.3635268879331,3777.2979638857373,0.0,-0.0,11.436447310013191,-5.301333854177943,0.0,0.0,-1839.3958313301812,-30.93113030338276,-1913.106115708008,795.5310899999998,0.0,-0.0,1.3117528577978714,-0.5931562354324971,0.0,0.0,-573.4790045605456,-3.8709832807836824,-218.89969878103594,2028.1234121938783,5816.626043283346,-0.0,6.98187176430137,-3.2252870301642025,0.0,0.0,-6625.55855627203,-40.778692442797436,-1182.1687914965341,1024.9094444424682,785.9916108249989,-0.0,12.945789021109153,-6.005706883754033,0.0,0.0,366.28568809323224,-77.19765860705205,-2106.9291668910028,2961.8576987560573,0.0,-0.0,46.32821608137563,-21.46484126971349,0.0,0.0,5068.845835523583,-18.722191257227824,-8036.844717834073,351.7025999999999,0.0,-0.0,15.778263544718051,-68.05149165327556,0.0,0.0,2234.7087102692144,-29.112213233499787,-2505.025868927156,17287.27062072448,0.0,-0.0,128.49592217316558,-540.841442519348,0.0,0.0,1920.0,-19.512,-18775.413100378293,65468.983991189336,0.0,-0.0,436.08799110809707,-0.0,0.0,0.0,-1227.5014720617696,-20.607375370980087,-64656.96313486467
t433,12159.914242746,546.115248311753,-1283.884751688247,54.316734254493625,-0.0,0.0,0.0,-360.0,-39.019999999999996,-11077.441473623998,1325.0804920261094,102.85369460717871,-137.1463053928213,3.677026249566704,-28.84244532066058,0.0,0.0,-231.55127051822114,-17.911,-1016.1601916511516,327.35949999999997,0.0,-0.0,2.790050459218688,-2.883408713938983,0.0,0.0,453.088578559177,-11.386,-768.9687203044567,3001.7735875618596,0.0,-0.0,5.521517566682425,-0.0,0.0,0.0,-1403.318893192019,-79.74457735813047,-1524.2316345783925,1362.3984466666666,0.0,-0.0,0.6342583419928297,-8.672205013931052,0.0,0.0,-1169.613417927655,-10.8,-173.9470820670732,2004.2363854845835,5248.2070284751635,-1176.672295762141,3.3715538203428426,-40.6229606376749,0.0,0.0,-5026.303175186757,-69.4125,-942.8040361935168,609.6422954175694,0.0,-1714.6206406276913,6.249928771532232,-75.19452689011013,0.0,0.0,2950.396173337381,-102.46132700112683,-1674.0119030075546,7499.722874664117,0.0,-0.0,22.367929569516267,-284.41781900199015,0.0,0.0,-790.0603660577885,-20.67674964299636,-6426.935869530858,351.7025999999999,0.0,-0.0,7.618426689261147,-91.7302619271424,0.0,0.0,1747.362370985882,-30.871000000000002,-1984.0821357480008,14389.034322731428,0.0,-0.0,62.72638383861022,-349.8826539484346,0.0,0.0,720.0,-19.512,-14802.3660526216,55211.55980168292,0.0,-0.0,228.49512812061258,-2190.929057617049,0.0,0.0,3110.0,-50.6715,-56308.454372186476
t434,15300.649962677866,0.0,-1830.0,29.82073631963467,-22.102637331896126,0.0,0.0,-3285.9173626593056,-39.019999999999996,-10153.430699006296,1121.9267920261093,102.85369460717871,-137.1463053928213,2.0912074775673184,-0.0,0.0,0.0,-110.37051507886736,-17.911,-961.4438736391666,327.35949999999997,0.0,-0.0,1.5869844469526428,-0.0,0.0,0.0,410.37051507886736,-11.386,-727.93099952582,2962.721187561859,0.0,-0.0,3.1393060861946585,-60.5054608714719,0.0,0.0,-1383.452831932742,-79.74457735813047,-1442.1576234857098,1295.6765966666667,0.0,-0.0,0.3617299812188077,-0.0,0.0,0.0,-1121.0635525621083,-10.8,-164.17477408577696,1981.4334054845835,2453.9409439800543,-3970.93838025725,1.9177607539637311,-0.0,0.0,0.0,495.0588581678512,-69.4125,-892.000088129203,609.6390954175694,1714.6206406276913,-0.0,3.553096621504632,-0.0,0.0,0.0,-643.2001507507343,-102.46132700112683,-1582.151354914904,5833.860178356219,0.0,-0.0,12.718263061689042,-0.0,0.0,0.0,260.10081121600524,-20.67674964299636,-6086.0025029909175,351.7025999999999,0.0,-0.0,4.3323262715363215,-0.0,0.0,0.0,1548.4742285210336,-30.871000000000002,-1873.6381547925703,14347.988399946596,0.0,-963.3119926040549,35.92290574519994,-282.38411303633785,0.0,0.0,720.0,-19.512,-13838.703200051401,49851.43137516774,0.0,-0.0,125.02552145214096,-0.0,0.0,0.0,3110.0,-50.6715,-53035.78539661989
t435,12432.314348759577,0.0,-1830.0,12.293491853112696,-0.0,0.0,0.0,-975.9806342794654,-39.019999999999996,-9599.607206333225,1072.4639099704907,102.85369460717871,-137.1463053928213,0.8793452080515864,-0.6023286424861575,0.0,0.0,-96.22237219080853,-17.911,-924.3149435596052,327.35949999999997,0.0,-0.0,0.5701716689706855,-13.170613443018091,0.0,0.0,396.2223721908085,-11.386,-699.5954304167611,2940.3720575618595,0.0,-0.0,1.3196930929836266,-0.0,0.0,0.0,-1475.482628766752,-79.74457735813047,-1386.464544529961,1272.4707211111113,0.0,-0.0,0.1525245383708077,-0.0,0.0,0.0,-1103.511856352483,-10.8,-158.3113892969992,2004.2252054845835,4863.741717377061,-1561.137606860243,0.8065280849022591,-0.551606230487323,0.0,0.0,-4379.8666147699005,-69.4125,-857.8051230859148,609.6390954175694,0.0,-1714.6206406276913,1.4934950469722976,-1.0271288429763947,0.0,0.0,2727.5617489026145,-102.46132700112682,-1520.5852428953617,6276.303743039417,0.0,-0.0,5.346793787235263,-2.889059278981932,0.0,0.0,-401.6505376268973,-20.676749642996356,-5856.434190277777,351.7025999999999,0.0,-0.0,1.8215441123498146,-1.249039395471295,0.0,0.0,1478.9305228928843,-30.871000000000002,-1800.3346276097625,14051.75135105957,0.0,-1816.0426068018292,15.33144559402347,-508.7335726157833,0.0,0.0,1552.8641417697145,-13.509328717934833,-13281.66143028776,50849.54538956318,0.0,-599.3158718367949,54.86761721423269,-1611.8519285328975,0.0,0.0,2277.1358582302855,-44.66882871793483,-50925.71223592007
t436,13096.801712152424,0.0,-1830.0,15.042443381966324,-118.68848320484294,0.0,0.0,-1850.021220462074,-39.019999999999996,-9274.114451867474,1231.9257203122495,0.0,-240.0,1.098363768049029,-0.14425231166206634,0.0,0.0,-69.21835324881181,-17.911,-905.7504785198246,327.35949999999997,0.0,-0.0,0.833664976189851,-0.10932806778598712,0.0,0.0,369.2183532488118,-11.386,-685.9161901572156,3084.6522075618595,0.0,-0.0,1.648304874766502,-0.4102680293726197,0.0,0.0,-1648.01619777735,-79.74457735813047,-1358.129469271773,1334.714471111111,0.0,-0.0,0.1663130061591953,-0.0,0.0,0.0,-1169.6783180127895,-10.8,-154.4024661044807,2027.0170054845835,2285.3143453554985,-4139.5649788818055,1.0074363599389204,-0.0,0.0,0.0,735.8578327454361,-69.4125,-840.2191410636524,609.6390954175694,1714.6206406276913,-0.0,1.8653516335422151,-0.0,0.0,0.0,-734.3501937287488,-102.46132700112683,-1489.3135669489277,6658.361617593813,0.0,-0.0,6.678251803733379,-0.0,0.0,0.0,-904.1784154889585,-20.67674964299636,-5740.184704265591,351.7025999999999,0.0,-0.0,2.2751948536801976,-0.29913374102554807,0.0,0.0,1440.3865127244853,-30.871000000000002,-1763.1941738371397,14013.742878355866,0.0,-2678.5428878823345,19.36209916614973,-2.250563740557087,0.0,0.0,1723.4132771922045,-16.297807082092547,-13059.426996009235,50736.6309319934,0.0,-2812.8388297440642,60.3269538644128,-0.0,0.0,0.0,2106.5867228077955,-47.45730708209254,-50043.248471839455
t437,8507.229383515862,1830.0,-0.0,14.675121004590807,-7.995534276693685,0.0,0.0,-1160.0,-39.019999999999996,-9144.888970243757,1416.8410203122496,0.0,-240.0,1.142509403632001,-0.0,0.0,0.0,-254.3220511960567,-17.911,-905.7504785198246,327.35949999999997,0.0,-0.0,0.8665358508074281,-0.0,0.0,0.0,369.07615430640817,-11.386,-685.9161901572156,2992.2338475618594,0.0,-0.0,1.717169592713602,-0.0,0.0,0.0,-1556.0769705246698,-79.74457735813047,-1358.129469271773,1409.7788511111114,0.0,-0.0,0.19534136901472254,-0.10144482399766862,0.0,0.0,-1244.6702815516478,-10.8,-154.4024661044807,2049.8088054845834,2779.480550269242,-3645.3987739680624,1.047111502717153,-0.13210474857473442,0.0,0.0,-275.1739474762534,-69.4125,-840.2191410636524,609.6390954175694,1714.6206406276913,-0.0,1.9443078032844938,-0.24598815251847103,0.0,0.0,-734.1831617459717,-102.46132700112683,-1489.3135669489277,6169.235122000027,0.0,-0.0,6.954992513645541,-1.661155167879348,0.0,0.0,-414.6443918742823,-20.67674964299636,-5739.207817828514,351.7025999999999,0.0,-0.0,2.367923774666365,-0.0,0.0,0.0,1439.9946500624737,-30.871000000000002,-1763.1941738371397,13732.475768462296,0.0,-2576.1875594104567,19.148539720430804,-0.0,0.0,0.0,1920.0,-19.512,-13075.92474877227,52588.54596054474,0.0,-4081.7857900511854,72.66621429980987,-52.272944584531,0.0,0.0,1910.0,-50.6715,-50386.48194020884
t438,10319.998940634723,0.0,-1830.0,37.33670895560956,-0.0,0.0,0.0,828.5500894308518,-39.019999999999996,-9316.865739021185,1295.9350244133939,0.0,-240.0,2.9630204316828745,-0.0,0.0,0.0,-97.1305591383342,-17.911,-943.8564857067428,327.35949999999997,0.0,-0.0,2.2481827209050405,-1.1004825929648197,0.0,0.0,397.1305591383342,-11.386,-714.2517592662743,3015.35856,0.0,-0.0,4.449739105754823,-0.0,0.0,0.0,-1524.287030398848,-79.74457735813047,-1415.7766913487762,1397.87193,0.0,-0.0,0.5106601495215819,-0.0,0.0,0.0,-1226.3395084581337,-10.8,-161.24308169138808,2040.4276400000003,4191.650415233898,-2233.2289090034064,2.7167427118206433,-0.0,0.0,0.0,-3055.7852848328976,-69.4125,-876.3681041094142,609.6390954175694,1714.6206406276913,-0.0,5.036911779152261,-0.0,0.0,0.0,-674.0011621081642,-102.46132700112683,-1552.834158715122,5956.498066793728,0.0,-0.0,18.02576487152194,-0.0,0.0,0.0,26.651685764327112,-20.67674964299636,-5980.49876778658,366.9955999999999,0.0,-0.0,6.139270779520561,-0.0,0.0,0.0,1495.2112106028644,-30.871000000000002,-1837.475081382385,13633.05609671341,0.0,-1852.0887744742731,51.468168919867296,-0.0,0.0,0.0,1920.0,-19.512,-13732.923491159003,53071.9893478937,0.0,-2093.699360224112,176.1770210046194,-0.0,0.0,0.0,1910.0,-50.6715,-53013.795508674215
t439,9127.941366667854,0.0,-1830.0,127.14462411460818,-218.50733478896782,0.0,0.0,2947.0072365094306,-39.019999999999996,-10114.565892502924,1424.76411046289,0.0,-240.0,10.346964661109144,-9.663502062028874,0.0,0.0,-150.3993043034609,-17.911,-1017.1372687585085,327.5143,0.0,-0.0,7.84862965656939,-4.430425065606007,0.0,0.0,450.3993043034609,-11.386,-769.9458088944243,3411.4436877578964,0.0,-0.0,15.54726560074742,-3.3997426688638033,0.0,0.0,-1817.660855632002,-79.74457735813047,-1526.185777699647,1191.20373,0.0,-0.0,1.773582185806073,-0.39086973872025016,0.0,0.0,-1007.8393603800126,-10.8,-173.9470820670732,9015.871791614161,1890.2049485804832,-2142.8742151333126,9.484262691762096,-2.076208185377825,0.0,0.0,-7757.417044372964,-69.4125,-943.7810351947537,1187.854908206924,443.16894972911894,-523.5928045003767,17.602205058835654,-3.848136666206737,0.0,0.0,656.265348053711,-102.46132700112668,-1674.9891428808805,5016.643859033633,0.0,-0.0,62.97403803061333,-13.772758036272492,0.0,0.0,1386.6519123312676,-20.67674964299621,-6431.820301716244,570.2805999999998,0.0,-0.0,21.442771264507954,-36.83085791976437,0.0,0.0,1462.9927634905694,-30.871000000000002,-1987.0142768353132,16003.028697977794,0.0,-2169.8826648297977,177.6990107414574,-79.16676252828182,0.0,0.0,1040.2368656879357,-14.27612724600225,-14957.639019803102,54622.39282243805,0.0,-0.0,627.3067578222535,-0.0,0.0,0.0,2789.7631343120643,-45.43562724600225,-57994.02708732638
t440,10028.551438750252,102.12906645620183,-1727.8709335437982,193.2913051030278,-0.0,0.0,0.0,2853.626312624742,-39.019999999999996,-11410.707189390425,1560.8123311235279,0.0,-240.0,14.814639697244294,-0.0,0.0,0.0,-210.68760818543092,-17.911,-1107.0283626353412,327.79974999999996,0.0,-0.0,11.24065200672151,-0.0,0.0,0.0,510.6876081854309,-11.386,-838.3420101921523,3655.0408302097326,0.0,-0.0,22.247633742633262,-2.616181807722856,0.0,0.0,-1933.9060517203156,-79.74457735813047,-1661.021653066197,1264.75498,0.0,-0.0,2.553632130661373,-0.297586212747225,0.0,0.0,-1066.628251080767,-10.8,-189.5827748371472,14371.36868428336,826.2338556888359,-4866.035974063057,13.583404101232636,-1.5953009393240278,0.0,0.0,-9247.316218771157,-69.4125,-1026.8259502998822,1660.2232380207668,443.16894972911894,-1271.4516908985722,25.1832134004907,-2.9622445000335222,0.0,0.0,1072.8067047491254,-102.46132700112683,-1824.5068434997688,4301.588080154705,0.0,-0.0,90.12484170369203,-10.596213128731861,0.0,0.0,2635.0438168231153,-20.67674964299636,-6995.4837759097845,608.6995999999999,0.0,-0.0,30.695215423669026,-0.0,0.0,0.0,1556.3736873752582,-30.871000000000002,-2164.8975027989272,16622.60131090236,0.0,-2499.2820253043483,253.83276421162557,-187.47882562645304,0.0,0.0,1920.0,-19.512,-16090.161224183186,64377.40912670752,0.0,-5133.0,866.6255780154623,-682.6333359689362,0.0,0.0,1910.0,-50.6715,-61287.729868754046
t441,9667.678085681859,985.1366451280071,-844.8633548719929,201.60078052283066,-26.343411564482892,0.0,0.0,2654.809903334846,-39.019999999999996,-12598.998648231067,1744.9774061950227,0.0,-240.0,14.947187654614932,-9.5,0.0,0.0,-289.7316746933228,-17.911,-1202.781919156315,328.15815,0.0,-0.0,11.34274115642786,-7.2,0.0,0.0,589.7316746933228,-11.386,-910.6465658497506,3779.271459019728,0.0,-0.0,22.440441571309144,-59.03410034799343,0.0,0.0,-1859.2591219671485,-79.74457735813047,-1803.6741009177645,1191.22058,0.0,-0.0,2.583468206720193,-6.056653635093637,0.0,0.0,-970.7516961662757,-10.8,-206.19569840535084,17296.537204012307,821.8524708061451,-5603.026853431159,13.706883691948105,-32.02674400380191,0.0,0.0,-11312.874600664243,-69.4125,-1114.7558604111946,1915.2598515262732,0.0,-1714.6206406276913,25.399021017816157,-17.819363481023743,0.0,0.0,1876.0849216710176,-102.4613270011269,-1981.8424631052658,3912.787495749045,0.0,-0.0,90.9113199284366,-110.62296913764466,0.0,0.0,3726.800497126651,-20.676749642996437,-7599.199594023491,613.1755999999998,0.0,-0.0,30.966783741390007,-17.861708744503304,0.0,0.0,1755.1900966651542,-30.871000000000002,-2350.5997716620404,17476.597736651696,0.0,-2278.230718162583,253.30336059297036,-161.5,0.0,0.0,1920.0,-19.512,-17190.658379082084,68983.17635595019,0.0,-5133.0,849.4034273232002,-1962.1783197381667,0.0,0.0,1910.0,-50.6715,-64596.729963535225
t442,12621.452264856583,0.0,-1830.0,179.19776743371514,-33.56192548969527,0.0,0.0,2534.580640927825,-39.019999999999996,-13432.648747728426,1849.745663157883,0.0,-240.0,13.22380942869338,-0.0,0.0,0.0,-337.7894643447071,-17.911,-1267.269008241869,328.41114999999996,0.0,-0.0,4.686381003420748,-0.0,0.0,0.0,637.7894643447071,-11.386,-959.5009953481277,3838.072475382535,0.0,-0.0,19.8508231057749,-26.18655114363263,0.0,0.0,-1850.6109130060645,-79.74457735813047,-1901.381256980482,1161.7067803483512,0.0,-0.0,2.288156749463531,-3.4046699419489617,0.0,0.0,-932.8450299710892,-10.8,-216.9452371847767,18127.35588120453,501.7847292091019,-5923.094595028202,12.12722236822343,-8.7,0.0,0.0,-11464.730939265777,-69.4125,-1175.3297984878766,2002.181205613025,192.77992932260167,-1521.8407113050896,22.467090202956484,-16.26314322465584,0.0,0.0,1511.4985656900953,-102.4613270011269,-2088.3616092978073,3795.2305055368424,0.0,-0.0,80.42217024383808,-43.1492315316861,0.0,0.0,4196.688316552836,-20.676749642996437,-8008.515011158835,605.7155999999999,0.0,-0.0,27.395259706732514,-0.0,0.0,0.0,1875.4193590721752,-30.871000000000002,-2477.6592187789074,18104.748775872526,0.0,-1490.0,225.02354837364035,-569.4413398308495,0.0,0.0,1920.0,-19.512,-18170.818984415317,71460.6786190948,0.0,-5133.0,751.1567649818825,-719.7949840979174,0.0,0.0,1910.0,-50.6715,-68218.36889997877
t443,12288.360853358223,612.5746027526443,-1217.4253972473557,213.00519396146618,-122.2,0.0,0.0,2401.778112777093,-39.019999999999996,-14137.073365602067,2030.8514093640072,0.0,-240.0,15.126955238520654,-49.677946377893946,0.0,0.0,-412.49578354135235,-17.911,-1325.8936346832816,328.58675,0.0,-0.0,11.47989192592934,-37.70644357061436,0.0,0.0,712.4957835413524,-11.386,-1003.4699818966673,3826.553936732334,0.0,-0.0,22.70731308650875,-4.827745416142052,0.0,0.0,-1776.3483011682706,-79.74457735813047,-1988.3406258763005,1037.1571303483513,0.0,-0.0,2.6179152442853626,-0.8743512837171644,0.0,0.0,-801.3831491428466,-10.8,-226.71754516607294,18255.127574768354,564.7830174342619,-5860.096306803042,13.872675193351569,-4.7542851052120785,0.0,0.0,-11670.455431931814,-69.4125,-1229.0647435559008,2016.4368796033607,650.3242310293363,-1064.296409598355,25.69989758802872,-5.469194107797288,0.0,0.0,664.8742792436415,-102.4613270011269,-2185.108356757088,3257.285818038482,0.0,-0.0,91.99509435677496,-0.0,0.0,0.0,5043.31260299929,-20.676749642996437,-8371.916765751552,597.8825999999999,0.0,-0.0,31.337736122320855,-12.60374143626428,0.0,0.0,2008.2218872229068,-30.871000000000002,-2593.967481908963,17949.00847026854,0.0,-718.896457462562,254.99972105253946,-254.99972105253946,0.0,0.0,1920.0,-19.512,-19130.60001280598,72271.47178884801,0.0,-2004.1567549550446,832.6136145871787,-863.9753954711437,0.0,0.0,1910.0,-50.6715,-72095.28175300901
t444,12195.258097970676,932.7720330166352,-897.2279669833648,249.03874819575307,-0.0,0.0,0.0,2332.663659895109,-39.019999999999996,-14773.484572094807,1859.1093419326082,75.52777810809212,-164.47222189190788,17.18137005036511,-0.0,0.0,0.0,-403.4814721142443,-17.911,-1365.9537960849134,328.62395,0.0,-0.0,13.040306071416865,-0.0,0.0,0.0,703.4814721142443,-11.386,-1033.759728185661,3861.123462640048,0.0,-0.0,25.785829033407087,-3.939351947793304,0.0,0.0,-1754.306299732345,-79.74457735813047,-2048.9190626351856,937.1215803483512,0.0,-0.0,2.535160364846093,-0.44076665150134864,0.0,0.0,-693.880582510586,-10.8,-234.53539155110994,18411.808700814043,566.9543443961584,-5857.924979841146,14.765140233845255,-0.0,0.0,0.0,-11800.0,-69.4125,-1266.1907056028992,2034.1235952991422,336.9470712717475,-1377.6735693559438,29.182017764423932,-25.77774936375728,0.0,0.0,1358.1978694021009,-102.4613270011269,-2252.5379080165867,4225.666850270677,0.0,-0.0,104.47190111691836,-35.49754806796203,0.0,0.0,4349.989012840831,-20.676749642996437,-8623.953466517467,593.0336,0.0,-0.0,35.591111886379835,-0.0,0.0,0.0,2077.336340104891,-30.871000000000002,-2675.0900519912702,19085.78854247804,0.0,-0.0,225.49755908296356,-0.0,0.0,0.0,720.0,-19.512,-20011.774101561004,72020.76098364271,0.0,-0.0,846.2131823359969,-0.0,0.0,0.0,3110.0,-50.6715,-75926.30266597873
t445,12978.778689225755,1193.981319168895,-636.018680831105,259.46274754895757,-743.8892607176047,0.0,0.0,2167.2986058227475,-39.019999999999996,-15180.593420217643,2069.4214102501464,0.0,-240.0,18.637391023455788,-4.717694360876939,0.0,0.0,-432.1181518218192,-17.911,-1393.311955090906,328.60155,0.0,-0.0,9.49749106926611,-3.5755157261383115,0.0,0.0,732.1181518218192,-11.386,-1055.255677164947,4017.599505191212,0.0,-0.0,27.967142547644674,-3.162019563842509,0.0,0.0,-1872.7039826353562,-79.74457735813047,-2089.956068181527,872.0638303483513,0.0,-0.0,3.236344916746967,-0.3537923987516094,0.0,0.0,-625.7020681227182,-10.8,-238.44431474362844,18252.696449007693,429.7407585871979,-5995.138565650106,17.095075210292705,-12.8253895690294,0.0,0.0,-11330.563147950992,-69.4125,-1291.5926796350564,2032.2758067020543,536.0533952507965,-1178.5672453768948,31.649106765209584,-8.0449103838112,0.0,0.0,987.5633561066843,-102.46132700112683,-2298.468182062912,4472.109794116366,0.0,-0.0,113.31291733360936,-73.1969842775398,0.0,0.0,4301.405842602382,-20.67674964299636,-8792.954820131821,593.7795999999998,0.0,-0.0,19.94029750712595,-95.72693939661035,0.0,0.0,2242.7013941772525,-30.871000000000002,-2729.8233522877667,20252.98022176865,0.0,-0.0,319.63995340038343,-545.137512483347,0.0,0.0,720.0,-19.512,-20727.970662685686,75154.6306253,0.0,-0.0,1033.7727025596084,-0.0,0.0,0.0,3110.0,-50.6715,-79247.73182785962
t446,15050.901441434346,0.0,-1830.0,277.60766374049587,-188.46516297580388,0.0,0.0,2155.389379152444,-39.019999999999996,-15426.41332135148,2015.7072516080286,76.1879567759,-163.8120432241,7.271250850502485,-43.6,0.0,0.0,-448.28791637664835,-17.911,-1425.555499633683,328.60434999999995,0.0,-0.0,14.176625537487169,-0.0,0.0,0.0,748.2879163766484,-11.386,-1079.6828919141356,3897.592638168572,0.0,-0.0,28.024780600191455,-0.0,0.0,0.0,-1707.063195197747,-79.74457735813047,-2138.8096462128856,959.401521085448,0.0,-0.0,0.544062051431854,-0.30623850754368165,0.0,0.0,-704.5316450969301,-10.8,-244.3076995324062,17745.4818540682,927.6115452197157,-5497.2677790175885,17.13170028783898,-1.6651718847687689,0.0,0.0,-11800.0,-69.4125,-1321.8796486733972,2025.4793542862828,475.2982738366061,-1239.3223667910852,31.71374243455967,-36.60093833338291,0.0,0.0,1199.0868765373189,-102.46132700112683,-2353.193614969172,4507.064511366534,0.0,-0.0,113.54775666207712,-79.22694241032524,0.0,0.0,4472.507963757359,-20.67674964299636,-8993.216539732646,613.1755999999998,0.0,-0.0,38.68624949406259,-80.29363377054207,0.0,0.0,2254.610620847556,-30.871000000000002,-2795.3078365710753,20157.64922928274,0.0,-0.0,322.23149761426856,-322.23149761426856,0.0,0.0,1389.5504689591253,-10.8391501674817,-21536.360548074383,82145.34812013755,0.0,-0.0,1055.0790305088394,-2935.064915404445,0.0,0.0,2440.4495310408747,-41.9986501674817,-82663.81311611537
t447,15640.23931465133,0.0,-1830.0,313.27562427716316,-410.4945667575363,0.0,0.0,2111.9124093367295,-39.019999999999996,-15785.912781507684,1785.147394009329,210.3743207188155,-29.625679281184542,19.080486460935767,-3.43781612159517,0.0,0.0,-505.8286616098413,-17.911,-1457.7990441764598,328.57334999999995,0.0,-0.0,15.822509208303515,-35.70550274478792,0.0,0.0,805.8286616098412,-11.386,-1103.1330180733567,3799.26341205495,0.0,-0.0,4.210311828301499,-0.0,0.0,0.0,-1537.0429938415036,-79.74457735813047,-2186.686152683617,925.476901085448,0.0,-0.0,3.6238982377781443,-0.272762102409189,0.0,0.0,-667.856952899633,-10.8,-250.17108432118394,17182.186821445594,1231.1052616569098,-5193.7740625803945,2.5672421202410254,-1.483143931849965,0.0,0.0,-11800.0,-69.4125,-1351.1896187105015,1991.5042686596141,737.4832511111128,-977.1373895165784,4.767297935416499,-5.862381175772816,0.0,0.0,757.6708481161149,-102.46132700112683,-2405.9645681287793,4641.298960249472,0.0,-0.0,126.71940435366588,-265.0,0.0,0.0,4707.229098625023,-20.67674964299636,-9189.570713585163,599.7475999999999,0.0,-0.0,43.17517194167849,-51.30180247543927,0.0,0.0,2298.0875906632705,-30.871000000000002,-2858.837560129509,20128.90799591176,205.1026161367435,-0.0,361.21470130431607,-336.36301183956994,0.0,0.0,1920.0,-19.512,-22259.350301513252,83475.77796047209,0.0,-0.0,1167.1279484827778,-1167.1279484827778,0.0,0.0,1910.0,-50.6715,-85335.10646047209
t448,14900.88221378693,672.843238098742,-1157.156761901258,421.736255528436,-783.2617588067224,0.0,0.0,2040.0,-39.019999999999996,-16056.023186706128,1963.426044676492,156.5469209750131,-83.45307902498689,28.105490718209392,-45.5664521960906,0.0,0.0,-518.921953288255,-17.911000000000012,-1482.2259718603818,328.39475,0.0,-0.0,21.334450354121234,-34.59036376966866,0.0,0.0,818.921953288255,-11.386000000000013,-1122.6747898727076,3972.891826756778,0.0,-0.0,42.168585825714565,-73.53484599399016,0.0,0.0,-1637.9661172429214,-79.74457735813047,-2223.81487198745,720.664251085448,0.0,-0.0,4.887538113221286,-7.931191948815258,0.0,0.0,-452.74058973615155,-10.8,-254.08000751370244,16291.134138584532,1696.4187560526866,-4728.460568184618,25.781625508030483,-41.80085622168297,0.0,0.0,-11800.0,-69.4125,-1373.660595738948,1919.8119054812748,527.0208839578045,-1187.5997566698868,47.71774166149739,-77.35331848175448,0.0,0.0,1320.8497537339908,-102.4613270011269,-2447.9858826818004,5426.927188997317,0.0,-0.0,170.85760516980446,-265.0,0.0,0.0,4029.856953245081,-20.676749642996437,-9341.964997769204,562.4475999999999,0.0,-0.0,58.214387533717385,-49.15226819502297,0.0,0.0,2370.0,-30.871000000000002,-2910.638719338693,20512.939114711648,313.4063458193231,-0.0,489.7891783066857,-225.5484794815746,0.0,0.0,1920.0,-19.512,-22991.07415935608,80618.02471454599,3693.0,-0.0,1552.0902111582698,-0.0,0.0,0.0,1910.0,-50.6715,-87722.44342570427
t449,13979.880187566105,784.2594213797377,-1045.7405786202623,549.4289719865191,-0.0,0.0,0.0,2040.0,-39.019999999999996,-16268.808002312098,2121.653900210099,66.57568102826116,-173.42431897173884,36.38045021095886,-34.52196873325165,0.0,0.0,-501.8706152735944,-17.911000000000012,-1496.8821284707349,328.14855,0.0,-0.0,14.789599088756239,-0.0,0.0,0.0,801.8706152735945,-11.386000000000013,-1133.4227643623506,3834.085698639935,0.0,-0.0,2.7975036980224406,-68.19750369802244,0.0,0.0,-1443.6306749605562,-79.74457735813047,-2245.3104463212476,821.014601085448,0.0,-0.0,0.31300740677174155,-7.913007406771741,0.0,0.0,-545.6029011773567,-10.8,-257.0116999080913,14539.839268993943,2024.1213488213534,-4400.757975415951,1.7019777743213442,-41.70197777432134,0.0,0.0,-10667.428559644319,-69.4125,-1386.3615827550263,1785.065646937774,0.0,-1714.6206406276913,3.169199993563883,-77.16919999356388,0.0,0.0,2578.4332002059955,-102.46132700112668,-2472.416879514952,8100.9195264506825,0.0,-0.0,103.73428886100524,-298.1825427612371,0.0,0.0,1538.2289355762368,-20.67674964299621,-9424.023458483689,465.4675999999999,0.0,-0.0,75.35238481084549,-0.0,0.0,0.0,2430.5435308119413,-30.426005048532232,-2940.9375105742533,20567.174624832638,1402.4714591806564,-0.0,639.7390290390626,-928.8314173289199,0.0,0.0,1859.456469188059,-19.06700504853223,-23520.94315986296,85524.2843687688,0.0,-0.0,2015.7985333140086,-0.0,0.0,0.0,1910.0,-50.6715,-89399.41140208284
t450,15760.956333639473,784.2594213797377,-1045.7405786202623,216.5201485636915,-765.9491205502105,0.0,0.0,1534.61666749002,-39.019999999999996,-16445.642871902448,1777.390371749504,227.58363309483062,-12.416366905169383,27.908972668885635,-4.109301742405024,0.0,0.0,-510.35787436112236,-17.911,-1488.088434504523,327.80215,0.0,-0.0,32.90911987145549,-33.1,0.0,0.0,810.3578743611224,-11.386,-1126.5831442325778,3647.640528651514,0.0,-0.0,65.04039015991033,-0.0,0.0,0.0,-1401.3048969808265,-79.74457735813047,-2231.631444472467,926.064401085448,0.0,-0.0,7.543574530301217,-7.164489012036323,0.0,0.0,-660.5862482918808,-10.8,-255.05723831183207,10697.324306851211,2743.319113529705,-3681.560210707599,39.7691144110197,-0.0,0.0,0.0,-8350.894233339206,-69.4125,-1378.545590745132,1456.9983092503387,785.9916108249989,-928.6290298026923,73.59773914752256,-0.0,0.0,0.0,1174.2154587426721,-102.46132700112668,-2459.712761161713,8167.438725893546,0.0,-0.0,263.5325766908458,-249.81441949863498,0.0,0.0,1203.9532523792207,-20.67674964299621,-9364.43338582198,378.9315999999999,0.0,-0.0,89.79293225769966,-0.0,0.0,0.0,2488.529461698943,-29.999808456512767,-2927.2541855001296,19164.2452212412,2288.597649987659,-0.0,762.7638280782663,-435.763659358679,0.0,0.0,1801.4705383010566,-18.640808456512765,-23562.67276979299,84699.01775861632,3693.0,-0.0,1825.0265092832185,-2751.535768415067,0.0,0.0,1910.0,-50.6715,-89324.83699948447
t451,14646.992966018799,1830.0,-0.0,514.1273110675623,-0.0,0.0,0.0,-783.3691515204509,-39.019999999999996,-16168.731125565911,1718.0034284918927,212.04342694830834,-27.956573051691663,33.16759082577638,-43.6,0.0,0.0,-445.26014225853214,-17.911,-1428.4867309557535,327.42695,0.0,-0.0,25.17706775305478,-4.8410909175161025,0.0,0.0,745.2601422585321,-11.386,-1081.6370690940707,3173.001961239777,0.0,-0.0,49.76337702168437,-0.0,0.0,0.0,-1000.302828447936,-79.74457735813033,-2142.717932455394,1013.4920010854481,0.0,-0.0,5.768085781296657,-0.0,0.0,0.0,-763.1751565362089,-10.8,-245.28493033053581,3568.7192194259887,5234.179716791034,-1190.6996074462709,30.425242164724448,-4.147673751010611,0.0,0.0,-6246.207749509832,-69.4125,-1322.8566476746341,919.1246493019279,785.9916108249989,-928.6290298026923,56.31187864908179,-3.8382408724320527,0.0,0.0,1635.4892327293483,-102.46132700112669,-2361.9887738291063,8167.438725893546,0.0,-0.0,201.63018095215338,-13.718157192210853,0.0,0.0,657.5656532850786,-20.67674964299636,-8992.239653295568,351.7025999999999,0.0,-0.0,68.6993131725741,-3.8539036958770674,0.0,0.0,2423.895401331156,-30.474868800216004,-2809.9685420076366,17897.751693687,2420.8993382916883,-0.0,588.5974309698007,-70.79759968938812,0.0,0.0,1866.1045986688441,-19.115868800216006,-22683.439593127732,81418.00711496717,1440.0,-0.0,1962.978338529226,-0.0,0.0,0.0,1910.0,-50.6715,-86680.3139534964
t452,16274.94518554604,1830.0,-0.0,295.99336035552966,-0.0,0.0,0.0,-2815.9959445522163,-39.019999999999996,-15545.922601349353,1683.9327381715264,198.38186296347726,-41.61813703652274,19.410584959020113,-0.0,0.0,0.0,-453.76947950337967,-17.911,-1388.4265695541217,327.33095,0.0,-0.0,14.732893301697263,-33.1,0.0,0.0,753.7694795033797,-11.386,-1051.3473228050768,2689.980922828606,0.0,-0.0,26.488886620771424,-72.21744076315538,0.0,0.0,-481.3912240709544,-79.7445773581306,-2083.1165672571365,1050.902251085448,0.0,-0.0,3.3691134495583372,-0.7627905748985034,0.0,0.0,-804.2642592164794,-10.8,-238.44431474362844,2046.0373295303475,5285.5194019477585,-1139.3599222895455,17.80386772902554,-0.0,0.0,0.0,-4853.880492288714,-69.4125,-1286.7076846288724,609.6294954175694,785.9916108249989,-928.6290298026923,32.96414112870544,-0.0,0.0,0.0,1896.0870921288288,-102.46132700112695,-2293.5819826962816,8093.185650264073,0.0,-0.0,118.01808827981468,-0.0,0.0,0.0,559.444827999535,-20.67674964299636,-8749.971816900425,351.7025999999999,0.0,-0.0,40.20758762058934,-13.729609782330922,0.0,0.0,2380.4819712360486,-30.79395751141504,-2727.8685915628917,17231.41400977173,2319.5776939320153,-0.0,339.0342095770988,-38.011754943506254,0.0,0.0,1909.5180287639512,-19.434957511415043,-21742.097229589872,76534.90477158771,3693.0,-0.0,1200.1550025333042,-313.8045625970612,0.0,0.0,1910.0,-50.6715,-82973.58371152396
t453,16170.068636790871,1518.93497392923,-311.0650260707701,254.82831080842416,-775.6446764442777,0.0,0.0,-1286.753920102887,-39.019999999999996,-15531.348298910589,1636.64587232452,240.0,-0.0,17.010726887356206,-48.319823869741214,0.0,0.0,-430.2055118218018,-17.911,-1397.2202635203334,327.33095,0.0,-0.0,12.909849437927718,-1.8504569148473624,0.0,0.0,730.2055118218018,-11.386,-1057.2098543448822,2529.1110928286057,0.0,-0.0,25.533602074226934,-0.0,0.0,0.0,-379.08161999941217,-79.74457735813047,-2095.8184975452896,967.896401085448,0.0,-0.0,2.9455722769749286,-7.6,0.0,0.0,-713.0204278206648,-10.8,-239.42154554175806,2068.8291295303475,6424.879324237304,-0.0,15.60070907767955,-42.23596877210723,0.0,0.0,-7103.137017434457,-69.4125,-1294.5236766387668,609.6294954175694,785.9916108249989,-928.6290298026923,28.898086454411686,-82.04854175682186,0.0,0.0,1994.9058069131816,-102.46132700112668,-2306.2861010495203,7764.563365148354,0.0,-0.0,103.4466342913883,-28.766084427159605,0.0,0.0,987.0871784442395,-20.67674964299621,-8805.654343813825,351.7025999999999,0.0,-0.0,35.239527275976776,-4.724368509801314,0.0,0.0,2389.0874844973487,-30.73070698894449,-2740.574536274579,17521.13862179842,1889.8473453330016,-0.0,293.3270307183588,-0.0,0.0,0.0,1900.9125155026516,-19.37170698894449,-21585.853806363488,74985.88362936775,3693.0,-0.0,994.5558806724625,-0.0,0.0,0.0,1910.0,-50.6715,-81532.7680100402
t454,15838.288906167685,1539.2201434921185,-290.7798565078816,219.12974736283095,-0.0,0.0,0.0,-1786.9865102211334,-39.019999999999996,-15479.852430293618,1566.449720143545,240.0,-0.0,14.156351439829947,-0.0,0.0,0.0,-459.21404896766944,-17.911,-1343.4810226157053,327.3024,0.0,-0.0,10.742499192627935,-33.1,0.0,0.0,723.5903229635851,-11.386,-1017.1492221562129,2591.69562756186,0.0,-0.0,21.25360903331032,-14.140987432006591,0.0,0.0,-504.34211379179806,-79.74457735813047,-2014.7215580132342,899.614001085448,0.0,-0.0,2.446263199832938,-1.5822083840007377,0.0,0.0,-659.0515875426887,-10.8,-230.62646835859144,2046.0373295303475,5115.133324025193,-1309.7460002121106,12.981526241117166,-0.0,0.0,0.0,-4550.296952008857,-69.4125,-1244.6967275756897,609.6294954175694,1714.6206406276913,-0.0,24.055895480554092,-0.0,0.0,0.0,-29.46467182116521,-102.46132700112668,-2216.3800327035224,7333.146562795687,0.0,-0.0,86.10279118361956,-0.0,0.0,0.0,1074.9403508712683,-20.67674964299621,-8473.51295520758,351.7025999999999,0.0,-0.0,29.32859832823265,-77.92271244023038,0.0,0.0,2360.8252105184592,-30.870999999999995,-2633.0626964064604,16756.088346648237,1490.0,-0.0,233.97105196883714,-0.0,0.0,0.0,1920.0,-19.512,-20380.547398617073,75955.87923402665,1440.0,-0.0,833.0478904634078,-2658.0358394443588,0.0,0.0,1910.0,-50.6715,-77430.2197850457
t455,16586.933812272884,1830.0,-0.0,142.65244126026488,-566.6941771715866,0.0,0.0,-3537.9437240977886,-39.019999999999996,-14415.928352263772,1416.6803138241346,216.7060061380547,-23.293993861945296,9.556176340893657,-9.5,0.0,0.0,-335.7163423801944,-17.911,-1256.5211600609432,327.3024,0.0,-0.0,7.251544248193009,-7.2,0.0,0.0,635.7163423801944,-11.386,-951.6842866283874,2617.1791675618597,0.0,-0.0,15.3357323706634,-65.4,0.0,0.0,-601.6222105639443,-79.74457735813047,-1885.7481120104471,1003.5855010854481,0.0,-0.0,1.761302532267516,-0.0,0.0,0.0,-779.556028029198,-10.8,-214.99077558851744,2049.7529054845836,5946.566374052161,-478.31295018514265,8.762952450083844,-48.7,0.0,0.0,-6243.096973326178,-69.4125,-1165.5598084755084,609.6262954175694,747.0407763997039,-967.5798642279874,16.23961543746325,-90.2,0.0,0.0,1860.060275298968,-102.46132700112683,-2072.7257713245904,5277.594265042591,0.0,-0.0,58.1249434938258,-322.9,0.0,0.0,2943.1060694846237,-20.67674964299636,-7935.248528378045,351.7025999999999,0.0,-0.0,21.159561383954127,-110.0,0.0,0.0,2229.052591233518,-30.871000000000002,-2461.043752617471,15559.912672257671,1885.3638142697978,-0.0,171.27149461960846,-944.4481941496244,0.0,0.0,1920.0,-19.512,-18572.587786997454,67423.4940040264,1440.0,-0.0,604.5939888113476,-467.3927931246838,0.0,0.0,1910.0,-50.6715,-70860.02369971306
t456,14785.770544362018,1830.0,-0.0,114.47181247963702,-122.2,0.0,0.0,-3560.0,-39.019999999999996,-13009.022356841655,1211.7245638241345,240.0,-0.0,7.6256600837709705,-0.0,0.0,0.0,-278.7174661532224,-17.911,-1162.721757754683,327.3024,0.0,-0.0,5.785790520466094,-0.0,0.0,0.0,558.6546290402907,-11.386,-880.3568195607568,2680.6800675618597,0.0,-0.0,11.452535604948663,-8.839294160856584,0.0,0.0,-859.4759959283138,-79.74457735813047,-1744.072735719507,870.642051085448,0.0,-0.0,1.3135228726421928,-0.0,0.0,0.0,-661.8004911396467,-10.8,-199.35508281844346,2026.9611054845834,4364.036073532041,-2060.8432507052635,6.991637266799649,-0.0,0.0,0.0,-3189.1261682127274,-69.4125,-1078.6068973654328,609.6262954175694,1714.6206406276913,-0.0,12.964024450092989,-0.0,0.0,0.0,-317.4050020284817,-102.4613270011269,-1917.3446314657454,4870.6310242969275,0.0,-0.0,46.39333565883177,-0.0,0.0,0.0,2449.838396507735,-20.676749642996437,-7346.186006820498,351.7025999999999,0.0,-0.0,15.800405477554397,-90.3,0.0,0.0,2028.0320979143662,-30.871000000000002,-2274.3641033919203,14323.26210620451,590.4253027103364,-0.0,127.07576663194975,-0.0,0.0,0.0,1920.0,-19.512,-16941.251175546797,61950.03807811906,1800.7237767368267,-0.0,444.0472374133568,-1802.5532612725947,0.0,0.0,1910.0,-50.6715,-64251.58433099665
t457,11343.019881434653,0.0,-0.0,54.623117086102894,-309.3777361909218,0.0,0.0,-1179.1172255528643,-15.139921180688447,-9894.00811559628,905.5887338074582,0.0,-0.0,3.553810636990167,-20.392676354669863,0.0,0.0,-30.793026658463017,-0.08314117197785016,-857.8737002593376,616.3250499999999,0.0,-0.0,2.696433839704391,-15.47664265332019,0.0,0.0,46.376232541956796,-0.1571613999244456,-649.7639123284165,3770.994236256916,0.0,-0.0,5.337000547302522,-30.609388839062454,0.0,0.0,-2436.4672183293465,-21.47431272919363,-1287.7803169066162,624.7684294995526,0.0,-0.0,0.6124374486340014,-4.037293891279946,0.0,0.0,-471.5758165755778,-3.18313676188515,-146.5846197194437,2017.706480937544,0.0,-42.523203749550675,3.2584163997910967,-21.450696901537334,0.0,0.0,-1154.2276290722555,-6.509181605995649,-796.2541860079962,779.9354954175693,0.0,-22.71901784113686,6.041267982429796,-39.75974293956627,0.0,0.0,731.3402628895933,-42.72664855272084,-1412.1116169561683,2430.616583124155,0.0,-0.0,21.620002755656685,-124.01117403227327,0.0,0.0,3121.3788199039595,-10.300550105683065,-5439.303681645815,351.7025999999999,0.0,-0.0,7.363385109750038,-48.468169511271995,0.0,0.0,1373.0856008529972,-12.362996683454638,-1671.3204197680204,13232.370301147395,0.0,-859.0334864739133,61.37452398754593,-407.8470177225745,0.0,0.0,346.2893458732314,-5.661830805027334,-12367.491836006666,48768.33296566115,0.0,-0.0,217.5603947149943,-1156.8180269097818,0.0,0.0,-346.2893458732314,-5.661830805027334,-47477.124156788115
t458,11694.764734132425,0.0,-4.227350299171346,27.739033275104006,-649.6595171074132,0.0,0.0,-1960.0,-24.939999999999998,-9083.676900000944,704.6714838074581,0.0,-0.0,1.82318535061982,-25.643291043784313,0.0,0.0,136.91492134937585,-1.9069148206775703,-815.8593846429919,616.3250499999999,0.0,-0.0,1.383669379674049,-11.074539752507116,0.0,0.0,10.915280489642656,-0.029471257322035177,-617.5199888594875,3768.424716256916,0.0,-0.0,2.736612945904024,-24.217674816776423,0.0,0.0,-2470.2435215409346,-52.42946737925834,-1224.27066546585,658.5571059659395,0.0,-0.0,0.2570317482071228,-6.5146363147166095,0.0,0.0,-509.11894439224614,-3.4365528746476612,-139.74400413253633,1994.9482209375442,0.0,-1181.1363836822022,1.672074750301431,-34.28755955114005,0.0,0.0,-8.394692617704777,-14.650434877035979,-758.1512249597607,779.9418954175693,0.0,-0.0,3.0971916200036644,-63.431985169609106,0.0,0.0,681.2828192729,-58.16233519084613,-1342.7275859500173,2431.0637641908916,0.0,-0.0,11.087128550612025,-197.11520864855788,0.0,0.0,2939.231236184358,-9.69946307940838,-5174.567457197895,351.7025999999999,0.0,-0.0,3.776901478174762,-26.47664042895704,0.0,0.0,1287.2810967157566,-27.063488441698816,-1589.2204693232757,13105.400633993124,0.0,-2599.5595308783495,32.23023788306135,-605.7887857224657,0.0,0.0,1920.0,-19.512,-11832.770555275367,49071.597665289635,0.0,-522.6465028355386,111.26642344350296,-803.3256324746433,0.0,0.0,-2027.8681954611475,-35.560152144408235,-45793.4636058174
t459,11732.926506086857,0.0,-1830.0,19.13865748344203,-8.867139349066104,0.0,0.0,-1251.6713422011996,-16.050475344625056,-8645.476206675408,734.9546180219143,0.0,-0.0,1.3485519113207154,-0.0,0.0,0.0,55.83843515226867,-0.7091481264338121,-791.43245695907,616.3535999999999,0.0,-0.0,1.022918846144181,-18.421213196039997,0.0,0.0,0.0,-0.0,-598.9553056501042,3762.3326036055687,0.0,-0.0,2.0263945247951662,-38.91078158854158,0.0,0.0,-2511.7605635306686,-26.545706849136334,-1187.1419461620173,805.4746359659396,0.0,-0.0,0.23107664276857048,-0.14656280686367928,0.0,0.0,-665.2337411093386,-4.490327752488035,-135.83508094001783,1991.0354559668194,0.0,-0.0,1.236091052902682,-0.9398745351793644,0.0,0.0,-1245.4987553863152,-11.129668168149788,-734.7032489300774,779.9482954175693,0.0,-362.07086285001964,2.294258429279558,-1.750111203437437,0.0,0.0,932.4585238066943,-48.219352456438415,-1302.6607511436487,2562.726845668043,0.0,-0.0,8.20782817900426,-4.130189748720239,0.0,0.0,2456.637387233857,-8.106903377871728,-5015.334967954313,351.7025999999999,0.0,-0.0,2.7947377080156466,-54.445221435628966,0.0,0.0,1266.9488696250426,-24.694773971150415,-1542.3062119262786,13001.869570717594,0.0,-3070.0,23.01554107132293,-100.09795570539087,0.0,0.0,1719.4413201025434,-18.037893702753692,-11556.190582483316,49647.76116478362,0.0,-2931.197242872268,84.77551332651967,-1505.1156600109366,0.0,0.0,-757.1601336928848,-12.408797804216302,-44526.65484372983
t460,11374.113397725549,0.0,-1830.0,15.254900233348712,-0.0,0.0,0.0,-1121.010802777854,-14.410685574862066,-8423.946809606181,936.7403680219142,0.0,-0.0,0.8420724812336841,-17.27028858377037,0.0,0.0,-138.27711781577364,-0.3733482181025889,-781.6616858855012,616.3535999999999,0.0,-0.0,0.7852137021900085,-0.0,0.0,0.0,-23.879535858801802,-1.1435923230568221,-592.1156855203313,3773.809733605569,0.0,-0.0,1.5529496733639272,-0.0,0.0,0.0,-2575.5664880080126,-27.310322518311196,-1172.4858727526096,910.4638859659397,0.0,-0.0,0.17921303335800925,-0.0,0.0,0.0,-771.5544868691721,-5.207992786366912,-133.88061934375858,2013.8607959668193,0.0,-0.0,0.9488803634338399,-0.0,0.0,0.0,-1275.143995587826,-13.755422823480854,-725.9102579189462,779.9546954175693,0.0,-771.9318416828652,1.7575568751434365,-0.0,0.0,0.0,1323.5413842875776,-47.27412160032031,-1286.0476732971056,2887.0551807578386,0.0,-0.0,6.291652914726271,-0.0,0.0,0.0,2066.286146592564,-6.81874428375546,-4952.814235981373,351.7025999999999,0.0,-0.0,2.1433084691828674,-0.0,0.0,0.0,1195.6048960372982,-26.692199828951054,-1522.7586046775298,12598.010967617809,0.0,-2997.822392922604,18.6366780825047,-0.0,0.0,0.0,1920.0,-19.512,-11519.313252777709,48660.098744439114,0.0,-3738.5418836064628,61.93484936207601,-0.0,0.0,0.0,-600.0,-9.81,-44373.68171019473
t461,11371.624265449489,0.0,-1743.531802984947,20.607041899616533,-0.0,0.0,0.0,-1216.9114177656934,-15.61423829295945,-8416.173848305507,1139.3119180219144,0.0,-0.0,1.5559446719316685,-0.0,0.0,0.0,-349.4689167668623,-0.9435660752705284,-790.4553798517131,616.3821499999999,0.0,-0.0,1.1797944333493386,-3.0779812579252095,0.0,0.0,-13.836479408185369,-2.669266707102005,-597.9782170601367,3789.2579136055692,0.0,-0.0,2.339835059492509,-1.9824037076851342,0.0,0.0,-2575.0349118733748,-29.392630043238523,-1185.187803040763,921.1386159659396,0.0,-0.0,0.1528446239091483,0.03242975681268821,0.0,0.0,-781.1929875388857,-5.273052665887478,-134.8578501418882,2036.6749559668194,0.0,-0.0,0.39588520080781403,-0.0,0.0,0.0,-1288.2535311633908,-16.0680590766326,-732.7492509276038,779.9610954175693,0.0,-984.0679729772155,2.649836338276419,-0.0,0.0,0.0,1552.205742204277,-50.04242958590683,-1300.7062713969965,2923.8513875115395,0.0,-0.0,9.475843202368784,-59.65002734804539,0.0,0.0,2136.987185054203,-7.052057710678869,-5003.612330709387,351.7025999999999,0.0,-0.0,0.89371084082364,-0.0,0.0,0.0,1215.5053172579119,-26.77279653489454,-1541.328831563841,12016.071778106549,0.0,-2176.9418363721916,26.479934527630125,-23.579733160869516,0.0,0.0,1920.0,-19.512,-11742.518143101119,49080.89907270074,0.0,-3127.872716534543,103.18945294344549,-0.0,0.0,0.0,-600.0,-9.81,-45446.40580910964
t462,11121.402642266637,0.0,-1646.3102930477091,41.105581369919435,-87.23904163726061,0.0,0.0,-760.0,-9.879999999999999,-8659.07888895159,1340.2981180219142,0.0,-0.0,3.108081155755257,-2.5231644729155827,0.0,0.0,-499.2487507508129,-1.347971627027195,-840.2863123269138,616.3821499999999,0.0,-0.0,2.357785586799161,-2.058226979866802,0.0,0.0,23.013054645466127,-3.610091183527592,-636.0846720688709,3832.7869136055688,0.0,-0.0,4.669483495053225,-3.368572488067512,0.0,0.0,-2542.5219588101418,-30.16648103273087,-1261.3993847696825,915.8037659659396,0.0,-0.0,0.5335358446428303,-0.6093594272821039,0.0,0.0,-766.8984505172541,-5.176564540991465,-143.65292732505483,2059.5002959668195,0.0,-0.0,2.8491542723599466,-2.8453194438232634,0.0,0.0,-1263.2268104429338,-16.63211736545192,-779.6452029869704,779.9674954175692,0.0,-0.0,5.286395102848614,-7.198877589628545,0.0,0.0,651.9270874393244,-46.2104397404007,-1383.7716606297122,2802.48004231264,0.0,-0.0,18.914296301841425,-16.551575296428865,0.0,0.0,2523.6086816538027,-8.327908649457548,-5320.123536322398,351.7025999999999,0.0,-0.0,6.440763074749883,-3.2998253803698336,0.0,0.0,1313.3471467825493,-27.16905594446932,-1641.0216285324598,12537.006842174264,0.0,-1707.8360549639117,56.164135964382986,-77.70101541364829,0.0,0.0,1920.0,-19.512,-12708.121907761086,49568.73628345367,0.0,-437.9294248364336,199.76807998571894,-244.53500341371293,0.0,0.0,-600.0,-9.81,-48476.22993518925
t463,12856.419330042596,0.0,-0.0,133.6345284381692,-0.0,0.0,0.0,-3309.904584487753,-36.81916034349223,-9643.330113649521,1542.2870180219145,0.0,-0.0,10.65778534493112,-0.0,0.0,0.0,-578.6403357415379,-13.837671093497846,-960.4667965318097,616.4106999999999,0.0,-0.0,8.083441557779741,-0.0,0.0,0.0,106.10288759286425,-3.643118214791648,-726.9539109358524,3830.310863605569,0.0,-0.0,16.018248111549838,-0.0,0.0,0.0,-2362.1598802452118,-42.9886795468242,-1441.1805519250827,955.1111959659397,0.0,-0.0,1.822443762082628,-0.0,0.0,0.0,-787.443621199151,-5.31524444309427,-164.17477408577696,2082.3144559668194,0.0,-0.0,9.76793716781564,-0.0,0.0,0.0,-1175.0404514618588,-26.018852544810052,-891.0230891279662,779.9706954175693,97.3437575175962,-0.0,18.136980958180562,-0.0,0.0,0.0,739.8579717798959,-50.226331138359996,-1585.0830745348824,2578.483059034563,0.0,-0.0,64.87832673108268,-0.0,0.0,0.0,3431.4966681774813,-11.323939004985688,-6063.534114938142,447.1905999999999,0.0,-0.0,22.08884441885683,-0.0,0.0,0.0,1425.7313455852707,-12.576211949620346,-1882.4345780545073,14524.127670373216,0.0,-0.0,191.31142466774747,-0.0,0.0,0.0,-39.556042996229635,-0.6467413029883545,-14675.236310741746,49518.98516215106,2073.3044378204368,-0.0,669.7808964093638,-0.0,0.0,0.0,2549.5560429962297,-41.50824130298835,-54770.11829807411
t464,14294.743201319608,0.0,-0.0,232.84429576224878,-0.0,0.0,0.0,-2986.714821169293,-33.97509042628978,-11506.897585486275,1625.1350932417824,0.0,-0.0,17.02966738130175,-0.0,0.0,0.0,-557.3932126340595,-13.895038325888038,-1070.8765096631366,616.4392499999999,0.0,-0.0,12.918663626181063,-0.0,0.0,0.0,184.8238613642692,-4.175333907356535,-810.0064410830936,3820.157876833754,0.0,-0.0,25.584902602102968,-0.0,0.0,0.0,-2198.616923886013,-40.82020987876894,-1606.3056456710751,897.7055700000001,0.0,-0.0,2.9232540694164366,-0.0,0.0,0.0,-712.1027405225201,-4.806693498527011,-183.71939004836946,2667.3760471308187,1035.7054748022358,-0.0,15.61094574408315,-0.0,0.0,0.0,-2696.1781911254043,-29.883291295140083,-992.6309852565939,780.0656301944038,1714.6206406276913,-0.0,28.965092839869545,-0.0,0.0,0.0,-694.2926417129897,-63.486270848769564,-1765.872451100205,2433.051322678115,0.0,-0.0,103.63462358784017,-0.0,0.0,0.0,4233.43097477668,-13.970322216763044,-6756.146598825872,493.4425999999999,0.0,-0.0,35.289989845797365,-0.0,0.0,0.0,1597.0436949093296,-28.31802696438278,-2097.458257790744,14198.669317187288,0.0,-0.0,304.2698805032723,-0.0,0.0,0.0,1453.5389821175886,-11.885362357622572,-15944.592817450528,50460.154498355776,5133.0,-0.0,1028.3189284631699,-0.0,0.0,0.0,2376.4610178824114,-43.04486235762257,-58954.88958234374
t465,15016.64646037216,0.0,-1783.22057475801,231.8526353982037,-122.2,0.0,0.0,-823.7603554408477,-10.680192460782637,-12508.637973110723,1487.8095000986395,0.0,-0.0,15.77144802548018,-5.998317889099396,0.0,0.0,-376.23399341803054,-14.320274181648642,-1107.0283626353412,616.57265,0.0,-0.0,11.96652003148023,-4.546093558054279,0.0,0.0,220.01012880235805,-5.661195083631682,-838.3420101921523,3991.508736679482,0.0,-0.0,23.684969799621783,-9.029046927802248,0.0,0.0,-2304.8244113197748,-40.31859516532939,-1661.021653066197,839.8419200000001,0.0,-0.0,2.7180383999370554,-1.010243012900951,0.0,0.0,-647.5956697788815,-4.37127077100745,-189.5827748371472,8739.208958015663,0.0,-732.4303588437759,14.460547510645565,-5.493196382648919,0.0,0.0,-6950.0,-38.92,-1026.8259502998822,1074.5853030362732,0.0,-0.0,26.810388193637465,-10.228710505622127,0.0,0.0,801.0709668805266,-67.73110410504685,-1824.5068434997688,2433.779303619147,0.0,-0.0,95.94706550538478,-36.55816902935316,0.0,0.0,4519.182651438506,-14.913302749747066,-6997.437548783939,438.9845999999999,0.0,-0.0,32.67790433015716,-14.182634184769599,0.0,0.0,1736.2996462207338,-28.882013567193972,-2164.8975027989272,14409.651478375583,0.0,-0.0,278.172218536511,-621.3983904292262,0.0,0.0,1920.0,-19.512,-15966.913306482867,57221.0782182946,0.0,-0.0,940.7185256509133,-415.8279008663665,0.0,0.0,1905.8510366154105,-50.61880816501572,-59601.20107152955
t466,14380.765622957682,0.0,-1564.2657302512177,193.13885370361513,-113.34637354127831,0.0,0.0,-196.60423318530903,-2.5558550314090174,-12697.132284652085,1398.2210889674109,0.0,-240.0,13.074195898235963,-11.640861354771342,0.0,0.0,-18.82619437169592,-3.5104761757753975,-1137.3177529634042,616.8978,0.0,-0.0,9.921430264725354,-8.825286945938796,0.0,0.0,243.47849638285297,-0.6573919402337031,-860.8150477614058,4206.150097870649,0.0,-0.0,19.62841881806951,-14.766129655154643,0.0,0.0,-2482.4837482893045,-22.561693889212144,-1705.9669448550471,741.4889000000001,0.0,-0.0,2.2598208774237123,-1.9731776673454635,0.0,0.0,-543.6370641989402,-3.669550183342846,-194.46892882779534,11948.959248824101,0.0,-4043.442931801912,11.989333402011624,-10.664092986028754,0.0,0.0,-6812.066069754686,-39.61656634773883,-1055.1589213357495,1406.6474918791325,0.0,-1656.929073205772,22.216229232224187,-19.833572024153195,0.0,0.0,2204.532159354975,-84.24163794366072,-1872.3915972927462,2499.046936481885,0.0,-0.0,79.51923988458373,-70.91211603244051,0.0,0.0,4703.654722887956,-17.517060585530256,-7193.791722636455,432.6435999999999,0.0,-0.0,27.08638449504634,-24.133939915959914,0.0,0.0,1806.604233185309,-23.546855031409017,-2218.653422732986,14186.522488224466,0.0,-0.0,229.67129096597176,-161.5,0.0,0.0,1920.0,-19.512,-16155.18177919044,64720.17339259474,0.0,-3975.2483016957713,755.8795885013016,-698.0209473935682,0.0,0.0,-824.6523020111571,-12.663084235541696,-59965.46834576001
t467,14300.726640514195,0.0,-1391.8513067388214,208.213381632586,-0.0,0.0,0.0,-266.85777464746656,-3.4691510704170696,-12846.761789690072,1338.2663155207306,0.0,-240.0,14.115285303345674,-3.4578653948519857,0.0,0.0,56.472424729953104,-4.628556619208163,-1160.7676035399693,617.0125999999999,0.0,-0.0,10.712288305204938,-2.6206979834667665,0.0,0.0,253.98420942452975,-0.6857573654462304,-878.4026423808217,4255.52365864149,0.0,-0.0,21.18803865632101,-7.950159760832204,0.0,0.0,-2493.521537025518,-34.09847947383676,-1741.1415210376254,665.4742799999999,0.0,-0.0,2.4435496807767247,-0.5823773296592818,0.0,0.0,-465.8133601497925,-3.1442401810110994,-198.37785202031384,12474.726136623112,0.0,-6424.879324237304,12.94508960082828,-3.166676730022342,0.0,0.0,-4948.928732325946,-34.04359356770928,-1076.6528993629593,1436.6478091486008,0.0,-227.1977400917854,23.980148234267563,-5.896570462800231,0.0,0.0,759.4606638749447,-76.4903583507638,-1910.5039523524629,2554.1502202937113,0.0,-0.0,85.84054978732547,-21.074779617045245,0.0,0.0,4741.982900617311,-17.643543572037128,-7343.255347509265,390.1215999999999,0.0,-0.0,29.241597061926324,-7.1705208714299005,0.0,0.0,1876.8577746474666,-24.46015107041707,-2264.5902997675457,14273.340726075818,0.0,-0.0,248.2284654578289,-0.0,0.0,0.0,1920.0,-19.512,-16422.057191533648,67125.90272727888,0.0,-5133.0,777.3617850836481,-702.2940853144964,0.0,0.0,-1433.636569145482,-23.51010504134407,-60610.82375286122
t468,13680.72109994543,0.0,-1830.0,247.75096994986436,-357.7461030110277,0.0,0.0,1280.353246080847,-18.858197261548177,-13002.221015703566,1287.3829619147918,0.0,-240.0,16.642012246141565,-40.40487112275624,0.0,0.0,148.29574720015822,-0.40039851744042726,-1171.515451720895,617.39735,0.0,-0.0,12.630444641765907,-21.94631860851775,0.0,0.0,281.55716350055025,-2.4421998432687926,-887.1964396905296,4543.417091140927,0.0,-0.0,24.978416384900285,-79.02323468391597,0.0,0.0,-2696.5246066474097,-36.07300018684151,-1756.77466600766,578.3008799999999,0.0,-0.0,2.883666740942763,-9.124278006591995,0.0,0.0,-369.2356147184282,-2.4923403993493904,-200.3323136165731,14421.182491561838,0.0,-6424.879324237304,15.263098092484094,-48.28826166084397,0.0,0.0,-6833.467695287239,-43.387419093608536,-1086.4228893753273,1789.7426564317354,0.0,-1714.6206406276913,28.26906730404025,-79.54849051184227,0.0,0.0,1960.2184409263136,-55.9667634502231,-1928.0942700723322,5782.936424003887,0.0,-0.0,101.1988644450688,-210.40261222470656,0.0,0.0,1745.6604012043945,-7.755679323974501,-7411.637398104669,405.7875999999999,0.0,-0.0,34.47484457252993,-83.70594548857335,0.0,0.0,1954.022075273329,-25.463286978553274,-2285.115287378732,14445.102084455157,0.0,-0.0,291.67426552384484,-133.688850675065,0.0,0.0,1920.0,-19.512,-16503.575499303937,66491.21593897826,0.0,-5133.0,892.1474936720065,-1835.7797488759534,0.0,0.0,609.1208424674846,-32.36010371201859,-60991.344422529786
t469,14380.36889121214,0.0,-1830.0,27.807757038056447,-681.9499453704375,0.0,0.0,1221.1892486867278,-19.00453976707254,-13098.411411799414,1129.3303564026462,0.0,-240.0,17.793411154934127,-45.722750947662746,0.0,0.0,314.8729003714075,-0.8501568310028004,-1175.4237601503226,617.4583499999999,0.0,-0.0,4.789143493761755,-34.70882177086019,0.0,0.0,306.3901902489802,-3.801156511449642,-890.1277054604321,4606.665659359122,0.0,-0.0,26.70128910580994,-50.22700448282729,0.0,0.0,-2782.5132948281152,-37.01248222193933,-1763.6141669320502,505.92195999999996,0.0,-0.0,3.0890989209897306,-5.822974102416823,0.0,0.0,-299.8545223778199,-2.024018026050284,-201.3095444147027,15147.416588828757,0.0,-6424.879324237304,16.320745456857935,-30.70956220121105,0.0,0.0,-7570.303860846086,-47.513701620738075,-1090.3308853802744,1786.8978037614281,0.0,-1714.6206406276913,30.216841079345556,-66.7209763613005,0.0,0.0,1958.544855276161,-59.38293394232783,-1934.9349491856146,5450.119690902878,0.0,-0.0,108.18359361207978,-313.2667026822604,0.0,0.0,2204.199380904196,-9.268857956983846,-7439.967104779908,387.8835999999999,0.0,-0.0,36.857433855080245,-94.70191512304801,0.0,0.0,1988.8107513132722,-25.915539767072538,-2292.9343302782318,14371.981338090232,0.0,-0.0,311.3446107509534,-102.55893856959202,0.0,0.0,1920.0,-19.512,-16481.255010271594,67319.27751403654,0.0,-5133.0,942.992398048396,-2475.634312255942,0.0,0.0,738.6643512512758,-34.776090150836296,-61357.52386092944
t470,14364.98503639887,0.0,-1110.2839408425962,272.1956653041533,-175.95442547124262,0.0,0.0,-289.5745018936887,-3.7644685246179534,-13057.603364970873,1167.2613939640123,0.0,-240.0,18.10284074014381,-2.093565727627686,0.0,0.0,241.18599317660943,-7.078747788101545,-1177.3779143650363,617.3095,0.0,-0.0,13.740532788272763,-0.0,0.0,0.0,260.75881004926003,-0.7040487871330022,-891.1047940503997,4315.314798310464,0.0,-0.0,24.80976403930939,-0.0,0.0,0.0,-2532.4894391861617,-41.08974154967969,-1766.5453816139318,571.5927899999999,0.0,-0.0,3.1432081145895014,-0.0,0.0,0.0,-370.9227253040842,-2.5037283958025682,-201.3095444147027,12851.031014909928,0.0,-5654.362520599275,16.604673724190878,-0.0,0.0,0.0,-6077.662982714807,-43.32530193729023,-1092.2848833827481,1178.6259971464951,0.0,-1251.1562514250568,30.741785800426896,-0.0,0.0,0.0,2065.3333711019513,-84.7009939448957,-1938.843908678919,2517.725721958247,0.0,-0.0,110.063811949449,-0.0,0.0,0.0,4842.85351114098,-17.976416586765232,-7452.666628461911,384.5265999999999,0.0,-0.0,37.498218358910975,-0.0,0.0,0.0,1899.5745018936886,-24.755468524617953,-2296.8438517279815,15181.433003952174,0.0,-0.0,316.6208994155589,-852.2663380888837,0.0,0.0,1920.0,-19.512,-16546.275565278847,68163.25952139637,0.0,-4354.633806653839,961.5026419068029,-961.5026419068029,0.0,0.0,-1959.0565382637478,-32.16983285942497,-61817.39934361934
t471,13990.307013882517,0.0,-849.3164686665621,305.3169939810005,-57.51000307591012,0.0,0.0,-285.70039897241253,-3.7141051866413477,-13099.383031962,1303.5183442473674,0.0,-240.0,20.160708164952602,-0.0,0.0,0.0,92.95047438540718,-5.1140750768322585,-1171.515451720895,617.1546999999999,0.0,-0.0,15.30256298943765,-0.0,0.0,0.0,255.4288345543888,-0.6896578532968499,-887.1964396905296,4283.13435412931,0.0,-0.0,30.253108843697728,-21.405187388653665,0.0,0.0,-2512.8566208405255,-21.37391717554031,-1757.7517375682874,635.6192522717959,0.0,-0.0,3.5007685356816793,-5.905885026068418,0.0,0.0,-429.97946080440636,-2.902361360429743,-200.3323136165731,12291.209033172934,0.0,-4673.2727837939565,18.492304882771748,-13.091857730063406,0.0,0.0,-6498.96061473895,-36.97619341616943,-1087.399888376564,1139.6965340073284,0.0,-884.9194656129414,34.23606188529226,-64.97784768571915,0.0,0.0,1787.1274282538407,-82.09120090214893,-1929.0715099456581,2611.6201240427526,0.0,-0.0,122.57476447877413,-26.709690650837484,0.0,0.0,4724.669268130042,-17.586408584829137,-7414.568057415901,373.3365999999999,0.0,-0.0,41.760773955398456,-0.0,0.0,0.0,1895.7003989724126,-24.705105186641347,-2286.0926677411694,14476.822329624096,0.0,-0.0,353.3491488167157,-233.8771714510672,0.0,0.0,1920.0,-19.512,-16496.782306989746,67368.97609845512,0.0,-4527.7737752584235,1065.2933535587836,-1065.2933535587836,0.0,0.0,-948.3793089397959,-14.23441722353541,-61878.588597033384
t472,13765.822055556511,0.0,-1139.2317103096423,395.971891381412,-740.020122119413,0.0,0.0,779.7463217720884,-16.34451326109759,-13045.94392301986,1591.9586367475633,0.0,-240.0,12.12799224071667,-48.297975418185395,0.0,0.0,-136.45919956667785,-2.9286167457372194,-1176.4008372576793,617.2836499999999,0.0,-0.0,9.204177511747927,-38.247273289458334,0.0,0.0,302.7044532619499,-0.8173020238072648,-890.1277054604321,4400.048473047688,0.0,-0.0,39.60985533987135,-73.2675408342248,0.0,0.0,-2579.2976303357095,-22.501918724946705,-1764.5912384926776,702.541632271796,0.0,-0.0,4.587314827209385,-5.325406451412148,0.0,0.0,-497.1383126226873,-3.355683610203139,-201.3095444147027,13285.476704369197,0.0,-6424.879324237304,24.214501014529603,-46.21962189142882,0.0,0.0,-5709.419621604995,-37.86475326848985,-1091.3078843815113,1622.3072834693799,0.0,-1714.6206406276913,4.108187206228278,-4.108187206228278,0.0,0.0,2093.633502459382,-64.43071636880227,-1936.8894289322668,5108.810290302681,0.0,-0.0,14.682965385223294,-220.61185116260893,0.0,0.0,2547.487408703334,-10.401708448721001,-7439.967104779908,355.8055999999999,0.0,-0.0,25.12451932490296,-104.38351163921239,0.0,0.0,2044.9883316285877,-26.64584831117164,-2294.8890910031064,15014.676366369427,0.0,-0.0,462.90854092150465,-882.2610563460748,0.0,0.0,1920.0,-19.512,-16495.81185094486,67022.1469137608,0.0,-4342.445778279946,1371.9840957910321,-1371.9840957910321,0.0,0.0,-766.245253695272,-11.921314721929955,-61901.534567063645
t473,9656.472764660448,1830.0,-0.0,492.4674739885192,-492.4674739885192,0.0,0.0,1580.1780664825503,-13.905566985046443,-13052.745264157951,1458.2859472217212,240.0,-0.0,33.95357854326655,-0.0,0.0,0.0,-534.8530431436833,-1.444103216487945,-1195.9423794048168,616.7012499999998,0.0,-0.0,25.546283610180993,-0.0,0.0,0.0,266.23363469634467,-2.7200454066128037,-905.7611228999128,3977.5440211737214,0.0,-0.0,50.94381299627732,-0.0,0.0,0.0,-2209.5108617249884,-24.09651557289023,-1794.88045687212,770.5843622717958,0.0,-0.0,5.903464955908358,-0.0,0.0,0.0,-567.4391453891066,-3.8302142313764693,-205.2184676072212,6344.127125654426,1498.7486140351464,-0.0,31.145878148255235,-0.0,0.0,0.0,-6719.787250040007,-44.363502392810254,-1109.8708654050106,1038.6752343751677,0.0,-0.0,57.64810945516489,-0.0,0.0,0.0,947.4704087957225,-73.67816800070229,-1970.115584625353,2717.235671933341,0.0,-0.0,206.41202993442275,-0.0,0.0,0.0,4657.708190323167,-15.370437028066451,-7565.985455162866,351.7025999999999,0.0,-0.0,70.32788691143227,-0.0,0.0,0.0,1929.1413900968353,-15.23281078278826,-2335.939066225479,14364.61912111848,1000.9954185962778,-0.0,592.4312959869154,-552.9303771445285,0.0,0.0,1250.8586099031647,-14.59381078278826,-16641.38025767752,60166.072875112,2252.1578427515315,-0.0,1742.5697445642277,-1573.9254106811613,0.0,0.0,-600.0,-9.81,-61977.065051746606
t474,8801.728989913465,1830.0,-0.0,570.0952542253776,-0.0,0.0,0.0,2045.4834667925338,-19.670817508246298,-13227.63689342313,1530.7857190188238,240.0,-0.0,40.42450920520504,-2.554584461722362,0.0,0.0,-586.7022406238831,-1.5840960496844845,-1220.3693070887389,616.5819999999999,0.0,-0.0,30.685473538228084,-34.80897388313713,0.0,0.0,313.7707385487789,-2.8805206845412292,-923.3487175193286,3777.0619541768424,0.0,-0.0,43.50049867010442,-3.845321873961029,0.0,0.0,-1962.765791199766,-23.896306718521622,-1830.0550330546982,861.4156122717959,0.0,-0.0,5.035918025618525,-0.4302458040795558,0.0,0.0,-652.4895889680608,-4.404304725534411,-209.1273907997397,2031.8714015708708,5425.1991633577745,-0.0,26.59146772722507,-2.339461559682584,0.0,0.0,-6309.504502450247,-40.45322521372138,-1131.3648434322201,828.0634770878477,1714.6206406276913,-0.0,49.2268263985399,-78.3562387663055,0.0,0.0,-426.2686930199152,-77.10359289613599,-2010.1824194317219,2693.153723547581,0.0,-0.0,245.74886188092057,-206.41202993442275,0.0,0.0,4998.476610920559,-16.494972816037844,-7714.4721935986,351.7025999999999,0.0,-0.0,83.73086018120298,-90.3,0.0,0.0,2053.0195501103995,-14.322306306688564,-2383.8307039849133,13648.308114439,1625.661260711306,-0.0,714.109904219499,-0.0,0.0,0.0,1126.9804498896005,-13.683306306688564,-17101.37642295272,57293.05667186402,3693.0,-0.0,2067.760324159105,-168.64433388306628,0.0,0.0,-600.0,-9.81,-62275.362662140054
t475,9367.864927698263,1830.0,-0.0,476.9071609318093,-87.7738088545669,0.0,0.0,2089.344377282207,-20.221271934891696,-13656.121385122822,1514.6000507731599,28.596024482362964,-0.0,34.00591097639253,-0.0,0.0,0.0,-323.71510382008523,-0.8740307803142302,-1252.6128516315157,616.6105499999999,0.0,-0.0,25.810983094252354,-17.48667386550601,0.0,0.0,323.71510382008523,-0.8740307803142302,-947.7759322685173,3788.951164176842,0.0,-0.0,51.03120518243693,-65.4,0.0,0.0,-1866.6896680621326,-28.98409021108922,-1878.908611086057,907.1177573045707,0.0,-0.0,5.9026328896696105,-0.0,0.0,0.0,-694.3201841607674,-4.68666124308518,-214.0135447903878,2054.685561570871,6424.879324237304,-0.0,31.191115424150624,-0.0,0.0,0.0,-7303.086902109949,-46.01728665181571,-1161.6518124705613,828.0698770878477,916.5217915002247,-0.0,57.7504748421597,-0.0,0.0,0.0,344.4201456685623,-83.80891650746483,-2062.9533725913293,2552.4364465916265,0.0,-0.0,206.75841795370047,-0.0,0.0,0.0,5177.5092614021105,-17.08578056262696,-7919.61834538481,351.7025999999999,0.0,-0.0,70.07892594310718,-11.415865581947726,0.0,0.0,2049.38899732696,-14.348990869646842,-2445.405666818472,13808.954356712133,2324.5252779267325,-0.0,600.3836682851328,-85.59595707374794,0.0,0.0,1130.6110026730398,-13.709990869646843,-17765.16835765364,57532.28543134116,5133.0,-0.0,1779.8124038871679,-507.6725638433986,0.0,0.0,-927.177030020031,-15.91185160987358,-62994.33638975503
t476,8683.751664600171,1830.0,-0.0,326.69289794557756,-0.0,0.0,0.0,3544.34360487533,-38.81646686337929,-14345.9717005577,1312.5039507731599,240.0,-0.0,21.951631216477473,-32.467859677891944,0.0,0.0,-307.11013834647474,-0.829197373535482,-1234.0483865917352,616.6105499999999,0.0,-0.0,16.658166338058606,-5.452965302026216,0.0,0.0,307.11013834647474,-0.829197373535482,-934.0966920089717,3791.9628141768426,0.0,-0.0,32.95602615736236,-10.830194974857625,0.0,0.0,-1931.1542115757006,-32.360897955777126,-1850.573535827869,852.4023373045708,0.0,-0.0,3.7944432525710265,-1.2117700671169371,0.0,0.0,-639.5859529118708,-4.317205182155128,-211.08185239599894,2077.510901570871,6424.879324237304,-0.0,20.130196553557596,-6.588999739948344,0.0,0.0,-7323.966385961568,-47.8992062119173,-1144.0658304482988,828.0762770878476,1714.6206406276913,-0.0,37.30088022263847,-12.269171929558986,0.0,0.0,-441.41040822375635,-94.63652113996693,-2031.6816966448953,2487.8888394580886,0.0,-0.0,133.51259366371136,-43.85092930379415,0.0,0.0,5242.287051629379,-18.422468948916965,-7801.4150864984695,351.7025999999999,0.0,-0.0,45.47807102216842,-0.0,0.0,0.0,2032.6601983773044,-20.59827599118561,-2409.2425934082867,13799.240496548242,2916.4142970426533,-0.0,354.5143112152336,-0.0,0.0,0.0,600.0,-9.81,-17660.359104806128,60625.970742836485,3693.0,-0.0,1253.0730698946286,-460.35315976343134,0.0,0.0,-1083.173896209118,-18.821193164300052,-64009.69556359427
t477,9046.346743576934,1830.0,-0.0,270.6584647585788,-0.0,0.0,0.0,2940.3887373577068,-30.96505358565019,-14056.428892107568,1518.51720077316,240.0,-0.0,17.685375803041005,-0.0,0.0,0.0,-588.4421743741427,-1.5887938708101854,-1186.171608331248,616.6390999999999,0.0,-0.0,13.420011134268798,-24.294127191992086,0.0,0.0,295.16130822292433,-2.981877985028473,-897.9444141801725,3805.1664541768423,0.0,-0.0,26.553861216499037,-0.0,0.0,0.0,-2029.0649145837285,-23.40808890752764,-1779.2473119020851,777.4706373045707,0.0,-0.0,3.0538976495541403,-7.6,0.0,0.0,-565.841101507984,-3.819427435178892,-203.26400601096196,2054.741461570871,6098.785522834346,-0.0,16.217068485304814,-40.0,0.0,0.0,-6985.404910001869,-44.238267496010465,-1100.1008753926426,828.0826770878476,1516.09543673059,-0.0,30.0557514728827,-0.0,0.0,0.0,-330.9475338821503,-89.78382463035987,-1953.50250677881,2586.2959747493,0.0,-0.0,107.57351565281641,-0.0,0.0,0.0,4824.539326126951,-15.920979776218937,-7502.487836752848,351.7025999999999,0.0,-0.0,36.640860132340954,-19.7,0.0,0.0,1963.5213135558254,-15.773314711435729,-2316.39145897673,13809.396718605862,2024.2885148346663,-0.0,312.0649630379841,-161.5,0.0,0.0,1076.0899490864679,-13.30926112578554,-17047.030884439195,56714.82800288045,5133.0,-0.0,992.4088012836622,-0.0,0.0,0.0,-600.0,-9.81,-62230.42680416412
t478,9587.798357491518,1830.0,-0.0,220.94952736936867,-71.63584880574474,0.0,0.0,1827.0842699944094,-16.92990758842984,-13377.266398461119,1374.0142434339634,240.0,-0.0,10.429837042334913,-49.03007320276809,0.0,0.0,-452.5077171914194,-1.2217708364168325,-1121.6845192456942,616.6390999999999,0.0,-0.0,10.88612894082199,-7.2,0.0,0.0,231.03850533371434,-2.2737495927409315,-849.0899846817954,3841.956484176842,0.0,-0.0,21.544120142626635,-79.7,0.0,0.0,-2063.8959428062626,-37.387434113211185,-1682.517227399995,808.2684494995525,0.0,-0.0,2.474412028529778,-9.2,0.0,0.0,-605.9156941591019,-4.089930935573938,-191.53723643340646,2077.5668015708707,3930.0130348749262,-0.0,13.15501461102188,-48.7,0.0,0.0,-4892.672435698865,-38.85847904075581,-1040.5039363171975,828.0890770878476,1714.6206406276913,-0.0,24.38638605858406,-16.2,0.0,0.0,-635.4510371995048,-68.46170598835026,-1846.9833605862684,2479.3901003760484,0.0,-0.0,87.27599436850392,-57.9,0.0,0.0,4604.485559404372,-15.194802346034425,-7098.05685180289,351.7025999999999,0.0,-0.0,29.725675383758713,-0.0,0.0,0.0,1822.9397489588198,-16.013392845152673,-2188.3546314974255,13753.673740009921,690.6002835435856,-0.0,248.88534787523355,-0.0,0.0,0.0,1357.0602510411802,-15.374392845152673,-16034.845229624776,58429.21971835283,1440.0,-0.0,805.2431398361971,-671.0,0.0,0.0,-1192.165507677341,-20.853886718182412,-58790.443463793505
t479,11264.709004754008,1830.0,-0.0,159.8500066120899,-600.943175823891,0.0,0.0,-312.8870989229117,-4.067532285997853,-12336.661204333297,1182.2026934339635,0.0,-0.0,10.300989437862624,-5.47280233073343,0.0,0.0,-158.71722708851948,-0.42853651313900265,-1027.885116939434,616.6676499999999,0.0,-0.0,7.815293182074343,-4.032027553322623,0.0,0.0,158.71722708851948,-0.42853651313900265,-778.7396062041322,3868.7145962569157,0.0,-0.0,15.471858463851621,-8.00805472396021,0.0,0.0,-2311.930492618947,-22.42898470817763,-1541.8189226696818,784.4926294995527,0.0,-0.0,1.7727810445720371,-0.8960061229605825,0.0,0.0,-605.3815353939226,-4.086325363908977,-175.90154366333246,2054.797361570871,3874.889114273632,-0.0,9.444093737122028,-4.872033293598167,0.0,0.0,-4952.662418733547,-28.045092347357713,-953.5510252071217,828.0922770878476,0.0,-0.0,17.51435945849689,-83.0720619949759,0.0,0.0,1000.7419410375705,-70.69705498818918,-1692.5794606007498,2429.4788222305806,0.0,-0.0,62.67408612048629,-260.1903894198849,0.0,0.0,4289.2325057088465,-14.154467268839191,-6507.040557371188,351.7025999999999,0.0,-0.0,21.344388908486906,-71.81469983705747,0.0,0.0,1727.434821177621,-23.08260652742574,-2005.5845037216245,13433.839739457424,0.0,-0.0,176.41272884519717,-706.3537621868473,0.0,0.0,1765.4522777452908,-18.376074241427887,-14650.974909619636,52362.59097093733,3836.9001567675514,-0.0,596.3569030258777,-1367.1595463423378,0.0,0.0,-600.0,-9.81,-54818.87848438842
t480,11079.616275365728,1103.3630849001875,-0.0,98.86235910689479,-486.9877345283656,0.0,0.0,-760.0,-9.879999999999999,-11024.973984844444,1008.77418029105,31.330055517637216,-0.0,6.273677635845647,-29.761554585249826,0.0,0.0,-84.25730372077675,-0.22749472004609725,-932.1315604184603,616.6676499999999,0.0,-0.0,4.76050295583587,-0.0,0.0,0.0,84.25730372077675,-0.22749472004609725,-705.4579619565665,3836.345386256916,0.0,-0.0,9.420025969999315,-0.0,0.0,0.0,-2396.3631419306416,-51.212867038786825,-1398.189403257487,763.8409294995525,0.0,-0.0,1.0829331568890301,-0.0,0.0,0.0,-601.5746139173706,-4.060628643942251,-159.28862009512883,2041.1579009375444,0.0,-0.0,5.752701284703816,-0.0,0.0,0.0,-1161.8282885164713,-20.438197611204075,-864.6441160945725,818.4929207537921,179.98500224395949,-0.0,10.662467360786833,-0.0,0.0,0.0,572.8357544858316,-48.686783595767295,-1533.2893612486007,2429.490421012213,0.0,-0.0,38.161570971374715,-180.89018268557805,0.0,0.0,3628.5371023973844,-11.974172437911367,-5903.324739257482,351.7025999999999,0.0,-0.0,12.998087022114724,-61.63918300568942,0.0,0.0,1530.3169850131974,-17.405775620861235,-1815.9727134087614,12840.007620564602,0.0,-0.0,109.38159697216622,-604.6902638237373,0.0,0.0,986.4905115401566,-12.650705259820151,-13318.538759993367,52884.64644596469,1107.6756723539586,-0.0,370.4992411594493,-1807.3116253865755,0.0,0.0,-1798.4143090720863,-32.16042686419441,-50724.93499815525
t481,10593.188706637204,0.0,-0.0,53.605716752850654,-332.5906938950013,0.0,0.0,851.3743115652188,-7.492093941773926,-11158.085947118498,1738.158084610862,0.0,-0.0,3.6766874504296307,-34.62665393400431,0.0,0.0,-706.5022752642024,-8.972578895855369,-991.7332639672297,621.97795,0.0,-0.0,2.7894178980698534,-25.0839202368385,0.0,0.0,152.42168100860047,-0.7240029847908522,-751.381125685041,3812.3929674800884,0.0,-0.0,5.5225532750194635,-29.74926145151584,0.0,0.0,-2260.8645373710706,-39.22173509733277,-1488.0799868351871,840.605474741376,0.0,-0.0,0.6324712425175314,-5.9976837952711515,0.0,0.0,-660.7420941783637,-4.460009135703955,-170.0381588745547,2066.5584918891273,0.0,-0.0,3.370761409763417,-20.42898573727724,0.0,0.0,-1121.1414176618648,-9.002789735915144,-919.3560601638336,830.0922770878476,0.0,-0.0,6.251705016749856,-58.821924741065615,0.0,0.0,872.8190211990598,-13.464290741427835,-1636.8767878211638,5892.413868557262,0.0,-0.0,22.370785361401477,-135.5209991821913,0.0,0.0,480.2557050065524,-1.5848438265216227,-6257.934515916503,351.7025999999999,0.0,-0.0,7.618482791294059,-66.62985745554562,0.0,0.0,1662.4070641621745,-11.088748609856808,-1944.0095408880659,16940.93210463589,0.0,-0.0,63.3574833737596,-821.3942172414554,0.0,0.0,-1920.0,-19.512,-14243.383370768192,53002.34568812306,0.0,-0.0,234.36246669381717,-0.0,0.0,0.0,2649.9725415338953,-43.83829936178515,-55842.84239698901
t482,10066.139927324703,0.0,-0.0,33.87476573397507,-191.87653829869373,0.0,0.0,551.3466451245527,-4.851850477096064,-10454.63294940744,1876.6939100000002,0.0,-0.0,2.322907866968864,-0.0,0.0,0.0,-938.8699179203479,-11.923647957588418,-928.2232519890327,621.97795,0.0,-0.0,1.7622546151384826,-1.1954581792849859,0.0,0.0,80.36367721759392,-0.38172746678357106,-702.5266961866638,3805.7556439755745,0.0,-0.0,3.489451345418539,-22.224808720486756,0.0,0.0,-2353.436110485442,-41.257202221339725,-1392.326973893724,768.85018,0.0,-0.0,0.3992139907032006,-0.0,0.0,0.0,-605.8711436757629,-4.0896302198114,-159.28862009512883,2089.350291889127,0.0,-0.0,2.129520570349249,-11.32795332865453,0.0,0.0,-1211.8421129455398,-8.550625096893592,-859.7591210883885,830.0922770878476,0.0,-0.0,3.9503010995731196,-0.0,0.0,0.0,715.049992374497,-16.780449186643267,-1532.3121213752745,4763.632415213036,0.0,-0.0,14.1347938896313,-75.04769080233626,0.0,0.0,1154.5941734385601,-3.810160772347248,-5853.503530966545,351.7025999999999,0.0,-0.0,4.813474693796895,-5.102169164635715,0.0,0.0,1479.7948789515412,-10.349169259753742,-1820.8596152209486,15681.018457859624,0.0,-0.0,40.910291588485336,-0.0,0.0,0.0,-1920.0,-19.512,-13782.416749448106,53765.02656567664,0.0,-0.0,149.01642454866706,-2222.2542751352835,0.0,0.0,3048.8699179203477,-49.89514795758842,-54690.763485052776
t483,10855.866474738272,0.0,-0.0,14.83712199200152,-166.61846106390544,0.0,0.0,-623.1973446738103,-8.101565480759534,-10072.786225511796,1674.9224100000004,0.0,-0.0,1.0078986527715044,-11.039461432774178,0.0,0.0,-761.4294619651889,-13.344140452693988,-890.1172448021146,621.97795,0.0,-0.0,0.7646672644049718,-8.379046769987378,0.0,0.0,61.89892699477201,-2.071370411584509,-674.1911270776051,3789.2324200000003,0.0,-0.0,1.5139189865799005,-16.566714248536258,0.0,0.0,-2398.2174437185236,-40.30535764217231,-1335.6568233773478,695.27548,0.0,-0.0,0.17337074767978006,-1.91589056054089,0.0,0.0,-537.4571201181201,-3.6278355607973105,-152.44800450822146,2073.2774400000003,0.0,-0.0,0.924031660777803,-10.125599925675832,0.0,0.0,-1232.586231793197,-6.902482898041902,-824.5871570438635,820.486520753792,0.0,-0.0,1.7138076880264879,-18.748156271187824,0.0,0.0,685.872742706119,-19.556145394343595,-1469.7687694824062,4071.930311923075,0.0,-0.0,6.132582541621826,-67.12159052932125,0.0,0.0,1608.5332095387355,-5.308159591477827,-5614.166353882632,351.7025999999999,0.0,-0.0,2.08847632807595,-22.867530740966313,0.0,0.0,1429.4736869364103,-13.818524847816814,-1746.5787076757033,14907.906659909286,0.0,-0.0,18.200516111288227,-0.0,0.0,0.0,-1342.8909639071971,-15.270248584717898,-13567.945963528657,51010.60315797628,0.0,-0.0,70.12854635011641,-0.0,0.0,0.0,3110.0,-50.6715,-54140.06020432641
t484,12553.515787987786,0.0,-503.08608867119614,21.572604807739697,-213.4582119423219,0.0,0.0,-1960.0,-24.939999999999998,-9873.604092182008,1674.6514100000006,0.0,-0.0,1.4796093385513571,-16.355897444216417,0.0,0.0,-776.8740562987218,-13.30244004799345,-869.5986255476201,621.97795,0.0,-0.0,1.1223666851814675,-12.117011251053297,0.0,0.0,49.471682978719656,-1.8972787747234405,-658.5577096381244,3784.68629,0.0,-0.0,2.223176425953257,-24.54100671871251,0.0,0.0,-2418.4144072301224,-39.563519039840344,-1304.3905334372782,621.7686299999999,0.0,-0.0,0.25370240753281514,-2.776741194115667,0.0,0.0,-467.5505437275532,-3.155966170160984,-148.53908131570296,2050.4856400000003,0.0,-400.27356375970305,1.3562661618242586,-14.642821640941175,0.0,0.0,-826.2742091694676,-4.627135571349018,-806.0241760203642,782.0634954175692,0.0,-0.0,2.516993477439942,-27.09990808016819,0.0,0.0,714.1734646384582,-36.088671537305444,-1435.5653739159939,5116.705376316953,0.0,-0.0,9.005016017248373,-85.05995671622185,0.0,0.0,443.09847422417226,-1.4622249649397683,-5482.286684877212,351.7025999999999,0.0,-0.0,3.0662669499790978,-33.06225186065818,0.0,0.0,1412.3695945845147,-27.57009685806728,-1706.5061128157683,13563.638317150193,0.0,-374.6818943576064,26.99000998324732,-320.34524394552875,0.0,0.0,720.0,-19.512,-13596.089188830303,51142.28631985639,0.0,-0.0,94.28676425888844,-0.0,0.0,0.0,3110.0,-50.6715,-54295.90158411529
t485,13678.857555954997,0.0,-1754.714629307027,19.446071022319565,-14.992330431170663,0.0,0.0,-2043.8886573115342,-25.678220184341498,-9859.029789743243,1574.3618600000002,0.0,-0.0,1.371020043289237,-0.0,0.0,0.0,-700.4420649298347,-13.508806424689446,-861.7820086887651,621.97795,0.0,-0.0,1.0395945013539696,-0.8400132790365129,0.0,0.0,32.905655355211536,-2.388008479209986,-652.695178098319,3784.48407,0.0,-0.0,2.061666213409391,-0.0,0.0,0.0,-2452.3000102300534,-40.60297971297624,-1293.6427462703793,689.10113,0.0,-0.0,0.2332364285181669,-0.1866696175636695,0.0,0.0,-537.9546523897503,-3.6311939036308143,-147.56185051757333,2050.4856400000003,0.0,-120.80705771719047,1.2562144521170227,-1.0150160455024526,0.0,0.0,-1123.236476742671,-7.498120935045049,-799.1851830117065,782.0634954175692,0.0,-0.0,2.334782648215116,-1.890029877832153,0.0,0.0,681.3101069670729,-39.97985971894362,-1423.838495436081,4489.329375800837,0.0,-0.0,8.349385524771836,-6.75510678558529,0.0,0.0,945.6393182335001,-3.1206097501705505,-5433.442363023352,351.7025999999999,0.0,-0.0,2.842041823082443,-2.2983696662526807,0.0,0.0,1367.9667810480591,-27.39026546324464,-1692.822787741644,13199.637832115568,0.0,-0.0,24.947955930545866,-0.0,0.0,0.0,720.0,-19.512,-13925.073788046111,52983.16214253226,0.0,-0.0,100.51716410059986,-238.97615622981203,0.0,0.0,3110.0,-50.6715,-55904.03165040305
t486,13784.441764209852,0.0,-1689.406857249719,46.25065253391574,-0.0,0.0,0.0,-1960.0,-24.939999999999998,-10156.34555949405,1775.5642600000003,0.0,-0.0,3.1312173554422467,-1.6907276543336547,0.0,0.0,-890.5021715873468,-12.995644136714162,-873.5069339770477,621.97795,0.0,-0.0,2.375089769193983,-0.0,0.0,0.0,38.13282538106732,-0.9968897422343365,-661.4889754080269,3796.20901,0.0,-0.0,4.705258158472869,-2.544990048102238,0.0,0.0,-2446.3987766297205,-41.717538679608694,-1310.2529628010413,757.3156799999999,0.0,-0.0,0.5363707382169156,-0.0,0.0,0.0,-604.2570038484075,-4.07873477597675,-149.51631211383258,2073.2774400000003,0.0,-870.9496836551511,2.870046268657813,-0.0,0.0,0.0,-394.0360278335642,-2.2066017558679594,-808.9551730240746,782.0634954175692,0.0,-0.0,5.327293060166902,-0.0,0.0,0.0,691.0718274640794,-35.079323039212696,-1443.3832929026023,5135.437801760781,0.0,-0.0,19.058325187732883,-0.0,0.0,0.0,349.4583857803947,-1.1532126730753023,-5502.801300055833,351.7025999999999,0.0,-0.0,6.489205841239864,-0.0,0.0,0.0,1386.5309412734982,-27.465450312157664,-1717.2572968025802,14261.457908529595,0.0,-0.0,62.214838193665344,-17.028468631050195,0.0,0.0,720.0,-19.512,-15007.132278092207,55473.77899542722,1041.4884276305447,-0.0,224.51413998281618,-0.0,0.0,0.0,3110.0,-50.6715,-59799.110063040585
t487,15309.067487078288,0.0,-1817.8887720971609,142.15178332102272,-65.74089725133484,0.0,0.0,-2397.2335415307784,-28.78765516547085,-11141.568404354564,1573.2101100000002,0.0,-0.0,9.57231216566839,-0.0,0.0,0.0,-642.849016736538,-13.664307654811347,-926.269097774319,621.97795,0.0,-0.0,7.259791010377139,-1.9538314250449234,0.0,0.0,76.31186560834897,-3.023256186952449,-700.5725190067287,3794.48632,0.0,-0.0,14.388340383519605,-0.0,0.0,0.0,-2379.633118602045,-39.84578256963213,-1389.3957592118425,687.6762799999999,0.0,-0.0,1.635133308950667,-0.43418476112109405,0.0,0.0,-527.008531662111,-3.5573075887192487,-158.3113892969992,2096.0692400000003,0.0,-1166.7,8.772619852993211,-2.3608796385959483,0.0,0.0,-72.25208147541389,-6.700774654305528,-856.828124084678,782.0634954175692,0.0,-0.0,16.292078211573187,-4.396120706351077,0.0,0.0,770.0394455544083,-31.686777101925173,-1532.3121213752745,5881.761889379072,0.0,-0.0,58.27543523491939,-27.68751780915063,0.0,0.0,-91.83999870203671,-0.22041599688488808,-5820.28939210592,404.2955999999999,0.0,-0.0,19.839886519477517,-5.3458998713034696,0.0,0.0,1434.4649775461658,-27.508047161203606,-1825.746517033136,15736.16946243738,0.0,-0.0,195.01823479129263,-0.0,0.0,0.0,720.0,-19.512,-16631.675697228675,56946.35117895761,5133.0,-0.0,707.6495691424957,-0.0,0.0,0.0,3110.0,-50.6715,-65846.3292481001
t488,16312.619333761322,0.0,-340.1221237735381,235.74296910250587,-0.0,0.0,0.0,-3438.1815707624596,-37.947997822709645,-12732.11061050512,1775.3881100000003,0.0,-0.0,15.142216753310157,-1.602103808804789,0.0,0.0,-748.6415152034778,-13.378667908950609,-1026.9080398320773,476.65295,0.0,-0.0,11.486312616632759,-0.0,0.0,0.0,291.9053374722919,-3.259171064727477,-776.7854290241971,3100.23632,0.0,-0.0,22.751451964812205,-2.4115878385166827,0.0,0.0,-1546.4499315655735,-34.2614730122946,-1539.8647795484274,691.1366300000001,0.0,-0.0,2.596794903317087,-0.0,0.0,0.0,-514.3599515669081,-3.4719296730766294,-175.90154366333246,2246.5701565754316,0.0,-0.0,13.880049201341453,-0.0,0.0,0.0,-1281.3686982442146,-28.461479329147018,-950.6200282034113,792.873795227475,0.0,-0.0,25.75815737566033,-0.0,0.0,0.0,921.9674267473401,-42.15647950976907,-1698.442899840706,5382.291730229903,0.0,-0.0,92.15549184183374,-0.0,0.0,0.0,983.085650343417,-3.2441826461332757,-6454.28868976902,517.6876,0.0,-0.0,31.379772639670456,-0.0,0.0,0.0,1502.0432527795847,-27.933275173757316,-2023.1773502454985,16479.83992572724,0.0,-50.450829297524294,297.57750410050534,-63.08458941383341,0.0,0.0,720.0,-19.512,-17364.37001111639,59956.84628242414,4361.560503414784,-0.0,1054.629493413398,-132.72890208303878,0.0,0.0,3110.0,-50.6715,-68299.63587716929
t489,18598.07410072228,0.0,-1830.0,226.5760690296078,-92.33802803402884,0.0,0.0,-3314.0489744793113,-39.019999999999996,-13549.243167238546,1939.150954913061,0.0,-240.0,14.423814145539044,-6.440455547803564,0.0,0.0,-578.2866424460276,-17.911,-1110.9366710647687,331.85375,0.0,-0.0,10.943727364337603,-4.882165917456826,0.0,0.0,514.7439645151738,-11.386,-841.273275962055,2902.3245908620293,0.0,-0.0,21.662300004367335,-9.69055545672237,0.0,0.0,-1167.667675621583,-79.74457735813047,-1666.88408242996,688.38078,0.0,-0.0,2.484494099688737,-1.0892133480384503,0.0,0.0,-488.41605511637346,-10.8,-190.56000563527684,11140.12953041246,0.0,-5171.775401458286,13.22456638374226,-5.899356900823649,0.0,0.0,-4877.486890134736,-69.4125,-1028.7799483023557,1280.018624970339,0.0,-1714.6206406276913,24.52126326064659,-10.976541750059495,0.0,0.0,2358.7751032542474,-102.4613270011269,-1835.2564821063556,4923.744930123139,0.0,-0.0,87.752290919101,-39.24006817679603,0.0,0.0,2045.8571455614915,-20.67674964299636,-6997.437548783939,520.2985999999999,0.0,-0.0,29.886220260638375,-13.353495404954725,0.0,0.0,1676.530024467118,-30.871000000000066,-2182.490349322801,17905.726791535137,0.0,-1490.0,269.64602044984537,-75.83633938211801,0.0,0.0,720.0,-19.512,-17310.024472602865,63995.72771429412,0.0,-0.0,940.0672595396516,-462.26542850916735,0.0,0.0,3110.0,-50.6715,-67532.8580453246
t490,14467.554054841698,0.0,-1830.0,197.89224157320078,-128.37715032900374,0.0,0.0,1006.5330221260328,-39.019999999999996,-13674.582168211926,2095.0435361785776,0.0,-240.0,12.72500437843107,-11.424265379574987,0.0,0.0,-691.3447511404606,-17.911,-1147.088524036973,332.24275,0.0,-0.0,9.655622727974936,-8.66085284550303,0.0,0.0,546.7802365986744,-11.386,-868.6317564811462,3151.6312064798767,0.0,-0.0,19.107553170133514,-17.186398069362482,0.0,0.0,-1353.1847659580626,-79.74457735813047,-1720.6230182644547,681.5084517716949,0.0,-0.0,2.195682547585207,-1.9354224056139886,0.0,0.0,-474.54532148961147,-10.8,-196.4233904240546,14360.365379053765,1169.891946036144,-5254.98737820116,11.6680628748491,-10.465381082178887,0.0,0.0,-9144.085215335774,-69.4125,-1062.974913345644,1567.6925785413869,226.9126350134596,-1487.7080056142318,20.900552914901155,-16.870670542141678,0.0,0.0,1684.447871320346,-102.46132700112683,-1892.9136346325936,4393.0100560474875,0.0,-0.0,77.40616120893156,-60.30172559010196,0.0,0.0,2846.3600974074543,-20.67674964299636,-7235.797839430775,528.8775999999999,0.0,-0.0,23.402567183304942,-20.518399323721535,0.0,0.0,1749.038826471401,-30.871000000000002,-2249.9295943309844,17379.696902602267,0.0,-1789.0148325418268,232.5937721408058,-140.25000956197448,0.0,0.0,1435.7681355998116,-11.59480901705692,-17107.199159222026,63550.97578178004,0.0,-413.0253728668137,789.7850722861706,-606.8907278786077,0.0,0.0,2394.2318644001884,-42.75430901705692,-65672.32230870391
t491,13459.658895886281,0.0,-1830.0,213.65623735619727,-146.39408112852774,0.0,0.0,2040.0,-39.019999999999996,-13697.90105211395,2054.1626885660485,0.0,-240.0,13.826532092874402,-2.7940679720901507,0.0,0.0,-640.6540865027218,-17.911,-1166.6300661841105,332.38715,0.0,-0.0,10.492171025112743,-2.117609410426218,0.0,0.0,553.9123737159728,-11.386,-883.2880853306593,3259.8350961329697,0.0,-0.0,20.758624137351884,-4.205807579040961,0.0,0.0,-1446.708170249884,-79.74457735813047,-1749.9351650832698,603.4130017716948,0.0,-0.0,2.389058146822928,-0.4705798689836036,0.0,0.0,-395.1763972310907,-10.8,-199.35508281844346,15839.263753309775,1379.5231788605706,-5045.356145376733,12.679019498661194,-2.5587780375983478,0.0,0.0,-11032.600633885533,-69.4125,-1081.5378943691433,1768.7057149315578,0.0,-1714.6206406276913,23.0638381929314,-25.408790925947365,0.0,0.0,1975.8837558826306,-102.4613270011269,-1925.162550452354,3112.133385452974,0.0,-0.0,84.09734066834191,-113.53793971153738,0.0,0.0,4296.8694937357195,-20.676749642996437,-7358.885530502501,505.7515999999999,0.0,-0.0,28.64538358588578,-22.866948469297302,0.0,0.0,1805.4336326245812,-30.871000000000002,-2286.0926677411694,17212.27472670551,0.0,-1772.132106446581,249.57659915901348,-677.0992691727968,0.0,0.0,1920.0,-19.512,-16913.107950245147,67861.08018373846,0.0,-4681.10166188798,809.5430244997838,-490.7954866896339,0.0,0.0,923.0400319103258,-50.6715,-64371.09459157095
t492,13369.902031125275,0.0,-1830.0,254.4588799602945,-701.5450351660659,0.0,0.0,2613.984951154333,-39.019999999999996,-13667.780827073835,1873.9450124115726,0.0,-240.0,16.636442659200952,-48.65668682878837,0.0,0.0,-406.63585387694866,-17.911,-1177.3779143650363,332.42855,0.0,-0.0,12.62495117518202,-36.926750780570984,0.0,0.0,594.3640436557888,-11.386,-891.1047940503997,3274.034243399881,0.0,-0.0,24.9752659493312,-20.144909768651353,0.0,0.0,-1433.5517121691255,-79.74457735813047,-1765.5683100533047,533.3108017716947,0.0,-0.0,2.876871296698957,-9.2,0.0,0.0,-314.878128653691,-10.800000000000011,-201.3095444147027,16432.476272134107,0.0,-6424.879324237304,15.256365130844799,-44.62356589797098,0.0,0.0,-8817.509362748164,-69.4125,-1091.3078843815113,1843.5548443612988,459.4595417132106,-1255.1610989144806,28.267539609175394,-0.0,0.0,0.0,968.1161285308199,-102.46132700112683,-1941.7756282988971,2668.499543492469,0.0,-0.0,101.18157928462807,-57.9,0.0,0.0,4740.070753712112,-20.67674964299636,-7431.175126846213,538.5755999999999,0.0,-0.0,34.46586362571521,-32.54523748146351,0.0,0.0,1796.015048845667,-30.870999999999995,-2305.6402749899185,16555.193560347878,0.0,-2090.283546237752,295.3913644650781,-0.0,0.0,0.0,1920.0,-19.512,-16660.789378575206,70197.97959962381,0.0,-5133.0,940.7344135373892,-1213.7267852572743,0.0,0.0,-1659.9758684507915,-50.6715,-63081.339859453125
t493,13030.04654177916,0.0,-1830.0,276.5024809367287,-0.0,0.0,0.0,2123.373586473671,-39.019999999999996,-13560.902609189558,1681.6458711335495,0.0,-240.0,18.03217820042167,-5.151502154642829,0.0,0.0,-257.2834785995781,-17.911,-1179.33206857975,332.35615,0.0,-0.0,13.685278192368587,-3.904296369834565,0.0,0.0,562.3078394078008,-11.386,-893.0589712303348,3297.207980698662,0.0,-0.0,27.065905908810507,-60.64448687573041,0.0,0.0,-1414.4082260777977,-79.74457735813047,-1769.4765962958134,465.9399017716948,0.0,-0.0,3.1234814276173872,-5.075027541152666,0.0,0.0,-250.90158044532717,-10.800000000000011,-202.28677521283234,16536.473051040142,0.0,-6424.879324237304,16.537780801505637,-4.717691446883432,0.0,0.0,-8960.739433773473,-69.4125,-1093.2618823839848,1843.9498178828367,0.0,-1714.6206406276913,15.954842010788084,-86.38994426131816,0.0,0.0,1988.2745999153876,-102.46132700112683,-1944.7073479188753,3369.450158965934,0.0,-0.0,109.6554005029094,-265.0,0.0,0.0,4254.35338645068,-20.67674964299636,-7447.782196276526,556.8525999999999,0.0,-0.0,37.355118296171696,-6.949611622133489,0.0,0.0,1752.1853094031926,-30.870999999999995,-2308.5724160772306,17454.07258968574,0.0,-3070.0,318.0435033424946,-203.83784657181513,0.0,0.0,1920.0,-19.512,-16398.76624645642,68338.31674920127,0.0,-5133.0,997.6134296666092,-554.595914910758,0.0,0.0,-1717.1620027545546,-50.6715,-61880.50076120257
t494,13282.361807901707,0.0,-1830.0,267.8388715635647,-708.7,0.0,0.0,2340.658788265282,-39.019999999999996,-13313.139467730552,1890.739588680331,0.0,-240.0,17.509260047900646,-46.089797834590826,0.0,0.0,-434.6867533874597,-17.911,-1169.5612975061813,332.34075,0.0,-0.0,13.28939456593439,-34.987004674637255,0.0,0.0,585.9851226192974,-11.386,-885.2422625105945,3237.0289782533396,0.0,-0.0,26.276994270980396,-69.14780095101567,0.0,0.0,-1360.5701428893944,-79.74457735813047,-1753.8434513257787,533.0867017716948,0.0,-0.0,3.037405767122223,-3.037405767122223,0.0,0.0,-321.9543881551217,-10.800000000000011,-200.3323136165731,15673.774042047296,0.0,-6424.879324237304,16.059453779996918,-42.280130648520014,0.0,0.0,-8068.792649568617,-69.4125,-1084.4688913728537,1835.9899953432496,0.0,-1714.6206406276913,29.73750831116609,-0.0,0.0,0.0,1878.4714941734082,-102.46132700112683,-1927.117030199006,3211.629505674887,0.0,-0.0,106.46267833790907,-35.60017086200297,0.0,0.0,4125.399973669943,-20.67674964299636,-7387.215237177739,603.4775999999999,0.0,-0.0,36.2698764263027,-95.4630544569936,0.0,0.0,1773.6566261342978,-30.870999999999995,-2287.070048103607,18203.199038146915,0.0,-3070.0,231.34288019257687,-999.2161500322354,0.0,0.0,1920.0,-19.512,-16265.81376830726,70012.00329933544,0.0,-5133.0,962.4786571541761,-2380.419604790082,0.0,0.0,-2438.168070861636,-50.6715,-60972.2227808379
t495,12532.482502102861,0.0,-1830.0,298.0930603728099,-377.8221250579004,0.0,0.0,2620.584572103335,-39.019999999999996,-13204.318009521106,2058.119533762216,0.0,-240.0,19.520366902342605,-2.53286237080671,0.0,0.0,-653.497203431712,-17.911,-1163.69883486204,332.26935,0.0,-0.0,14.81612012405868,-1.9196430599798224,0.0,0.0,547.5540810866453,-11.386,-881.3339081507243,3155.344359121033,0.0,-0.0,29.293881208097105,-3.8126244107932576,0.0,0.0,-1355.0541597194451,-79.74457735813047,-1746.0268788407611,599.9933017716949,0.0,-0.0,3.387711989773944,-0.4265873466621828,0.0,0.0,-392.7993435963631,-10.800000000000011,-199.35508281844346,14507.978356847269,0.0,-6424.879324237304,17.9044352401691,-2.319568697475618,0.0,0.0,-6949.68750278599,-69.4125,-1079.5838963666695,1701.1344360513717,614.7111309169055,-1099.9095097107856,33.151199988937535,-82.56495740288842,0.0,0.0,854.2608984966591,-102.46132700112683,-1918.3218713390715,2807.2048771645605,0.0,-0.0,118.68687045268206,-280.43712960733774,0.0,0.0,4729.223229950207,-20.67674964299636,-7354.001098317115,572.8915999999999,0.0,-0.0,40.43519292590866,-95.55235670577812,0.0,0.0,1789.4154278966648,-30.870999999999995,-2276.3188641167953,16860.018283592937,0.0,-2588.826751639462,348.9337188203464,-348.9337188203464,0.0,0.0,1920.0,-19.512,-16171.679531953474,69938.57020134991,0.0,-5133.0,1049.233566767146,-2660.7820943508677,0.0,0.0,-3110.0,-50.6715,-60033.350173766215
t496,11264.942173319765,0.0,-605.9267694221338,384.24026317344334,-384.24026317344334,0.0,0.0,2517.8698475254096,-32.80769198216968,-13144.077559440879,2083.7996777372464,0.0,-240.0,25.092613954712117,-42.08011848624801,0.0,0.0,-650.0877238804546,-17.911,-1158.8134493252555,332.02655,0.0,-0.0,19.046819438580155,-31.943296502659013,0.0,0.0,569.6814808549329,-11.386,-877.4255537908541,3025.6307700811167,0.0,-0.0,37.65063738290558,-63.13189418020942,0.0,0.0,-1182.194629569944,-79.74457735813047,-1738.2103063557438,666.8871017716948,0.0,-0.0,4.360828056306125,-7.321952699417886,0.0,0.0,-454.74812510826916,-10.800000000000011,-198.37785202031384,11747.006623361243,1534.3526289930642,-4890.52669524424,23.01709207470404,-38.60195861739752,0.0,0.0,-7231.136289206892,-69.4125,-1074.6989013604855,1351.5923672751173,785.9916108249989,-928.6290298026923,42.60622488496101,-42.60622488496101,0.0,0.0,804.0103310561672,-102.46132700112683,-1910.5039523524629,2652.437486561687,0.0,-0.0,152.54974636181063,-152.54974636181063,0.0,0.0,4688.049336100722,-20.67674964299636,-7319.810073019413,399.0735999999999,0.0,-0.0,51.975086517395056,-51.975086517395056,0.0,0.0,1892.1301524745904,-24.658691982169678,-2266.545060492421,14389.587169429371,0.0,-0.0,457.1498200271047,-457.1498200271047,0.0,0.0,1920.0,-19.512,-16290.07516942937,66388.91132998894,660.1039861351818,-4472.896013864818,1325.668822865946,-1325.668822865946,0.0,0.0,-2873.574380246262,-50.6715,-59651.87342201305
t497,8310.575751977463,1830.0,-0.0,480.3136184120525,-480.3136184120525,0.0,0.0,3106.5840518434534,-33.125592673964896,-13214.03421114695,1933.7332386849782,0.0,-0.0,31.844609963855508,-31.844609963855508,0.0,0.0,-753.1859803674873,-16.848423455450583,-1163.69883486204,476.95255,0.0,-0.0,24.17262436633536,-24.17262436633536,0.0,0.0,415.18736403361504,-10.806005882890762,-881.3339081507243,3388.09389790722,0.0,-0.0,39.46427331502177,-0.0,0.0,0.0,-1614.9227095697024,-66.60858281177808,-1746.0268788407611,733.6505017716948,0.0,-0.0,4.5708907878965,-0.0,0.0,0.0,-535.2533496311377,-3.612960110010179,-199.35508281844346,5754.219838470489,1465.298957545519,-0.0,24.12582911071623,-0.0,0.0,0.0,-6103.670488292253,-61.367239469038346,-1078.6068973654328,1090.9997252943763,0.0,-0.0,44.65857174217703,-0.0,0.0,0.0,880.0217076309191,-96.38089345507655,-1919.2991112123975,2898.7411567955014,0.0,-0.0,193.5900480957847,-179.369870213108,0.0,0.0,4453.824839862174,-16.692621971545172,-7350.093552568806,351.7025999999999,0.0,-0.0,65.95942822450036,-0.0,0.0,0.0,1880.3701952128336,-20.735978958101185,-2277.2962444792324,13837.715590293406,1080.1448166555506,-0.0,600.511709539591,-0.0,0.0,0.0,1343.045752943713,-15.271386284136291,-16846.146483148124,63594.38215183373,0.0,-0.0,1705.5282552629608,-1705.5282552629608,0.0,0.0,-3072.001383666128,-50.188917572559824,-60472.19185059504
t498,8064.535061847915,1830.0,-0.0,576.7868995290879,-0.0,0.0,0.0,3560.0,-39.019999999999996,-13992.301961377003,1917.39491,240.0,-0.0,37.914378148867144,-0.0,0.0,0.0,-994.3802016561823,-3.0325528731547267,-1197.8965336195306,621.97795,0.0,-0.0,28.779604072060444,-0.0,0.0,0.0,262.31103078036017,-6.330373362540199,-906.7382114898804,3798.1326374800883,0.0,-0.0,56.88809356157121,-0.0,0.0,0.0,-1994.4100496012097,-63.776081447074745,-1796.8345999933742,788.303594329067,0.0,-0.0,6.590430931738315,-0.0,0.0,0.0,-585.7219345950674,-3.953623058516705,-205.2184676072212,2118.8610400000002,4472.099850751554,-0.0,34.77867815950017,-2.136710666308936,0.0,0.0,-5457.213870083682,-56.51812275605214,-1109.8708654050106,830.0922770878476,1714.6206406276913,-0.0,64.37525990544331,-0.0,0.0,0.0,-538.8265429002249,-94.28261085544797,-1975.9790238653095,2448.049260556735,0.0,-0.0,230.4955060826086,-211.35800636538724,0.0,0.0,5110.821199788671,-18.860709959302614,-7559.147250103326,351.7025999999999,0.0,-0.0,78.53261491930485,-4.83829886509035,0.0,0.0,1943.1522845045308,-22.836330708891698,-2345.712869849853,15169.368380015037,1490.0,-0.0,749.4553020823473,-0.0,0.0,0.0,826.8477154954692,-11.4773307088917,-18224.19406688396,64411.067932374644,0.0,-0.0,2120.3215280330796,-226.5653327605153,0.0,0.0,-2132.579631732665,-38.25826132300484,-64133.98623459154
t499,9034.180717207066,1830.0,-0.0,511.08808079555524,-70.29673712825807,0.0,0.0,3560.0,-39.019999999999996,-14825.952060874362,2120.20976,240.0,-0.0,33.872064617576754,-3.14000427139211,0.0,0.0,-1130.3915260575293,-3.0520571203553297,-1257.4982371683002,621.97795,0.0,-0.0,25.707872990993,-2.3797927109498094,0.0,0.0,313.31144385914195,-6.933187510797669,-951.6842866283874,3800.9598974800883,0.0,-0.0,50.83659470320438,-8.238597403774488,0.0,0.0,-1918.6202320926338,-38.21247911580908,-1886.7251835710745,855.500394329067,0.0,-0.0,5.872408247335514,-0.9218011081146278,0.0,0.0,-641.132580958302,-4.327644921468538,-214.99077558851744,2096.0692400000003,5994.899231248592,-0.0,31.066399425184784,-0.0,0.0,0.0,-6903.295231712251,-53.179830486018496,-1165.5598084755084,830.0922770878476,1714.6206406276913,-0.0,57.53268426795426,-9.333236219660607,0.0,0.0,-421.0252597527415,-97.20685493984969,-2074.6802510712423,2429.4388,0.0,-0.0,196.5326472564509,-33.357677599898096,0.0,0.0,5365.26579515674,-19.70037712401724,-7938.179187689277,351.7025999999999,0.0,-0.0,70.16645154567755,-0.0,0.0,0.0,2063.084292248642,-21.95483045197248,-2462.998513342346,15442.801819304615,1490.0,-0.0,621.6789800410309,-161.5,0.0,0.0,706.9157077513579,-10.595830451972482,-18089.30067664503,59147.8879537201,5133.0,-0.0,1895.9834550086532,-0.0,0.0,0.0,-994.1124084424243,-17.160196417451214,-65165.59880386889
t500,9033.70061154619,1830.0,-0.0,323.248861247279,-245.36335272564946,0.0,0.0,3560.0,-39.019999999999996,-14462.56612006782,2115.53870728435,240.0,-0.0,21.539279247858325,-0.0,0.0,0.0,-1138.00283806299,-3.0726076627700727,-1236.002540806449,621.97795,0.0,-0.0,15.09296214837043,-0.0,0.0,0.0,306.00455654053815,-7.0245995000017185,-936.0508691889067,3797.020427480088,0.0,-0.0,32.33911390300512,-65.4,0.0,0.0,-1853.7218659217356,-55.7558533909751,-1854.4818220703776,793.528044329067,0.0,-0.0,3.720756989915205,-0.0,0.0,0.0,-581.2661714674484,-3.923546657405277,-212.05908319412856,2079.3342451594863,5342.590804654169,-0.0,19.75138801582049,-7.834196029092239,0.0,0.0,-6231.29322421,-56.52918913961152,-1146.0198284507724,830.0922770878476,1714.6206406276913,-0.0,36.60347739482492,-74.0,0.0,0.0,-371.78663199756375,-97.00738735462278,-2038.5223757581778,2429.4388,0.0,-0.0,131.01146951870328,-49.429330675011244,0.0,0.0,5311.87209845383,-19.52417792489764,-7803.368859372624,351.7025999999999,0.0,-0.0,42.68302558771717,-17.739501353231855,0.0,0.0,2065.286298863964,-21.938645703349867,-2419.9937773950987,13676.517187380254,2788.7214658972193,-0.0,385.502126754726,-0.0,0.0,0.0,704.713701136036,-10.579645703349865,-17544.874835464885,59990.219375842586,4456.309126936522,-0.0,1277.7215307527024,-0.0,0.0,0.0,-1771.8059233346307,-31.664180470190864,-63920.779929726996
t501,8339.118631303194,1830.0,-0.0,255.5655622697606,-0.0,0.0,0.0,3560.0,-39.019999999999996,-13945.664193572955,2021.9659458143915,240.0,-0.0,17.046821889415604,-5.41457759945574,0.0,0.0,-1067.9328522469693,-2.8834187010668177,-1202.781919156315,621.97795,0.0,-0.0,12.935496103726003,-7.2,0.0,0.0,289.5140278629158,-6.580908116891072,-910.6465658497506,3803.191957480088,0.0,-0.0,23.265508059477114,-14.3,0.0,0.0,-1945.3154856349643,-63.16787898683677,-1803.6741009177645,744.175794329067,0.0,-0.0,2.68314239030472,-1.6,0.0,0.0,-535.4489578485433,-3.614280465477667,-206.19569840535084,2056.5424451594863,5544.764249594329,-0.0,15.631571120473987,-0.0,0.0,0.0,-6440.960415628673,-61.22198983442287,-1114.7558604111946,830.0922770878476,897.9815898470831,-0.0,26.33138014384701,-16.2,0.0,0.0,344.0660475436025,-99.45159164379263,-1982.819702978592,2429.4388,0.0,-0.0,103.68900920996231,-57.9,0.0,0.0,5136.077635952631,-18.94405619864368,-7592.36138896395,351.7025999999999,0.0,-0.0,35.3178282599943,-90.3,0.0,0.0,2078.651893075256,-21.84040858589687,-2353.5319127493526,13391.059469968954,2962.005634348737,-0.0,278.43787858528503,-161.5,0.0,0.0,691.3481069247442,-10.48140858589687,-17150.869681241824,61925.75514520573,2513.511093173841,-0.0,991.7488225433601,-630.9845574526877,0.0,0.0,-2110.0,-37.9715,-62652.05900347024
t502,7913.606592666361,1830.0,-0.0,210.37553545627512,-63.68902397106686,0.0,0.0,3560.0,-39.019999999999996,-13411.27310415157,1824.0832958143915,240.0,-0.0,14.30681842716978,-5.73705593134957,0.0,0.0,-907.4811015812592,-2.4501989742694,-1162.721757754683,621.97795,0.0,-0.0,10.855359439424056,-0.0,0.0,0.0,253.08210433253373,-5.558594211200846,-880.3568195607568,3817.351177480088,0.0,-0.0,21.484946355889665,-14.3,0.0,0.0,-2018.7743663788933,-61.689021737577505,-1744.072735719507,691.023944329067,0.0,-0.0,2.466182264860152,-9.2,0.0,0.0,-481.683678942621,-3.2513648328626914,-199.35508281844346,2079.3342451594863,4588.063166619442,-0.0,13.117811067911816,-48.7,0.0,0.0,-5499.347441602186,-54.83788288045808,-1077.629898364196,830.0922770878476,1714.6206406276913,-0.0,24.319859777420348,-90.2,0.0,0.0,-470.61145723827485,-92.83116853559095,-1915.3901517190932,2429.4388,0.0,-0.0,87.03527157937452,-57.9,0.0,0.0,4904.8159414107,-18.18089260665531,-7345.20912038342,351.7025999999999,0.0,-0.0,29.64299735039724,-19.7,0.0,0.0,1934.6400215209069,-22.898895841821336,-2273.3867230294827,14670.088506072807,1490.0,-0.0,250.02772310865953,-784.7063510283285,0.0,0.0,835.3599784790931,-11.539895841821334,-16449.22996079041,62096.940419598235,0.0,-0.0,827.9067446442862,-125.89646382834883,0.0,0.0,-2110.0,-37.9715,-60650.979200414185
t503,7558.59963262067,1830.0,-0.0,151.4937823159602,-411.5505182511788,0.0,0.0,3560.0,-39.019999999999996,-12649.522896685452,1630.6314958143914,239.91552000000033,-0.0,10.329311836766172,-39.4737266386572,0.0,0.0,-720.8057156223938,-14.545599862121685,-1106.0512855279842,621.97795,0.0,-0.0,7.836608761570303,-29.961426085375013,0.0,0.0,247.79991800096673,-10.288129074977183,-837.3649216021848,3994.896517480088,0.0,-0.0,15.515107358214825,-65.4,0.0,0.0,-2215.696503774091,-70.24761111926875,-1659.0675099449427,793.2991943290671,0.0,-0.0,1.7768614066473194,-7.6,0.0,0.0,-593.8845601177723,-4.008720780794962,-189.5827748371472,2102.1260451594867,4852.639104483924,-0.0,9.469838873141171,-45.158609657175866,0.0,0.0,-5827.455577226963,-66.74884933500383,-1024.8719522974086,830.0922770878476,0.0,-0.0,17.563595081748858,-0.0,0.0,0.0,1073.9689879926755,-99.0724964091563,-1822.5523637531169,2429.47102415453,0.0,-0.0,62.848665450654494,-123.5347532654032,0.0,0.0,4634.217894250256,-17.287919051025842,-6985.714911539013,351.7025999999999,0.0,-0.0,21.403423081779547,-42.84236700014385,0.0,0.0,1856.154847860641,-23.47576186822429,-2162.942742074052,13440.401257477262,1444.6337252830633,-0.0,176.9065627300842,-472.2800912720279,0.0,0.0,913.845152139359,-12.11676186822429,-15491.389844489517,62434.07576462751,0.0,-0.0,612.2317187078255,-2223.9667411859277,0.0,0.0,-2928.144443502677,-48.361934432484,-57845.83436421425
t504,7654.329368038045,1830.0,-0.0,101.55104535505919,-501.2561083536042,0.0,0.0,2617.8393821236464,-27.475813549781904,-11674.987873613365,1586.087834610862,0.0,-0.0,6.925252007795551,-33.154042893769834,0.0,0.0,-498.6173491177685,-16.746266842617974,-1044.495427764501,621.97795,0.0,-0.0,5.254325114173599,-25.163688105581436,0.0,0.0,198.61734911776853,-10.221266842617975,-790.4646692837428,4173.655177480088,0.0,-0.0,10.400827679623875,-0.0,0.0,0.0,-2545.727641383145,-72.08265209120702,-1566.2457116853611,782.500574741376,0.0,-0.0,1.1926598959687034,-0.0,0.0,0.0,-600.804567747329,-4.05543083229447,-178.83323605772134,2089.350291889127,3661.6570006715056,-0.0,6.349402863026756,-0.0,0.0,0.0,-4724.8934044019825,-64.25728079600343,-968.2060102256738,830.0922770878476,0.0,-0.0,11.773589599253649,-0.0,0.0,0.0,970.2732419200056,-91.21969167990189,-1720.9194169272057,2429.5098286354673,0.0,-0.0,42.132779724187635,-0.0,0.0,0.0,4138.971333749856,-15.653605401374522,-6594.960336708135,351.7025999999999,0.0,-0.0,14.349251816459907,-68.67750123420423,0.0,0.0,1765.6926188576754,-20.342011945683694,-2042.7249574942473,13218.763524523754,0.0,-0.0,117.82786890297331,-608.0805493141378,0.0,0.0,1788.6490368812733,-18.54657042107736,-14498.613310572786,60358.965530395406,0.0,-0.0,408.19864391069154,-3087.823964480319,0.0,0.0,-3110.0,-50.6715,-54518.66870982578
t505,9325.75894307661,274.9324759049073,-0.0,52.11900163148263,-0.0,0.0,0.0,1600.0,-14.08,-11238.730420612997,1760.673151307204,0.0,-0.0,3.7739079935731192,-3.9342815348301317,0.0,0.0,-745.6219219143169,-13.386820810831344,-1001.5040350407985,621.97795,0.0,-0.0,2.863213511091197,-2.981771268502837,0.0,0.0,138.916322787203,-2.5549692149775534,-758.2207458148138,3791.9344931184564,0.0,-0.0,5.668432320896855,-5.922129047165356,0.0,0.0,-2249.4082653017886,-40.513542406431384,-1501.7589886839676,811.503919464639,0.0,-0.0,0.6493639591959055,-0.568970470409582,0.0,0.0,-636.2740732860601,-4.294849994680906,-171.01538967268434,2073.649711747032,3517.423649698324,-0.0,3.4599395240279622,-3.6029736161075934,0.0,0.0,-4631.723623884558,-31.05765229375352,-928.1490511749648,782.0634954175692,1714.6206406276913,-0.0,6.416785813579802,-6.708985354131382,0.0,0.0,-803.3791891628664,-40.50012154746229,-1652.512625794381,3399.950080010641,0.0,-0.0,22.96184358200543,-0.0,0.0,0.0,2903.2163926442145,-9.580614095725906,-6316.547702141135,351.7025999999999,0.0,-0.0,7.81986002048505,-38.15073251011445,0.0,0.0,1650.896677367899,-9.688637103893107,-1962.5797677743772,14280.758853847092,0.0,-0.0,64.49682672370669,-0.0,0.0,0.0,-336.6223192497265,-11.74582595351451,-13996.887535367556,52295.17754370754,0.0,-0.0,235.1830895525751,-2442.998214827272,0.0,0.0,3110.0,-50.6715,-53146.69091843284
t506,9365.03548055223,0.0,-0.0,32.745706959645545,-18.435763176908072,0.0,0.0,1141.6883519999644,-10.046857497599689,-10510.986918837332,1755.0971400000003,0.0,-0.0,2.3674187688096677,-0.0,0.0,0.0,-813.1054602002472,-13.204615257459333,-931.1544833111034,621.97795,0.0,-0.0,1.7960458966400856,-14.396014736492305,0.0,0.0,96.95579656162701,-1.8529043551758866,-704.4808733665989,3789.2324200000003,0.0,-0.0,3.5562187337892435,-0.0,0.0,0.0,-2355.932362870585,-40.62101572697138,-1396.2352601362327,742.882269464639,0.0,-0.0,0.40697161263546044,-0.0,0.0,0.0,-580.0850469154663,-3.915574066679397,-159.28862009512883,2082.3941600000003,2292.887315430302,-0.0,2.1703559370772982,-0.0,0.0,0.0,-3491.555599193397,-23.206114081882912,-862.6901180920988,782.0634954175692,0.0,-0.0,4.02584870279996,-0.0,0.0,0.0,780.5409085006013,-30.40917175239192,-1536.2210808685788,4623.40437251513,0.0,-0.0,14.405333631154498,-0.0,0.0,0.0,1236.3809513901606,-4.080057139587529,-5870.110600396858,351.7025999999999,0.0,-0.0,4.905661771738817,-0.0,0.0,0.0,1475.1124607273428,-5.9742054659457375,-1825.746517033136,13819.624516552036,327.19139304401733,-0.0,41.668381974495816,-22.373800580504245,0.0,0.0,-600.0,-9.81,-13556.300490990043,49411.79346601069,0.0,-0.0,150.47458709954446,-1124.1472306027151,0.0,0.0,3110.0,-50.6715,-51497.44932250752
t507,9778.00695351118,0.0,-0.0,14.277844645386756,-0.0,0.0,0.0,342.78678094519023,-3.0165236723176743,-10132.05505542944,1553.4746900000002,106.2912557580405,-0.0,1.026269075277636,-0.0,0.0,0.0,-756.3400109534209,-13.357881970425762,-891.0943219094714,621.97795,0.0,-0.0,0.7786144598604439,-0.0,0.0,0.0,53.50397340983844,-2.0694107920937466,-674.1911270776051,3786.08008,0.0,-0.0,1.5414711545932838,-0.0,0.0,0.0,-2410.8189294095196,-40.16872680709896,-1336.633894937975,676.296119464639,0.0,-0.0,0.1765768105110261,-0.0,0.0,0.0,-520.5112408909148,-3.513450876013675,-152.44800450822146,2059.6023600000003,0.0,-0.0,0.9408863404656088,-0.0,0.0,0.0,-1227.0109114919856,-7.968178803379729,-825.5641560451003,782.0634954175692,0.0,-0.0,1.744981567382719,-0.0,0.0,0.0,709.1335272181934,-22.19599484741322,-1470.7460093557322,6702.8757215726855,0.0,-0.0,6.244226599388015,-70.3485008787053,0.0,0.0,-1016.6806151952047,-3.0400460301441754,-5619.050786068019,351.7025999999999,0.0,-0.0,2.1265216259049233,-23.967087016303914,0.0,0.0,1433.956043531613,-15.284609740635833,-1748.5334684005782,12706.087992318611,536.1848724728419,-0.0,18.50488954901455,-187.54823707689025,0.0,0.0,281.98138283621074,-16.292563163846147,-13338.91833693594,47766.11024251593,0.0,-0.0,70.96296789438722,-101.67272007967782,0.0,0.0,3110.0,-50.6715,-50794.728990330645
t508,10313.72463144316,0.0,-0.0,20.86057068617003,-255.92870808948683,0.0,0.0,-72.93551817270603,-0.9481617362451783,-10004.772814130893,1351.5270400000002,0.0,-0.0,1.5021395671505435,-17.809825734342816,0.0,0.0,-450.45989288862995,-14.183758289200698,-870.575702654977,621.97795,0.0,-0.0,1.1394724587644927,-13.518108606429571,0.0,0.0,53.305671523505794,-4.34727573771636,-658.5577096381244,3780.82618,0.0,-0.0,2.2569659988910136,-26.72565337193099,0.0,0.0,-2412.166462934022,-38.823424695033225,-1305.3676049979053,608.488669464639,0.0,-0.0,0.25763615320831296,-3.0922485042354824,0.0,0.0,-453.07945865386563,-3.0582863459135927,-149.51631211383258,2036.8105600000001,0.0,-0.0,1.3769378961232805,-16.335885057248728,0.0,0.0,-1208.0851609161434,-6.765276901130402,-807.001175021601,782.0634954175692,0.0,-0.0,2.5552240689749857,-30.244308373785366,0.0,0.0,704.177757367896,-21.03231481800858,-1437.519853662646,6543.072773675967,0.0,-0.0,9.141935964684025,-108.28254104896087,0.0,0.0,-953.9280888359326,-2.8329626931585774,-5487.171117062598,351.7025999999999,0.0,-0.0,3.112926495055718,-36.891303667387035,0.0,0.0,1406.3037422451312,-15.76709153215684,-1708.4608735406432,13904.004210550767,0.0,-585.6663549534529,27.14348083477412,-315.69823753234397,0.0,0.0,276.8674112647668,-16.254975472796037,-13290.395534691721,47582.70061145399,0.0,-0.0,94.37887171638914,-0.0,0.0,0.0,3110.0,-50.6715,-50736.407983170386
t509,9110.749102043597,0.0,-0.0,18.800401598737764,-0.0,0.0,0.0,905.5393202461636,-7.96874601816624,-10027.120077870333,1553.4340400000006,0.0,-0.0,1.384802720442386,-0.0,0.0,0.0,-677.511962114673,-13.570717702290382,-863.7361629034789,621.97795,0.0,-0.0,1.050057335284853,-0.0,0.0,0.0,33.204516689522734,-2.5602573365209187,-653.6722666882866,3786.08008,0.0,-0.0,2.082342781439371,-0.0,0.0,0.0,-2452.170822186581,-40.394711203224674,-1295.5968893916336,675.685469464639,0.0,-0.0,0.2356360568234746,-0.0,0.0,0.0,-524.8167419954201,-3.5425130084690855,-147.56185051757333,2059.6023600000003,516.4722085761558,-0.0,1.2688583139253362,-0.0,0.0,0.0,-1764.4028630194412,-12.778381857696594,-800.1621820129434,782.0634954175692,0.0,-0.0,2.358179152391035,-0.0,0.0,0.0,663.4523986858046,-21.103858199705616,-1426.7702150560592,6330.77816420083,0.0,-0.0,8.433164508828261,-0.0,0.0,0.0,-894.3406635628544,-2.6363241897574192,-5442.234340957047,351.7025999999999,0.0,-0.0,2.870588391113518,-0.0,0.0,0.0,1355.7315472820555,-14.549806844212153,-1695.7549288289565,13606.562165149193,0.0,-0.0,25.16932119344618,-0.0,0.0,0.0,245.31526997542358,-16.023067234319363,-13861.023689083742,49394.99543786577,0.0,-0.0,99.7589702378103,-233.44691076030276,0.0,0.0,3110.0,-50.6715,-52320.635997343285
t510,9517.617157395616,0.0,-0.0,44.9468782545806,-34.068171281723394,0.0,0.0,831.4335835024325,-7.316615534821406,-10352.612832336084,1755.2055400000006,0.0,-0.0,3.175069006496474,-2.5752945878345517,0.0,0.0,-867.2858981519107,-13.058328074989856,-875.4610881917614,621.97795,0.0,-0.0,2.408384862697697,-1.951802213937766,0.0,0.0,42.19777945035969,-1.1891595111574889,-663.4431525879621,3791.3339800000003,0.0,-0.0,4.771018991010154,-3.876496063793062,0.0,0.0,-2437.6456929928854,-40.42156089078209,-1314.16124904355,665.2790958030415,0.0,-0.0,0.5440332331105413,-0.43373382531950344,0.0,0.0,-512.4142866620314,-3.4587964349687117,-149.51631211383258,2082.3941600000003,0.0,-0.0,2.9102823329047913,-2.3584276751747995,0.0,0.0,-1262.3073350874843,-9.729508543697696,-810.9091710265482,782.0634954175692,0.0,-0.0,5.401694826531294,-4.391554981359972,0.0,0.0,686.0833167122416,-21.864699579075797,-1447.2922523959066,6872.602011137056,0.0,-0.0,19.32480173213782,-15.69574280374953,0.0,0.0,-1355.594896731318,-4.158463159213349,-5516.477710174913,351.7025999999999,0.0,-0.0,6.580018866644771,-5.340347724246385,0.0,0.0,1384.438505198275,-16.213958088343468,-1721.16681825233,14462.38699668358,0.0,-0.0,62.99605674140041,-46.33172398355223,0.0,0.0,381.0949247623206,-17.021047697003056,-14843.125206506744,52689.49686190682,100.97821109082994,-0.0,223.17585197648708,-129.7484091027143,0.0,0.0,3110.0,-50.6715,-55943.23101587142
t511,10578.084618911224,0.0,-0.0,139.39230472875613,-0.0,0.0,0.0,669.9774625432959,-5.8958016703810046,-11381.558584512895,1957.3293400000007,0.0,-0.0,9.706230210803142,-0.0,0.0,0.0,-1021.1697742943913,-12.757158390594853,-933.1086375258171,621.97795,0.0,-0.0,7.3614533663200294,-0.0,0.0,0.0,77.41999411495651,-0.3243469347425383,-706.435050546534,3796.58788,0.0,-0.0,14.589237128094407,-0.0,0.0,0.0,-2370.101844759317,-40.9317259900359,-1400.1435463787413,732.4758958030416,0.0,-0.0,1.6584547977496975,-0.0,0.0,0.0,-570.0208589098912,-3.8476407976417653,-160.26585089325846,2105.1859600000003,180.7869142479202,-0.0,8.895474307119859,-0.0,0.0,0.0,-1421.0991483508017,-10.102083110903036,-863.6671170933357,782.0634954175692,0.0,-0.0,16.519400273140093,-0.0,0.0,0.0,763.8304951350569,-18.374390970578904,-1544.0389998551875,5910.621451716471,0.0,-0.0,59.08944929708995,-0.0,0.0,0.0,-104.23456983448744,-0.2501629676027619,-5865.226168211471,360.6545999999999,0.0,-0.0,20.11725396353126,-0.0,0.0,0.0,1465.3982443555792,-5.7628758494131835,-1840.4072224696974,16395.38308192656,741.4119822130865,-0.0,199.79532548769777,-0.0,0.0,0.0,-600.0,-9.81,-16726.780389627347,55634.08630198113,2632.3449013761438,-0.0,703.8898630420114,-0.0,0.0,0.0,3110.0,-50.6715,-62029.6495663993
t512,12011.979655314231,0.0,-0.0,235.6681446642607,-0.0,0.0,0.0,890.6649285575103,-7.837851371306091,-13130.474877164697,1876.3551600000003,0.0,-0.0,15.596225437099786,-0.0,0.0,0.0,-837.2477579411106,-13.139431053559019,-1041.5641964424303,621.97795,0.0,-0.0,11.830866458307032,-0.0,0.0,0.0,156.6583068061687,-1.9566311606680449,-788.5104921038077,3794.48632,0.0,-0.0,23.432949890160668,-0.0,0.0,0.0,-2216.0012054042395,-39.58063904306856,-1562.3374254428525,752.15908,0.0,-0.0,2.675391299950052,-0.0,0.0,0.0,-572.1392950009722,-3.861940241256562,-178.83323605772134,2096.0692400000003,2307.734296485178,-0.0,14.296419676482614,-0.0,0.0,0.0,-3431.734103191677,-22.067838749257422,-964.2980142207266,782.0634954175692,1714.6206406276913,-0.0,26.529461043965906,-0.0,0.0,0.0,-764.4995484018186,-35.84015201355056,-1722.8738966738579,4194.619666260826,0.0,-0.0,94.91649196288,-0.0,0.0,0.0,2266.9915881828038,-7.481072241003251,-6549.046674165507,440.4765999999999,0.0,-0.0,32.32030844240013,-0.0,0.0,0.0,1590.7789283378222,-11.077075661601029,-2052.4987611186216,15922.412473527986,1580.0,-0.0,308.90046062592745,-0.0,0.0,0.0,-193.47184194448693,-12.797981961708022,-17605.04311024772,59808.47621350644,1440.0,-0.0,1060.483492296461,-0.0,0.0,0.0,3110.0,-50.6715,-65368.2882058029
t513,15136.937766975016,0.0,-1830.0,227.77455530961214,-89.02614761250797,0.0,0.0,560.2909283375128,-4.930560169370113,-14001.046542840262,1961.6012743485196,0.0,-0.0,15.076060461827272,-6.467820674804661,0.0,0.0,-824.6035763651082,-13.173570343814207,-1132.43236742662,477.12655,0.0,-0.0,11.438744233305732,-4.902936035091824,0.0,0.0,376.3386471332847,-3.0943119299630464,-856.9066934015357,3582.623040426316,0.0,-0.0,22.64129377900061,-9.731622824096688,0.0,0.0,-1860.5075137851948,-35.89775366536769,-1699.127443930657,685.40468,0.0,-0.0,2.5974896536792187,-1.0939613923921643,0.0,0.0,-489.13760062924433,-3.3016788042473992,-194.46892882779534,7744.366097433409,0.0,-491.1447921682721,13.822762763760526,-5.924456384185471,0.0,0.0,-6175.447248752688,-36.37543556369509,-1049.2969273283286,1190.449483559745,0.0,-0.0,25.629237594102342,-11.023017115711479,0.0,0.0,717.6868744928329,-52.30546098487282,-1870.4371175460942,4485.107748766589,0.0,-0.0,91.71861951277691,-39.40645555764965,0.0,0.0,2605.3794895686046,-8.597752315576393,-7134.201649974746,510.9735999999999,0.0,-0.0,31.23739462726973,-13.410181002506887,0.0,0.0,1712.5417097164327,-16.82481843358422,-2224.517704907611,17650.512443586027,0.0,-318.75070384258953,283.0566289903895,-200.87945555325967,0.0,0.0,267.4582902835672,-16.185818433584217,-17665.21138503055,61112.127753242,768.588865609102,-0.0,955.0418917587283,-453.1804842931642,0.0,0.0,3110.0,-50.6715,-65441.90652631666
t514,13813.077320990018,0.0,-1830.0,198.1842061662195,-646.2679644769056,0.0,0.0,2595.4336552812756,-39.019999999999996,-14091.407217960605,2174.939848926846,0.0,-240.0,13.342820457935451,-7.744679130129166,0.0,0.0,-754.0427698558278,-17.911,-1168.5842203988243,332.23755,0.0,-0.0,10.124530755153327,-5.870174193152727,0.0,0.0,560.136355948594,-11.386,-885.2422625105945,3199.785613796108,0.0,-0.0,20.034779388127554,-11.655630429704733,0.0,0.0,-1374.5767340706248,-79.74457735813047,-1753.8434513257787,685.81768,0.0,-0.0,2.302813276618345,-1.2355755043515328,0.0,0.0,-475.7526041556937,-10.800000000000011,-200.3323136165731,13486.38438963039,0.0,-3899.7042812125674,12.234709999558865,-7.093166183849016,0.0,0.0,-8438.917259861923,-69.4125,-1083.4918923716168,1594.6309734609922,0.0,-913.7577738414112,22.67736577175509,-13.20344208259375,0.0,0.0,1341.185713638044,-102.46132700112683,-1929.0715099456581,6459.25726792698,0.0,-0.0,81.16283442850545,-47.194937574182404,0.0,0.0,901.967298357431,-20.67674964299636,-7374.515713495736,502.3945999999999,0.0,-0.0,25.435565120083997,-20.545940285451536,0.0,0.0,1814.5663447187244,-30.871000000000002,-2290.9795695533567,18050.694840110824,0.0,-1368.0778661790575,243.69246585259887,-161.5,0.0,0.0,720.0,-19.512,-17465.297439784365,61366.749190777955,0.0,-0.0,807.6733019120436,-666.6595737772187,0.0,0.0,3110.0,-50.6715,-64567.0914189128
t515,13292.923538645833,0.0,-1830.0,211.61312465815428,-122.2,0.0,0.0,2531.4527868525706,-39.019999999999996,-14044.769450156557,2182.8685010294053,0.0,-240.0,14.475489750326453,-8.791223352225296,0.0,0.0,-742.5160048815438,-17.911,-1188.1257625459618,331.32795,0.0,-0.0,10.984741701794558,-6.664838682618489,0.0,0.0,575.6367383409315,-11.386,-899.8985913601076,3354.7623373560723,0.0,-0.0,21.7324773177126,-13.224809216686173,0.0,0.0,-1501.3469015150013,-79.74457735813047,-1782.1785265839667,617.7654799999999,0.0,-0.0,2.289118366848655,-2.647852281894009,0.0,0.0,-403.3427400739927,-10.800000000000011,-203.26400601096196,16344.215481891713,0.0,-6424.879324237304,13.274263518321707,-45.734588967882864,0.0,0.0,-8716.385457810971,-69.4125,-1101.0778743938793,1820.0060347889741,147.97171715658175,-1566.6489234711096,24.597797162563282,-14.978715921353073,0.0,0.0,1651.8566031775626,-102.46132700112683,-1960.3431858920924,6574.243333382803,0.0,-0.0,88.04301994305162,-41.08084831548698,0.0,0.0,896.0977627630145,-20.67674964299636,-7496.626518130385,483.7445999999999,0.0,-0.0,19.663529426610552,-22.964319248060363,0.0,0.0,1878.5472131474294,-30.871000000000002,-2328.120023325979,17771.8241826904,0.0,-1490.0,259.6127167667331,-26.034663208058134,0.0,0.0,720.0,-19.512,-17215.890236249077,60529.24696917413,0.0,-0.0,834.1494374884187,-395.8198655455733,0.0,0.0,3110.0,-50.6715,-64026.905041116974
t516,13095.585634926596,0.0,-1830.0,252.39583133221836,-86.45863542844225,0.0,0.0,2547.3316417670762,-39.019999999999996,-13939.834472597448,2034.5596365121564,0.0,-240.0,17.3649677213728,-53.1,0.0,0.0,-548.87953325814,-17.911,-1192.0340709753893,331.32795,0.0,-0.0,13.177936850134001,-40.00701837250491,0.0,0.0,609.7169886523812,-11.386,-902.8298571300103,3388.477057109475,0.0,-0.0,26.06843129070043,-79.12111787195835,0.0,0.0,-1466.6617656617298,-79.74457735813047,-1789.018027508357,551.7472641339544,0.0,-0.0,3.003439103228006,-1.21517402714323,0.0,0.0,-338.4942924009476,-10.8,-204.2412368090916,15622.487333130231,0.0,-6424.879324237304,15.92461891783007,-8.7,0.0,0.0,-8030.434257411932,-69.4125,-1104.9858703988266,1932.5302745959502,0.0,-1714.6206406276913,29.50460238613222,-90.2,0.0,0.0,1911.4537157787845,-102.46132700112683,-1966.2066251320489,8101.502304272699,0.0,-0.0,105.61074380099069,-280.8716721783449,0.0,0.0,-376.7008556984164,-20.67674964299636,-7528.863770553932,500.9025999999999,0.0,-0.0,35.97489795882765,-33.71317032870978,0.0,0.0,1862.6683582329238,-30.871000000000002,-2334.9616858630416,18755.035364800893,0.0,-2406.7575219623805,307.64316701438247,-433.59649915890543,0.0,0.0,720.0,-19.512,-16922.81251069399,61683.917649252115,0.0,-1832.82460508018,969.2931051173372,-921.7093787488471,0.0,0.0,3110.0,-50.6715,-62958.005270540445
t517,12833.862072661097,0.0,-1830.0,272.1855344366047,-44.69971158897013,0.0,0.0,2597.87707205073,-39.019999999999996,-13790.20496755946,1846.2361325145507,0.0,-240.0,18.717592973694423,-27.560085374346635,0.0,0.0,-387.44856913850913,-17.911,-1192.0340709753893,331.32795,0.0,-0.0,14.205579885559892,-0.0,0.0,0.0,568.6823272444503,-11.386,-902.8298571300103,3395.644628774127,0.0,-0.0,28.094223839680694,-0.0,0.0,0.0,-1554.97624774732,-79.74457735813047,-1789.018027508357,484.5504641339544,0.0,-0.0,3.242738277479166,-3.7375068214171665,0.0,0.0,-269.0144587809248,-10.8,-204.2412368090916,15329.889366590569,0.0,-6424.879324237304,17.166540628245084,-0.0,0.0,0.0,-7746.801213581444,-69.4125,-1105.9628694000633,1979.033729030822,0.0,-1714.6206406276913,31.795552358445423,-46.77629169040482,0.0,0.0,1819.235603062003,-102.46132700112683,-1966.2066251320489,8139.4980328012,0.0,-0.0,113.82196215260373,-33.1251472615412,0.0,0.0,-669.6774410582561,-20.67674964299636,-7529.840656991009,513.9576,0.0,-0.0,38.774777551334445,-0.0,0.0,0.0,1812.12292794927,-30.870999999999995,-2333.984305500604,19024.603192357543,0.0,-3070.0,332.3372754657852,-209.21390781711355,0.0,0.0,720.0,-19.512,-16778.214560006218,62814.441725348006,0.0,-1911.593894007724,1032.5276092801366,-2866.577919507909,0.0,0.0,3110.0,-50.6715,-62128.12602111252
t518,12868.58131545804,0.0,-1830.0,265.1529455717113,-164.0467525358112,0.0,0.0,2533.1066128894436,-39.019999999999996,-13633.774121383383,1929.3049748392825,0.0,-240.0,18.166820189132494,-19.413663491053082,0.0,0.0,-488.8609087428981,-17.911,-1181.2862227944638,331.32795,0.0,-0.0,13.788567866180978,-35.66815059602413,0.0,0.0,595.9736925501456,-11.386,-894.0360598203024,3355.891527557057,0.0,-0.0,27.26345568886808,-74.28309831219983,0.0,0.0,-1457.6965681585268,-79.74457735813047,-1771.4307394170678,551.7472641339544,0.0,-0.0,3.151890680393198,-0.4232129654187062,0.0,0.0,-341.38916663609655,-10.8,-202.28677521283234,15710.455337475842,0.0,-6424.879324237304,16.662682157224697,-43.10318197019581,0.0,0.0,-8094.507133039107,-69.4125,-1095.2158803864584,1933.875993253921,0.0,-1714.6206406276913,30.85373534172129,-36.63207418277557,0.0,0.0,1835.6461408814785,-102.46132700112683,-1946.6618276655274,7941.1567294109345,0.0,-0.0,110.45970266875264,-280.31501918608944,0.0,0.0,-289.16605685499485,-20.67674964299636,-7461.458606395607,516.1955999999999,0.0,-0.0,37.6318093291121,-90.3,0.0,0.0,1876.8933871105564,-30.870999999999995,-2309.549796439668,20168.802973981125,0.0,-3070.0,40.00217843569951,-1000.9103176277667,0.0,0.0,720.0,-19.512,-16838.382834789052,63594.54288160674,0.0,-3884.7103538560305,1004.2227361653555,-2156.761658061552,0.0,0.0,3110.0,-50.6715,-61616.62210585452
t519,13684.230532386944,0.0,-1830.0,51.53858878851225,-742.4536707786598,0.0,0.0,2418.1463757036604,-39.019999999999996,-13542.441826100456,2068.9725705128367,0.0,-240.0,20.20803084778552,-2.5495176851596244,0.0,0.0,-653.2963235251402,-17.911,-1175.4237601503226,331.32795,0.0,-0.0,15.338155614951766,-0.0,0.0,0.0,553.870511255513,-11.386,-889.1506168704647,3282.1853749894,0.0,-0.0,30.3254647858107,-26.48776974393884,0.0,0.0,-1443.6413973017188,-79.74457735813047,-1762.6370953714231,550.5686800000001,0.0,-0.0,0.42939245223741046,-8.02939245223741,0.0,0.0,-330.8591355852974,-10.8,-201.3095444147027,15644.77775263764,0.0,-6424.879324237304,18.53529225044082,-0.0,0.0,0.0,-8079.667334271737,-69.4125,-1089.3538863790377,1791.8484465607676,0.0,-1714.6206406276913,34.31846954299359,-4.3475985789037805,0.0,0.0,1932.1520790362274,-102.46132700112683,-1936.8894289322668,7687.716136192131,0.0,-0.0,122.86675835836562,-147.01082351298152,0.0,0.0,-218.55839960784672,-20.67674964299636,-7424.336921786673,402.8035999999999,0.0,-0.0,41.859457379758396,-107.82444958567916,0.0,0.0,1991.8536242963396,-30.871000000000002,-2297.8212320904186,18970.044516704835,0.0,-2853.4997149032415,369.96680274365286,-369.96680274365286,0.0,0.0,720.0,-19.512,-16817.032801801593,62725.255159487686,0.0,-4645.046513845779,1101.621728305402,-1101.621728305402,0.0,0.0,3110.0,-50.6715,-61139.537145641916
t520,12927.36073118624,0.0,-1830.0,381.7458914448956,-381.7458914448956,0.0,0.0,2433.5768464598314,-39.019999999999996,-13491.91757764607,2146.1505497160933,0.0,-240.0,26.043373144772914,-45.843575041898944,0.0,0.0,-692.0385105612879,-17.911,-1176.4008372576793,331.32795,0.0,-0.0,19.768589064706994,-37.011203024042935,0.0,0.0,588.4054580097355,-11.386,-891.1047940503997,3077.3183923307342,0.0,-0.0,39.07686800685359,-42.91456304872544,0.0,0.0,-1229.1448814380542,-79.74457735813047,-1764.5912384926776,617.7654800000001,0.0,-0.0,4.526453930348554,-7.977865270214558,0.0,0.0,-402.2045242454314,-10.8,-201.3095444147027,12178.095988842308,1090.2647338451325,-5334.6145903921715,23.889319565391638,-46.690684365296796,0.0,0.0,-6750.224383113851,-69.4125,-1091.3078843815113,1495.811010363954,785.9916108249989,-928.6290298026923,44.22003860433235,-74.19090956842216,0.0,0.0,719.0797551312039,-102.46132700112683,-1939.821148552245,7942.240316073943,0.0,-0.0,158.32873564161417,-173.86737500695548,0.0,0.0,-473.87291378231475,-20.67674964299636,-7432.15201328329,356.1785999999999,0.0,-0.0,53.944249825056204,-53.944249825056204,0.0,0.0,1976.4231535401686,-30.871000000000002,-2301.7307535401687,17677.018483069598,0.0,-1293.598268924792,488.2774696759912,-488.2774696759912,0.0,0.0,720.0,-19.512,-17083.9082141448,58493.617321518046,0.0,-371.341064153984,1398.5972480685562,-1398.5972480685562,0.0,0.0,3110.0,-50.6715,-61181.604757364075
t521,12156.928710857484,0.0,-0.0,478.65970292827217,-448.1510148517715,0.0,0.0,1496.4268448623902,-13.168556234789035,-13670.695687561587,2127.1482426058074,42.18189925591378,-0.0,33.04088554586072,-1.5452648616202493,0.0,0.0,-1000.0,-12.7,-1188.1257625459618,476.99655,0.0,-0.0,25.080785043408078,-0.0,0.0,0.0,399.71992596503344,-1.8986696483339087,-899.8985913601076,3414.384344943272,0.0,-0.0,49.57369470326255,-0.0,0.0,0.0,-1647.055112999035,-34.72440006353274,-1782.1785265839667,685.0028800000001,0.0,-0.0,5.745579141888385,-0.0,0.0,0.0,-484.2159951635724,-3.268457967354114,-203.26400601096196,6182.448147538629,0.0,-0.0,30.308881628569186,-28.157130730533044,0.0,0.0,-5049.479374640006,-33.065650401543685,-1102.0548733951161,1082.9549439963348,0.0,-0.0,56.09740042024309,-0.0,0.0,0.0,853.0217240760312,-32.70812247384313,-1959.3659460187664,6920.28991874938,0.0,-0.0,200.86126430774613,-172.0525836206121,0.0,0.0,556.2015889971007,-1.835465243690432,-7503.464723189925,351.7025999999999,0.0,-0.0,68.43707810593834,-63.564722624178344,0.0,0.0,1981.017782602264,-12.404855845356817,-2325.187882238667,16128.634749713396,1490.0,-0.0,652.3564857071946,-0.0,0.0,0.0,-215.63738370020621,-12.635065229803484,-18042.71878649058,59675.909644829946,0.0,-0.0,1818.371620720539,-1818.371620720539,0.0,0.0,3110.0,-50.6715,-62735.23814482995
t522,12067.829878770652,1830.0,-0.0,586.983068623703,-0.0,0.0,0.0,321.62212443559883,-2.8302746950332702,-14803.604797134922,1940.6062678818853,0.0,-0.0,39.70153286513934,-0.0,0.0,0.0,-726.9597428167534,-13.437208694394766,-1239.9108492358764,621.97795,0.0,-0.0,30.136299140063517,-1.7807593638919805,0.0,0.0,292.0701282076394,-3.421483025001474,-938.9821349588094,3794.48632,0.0,-0.0,4.805213603023795,-3.536785958841016,0.0,0.0,-1898.5914105137267,-36.81908569631559,-1860.3442514341407,752.1590800000001,0.0,-0.0,6.901645394546682,-0.3957243030871067,0.0,0.0,-542.9410657038303,-3.6648521935008547,-212.05908319412856,2086.020618321853,3038.9299917456206,-0.0,19.02118716843352,-2.151750898036142,0.0,0.0,-3969.6102128929933,-23.25900799039468,-1148.9508254544828,782.0634954175692,0.0,-0.0,67.40892312031258,-78.00670856875695,0.0,0.0,1307.0753714906914,-33.17802658835518,-2045.3630548714602,6887.310920636702,0.0,-0.0,241.35867545847583,-0.0,0.0,0.0,698.4958010365649,-2.3050361434206637,-7824.860360988322,351.7025999999999,0.0,-0.0,82.23412772178901,-4.8723554817600006,0.0,0.0,2008.8390067568093,-8.135797977365078,-2429.767581019473,17689.956359703017,2326.298052219055,-0.0,610.3919934082425,-652.3564857071946,0.0,0.0,-600.0,-9.81,-19364.479919623118,60132.82124935443,1440.0,-0.0,2263.9576276303055,-0.0,0.0,0.0,3110.0,-50.6715,-66896.10737698473
t523,12045.77884640844,1830.0,-0.0,315.81389799110633,-72.85445657700787,0.0,0.0,1465.3414424475454,-12.895004693538402,-15571.184725576546,2142.702967881885,151.45292498604684,-0.0,35.373276775568755,-9.5,0.0,0.0,-1000.0,-12.7,-1307.3291696435008,621.97795,0.0,-0.0,26.847441072539766,-0.0,0.0,0.0,342.59266572678416,-1.6273151622022246,-989.7907416371216,3799.74022,0.0,-0.0,33.371769162324895,-65.4,0.0,0.0,-1769.6634213875004,-37.06594559608502,-1960.9826221787396,819.3558800000002,0.0,-0.0,6.133564324520786,-0.0,0.0,0.0,-597.6693236184127,-4.034267934424285,-223.78585277168406,2108.812418321853,4387.1853823757465,-0.0,32.443512501999955,-40.0,0.0,0.0,-5242.913145435688,-34.049406230272,-1211.4787615336384,782.0634954175692,1714.6206406276913,-0.0,60.08132492757193,-0.0,0.0,0.0,-358.64331236771704,-41.35374817448367,-2156.768400430632,5639.389806606221,0.0,-0.0,215.09033732292977,-101.93780010411703,0.0,0.0,2506.5119933068568,-8.271489577912627,-8250.782847553979,351.7025999999999,0.0,-0.0,73.27584281833731,-0.0,0.0,0.0,2144.4431013281323,-8.684994560378936,-2560.73654958609,17512.67425179673,1626.4519789965184,-0.0,665.3338809750995,-0.0,0.0,0.0,-600.0,-9.81,-19194.650111768347,58958.84310468341,3693.0,-0.0,2011.9467754754705,-0.0,0.0,0.0,3110.0,-50.6715,-67723.11838015888
t524,10458.369168170062,1830.0,-0.0,327.3695661713249,-0.0,0.0,0.0,2745.8595892470485,-28.46053784505046,-15333.137785743384,1940.6062678818853,240.0,-0.0,16.38788458948729,-43.6,0.0,0.0,-848.5894079470385,-13.108808598542996,-1291.6959359257908,621.97795,0.0,-0.0,17.029831921445655,-29.89041442127315,0.0,0.0,371.8425721860168,-2.894261128678143,-978.0656785575111,3794.48632,0.0,-0.0,33.69354877927461,-13.089244306545254,0.0,0.0,-1840.347740974284,-37.20997877475783,-1937.5329047236874,828.143549801055,0.0,-0.0,1.8390602940089327,-9.064530831501566,0.0,0.0,-596.0406445356515,-4.023274350615647,-220.8541603772952,2086.020618321853,5996.464387128013,-0.0,20.579300383423526,-7.963386396289768,0.0,0.0,-6853.798870247292,-43.50127367338484,-1197.800775516323,782.0634954175692,1714.6206406276913,-0.0,27.86108961885826,-14.828374668953362,0.0,0.0,-315.1308859507617,-64.2030411935748,-2130.3829238508283,5776.82524297123,0.0,-0.0,136.49916399712123,-0.0,0.0,0.0,2246.2053882219625,-7.412477781132475,-8152.117317409182,351.7025999999999,0.0,-0.0,46.49448533053932,-18.032035862863037,0.0,0.0,2162.810670095216,-13.515341574800159,-2529.4603779880918,16973.053711171568,1679.575272161152,-0.0,411.60470663079997,-147.4791164287372,0.0,0.0,-182.81067009521638,-12.87634157480016,-18721.067561864766,62855.732732557444,0.0,-0.0,1353.6951238894649,-607.8451722724054,0.0,0.0,3110.0,-50.6715,-66660.9111841745
t525,11681.95757401055,1830.0,-0.0,260.04136203666604,-122.2,0.0,0.0,1288.5407806052467,-11.339158869326171,-14927.000557783133,1738.7263678818852,240.0,-0.0,17.855578064973123,-0.0,0.0,0.0,-717.8051658675456,-13.461926052157626,-1265.3148540271552,621.97795,0.0,-0.0,13.549343484780566,-0.0,0.0,0.0,325.66880301200564,-3.6492783285938124,-957.5468181681927,3789.2324200000003,0.0,-0.0,26.80867445728778,-0.0,0.0,0.0,-1880.9781594846825,-36.61289267400487,-1898.4500422986005,758.232749801055,0.0,-0.0,3.084114544362042,-0.0,0.0,0.0,-540.7217553122823,-3.649871848357906,-216.9452371847767,2063.228818321853,4419.990273458773,-0.0,16.373370240946397,-0.0,0.0,0.0,-5292.455579791401,-33.76108174476863,-1173.3758004854028,782.0634954175692,897.9815898470831,-0.0,30.343880401389818,-0.0,0.0,0.0,415.13488873052484,-39.11672484541008,-2086.4071295511553,6603.674148176956,0.0,-0.0,108.60644148536734,-33.541634806565895,0.0,0.0,1312.6161881081346,-4.331633420756844,-7987.023509543136,351.7025999999999,0.0,-0.0,36.993125613931056,-0.0,0.0,0.0,2102.9190382339575,-13.955545068980413,-2477.6592187789074,17200.523190802993,877.7716053158415,-0.0,311.2485354145949,-0.0,0.0,0.0,-122.91903823395728,-13.316545068980414,-18253.30774823049,63281.679525819316,0.0,-0.0,1046.9858441932192,-2030.2225671401768,0.0,0.0,3110.0,-50.6715,-65357.77130287236
t526,12118.981677428661,1830.0,-0.0,213.93787367770705,-830.9000000000001,0.0,0.0,1039.6183335505102,-9.148641335244491,-14362.489243321634,1825.1089973855928,240.0,-0.0,14.926580866620533,-9.5,0.0,0.0,-831.1479078705839,-13.155900648749423,-1226.2317697328801,621.97795,0.0,-0.0,11.325741721673806,-7.2,0.0,0.0,304.8363896848598,-2.705920937367233,-928.2341604691663,3792.3027489605147,0.0,-0.0,22.415105981078135,-14.3,0.0,0.0,-1924.3012199298264,-36.29088635079618,-1839.82574866097,691.578749801055,0.0,-0.0,2.556291435261844,-1.6,0.0,0.0,-479.19584766669726,-3.2345719717502064,-210.1046215978693,2086.020618321853,3778.933354066159,-0.0,13.686239518376551,-8.7,0.0,0.0,-4703.049518495809,-29.663855970938165,-1137.226837439641,782.0634954175692,0.0,-0.0,25.372535939406017,-90.2,0.0,0.0,1338.424780403723,-33.7515138490631,-2021.9092979116347,6992.822545485545,0.0,-0.0,90.80381888526814,-35.57794135941934,0.0,0.0,699.9941171603054,-2.309980586629008,-7745.73255958507,351.7025999999999,0.0,-0.0,30.92684115670612,-19.7,0.0,0.0,2044.8208731635189,-8.28152453631225,-2399.4687897839126,16404.913166467584,1490.0,-0.0,264.05778972603093,-161.5,0.0,0.0,-600.0,-9.81,-17387.660956193617,59823.401578979814,0.0,-0.0,868.6536983887172,-671.0,0.0,0.0,3110.0,-50.6715,-63080.38377736853
t527,12152.126679729063,948.1708790359958,-0.0,151.97965497702108,-708.7,0.0,0.0,913.6290120563789,-8.039935306096135,-13449.16629049236,1622.8361473855928,0.0,-0.0,10.248849656049497,-53.1,0.0,0.0,-394.13370632783244,-14.335838992914852,-1171.515451720895,621.97795,0.0,-0.0,7.776108704691355,-40.300000000000004,0.0,0.0,302.7169015661676,-5.951609170296944,-886.219351100562,3797.556648960515,0.0,-0.0,15.392008832253035,-79.7,0.0,0.0,-1939.8553240619353,-36.61866772317235,-1756.77466600766,758.232749801055,0.0,-0.0,1.8601362567010746,-7.6,0.0,0.0,-548.4584777165959,-3.702094724587022,-200.3323136165731,2108.812418321853,2580.7670402891326,-0.0,9.39677062171441,-48.7,0.0,0.0,-3542.0711277048817,-22.759211153727748,-1085.4458903740904,782.0634954175692,0.0,-0.0,17.423367781347117,-16.2,0.0,0.0,1170.144002357354,-22.404875863960147,-1931.0259896923103,8149.339192878056,0.0,-0.0,65.77559665844487,-322.9,0.0,0.0,-493.91576596031973,-1.3149220276690552,-7396.984101548512,351.7025999999999,0.0,-0.0,21.235597224593942,-95.31435793300798,0.0,0.0,2021.9444857916646,-7.6113751674562415,-2291.956949915794,17353.95977143425,0.0,-0.0,166.55005162682681,-844.8,0.0,0.0,-600.0,-9.81,-16065.899823061076,56188.90868607945,0.0,-0.0,633.2570260151376,-398.8473190547366,0.0,0.0,3110.0,-50.6715,-59482.64689303985
t528,11609.580270829581,606.2524850590961,-0.0,99.96502967899542,-86.01479911865405,0.0,0.0,0.0,-0.0,-12229.78298644902,1559.403001307204,240.0,-0.0,7.173424778045814,-43.6,0.0,0.0,-658.9375055399335,-13.62086873504218,-1090.4180518102742,621.97795,0.0,-0.0,5.442686104606809,-33.1,0.0,0.0,234.97627530941497,-3.6570528914472167,-825.6398585225743,3792.3027489605147,0.0,-0.0,10.773273581451704,-0.0,0.0,0.0,-2128.150597868932,-38.33056062251661,-1636.5948640505176,746.7497194646389,0.0,-0.0,1.235710350716942,-8.387752756401694,0.0,0.0,-549.239229814945,-3.707364801250879,-186.65108244275834,2086.020618321853,478.8657259074278,-0.0,6.577026052436331,-0.0,0.0,0.0,-1551.580552905354,-8.688851096269982,-1011.1939662800933,782.0634954175692,0.0,-0.0,12.195084667211473,-74.0,0.0,0.0,1099.5612100639175,-20.72118335540748,-1799.098606793291,8058.275817369271,0.0,-0.0,43.64176377290135,-305.957662457722,0.0,0.0,-905.2612886007738,-2.6723622523825536,-6888.026267831294,351.7025999999999,0.0,-0.0,14.86333432856268,-90.3,0.0,0.0,1867.222970026214,-7.912812428972631,-2135.576091925804,15988.326764579542,247.81776212206387,-0.0,119.95982552948453,-1006.3,0.0,0.0,-518.5912806696083,-10.40835408707838,-14820.804717474404,53898.375397123964,0.0,-0.0,418.76221633745934,-1637.836663693194,0.0,0.0,3110.0,-50.6715,-55738.629449768225
t529,9415.74020623325,1830.0,-0.0,107.85679925228811,-68.26237043526542,0.0,0.0,-1089.9690755562233,-39.019999999999996,-10156.34555949405,1321.6129861777122,240.0,-0.0,7.479533679436457,-5.118262467571931,0.0,0.0,-586.5735379651237,-17.911,-959.4897194244528,332.95529999999997,0.0,-0.0,5.676046587316437,-36.979104185949254,0.0,0.0,435.7105799445178,-11.386,-725.9768223458849,2755.328197538163,0.0,-0.0,11.228445196734883,-7.704331924871434,0.0,0.0,-1239.8813246480668,-79.74457735813047,-1439.2264088038282,939.0164667440282,0.0,-0.0,1.293536598573474,-7.892629682566296,0.0,0.0,-757.4425995742583,-10.8,-164.17477408577696,2073.0196703732927,2528.337026366004,-3896.5422978713004,6.859105035834118,-4.687250891355347,0.0,0.0,251.49533811301717,-69.4125,-889.0690911254926,611.1494954175694,1714.6206406276913,-0.0,12.708548139211533,-8.72798441838582,0.0,0.0,-644.1607779767292,-102.46132700112683,-1583.1285947882302,8167.438725893546,0.0,-0.0,45.48958041969707,-296.1944628286752,0.0,0.0,-1845.2225025854327,-20.67674964299636,-6050.834591256138,351.7025999999999,0.0,-0.0,15.495357508103858,-100.91366006433337,0.0,0.0,1646.043900248299,-30.871000000000002,-1881.4571976920697,14114.318680238845,1068.8616752387898,-2001.1383247612102,122.52765851651925,-973.7739185253629,0.0,0.0,720.0,-19.512,-13031.283770707589,51133.38606365163,0.0,-0.0,387.2869081044766,-3054.8257687953587,0.0,0.0,3110.0,-50.6715,-51525.175702960754
t530,9353.138649824394,0.0,-1830.0,42.458346085732,-0.0,0.0,0.0,1875.7913174184782,-39.019999999999996,-9402.368313328605,1472.2936106385187,155.24673086934888,-84.75326913065112,2.962624652072055,-0.0,0.0,0.0,-629.9048353683188,-17.911,-897.9338616609696,332.98385,0.0,-0.0,2.248163442171331,-0.0,0.0,0.0,356.207645175239,-11.386,-680.0536586174103,2629.8911592569716,0.0,-0.0,4.44798885593025,-0.0,0.0,0.0,-1207.2128886498972,-79.74457735813047,-1347.381682104874,831.1198131150082,0.0,-0.0,0.5118856816060969,-0.12966009030936895,0.0,0.0,-667.2768033999539,-10.8,-153.42523530635108,2050.2166903732927,3510.9530613974684,-2913.9262628398355,2.7167403794610254,-0.0,0.0,0.0,-1748.144580256629,-69.4125,-832.4031490537579,611.1462954175694,1714.6206406276913,-0.0,5.034478645429449,-0.0,0.0,0.0,-744.889959980592,-102.46132700112697,-1483.4501277089712,8167.438725893546,0.0,-0.0,18.01967737249567,-0.0,0.0,0.0,-2499.8172050123976,-20.676749642996437,-5664.964448610647,351.7025999999999,0.0,-0.0,6.137883400630754,-0.0,0.0,0.0,1435.2473100740717,-30.871000000000066,-1762.2167934747022,14066.843190238846,829.0457640095128,-2240.954235990487,49.01941463590498,-844.8,0.0,0.0,720.0,-19.512,-12559.642132893776,49475.61362714173,0.0,-0.0,180.83018702443687,-2488.0,0.0,0.0,3110.0,-50.6715,-50227.77231416617
t531,7998.982598035584,1830.0,-0.0,32.245981654656916,-16.381210697215145,0.0,0.0,-840.6881288273694,-39.019999999999996,-8965.139240165656,1684.1868606385187,0.0,-240.0,2.2304242567725034,-14.849892059715806,0.0,0.0,-555.7826925762377,-17.911,-857.8737002593376,333.04095,0.0,-0.0,1.6926757772568926,-0.9418267791078809,0.0,0.0,327.35811333026754,-11.386,-649.7639123284165,2607.238699256972,0.0,-0.0,3.3481249710803924,-44.549411332642414,0.0,0.0,-1199.48959019129,-79.74457735813047,-1286.8032453459891,877.3509631150082,0.0,-0.0,0.3063694101061301,-0.0,0.0,0.0,-720.2727128056707,-10.8,-146.5846197194437,2027.4248903732928,3753.82049036805,-2671.0588338692546,2.0454845298707767,-36.13342130732132,0.0,0.0,-2211.4089230878785,-69.4125,-795.2771870067593,611.1462954175694,0.0,-1714.6206406276913,3.789372410696375,-63.877493820320424,0.0,0.0,2683.021609943672,-102.4613270011269,-1416.9978163227986,8167.438725893546,0.0,-0.0,13.564400086482493,-7.573857015325874,0.0,0.0,-2744.7092036623612,-20.676749642996437,-5408.043315659344,351.7025999999999,0.0,-0.0,4.620655186359635,-73.39741858352038,0.0,0.0,1431.9715278768676,-30.871000000000002,-1684.0263644797071,14019.368210238847,499.92884668241163,-2570.071153317588,38.04167331952874,-264.94774635812064,0.0,0.0,720.0,-19.512,-12422.807830565076,46624.60653590952,0.0,-0.0,124.86322714255142,-84.88120746714853,0.0,0.0,3110.0,-50.6715,-49723.91705558493
t532,6644.80243272148,1115.1891672148836,-714.8108327851163,25.71908004074127,-329.24162425814467,0.0,0.0,2040.0,-39.019999999999996,-8742.638222933843,1486.45469,240.0,-0.0,1.7942855429950528,-0.0,0.0,0.0,-873.9599716455086,-17.910999999999998,-836.3780038974863,333.0695,0.0,-0.0,1.3614294118999868,-0.0,0.0,0.0,310.10847688706815,-11.386,-633.1534062989682,2654.534239256972,0.0,-0.0,2.694497098860205,-0.0,0.0,0.0,-1322.9242751524093,-79.74457735813047,-1254.5598838452922,1049.3760131150084,0.0,-0.0,0.21112948394291697,-0.0,0.0,0.0,-896.111446072026,-10.8,-142.6756965269252,2033.3234958830376,4666.034490675315,-1758.844833561989,1.6451762901927158,-0.0,0.0,0.0,-4097.98562130577,-69.4125,-774.7602079807864,611.1430954175694,0.0,-1714.6206406276913,3.0500205840285375,-0.0,0.0,0.0,2583.7287926369554,-102.4613270011269,-1380.839941009734,8167.438725893546,0.0,-0.0,10.915404040456776,-0.0,0.0,0.0,-2890.305711570777,-20.676749642996437,-5267.371668720229,351.7025999999999,0.0,-0.0,3.7176526724293684,-0.0,0.0,0.0,1317.4497562224678,-30.871000000000002,-1641.9990088948973,13971.892720238846,388.53081295727884,-2681.4691870427214,30.749555828176465,-0.0,0.0,0.0,720.0,-19.512,-12410.19190198158,47875.1969123778,0.0,-0.0,103.6023412552845,-1259.714019226273,0.0,0.0,3110.0,-50.6715,-49778.41373440681
t533,9507.077832253317,0.0,-1830.0,5.68476625449399,-0.0,0.0,0.0,1010.478189630858,-39.019999999999996,-8654.220788138668,1678.22609,0.0,-240.0,0.39932392841427766,-19.12268464192852,0.0,0.0,-577.9157277846389,-17.911,-823.6760015018469,333.09805,0.0,-0.0,0.3029320846385266,-0.0,0.0,0.0,301.36753831465427,-11.386,-623.3825203992927,2706.3720892569713,0.0,-0.0,0.5999088303830042,-0.0,0.0,0.0,-1392.208968096475,-79.74457735813047,-1235.018452632749,1034.3355931150081,0.0,-0.0,0.0,-3.8508108958531,0.0,0.0,-878.9635472884893,-10.8,-140.72123493066596,2056.115295883038,3695.8643156700746,-2729.01500856723,0.3660643390599429,-0.0,0.0,0.0,-2190.8819473589983,-69.4125,-763.0362199659447,611.1430954175694,500.71677286961216,-1213.9038677580795,0.6791571965602285,-0.0,0.0,0.0,1564.1440729453498,-102.46132700112683,-1360.3179036698866,8167.438725893546,0.0,-0.0,2.4300216695204577,-0.0,0.0,0.0,-2961.925017040169,-20.67674964299636,-5187.266980879899,351.7025999999999,0.0,-0.0,0.8274931560529184,-0.0,0.0,0.0,1295.9054066779086,-30.871000000000002,-1617.5644998339612,13927.417312019577,506.6435615061582,-2563.356438493842,6.888362714685979,-0.0,0.0,0.0,720.0,-19.512,-12578.08079774658,47528.75757507988,0.0,-0.0,31.67989376997558,-0.0,0.0,0.0,3110.0,-50.6715,-50619.76596884987
t534,6492.259090275111,499.3027637839257,-1330.6972362160743,17.261213918265568,-17.28222433757564,0.0,0.0,3107.21193323401,-39.019999999999996,-8729.035540657662,1899.0623400000002,0.0,-240.0,1.2051457361923195,-1.2963655874575468,0.0,0.0,-815.4299644321741,-17.911,-825.6301557165607,333.15515,0.0,-0.0,0.9142273524933223,-2.6472016915364693,0.0,0.0,305.3005219182711,-11.386,-625.3366975792279,2725.5791692569715,0.0,-0.0,1.8105498589353584,-13.853590565551283,0.0,0.0,-1395.8418838775947,-79.74457735813047,-1237.9496673146305,1142.0388431150081,0.0,-0.0,0.11630219919651645,-0.0,0.0,0.0,-989.6566795854092,-10.8,-141.69846572879558,2078.907095883038,3365.531718781779,-3059.347605455525,1.1047551464333765,-1.187197959040069,0.0,0.0,-1550.606048428267,-69.4125,-764.9902179684184,611.1398954175694,1714.6206406276913,-0.0,2.0497426556601925,-2.2106444754539214,0.0,0.0,-858.9114440611493,-102.46132700112683,-1364.226863163191,8167.438725893546,0.0,-0.0,7.333866932017235,-21.22860996114033,0.0,0.0,-2934.854501533677,-20.67674964299636,-5198.012731687748,351.7025999999999,0.0,-0.0,2.4973680923763677,-2.688252849780386,0.0,0.0,1302.7880667659902,-30.870999999999995,-1623.428782008586,13927.418332019577,745.5958240320533,-2324.4041759679467,21.418620697775268,-20.79416522106731,0.0,0.0,720.0,-19.512,-13049.722435560392,49177.08670296932,0.0,-0.0,71.38200336559669,-87.54982787403927,0.0,0.0,3110.0,-50.6715,-52220.247378460874
t535,10549.776463424025,0.0,-1830.0,39.08473145501142,-13.393856723220171,0.0,0.0,388.8890037961371,-39.019999999999996,-9095.336341951956,2078.51679,240.0,-0.0,2.7350224811941333,-0.0,0.0,0.0,-1459.146191724853,-17.911,-844.1946207563414,333.1837,0.0,-0.0,2.0746168179970614,-0.0,0.0,0.0,315.1436210207765,-11.386,-639.0159378387735,2620.5954092569714,0.0,-0.0,4.109698897532136,-0.0,0.0,0.0,-1277.6987166629278,-79.74457735813047,-1267.2618141334456,1087.7841431150082,0.0,-0.0,0.4687273000210488,-0.0,0.0,0.0,-932.8227122918449,-10.8,-144.63015812318446,2101.6988958830375,1253.6783729455929,-5171.200951291711,2.506959927928637,-1.928797816645966,0.0,0.0,2667.2342203424787,-69.4125,-782.5761999906808,611.1398954175694,1714.6206406276913,-0.0,4.652922735723944,-0.0,0.0,0.0,-831.4763527969076,-102.46132700112683,-1396.4757789829512,8167.438725893546,0.0,-0.0,16.646226695167137,-0.0,0.0,0.0,-2850.122871682859,-20.67674964299636,-5313.285331262857,369.9795999999999,0.0,-0.0,5.668024422309316,-7.36452278062546,0.0,0.0,1326.0892752268373,-30.871000000000002,-1663.501376868521,14327.542842019577,1499.810879302139,-1570.189120697861,49.491579270324564,-47.667699174352364,0.0,0.0,-456.08927522683734,-19.512,-13783.38720549299,51451.49764267705,0.0,-0.0,169.42043944518196,-0.0,0.0,0.0,3110.0,-50.6715,-54680.246582122236
t536,7218.069478291424,1178.0118903259342,-651.9881096740658,93.82753006531937,-18.32829518483669,0.0,0.0,1912.3102481175454,-39.019999999999996,-9692.882741941321,1868.92684,0.0,-240.0,6.5900466178984285,-9.386156889482793,0.0,0.0,-730.8044873219408,-17.911,-877.4152424064752,333.2408,0.0,-0.0,4.997664943979488,-2.9303995978157094,0.0,0.0,340.4981758317658,-11.386,-664.4202411779296,2589.2197292569717,0.0,-0.0,9.906989879199743,-14.108320462317224,0.0,0.0,-1189.158429150919,-79.74457735813047,-1316.1153921648042,1026.8943731150082,0.0,-0.0,1.1241894637900338,-0.0,0.0,0.0,-866.7250196668361,-10.8,-150.4935429119622,2124.490695883038,4119.1878839986,-2305.6914402387038,6.039076912017167,-1.2467405789228734,0.0,0.0,-3061.4808059482425,-69.4125,-811.886170027785,611.1366954175694,785.9916108249989,-928.6290298026923,11.218324187171174,-15.974928035025323,0.0,0.0,1088.9426264249896,-102.46132700112683,-1450.2239720158848,8167.438725893546,0.0,-0.0,40.12396429196227,-31.758176632510384,0.0,0.0,-2637.6731672980104,-20.67674964299636,-5517.45459661199,454.65059999999994,0.0,-0.0,13.659410471939516,-24.498769056632977,0.0,0.0,1314.0908590116478,-30.871000000000002,-1727.0311004269545,15647.355352019576,514.420371264292,-2555.579628735708,118.89072192620517,-30.800302704208434,0.0,0.0,720.0,-19.512,-14394.774513770157,53920.961577423914,0.0,-0.0,428.6147741306882,-0.0,0.0,0.0,3110.0,-50.6715,-57408.90485155462
t537,8098.267925552149,442.02174157742525,-1387.9782584225748,158.94937401789753,-0.0,0.0,0.0,3167.817864243778,-39.019999999999996,-10440.058646968675,1699.9226991113,0.0,-240.0,11.05849184548751,-0.0,0.0,0.0,-532.66355582661,-17.911,-920.4066351301777,333.39315,0.0,-0.0,8.38693218220711,-4.1882584453974605,0.0,0.0,370.4583409100489,-11.386,-696.6641646468586,2781.635709579861,0.0,-0.0,16.622250687231883,-0.0,0.0,0.0,-1337.9112677427647,-79.74457735813047,-1380.6021151661978,864.2155231150083,0.0,-0.0,1.8889978802402487,-1.04702629817373,0.0,0.0,-696.9233361982052,-10.8,-157.33415849886958,6488.604329847867,2410.3785637101682,-4014.5007605271358,9.01532024978918,-0.0,0.0,0.0,-3972.1418242021955,-69.4125,-851.943129078494,1009.8462618883308,785.9916108249989,-928.6290298026922,18.821560880452218,-0.0,0.0,0.0,738.9706458520513,-102.46132700112683,-1522.5397226420139,8167.438725893546,0.0,-0.0,59.87391690500478,-0.0,0.0,0.0,-2417.6068670361033,-20.67674964299636,-5789.0290261194505,469.9435999999999,0.0,-0.0,22.920192433810442,-0.0,0.0,0.0,1352.0251602500766,-30.871000000000002,-1814.0179526838865,17497.63819114172,293.3070971100974,-2776.6929028899026,204.78903984910835,-273.53768454003955,0.0,0.0,217.97483974992338,-19.512,-15143.966580420905,56361.12022471255,0.0,-0.0,742.7443661162097,-402.3263111719486,0.0,0.0,3110.0,-50.6715,-59760.86677965681
t538,9243.14737336674,165.64795504925314,-1664.3520449507469,227.28920376911515,-56.74317361674588,0.0,0.0,3560.0,-39.019999999999996,-11435.969313617617,1977.7741755766608,0.0,-240.0,15.492654764647744,-6.557454610117663,0.0,0.0,-742.9275744081026,-17.911,-985.8708013230885,333.77729999999997,0.0,-0.0,11.752398236234148,-0.0,0.0,0.0,412.3519844989691,-11.386,-746.4956827352032,3097.840402880707,0.0,-0.0,23.276935883767038,-9.870694834177115,0.0,0.0,-1552.215723782624,-79.74457735813047,-1479.2863427895425,871.5577852281106,0.0,-0.0,2.658074171002437,-0.0,0.0,0.0,-694.3549313226879,-10.8,-169.06092807642509,10137.84362148987,1525.2257692291664,-4899.653555008138,14.201605957924126,-8.7,0.0,0.0,-5786.010875512411,-69.4125,-913.4940661564127,1154.5948498810944,42.24226889689219,-1672.378371730799,26.35267386943002,-11.182185756200646,0.0,0.0,2193.8454404219174,-102.46132700112683,-1631.0133485812075,8167.438725893546,0.0,-0.0,94.28489658942331,-57.9,0.0,0.0,-1979.9179973997916,-20.67674964299636,-6203.228875440181,430.40559999999994,0.0,-0.0,32.105480165484245,-46.17381021565454,0.0,0.0,1555.6111298509236,-30.871000000000002,-1941.0773998007535,18100.67213556726,323.10168078271863,-2746.8983192172814,283.4672174878103,-161.5,0.0,0.0,-76.38145234619276,-19.512,-15702.949262274315,57698.27759298516,0.0,-0.0,999.5600793047261,-0.0,0.0,0.0,3110.0,-50.6715,-61757.16617228989
t539,10947.16132722446,0.0,-1830.0,40.59403552857364,-122.2,0.0,0.0,3159.4044913395774,-39.019999999999996,-12155.93985409261,2068.3477714342753,0.0,-240.0,18.157178921887052,-0.0,0.0,0.0,-788.9839081284459,-17.911,-1039.6100422277166,334.2444,0.0,-0.0,13.776085288274693,-4.969860336089177,0.0,0.0,455.8687785616546,-11.386,-787.5334035138401,3178.151370037227,0.0,-0.0,27.270231000348005,-0.0,0.0,0.0,-1565.293741357846,-79.74457735813047,-1560.383282321598,779.2311152281105,0.0,-0.0,3.126440001639704,-1.1044134080198167,0.0,0.0,-592.5971365621388,-10.8,-177.8560052595917,11951.675587951302,0.0,-6424.879324237304,16.647212506358827,-0.0,0.0,0.0,-4510.709961000867,-69.4125,-963.3210152194898,1234.2934116737495,898.5381252922432,-816.0825153354481,30.86971463355043,-0.0,0.0,0.0,473.8075279175873,-102.46132700112683,-1718.9649371805535,8167.438725893546,0.0,-0.0,110.46871159659375,-0.0,0.0,0.0,-1712.0915594299445,-20.67674964299636,-6545.139128417199,418.8425999999999,0.0,-0.0,30.25641138186808,-0.0,0.0,0.0,1628.4064675621298,-30.871000000000002,-2046.634478943997,17138.534556481245,744.1431183597574,-2325.8568816402426,277.6248569811588,-0.0,0.0,0.0,342.18904109829293,-19.512,-16157.122691280209,62856.68974972949,0.0,-3664.7934481415227,1124.5357860896913,-516.231771850457,0.0,0.0,3110.0,-50.6715,-62859.52881582722
t540,11424.533996865854,0.0,-1830.0,315.6800175751323,-210.2387977740794,0.0,0.0,2735.94643774662,-39.019999999999996,-12396.901654413525,1839.0056086637894,0.0,-240.0,21.38174107080974,-10.873639090416283,0.0,0.0,-515.8408154442617,-17.911,-1075.7618951999211,334.25195,0.0,-0.0,16.22450924800671,-8.24283151130227,0.0,0.0,484.04425629622705,-11.386,-814.8918840329313,3328.3606572234253,0.0,-0.0,32.10534992986648,-16.360458635624425,0.0,0.0,-1650.2387530034443,-79.74457735813047,-1614.1222181560927,729.6480652281106,0.0,-0.0,3.6904495858702457,-1.839441676311095,0.0,0.0,-536.0024522911706,-10.8,-184.6966208464991,13260.781692861527,0.0,-6424.879324237304,19.606064257585416,-9.960219349005763,0.0,0.0,-5779.596732271262,-69.4125,-996.5389812615412,1365.0815535436282,0.0,-1714.6206406276913,36.33996935620194,-18.53140579566066,0.0,0.0,2212.7684199780933,-102.46132700112683,-1778.5765694534437,8167.438725893546,0.0,-0.0,130.0620519056757,-253.54038205692996,0.0,0.0,-1245.645545657725,-20.67674964299636,-6777.638100441571,453.1585999999999,0.0,-0.0,38.409942061237956,-19.7,0.0,0.0,1674.0535622533798,-30.871000000000002,-2115.0511043146175,16234.849072920475,590.1239768752023,-2479.876023124798,281.6857142594722,-161.5,0.0,0.0,1920.0,-19.512,-16365.770740930353,67470.85832068793,0.0,-5133.0,1284.6351013333106,-1532.3149891618632,0.0,0.0,700.5116223935443,-50.6715,-62740.01855525292
t541,8550.442929757484,1830.0,-0.0,362.98537416461267,-830.9000000000001,0.0,0.0,2607.9243046362635,-39.019999999999996,-12481.432608558362,1794.1752156793139,0.0,-240.0,24.38770346816697,-48.04435250335327,0.0,0.0,-415.34997508235506,-17.911,-1097.2575915617724,334.1965,0.0,-0.0,18.508485303518796,-36.46188229038976,0.0,0.0,525.6681984592831,-11.386,-830.525301472412,3176.530016821423,0.0,-0.0,36.60636893460016,-72.1165287550299,0.0,0.0,-1414.9096999860735,-79.74457735813047,-1646.3655796567894,608.4900952281106,0.0,-0.0,4.223294408701899,-8.318740344621213,0.0,0.0,-405.96633605130324,-10.8,-187.62831324088796,13179.635060778573,0.0,-6424.879324237304,22.366299815750516,-44.06179128748006,0.0,0.0,-5646.591784782027,-69.4125,-1017.055960287514,1358.3831132390626,0.0,-1714.6206406276913,41.429763497072855,-81.61931388183812,0.0,0.0,2311.668369794378,-102.46132700112683,-1812.779965019856,8167.438725893546,0.0,-0.0,148.30700837418317,-187.1248970775307,0.0,0.0,-1194.5187723519007,-20.67674964299636,-6913.425315195301,442.7145999999999,0.0,-0.0,50.5215742442147,-108.33979007096087,0.0,0.0,1802.0756953637365,-30.871000000000002,-2156.1010795369903,15903.033769475043,724.2807625649913,-2345.719237435009,346.0985287094296,-77.9814064791633,0.0,0.0,1920.0,-19.512,-16450.200416835294,68971.00958847495,0.0,-5133.0,1422.8594159971458,-3063.777639704156,0.0,0.0,-90.0,-50.6715,-62056.41986476794
t542,10948.140700342099,0.0,-1830.0,372.7730983993672,-61.80883014814392,0.0,0.0,3037.908531022901,-39.019999999999996,-12427.993499616223,1762.6734288896832,0.0,-240.0,24.298781371472856,-53.1,0.0,0.0,-374.7953102699564,-17.911,-1101.1658999912,334.4626,0.0,-0.0,18.442140562960656,-40.300000000000004,0.0,0.0,532.2378266793544,-11.386,-833.4565672423147,3183.5885431843203,0.0,-0.0,36.46820364689485,-79.7,0.0,0.0,-1409.3612320131592,-79.74457735813047,-1651.2509374599254,724.915204906093,0.0,-0.0,4.2131467166637195,-9.2,0.0,0.0,-520.5228075837391,-10.8,-188.6055440390176,12239.728804005777,0.0,-6424.879324237304,22.28621158805483,-48.7,0.0,0.0,-4699.036234065305,-69.4125,-1019.9869572912245,1316.1888940097317,0.0,-1714.6206406276913,41.27155777624113,-90.2,0.0,0.0,2368.464920102655,-102.46132700112683,-1818.6434042598125,8167.438725893546,0.0,-0.0,147.75131761671247,-240.655541332258,0.0,0.0,-1116.9871628498508,-20.67674964299636,-6936.870589685153,412.87459999999993,0.0,-0.0,51.40646887894001,-0.0,0.0,0.0,1728.5552928326747,-30.871000000000002,-2161.9653617116146,16563.492131049996,904.4843264062903,-2165.51567359371,459.03455828795035,-920.3396564669105,0.0,0.0,1563.5361761444242,-19.512,-16385.17986182804,67873.14611212233,0.0,-5133.0,0.0,-710.5086964206262,0.0,0.0,-1110.0,-50.6715,-60868.96591570171
t543,10782.771818340729,0.0,-1830.0,379.23242733979737,-68.98526861621454,0.0,0.0,3047.5636763758325,-39.019999999999996,-12271.562653440145,1867.8340658432141,0.0,-240.0,25.941162400217074,-25.941162400217074,0.0,0.0,-513.6425513888004,-17.911,-1096.2805144544154,334.31355,0.0,-0.0,19.687239334695175,-19.687239334695175,0.0,0.0,507.597751472412,-11.386,-830.525301472412,3204.1719184731974,0.0,-0.0,38.93899269980443,-38.93899269980443,0.0,0.0,-1479.0388330188998,-79.74457735813047,-1645.3885080961622,755.395854906093,0.0,-0.0,4.491355004290902,-4.491355004290902,0.0,0.0,-556.967541665205,-10.8,-187.62831324088796,10079.187304707266,0.0,-6424.879324237304,23.79073184072869,-23.79073184072869,0.0,0.0,-2568.816519183687,-69.4125,-1016.0789612862773,1203.7800720386633,0.0,-1714.6206406276913,44.070077014253606,-44.070077014253606,0.0,0.0,2425.1046207366835,-102.46132700112679,-1811.80272514653,8167.438725893546,0.0,-0.0,157.7566562170914,-157.7566562170914,0.0,0.0,-1236.2673203664804,-20.676749642996324,-6910.494655884069,432.6435999999999,0.0,-0.0,53.74013980432221,-61.321009135333725,0.0,0.0,1759.9545881431268,-30.871000000000002,-2154.146318812115,16044.294148447167,724.2807625649913,-2345.719237435009,476.42534176066465,-85.97326817760559,0.0,0.0,1522.4817354810407,-19.512,-16316.277482641248,68367.83612983921,0.0,-5133.0,1517.2633243555097,-1517.2633243555097,0.0,0.0,-2907.9696065860235,-50.6715,-60276.19502325319
t544,11539.345541893586,0.0,-1830.0,380.6101880701725,-309.5128337198054,0.0,0.0,2517.5086950825958,-39.019999999999996,-12258.93159132655,1988.026598212217,0.0,-240.0,25.82883535878291,-25.82883535878291,0.0,0.0,-632.8580066504451,-17.911,-1097.2575915617724,334.1189,0.0,-0.0,19.60425135991828,-2.568784527542118,0.0,0.0,490.756934640036,-11.386,-830.525301472412,2909.262249801169,0.0,-0.0,38.76109181961564,-0.0,0.0,0.0,-1221.913184605864,-79.74457735813047,-1646.3655796567894,774.2188349060931,0.0,-0.0,3.807943986673479,-0.0,0.0,0.0,-579.5984656518785,-10.8,-187.62831324088796,9172.84152206021,2028.0408710968525,-4396.838453140452,20.586666866919835,-20.586666866919835,0.0,0.0,-5717.575479729095,-69.4125,-1017.055960287514,1344.1227128054127,785.9916108249989,-928.6290298026923,43.86509889077145,-38.08533370380169,0.0,0.0,706.9989931329678,-102.46132700112683,-1811.80272514653,8167.438725893546,5.684341886080802e-14,5.684341886080802e-14,157.0439769023284,-136.38666799334388,0.0,0.0,-1250.0864242159232,-20.67674964299636,-6917.332860943609,371.0985999999999,0.0,-0.0,53.50288033992981,-97.3284798878583,0.0,0.0,1856.766937997606,-30.871000000000002,-2153.1689384496776,15422.57509649405,2143.2891492029617,-926.7108507970382,57.23932544820532,-902.0393254482053,0.0,0.0,720.0,-19.512,-16494.841394899977,62069.10687828357,0.0,-4681.10166188798,1516.3108233618377,-1516.3108233618377,0.0,0.0,3110.0,-50.6715,-60447.33371639558
t545,13995.67333102619,0.0,-1830.0,406.44993855192047,-45.34003584024912,0.0,0.0,-8.273865504668038,-39.019999999999996,-12479.489368233193,2020.0249293484299,240.0,-0.0,27.751474879793342,-0.0,0.0,0.0,-1167.7224271296664,-17.911,-1102.1429770985567,333.799,0.0,-0.0,21.06382387321133,-2.5960435355645113,0.0,0.0,493.55287549463543,-11.386,-834.4336558322822,2598.415690698206,0.0,-0.0,26.478606191040832,-0.0,0.0,0.0,-891.9446389499367,-79.74457735813047,-1653.2050805811796,773.750184906093,0.0,-0.0,4.817234834338412,-7.6,0.0,0.0,-571.5618757014138,-10.8,-188.6055440390176,2675.559937771897,4021.61262380519,-2403.266700432114,25.454445259226233,-3.136885938807117,0.0,0.0,-3225.846964172934,-69.4125,-1020.9639562924613,901.6009532120522,785.9916108249989,-928.6290298026923,47.12858269779551,-0.0,0.0,0.0,1115.9898542021108,-102.46132700112683,-1819.6206441331385,8167.438725893546,0.0,-0.0,168.73034726294125,-0.0,0.0,0.0,-1365.9222101463333,-20.67674964299636,-6949.570113367156,351.7025999999999,0.0,-0.0,57.48495372843237,-7.103063562586231,0.0,0.0,1791.7292519082057,-30.871000000000002,-2162.942742074052,14751.260759870645,1490.0,-0.0,549.3240817851129,-132.52556680867752,0.0,0.0,720.0,-19.512,-17358.547274847082,59418.72356407405,0.0,-0.0,1676.6149927356832,-1676.6149927356832,0.0,0.0,3110.0,-50.6715,-62478.052064074065
t546,14977.70479957606,1830.0,-0.0,389.3600408256401,-757.3577050216433,0.0,0.0,-2817.437262451058,-39.019999999999996,-13583.249872928998,1862.496657578474,240.0,-0.0,25.677848939157613,-3.425335220536508,0.0,0.0,-963.6579556895497,-17.911,-1143.1802156075455,333.61195,0.0,-0.0,19.4894275216499,-0.0,0.0,0.0,523.9851131895937,-11.386,-865.7004907112436,2422.18544,0.0,-0.0,38.53543000705541,-10.257922403114556,0.0,0.0,-654.980709784491,-79.74457735813047,-1715.7376604613187,838.0712849060931,0.0,-0.0,2.822153312608099,-1.0251788210118917,0.0,0.0,-632.6448689736346,-10.8,-196.4233904240546,2093.2690543983313,3567.237948993342,-2857.6413752439626,23.551840087824914,-0.0,0.0,0.0,-1696.9610518936015,-69.4125,-1060.0439163419335,611.1206954175694,785.9916108249989,-928.6290298026923,43.61008301894597,-11.620863141989915,0.0,0.0,1490.0162659502598,-102.46132700112683,-1888.0274352659633,8167.438725893546,0.0,-0.0,156.12888772301474,-41.53382567414914,0.0,0.0,-1051.9351326697245,-20.67674964299636,-7209.421905629691,351.7025999999999,0.0,-0.0,47.26880957183557,-97.65069973768172,0.0,0.0,1973.615602322206,-30.871000000000002,-2244.0653121563596,15070.401441163294,2229.175551786274,-0.0,519.1477115792455,-0.0,0.0,0.0,720.0,-19.512,-18519.212704528814,57035.68280051419,5133.0,-0.0,1626.028464748376,-0.0,0.0,0.0,3110.0,-50.6715,-66854.03976526257
t547,14505.047046719468,1091.5474668134427,-738.4525331865573,496.19660337436386,-0.0,0.0,0.0,-832.3484402386241,-39.019999999999996,-14482.97014348209,2067.398007578474,240.0,-0.0,16.544638075415968,-43.6,0.0,0.0,-1037.1769530283666,-17.911,-1225.2546926255231,333.66904999999997,0.0,-0.0,25.027540107954916,-33.1,0.0,0.0,614.0235703612115,-11.386,-928.2341604691663,2424.4933974872793,0.0,-0.0,6.346581840061897,-65.4,0.0,0.0,-446.846724868868,-79.74457735813047,-1838.848677100343,904.3151649060931,0.0,-0.0,5.722905953339174,-0.0,0.0,0.0,-689.1334492615629,-10.8,-210.1046215978693,2070.4772543983313,4664.599846396613,-1760.279477840691,15.171645126526418,-40.0,0.0,0.0,-3744.306929642375,-69.4125,-1136.2498384384044,611.1206954175694,1320.6858640794665,-393.9347765482248,28.11414425982258,-74.0,0.0,0.0,633.3619375774529,-102.46132700112682,-2022.8865377849606,8167.438725893546,0.0,-0.0,200.4853816975837,-247.22353021880747,0.0,0.0,-369.92145113749166,-20.676749642996356,-7730.102376591834,351.7025999999999,0.0,-0.0,68.30315897432155,-28.104887979282225,0.0,0.0,2042.3484402386239,-30.870999999999995,-2403.3783112336623,14687.819955600293,2733.9021089870366,-0.0,624.0130132326317,-125.11248857828687,0.0,0.0,720.0,-19.512,-18621.110589241674,59730.49726184615,3693.0,-0.0,1936.320375897441,-0.0,0.0,0.0,3110.0,-50.6715,-68419.14613774359
t548,14143.287194672484,1830.0,-0.0,347.5145707255651,-766.0938632145063,0.0,0.0,-1160.0,-39.019999999999996,-14355.687902183543,1865.1385075784738,240.0,-0.0,34.3483922787661,-51.36101434358612,0.0,0.0,-841.0518844587036,-17.911,-1229.1630010549507,333.69759999999997,0.0,-0.0,11.253736375240063,-38.98203192356001,0.0,0.0,635.6050331974214,-11.386,-930.1883376491014,2425.3794474872793,0.0,-0.0,51.55383054767025,-77.0823689592928,0.0,0.0,-476.37229681404733,-79.74457735813047,-1843.7340349034787,865.4410703486137,0.0,-0.0,5.952366178853033,-8.907118205235555,0.0,0.0,-640.6044659262323,-10.8,-211.08185239599894,2093.2690543983313,4281.6454037157355,-2143.2339205215685,31.502541242870564,-47.107455240968335,0.0,0.0,-3007.4822881522864,-69.4125,-1139.1808354421146,611.1174954175693,1714.6206406276913,-0.0,58.34530977130487,-87.23457182801,0.0,0.0,-164.6603300891852,-102.4613270011269,-2029.7272168982431,8167.438725893546,0.0,-0.0,208.86835691400333,-312.3013400519617,0.0,0.0,-294.6657742162897,-20.67674964299636,-7748.663218896301,351.7025999999999,0.0,-0.0,71.15432120055803,-99.04319316428106,0.0,0.0,2119.232006459323,-30.871000000000066,-2412.1747344955993,15606.199096883098,2260.47475042839,-0.0,631.873329586978,-844.8,0.0,0.0,720.0,-19.512,-18354.235176898466,59848.19682958149,3693.0,-0.0,2035.844944697994,-578.6231645125813,0.0,0.0,3110.0,-50.6715,-68057.7471097669
t549,14697.358876757833,1109.5302011714944,-720.4697988285058,0.0,-708.7,0.0,0.0,-360.0,-39.019999999999996,-13978.699279100822,1869.1230500000001,0.0,-240.0,29.101295206198753,-0.0,0.0,0.0,-431.6689634057427,-17.911,-1208.6443818004564,333.72614999999996,0.0,-0.0,22.086743061418808,-33.1,0.0,0.0,604.2051157381695,-11.386,-915.5320087995883,2417.1933574872796,0.0,-0.0,43.677496945837625,-0.0,0.0,0.0,-567.6814605509494,-79.74457735813047,-1813.4448165240362,784.3350203486136,0.0,-0.0,5.044100956513376,-0.0,0.0,0.0,-571.4061921016466,-10.8,-207.17292920348046,2070.4772543983313,4647.9929310770995,-1776.886393160205,26.69046495392232,-0.0,0.0,0.0,-3779.220901851769,-69.4125,-1119.6408554173786,611.1174954175693,1714.6206406276913,-0.0,49.43102385148922,-0.0,0.0,0.0,-277.18401156379196,-102.4613270011269,-1995.5238213318307,8167.438725893546,0.0,-0.0,176.9584895365677,-265.0,0.0,0.0,-437.05248371085185,-20.676749642996366,-7621.667982076266,351.7025999999999,0.0,-0.0,60.28426182664432,-0.0,0.0,0.0,1990.0088974465825,-30.871000000000066,-2371.1247592732266,14733.785487213303,2543.697273804742,-0.0,530.8606598818931,-492.31494762123964,0.0,0.0,720.0,-19.512,-18016.516473278698,63534.07672240283,1440.0,-0.0,1746.5201376039774,-2488.0,0.0,0.0,3110.0,-50.6715,-67291.9253600068
t550,12455.648103257052,1142.2388420198247,-687.7611579801753,378.23263751205815,-122.2,0.0,0.0,436.6790448685531,-39.019999999999996,-13563.817469677311,1671.7280000000003,240.0,-0.0,25.349404574607636,-9.5,0.0,0.0,-729.3572588875011,-17.911,-1180.3091456871068,333.78325,0.0,-0.0,11.685515222904465,-7.2,0.0,0.0,566.1762060074304,-11.386,-893.0589712303348,2408.945255,0.0,-0.0,38.050365303997474,-14.3,0.0,0.0,-583.4744466500531,-79.74457735813047,-1769.4765962958134,712.8606503486136,0.0,-0.0,4.389313366816976,-9.2,0.0,0.0,-494.9631885025983,-10.8,-202.28677521283234,2093.257874398331,6424.879324237304,-0.0,23.24814376541136,-8.7,0.0,0.0,-7370.010960017062,-69.4125,-1093.2618823839848,611.1142954175693,0.0,-1714.6206406276913,43.06420869439167,-16.2,0.0,0.0,3127.7197709290367,-102.46132700112685,-1948.6163074121796,8167.438725893546,0.0,-0.0,93.68943255395436,-57.9,0.0,0.0,-745.5149633358274,-20.67674964299638,-7437.036445468676,351.7025999999999,0.0,-0.0,52.51406338870895,-19.7,0.0,0.0,1962.7457955880213,-30.870999999999995,-2316.39145897673,14219.519465583237,2189.4591128991137,-0.0,453.2807623396443,-161.5,0.0,0.0,720.0,-19.512,-17401.247340821996,58123.86272467329,3693.0,-0.0,1504.418285329804,-671.0,0.0,0.0,3110.0,-50.6715,-65709.6095100031
t551,14467.546391995667,1830.0,-0.0,291.47516284113794,-601.8461310794603,0.0,0.0,-2979.9411137442294,-39.019999999999996,-12968.214310013114,1671.1867200000004,153.24193970294,-86.75806029706,15.820499558576135,-53.1,0.0,0.0,-539.2998833569119,-17.911,-1143.1802156075455,333.8118,0.0,-0.0,14.783064544922492,-7.2,0.0,0.0,535.691626166321,-11.386,-865.7004907112436,2419.052435,0.0,-0.0,29.233919653738567,-79.7,0.0,0.0,-574.0811883949159,-79.74457735813047,-1714.7605889006916,649.3956003486136,0.0,-0.0,3.376278437104896,-1.6,0.0,0.0,-444.9257191597936,-10.8,-195.44615962592496,2116.0496743983313,2959.1261121619077,-3465.7532120753967,17.86442340247093,-48.7,0.0,0.0,-450.10758054661665,-69.4125,-1059.0669173406966,611.1142954175693,1714.6206406276913,-0.0,33.0847684074633,-90.2,0.0,0.0,-279.10818205895976,-102.46132700112679,-1887.0501953926373,8167.438725893546,0.0,-0.0,118.44076782360014,-57.9,0.0,0.0,-998.8577248815368,-20.676749642996324,-7208.4450191926135,351.7025999999999,0.0,-0.0,40.349185454842896,-19.7,0.0,0.0,1900.6297659766424,-30.871000000000002,-2242.110551431485,14162.016018620652,1490.0,-0.0,341.44731602644083,-195.2281155675762,0.0,0.0,720.0,-19.512,-16498.723219079515,57879.31454317911,1440.0,-0.0,1132.7022913365047,-451.0392809235727,0.0,0.0,3110.0,-50.6715,-63060.306053592045
t552,9516.826994939855,1098.736085157519,-731.2639148424809,213.33509924524313,-0.0,0.0,0.0,2040.0,-39.019999999999996,-12098.614264500135,1507.500186177712,240.0,-0.0,14.568645564203816,-0.0,0.0,0.0,-657.6480883610691,-17.911,-1086.5097433808467,333.84035,0.0,-0.0,11.055815518079195,-0.0,0.0,0.0,489.1984272345925,-11.386,-822.7085927526716,2499.0996775381623,0.0,-0.0,21.870761892239067,-0.0,0.0,0.0,-811.4704989461434,-79.74457735813047,-1629.7553631261273,657.915056744028,0.0,-0.0,2.5195729643670184,-0.5693934698668706,0.0,0.0,-463.3913845938995,-10.8,-185.6738516446287,2093.257874398331,6424.879324237304,-0.0,13.360179595033468,-0.0,0.0,0.0,-7455.77590695676,-69.4125,-1006.3089712739092,611.1110954175693,169.31309014292583,-1545.3075504847654,24.75369869727193,-0.0,0.0,0.0,2636.803400654787,-102.4613270011269,-1794.2124074266608,8167.438725893546,0.0,-0.0,88.60460593324676,-0.0,0.0,0.0,-1389.346431146821,-20.67674964299636,-6846.020151036974,351.7025999999999,0.0,-0.0,30.181868723178393,-0.0,0.0,0.0,1781.6304821153135,-30.871000000000066,-2132.6439508384915,12883.484098065079,1587.9249273775076,-0.0,243.7972475459493,-0.0,0.0,0.0,720.0,-19.512,-15415.694272988534,53691.772463306166,3215.9646218164107,-0.0,830.6693305478886,-495.72567613323554,0.0,0.0,3110.0,-50.6715,-60302.009239537234
t553,16210.702728795051,784.2594213797377,-1045.7405786202623,84.03392620825764,-708.7,0.0,0.0,-3177.2050316368077,-39.019999999999996,-12108.330466125977,1904.57142,240.0,-0.0,7.462336451892979,-3.6467018193849507,0.0,0.0,-1049.8287738958027,-17.911,-1080.6472807367054,341.86289999999997,0.0,-0.0,4.779309716725021,-36.67103122745987,0.0,0.0,520.215059903536,-11.386,-818.8002383928015,2489.0749950383947,0.0,-0.0,11.203423528583645,-0.0,0.0,0.0,-798.5950505677379,-79.74457735813047,-1621.93879064111,1023.5558594115812,0.0,-0.0,1.289672410964926,-8.393562494991082,0.0,0.0,-819.9781176829263,-10.8,-185.6738516446287,2077.26105,3099.2591269962268,-3325.6201972410777,6.843086277651336,-0.0,0.0,0.0,-787.8835887663122,-69.4125,-1000.4469772664884,611.7606954175694,785.9916108249989,-928.6290298026923,12.680539200217742,-82.0348202617847,0.0,0.0,1491.0412998095226,-102.46132700112683,-1788.3489681867045,8167.438725893546,0.0,-0.0,45.38752055584704,-293.7170427874898,0.0,0.0,-1101.2566248357914,-20.67674964299636,-6797.175829183115,351.7025999999999,0.0,-0.0,15.460120298437182,-100.07073821957769,0.0,0.0,1893.49082767232,-30.871000000000002,-2129.7118097511793,15974.047952019577,0.0,-110.72966915066412,133.8242706707013,-981.0949066369199,0.0,0.0,720.0,-19.512,-15716.535646902696,58928.04980969037,0.0,-0.0,471.21241343223403,-1907.0440595062369,0.0,0.0,3110.0,-50.6715,-60551.54666361637
t554,17152.01152431636,0.0,-1830.0,53.93731291654075,-628.4038331782523,0.0,0.0,-3447.4473197022053,-39.019999999999996,-11261.077684352438,1841.0384080668362,115.97385956598596,-124.02614043401404,3.795509444137564,-4.7117773140095505,0.0,0.0,-802.8840532145683,-17.911,-1011.2748061143673,341.83435,0.0,-0.0,2.8792930138526533,-0.0,0.0,0.0,432.7098115207016,-11.386,-766.0374545345542,2472.6811650383947,0.0,-0.0,5.702149750826883,-72.49246479898281,0.0,0.0,-808.7541389781059,-79.74457735813047,-1517.3921336540022,954.5867694115813,0.0,-0.0,0.6516572304120024,-0.0,0.0,0.0,-771.4685753730497,-10.8,-172.9698512689436,2063.0683978243737,3314.802457853996,-3110.076866383308,3.4793471058409002,-5.861087790487359,0.0,0.0,-1260.0347054255546,-69.4125,-935.9650431848593,611.7670954175694,0.0,-1714.6206406276913,6.4554518735087925,-0.0,0.0,0.0,2872.8713233452936,-102.46132700112683,-1674.0119030075546,8167.438725893546,0.0,-0.0,10.289506990581264,-0.0,0.0,0.0,-1800.4514371798293,-20.67674964299636,-6356.6000460613,351.7025999999999,0.0,-0.0,7.8652443650573725,-90.3,0.0,0.0,1755.459095007318,-30.871000000000002,-1993.8559393723754,15926.571952019578,0.0,-763.1872330745799,67.6369548277271,-844.8,0.0,0.0,720.0,-19.512,-15086.709673772726,56204.74569511101,607.1726970541831,-0.0,254.223573386835,-1476.527150278498,0.0,0.0,3110.0,-50.6715,-58648.94331527354
t555,15882.071418722076,0.0,-1830.0,34.197150829534735,-0.0,0.0,0.0,-3273.9242068165104,-39.019999999999996,-10773.324362735102,1751.2311550000002,19.160416527244877,-220.83958347275512,2.353970955389968,-0.0,0.0,0.0,-564.7344685118584,-17.911,-969.2604904980216,341.8058,0.0,-0.0,1.4811180481120405,-34.87409801182728,0.0,0.0,436.7667110293404,-11.386,-733.7935310656252,2507.036915038395,0.0,-0.0,3.5343909735465493,-0.0,0.0,0.0,-975.9671748799474,-79.74457735813047,-1454.8595537738631,914.6574794115813,0.0,-0.0,0.40648104785407807,-0.39424400262828346,0.0,0.0,-737.740480774771,-10.8,-166.1292356820362,2085.8825578243736,2568.069606006282,-3856.809718231022,2.1585350565440597,-40.0,0.0,0.0,207.97360148044845,-69.4125,-897.8620821366238,611.7734954175694,643.3541918473054,-1071.2664487803859,4.000502389575864,-3.99172052661137,0.0,0.0,1523.2191786550768,-102.46132700112683,-1604.6278720014036,8154.461192338515,0.0,-0.0,14.31832608702778,-14.266704845111008,0.0,0.0,-2040.0184694499007,-20.67674964299636,-6093.817594487535,351.7025999999999,0.0,-0.0,1.35320894186936,-4.854129282360739,0.0,0.0,1594.425309268122,-30.871000000000002,-1911.7559889276304,15914.98513216713,0.0,-1580.0,43.39184700228609,-341.5194815550684,0.0,0.0,720.0,-19.512,-14737.345497614346,55949.894253185594,0.0,-0.0,151.60781509508743,-1354.195569534809,0.0,0.0,3110.0,-50.6715,-57806.63499874588
t556,14795.850459966226,566.4530097103907,-1263.5469902896093,28.084073302534357,-18.776874177377245,0.0,0.0,-3560.0,-39.019999999999996,-10509.043678512164,1943.8976550000004,0.0,-240.0,1.9433932944160883,-23.83330331355696,0.0,0.0,-725.1256448109013,-17.911,-938.9711001699584,341.8058,0.0,-0.0,1.4743967759702685,-0.0,0.0,0.0,379.4262967204014,-11.386,-711.3204934963717,2584.5666350383945,0.0,-0.0,2.9191105654796807,-4.6734541961770795,0.0,0.0,-1094.1305236251806,-79.74457735813047,-1408.937190424386,815.4644420280779,0.0,-0.0,0.3342564815002641,-4.816404939221578,0.0,0.0,-638.9392118789684,-10.8,-161.24308169138808,2063.1242978243736,1168.5827744539683,-5256.296549783336,1.7816754883533958,-1.2971985911833337,0.0,0.0,2963.04661170858,-69.4125,-869.5291111007565,611.7798954175694,1714.6206406276913,-0.0,3.3045429635504338,-46.89657440821011,0.0,0.0,-625.5585391377001,-102.46132700112683,-1554.788638461774,8167.438725893546,0.0,-0.0,11.824708385582877,-203.1732523922461,0.0,0.0,-2055.9962387347123,-20.67674964299636,-5899.417193509174,351.7025999999999,0.0,-0.0,4.026937060465171,-0.0,0.0,0.0,1527.277249758482,-30.871000000000002,-1852.1357868189466,15356.942599826234,0.0,-1490.0,35.991963594066306,-0.0,0.0,0.0,720.0,-19.512,-14603.4225634203,56991.94243227592,0.0,-1440.0,111.81847535467963,-1168.860079217649,0.0,0.0,3110.0,-50.6715,-57554.22932841296
t557,12673.1435471093,105.93810662082046,-1724.0618933791795,8.646223346189329,-5.293409802523347,0.0,0.0,-624.9600745673938,-39.019999999999996,-10394.392499327212,1747.4790050000004,240.0,-0.0,0.6151062648571637,-0.0,0.0,0.0,-1045.868167705252,-17.910999999999998,-924.3149435596052,341.77725,0.0,-0.0,0.4664666975141136,-0.0,0.0,0.0,368.73771371924704,-11.386,-699.5954304167611,2565.7130150000003,0.0,-0.0,0.9247414119231764,-0.5954561863051938,0.0,0.0,-1099.8331783375265,-79.74457735813047,-1386.464544529961,746.5095820280778,0.0,-0.0,0.0,-0.12865996337754354,0.0,0.0,-577.2695327677011,-10.8,-158.3113892969992,2085.9384578243735,4003.3399513700538,-2421.5393728672507,0.5636682384224194,-0.36227054691294996,0.0,0.0,-2742.6768089352454,-69.4125,-855.8511250834413,611.7862954175694,0.0,-1714.6206406276913,1.0471584718200806,-0.0,0.0,0.0,2733.6289154947262,-102.46132700112683,-1529.3804017552964,8167.438725893546,0.0,-0.0,3.7452326563950407,-0.0,0.0,0.0,-2344.8711133571805,-20.67674964299636,-5805.636095549763,351.7025999999999,0.0,-0.0,1.2749690557303417,-2.4044395662337195,0.0,0.0,1503.1122464563268,-30.871000000000002,-1822.8143759458235,15951.553103709717,0.0,-1867.2667721428459,11.20561375992566,-130.4481950338943,0.0,0.0,720.0,-19.512,-14665.531750292901,57127.816349940476,0.0,-1440.0,50.57872178810942,-972.923013375407,0.0,0.0,3110.0,-50.6715,-57824.80055835318
t558,14779.35690923634,0.0,-1830.0,20.288077404228368,-182.84877203471544,0.0,0.0,-2293.1432651984114,-39.019999999999996,-10454.63294940744,1945.8229550000003,18.177348868302943,-221.82265113169706,1.4101749552059775,-1.141335212197839,0.0,0.0,-804.1288573494367,-17.911,-920.4066351301777,341.7487,0.0,-0.0,1.0696143550846067,-1.4439817854962556,0.0,0.0,366.67583207727023,-11.386,-696.6641646468586,2531.9282650000005,0.0,-0.0,2.1191874456041555,-1.1225536594241852,0.0,0.0,-1072.578206261851,-79.74457735813047,-1380.6021151661978,806.0483920280778,0.0,-0.0,0.24141717970550874,-0.0,0.0,0.0,-638.1556507089138,-10.8,-157.33415849886958,2063.1801978243734,3266.0081696203956,-3158.871154616909,1.2925141750968923,-0.6829522263629656,0.0,0.0,-1249.5711456981003,-69.4125,-851.943129078494,611.7926954175693,0.0,-1714.6206406276913,2.399393750799149,-3.248959017366575,0.0,0.0,2729.6557999931556,-102.46132700112683,-1523.51696251534,8167.438725893546,0.0,-0.0,8.583512727191657,-11.612020191699056,0.0,0.0,-2362.519534163208,-20.67674964299636,-5781.213934622833,351.7025999999999,0.0,-0.0,2.922541140571486,-1.5464550413046463,0.0,0.0,1493.765027309495,-30.871000000000002,-1815.9727134087614,15404.056313629502,0.0,-1135.6660849740022,26.768981439455494,-33.15591006743139,0.0,0.0,720.0,-19.512,-14962.491300027525,57136.49630982439,0.0,-896.7227193065983,93.93307710068297,-397.9901377217838,0.0,0.0,3110.0,-50.6715,-58995.045029896704
t559,12697.027229541329,1649.8224324982139,-180.17756750178626,39.8248338090108,-0.0,0.0,0.0,-3406.783627725262,-39.019999999999996,-10760.693300621506,1749.7288099999996,0.0,-240.0,2.7620984840026797,-0.0,0.0,0.0,-560.4941938508282,-17.911000000000012,-934.085714633174,341.72015,0.0,-0.0,2.0951552463726304,-1.566496043072733,0.0,0.0,376.54932993320165,-11.386000000000013,-707.4121391365015,2490.451515,0.0,-0.0,4.1503827334230765,-4.650609769940572,0.0,0.0,-1009.0860926659834,-79.74457735813047,-1401.1206179393685,903.1082520280778,0.0,-0.0,0.4733688100084955,-0.0,0.0,0.0,-732.5157699448279,-10.8,-160.26585089325846,2085.9943578243733,1163.168500631903,-5261.710823605401,2.5317785151194494,-1.8930465777313994,0.0,0.0,2945.965849306309,-69.4125,-864.6441160945725,611.7990954175693,1714.6206406276913,-0.0,4.698983768551002,-3.855116699226957,0.0,0.0,-677.8315566382926,-102.46132700112683,-1546.9707194751657,8167.438725893546,0.0,-0.0,16.811016451616403,-13.8054854769614,0.0,0.0,-2282.5875661395785,-20.67674964299636,-5867.179941085626,351.7025999999999,0.0,-0.0,5.7241358317479305,-0.0,0.0,0.0,1516.7836277252618,-30.870999999999995,-1843.3393635570096,14775.32797436368,0.0,-0.0,53.40935014015704,-39.77639210408938,0.0,0.0,720.0,-19.512,-15489.448932399748,57395.26829876045,216.75302443475172,-0.0,186.53145097701469,-104.60129070642876,0.0,0.0,3110.0,-50.6715,-60753.279983465785
t560,13687.447781314997,1337.2343001450643,-492.7656998549358,88.6378445304144,-0.0,0.0,0.0,-3385.555092676248,-39.019999999999996,-11195.979133459288,1902.8970599999998,47.88556588111169,-192.1144341188883,6.189734222516396,-5.166098994285164,0.0,0.0,-777.4057220292166,-17.911,-964.3751049612372,341.72015,0.0,-0.0,4.694235777523922,-1.0418410683441455,0.0,0.0,395.8986319965752,-11.386,-729.885176705755,2689.8264250000007,0.0,-0.0,9.304556321062302,-7.7763384861345095,0.0,0.0,-1165.5441557485779,-79.74457735813047,-1446.0659097282185,777.0267120280779,0.0,-0.0,1.0566095576028551,-0.9956802400625112,0.0,0.0,-601.1356364617117,-10.8,-165.15200488390659,2108.8196978243736,1439.7470170072818,-4985.132307230023,5.6724307585675,-4.731059078976938,0.0,0.0,2397.03680884798,-69.4125,-892.000088129203,611.8054954175694,1429.3458026723044,-285.274837955387,10.535902376654061,-12.880044780428388,0.0,0.0,-54.261037714790746,-102.46132700112683,-1596.8099530147952,8167.438725893546,0.0,-0.0,37.68461745877015,-0.0,0.0,0.0,-2134.588888890258,-20.67674964299636,-6049.857704819061,433.0165999999999,0.0,-0.0,9.656444975698982,-2.4428112613791666,0.0,0.0,1495.555092676248,-30.871000000000002,-1904.9143263905682,16613.452687103534,0.0,-1490.0000000000002,120.14655031812185,-32.48992549719884,0.0,0.0,720.0,-19.512,-15911.597311924457,58014.90781291624,1440.0,-0.0,439.94462928582084,-0.0,0.0,0.0,3110.0,-50.6715,-62954.18094220207
t561,11183.44630727592,0.0,-1830.0,170.2687748747492,-18.5042251216188,0.0,0.0,2227.257799673417,-39.019999999999996,-11693.448656702467,1852.0420288561036,0.0,-240.0,11.950777931575804,-5.849154481961136,0.0,0.0,-607.5223112311317,-17.911,-992.7103410745866,341.751,0.0,-0.0,9.06302351706448,-0.0,0.0,0.0,411.95310216797657,-11.386,-751.381125685041,2647.875408405746,0.0,-0.0,17.966065405962553,-0.0,0.0,0.0,-1097.039838057764,-79.74457735813047,-1489.0570583958142,842.8531220280778,0.0,-0.0,2.03850607936588,-0.0,0.0,0.0,-664.053469232889,-10.8,-170.0381588745547,3974.0588781437555,4075.856128588396,-2349.023195648908,10.951571044635038,-0.0,0.0,0.0,-4724.051820965282,-69.4125,-918.3790611625967,767.369837812186,785.9916108249989,-928.6290298026923,20.3441933006324,-0.0,0.0,0.0,1103.0566615471002,-102.46132700112683,-1645.6719466810985,8167.438725893546,0.0,-0.0,72.76362534085109,-31.486013870432732,0.0,0.0,-1962.3423242280105,-20.67674964299636,-6225.697263492956,496.4265999999999,0.0,-0.0,18.109940733340455,-2.850592923108287,0.0,0.0,1482.7422003265829,-30.870999999999995,-1963.5571481368147,18158.01905234258,0.0,-2389.719529909094,233.9112523229241,-306.84389643464044,0.0,0.0,720.0,-19.512,-16395.85487832177,59103.930139056174,1440.0,-0.0,856.7515863820494,-0.0,0.0,0.0,3110.0,-50.6715,-64460.01022543823
t562,12176.766118450305,0.0,-1830.0,224.0198118570068,-51.46851524557478,0.0,0.0,2040.0,-39.019999999999996,-12520.297415061736,2146.2790568078512,240.0,-0.0,15.245985396727104,-9.5,0.0,0.0,-1335.481077084219,-17.911,-1038.6329651203598,342.30925,0.0,-0.0,11.565127253807429,-7.2,0.0,0.0,451.2679376700652,-11.386,-786.5563149238726,2999.4207660940647,0.0,-0.0,22.90695624279474,-14.3,0.0,0.0,-1369.8540057783853,-79.74457735813047,-1558.4291392003436,857.962027497687,0.0,-0.0,2.060956064036348,-0.0,0.0,0.0,-671.3669783021317,-10.8,-177.8560052595917,8472.859150455137,1189.781999153232,-5235.0973250840725,10.962413461359105,-8.7,0.0,0.0,-3399.026720768639,-69.4125,-961.3670172170162,1413.0986569206889,785.9916108249989,-928.6290298026923,20.323856636161466,-16.2,0.0,0.0,548.7956493491756,-102.46132700112683,-1720.9194169272057,8104.061492614795,0.0,-0.0,92.78572240903691,-0.0,0.0,0.0,-1655.4534978905667,-20.67674964299636,-6520.716967490269,541.5595999999999,0.0,-0.0,31.594614992782674,-51.880527041298635,0.0,0.0,1561.118692804701,-30.871000000000002,-2051.521380756184,17696.07140840651,0.0,-1799.1547857461444,300.17603086663394,-0.0,0.0,0.0,720.0,-19.512,-16897.580653527,61134.35060294013,461.6705995546845,-0.0,1053.9828185574897,-292.2841289351054,0.0,0.0,3110.0,-50.6715,-65417.04839211721
t563,12179.891984778407,0.0,-1830.0,275.36582389798434,-102.67158363115762,0.0,0.0,2760.588211141832,-39.019999999999996,-13244.154436187066,2046.256164429582,0.0,-240.0,12.238521983725633,-9.5,0.0,0.0,-700.6656346030334,-17.911,-1090.4180518102742,342.5477,0.0,-0.0,8.834365898466178,-7.2,0.0,0.0,492.84379262410835,-11.386,-825.6398585225743,3307.828669601896,0.0,-0.0,23.165548697328042,-56.41380470061617,0.0,0.0,-1558.2409721899598,-79.74457735813047,-1636.5948640505176,823.256037497687,0.0,-0.0,3.2187815053783293,-6.493958956034906,0.0,0.0,-622.5297776042721,-10.8,-186.65108244275834,11759.547074105694,1174.99258261271,-5249.886741624594,15.765119273683307,-8.7,0.0,0.0,-6613.065566089877,-69.4125,-1009.2399682776196,1659.5494688711103,0.0,-1714.6206406276913,31.830638222385247,-16.2,0.0,0.0,1947.841146441896,-102.46132700112683,-1805.9392859065736,8033.13540307169,0.0,-0.0,81.55203193545174,-57.9,0.0,0.0,-1186.1829885788623,-20.67674964299636,-6849.927696785283,518.4335999999998,0.0,-0.0,35.89454959150932,-19.7,0.0,0.0,1649.4117888581682,-30.871000000000002,-2153.1689384496776,17756.243983211294,0.0,-1490.0,321.68977892356884,-141.43390507257863,0.0,0.0,720.0,-19.512,-17146.987857062286,64731.00826755395,0.0,-2771.593579441271,1222.542933876798,-625.3726562766515,0.0,0.0,3110.0,-50.6715,-65615.91346571285
t564,14077.971402513493,0.0,-1830.0,256.468543428066,-784.2000099255821,0.0,0.0,2040.0,-39.019999999999996,-13721.219936015974,2138.261950222854,0.0,-240.0,19.016863795347916,-0.0,0.0,0.0,-769.8666779136527,-17.911,-1129.5011361045492,342.5657,0.0,-0.0,12.459490320500507,-12.287944049372449,0.0,0.0,523.6012699504727,-11.386,-854.9525162216006,3458.3894836300915,0.0,-0.0,31.580970052629482,-0.0,0.0,0.0,-1715.0067186364422,-79.74457735813047,-1695.219157688148,729.992597497687,0.0,-0.0,3.2935802145348796,-1.6,0.0,0.0,-527.3944796825562,-10.8,-193.4916980296657,12975.396603201907,0.0,-6424.879324237304,17.440731881975942,-14.84947921374314,0.0,0.0,-5437.330101308218,-69.4125,-1046.3659303246181,1791.7329688715395,213.69290480724766,-1500.9277358204436,35.74541974906759,-0.0,0.0,0.0,1430.7004071931594,-102.46132700112683,-1868.482637799442,8150.25698702221,0.0,-0.0,127.93996590213723,-57.9,0.0,0.0,-1093.748259981844,-20.67674964299636,-7105.871943299508,512.4655999999999,0.0,-0.0,43.578544528530045,-19.7,0.0,0.0,1719.0445603790813,-30.871000000000002,-2224.517704907611,18458.1537440389,0.0,-2111.9186429502115,360.1589112697543,-132.7644134163029,0.0,0.0,720.0,-19.512,-17274.117598942143,67493.03905179208,0.0,-5133.0,1307.9619408061137,-1412.5818835325679,0.0,0.0,3110.0,-50.6715,-65314.74760906561
t565,13454.326946053887,0.0,-1830.0,378.85963599338487,-122.2,0.0,0.0,2189.2001858331037,-39.019999999999996,-14031.166767880375,1939.238321210659,0.0,-240.0,25.456498166259387,-9.5,0.0,0.0,-542.3786784810902,-17.911,-1154.905140895828,342.45755,0.0,-0.0,19.318387103981447,-7.2,0.0,0.0,531.3043509169702,-11.386,-874.4942880209514,3577.5010873256697,0.0,-0.0,35.17907288978147,-14.3,0.0,0.0,-1786.2877058653398,-79.74457735813047,-1732.3478769919807,692.2668074976871,0.0,-0.0,4.402693888864557,-0.0,0.0,0.0,-487.4916493662377,-10.8,-198.37785202031384,14185.443922399634,26.58142519050466,-6398.2978990468,23.34492129381057,-8.7,0.0,0.0,-6690.122962484087,-69.4125,-1068.8369073530648,1825.1012622606024,0.0,-1714.6206406276913,16.395636596087876,-16.2,0.0,0.0,1901.3117812512646,-102.46132700112683,-1909.526712479137,8087.700436596919,0.0,-0.0,154.82276024511498,-290.5180323485894,0.0,0.0,-669.1546416185881,-20.67674964299636,-7262.173773231859,528.8775999999999,0.0,-0.0,52.738183577915606,-0.0,0.0,0.0,1723.619319814005,-30.871000000000002,-2274.3641033919203,17767.806809156205,0.0,-1490.0,481.72160457174243,-133.08031512230542,0.0,0.0,750.1478036075706,-19.01908341101622,-17357.576818802198,68302.54453228191,0.0,-5133.0,1530.5645079492895,-2876.8226910061067,0.0,0.0,3079.8521963924295,-50.17858341101622,-64852.95996220652
t566,13726.338054640912,0.0,-1830.0,389.1606755135199,-122.2,0.0,0.0,2040.0,-39.019999999999996,-14164.27873015443,2105.2060025135665,0.0,-240.0,25.88967025394208,-48.61478256689787,0.0,0.0,-662.825209553285,-17.911,-1161.7446806473263,342.30400000000003,0.0,-0.0,19.648355810216394,-3.800677313859438,0.0,0.0,532.6140524744324,-11.386,-879.3797309707892,3647.3091676987247,0.0,-0.0,20.48852450039322,-72.94856744280416,0.0,0.0,-1772.9859547999304,-79.74457735813047,-1742.1185925982525,808.7534174976871,0.0,-0.0,4.483336849037632,-9.2,0.0,0.0,-593.8816715282812,-10.8,-199.35508281844346,11881.716284930697,1151.5596831581836,-5273.319641079121,23.743758194960158,-4.592485087580153,0.0,0.0,-6634.019199755419,-69.4125,-1075.6759003617224,1514.2168981339582,456.8276401889161,-1257.7930004387752,43.98137920483675,-82.55152395618373,0.0,0.0,1348.0562849540993,-102.46132700112683,-1920.2763510857235,7223.845302872705,0.0,-0.0,157.44096440201218,-295.56378006561965,0.0,0.0,243.04169820838413,-20.67674964299636,-7308.087435774487,607.5805999999999,0.0,-0.0,53.63307446810909,-15.227387089376736,0.0,0.0,1670.0,-30.871000000000002,-2285.115287378732,18712.54770019672,0.0,-1915.4505391351508,488.96818209479613,-759.7269762438802,0.0,0.0,807.5887656414322,-18.079923681762583,-17315.847208872172,66852.29781710467,0.0,-5133.0,1542.6665253018487,-2235.001410334992,0.0,0.0,3022.4112343585675,-49.23942368176258,-64000.13474274833
t567,13493.299409954478,0.0,-1830.0,392.14948215309283,-0.0,0.0,0.0,2040.0,-39.019999999999996,-14056.428892107568,2278.397292448015,0.0,-240.0,4.569512181095846,-4.569512181095846,0.0,0.0,-862.6499202301161,-17.911,-1157.8363722178988,342.29945000000004,0.0,-0.0,19.8031585316656,-3.4632092319884307,0.0,0.0,529.1950659012094,-11.386,-876.4484652008865,3526.1931669910914,0.0,-0.0,39.16329368919549,-6.8783183357548,0.0,0.0,-1741.5003301912848,-79.74457735813047,-1737.2332347951167,934.7792574976869,0.0,-0.0,4.507175877544221,-0.0,0.0,0.0,-730.1085813549174,-10.8,-198.37785202031384,12041.361007062482,88.95537345469097,-6335.923950782613,23.930873451001734,-4.184711155319353,0.0,0.0,-4671.981188672231,-69.4125,-1072.744903358012,1224.8344690550455,1714.6206406276913,-0.0,44.32262101898637,-81.79222077197397,0.0,0.0,-886.0885109561818,-102.46132700112683,-1913.435671972441,6518.85198629384,0.0,-0.0,157.2514601950045,-27.84997424057363,0.0,0.0,659.9960979905893,-20.67674964299636,-7287.572820595866,528.1315999999999,0.0,-0.0,54.05268664224909,-107.15440967594901,0.0,0.0,1833.1373675129325,-30.871000000000002,-2277.2962444792324,19002.417874424762,0.0,-1490.0,79.15719705599285,-1006.3,0.0,0.0,720.0,-19.512,-17285.763071480753,65645.21184308645,0.0,-5133.0,1551.883845668578,-2184.5405599064916,0.0,0.0,3110.0,-50.6715,-62938.883628848555
t568,13094.333186474329,784.2594213797377,-1045.7405786202623,386.5778079417208,-770.2182425588138,0.0,0.0,1537.4158392814159,-39.019999999999996,-13947.607433898123,2084.50818653864,0.0,-240.0,26.998597481272157,-0.0,0.0,0.0,-697.7135660167276,-17.911,-1155.882218003185,342.0097,0.0,-0.0,4.465992249678775,-33.1,0.0,0.0,572.5045957712726,-11.386,-874.4942880209514,3501.310995430247,0.0,-0.0,40.52257413889237,-7.0578842574575695,0.0,0.0,-1721.7061594009433,-79.74457735813047,-1733.324948552608,1013.2497994115812,0.0,-0.0,4.678556387817512,-9.2,0.0,0.0,-799.5505037790849,-10.8,-198.37785202031384,11422.7029230308,1497.2120633323607,-4927.667260904944,24.761657788529867,-40.0,0.0,0.0,-6837.782976892445,-69.4125,-1069.8139063543015,1082.965547209476,0.0,-1714.6206406276913,40.74806569860648,-7.995645102854028,0.0,0.0,2610.8907123027275,-102.46132700112683,-1909.526712479137,7836.182937495756,0.0,-0.0,164.17554191317703,-293.5770278676079,0.0,0.0,-414.16206429569837,-20.676749642996366,-7271.94263760263,384.1535999999999,0.0,-0.0,9.723099291742244,-9.723099291742244,0.0,0.0,1920.1041230294832,-30.870999999999995,-2273.3867230294827,16229.104042091754,529.8826614233061,-0.0,527.1064344564433,-527.1064344564433,0.0,0.0,720.0,-19.512,-17459.47470351506,60282.10508171771,0.0,-400.6377886999565,1613.9192855938502,-1613.9192855938502,0.0,0.0,3110.0,-50.6715,-62940.79579301774
t569,14917.781018543978,784.2594213797377,-1045.7405786202623,420.2456630378533,-590.7466761034193,0.0,0.0,-358.28649076503507,-39.019999999999996,-14088.492357472851,1849.8477413093453,0.0,-240.0,28.397277266253177,-48.2888042269823,0.0,0.0,-408.34637948657587,-17.911,-1163.69883486204,341.7325,0.0,-0.0,19.095588354478934,-0.0,0.0,0.0,531.8918197962453,-11.386,-881.3339081507243,3261.301163677841,0.0,-0.0,42.61746668570107,-71.56352488789311,0.0,0.0,-1406.5836492767562,-79.74457735813047,-1746.0268788407611,1076.8689094115814,0.0,-0.0,4.846734441773623,-6.4118877590676036,0.0,0.0,-865.148673275844,-10.8,-199.35508281844346,6619.4634606237605,2410.3785637101682,-4014.5007605271358,25.79856582958522,-0.0,0.0,0.0,-3894.097431272181,-69.4125,-1077.629898364196,696.9946689148481,912.1667784020032,-802.4538622256881,48.23003417235022,-80.98245476810267,0.0,0.0,1252.6914730847443,-102.46132700112689,-1924.1853105790278,7947.305710487413,0.0,-0.0,172.66673680501123,-172.66673680501123,0.0,0.0,-599.9806827654638,-20.676749642996352,-7326.648278078954,351.7025999999999,0.0,-0.0,58.824204678209576,-8.491009810593996,0.0,0.0,1917.8600139608666,-30.871000000000066,-2289.024808828482,15797.890155141758,1490.0,-0.0,589.7779272673887,-76.41158668825416,0.0,0.0,720.0,-19.512,-18501.744495720894,60350.092112468286,0.0,-0.0,1754.2660272313972,-0.0,0.0,0.0,3110.0,-50.6715,-65163.6866396997
t570,16768.594603761034,1830.0,-0.0,409.6676548230607,-830.9000000000001,0.0,0.0,-2810.062573653628,-39.019999999999996,-15328.279684930463,1952.5040073959938,115.74707746498747,-124.25292253501253,26.525147121309857,-43.6,0.0,0.0,-696.4596192173947,-17.911,-1212.5526902298839,341.49174999999997,0.0,-0.0,20.131759271253046,-7.2,0.0,0.0,575.425765298238,-11.386,-918.463274569491,3058.716047030716,0.0,-0.0,38.3251354720203,-0.0,0.0,0.0,-1197.9893592568064,-79.74457735813047,-1819.3072458877994,1045.0816194115814,0.0,-0.0,4.598554128966194,-1.5663444719695008,0.0,0.0,-829.1636690669682,-10.8,-208.1501600016101,2094.7990500838723,4006.596799398684,-2418.2825248386202,3.9013014186684294,-48.7,0.0,0.0,-2445.3532746402784,-69.4125,-1123.548851422326,611.8726954175694,517.1790242703012,-1197.44161635739,43.37157623622126,-0.0,0.0,0.0,2132.7758674995166,-102.46132700112683,-2005.2962200650916,8167.438725893546,0.0,-0.0,155.27801676101728,-0.0,0.0,0.0,-668.6493736903733,-20.67674964299636,-7633.390619321192,351.7025999999999,0.0,-0.0,46.755008344532236,-90.3,0.0,0.0,2109.4762367276944,-30.871000000000002,-2386.762845072226,16575.57316491017,2561.691319655277,-0.0,580.8807632802437,-83.69728333817895,0.0,0.0,720.0,-19.512,-20334.93596450751,63185.33322911085,4557.323704893053,-0.0,1755.3166664312007,-1606.4506026855804,0.0,0.0,3110.0,-50.6715,-70950.85149774952
t571,15745.385181987382,1830.0,-0.0,534.0948187055816,-122.2,0.0,0.0,-1449.1780198483766,-39.019999999999996,-16499.081980844585,2157.0945073959933,231.5444022646561,-8.45559773534389,30.38424739746707,-53.1,0.0,0.0,-1007.8004619953504,-17.911,-1331.7560973274228,341.4632,0.0,-0.0,26.91648340460867,-40.300000000000004,0.0,0.0,691.6617414418964,-11.386,-1008.355424846505,3085.359677030716,0.0,-0.0,53.2309304077169,-79.7,0.0,0.0,-981.0346885977292,-79.74457735813047,-1998.1113414825722,1094.9178794115815,0.0,-0.0,4.767600442498485,-9.2,0.0,0.0,-851.0134730917476,-10.8,-228.6720067623322,2117.624390083872,5042.0652130443195,-1382.8141111929845,32.52687835497415,-48.7,0.0,0.0,-4457.340131728097,-69.4125,-1233.9497385620848,611.8790954175694,785.9916108249989,-928.6290298026923,46.828423763778744,-90.2,0.0,0.0,1878.3126614011035,-102.46132700112683,-2201.721434603631,8145.917231534768,0.0,-0.0,215.66261715534898,-57.9,0.0,0.0,101.61319038643364,-20.67674964299636,-8384.616289433554,351.7025999999999,0.0,-0.0,73.46858930046959,-19.7,0.0,0.0,2244.779182031867,-30.871000000000002,-2619.379371332336,16157.673914332241,2995.3487149955617,-0.0,705.6006815479988,-0.0,0.0,0.0,720.0,-19.512,-20559.1113108758,65973.6461553705,3468.665026938096,-0.0,1817.2817410744628,-654.7089695546781,0.0,0.0,3110.0,-50.6715,-73664.2124538284
t572,11160.737117322653,1830.0,-0.0,530.4547537258586,-0.0,0.0,0.0,2972.3490816797057,-31.380538061836177,-16462.16041466638,2276.618007395993,240.0,-0.0,35.744053850778805,-0.0,0.0,0.0,-1190.7805456211058,-13.215107473176985,-1348.3664081524896,486.75964999999997,0.0,-0.0,27.12841707372227,-0.0,0.0,0.0,509.19709552759355,-2.0275860852328025,-1021.057576516083,3427.826337030716,0.0,-0.0,53.64713719564816,-0.0,0.0,0.0,-1429.5975519816545,-29.33779174645746,-2022.5381304982516,946.4934194115813,0.0,-0.0,6.195854495304987,-0.0,0.0,0.0,-717.2215600181721,-4.841245530122662,-230.62646835859144,2140.4385500838725,6424.879324237304,-0.0,32.78302263133543,-0.0,0.0,0.0,-7303.476703830424,-46.01946954145038,-1248.6047235806368,735.733520753792,1714.6206406276913,-0.0,60.71381034887844,-0.0,0.0,0.0,-210.9480010898228,-72.9902993304304,-2227.1296713101087,5057.286409046102,0.0,-0.0,217.35057113486695,-0.0,0.0,0.0,3224.1690293797224,-10.639757796953083,-8488.166251763738,351.7025999999999,0.0,-0.0,74.04478601151827,-0.0,0.0,0.0,2235.984552036836,-12.053775480456961,-2649.678162567897,16625.007440157744,3070.0,-0.0,692.0530997552694,-0.0,0.0,0.0,-18.026121839029155,-0.13249199551686427,-20368.901926078463,64672.59631910704,4691.291330306419,-0.0,2140.9774105996703,-0.0,0.0,0.0,1928.3507257563517,-30.01374103535596,-73403.20204473413
t573,12238.568030249357,1830.0,-0.0,456.2191428476441,-0.0,0.0,0.0,1519.029748376943,-28.601781596355533,-16015.215139877588,2058.2483573959935,240.0,-0.0,30.785201272414103,-0.0,0.0,0.0,-991.3937642559745,-12.723236836508867,-1324.9165575759246,481.84496113348234,0.0,-0.0,23.36422533183561,-0.0,0.0,0.0,500.7032523362395,-2.4424569048901277,-1003.4699818966673,2820.0113770307157,0.0,-0.0,46.20704130945835,-0.0,0.0,0.0,-841.2504116543912,-37.60445237010933,-1987.3635543156734,857.7293794115814,0.0,-0.0,5.333501075905785,-0.0,0.0,0.0,-632.0788033984744,-4.266531922939702,-226.71754516607294,2117.680290083872,6424.879324237304,-0.0,28.23418337259583,-0.0,0.0,0.0,-7297.994571689052,-45.688480451293614,-1227.1107455534273,697.3168954175693,1714.6206406276913,-0.0,52.29464198106039,-0.0,0.0,0.0,-221.8186196870165,-53.39624208891166,-2189.0173162503925,6247.061288161922,0.0,-0.0,187.20497169784267,-0.0,0.0,0.0,1916.6639036615534,-8.319990882083125,-8342.610172639235,351.7025999999999,0.0,-0.0,63.77361004763553,-0.0,0.0,0.0,2218.1392663101724,-28.896810462032235,-2604.7186658957744,17019.80036270245,1792.6230261237788,-0.0,593.7919779005734,-111.42701792882937,0.0,0.0,720.0,-19.512,-19995.276348797972,66278.42553847712,2576.553374241802,-0.0,1884.4652588875833,-1121.2369290795282,0.0,0.0,3110.0,-50.6715,-72677.53574252699
t574,12544.39364178347,1830.0,-0.0,364.5003117579498,-122.2,0.0,0.0,968.2486478079365,-39.019999999999996,-15545.922601349353,1860.5966573959938,240.0,-0.0,19.36952652925107,-49.500719701190086,0.0,0.0,-755.9731427614793,-17.911,-1296.5813214625753,341.4061,0.0,-0.0,19.008552151129827,-40.300000000000004,0.0,0.0,672.268292176284,-11.386,-980.9969443274138,2714.3374170307156,0.0,-0.0,17.203266491239486,-79.7,0.0,0.0,-627.7237005157465,-79.74457735813047,-1944.3724056480776,795.4946894115812,0.0,-0.0,4.342689085157393,-9.2,0.0,0.0,-558.0059873213139,-10.8,-221.8313911754248,2094.9108500838724,6424.879324237304,-0.0,9.229008726663288,-48.7,0.0,0.0,-7210.174910527806,-69.4125,-1200.7317725200335,611.8982954175693,1402.1794495234462,-312.44119110424504,42.5388462966446,-90.2,0.0,0.0,590.5957291984519,-102.46132700112668,-2142.109802330741,7568.267828981924,0.0,-0.0,152.288492142691,-322.9,0.0,0.0,782.9528374241804,-20.67674964299621,-8159.9324089058,351.7025999999999,0.0,-0.0,30.364150717348142,-110.0,0.0,0.0,2307.8122345194934,-30.871000000000002,-2549.0079852368403,17430.849272852472,1490.0,-0.0,498.31140557360595,-814.3665775409099,0.0,0.0,720.0,-19.512,-19305.282100885168,66172.91479234719,725.1328088029577,-0.0,1594.681404423999,-671.0,0.0,0.0,3110.0,-50.6715,-70881.05750557414
t575,13144.507606256366,1830.0,-0.0,298.82132226158706,-122.2,0.0,0.0,-360.0,-39.019999999999996,-14752.108928517951,1715.3827500000002,240.0,-0.0,20.348639868131063,-53.1,0.0,0.0,-656.015846666043,-17.911,-1248.7045432020882,341.37755,0.0,-0.0,7.4533775112435094,-7.2,0.0,0.0,615.5768275773388,-11.386,-945.8217550885821,2671.526117030716,0.0,-0.0,30.54215296966704,-14.3,0.0,0.0,-734.0004393593306,-79.74457735813047,-1874.0232532829211,749.3404494115813,0.0,-0.0,3.5255283583770236,-1.6,0.0,0.0,-526.4524329795705,-10.8,-214.0135447903878,2077.87595,5745.82063626038,-679.0586879769244,18.662490083661567,-8.7,0.0,0.0,-5928.421070902739,-69.4125,-1156.7668174643773,611.9046954175694,785.9916108249989,-928.6290298026923,34.56591230646184,-16.2,0.0,0.0,1679.7359905927701,-102.46132700112685,-2064.9078523379817,8115.114300100852,0.0,-0.0,123.73976093347773,-322.9,0.0,0.0,-34.27215223115377,-20.67674964299638,-7861.005159160179,351.7025999999999,0.0,-0.0,42.15350719899317,-19.7,0.0,0.0,2113.8491239687287,-30.871000000000002,-2457.1342311677213,15983.361524359741,1634.9706645084457,-0.0,375.25175372953487,-395.15276025766525,0.0,0.0,720.0,-19.512,-18298.919182340058,66675.49939753099,0.0,-0.0,1204.8431157939615,-2749.9845758840133,0.0,0.0,3110.0,-50.6715,-68189.68643744093
t576,14618.178577132016,1830.0,-0.0,204.62226365312543,-745.4137870398607,0.0,0.0,-2183.097063744927,-39.019999999999996,-13685.269990000354,1910.0952000000004,240.0,-0.0,14.169345243591835,-0.0,0.0,0.0,-967.9985537711991,-17.911,-1178.354991472393,341.349,0.0,-0.0,10.753385316612663,-33.1,0.0,0.0,584.4654973237546,-11.386,-892.0818826403672,2677.611195262305,0.0,-0.0,21.26889784261205,-65.4,0.0,0.0,-785.2359910116006,-79.74457735813047,-1768.4995247351862,719.1988094115814,0.0,-0.0,2.453231214742026,-0.0,0.0,0.0,-508.565265413491,-10.8,-202.28677521283234,2100.69011,4141.610034307925,-2283.269289929379,12.994757845261994,-40.0,0.0,0.0,-2771.305227842298,-69.4125,-1091.3078843815113,611.9142954175694,785.9916108249989,-928.6290298026923,24.071549965905703,-0.0,0.0,0.0,1557.729208007525,-102.46132700112685,-1948.6163074121796,8167.438725893546,0.0,-0.0,86.16839060528825,-0.0,0.0,0.0,-816.4085365657825,-20.67674964299638,-7416.521830290056,351.7025999999999,0.0,-0.0,29.353447408461978,-90.3,0.0,0.0,2060.415933018018,-30.871000000000002,-2320.30098042648,15982.088778817986,801.5543089546063,-0.0,253.5805305863114,-682.9170855606328,0.0,0.0,720.0,-19.512,-17054.79453279827,59487.0349031987,1440.0,-0.0,834.089768131615,-0.0,0.0,0.0,3110.0,-50.6715,-64820.453171330315
