Resource,NENG_Rest_hydroelectric_pumped_storage_1,NY_Z_A_hydroelectric_pumped_storage_1,NY_Z_F_hydroelectric_pumped_storage_1,PJM_EMAC_hydroelectric_pumped_storage_1,PJM_Rest_hydroelectric_pumped_storage_1,NENG_Rest_battery_moderate_0,NY_Z_A_battery_moderate_0,NY_Z_B_battery_moderate_0,NY_Z_C&E_battery_moderate_0,NY_Z_D_battery_moderate_0,NY_Z_F_battery_moderate_0,NY_Z_G-I_battery_moderate_0,NY_Z_J_battery_moderate_0,NY_Z_K_battery_moderate_0,PJM_EMAC_battery_moderate_0,PJM_Rest_battery_moderate_0,NENG_Rest_conventional_hydroelectric_1,NY_Z_A_conventional_hydroelectric_1,NY_Z_B_conventional_hydroelectric_1,NY_Z_C&E_conventional_hydroelectric_1,NY_Z_D_conventional_hydroelectric_1,NY_Z_F_conventional_hydroelectric_1,PJM_EMAC_conventional_hydroelectric_1,PJM_Rest_conventional_hydroelectric_1,NY_Z_A_res_water_heat_1,NY_Z_B_res_water_heat_1,NY_Z_C&E_res_water_heat_1,NY_Z_D_res_water_heat_1,NY_Z_F_res_water_heat_1,NY_Z_G-I_res_water_heat_1,NY_Z_J_res_water_heat_1,NY_Z_K_res_water_heat_1,PJM_EMAC_res_water_heat_1,PJM_Rest_res_water_heat_1,NENG_Rest_res_water_heat_1,NY_Z_A_trans_light_duty_1,NY_Z_B_trans_light_duty_1,NY_Z_C&E_trans_light_duty_1,NY_Z_D_trans_light_duty_1,NY_Z_F_trans_light_duty_1,NY_Z_G-I_trans_light_duty_1,NY_Z_J_trans_light_duty_1,NY_Z_K_trans_light_duty_1,PJM_EMAC_trans_light_duty_1,PJM_Rest_trans_light_duty_1,NENG_Rest_trans_light_duty_1,Total
Zone,1,2,6,10,11,1,2,3,4,5,6,7,8,9,10,11,1,2,3,4,5,6,10,11,2,3,4,5,6,7,8,9,10,11,1,2,3,4,5,6,7,8,9,10,11,1,0
AnnualSum,1.938088941122642e8,2.3090507522076517e7,1.1065905282488732e8,1.5208119968456432e8,3.9161843292495626e8,0.0,-3.5822042424294684e-11,1.4027414840758555e7,3.859245733193691e7,3.4958992915361146e6,0.0,1.9470405642958336e7,0.0,116114.49388786913,4.9272700852037296e7,2.933288190076082e8,3.9911271019398477e6,1.7787421314462546e7,0.0,334873.19596754794,7.6342095986724105e6,1.5631223494612547e6,3.214831595982987e6,6.441616228159998e6,43417.27181468704,34218.44335001192,69914.4589981429,8813.81239453628,42117.01356559858,82962.97384103014,296819.4824710559,104396.82192734203,894398.9202377128,3.803211004920421e6,729445.981634167,223886.5380970464,182791.17985255274,368313.2577904551,50487.7432440764,226831.0783012164,463055.7695310626,1.5088680740571767e6,618328.7482660637,5.988242552932725e6,1.6472895277521543e7,4.164902545336805e6,1.366907418864204e9
t1,14669.507358051185,1771.3163790272981,7305.970900692842,11051.120092378747,27390.46073903003,-0.0,-0.0,784.2559707669965,1209.7465077727788,492.50036879557734,-0.0,601.7791820533815,-0.0,18.46893399170994,1006.2967413884303,4459.712501741197,691.5528089597315,1864.7790964375506,0.0,29.594583925233447,717.0149345820382,149.11709888367375,402.483406920147,250.2948,9.65561730006199,7.340239682189981,-0.0,-0.0,8.86740364291407,6.921677322266794,58.77118081109158,-0.0,-0.0,-0.0,55.93922728321915,8.742637591286167,6.615653613540371,8.336350052583589,5.106491381145544,8.009194840339342,14.815543569125888,38.06530577188783,14.05875402833475,93.88579929910472,570.1251786543903,-0.0,75781.22866024204
t2,16254.287358051186,1494.18012036679,6462.441871209739,11434.420640536613,27390.46073903003,-0.0,-0.0,784.2559707669965,1209.7465077727788,608.9301730594514,-0.0,601.7791820533815,-0.0,18.46893399170994,3135.9358854564116,14468.292817583844,970.053367171948,1917.8378036979586,0.0,30.36163794392509,471.00375263127404,163.48775944183686,463.5037034600735,436.54554760336896,-0.0,-0.0,4.7137036620699,0.5451221922121654,-0.0,5.33899088254856,-0.0,6.509400295239387,46.59413476578957,205.83109010081955,-0.0,10.622729540483029,8.038340642211152,11.153333459685598,-0.0,9.73156095487204,18.001605429342046,49.481501684880186,17.948273111153092,126.15469162208461,674.977302097234,-0.0,89511.63555226995
t3,16711.58006998396,1702.02012036679,6462.441871209739,12724.760640536613,30588.59873903003,-0.0,-0.0,784.2559707669965,1209.7465077727788,360.22620670422117,-0.0,78.14883191096688,-0.0,18.46893399170994,3885.725300030711,14468.292817583844,-0.0,2174.454150958367,0.0,36.40158196261673,612.62432,155.12153999999998,572.0,634.4282250689125,1.1182328164897755,-0.0,6.391052886804562,-0.0,-0.0,7.238845616686801,-0.0,8.82573970082535,-0.0,-0.0,-0.0,11.477400353675534,4.433926474173642,12.433905668042826,0.14770317744769804,10.514531196487992,19.449956975188407,54.67118905559106,8.094076505409747,141.12985892347928,-0.0,12.351895279340024,93477.57414250789
t4,18296.36006998396,1909.86012036679,7472.804071209739,14015.100640536613,30588.59873903003,-0.0,-0.0,646.8013198170131,1209.7465077727788,733.9258810814442,-0.0,78.14883191096688,-0.0,18.46893399170994,4456.2067055942325,23874.095284030765,278.3976213783588,2230.4347382187752,0.0,37.206615981308374,748.5854917898464,143.69818,572.0,708.3360642561333,2.664346080888799,1.175361614262523,2.3191698965985346,0.26820332137534075,1.4198999366929803,-0.0,-0.0,5.519002596126797,24.032154176235384,-0.0,20.863996076207243,12.535582667189937,5.234665104031018,14.019403664634037,0.33057696652820734,11.48393982598273,1.793228417197227,61.096628304934384,10.283235553334679,-0.0,57.4145815542423,27.596274983093586,108278.82606769002
t5,18827.789935781806,2117.70012036679,8483.166271209739,13803.847376633255,33786.73673903003,-0.0,-0.0,202.05890272542607,1209.7465077727788,431.7065533608774,-0.0,78.14883191096688,-0.0,18.46893399170994,4456.2067055942325,28856.675023889195,-0.0,2085.5360754791836,0.0,32.77674000000002,951.9863435796927,155.12154,362.9912,907.4259960478637,-0.0,1.9480690937162362,6.163010927152717,0.7127291548407906,3.773271996215949,4.3537383101174925,15.597627038949458,5.3081614231462515,41.253461219154616,177.41058044512053,55.53552645151398,1.6015860675152744,5.645864924592081,2.3996918763274175,0.42448734683372724,1.4672248202405047,2.7140971949503836,14.914754448458822,11.40742486320561,10.0864731310483,92.33184048933708,35.44904837378062,117258.58846696976
t6,20412.569935781805,1840.563861706282,8546.682824429794,15005.982966023279,33131.17365219926,-0.0,-0.0,202.05890272542607,1209.7465077727788,453.2426231045406,-0.0,78.14883191096688,-0.0,18.46893399170994,4456.2067055942325,34174.761074890135,-0.0,2144.1950527395916,0.0,32.75775,1222.826875369539,143.83548000000002,572.0,1107.0573306267304,-0.0,5.435713071875975,-0.0,0.7958382232042358,-0.0,-0.0,43.5221858707922,14.811406088467418,118.68280932903937,334.6148622514096,62.90692184226132,3.7290536244044987,2.8218174238362916,5.58732363522352,0.4615767533920806,3.4162135552430497,6.319369397061317,27.83305157661671,-0.0,41.298825047385044,-0.0,39.02207672823108,125463.5383532845
t7,21997.349935781804,1641.599999999999,8458.371501952433,15783.17427251732,33131.17365219926,-0.0,-0.0,202.05890272542607,1209.7465077727788,733.9258810814442,-0.0,78.14883191096688,-0.0,18.46893399170994,4456.2067055942325,34174.761074890135,-0.0,2002.21827,0.0,27.50385,1222.826875369539,155.25884000000005,362.9912,1307.232632671141,11.010903844530587,11.858178023236562,16.516355766795876,2.705892971745256,10.112054551099519,18.707300919534106,67.02045044145403,22.80830082081336,71.76681201846856,1135.377217494723,212.83171761188416,9.269947625170335,7.014675132469501,13.889367834357564,1.4191473609069818,8.492267455273497,15.709139431916176,61.47817806784416,11.462956884134691,152.30783609969214,324.5698075538679,119.69993214345169,129269.04630851155
t8,23582.129935781802,1849.439999999999,9468.733701952433,14062.619999999999,33889.75021725818,-0.0,-0.0,-0.0,-0.0,733.9258810814442,-0.0,-0.0,-0.0,18.46893399170994,7093.5155487149905,34174.761074890135,-0.0,1800.12157,0.0,27.52284,1222.826875369539,143.94532,572.0,125.1474,26.045444318706856,19.799853079016945,39.06816647806028,1.913925502979915,23.919285598812415,44.25067835780297,158.53170955212897,42.374799231203006,331.3,1116.2528762544744,163.8579905674473,19.806299550807342,14.987652848010256,29.676217279984822,3.240026972216733,18.144697239498,33.564366688448686,120.26677529257009,33.26047689136695,361.06548549595186,620.6678820133263,276.7180982022347,132263.6220064553
t9,25166.9099357818,2057.279999999999,10479.095901952433,15352.96,36102.99666767397,-0.0,-0.0,288.6901372975758,-0.0,168.01466471083586,-0.0,401.0264781487848,0.0,18.46893399170994,7093.5155487149905,34174.761074890135,-0.0,1801.3390200000001,0.0,27.541829999999997,1222.826875369539,144.0277,572.0,326.44249341500756,27.98014698105046,21.27062193967611,41.97022047157568,-0.0,25.696053349944293,47.53769869739695,170.307731369353,28.590698424013823,222.29957045534567,2102.772707893796,-0.0,30.445316691440283,23.038318503086526,45.616892291033835,5.261522851037499,27.8911793851114,51.59357358784344,184.8684582320846,57.459548916473786,591.0277835702514,1330.7939741745693,452.6704445980138,140886.98972432988
t10,23695.981009102507,2265.119999999999,11489.458101952432,16643.3,39301.13466767397,-0.0,0.0,883.152126471954,2610.7376320203007,618.9175120425596,-0.0,1843.3444358296551,-0.0,18.46893399170994,7093.5155487149905,35583.32349721543,278.00709290956235,2006.11411,0.0,31.729444035380432,1222.826875369539,158.9404583803505,572.0,528.2698194486983,14.177740845319647,10.777976458941975,21.266611267979464,1.0057050580875122,13.02037424570171,14.23769869739695,86.29614708401189,-0.0,322.6914473781404,1179.263006106773,85.00458362372704,40.99505530005863,31.02142607437323,44.80269841129763,7.178626313033774,-0.0,69.47148633063628,-0.0,80.40895249551657,810.2455014067762,2021.796011403286,-0.0,151698.0023136601
t11,24095.36757520832,2472.959999999999,12499.820301952432,17933.64,42499.27266767397,-0.0,-0.0,1549.653471287527,5221.475264040601,97.34308355451192,-0.0,2631.2526515527725,-0.0,18.46893399170994,7093.5155487149905,40331.24318637994,-0.0,1527.8372430363552,0.0,41.183618070760865,553.2067153695386,196.72739676070097,572.0,730.6385482695251,-0.0,-0.0,-0.0,1.9264120653580759,-0.0,-0.0,-0.0,16.195116893760055,190.11039942926215,1065.060098567385,-0.0,46.05781185220205,34.852471720374375,60.6903828806734,1.0168346997616586,-0.0,87.44075991862009,77.30522892510183,106.74698710857282,465.84475614549547,2788.661038925357,42.06815462505327,165049.58265962062
t12,21982.20360292195,2680.7999999999993,13510.182501952431,17933.64,45697.41066767397,-0.0,-0.0,762.1991414014532,4411.860911745253,538.8036798267955,-0.0,4237.186703238982,-0.0,18.46893399170994,7093.5155487149905,42743.72299358852,277.94343630966165,2127.309623036356,0.0,55.9106821061413,821.1033553695387,211.77745514105143,572.0,376.1138742561333,-0.0,6.457782419460197,-0.0,-0.0,-0.0,-0.0,-0.0,-0.0,-0.0,1202.3595630974853,-0.0,53.78848478588493,46.93954380530974,60.534427976149956,3.777296838893238,-0.0,87.26437195269772,174.29661224080263,33.04514385970134,768.5808574657931,3022.475639644622,-0.0,171511.67283536174
t13,22062.160517550383,2888.6399999999994,14520.54470195243,19223.98,47647.086,-0.0,-0.0,1428.700486217026,7022.5985437655545,165.15143114193467,-0.0,4237.186703238982,-0.0,18.46893399170994,7093.5155487149905,42743.72299358852,-0.0,2930.096153036356,0.0,55.91068210614131,1021.9651153695388,249.7016935214019,572.0,579.6834580769602,-0.0,5.277244031320046,-0.0,1.2042033360059168,-0.0,-0.0,42.25336999573701,14.37960454171771,113.96286157635733,1144.5796429831353,-0.0,12.771406932832942,44.17707101334801,88.37763179699655,6.9887749951611,-0.0,118.75556552386801,76.77661492113634,71.48934353618944,1115.851791839096,613.6151921844119,272.88419590097703,178204.4574773802
t14,23610.660000000003,3096.4799999999996,15530.90690195243,20514.32,47647.086,-0.0,-0.0,2095.2018310325993,9633.336175785857,733.9258810814442,-0.0,2339.8166043658616,-0.0,18.46893399170994,10176.277249454577,42743.72299358852,-0.0,2930.096153036356,0.0,42.097984035380435,1155.8729553695389,211.64015514105145,572.0,783.7944446849234,-0.0,5.277244031320046,-0.0,2.3478995373142473,-0.0,-0.0,42.25336999573701,28.20179592357057,223.02587924178516,1009.0837002286262,99.4347024626997,31.93150501908522,44.17707101334801,13.819962885360631,-0.0,17.55270730720427,64.45840896730337,56.007218009093094,111.12760014751336,1150.0,1743.3409423604098,577.7403070061362,189055.48457765675
t15,25195.440000000002,3304.3199999999997,16541.26910195243,21804.66,50845.224,-0.0,-0.0,2761.7031758481726,9633.336175785857,733.9258810814442,-0.0,3353.717843584697,-0.0,18.46893399170994,10676.414016816345,50934.827323170546,277.7980617425371,2729.2169030363552,0.0,51.62178807076087,1222.826875369539,249.70169352140192,572.0,988.4841167523048,6.75171285619151,5.132679671288443,-0.0,2.314911696770123,-0.0,11.471022352611083,41.09588488487996,13.985690916396699,109.06301766542784,986.5472348828221,-0.0,53.494661707686404,-0.0,46.12851812516073,3.7265186894730244,28.203998764096035,101.0,186.94188924407243,155.7372850418846,-0.0,3014.8830678579534,919.349831864456,207580.78381694524
t16,26780.22,3512.16,17551.63130195243,23095.0,54043.362,-0.0,-0.0,3064.1976392001634,9633.336175785857,733.9258810814442,-0.0,4237.186703238982,-0.0,18.46893399170994,10676.414016816345,59554.47200226505,-0.0,2930.0961530363556,0.0,55.91068210614131,1222.826875369539,249.7016935214019,524.5240000000001,1182.6149006114165,-0.0,9.418038131557491,-0.0,2.1490825266641256,-0.0,-0.0,-0.0,25.662573700753974,95.22669988688156,906.8520893983622,83.88666387079004,22.70787917398451,17.18331125413928,-0.0,8.705984124084946,-0.0,-0.0,-0.0,215.345837283404,401.56961050107645,1223.4240159870083,398.55089450468256,222476.73163932023
t17,28365.0,3720.0,18083.8,23095.0,57241.5,-0.0,-0.0,3064.1976392001634,9633.336175785857,533.332054008989,-0.0,4237.186703238982,-0.0,18.46893399170994,10676.414016816345,59554.47200226505,277.6346258080891,2930.096153036356,0.0,54.96466614152175,1155.8729553695393,249.70169352140192,572.0,1307.232632671141,-0.0,-0.0,9.730721029333338,2.1031885107851007,5.957584303673473,11.021530961795927,24.763648906676504,-0.0,-0.0,-0.0,179.44125404090366,-0.0,-0.0,-0.0,10.397535827052273,-0.0,-0.0,-0.0,92.045837283404,-0.0,-0.0,-0.0,225105.67155271876
t18,26251.836027713627,3442.8637413394918,16736.571362586605,21374.44572748268,52977.06581986143,-0.0,-0.0,3064.1976392001634,8712.069309146904,419.24390075553,-0.0,4237.186703238982,-0.0,18.46893399170994,9110.471003970531,54861.999600961084,-0.0,2772.2941737659894,0.0,51.91193127179932,1021.9651153695394,233.64015492574043,572.0,1307.232632671141,4.402328475507906,5.507193716379213,-0.0,2.3819965558035276,12.746447538943006,23.580927947044557,44.094510762687264,-0.0,137.55900232344595,594.9592662167237,207.28424819948575,44.001723083370614,33.29660589026871,65.92875623062073,7.701860453876391,40.31030336161134,38.14109377534669,-0.0,-0.0,934.9434151444872,2803.887471378211,-0.0,212166.19092930676
t19,24507.517943622726,3165.7274826789835,15389.34272517321,19653.891454965356,48712.631639722866,-0.0,-0.0,2276.7433093140894,7273.872765599295,288.5236370768325,-0.0,2339.8166043658616,-0.0,18.46893399170994,9110.471003970531,45591.432508655314,-0.0,2818.0498344956222,0.0,54.12575640207689,828.6326353695393,240.45279633007894,524.524,1182.754151928415,-0.0,14.9,18.53345669385578,3.4,-0.0,-0.0,-0.0,14.016671367822575,349.4441691314404,475.5067374708542,184.79314810344525,-0.0,-0.0,-0.0,3.8122241579746983,19.691454647414027,-0.0,-0.0,-0.0,1352.0138486720605,5087.985176441137,-0.0,191501.07607034853
t20,22394.353971336353,2888.5912240184753,14042.114087759815,17933.337182448035,44448.1974595843,-0.0,-0.0,1489.2889794280154,4189.35287899686,422.12740821645446,-0.0,2339.8166043658616,-0.0,18.46893399170994,7379.474833950347,41569.939887495755,137.91564281726062,2930.0961530363566,0.0,55.9106821061413,690.6474635796928,249.70169352140192,491.5578358772115,1023.8458151745294,-0.0,-0.0,-0.0,1.172518780044605,-0.0,-0.0,-0.0,-0.0,232.99830899231327,-0.0,184.79314810344525,-0.0,-0.0,-0.0,7.4470284735188415,-0.0,-0.0,-0.0,-0.0,1754.4141220333106,6416.463874802802,331.4116449027521,173623.43938379275
t21,20281.18999904998,2611.454965357967,12694.88545034642,16212.782909930713,40183.76327944573,-0.0,-0.0,1489.2889794280154,3392.5654426148208,241.60210958895587,-0.0,601.7791820533815,-0.0,18.46893399170994,4679.230138027897,32886.48697683409,415.32317609100113,2841.2632215770914,0.0,52.46069781020573,620.1019717898464,236.24117071272488,506.06767175442303,740.3311843318231,-0.0,-0.0,-0.0,3.3717640646724982,-0.0,-0.0,-0.0,-0.0,-0.0,-0.0,187.04949702181997,-0.0,-0.0,-0.0,-0.0,-0.0,-0.0,-0.0,-0.0,2065.166541723692,7395.502380991851,590.9384593167972,150947.3161038556
t22,18168.026026763608,2334.3187066974588,11347.656812933026,14492.228637413391,35919.329099307164,-0.0,-0.0,1489.2889794280154,2361.359099038878,-0.0,-0.0,601.7791820533815,-0.0,18.46893399170994,2603.573147388381,18056.450672523984,692.7094904981082,2551.794530117826,0.0,43.77580351427015,616.99616,200.04376790404783,473.10150763163455,582.505356276253,-0.0,-0.0,-0.0,1.8487040497956884,-0.0,-0.0,-0.0,-0.0,174.84519996883043,776.5271488753126,346.3339549445684,-0.0,-0.0,-0.0,2.170560232769287,-0.0,-0.0,-0.0,-0.0,1671.389950016152,5329.5793156988,787.9032282976347,121644.00397556504
t23,16850.921790573157,2057.1824480369505,10000.428175519632,12771.67436489607,31654.894919168597,-0.0,-0.0,1064.8861130255248,1882.1593752890528,57.41994052701209,-0.0,601.7791820533815,-0.0,18.46893399170994,1662.6153124957198,8048.411064164429,970.053367171948,2105.633243411884,0.0,33.18864900951343,621.3084707798552,161.12038395202384,392.65934350884606,550.4081783585084,-0.0,-0.0,-0.0,-0.0,-0.0,-0.0,-0.0,-0.0,139.42673811028263,626.1292494350678,177.30848737071557,-0.0,-0.0,-0.0,3.595599314195082,-0.0,-0.0,-0.0,-0.0,1818.418993086183,5812.70365077492,891.35947933441,100974.15545335958
t24,15056.008182932794,2048.452637687806,8653.199538106237,11051.120092378747,27390.46073903003,-0.0,-0.0,784.2559707669965,1882.1593752890528,190.13520544552966,-0.0,601.7791820533815,0.0,18.46893399170994,-0.0,-0.0,650.569938902274,1863.029596705942,0.0,27.868054504756714,692.9795015597103,138.32858395202385,359.6931793860577,498.72411112267366,5.581597014283335,4.24315283228682,8.372395521425,0.9682362167634355,5.125956441688776,-0.0,33.973700194081715,11.561879529586905,225.74271662626018,1030.1437238296007,-0.0,5.617932108426109,4.251153323658012,3.65453462272783,4.566483554409661,5.146629079195731,9.520321190453641,19.09163271405134,11.622332700821127,1191.342245460824,3857.3947094482487,-0.0,78345.15415622451
t25,13730.016049714806,1819.679889185784,8653.199538106237,14336.22960195723,57241.5,-0.0,-0.0,666.501344815573,-0.0,333.2787025093299,-0.0,1025.3185998665633,-0.0,15.632105730583293,39.77727902198327,34187.888131749896,797.7388193875186,2244.4057840340947,0.0,36.43025157001004,859.0832863303353,168.72277872813004,414.8603984789194,513.3918770736615,10.247470912870922,-0.0,-0.0,1.7776225052939354,-0.0,-0.0,-0.0,-0.0,-0.0,287.97008153658686,18.35169136710357,7.368428055712116,22.609224137997707,25.671817040767507,3.029565442325917,27.371699289017187,12.486765664881275,36.21427714710581,35.446081087644245,801.3840663305061,2583.2821733825485,481.1739213710237,141438.03932353202
t26,14965.366992701156,2027.519889185784,9174.089275164823,14336.22960195723,57241.5,-0.0,-0.0,1333.002689631146,-0.0,671.3982905077281,-0.0,2631.2526515527725,-0.0,15.632105730583293,393.48044916602,34024.763612458344,1067.6,2328.695842017047,0.0,46.938051570010046,971.6403666472856,186.16650462411147,458.34927349614,558.2309844633237,-0.0,2.372467824134699,4.681245236883231,-0.0,2.8660685123774887,5.302226747898354,18.995665195924136,6.464576755695891,50.25115458209219,511.4642375200814,59.44863465725566,9.108601853623856,23.926033505209443,28.27915798294064,-0.0,28.96588535220479,15.435717906308891,46.78086938643902,39.04613862594152,-0.0,1768.745629739989,507.6256924967857,145561.61658475528
t27,16357.983888140656,2027.519889185784,9401.66745427027,14336.22960195723,57241.5,-0.0,-0.0,1999.504034446719,-0.0,608.8203376149107,-0.0,2631.2526515527725,-0.0,15.632105730583293,1671.9426028146931,34238.532916875614,797.7388193875186,2210.8892,0.0,55.872571177507524,1151.394246964236,180.8184305200929,538.91263674807,728.217491852986,1.1154808467233883,-0.0,-0.0,0.193501779533649,-0.0,-0.0,-0.0,-0.0,-0.0,314.59048731765375,-0.0,9.903021926862264,8.507197995591973,29.469455173212282,0.13729071735495993,-0.0,16.781966688139082,51.604705368066206,40.68962847544313,14.619982720426904,1116.5911376415477,-0.0,147798.6327358902
t28,17942.763888140656,2235.359889185784,9777.728684255011,14336.22960195723,57241.5,-0.0,0.0,1999.504034446719,1778.6672661274638,404.4308885336074,-0.0,2631.2526515527725,-0.0,15.632105730583293,3130.1618245543114,34714.36844292089,1067.6,2008.7925,0.0,59.55319078500501,1263.9513272811864,198.26215641607433,572.0,1012.6908703598772,1.5452831133524099,1.1747305300485154,2.317924670028614,0.26805931558154045,1.4191375530787433,2.6254044731956756,9.405728337905227,3.200943591944277,25.608620194874604,203.1461345965049,20.391105940685595,-0.0,9.25303175212741,-0.0,0.3076252559872213,0.9029384280894633,-0.0,-0.0,-0.0,33.074926235734694,-0.0,15.024380574538984,152720.11529681084
t29,19527.543888140655,2235.359889185784,9777.728684255011,14336.22960195723,57241.5,0.0,-0.0,1999.504034446719,2945.0141858528837,278.8845616924891,-0.0,2631.2526515527725,-0.0,15.632105730583293,4358.554860139128,35362.648719355326,527.8776387750372,2008.7925,0.0,57.97991039250249,1309.3116075981366,192.91408231205577,572.0,1172.0168488667682,4.113682547860794,3.127238263424787,3.852599151762575,0.7135979929962601,3.777871727627259,4.363658222914754,25.03889428366289,5.320255971481652,69.19156456558244,-0.0,54.39370614725364,0.5076831269605511,0.384169614528874,0.7606728731137115,0.3076252559872213,1.3680306886942635,0.8603355003861688,3.0827269068292513,1.0502907643328179,42.798506775550074,-0.0,22.792127824351205,156798.55100845842
t30,21112.323888140654,2235.359889185784,10788.09088425501,14336.22960195723,57241.5,-0.0,-0.0,1999.504034446719,2945.0141858528837,385.1469727308117,-0.0,2631.2526515527725,-0.0,15.632105730583293,4593.392708009813,35362.648719355326,797.7388193875186,2210.8892,0.0,51.15272999999997,1309.3116075981366,210.3578082080372,561.44088,1206.1954273736594,4.554653641445146,3.462466288649627,10.684579613930294,0.7900929786180355,4.182845180919012,12.101921807614927,-0.0,14.75489565733231,-0.0,278.04905580347634,61.11444914618578,2.4760939103805475,1.8736885127208514,3.709986345586961,-0.0,3.171306339277012,4.196065183698579,15.03520782158926,5.122523140099354,49.45764542941701,122.78533272164407,-0.0,160590.70492330755
t31,22697.103888140653,2443.1998891857843,11403.008427853787,14336.22960195723,57241.5,-0.0,-0.0,1999.504034446719,3907.285040216802,660.423944022009,-0.0,2631.2526515527725,-0.0,15.632105730583293,3052.7664488133323,26049.711130645454,1067.6,2311.9375499999996,0.0,45.89882999999997,1309.3116075981366,205.00973410401863,503.40576,1115.2266058805506,15.269278825834228,11.607768086986223,16.071937776583617,2.6487524493794066,14.0228070849498,18.203929522456953,65.21708084171517,22.194580739091663,204.1696341735796,151.50667649513116,209.0155545361588,7.501325155899792,5.676338331058401,11.239401617816297,0.8684543931014801,6.872019354230346,12.711977193722802,45.549153924834464,15.518681069168528,157.3526696635019,459.6582336499714,80.16877354468795,154529.05227857767
t32,23262.336239697,2651.0398891857844,12413.370627853787,14336.22960195723,57241.5,-0.0,-0.0,1999.504034446719,3907.285040216802,733.9258810814442,-0.0,2631.2526515527725,-0.0,18.46893399170994,397.1700623573542,14716.587872724935,1067.6,2210.8892,0.0,35.39103,1309.3116075981366,176.86986000000002,397.89464,899.1103843874417,26.413675981922093,20.079784292379546,39.620513972883124,2.7233047301842976,24.257457534418243,44.87629643867375,114.96366884100986,54.714043105410035,493.8983085295765,1411.4,-0.0,17.755163691945143,13.435534941388017,26.602954994810418,2.6405103817133444,16.265636536580615,30.088448538363412,107.81197550528432,36.73173965128919,371.47111902510017,1114.5183348858025,118.08051163069513,144494.08654026053
t33,22268.430068457586,2858.8798891857846,13423.732827853786,14336.22960195723,57241.5,-0.0,-0.0,1999.504034446719,3907.285040216802,733.9258810814442,-0.0,2631.2526515527725,-0.0,18.46893399170994,-0.0,11437.325231753346,1067.6,2008.7925,0.0,30.13713,1309.3116075981366,154.07806000000002,339.85952,648.8155843874424,30.37664498354018,23.092449502793297,45.564967475310254,5.269418007348806,27.896918862434852,51.609299895504485,184.89457890491542,62.923050323047505,538.1066137239152,1094.4136524615117,175.71829831143003,30.115718881388446,22.78890807970837,45.123048592415905,3.93458644425124,27.589232398050488,51.03502696342673,182.8670916640013,62.30315667911401,608.9198005545262,1853.131085933394,322.2247610653254,141865.02687219012
t34,20660.66963918473,2858.8798891857846,14390.739411879851,15352.96,57241.5,-0.0,-0.0,1999.504034446719,3907.285040216802,733.9258810814442,-0.0,2631.2526515527725,-0.0,18.46893399170994,-0.0,5087.213993350945,1067.6,2008.7925,0.0,30.13713,1309.3116075981366,154.07806000000002,329.30039999999997,523.6681843874424,21.487893054305566,13.369666499611977,32.231839581458345,3.7274916522774957,19.73377933558674,36.50749177083548,130.79110415197215,44.510635612490105,360.7099770030338,1626.1204011148184,130.53372467026668,41.75302112991761,31.594987465759807,62.55947629029601,3.392957763335616,38.250250900897676,41.52784558822543,253.53050917646274,86.37831384763157,826.7543609519848,2557.7724954053238,521.5482725317063,137190.0738523745
t35,20716.985900443888,3066.7198891857847,15267.160925155064,16643.3,57241.5,-0.0,-0.0,1999.504034446719,3907.285040216802,733.9258810814442,-0.0,2631.2526515527725,-0.0,18.46893399170994,923.9613303523429,6008.943652349029,1067.6,2008.7925,0.0,32.994559617298876,1242.1148075981364,176.86986000000002,366.21727999999996,523.6681843874425,9.905424413936847,5.330049921614098,14.858136620905272,2.7468349948987063,10.021490852099367,18.539758076383844,66.42021436974751,22.60402936640192,173.79935525117156,745.6712960480027,-0.0,53.480583466198,40.46936769002567,80.1311426767027,5.7598792924113535,48.9939573364834,64.73746446557004,324.74199926874246,100.2440424296928,998.6448604692575,2872.1269647668814,627.1542749335199,140863.6465570891
t36,22301.765900443886,3274.559889185785,16277.523125155063,17933.64,57241.5,-0.0,-0.0,2465.7270656238397,3907.285040216802,733.9258810814442,-0.0,2631.2526515527725,-0.0,18.46893399170994,923.9613303523429,13486.324559220968,797.7388193875186,2117.0056822282836,0.0,41.105889234597754,1191.3926977247997,196.41588800000002,325.69612420050737,648.8155843874426,-0.0,-0.0,-0.0,-0.0,-0.0,31.803152377788308,113.93741977988424,15.301235387058316,-0.0,-0.0,-0.0,55.191074527066874,32.41034265313462,73.61320310354837,8.695994672899017,39.237354963661865,83.25793408128094,121.07482928225838,135.39190907184124,991.4409565840206,3680.9551975973245,907.9569460627615,152804.3726121323
t37,23610.660000000003,3482.399889185785,16277.523125155063,19223.98,57241.5,-0.0,-0.0,3064.1976392001634,5730.479797237042,733.9258810814442,-0.0,2631.2526515527725,-0.0,18.46893399170994,4006.7230310919294,22727.811743067337,1067.6,2427.3155644565672,0.0,49.28136692594832,1207.8673878514633,193.170116,457.56500420050736,808.1415628943338,7.864509021318765,5.9786318580433475,-0.0,1.364251564922643,-0.0,13.361640327036469,106.87748947248278,16.290768687017444,-0.0,-0.0,-0.0,66.17185922084248,47.25818559773032,103.01259057477665,12.086965456254575,57.21279232009036,116.50920098602961,240.21971534986773,52.68479233278691,1352.7875275458962,1259.877736768428,1234.8107688716427,169654.23311984725
t38,25195.440000000002,3482.399889185785,17022.96843621408,20514.32,57241.5,-0.0,-0.0,3064.1976392001634,5730.479797237042,733.9258810814442,0.0,4237.186703238982,-0.0,18.46893399170994,7089.484731831516,36755.95679225819,-0.0,2535.52874668485,0.0,52.20294461729888,1167.4303227759297,212.71614399999999,572.0,1092.614941401225,7.864509021318765,-0.0,-0.0,2.6631888360863925,6.8767267296904375,26.083584776963775,47.86917991037363,31.801607866208098,-0.0,516.8375817101576,-0.0,6.571859220842473,62.42199006780759,43.737595878056055,1.7869654562545743,75.57074629051651,49.468053568686024,-0.0,60.390207970485,277.0643490737243,1259.877736768428,592.3211128267685,189788.02889969057
t39,26780.22,3690.239889185785,17022.96843621408,21804.66,57241.5,-0.0,-0.0,3064.1976392001634,8341.217429257342,733.9258810814442,-0.0,4237.186703238982,-0.0,18.46893399170994,10172.246432571103,51336.99930686606,269.8611806124813,2845.8386289131336,0.0,60.378422308649434,1139.8229627759297,255.05397200000004,572.0,1251.940919908116,7.599001278760925,-0.0,-0.0,1.2989372711637495,12.13774777266829,-0.0,-0.0,-0.0,-0.0,-0.0,-0.0,29.19104943261076,22.089200157898407,43.737595878056055,-0.0,26.742135889606498,49.468053568686024,-0.0,60.390207970485,-0.0,1840.6903022631777,467.58563891734195,213399.65660852546
t40,28365.0,3720.0,17598.337554198944,23095.0,57241.5,-0.0,-0.0,3064.1976392001634,9633.336175785857,733.9258810814442,-0.0,4237.186703238982,-0.0,18.46893399170994,10676.414016816345,59444.80720206264,539.7223612249626,3047.935328913133,0.0,63.3,1045.0188027759298,274.6,572.0,1442.444159954058,-0.0,-0.0,-0.0,1.107314309607101,-0.0,-0.0,-0.0,-0.0,-0.0,-0.0,-0.0,-0.0,-0.0,-0.0,-0.0,-0.0,-0.0,-0.0,-0.0,-0.0,-0.0,-0.0,224814.3020735538
t41,28365.0,3720.0,18083.8,23095.0,57241.5,-0.0,-0.0,3064.1976392001634,9633.336175785857,583.978346651029,-0.0,4237.186703238982,-0.0,18.46893399170994,10676.414016816345,59554.47200226505,809.5835418374438,3047.935328913133,0.0,63.3,883.0178427759299,274.6,572.0,1507.8,-0.0,-0.0,-0.0,2.3846762459059145,-0.0,-0.0,-0.0,-0.0,122.95712579584894,-0.0,105.80798670117763,-0.0,-0.0,-0.0,6.745063217328977,-0.0,-0.0,-0.0,-0.0,394.1322038189805,-0.0,645.7479006357453,226709.3654878906
t42,27235.349696121833,3442.8637413394918,16736.571362586605,21374.44572748268,57241.5,-0.0,-0.0,2858.673414475007,9633.336175785857,583.978346651029,-0.0,4237.186703238982,-0.0,18.46893399170994,8297.046242820665,56076.242195619845,1067.6,3047.935328913133,0.0,63.3,765.701418834241,274.6,531.115932140397,1460.924246987387,-0.0,-0.0,-0.0,2.723441360379646,-0.0,-0.0,-0.0,-0.0,265.96126699518925,602.9994731378044,-0.0,-0.0,-0.0,-0.0,10.3,-0.0,-0.0,-0.0,-0.0,1299.7473358216039,2652.6105000712214,1407.9647553976622,221189.14623977273
t43,25329.7469496729,3165.7274826789835,15389.34272517321,19653.891454965356,57241.5,-0.0,-0.0,2071.219084588933,6576.216300248352,263.63992846096426,-0.0,4237.186703238982,-0.0,18.46893399170994,5785.792191782615,49796.361875868475,1067.6,3047.935328913133,0.0,62.75350999999999,715.5817948925522,274.6,537.7078642807942,1288.901093974774,-0.0,-0.0,-0.0,1.0240003173058971,-0.0,-0.0,-0.0,-0.0,218.31302279114516,907.8782087660941,192.73864192726882,-0.0,-0.0,-0.0,12.056162607194462,-0.0,-0.0,-0.0,-0.0,1601.029761884091,4812.068786296797,1050.5557433716585,205319.83755069328
t44,23216.582977386526,2888.5912240184753,14042.114087759815,17933.337182448035,57241.5,-0.0,-0.0,1283.7647547028591,3491.696413645918,-0.0,-0.0,4203.748775104446,-0.0,18.46893399170994,5228.742869556148,45108.93599104954,1067.6,2856.0663925693507,0.0,56.95311999999999,653.2466384857706,259.92263,496.8237964211913,991.7305409621612,-0.0,-0.0,-0.0,-0.0,-0.0,-0.0,-0.0,-0.0,271.52122939154003,1846.291412554504,389.6740836662369,20.921551870421098,15.831577002617303,31.347224530681267,5.371799927082671,19.166388122902546,35.45430769987467,127.0387520453925,43.2823380138074,1980.914999420925,6064.169415064264,710.1225153037552,192600.93392271598
t45,21103.419005100153,2611.454965357967,12694.88545034642,17777.33814699187,57241.5,-0.0,-0.0,496.31042481678554,582.7999981522303,-0.0,-0.0,4203.748775104446,-0.0,18.46893399170994,2595.1884430916634,43163.59913361279,841.2682455473828,2628.5557884672426,0.0,45.89882999999999,647.5990400000001,222.45346,503.41572856158837,769.4613646459643,-0.0,-0.0,-0.0,-0.0,-0.0,-0.0,-0.0,-0.0,151.17293959276668,1349.298296252909,173.00542900347045,37.09016289773732,28.066549441073036,55.57301252966346,8.166039752273228,33.9785720506117,62.8541351119374,225.21694551495193,76.73183029011764,2272.0108820784153,6984.43545828363,-0.0,179604.96598658778
t46,18990.25503281378,2334.3187066974588,11347.656812933026,16056.78387447455,57241.5,-0.0,-0.0,496.31042481678554,391.65287726397133,84.89564776837832,-0.0,2906.7479523025104,-0.0,-0.0,1476.7617483225797,34187.888131749896,998.7395227736913,2219.871325644828,0.0,35.39103,647.5990400000001,176.86986000000002,462.53166070198546,672.3395883297675,-0.0,8.955412431773313,-0.0,2.043516930740219,10.818619045095277,-0.0,23.776291837991266,24.40199629060379,-0.0,1705.8201833985581,-0.0,49.83471813824579,37.71049979924304,74.668461908479,10.3685383928309,45.653953193762085,84.45145187857088,302.6037666817307,103.09766353096822,2493.6053399850825,5035.994813569383,208.5322121612667,160950.4506757675
t47,16877.091060527408,2057.1824480369505,10000.428175519632,14336.229601957228,57241.5,-0.0,-0.0,496.31042481678554,391.65287726397133,111.1387435802335,-0.0,1384.6567633194961,-0.0,-0.0,-0.0,34187.888131749896,1067.6,2013.2835628224145,0.0,30.13713,647.5990400000001,154.07806000000002,374.17159284238255,592.0312957194297,9.804713457463022,7.453583189601991,14.70707018619453,3.4,9.004328685425223,16.65800806803666,83.45498140305955,20.309763590459113,144.52187958134203,939.5810383318375,137.71542267065186,58.260693755303905,44.086531683963194,87.29328779108454,11.824705319939937,53.373051661738145,98.73037029002843,353.76753473228996,120.52925402733175,1729.2742588602528,5503.253663915902,344.65644652637434,151754.6394958841
t48,14763.927088241035,1780.0461893764425,8653.199538106237,14336.22960195723,57241.5,-0.0,-0.0,-0.0,-0.0,-0.0,-0.0,-0.0,-0.0,-0.0,-0.0,34187.888131749896,298.9515159447999,1811.1868628224145,0.0,24.883229999999998,577.8631713114697,131.28626000000003,333.2875249827794,636.8704031090919,15.996848619096598,12.160869613496903,23.995272928644894,1.0741458953854162,14.690983425700956,27.178319337546768,97.36857348256245,33.13632928241438,234.73651228039262,-0.0,223.3639840594273,64.06954133321226,48.4821529216086,95.99681276939353,2.5285833409542966,58.69457981196962,108.57422272910131,389.03971490754213,132.54655111384346,1130.0127718639937,3478.965115494222,437.07454239380877,141406.80594520568
t49,21498.239861431877,2119.941991024257,7602.752002079392,12771.67436489607,33924.161748335246,-0.0,-0.0,1255.38755106031,3125.1018881257714,352.76053641598645,-0.0,2187.340657408468,-0.0,18.46893399170994,2829.1467259182205,10741.576972127395,262.0541491647777,2196.7860508172453,0.0,35.465661302152874,658.5671382342041,172.07434179952972,351.5175939886167,701.7268190783102,-0.0,-0.0,-0.0,2.1704870654600223,-0.0,-0.0,-0.0,-0.0,-0.0,909.3266343304979,-0.0,20.21837353708898,15.29947393494485,58.663010481574716,15.814531523042007,29.398613865063545,-0.0,-0.0,80.99831122483945,236.17400822867938,5795.015550338849,205.1478109959536,110172.97179272556
t50,19385.075889145504,2167.050526987368,8022.376126746973,12771.67436489607,33924.161748335246,-0.0,-0.0,1255.38755106031,3125.1018881257714,626.8478830585007,-0.0,2187.340657408468,-0.0,18.46893399170994,2829.1467259182205,10741.576972127395,-0.0,2454.929155249658,0.0,42.986206529539196,913.4889240246946,195.70922248273317,428.0938322577673,731.0013526321231,3.3337881483984173,2.5343593577110415,5.000682222597625,-0.0,3.0616421771005866,5.664038027636085,20.291883984894444,6.905704021682435,54.34432169347048,638.3863394961763,48.05760750526217,23.005965964467677,17.408876929488123,62.839721954140444,5.996279878780271,31.95234786732658,4.723940187336381,16.926672809871647,86.76525998819169,287.9450907510686,4145.952881054765,249.666524169054,107541.18188916746
t51,17271.91191685913,2374.890526987368,6675.147489333578,12447.041323474845,33924.161748335246,-0.0,-0.0,1255.38755106031,2052.2410115353473,733.9258810814442,-0.0,2187.340657408468,-0.0,18.46893399170994,2829.1467259182205,10741.576972127395,-0.0,2510.975559682071,0.0,45.252851756925516,913.4889240246946,196.55230316593662,457.1940705269179,885.423286185936,-0.0,-0.0,-0.0,0.24468762717876277,-0.0,-0.0,-0.0,-0.0,-0.0,-0.0,-0.0,25.26929193885432,19.121561517488754,66.23091338891774,0.8728936164124672,34.025797501580115,8.559442258025154,30.66992230870597,-0.0,330.4499484785082,2700.5101567783904,-0.0,100736.08234886959
t52,18856.69191685913,2097.75426832686,7685.509689333578,12447.041323474845,33924.161748335246,-0.0,-0.0,1255.38755106031,2052.2410115353473,504.4823885752586,-0.0,2187.340657408468,-0.0,18.46893399170994,2829.1467259182205,10741.576972127395,-0.0,2412.9858999999997,0.0,42.265596984311834,707.5525500617362,174.60358384914008,457.19407052691787,964.1452449830936,1.5666127551813243,1.1909454108266189,2.349919132771986,-0.0,1.4387259996563182,2.661643099364188,9.535556208833263,3.245126421447029,26.350533505780618,116.77926688611456,22.769500606627243,1.5640669495245625,1.1835473057643924,2.3434761508815996,1.14319377715245,1.4328532792624316,11.209958397320133,40.167167762278766,3.235729108664067,360.3505066737886,894.2953031131356,25.19711730791908,100888.56088320386
t53,20441.47191685913,1937.0278793376642,6338.281051920183,11810.049589173397,33924.161748335246,-0.0,-0.0,1255.38755106031,2052.2410115353473,733.9258810814442,-0.0,2187.340657408468,-0.0,18.46893399170994,2829.1467259182205,10741.576972127395,-0.0,2210.8891999999996,0.0,44.48738023823387,843.394808049389,160.1644758994267,457.19407052691787,917.719803780251,-0.0,-0.0,-0.0,0.20001441643218112,-0.0,-0.0,-0.0,-0.0,-0.0,-0.0,39.594826173555276,1.8539272270479548,1.4028878848970265,2.7777802244191654,1.14319377715245,1.6983964194097003,11.701164572317827,41.92724216556259,3.8353897163592734,35.54866924048372,125.83717426034707,29.89044004828151,99200.34076336901
t54,18328.307944572756,1659.8916206771562,7348.643251920183,11481.939999999999,33924.161748335246,-0.0,-0.0,1255.38755106031,-0.0,733.9258810814442,-0.0,2187.340657408468,-0.0,18.46893399170994,2829.1467259182205,9984.379772383052,-0.0,2210.8892,0.0,41.45526349215591,912.0402660370418,168.5171679497134,430.38818035127855,746.1469625774084,-0.0,-0.0,2.077323759243882,-0.0,-0.0,2.7907488133780576,9.99808809117124,3.402534589283758,29.008756537825132,130.05137364702867,-0.0,2.7138449420602573,2.053597430988551,4.066213981979544,1.2918037178341064,2.4861733865182862,4.598965421947749,16.47886719012763,5.614380559664926,52.78979985237155,178.79833772335644,44.030513086167794,94753.28245048708
t55,16215.143972286382,1867.7316206771561,8359.005451920182,11481.939999999999,33924.161748335246,-0.0,0.0,776.6685220355654,-0.0,733.9258810814442,-0.0,2187.340657408468,-0.0,18.46893399170994,1794.0346476500586,6094.538152861231,-0.0,2008.7925,0.0,33.16924674607796,913.4889240246946,154.07806000000002,356.1062901756393,648.8155843874424,4.23372487628445,3.2184949314611373,8.427911073670556,0.7344216622126085,3.888114682302045,7.193012162258784,35.767648179984235,8.769858672303503,76.76978137881288,333.85304320194837,63.53177677573989,4.460952562161038,3.375653700561457,6.683944023506385,1.1119883904018486,4.086711575402559,7.55966793252122,27.08756262157851,9.228782733464023,88.77075945499351,290.54325654068515,73.12859114712568,88629.83585186067
t56,17799.923972286382,2075.5716206771563,8990.540200000003,11481.939999999999,33924.161748335246,-0.0,-0.0,-0.0,-0.0,733.9258810814442,-0.0,289.9705585353474,-0.0,18.46893399170994,-0.0,1326.1567643305527,-0.0,2008.7925,0.0,30.13713,847.7407820123474,154.07806000000002,329.30039999999997,523.6681843874425,13.60727405072124,10.34430527325237,20.410911076081856,1.6260238363818922,12.496476169029709,23.11848091270496,82.82386705362468,28.186496247922562,247.33475842138841,1084.6670698562984,207.14230616407016,7.520578179893853,5.69090731398008,11.268248850075853,1.2496039327922102,6.8896571916477205,12.744603962571794,45.66606112925477,15.558511570149525,151.7173560246013,491.26310769339807,99.93750410647158,83115.64084465396
t57,19384.70397228638,2057.279999999999,10000.902400000003,12772.279999999999,31656.396000000008,-0.0,-0.0,-0.0,-0.0,382.5713515334806,-0.0,-0.0,-0.0,18.46893399170994,-0.0,-0.0,-0.0,2008.7925,0.0,30.13713,714.7958400000001,154.07806000000002,329.30039999999997,523.6681843874425,23.951811758824476,18.208265061555338,35.9277176382367,3.4,21.996561819328594,40.6936393657579,145.7883236136612,-0.0,182.64780228687277,1933.2527632641545,16.4327302211602,11.657857807386858,8.821634011965559,17.46722654697393,0.9852998279073986,10.679849602069169,19.75576574741732,70.78823390089434,-0.0,-0.0,765.5044610519146,196.3196685417639,83557.65438426688
t58,20969.48397228638,2265.119999999999,11011.264600000002,14062.619999999999,34854.53400000001,-0.0,-0.0,666.501344815573,2610.7376320203007,213.66109975707002,-0.0,-0.0,0.0,18.46893399170994,3082.7617007395866,-0.0,-0.0,2008.7925,0.0,30.13713,647.5990400000001,154.07806000000002,369.50923526345895,648.8155843874424,19.00928570158382,10.488324507185359,28.51392855237571,2.5426230308868245,17.45750727696472,32.29638846238474,115.70447878566064,-0.0,115.79035535251694,1378.4315104704685,237.91658376673735,6.952569775202619,7.833367058518041,32.543336626998695,2.774294965440344,17.50940242333669,36.80713325114074,60.96178864356713,-0.0,177.07092440641304,1243.211066294704,32.44026114519164,97190.33996375884
t59,18856.320000000007,2472.959999999999,12021.626800000002,15352.96,38052.672000000006,-0.0,-0.0,1333.002689631146,3265.5596481234847,733.9258810814442,-0.0,1605.9340516862094,-0.0,18.46893399170994,6165.523401479173,3920.0805544388495,-0.0,2210.8892,0.0,35.39103,647.5990400000001,117.4231718020306,457.1940705269179,899.1103843874425,7.584044788930042,5.7654218038294704,19.194912479982214,4.864913689181455,11.75198723264217,21.74117638038803,46.162068536701724,15.70980706278366,-0.0,1032.609857697772,179.66924028741806,20.74915542917452,16.55167741508314,-0.0,5.27574116118462,30.76949584932091,42.07131792825236,148.85240789015484,29.944496692744586,462.98339798334194,2161.511344007662,273.0379507495065,112703.44127221446
t60,20441.100000000006,2680.7999999999993,13031.989000000001,16643.3,41250.810000000005,-0.0,-0.0,1837.44329022888,5876.297280143785,733.9258810814442,-0.0,685.982339106387,-0.0,18.46893399170994,7593.652316076758,13448.363804717012,-0.0,2510.9755596820696,0.0,45.898830000000004,714.7958400000001,163.00677180203058,457.19407052691787,1183.5837628943336,-0.0,-0.0,18.023932816604937,3.5493140829384884,11.035060908125471,20.414862680032126,-0.0,40.6,-0.0,560.6444974369023,97.9600776325851,39.885381799360175,31.032278242186717,25.905118867163893,7.274516196556473,39.59171666621034,74.50015791799652,265.0503998930103,39.58887099738073,833.4193201957428,3354.788881472885,585.8800344991059,135366.73210255615
t61,22025.880000000005,2888.6399999999994,14042.351200000001,17933.64,44448.948000000004,-0.0,-0.0,2503.944635044453,8487.034912164087,733.9258810814442,-0.0,1025.3185998665633,-0.0,18.46893399170994,7593.652316076758,14693.189384142845,-0.0,2510.9755596820705,0.0,17.018429750917697,737.438774283616,231.38217180203057,457.19407052691787,1468.0571414012247,-0.0,-0.0,34.504116119258924,3.9902719321591955,21.124969052607504,39.08119274732388,66.87366897981701,22.758348370331692,-0.0,-0.0,-0.0,64.0657194255046,49.32981560693695,62.135054270095054,11.453332933960628,7.143502478080904,115.47690456632851,251.81048309459575,89.61295873737416,1296.949347447995,562.292385873227,-0.0,144515.66208145028
t62,23610.660000000003,3096.4799999999996,15052.7134,19223.98,47647.086,-0.0,-0.0,2270.423865756855,9633.336175785857,600.7370633426566,-0.0,2631.2526515527725,-0.0,18.46893399170994,7593.652316076758,29274.231898750717,-0.0,2510.9755596820705,0.0,32.780129750917695,825.4638491541552,163.00677180203064,457.19407052691787,1132.3577999999998,-0.0,9.314224226841906,34.85858546836889,2.6187861721616787,13.864162087914773,39.48268354070352,25.01491641397363,22.758348370331692,206.63276433077036,-0.0,-0.0,64.0657194255046,68.09920850981021,99.2992845633674,1.1533329339606277,29.86653690151506,157.51035652176532,402.42341638838366,140.9270639463381,1774.3696059657898,1865.5940922370662,400.12223435316656,171132.77580853118
t63,25195.440000000002,3304.3199999999997,16063.0756,20514.32,50845.224,-0.0,-0.0,2653.220561726532,9633.336175785857,112.73101533410981,-0.0,4237.186703238982,-0.0,18.46893399170994,10676.414016816345,41491.361095677945,-0.0,2308.878859682086,0.0,43.2879297509177,846.2921240246944,208.5903718020306,314.7660705269177,1382.6526,4.044165322174533,15.674685917235418,18.378402165714895,2.1642951537150834,11.458033166726914,20.816353473411763,75.94129759947336,17.33119091476353,209.46835780143113,665.9059883007558,-0.0,30.39363253181127,22.999208509810202,48.847651012917495,5.634163554681413,29.86653690151506,100.44859853077496,197.96153305234984,194.5665217652578,624.3696059657898,-0.0,659.7723616765489,192805.60864167503
t64,26780.22,3512.16,17073.4378,21804.66,54043.362,-0.0,-0.0,3064.1976392001634,9633.336175785857,733.9258810814442,-0.0,4237.186703238982,-0.0,18.46893399170994,10676.414016816345,55681.328585384756,-0.0,2510.975559682081,0.0,48.5418297509177,913.4889240246945,231.38217180203057,409.71807052691776,1507.8,11.16764031840523,11.775756457936234,-0.0,-0.0,-0.0,-0.0,-0.0,32.08696054981282,-0.0,1230.7998829047535,-0.0,30.39363253181127,22.999208509810202,-0.0,-0.0,-0.0,-0.0,-0.0,250.42066096018806,-0.0,1583.180288220929,-0.0,216053.42832173954
t65,28365.0,3720.0,18083.8,23095.0,57241.5,-0.0,-0.0,3064.1976392001634,9593.544232903087,733.9258810814442,-0.0,4237.186703238982,-0.0,18.46893399170994,10676.414016816345,59554.47200226505,-0.0,2510.975559682076,0.0,48.5418297509177,913.4889240246946,231.38217180203054,457.1940705269178,1507.8,-0.0,-0.0,12.648539522392154,1.4627562712970519,7.744003789219686,-0.0,-0.0,17.467030769017732,-0.0,-0.0,-0.0,-0.0,-0.0,-0.0,5.047409142992348,-0.0,25.29717275595423,-0.0,139.4468551992884,-0.0,-0.0,458.93537922503725,224720.94111195861
t66,26251.836027713627,3574.9195429873052,17033.352463973155,21374.44572748268,55773.88781434194,-0.0,-0.0,2441.00385010258,9593.544232903087,733.9258810814442,-0.0,4237.186703238982,-0.0,18.46893399170994,9699.910303909657,59554.47200226505,-0.0,2308.878859682071,0.0,44.687468506341695,846.2921240246947,215.92134944162441,457.19407052691787,1385.0879406267775,10.117875656789629,7.691650371743135,27.825353007576595,3.2178979668625995,9.29192662358231,17.190064253627273,26.920113993710828,38.42548748665339,187.21589699892985,-0.0,145.77299357155476,-0.0,-0.0,34.01066509357006,9.553553941986522,-0.0,42.959698013105715,21.547898667504057,16.146855199288396,549.2449817583187,-0.0,876.3498219382873,217568.49803134275
t67,24138.672055427254,3297.783284326797,15686.12382655976,19653.891454965356,51509.453634203375,-0.0,-0.0,2441.00385010258,9593.544232903087,733.9258810814442,-0.0,2631.4021668728324,-0.0,18.46893399170994,9332.73990598249,47645.96865651244,-0.0,2109.84085,0.0,35.57920726176569,717.4861007529663,177.66872708121832,409.718070526918,1137.228481253555,10.707224652420269,8.139675883727651,16.060836978630398,1.8573757050116795,19.125092120702963,18.19135616967321,92.09214976073827,43.13770778336335,117.87399728123256,846.2274434915807,258.5,34.24952473682079,25.91700613474191,85.32748655326967,10.3,31.37624246024187,-0.0,229.51606984628668,40.58397449268131,1220.8169694559936,-0.0,1422.2400854346665,195802.73953874735
t68,22025.50808314088,3020.6470256662888,14338.895189146366,17933.337182448035,47245.01945406481,-0.0,-0.0,2042.8418809463838,7311.0158561268,635.4416963778308,-0.0,2631.4021668728324,-0.0,18.46893399170994,8961.14964584887,36091.71793265376,-0.0,2008.7925,0.0,31.724846017189684,655.876877481238,162.20790472081222,382.9121803512787,1014.5164218803324,17.325895421802635,13.17121641759486,35.01950688369274,4.049874945733176,15.911536611859562,39.664951674386685,49.72307900134841,35.88935480230546,-0.0,-0.0,77.93669136501777,68.04009882842786,51.48671907990095,46.65665209656681,16.139646193683774,62.332036846177196,57.262550054569004,72.79742494280674,-0.0,1674.8141160717155,2148.69139157674,676.9208117989565,171675.3093323487
t69,20476.156272319477,2743.5107670057805,12991.666551732971,16212.782909930713,42980.58527392624,-0.0,-0.0,2042.8418809463838,7035.429390838591,635.4416963778308,-0.0,2631.4021668728324,-0.0,18.46893399170994,5379.543732568521,26440.035202605577,-0.0,2109.84085,0.0,33.12438477261368,661.4644542095097,169.53888236040612,403.58229017563946,1016.9517625071097,9.156806164246653,6.961041420779343,22.76587299735877,2.632788033708159,8.409311783491823,25.78583574190637,-0.0,18.967669911653786,-0.0,-0.0,242.9632585751971,36.90083270350757,27.923281122956237,-0.0,10.758195839880436,32.708582740781054,-0.0,32.69766054283943,-0.0,675.437000540011,3986.5762520965777,433.4847178131014,149556.49651116985
t70,21808.111080081773,2951.3507670057807,11644.437914319577,16212.782909930713,38716.151093787674,-0.0,-0.0,2042.8418809463838,5510.440905639019,278.8082702798308,-0.0,2631.4021668728324,-0.0,18.46893399170994,4933.889249281823,18018.337012352997,-0.0,2008.7925,0.0,30.13713,647.5990400000001,154.07806000000002,376.77639999999997,894.2397031338871,-0.0,-0.0,-0.0,-0.0,-0.0,-0.0,-0.0,-0.0,-0.0,-0.0,135.68645644533368,-0.0,-0.0,-0.0,14.887895432736757,-0.0,-0.0,-0.0,-0.0,1122.0924974501463,5524.113690577264,818.0551708048655,136493.48072833434
t71,23335.34038274807,2674.2145083452724,10297.209276906182,14492.228637413391,38188.59592847381,-0.0,-0.0,2042.8418809463838,3885.1447502771,278.8082702798308,0.0,2631.4021668728324,-0.0,18.46893399170994,4933.889249281823,12748.908915020107,-0.0,1750.6493955675876,0.0,32.40377522738632,700.9304257904905,154.92114068320348,329.30039999999997,646.380243760665,8.566992701930326,6.512662819324583,12.850489052895485,1.486110978906281,7.867646358915604,-0.0,52.14501170103508,17.74591345399853,-0.0,658.9852633692265,-0.0,-0.0,-0.0,28.369373621473276,18.160062826926843,10.87641260457599,-0.0,-0.0,39.17070288384833,1150.0,6023.311907763677,1001.6675128910977,128179.35434461368
t72,21222.176410461696,2397.078249684765,8949.980639492787,14492.228637413391,33924.161748335246,-0.0,-0.0,1255.38755106031,3125.1018881257714,-0.0,-0.0,2631.4021668728324,-0.0,18.46893399170994,2829.1467259182205,10741.576972127395,128.82182828054107,1548.5526955675875,0.0,17.36268477261368,459.87405420950967,107.65137931679656,281.82439999999997,523.6681843874425,14.038367827789518,10.672024522146113,21.057551741684275,2.6918251165338725,12.89237861735772,11.808906112646705,85.44782050282089,29.079476214706858,111.8097304676263,1180.5397291977438,98.72236977040815,12.926702349674665,9.781783153864554,47.73773804808313,20.39403991084713,22.71866005914372,21.905988881160084,78.49284530783994,65.91336059718535,1254.008308562943,6443.807935919426,1066.8735702771069,115277.78626317735
t73,10005.197872578692,1780.0461893764425,8954.66572641301,11481.939999999999,44449.69854041571,-0.0,-0.0,-0.0,-0.0,-0.0,-0.0,-0.0,-0.0,15.632105730583293,-0.0,26053.230622764477,1066.409494339436,2086.9734047986494,0.0,37.37475502169602,814.488565355396,171.7240856360745,367.49033031618586,632.5939628287833,-0.0,-0.0,-0.0,-0.0,-0.0,-0.0,-0.0,-0.0,151.08442313835326,-0.0,112.05530575987292,4.682016736959575,3.5429354838402176,7.015169372659216,0.8091404763537522,4.2892300979528954,7.934290107934871,268.4686621122872,9.68611851790466,809.5402914135564,937.5438524322615,10.670690626653482,110244.78778185172
t74,11589.977872578693,1722.963422540691,8498.52864388793,11481.939999999999,44449.69854041571,-0.0,-0.0,-0.0,-0.0,-0.0,-0.0,-0.0,-0.0,15.632105730583293,-0.0,26053.230622764477,639.35920890325,2290.5310447986494,0.0,37.37475502169602,829.7417840165471,215.315843757383,410.27986425294876,764.7274808379718,2.0364403608440766,1.5481102743151394,3.054660541266114,0.35326006259540094,1.8702003313874167,3.459870613066721,12.395272196362155,4.218340747462729,-0.0,164.2328059083523,27.628742154871112,6.436243297578734,4.870378736926192,9.643565880432552,1.1123037913600835,5.896290000801991,10.907056594890157,-0.0,13.31524829851443,211.64722119901114,1044.7964268529831,37.04024757860015,110565.76387492813
t75,13159.352432772133,1722.963422540691,9083.843105089958,11481.939999999999,44449.69854041571,-0.0,-0.0,-0.0,-0.0,-0.0,-0.0,-0.0,-0.0,15.632105730583293,832.1591057143314,26053.230622764477,852.991111621343,2291.9919847986494,0.0,42.62865502169602,912.4346826776982,236.0883418786915,500.6025981897116,771.4305441151541,-0.0,-0.0,-0.0,0.5440324630495439,-0.0,-0.0,-0.0,-0.0,18.53385803454537,255.73278912410183,42.53776887262249,7.2306379771426155,5.4715062545156385,10.833825022799239,1.2495901202108886,6.624040831409171,12.253262343815527,4.823681787486049,14.958685613786686,226.83034087394492,1097.25033192582,48.980483455941254,114160.84208803202
t76,13807.352160456569,1930.803422540691,10094.205305089958,11481.939999999999,44449.69854041571,-0.0,-0.0,-0.0,-0.0,-0.0,-0.0,-0.0,0.0,18.46893399170994,1383.0583172597296,26053.230622764477,1066.409494339436,2260.0067598657656,0.0,42.634985021696025,928.1736613388493,234.01412,543.5065321264744,706.9420118633332,1.5901652770376502,1.20885013407454,2.3852479155564748,-0.0,1.4603558666672294,2.7016583533343748,9.678914160744473,3.293913788149418,-0.0,215.5947417706863,36.572325254314926,1.781826375803167,1.3483283481329327,2.669749922134608,0.4207492187541404,1.6323442972961892,5.9923044727962225,10.819512842334996,3.6862280559820526,19.20598592101726,-0.0,63.90419170753336,115386.39226075675
t77,15392.13216045657,2006.5640228581822,11104.567505089957,11481.939999999999,44449.69854041571,-0.0,0.0,-0.0,-0.0,-0.0,-0.0,-0.0,-0.0,18.46893399170994,1842.574853656007,26053.230622764477,-0.0,2025.6813449328838,0.0,40.35748334779734,877.03968,211.3047,538.9916660632373,767.2533285778215,-0.0,-0.0,-0.0,0.34115685119349,-0.0,-0.0,-0.0,-0.0,-0.0,161.0502083493227,48.61060607870158,2.2925655071886055,1.734810476077283,3.4350016743614478,0.509014538439879,2.100236186115735,6.857818772627251,13.920796259254294,4.742841057656961,29.444160668158958,35.608929451974156,-0.0,117120.45298802544
t78,14746.305746182534,2137.5796475058874,9757.338867676563,11481.939999999999,40185.26436027714,-0.0,-0.0,-0.0,-0.0,-0.0,0.0,-0.0,-0.0,18.46893399170994,1842.574853656007,26053.230622764477,212.95904314958892,1993.45263,0.0,32.826081673898685,777.29696,165.77602000000002,487.05800000000016,702.1255234316668,3.4029122535801815,2.5869077846094233,5.10436838037027,0.5903011052128886,3.12512349818588,5.7814784716438785,20.71262407408753,7.048889668130374,1.4728262643912302,460.4386816268357,47.24269267550443,4.281017280095155,3.23949461966932,6.414343005243241,0.8526563716770847,3.9218715351207285,10.227510535438686,25.99496902124893,8.856534071069337,71.75697214012713,162.12868035686824,30.625346493201995,111480.00349154178
t79,16331.085746182534,1933.1322512808085,9522.768772061201,11481.939999999999,35920.830180138575,-0.0,-0.0,-0.0,-0.0,-0.0,-0.0,-0.0,-0.0,18.46893399170994,317.24028820033647,18590.547989499562,425.65104786404015,1993.45263,0.0,30.548579999999998,710.10016,142.98422000000002,392.0488,511.50020257341345,14.55880409328886,11.067662295408365,21.838206139933284,2.5255068325092918,13.370330289755072,24.73511103604688,88.61557797598778,30.157522764669775,225.00899533457607,983.8017438899822,47.24269267550443,9.341962402624631,7.069169536214277,13.997269170375493,1.6144666568294248,8.558240724552094,15.83117789706523,56.725775058890164,19.32657658126874,186.66135131091653,504.1207528014691,79.6690980066059,100688.13779526664
t80,16802.341262153008,2103.8366848438327,10000.902400000003,11481.939999999999,31656.396000000008,-0.0,-0.0,-0.0,-0.0,56.56337425598732,-0.0,-0.0,-0.0,18.46893399170994,-0.0,4572.663909721621,638.1295325784914,1993.45263,0.0,30.55491,710.34304,142.9293,344.57280000000003,445.7019443108729,27.671121843799618,21.035699769010932,41.506682765699416,4.80009256474075,25.412254754509853,47.01267129584322,168.42677734516806,57.31875239072778,533.7975138889994,2387.4131760563396,120.58239853476843,18.886663182484355,14.291753515604775,28.298305741541153,3.2639703150937733,17.302211573215533,32.0059225072302,114.68260747887732,39.07257668456914,407.09192384172934,1165.9354114869889,247.99974259407023,86522.60495198655
t81,18387.121262153007,2265.119999999999,11011.264600000002,12772.279999999999,31656.396000000008,-0.0,-0.0,-0.0,-0.0,56.56337425598732,-0.0,-0.0,-0.0,18.46893399170994,2735.879598959816,-0.0,850.4014779583954,1993.2091400000002,0.0,30.55491,710.5859200000001,142.90184,344.63,445.3339913016845,21.212789201390635,10.17546155764352,31.81918380208594,2.3219174024153,12.292503895139824,22.741132206008672,129.11661998601545,16.71875239072778,403.49414104663373,2472.17132025555,312.2711461736174,-0.0,-0.0,42.075653190434764,5.243394902625381,27.795083658577262,51.415814093705194,-0.0,-0.0,631.8716526728614,1918.0482392711567,449.0100426091526,89980.50589693636
t82,19971.901262153006,2472.959999999999,12021.626800000002,14062.619999999999,34854.53400000001,-0.0,-0.0,543.8311523969966,634.1612415705977,573.3196257770667,-0.0,1605.9340516862094,-0.0,18.46893399170994,5818.641299699403,-0.0,1062.4599033382992,1993.2091400000002,0.0,30.55491,710.8288,142.84692,392.2203999999999,239.19480588055129,9.02780123151518,9.676684199288491,13.541701847272758,2.208102434736971,11.689954066254554,21.626415022570924,54.94983096529393,-0.0,217.75580383746808,1672.1083716976948,160.86224666489352,-0.0,-0.0,59.0423777850381,7.28862845662707,33.63944127385962,58.65937699356543,71.86116730031176,-0.0,690.6351223189452,2585.3730362220936,550.9417807731462,103380.20108958443
t83,21556.681262153004,2680.7999999999993,13031.989000000001,15352.96,38052.672000000006,-0.0,-0.0,1071.6262784383932,3244.8988735908983,135.93713448962507,-0.0,2793.7327067804754,-0.0,18.46893399170994,7593.652316076758,7190.778464190666,1066.409494339436,2195.30584,0.0,33.946524,778.51136,165.52888000000004,487.4011999999999,444.71255570444094,-0.0,-0.0,-0.0,-0.0,-0.0,-0.0,-0.0,14.232659161670282,-0.0,778.1597094408801,-0.0,13.36939761229282,10.11677570997326,53.02047911874252,6.505788038813174,29.957518909024923,58.65937699356543,153.0421236071703,12.509436851502542,942.5688544757311,2879.7352813672887,761.3181442932089,123609.20836933525
t84,22105.305329719915,2888.6399999999994,14042.351200000001,16643.3,41250.810000000005,-0.0,-0.0,1738.1276232539662,5855.636505611199,561.2106687062017,-0.0,2631.2526515527725,-0.0,18.46893399170994,10676.414016816345,20824.850849205508,1066.409494339436,2195.06235,0.0,42.598367999999994,865.8490425327118,169.20852000000005,547.6036669063409,649.9411483460947,8.112599527371094,-0.0,12.168899291056636,-0.0,-0.0,-0.0,49.379241000784255,16.8046704495544,-0.0,-0.0,-0.0,29.984048203167518,22.689271375215696,77.91457807453297,9.377111882538165,45.17832297381953,86.8150768203833,60.51514840951978,46.88169218463762,1249.4817233625367,3789.710246668171,42.521766007007216,150320.5747652125
t85,23610.660000000003,3096.4799999999996,15052.7134,17933.64,44448.948000000004,-0.0,-0.0,2236.7710531278503,7022.598543765555,146.1861557544052,-0.0,4237.186703238982,-0.0,18.46893399170994,10676.414016816345,35405.89336381338,1066.409494339436,2396.9155600000004,0.0,45.99631199999999,1020.6264050654239,195.62504000000007,547.6036669063409,734.9281822376637,-0.0,-0.0,22.096967997990717,-0.0,-0.0,-0.0,89.66558782858141,30.514860568653845,-0.0,-0.0,-0.0,48.982006678935086,37.06524330905995,106.37964001892968,9.780361788903141,45.17832297381953,51.75324403565154,82.32981706252988,38.69671765335756,905.8051914403427,2705.273198996629,339.9936963386307,174407.57968774912
t86,25195.440000000002,3304.3199999999997,16063.0756,19223.98,47647.086,-0.0,-0.0,2644.8843225514793,9633.336175785857,497.4629035168058,-0.0,3023.5536638502717,-0.0,18.46893399170994,10676.414016816345,41743.81658125184,1066.409494339436,2800.8654700000006,0.0,54.648156,1108.4498475981359,244.77844000000005,547.6036669063409,939.535042406117,7.345437729626969,-0.0,-0.0,1.2742085857516168,6.745810159861501,9.438266011265892,84.99607749843477,28.92573970189816,-0.0,-0.0,-0.0,68.19337853682742,28.69173812875815,45.86446396036904,2.800447865015407,8.178002561754457,84.30942788879123,198.98410356204727,78.44104903050732,1058.4313613045397,3750.2918204768503,639.7188562565632,192536.75850427322
t87,26780.22,3512.16,17073.4378,20514.32,50845.224,-0.0,-0.0,3016.1283304575268,9633.336175785857,733.9258810814442,-0.0,4237.186703238982,-0.0,18.46893399170994,10676.414016816345,56324.85909585971,1066.409494339436,3002.7186800000018,0.0,58.046099999999996,1242.3576875981362,271.11258,547.6036669063409,1143.858847842564,13.338374570648153,-0.0,-0.0,-0.0,-0.0,-0.0,81.18714725909818,27.629490182056877,-0.0,429.48552262130755,-0.0,30.61054929493835,45.1,45.86446396036904,5.290078149964178,28.04255019301399,101.0,330.65040004103673,123.3,1452.8403827026832,4915.3690059034525,-0.0,218327.49595879664
t88,28365.0,3720.0,18083.8,21804.66,54043.362,-0.0,-0.0,3064.1976392001634,9633.336175785857,733.9258810814442,-0.0,4237.186703238982,-0.0,18.46893399170994,10676.414016816345,56324.85909585971,977.4923756703413,3047.935328913133,0.0,63.3,1309.3116075981366,274.6,547.6036669063409,1336.7264409972347,-0.0,-0.0,-0.0,-0.0,-0.0,-0.0,-0.0,-0.0,-0.0,-0.0,-0.0,-0.0,-0.0,-0.0,-0.0,-0.0,-0.0,-0.0,-0.0,835.2350110377256,1469.052384790103,405.47571471185915,220971.94297659906
t89,26251.836027713627,3720.0,18047.06237768674,23095.0,57241.5,-0.0,-0.0,3064.1976392001634,9633.336175785857,733.9258810814442,-0.0,4237.186703238982,-0.0,18.46893399170994,10676.414016816345,59554.47200226505,1066.409494339436,3047.935328913133,0.0,63.3,1309.3116075981366,274.6,547.6036669063409,1404.1753142667599,-0.0,-0.0,-0.0,-0.0,-0.0,-0.0,-0.0,-0.0,-0.0,-0.0,-0.0,-0.0,-0.0,-0.0,-0.0,-0.0,-0.0,-0.0,-0.0,-0.0,-0.0,-0.0,223986.73516980372
t90,24138.672055427254,3442.8637413394918,16699.833740273345,21805.26563510393,57241.5,-0.0,-0.0,3064.1976392001634,7507.839415655434,733.9258810814442,-0.0,4237.186703238982,-0.0,18.46893399170994,10676.414016816345,56873.99014524985,1066.409494339436,2927.554477583803,0.0,58.046099999999996,1286.6926912173572,252.78577600000008,500.18486690634086,1346.1149369773266,6.733014527185383,5.118465125258275,10.099521790778072,-0.0,6.183380688231474,11.439254273228228,40.98207311700083,13.946958663455433,115.79679493080049,497.0567342697583,91.56956284032002,24.010255243219085,18.16883408505337,35.97509720166886,-0.0,40.322429151646304,74.58910887026148,-0.0,91.05779330399248,541.3196222321523,-0.0,-0.0,215502.31515071623
t91,22025.50808314088,3165.7274826789835,15352.60510285995,20084.711362586608,57241.5,-0.0,-0.0,2480.02470882178,6489.214286540989,703.985389457051,-0.0,4237.186703238982,-0.0,18.46893399170994,8152.374503611208,43409.678554559636,977.585174339436,2740.734108067042,0.0,55.11056249999998,1197.1198548365774,253.70843200000013,405.34726690634085,1162.6271726741104,10.927935273690707,8.307460998877117,16.39190291053606,1.89566224135451,10.035858924817994,18.56633901091329,66.5154427628215,36.583396016100465,184.3879207844845,1279.3065542792456,244.49575397478515,59.6,45.1,-0.0,6.150576694544354,72.9264570664154,60.3114802086388,216.1061850248156,73.62777732401155,1226.6161652894061,-0.0,325.4229115490336,194116.49346314577
t92,19912.34411085451,2888.5912240184753,14005.376465446556,18364.157090069286,52977.06581986143,-0.0,-0.0,1692.5703789357062,5602.998639965052,357.7694367402328,-0.0,2339.8166043658616,-0.0,18.46893399170994,5711.3739556398505,36944.649665821125,799.9435150048887,2755.766948550281,0.0,46.92112499999996,1100.9393748365774,231.8118280000001,351.5938334531704,853.6444573372037,22.670530966775893,17.234230173722487,34.00579645016383,3.9326431268896944,16.82313294958451,31.12279595673134,111.49998671585733,15.309073633640033,331.3,838.4791352772045,164.09861564819033,79.66888531421209,60.28635449112358,30.069655344952,9.618857210255504,91.31171106232111,94.32083283842775,337.96741984383164,115.14612563344696,1600.3045337764675,925.1421174337784,635.7670221719252,172521.88286391142
t93,17799.180138568136,2611.454965357967,12658.147828033161,16643.602817551964,48712.631639722866,-0.0,-0.0,1001.240674900427,4493.981616815488,330.1463456437031,-0.0,880.5965261466349,-0.0,18.46893399170994,3133.6597200861793,32353.89680608498,664.4585912770264,2568.70308903352,0.0,43.98558749999995,1005.0017748365773,187.0685040000001,345.3736,625.7348654875889,15.279943695363462,11.615875564332427,22.919915543045185,2.6506024777671304,18.0,33.3,119.3,40.6,150.19384079617814,1372.1243776198435,335.35396646391564,35.49958487047296,26.862940900307564,53.18981424384623,12.28557206645495,105.44788884372788,120.47017269048057,431.6649059077714,147.06903260134908,1887.7418990137842,1791.774201192377,875.2481140485132,153685.92667357743
t94,15686.016166281763,2334.3187066974588,11310.919190619767,14923.048545034642,48712.631639722866,-0.0,-0.0,561.5601884232738,1409.4617302130541,266.72972627876345,-0.0,880.5965261466349,-0.0,18.46893399170994,1529.2418052767648,26053.230622764477,617.3174291140264,2179.542529516761,0.0,35.79614999999999,909.3070548365773,165.06206,386.68656654682957,522.6228548018332,-0.0,-0.0,-0.0,-0.0,10.33441362732575,19.118665210552642,68.49419698555346,23.30984407052364,331.3,763.7588531710112,232.76725542563253,47.688605580528915,36.08651194097071,71.45289393189987,14.392063900575359,76.29191155062277,141.12606349107875,505.6784393804098,172.2855804797031,2111.1262334274675,2467.522104401314,1062.0894000258954,136657.38146286827
t95,13572.85219399539,2057.1824480369505,9963.690553206372,13202.49427251732,45287.64357835043,-0.0,-0.0,-0.0,644.7528919644164,56.56337425598732,-0.0,-0.0,-0.0,8.466261769163394,557.8794760056326,26053.230622764477,658.5735469510264,1992.4786700000002,0.0,30.580229999999997,813.8552148365773,142.27026,393.0650728228908,544.3805249047449,9.157692615668065,6.961715304768068,13.736538923502096,1.588579331289358,18.744539498857645,34.677398072886646,124.23464234520651,42.27935020297891,145.0947124201099,-0.0,248.81247232671421,55.761446476414605,42.19532275312582,83.54861024066818,9.636625817232726,83.68750069349791,154.80654890189174,554.697921263313,188.98660870894312,1715.3957883303822,2917.7654779298387,1185.515796061458,123617.24448060013
t96,11459.688221709017,1780.0461893764425,8616.461915792977,11481.939999999999,45287.64357835043,-0.0,-0.0,-0.0,-0.0,-0.0,-0.0,-0.0,-0.0,-0.0,-0.0,26053.230622764477,788.2339254534795,1992.2351800000001,0.0,30.61821,749.7700924275557,142.21534000000003,352.024779098952,440.58022380551296,14.816574042174395,11.26362006267339,22.22486106326159,2.5702220277241294,13.607057793833624,25.173056918592202,90.1845552669084,30.691474801646955,234.13669310447804,413.2675222962929,204.35831801573084,61.35957206590456,46.43148825792443,91.93640579673283,10.604087118772098,56.21195695970451,103.98182514524096,372.5843813867594,126.94018851889318,1130.2680171646734,1921.9008313408758,945.2274979648844,115104.42848589254
t97,13327.832281821125,1849.439999999999,8921.910591924028,23095.0,57241.5,-0.0,-0.0,1389.0841673557218,-0.0,336.43569418724786,-0.0,-0.0,-0.0,-0.0,316.8137556593958,22252.08142423355,804.8962051666725,2068.9737875441187,0.0,33.226169999999996,714.6339200000001,143.11330553636785,350.5947790989519,516.546624969372,-0.0,-0.0,9.728251704644553,1.1250359114214792,12.492808874886453,11.01873407362801,39.47552477428894,28.721321725017173,220.2542605539235,-0.0,90.42861222072378,19.014903248529635,14.388794236722932,92.56706122854983,10.676827890862974,56.59755367389499,104.69510844438454,375.14019550517565,127.81095912071888,1647.2415135483477,5345.190620850255,1412.2763337836482,142980.92712886617
t98,11214.66830953475,1849.439999999999,8921.910591924028,23095.0,57241.5,0.0,-0.0,1028.110735371551,-0.0,-0.0,-0.0,-0.0,-0.0,-0.0,316.8137556593958,22252.08142423355,732.6736657792751,2042.506894345938,0.0,30.580229999999997,714.8768000000001,142.13296,381.34664924912676,717.3804391194486,3.632768145866237,2.7616451721125976,15.177403923443906,1.7552099775411323,9.292288116394229,17.19073301532932,61.58722068254619,20.95927208475587,-0.0,277.5122668727997,141.12516924271353,21.527108290189656,16.289808454489155,95.23671520529054,10.984749906097338,58.22983930804999,107.71453791415844,385.9593195161774,131.49705470114583,832.7287001973308,2011.4350889081984,1009.9889170029539,135913.60827185467
t99,10388.274298518956,1849.439999999999,8921.910591924028,23095.0,57241.5,-0.0,-0.0,781.9559839287169,-0.0,-0.0,-0.0,-0.0,-0.0,-0.0,316.8137556593958,22252.08142423355,571.6337870573304,1992.2351800000001,0.0,30.58656,731.6355200000003,142.07804000000002,459.6317193993016,912.1304171623276,-0.0,-0.0,5.955606675843233,0.6887436291791493,3.646289801536674,6.745636132842847,24.166798517962512,8.22440921902161,5.5673327572932925,-0.0,55.434037234340465,23.572395831092823,17.837500872186016,63.22099696363268,7.292007488526497,38.65471930811135,71.50415110108513,256.2114087473534,87.29170129469101,202.0858105963921,-0.0,665.1128017404101,131230.1196257951
t100,10388.274298518956,1849.439999999999,8921.910591924028,23095.0,57241.5,-0.0,0.0,527.0318477736381,-0.0,43.68528034717786,-0.0,-0.0,-0.0,-0.0,316.8137556593958,22252.08142423355,483.0229870573304,1991.9916900000003,0.0,30.58656,815.8339200000005,142.07804000000002,490.4979895494764,981.4616753200612,1.370805487634381,1.0420919268240953,2.562662688495451,-0.0,1.5689771562217045,2.9026077390101523,10.398831929847184,3.5389151412556235,28.615334245983714,99.09432906538058,24.105277886401655,24.978882087890245,18.90180506986326,37.42641225584898,0.5965313777905372,22.8833382885706,42.32998474625698,151.6754601947564,51.676110091222625,228.81254816674178,87.90895995045295,391.1123133535152,130804.71223923359
t101,10521.061821378145,1849.439999999999,8921.910591924028,23095.0,57241.5,0.0,-0.0,441.5951309041526,-0.0,43.68528034717786,-0.0,-0.0,-0.0,-0.0,316.8137556593958,22252.08142423355,482.8164477227832,1991.9916900000003,0.0,35.84046,833.0784000000008,164.81492000000003,473.9454596996512,925.2954177656968,-0.0,1.9974740520273773,-0.0,-0.0,-0.0,-0.0,-0.0,-0.0,21.463729382181942,99.1401875714655,-0.0,3.712785097363149,2.8095068438100377,5.5629481408478085,0.641639035282557,3.401309837517246,6.291800248887213,22.544579307646416,7.680979907799944,233.8516279723974,110.99912310612869,58.13564939547979,130169.10413953342
t102,11252.532384659924,1849.439999999999,8921.910591924028,23095.0,57241.5,-0.0,-0.0,114.590760887063,-0.0,37.14762549587541,-0.0,-0.0,-0.0,0.0,316.8137556593958,22252.08142423355,491.5396655657979,2093.0400400000003,0.0,35.84046,783.3689600000001,164.70508,409.97412984982606,993.984541474732,1.5204642685970102,1.1558631429640533,2.280696402895515,0.26375400577703234,1.3963447364666417,2.583237762463287,9.254662614470577,3.1495331278080925,48.133162867856505,222.32734910417707,21.90576755982754,4.495928816055153,3.402120630941068,6.736349719357808,0.776980986667249,4.1187535798089145,7.6189397721739995,27.299943599502733,9.301141325832228,47.279876203261615,157.77252805667695,70.69076267929242,130706.93358071308
t103,12517.200000000006,1849.439999999999,8921.910591924028,23095.0,57241.5,-0.0,-0.0,-0.0,-0.0,-0.0,-0.0,-0.0,-0.0,-0.0,316.8137556593958,17025.923771304868,482.2966090536887,1991.9916900000003,0.0,30.59289,716.1721600000001,141.91328000000001,393.536,937.1790110260338,5.765712191017822,4.3831179411308945,8.64856828652673,1.0001745637479893,5.29504180807759,9.795827344943541,35.094360427980924,11.943260967108344,76.60478076382549,333.79196205550943,83.25884114953254,6.099201849840767,4.615335627983537,9.138569214610413,1.0540566955261723,5.5875238423037885,10.335895752246936,37.03525418552645,12.617979665861862,80.01784243086897,145.98965538908425,96.47556128463447,126646.01828240592
t104,14101.980000000007,1849.439999999999,8990.540200000003,23095.0,57241.5,-0.0,-0.0,-0.0,-0.0,-0.0,-0.0,-0.0,-0.0,-0.0,-0.0,17025.923771304868,314.31806556579795,1991.7482,0.0,30.59289,716.4150400000001,141.85836,346.06,812.6708839203675,12.613421895600677,9.58877480839031,18.920132843401014,2.1880425737266482,11.583754802082254,21.42994638385217,76.77455266046739,26.127802498029975,227.24478127024685,1006.5853955184723,182.8302391389194,6.976963917628145,5.279548199413246,10.453739561144186,1.2057504756974815,6.391648152726452,11.823378451014136,42.365155063584325,14.433886762475678,139.421362901468,330.3998110293147,111.74422125974041,128934.42972095843
t105,15686.760000000007,2057.279999999999,10000.902400000003,23095.0,57241.5,-0.0,-0.0,-0.0,-0.0,-0.0,-0.0,682.0539353715993,-0.0,15.632105730583293,-0.0,17025.923771304868,481.81605061855106,1991.7482,0.0,30.784899999999993,751.6090962855313,141.80344,346.11719999999997,562.6451360030628,21.441335797748902,2.345055099964453,-0.0,-0.0,-0.0,-0.0,-0.0,-0.0,387.2459393681591,1064.6527980889548,114.4308522612838,10.059891201929073,7.612434449781899,-0.0,-0.0,-0.0,-0.0,-0.0,-0.0,225.68955327846717,680.7228249141989,179.15654014700345,132804.93345992168
t106,17271.540000000008,2265.119999999999,11011.264600000002,23095.0,57241.5,-0.0,-0.0,-0.0,1161.5530671536956,368.492967356665,-0.0,682.0539353715993,-0.0,18.033197170800886,739.5234201071776,13691.002062434185,688.2461686784749,1991.7482,0.0,36.23080999999999,854.3237925710625,164.51286,393.70759999999996,437.4977360030628,18.356565330681565,-0.0,-0.0,-0.0,-0.0,-0.0,-0.0,-0.0,347.1162010494364,2381.3165058075438,-0.0,20.030987916096564,15.157677097583138,-0.0,-0.0,-0.0,-0.0,-0.0,-0.0,371.342243897947,1295.5097702285943,336.79499013159017,136896.97535830623
t107,18856.320000000007,2472.959999999999,12021.626800000002,23095.0,57241.5,-0.0,-0.0,666.501344815573,2789.1521831351083,368.492967356665,-0.0,1931.8071729349685,-0.0,18.033197170800886,2726.124569358745,16287.191117783615,894.4697474038514,1991.7482,0.0,36.42914999999998,1024.4781688565938,209.95916,417.5151108993915,437.22641611791727,6.508519197823501,-0.0,22.27154416941538,2.575620754286133,-0.0,25.22593268168477,90.3739870548046,-0.0,267.8334418022157,2144.0255392254003,70.15294668576206,33.980552617715404,25.713471863405445,3.198414797133424,2.4107469199106384,-0.0,-0.0,84.70381653550095,28.85874710922152,582.5793651880025,2095.6677025169906,224.00343443270748,149196.6190893852
t108,20441.100000000006,2680.7999999999993,13031.989000000001,23095.0,57241.5,-0.0,-0.0,1333.002689631146,4471.8747578418,733.9258810814442,-0.0,2939.494576896077,-0.0,18.033197170800886,5528.068032749204,20912.317719346684,1067.6,2193.60141,0.0,41.88138999999997,1127.678625142125,232.55874,393.9610217987831,561.7319785451759,-0.0,-0.0,9.854691333873998,2.2709711595612294,12.022788491794742,22.24215870982027,79.6843703928396,27.118067375937027,155.31775980841246,1115.0867270341437,-0.0,-0.0,-0.0,30.97571851265888,5.61462405619185,-0.0,-0.0,197.27499475105148,67.21195593480147,933.9762319661487,2569.1541351178325,520.6997563647892,163794.62397121312
t109,22025.880000000005,2888.6399999999994,14042.351200000001,23095.0,57241.5,-0.0,-0.0,1333.002689631146,7060.479802435597,733.9258810814442,-0.0,2939.494576896077,-0.0,18.46893399170994,7206.921144295682,29962.322669168425,1067.6,2597.5513200000005,0.0,52.58752999999996,1163.925161427656,232.33906000000002,417.94013269817475,759.1217512098008,13.461118176866856,10.233196981393679,30.046368599174272,4.606063088201397,12.362251386918537,45.112323775619565,119.3,14.401812170875509,47.22822130161205,1411.4,193.42025452577445,23.423947545810964,17.72516836100796,66.07233790596288,5.61462405619185,21.45885127518924,39.69494466655885,78.47458121535351,-0.0,223.66797555279697,3962.580211788144,768.4297722756801,181947.76587748484
t110,23610.660000000003,3096.4799999999996,15052.7134,23095.0,57241.5,-0.0,0.0,1571.801943211873,8736.118302098073,733.9258810814442,-0.0,2939.494576896077,-0.0,18.46893399170994,10289.68284503527,41861.93092335679,1067.6,2799.4045300000007,0.0,58.04609999999995,1189.7454968178158,252.84019789390618,479.97564962587006,956.1639728407349,-0.0,-0.0,20.191677265300275,2.766477346411309,12.362251386918537,27.09520459867547,-0.0,-0.0,172.19346935430374,-0.0,354.173518075792,47.62248169489007,36.03647524227419,102.3295375622173,9.796585494707198,43.627307056057006,14.73665502557612,225.41165350648987,50.0617325600915,678.0100030627166,5426.464921989895,1152.6668681602173,203427.0995722321
t111,25195.440000000002,3304.3199999999997,16063.0756,23095.0,57241.5,-0.0,-0.0,1924.2885215875192,9102.072889898782,733.9258810814442,-0.0,3780.6331754893463,-0.0,18.46893399170994,10676.414016816345,52638.97541512178,1067.6,2815.0448896377115,0.0,63.3,1283.0055122079757,250.49461578781236,527.3944496258698,1112.0806260212762,9.48994689150898,7.214296361402234,14.234920337263464,2.0776006948696377,8.71525734934498,20.348265629164388,-0.0,-0.0,-0.0,322.04960322579007,213.22727643047176,72.53640436415844,48.887602078446264,50.35861968244659,5.808441016004478,30.79037664794606,56.956557535577886,204.08493239728352,101.60345512923226,-0.0,3447.702731149916,1546.8098307049922,217055.9306448934
t112,26780.22,3512.16,17073.4378,23095.0,57241.5,-0.0,-0.0,2590.789866403092,9633.336175785857,733.9258810814442,-0.0,4237.186703238982,-0.0,18.46893399170994,10676.414016816345,59554.47200226505,1067.6,3032.5384592754226,0.0,63.3,1309.3116075981366,270.91337368171855,527.3944496258698,1142.442375717897,12.708265873516172,9.660875587519946,-0.0,-0.0,-0.0,-0.0,-0.0,-0.0,-0.0,942.9056478712505,160.58851180289093,38.926396155045154,23.45452539671792,-0.0,-0.0,-0.0,-0.0,-0.0,-0.0,-0.0,-0.0,978.4,224727.05586816848
t113,28365.0,3720.0,18083.8,23095.0,57241.5,-0.0,-0.0,3064.1976392001634,9633.336175785857,733.9258810814442,-0.0,4237.186703238982,-0.0,18.46893399170994,9541.134570958504,59554.47200226505,1067.6,3047.935328913133,0.0,63.3,1309.3116075981366,270.91337368171855,479.9756496258699,1267.9513294008982,-0.0,-0.0,-0.0,-0.0,-0.0,-0.0,-0.0,-0.0,-0.0,-0.0,-0.0,-0.0,-0.0,-0.0,-0.0,-0.0,-0.0,-0.0,-0.0,-0.0,-0.0,-0.0,224795.00919574147
t114,28119.980087825737,3720.0,18083.8,23095.0,57241.5,-0.0,-0.0,3064.1976392001634,9633.336175785857,733.9258810814442,-0.0,4237.186703238982,-0.0,18.46893399170994,7612.456951374698,57068.24030790944,1067.6,3047.935328913133,0.0,63.3,1285.9141675981366,270.91337368171855,440.4652996793171,1267.9513294008982,-0.0,-0.0,-0.0,-0.0,-0.0,-0.0,-0.0,-0.0,131.30866420546033,606.1055295706681,-0.0,-0.0,-0.0,-0.0,-0.0,-0.0,-0.0,-0.0,-0.0,540.7891587635637,1728.0434985417335,-0.0,223078.41903076266
t115,26006.816115539365,3442.8637413394918,16736.571362586605,23095.0,57241.5,-0.0,-0.0,2712.354289376387,7615.855546686379,733.9258810814442,0.0,4166.346216934532,-0.0,0.33821023742632317,5391.707615575551,49794.92850007193,978.7756800000001,2845.595138913133,0.0,58.046099999999996,1195.5628075981367,248.06665368171858,448.4881497327644,1142.5236455111585,11.83179689896834,8.9945802956443,-0.0,-0.0,-0.0,-0.0,-0.0,-0.0,128.98210872932697,944.4666242746011,136.1910336049882,31.76850443793812,24.039589767634382,47.59945379711198,5.490194558905415,29.103361448178216,53.83588839315017,192.90304959882224,65.72242612747937,1177.70018111317,3728.3591567968233,512.6280546294697,210954.88165933825
t116,23893.65214325299,3165.7274826789835,15389.34272517321,23095.0,57241.5,-0.0,-0.0,2413.9215755966266,5389.605846474916,733.9258810814442,-0.0,2973.919654937109,-0.0,0.33821023742632317,3606.9638160803365,41974.9017903708,801.0947404314959,2694.8989926087547,0.0,52.403959999999984,1105.4543275981368,221.4047402612889,504.0441997862116,1043.7974935121197,19.6,14.9,12.111389890131417,1.4006369260696199,7.415136667427399,13.718002834740684,49.14587802356047,24.72905347363204,331.3,1246.793635919219,307.9598343343711,64.52334112647921,48.82554840275524,96.67675105024483,11.150845865817718,59.11030915278129,109.34324586869798,391.7952542562554,133.4853684713907,1803.8449963216187,5727.4907855045885,1037.098762850319,197814.31635702195
t117,21780.48817096662,2888.5912240184753,14042.114087759815,23095.0,57241.5,-0.0,-0.0,2055.677763253453,4382.174786430101,733.9258810814442,-0.0,1076.5495560639886,-0.0,-0.0,1991.2835803777602,31595.92722825762,669.9134490107871,2342.1061463043766,0.0,41.50791999999997,1015.5887275981369,171.92356684085925,512.1814498396589,819.6431545835251,3.9549072297401704,3.006536618526968,-0.0,-0.0,-0.0,-0.0,-0.0,-0.0,193.63524296305332,733.4522988291781,337.5513456175615,32.498947139018696,24.592324093452067,137.993892273731,15.916428784092162,84.37252539916814,156.07371914498134,559.2384055303836,190.53356010471484,2326.5629045394444,5294.674165269138,1478.3594759395921,178028.51337186238
t118,19667.324198680246,2611.454965357967,12694.88545034642,23095.0,57241.5,-0.0,-0.0,1891.9089963478825,2328.5331719856094,733.9258810814442,-0.0,1076.5495560639886,-0.0,-0.0,1571.8847066439432,24673.012196366504,627.136418255531,2191.41,0.0,35.87211,925.9660075981368,145.17927342042967,472.8998998931061,720.3648957697852,12.483911641863825,9.490320584886277,12.79350661818548,1.4795211735316542,7.83275915399111,14.490604434883556,51.913787059507754,17.66722342511328,331.3,-0.0,289.1818719365048,40.977867062531715,40.09370134543326,173.07411013623874,19.962635323664724,105.82134841476639,195.75011336797445,701.4056042363361,238.9701879036757,2765.5196614874303,6728.192371698335,1855.1453256188975,166318.3541604347
t119,17554.160226393873,2334.3187066974588,11347.656812933026,23095.0,57241.5,-0.0,-0.0,1891.9089963478825,2328.5331719856094,733.9258810814442,-0.0,-0.0,-0.0,-0.0,316.8137556593958,22252.08142423355,672.756667500275,1990.77424,0.0,30.61821,836.5861675981367,141.17186,386.19954994655285,539.1024641618219,-0.0,-0.0,23.46763915538974,2.713944664228746,14.367942340034535,26.580693329063894,95.22752895367336,32.40769216696678,115.53241632720906,-0.0,225.16108117943747,-0.0,-0.0,200.97606435294878,23.180889841381557,122.88122187761485,227.30775475529487,814.4819450093188,277.4955065478005,2566.668913986633,7842.770773634878,2151.2499096113033,158455.58005227218
t120,15440.9962541075,2057.1824480369505,10000.428175519632,23095.0,57241.5,-0.0,-0.0,1736.413502441278,1312.0655366766064,672.8713883744957,-0.0,-0.0,-0.0,-0.0,316.8137556593958,22252.08142423355,772.7077585625829,1992.2351800000001,0.0,30.61821,749.7700924275557,141.2624544636322,347.0896,482.70408094589527,7.379964523923418,5.610279153390761,21.74407932308938,2.5146214183164597,13.312701626381259,24.628498008805323,88.23362800151578,30.02753811283772,233.5428251373911,538.4814725154137,206.48279725523759,12.43658405520819,9.410905048488079,172.0106198868786,19.839970714835946,105.17110689612065,194.5472856503331,697.0956700678764,237.50178535332736,2074.748139420628,6989.334141917128,1834.8376360028788,152160.63211153907
t121,24216.6310625402,3442.8637413394918,16736.571362586605,17933.337182448035,38537.88731083065,-0.0,-0.0,2276.7433093140894,9018.066222211091,381.42167809161424,-0.0,4237.186703238982,-0.0,15.632105730583293,6519.059098434912,36759.675964576454,786.7986490003432,1743.5894123262497,0.0,25.108058563918547,657.8247635360799,117.91813471788643,301.23846813993146,643.8232728554945,3.7792191757615776,2.872977842798342,5.668828763642365,0.6555788366117021,3.470711487944306,6.420816252696965,23.003104472875314,7.828382578363267,60.161618608938866,-0.0,129.1683296213834,2.7785665383737235,2.102573001353271,4.1631877831673405,0.4801885125041838,2.5454653187114986,4.708644637176948,16.871866279151853,5.748276076870472,50.120748211608046,1642.1643520344082,686.396051874766,167012.48598839174
t122,25801.4110625402,3165.7274826789835,15389.34272517321,16212.782909930713,38537.88731083065,-0.0,-0.0,1553.583919624399,9018.066222211091,-7.325923678592306e-14,-0.0,4237.186703238982,-0.0,15.632105730583293,6519.059098434912,34009.17572569414,973.029631323358,1986.14793,0.0,30.738479999999996,739.00288,137.84920000000002,351.6084000000001,689.5087222276229,5.783313323574258,4.396498393941655,8.674969985361384,1.0032278214363508,5.311206113486563,9.825731309950141,35.20149385216372,11.979720455975247,-0.0,158.50859936359473,-0.0,4.4638838246350945,3.37787182031951,6.688335998991844,0.7714430099621054,4.089396926595239,7.56463534040511,27.10536168012484,9.234846905662872,81.59305360093245,1745.4766216671503,209.7004110115097,161708.49113204464
t123,27386.191062540198,2888.5912240184753,14042.114087759815,14923.048545034642,38537.88731083065,-0.0,-0.0,1192.6104876402283,8831.92388127997,-7.325923678592306e-14,-0.0,3935.864493522975,-0.0,15.632105730583293,6519.059098434912,34009.17572569414,973.029631323358,2026.6097476737505,0.0,31.115001436081442,752.9841964639201,154.94305000000006,363.47739999999993,860.3415715997514,1.0867055918414845,0.8261180264509242,-0.0,0.5361591385114368,0.9979949312829959,1.8462906228735427,6.6144886278923,2.2510330116716464,18.34748181970522,-0.0,-0.0,5.230417223469744,3.9579163889007636,7.836849967380003,0.9039143859352077,4.791623832239062,8.863626502859802,31.75986565727685,10.82064502774865,96.23967205510057,-0.0,11.520066754765452,157659.02949054935
t124,28365.0,2611.454965357967,12694.88545034642,14923.048545034642,36987.12636027714,-0.0,-0.0,1192.6104876402283,8831.92388127997,-7.325923678592306e-14,-0.0,3807.215736005511,-0.0,15.632105730583293,6519.059098434912,34009.17572569414,973.029631323358,1986.14793,0.0,30.738479999999996,748.3237576426135,149.2451000000001,422.8223999999998,973.0103522085728,2.661028492269038,2.022924721163707,2.361484350641329,-0.0,2.4438016765736057,4.521033101661171,16.19697444529062,5.512130448271577,27.256638708702585,-0.0,21.389628272735095,6.184837306075586,4.680136954765252,9.26687871531124,1.0688561116204456,5.665975115968576,10.48101624016165,37.55524531994555,12.795141608038925,114.92513137312092,56.90674622457008,25.993416074857798,155610.3390322378
t125,27209.28976852276,2334.3187066974588,11347.656812933026,14923.048545034642,36987.12636027714,-0.0,-0.0,1192.6104876402283,8831.92388127997,-0.0,-0.0,3807.215736005511,-0.0,15.632105730583293,6436.215253149403,31726.36140463124,679.8384541187011,2069.3971285426683,0.0,35.61585856391855,810.860118821307,166.33895000000012,434.69139999999965,960.5317328173942,-0.0,-0.0,-0.0,-0.0,-0.0,-0.0,-0.0,-0.0,62.1410939321123,157.7974425799085,-0.0,2.2160188217929644,1.676886725886959,3.320310080303889,0.3829696957125429,2.030111202515032,3.7553339094142535,13.455993483336815,4.584481891393837,28.66652075988341,91.47051265862707,33.57402390251886,150373.74440440934
t126,25096.12579623639,2057.1824480369505,10000.428175519632,13202.49427251732,32722.692180138576,-0.0,-0.0,1192.6104876402283,8831.92388127997,-0.0,-0.0,2483.563639614923,-0.0,15.632105730583293,6436.215253149403,27886.700278623342,866.0694364417159,2024.053050150564,0.0,35.804119281959274,806.1996800000001,160.64100000000002,399.0844,822.9057134262155,3.3733521426247948,2.5644360676076245,5.060028213937191,0.5851733308634848,3.0979764575125666,5.731256446398247,20.532699521180508,6.9876580097227885,73.15596582735942,448.12002270782205,47.059312623288065,4.139754042421573,3.132599115993507,6.202685167588028,0.7154272925661447,3.792459240204999,7.015355004774815,25.1371977844357,8.56428982266074,69.72272726390122,213.37054147574798,63.54062766019128,136061.92746300655
t127,22982.961823950016,1780.0461893764425,8653.199538106237,11481.939999999999,32722.692180138576,-0.0,-0.0,1086.7444207842832,6294.126793237197,-0.0,-0.0,2483.563639614923,-0.0,15.632105730583293,2923.404395579838,11836.65538741501,973.029631323358,1986.14793,0.0,30.738479999999996,739.00288,137.84920000000002,351.6084,560.1322940350367,14.395061707854202,10.943184665664674,21.5925925617813,2.497102541158382,13.219954629662023,24.45691606487474,87.6189215177044,29.81834210912656,219.66302291875968,-0.0,204.003282668455,9.020133488181386,6.825637924781556,13.515065780110703,1.5588485726219516,8.263410880112481,15.28579668299195,54.771582372027595,18.660779514979282,179.34192059953213,482.8339312050294,141.164884864854,108598.92566256174
t128,20869.797851663643,1502.9099307159345,7305.970900692842,11481.939999999999,28458.25800000001,0.0,-0.0,789.5951470771506,3661.9816009902142,-0.0,-0.0,586.1935407418027,-0.0,15.632105730583293,-0.0,6628.008073006883,177.22160000000002,1986.14793,0.0,30.738479999999996,739.00288,137.84920000000002,351.6084,422.5062746438585,27.205177702835364,20.68148713123709,40.80776655425305,4.719265519879604,24.984346869950844,46.221041709409064,165.59069897695198,56.353582384444685,528.9077008867047,1367.0652523489332,299.65223629013894,18.14256568480412,13.728686449407146,27.183407980755163,3.135376284454404,16.62053836225344,30.74495191552376,110.16433760621831,37.53319377409979,393.1674152528708,1121.2000411369786,269.171820305943,89768.34280639098
t129,19262.270341549367,1710.7499307159344,8316.333100692842,12772.279999999999,28458.25800000001,-0.0,-0.0,1456.0964918927236,3661.9816009902142,78.30365084664727,-0.0,586.1935407418027,-0.0,15.632105730583293,-0.0,-0.0,363.4525823230149,1986.14793,0.0,33.84717434892357,739.00288,137.84920000000002,268.4217589933014,410.02765525267984,19.6,15.488236639156604,30.560681690684834,3.5342284948411034,18.0,34.6146496700614,124.00984101015989,42.20284614427905,424.592810484109,2411.7078899044145,228.40284851385553,28.986706326360004,-0.0,42.689656712256244,5.009447569823962,26.101402648255227,48.28281442259666,161.3242465854133,-0.0,451.685558760465,1851.3024997857397,462.25962057316923,86687.20393001368
t130,17944.56652877006,1918.5899307159343,9326.695300692842,14062.619999999999,31656.396000000008,-0.0,-0.0,1456.0964918927236,5988.726406366675,78.30365084664727,-0.0,707.6379640941487,-0.0,15.632105730583293,3082.7617007395866,2334.907665274586,2.842170943040401e-14,2087.19628,0.0,42.20976869784715,806.1996800000001,160.64100000000002,363.37375899330146,186.82265439510022,7.397368858102604,6.21174663842848,12.25673497783874,1.4174455416548208,6.7935020125432075,13.882628393266334,49.735662682182365,16.925967350348728,217.72494237976,1595.4003190774051,160.29336643864463,33.21160926297023,-0.0,59.956445417646435,7.001025662382966,32.593403743085844,60.29182743684378,231.30017975988935,23.840929981798553,673.0813469179524,2384.028483519009,647.9925881323561,98460.71441139416
t131,17933.358072804713,2057.279999999999,10337.057500692841,15352.96,34854.53400000001,-0.0,-0.0,2032.008451630974,6288.339696300786,143.08696148576087,-0.0,2313.572015780358,-0.0,15.632105730583293,6165.523401479173,6095.89357439328,186.23098232301493,1986.14793,0.0,47.463668697847154,806.1996800000001,189.03114010118162,505.8017589933015,357.65550376722877,14.335588896251647,-0.0,-0.0,-0.0,13.165336741455592,-0.0,-0.0,-0.0,-0.0,701.2216025825011,-0.0,46.388781301274946,-0.0,69.50533842623915,8.860274424403663,38.43180865091521,71.09180721139992,311.31391399919266,48.23541713844386,919.8515756616395,3142.1460612147703,398.3630867510867,113450.68703718061
t132,17573.90122120499,2265.119999999999,11347.41970069284,16643.3,38052.672000000006,-0.0,-0.0,2032.008451630974,7768.545421439435,143.08696148576087,-0.0,2313.572015780358,-0.0,15.632105730583293,9248.28510221876,20676.936089001152,372.4619646460298,2087.19628,0.0,47.463668697847154,739.0028800000001,194.6294802023632,505.8017589933015,528.4883531393573,-0.0,-0.0,-0.0,1.4378568156159388,-0.0,-0.0,-0.0,17.169701974707973,-0.0,463.02922331083664,-0.0,62.957604807510194,12.537817787436403,94.33077364615202,7.132245107806684,53.61063018515085,99.16984704579187,221.63227020025803,82.51286576795403,1003.1712680408056,2372.9647521743464,656.9199378621784,137704.10024959032
t133,17994.129485852412,2472.959999999999,12357.78190069284,17933.64,41250.810000000005,0.0,-0.0,2032.008451630974,8757.844070219126,143.08696148576087,-0.0,2313.572015780358,-0.0,15.632105730583293,9248.28510221876,35257.97860360902,-0.0,1986.14793,0.0,52.717568697847156,739.0028799999999,177.43602030354478,505.8017589933015,699.3212025114858,6.790545142968966,-0.0,-0.0,2.615808524090147,-0.0,-0.0,-0.0,31.2358311994294,-0.0,-0.0,-0.0,8.57662973162628,26.934134659351756,12.850554279097782,7.195055372770945,16.439430655363225,30.409935827686546,337.1539348553836,121.87131078585121,899.5148570374952,3449.189079587929,677.3093799304143,159566.24254531547
t134,19578.90948585241,2680.7999999999993,13368.14410069284,19223.98,44448.948000000004,-0.0,-0.0,2299.631969406877,8757.844070219126,143.08696148576087,-0.0,3333.327275522049,-0.0,15.632105730583293,10676.414016816345,41043.00037409871,41.87471970828375,2087.19628,0.0,52.717568697847156,773.4513599999999,183.03436040472636,505.8017589933015,870.1540518836143,7.589756851809803,-0.0,11.384635277714699,-0.0,-0.0,12.894841998227875,-0.0,-0.0,122.14495000533557,551.7992366199062,-0.0,27.951804015213494,41.59555009877765,41.88080702279473,10.543449586209675,34.18917085475688,63.243704328396426,226.61283758858085,161.95451530206435,1255.777464328279,3499.2,-0.0,176152.71118339055
t135,21163.68948585241,2888.6399999999994,14378.50630069284,20514.32,47647.086,-0.0,-0.0,2795.6272965242306,8757.844070219126,143.08696148576087,-0.0,4237.186703238982,-0.0,15.632105730583293,10676.414016816345,44680.43307458269,228.10570203129862,2390.34133,0.0,57.971468697847136,875.09664,211.42450050590793,363.37375899330135,1040.9869012557429,13.898501062753223,-0.0,-0.0,1.0943739957758993,5.793744683519467,-0.0,-0.0,13.068113008382797,-0.0,463.3845193406621,-0.0,50.2317567085558,58.45504450263232,75.2633535918462,4.093844095293999,-0.0,-0.0,-0.0,184.20617201639175,753.1475863244906,-0.0,-0.0,184688.40332595736
t136,22581.88671240999,3096.4799999999996,15388.868500692839,21804.66,50845.224,-0.0,-0.0,2795.6272965242306,8757.844070219126,143.08696148576087,-0.0,4237.186703238982,-0.0,15.632105730583293,10676.414016816345,59261.47558919056,414.3366843543135,2680.3242093223635,0.0,57.971468697847136,909.5451200000001,217.0228406070895,458.3257589933014,1211.8197506278714,-0.0,-0.0,-0.0,0.9197550879606313,-0.0,-0.0,32.27258293932451,24.051070823442103,-0.0,852.2207853188924,72.98389070949409,20.791303730640564,15.733016749192771,31.152070858157757,9.30598057729858,27.629383681305846,35.23358518111907,126.24786610937616,123.3,408.3242354553688,1322.6956083872005,-0.0,208656.59292452
t137,24166.666712409988,3304.3199999999997,16399.23070069284,23095.0,54043.362,-0.0,-0.0,3064.1976392001634,8757.844070219126,143.08696148576087,-0.0,4237.186703238982,-0.0,15.632105730583293,10676.414016816345,59261.47558919056,600.5676666773284,2768.2103886447258,0.0,55.34451869784713,876.7968000000001,245.4129807082711,505.80175899330146,1382.6526,-0.0,-0.0,-0.0,1.9539938292152614,-0.0,-0.0,-0.0,-0.0,-0.0,-0.0,-0.0,-0.0,-0.0,-0.0,16.012852583580496,-0.0,-0.0,-0.0,-0.0,-0.0,-0.0,319.3231424782099,213936.4932015968
t138,23180.196809371784,3304.3199999999997,17409.592900692838,23095.0,57241.5,-0.0,-0.0,3064.1976392001634,8757.844070219126,143.08696148576087,-0.0,4237.186703238982,-0.0,15.632105730583293,10676.414016816345,59554.47200226505,786.7986490003432,2768.2103886447258,0.0,57.971468697847136,806.1996800000001,251.0113208094532,505.8017589933015,1507.8,7.082293122574521,5.383988139100018,10.623439683861779,2.262799793129802,-0.0,12.032671478659774,43.10803926138471,14.670464325332933,121.898605082256,-0.0,95.39453073015233,-0.0,-0.0,-0.0,23.822566878141625,-0.0,76.5806935680266,-0.0,-0.0,274.8883771225575,-0.0,811.2343876890629,218862.21933204052
t139,21067.03283708541,3304.3199999999997,16062.364263279444,21374.44572748268,52977.06581986143,-0.0,-0.0,3064.1976392001634,8757.844070219126,143.08696148576087,-0.0,4237.186703238982,-0.0,15.632105730583293,10676.414016816345,56998.20906314554,973.029631323358,2768.2103886447258,0.0,57.971468697847136,739.00288,251.0113208094532,458.32575899330163,1507.8,18.477354696212522,5.578684293366059,-0.0,3.205255406485845,10.464852465585915,-0.0,-0.0,-0.0,252.8208430807965,829.3460633346721,252.9797127369559,36.222762515594596,-0.0,-0.0,13.522566878141625,-0.0,66.33675863912896,-0.0,74.93735936531567,982.5489520686367,1336.0926382961773,668.9595048020301,209984.64396459327
t140,19510.64685665865,3304.3199999999997,15892.649980426408,19653.891454965356,48712.631639722866,-0.0,-0.0,3064.1976392001634,8757.844070219126,143.08696148576087,-0.0,4237.186703238982,-0.0,15.632105730583293,10676.414016816345,48670.94797541394,973.029631323358,2768.2103886447258,0.0,52.717568697847135,739.00288,251.01132080945317,418.2000636856413,1382.6526,-0.0,-0.0,-0.0,4.103705992366069,-0.0,20.83220221683961,-0.0,-0.0,123.38915249233855,1122.6019909803508,80.08196730525077,43.84943945128319,-0.0,-0.0,14.311794187378585,-0.0,-0.0,-0.0,-0.0,1278.2778221825504,2587.1396474491858,805.1306558110613,195303.99223510778
t141,19788.23759463459,3304.3199999999997,15177.30031179512,17933.337182448035,44448.1974595843,-0.0,-0.0,3064.1976392001634,8757.844070219126,143.08696148576087,-0.0,4237.186703238982,-0.0,15.632105730583293,10676.414016816345,48670.94797541394,973.029631323358,2695.728419871201,0.0,45.26569865320427,749.4070224236132,228.21952080945314,425.55036837798093,1132.3577999999998,7.803855605933633,5.9325228841026085,19.1521351209317,4.341884406842736,-0.0,13.258591412121934,-0.0,-0.0,-0.0,576.5667376094588,-0.0,-0.0,-0.0,-0.0,17.033787033885012,-0.0,-0.0,46.9925132666955,-0.0,1571.2845252266502,3499.2,888.6451353232487,189116.47216991565
t142,20188.513377101244,3304.3199999999997,16063.0756,17933.337182448035,44448.1974595843,-0.0,-0.0,3064.1976392001634,8757.844070219126,143.08696148576087,-0.0,4237.186703238982,-0.0,15.632105730583293,10676.414016816345,42844.124958667155,973.029631323358,2421.149751097676,0.0,43.0677286085614,827.0079648472264,185.49472933199092,385.4246730703206,862.8549594838441,-0.0,-0.0,-0.0,2.9881543527522076,-0.0,-0.0,-0.0,-0.0,-0.0,-0.0,161.81030729253297,12.471369254074006,-0.0,18.686128764912898,8.88907400229042,11.425113444168469,21.134367360091854,-0.0,-0.0,1797.0763370557293,4198.820856593466,867.6532199813852,184474.91444035608
t143,21047.0710625402,3512.16,17073.4378,17933.337182448035,44448.1974595843,0.0,-0.0,3064.1976392001634,8757.844070219126,324.72970860963915,0.0,4237.186703238982,-0.0,18.46893399170994,10676.414016816345,38672.64938522634,652.3758224555434,2102.600490548838,0.0,35.61585856391855,837.4121072708396,165.5617378545287,392.7749777626602,718.4995189676886,-0.0,-0.0,-0.0,-0.0,-0.0,-0.0,-0.0,-0.0,146.80367094630367,-0.0,291.3861033176571,-0.0,-0.0,-0.0,-0.0,-0.0,-0.0,-0.0,-0.0,1051.4504579900786,4659.728379639904,991.9080105688066,181811.81109776165
t144,22631.8510625402,3720.0,18083.8,17933.337182448035,42802.32149096922,-0.0,-0.0,3064.1976392001634,9633.336175785857,733.9258810814442,-0.0,4237.186703238982,-0.0,18.46893399170994,8591.120525881306,36759.675964576454,838.6068047785582,1900.503790548838,0.0,30.618210000000005,784.1966237347596,140.3095689272644,352.64928245500033,699.2914784515328,-0.0,-0.0,-0.0,-0.0,-0.0,-0.0,-0.0,-0.0,-0.0,414.73575871480705,111.27106123119091,-0.0,-0.0,-0.0,-0.0,-0.0,-0.0,-0.0,-0.0,-0.0,1472.6394732437125,722.8168392619808,175676.860451061
t145,15440.92097166392,2057.1824480369505,8653.199538106237,11749.186218923574,40183.76327944573,-0.0,-0.0,-0.0,-0.0,365.1252718471868,-0.0,-0.0,-0.0,15.632105730583293,654.8198385234132,18694.033010130588,449.34647880167,1678.5923640447452,0.0,29.00879984103632,569.9823603954152,116.6147542426672,259.98266089716816,605.5246606922144,9.983074155243262,-0.0,-0.0,1.7317577616238309,-0.0,-0.0,-0.0,20.679225035861048,58.408031363824705,-0.0,2.3133267507797086,34.2300658853302,39.77279567363926,79.01307653818984,2.2863399411872574,15.20489912806675,89.36529373300306,100.78119037449386,34.336338140854025,888.1384674443449,1019.9536952383014,641.817756584496,104560.93009507234
t146,17025.70097166392,2265.0224480369507,8308.854822562911,11749.186218923574,40183.76327944573,-0.0,-0.0,-0.0,-0.0,248.58255773220228,-0.0,-0.0,-0.0,15.632105730583293,654.8198385234132,18694.033010130588,266.7798736456436,1983.7130300000001,0.0,38.85859787282906,748.96096,146.00482000000002,356.59346089716826,860.5808397580643,-0.0,1.5092096249970997,2.977903555363404,0.9845885592122864,1.8232062583857578,3.372931578013652,12.083805923634497,-0.0,90.57718045525768,151.4060998367127,26.400120679816247,36.2224671035731,5.994660891822136,43.30847514705544,2.630664312796349,17.030152593101356,8.919744858456525,109.65050019020332,38.45820173497063,-0.0,1133.94292740706,-0.0,105234.379675634
t147,18610.480971663917,2049.9576786059897,9142.41266013621,12592.150961076639,40183.76327944573,-0.0,-0.0,-0.0,-0.0,254.1388561512643,-0.0,-0.0,-0.0,18.46893399170994,654.8198385234132,18694.033010130588,178.1690736456436,2086.7369959552543,0.0,43.454495904621794,860.8237196045849,185.88360500000005,405.6710608971683,1050.6618009498652,0.6118663327302298,-0.0,-0.0,0.4505234824884268,-0.0,-0.0,-0.0,1.2674374035126188,-0.0,-0.0,-0.0,0.9088488591093622,6.682397192926701,33.59026088536819,2.7877304746894094,0.8326031494525346,10.459908193524399,74.54059664901254,1.8802192001373186,17.130355445119474,1190.0797759713457,14.08464802046666,108366.93411294246
t148,19807.40675359264,1772.8214199454817,10152.77486013621,13411.607192257201,36021.44064708875,-0.0,-0.0,-0.0,-0.0,406.0917379009043,-0.0,-0.0,0.0,18.46893399170994,654.8198385234132,18694.033010130588,89.55827364564361,2052.39567397017,0.0,42.796493936414535,905.4896792091697,202.99805000000003,466.0839687177346,1115.893005028343,-0.0,-0.0,-0.0,0.2860662018658877,-0.0,-0.0,6.31329016532011,3.4159669987514825,17.510128062035314,77.63209108083034,-0.0,2.0392896014630155,1.543153708489629,3.055512775346422,2.4087497551276225,1.8682082590583984,12.37558797502975,81.40479974729756,4.218865903697813,38.84988707541329,63.46249357282181,31.762510053723553,106162.82613901063
t149,21392.18675359264,1980.6614199454816,11163.137060136209,13833.778539781793,36021.44064708875,-0.0,-0.0,-0.0,-0.0,525.2092029963144,-0.0,-0.0,-0.0,18.46893399170994,654.8198385234132,18694.033010130588,0.9474736456436119,2220.1510519850854,0.0,36.884591968207275,1017.4333988137546,197.34815500000002,478.9064765383012,1056.170199053222,-0.0,-0.0,-0.0,0.5603042735909413,-0.0,-0.0,-0.0,-0.0,55.74362764504757,168.46519925665768,30.853080020063235,2.625893410897979,1.9870435038842071,3.934434254919278,-0.0,2.4056003395139185,13.369664900414504,15.944812506778149,5.4324271403308835,50.47129822017659,101.997574738902,40.97222353764771,109786.33993693991
t150,22976.96675359264,1703.5251612849736,9815.908422722814,12224.550426398504,33788.988360277144,-0.0,-0.0,-0.0,-0.0,720.4045584949129,0.0,-0.0,-0.0,18.46893399170994,654.8198385234132,17193.441369228774,-0.0,2185.56624,0.0,36.23292,1071.6105203954153,168.93392,444.19578435886734,871.6180379402754,4.027590303486938,3.061790587854866,6.0413854552304045,0.6986636240742646,3.6988074215696356,6.842793729903826,24.514873632958757,8.342865628651513,74.72510372333666,501.2100420374805,88.3165538461097,4.909630540677469,3.715173446049559,7.356208175880829,0.3946726918914219,4.497748783909223,8.320011486718524,29.812001554885484,10.157004121904894,98.52325052563506,238.71630534662523,36.35387680821577,105039.4676006825
t151,20863.802781306265,1589.630855039999,8468.67978530942,10503.996153881184,29524.554180138577,-0.0,-0.0,-0.0,-0.0,733.9258810814442,-0.0,-0.0,-0.0,18.46893399170994,378.823673743835,4999.1891768721625,-0.0,1983.46954,0.0,30.97902,1071.6105203954153,146.14212,361.8946921794338,621.0836920290965,13.98757627654997,10.633412577581351,20.981364414824945,2.4264162928709125,12.845733315198949,23.764606633118053,85.13866580573524,28.97426514428207,267.72327428371295,826.3797627457104,147.35819363244383,10.70663222766185,8.101830762878343,16.041984193459776,1.0018308284553543,9.808424826012363,18.14378951331957,65.01225173138963,22.14979452467627,226.02682848162223,599.7777015760937,132.08535214182484,83845.32069789799
t152,22448.582781306264,1641.599999999999,8990.540200000003,11794.336153881184,25260.12000000001,-0.0,-0.0,-0.0,-0.0,-0.0,-0.0,-0.0,-0.0,18.46893399170994,902.8399372432586,-0.0,-0.0,1983.46954,0.0,30.97902,1011.2143603954153,146.16958000000002,327.0124,495.9362920290964,9.501328422631566,7.222948647816851,9.819106911345873,2.621773331463134,8.725709775886127,42.59976935548551,115.9195198499183,-0.0,62.85199670089662,2056.628684470693,213.3366317318826,20.347724791261296,16.25277291218178,30.487446709054247,3.0204203636926588,18.103308818921438,36.397562397568954,119.99244435105616,-0.0,374.9722586940286,1304.4243439462712,330.4356739358094,79834.9306249648
t153,24033.362781306263,1849.439999999999,10000.902400000003,13084.676153881184,28458.25800000001,-0.0,-0.0,398.19225993787126,2538.4027359617057,621.1948657473345,-0.0,8.82906560511235,-0.0,18.46893399170994,3985.601637982845,-0.0,339.55426530927554,1983.46954,0.0,30.97902,950.8182003954153,127.39391465714785,339.5489078205662,496.24289892036757,-0.0,-0.0,-0.0,4.886230355321095,-0.0,33.3,76.0753207164638,-0.0,212.35863329482706,1696.0758211409911,152.77100837028104,34.16715026115085,25.85467242915945,44.35523328678939,5.408676778791021,30.763386514491398,-0.0,203.9060362563083,-0.0,648.322169044734,2020.2768891116705,564.0065104324761,95017.86331951027
t154,24904.716280728066,2057.279999999999,11011.264600000002,14375.016153881184,31656.396000000008,-0.0,-0.0,1064.6936047534443,5149.140367982007,112.73101533410981,-0.0,1598.4611305580422,-0.0,18.46893399170994,7068.363338722432,5269.554096939823,-0.0,1747.4153532972396,0.0,36.23292,957.6998003954153,146.2245,385.51829217943356,622.0152475497704,7.10145611028759,5.398555920575769,-0.0,2.18773271921238,6.5217454074069705,-0.0,-0.0,-0.0,-0.0,871.8112605429186,-0.0,38.93270528904008,35.57560954986172,33.99459463998454,7.730133923708925,43.06936322444456,22.763803071525075,285.4725741927927,-0.0,904.1431559872948,2678.53614086359,786.8693321677943,113911.29979992313
t155,25921.241795349855,2265.119999999999,12021.626800000002,15665.356153881185,34854.53400000001,-0.0,-0.0,1731.1949495690174,4584.253892778726,733.9258810814442,-0.0,3204.3951822442514,-0.0,18.46893399170994,7068.363338722432,15811.344458441437,-0.0,2151.6087532972397,0.0,44.93123147675991,994.1400296364845,187.87434534285217,478.9064765383009,868.4635494716692,-0.0,-0.0,10.482546486810596,-0.0,12.939631011576722,10.026217073451905,42.5363195876362,14.475897529405112,114.82964103603761,-0.0,-0.0,54.33944799635804,9.684026657528557,57.07885846151967,10.392708586215218,26.42020744518069,48.872544907751816,179.30106890170043,31.873345231750076,1192.1372184227766,2180.756014026398,473.14767437572925,133075.04313956122
t156,27030.966949869937,2472.959999999999,13031.989000000001,16955.696153881185,38052.672000000006,-0.0,-0.0,2397.69629438459,1499.734006176292,733.9258810814442,-0.0,4237.186703238982,-0.0,18.46893399170994,7068.363338722432,30392.38697304931,88.04346924239921,2757.89885329724,0.0,58.883442953519825,712.8445707589308,252.3434506857043,478.9064765383012,1126.3327519295558,7.717284497432834,-0.0,-0.0,1.3387126169016137,-0.0,-0.0,-0.0,30.461701131230264,-0.0,576.3239894606462,-0.0,70.40817225546351,24.25531975433815,85.93066497028012,5.079260280368388,34.50664279094572,58.74068424815066,296.22681106878224,71.7101620573958,641.863965433724,3251.3291762155504,782.4487977810502,155305.6405943638
t157,27874.382351491917,2680.7999999999993,14042.351200000001,18246.036153881185,41250.810000000005,-0.0,-0.0,3064.1976392001634,4110.471638196593,733.9258810814442,-0.0,4237.186703238982,-0.0,18.46893399170994,7068.363338722432,44973.42948765718,176.6542692423992,2757.89885329724,0.0,58.88344295351983,749.36576,252.34345068570437,478.9064765383012,561.5097822094081,-0.0,4.4962048025642956,8.871706120495991,2.3646922362787013,5.4316568084669345,10.048565095663829,35.999814291672514,-0.0,96.24904401158398,461.2867952117173,-0.0,38.00213249462993,40.85258001309911,118.7939763030374,8.869765394896943,54.6,95.90971498284814,-0.0,69.50846214622209,641.863965433724,2055.7987064900844,1136.3480454214562,178221.2811896466
t158,28365.0,2888.6399999999994,15052.7134,19223.98,44448.948000000004,-0.0,-0.0,2695.2623481253463,6721.209270216894,733.9258810814442,-0.0,3316.594658824754,-0.0,18.46893399170994,10151.125039462018,44973.42948765718,265.2650692423992,2757.89885329724,0.0,58.88344295351983,853.0837492410693,252.34345068570437,478.9064765383012,819.9368723166056,-0.0,-0.0,-0.0,-0.0,5.173221631475188,-0.0,-0.0,10.177303878210028,92.07606218764096,893.0255483616295,-0.0,60.257285803951476,12.59330844011927,62.83936540576247,8.869765394896943,54.6,133.62398485267155,101.05362138534736,115.54974407641245,641.863965433724,3331.809994752626,1136.3480454214562,190735.47615066014
t159,28365.0,3096.4799999999996,16063.0756,20514.32,47647.086,-0.0,-0.0,1907.8080182392723,9331.946902237194,24.2307373539752,-0.0,4237.186703238982,-0.0,18.46893399170994,10151.125039462018,44973.42948765718,607.7954249230261,2170.9050336135906,0.0,58.88344295351983,993.0958196258513,252.34345068570437,478.9064765383012,1078.670569315074,-0.0,3.7684193866221465,-0.0,-0.0,9.12848490804016,8.422037958021306,-0.0,-0.0,173.11653704828456,659.351830916851,-0.0,85.55495379356154,31.736342438968496,62.83936540576247,13.24167781592016,-0.0,133.62398485267155,254.66479664440578,53.29069132811357,1109.8786194022823,4773.85742545621,397.1517308269425,199740.38453801803
t160,28365.0,3304.3199999999997,17073.4378,21804.66,50845.224,-0.0,-0.0,2574.3093630548456,9633.336175785857,645.4256031013097,-0.0,4237.186703238982,-0.0,18.46893399170994,10151.125039462018,44973.42948765718,715.6986715519931,2555.80215329724,0.0,53.62954295351983,1065.9110900106332,229.57911068570445,431.37327653830124,1337.6438122247218,-0.0,4.301797765053496,-0.0,-0.0,-0.0,18.036122896026768,-0.0,11.721677131622275,174.22312623615278,227.61307776693872,-0.0,119.2,57.19593277303519,23.95048329561071,8.756174056294592,14.643856527887387,101.0,97.06248493484338,122.89529195317837,586.7274641323319,3187.5996344177665,296.79144826614186,205067.2793357069
t161,28365.0,3512.16,18083.8,23095.0,54043.362,-0.0,-0.0,3064.1976392001634,9633.336175785857,733.9258810814442,-0.0,4237.186703238982,-0.0,18.46893399170994,10676.414016816345,59554.47200226505,627.5392879179368,2757.89885329724,0.0,58.88344295351983,1071.6105203954153,252.34345068570443,478.9064765383012,1471.779329743864,-0.0,8.74326127107489,-0.0,1.013488316810251,-0.0,-0.0,-0.0,23.82391997353292,-0.0,-0.0,-0.0,59.6,45.1,-0.0,16.293688301033782,-0.0,-0.0,-0.0,123.3,-0.0,-0.0,-0.0,222014.15907177396
t162,26535.124805382162,3720.0,18083.8,23095.0,57241.5,-0.0,-0.0,3064.1976392001634,9633.336175785857,733.9258810814442,-0.0,4237.186703238982,-0.0,18.46893399170994,10676.414016816345,59554.47200226505,715.698671551993,2757.89885329724,0.0,58.88344295351983,1011.5382003954153,252.3434506857044,478.9064765383012,1471.779329743864,-0.0,-0.0,-0.0,0.9820187213285803,-0.0,-0.0,-0.0,-0.0,-0.0,-0.0,-0.0,-0.0,-0.0,-0.0,5.993688301033782,-0.0,-0.0,-0.0,-0.0,-0.0,-0.0,-0.0,223347.45028995012
t163,24421.96083309579,3442.8637413394918,16736.571362586605,21374.44572748268,57241.5,-0.0,-0.0,2866.013885858072,8193.696007936556,733.9258810814442,-0.0,4237.186703238982,-0.0,18.46893399170994,7034.209739004924,56718.64476413302,715.6986715519929,2555.80215329724,0.0,53.62954295351983,951.4658803954153,229.57911068570436,431.37327653830124,1356.1314820715822,10.51966216901029,7.99709011827823,15.779493253515431,2.8068580771773037,6.507236537680733,17.87269133816544,49.61825741303298,-0.0,190.32747849348576,832.9631655875963,150.58474384910954,40.05478696356192,-0.0,60.01497442694763,12.915908195743308,36.69448604380001,-0.0,243.2185805723667,82.86502068132859,823.0482408092843,-0.0,-0.0,211896.95637177312
t164,22308.796860809416,3165.7274826789835,15389.34272517321,19653.891454965356,52977.06581986143,-0.0,-0.0,2309.799240484267,5583.7015796348005,341.50853975392397,-0.0,2890.5190856170775,-0.0,18.46893399170994,4349.718947539201,46623.84477001722,654.1649374487948,2336.499705984116,0.0,43.12174295351983,891.4745203954152,184.05043068570433,412.10658435886745,1179.741796315017,14.805327237757483,16.700006837019288,12.043264991978802,1.392758536487344,7.37342754610947,13.640840960302516,-0.0,23.713987837643426,384.9648713705061,536.3460838694328,166.56372856959666,63.51770477031515,17.754657602090116,95.16998382532118,16.970741306641937,58.18903826273838,39.760984873860345,385.6888818184069,131.40491607684325,1276.1283807100224,1459.4289462006102,380.0832873742735,186415.18697924598
t165,20195.632888523043,2888.5912240184753,14042.114087759815,17933.337182448035,48712.631639722866,0.0,-0.0,1522.344910598193,2551.3344524897852,341.50853975392397,-0.0,1762.4458609927335,-0.0,18.46893399170994,1390.1964989232906,31051.048470349568,681.7469381466786,2319.2939586709927,0.0,36.03613683807545,831.4831603954151,153.89259534285213,345.30669217943375,878.5230522965833,11.571156672014135,10.596447368295339,-0.0,-0.0,-0.0,-0.0,60.037343754381354,47.68281237252985,246.38718306379866,-0.0,334.3509203474339,82.02201023634122,31.757076671180307,122.89539453196761,6.670741306641936,75.14096910913139,71.11895219044814,479.29220314179804,169.68647419699448,1625.8859866944415,2535.1110630355483,678.7142161336396,154244.8581742681
t166,18082.46891623667,2611.454965357967,12694.88545034642,16212.782909930713,48712.631639722866,-0.0,-0.0,971.8497484387979,-0.0,341.50853975392397,-0.0,630.1496315309001,-0.0,-0.0,-0.0,20632.923456200184,621.2230736456436,2099.991511357869,0.0,34.204430722631045,771.5727603954151,146.55402,325.8684,702.6915510652859,19.6,-0.0,14.604543953237116,1.6889608653403472,8.941557522390072,16.541881416421635,-0.0,44.13700427983292,350.1173859035751,-0.0,214.02821206127547,56.67995526269643,42.89036883133572,144.93980672491392,9.213377875369225,88.61941150257896,96.0516020391332,568.6300841342646,200.12405564593377,1895.6273869954255,3366.359684171097,911.1004232369173,133642.65670712705
t167,15969.304943950297,2334.3187066974588,11347.656812933026,14492.228637413391,44448.1974595843,-0.0,-0.0,360.9734319841708,-0.0,-0.0,-0.0,-0.0,-0.0,-0.0,-0.0,20632.923456200184,621.7280084467252,2082.785764044745,0.0,30.99168,749.6896,146.58148000000003,325.8112,652.3254946961628,8.793133704306221,6.6845761323552395,13.189700556459332,-0.0,8.075326871301632,14.93935471190802,53.5214719859047,21.75135266732438,294.6290422381554,637.2783501284155,123.18181289108244,66.29097168600897,50.1631346147484,159.34020549340067,0.5743421230222339,97.4241346017881,112.33872718602191,517.4832328566858,220.00724901832365,2065.6149384200635,3910.7162197335056,1060.9375539681942,123638.45150753946
t168,13856.14097166392,2057.1824480369505,10000.428175519632,12771.67436489607,40183.76327944573,-0.0,-0.0,-0.0,-0.0,495.0806449919994,-0.0,-0.0,-0.0,-0.0,-0.0,18694.033010130588,711.2881789482977,1983.46954,0.0,33.032829277368954,718.7715020285872,146.60894000000002,325.754,663.270808195397,15.085613437469945,11.468144909097049,22.628420156204914,1.0915526067732988,13.854134789513214,25.630149360599447,91.82212668827367,31.24877069190203,235.17424538012466,1099.7209576523023,209.6013211197099,72.92615776680776,55.184055625554194,109.26687732509954,1.721026965844843,66.80819151120308,123.58291836321449,442.81839758066667,150.86904786321134,1359.8374006993654,4281.3720058427725,1162.3650615740762,112224.57527104433
t169,11742.191041091244,1859.8777671648324,9360.63807561561,14662.604203793999,28537.764376320803,-0.0,-0.0,1148.4277618702447,2892.8193677697427,733.9258810814442,-0.0,685.9823391063873,-0.0,18.46893399170994,10676.414016816345,57117.07627230352,-0.0,2002.2478646039774,0.0,46.286383994313894,821.0375459290312,202.3306624507176,-0.0,0.7450676912615677,3.80184303769556,2.8901765949828486,5.702764556543338,-0.0,10.513629509643811,6.459253732411333,-0.0,-0.0,60.04845300087708,291.68242416544274,124.6471839222474,-0.0,15.723254367874588,-0.0,9.42060442606055,37.41043894925911,92.37680068272964,-0.0,146.29360527919604,-0.0,4202.025790241294,1402.5199167827195,148920.35370084413
t170,12436.178980625415,1710.2785530061888,8013.409438202216,14662.604203793999,27543.675879549366,-0.0,-0.0,360.9734319841708,2581.7810643722546,733.9258810814442,-0.0,1025.318599866563,-0.0,18.46893399170994,10676.414016816345,57117.07627230352,220.04225074877218,2335.246392376418,0.0,53.99195593533519,905.7662186943176,236.82042245071761,47.476,125.89246769126157,-0.0,-0.0,-0.0,0.46646239691631114,-0.0,-0.0,-0.0,5.570109798471244,-0.0,-0.0,36.31556780128031,2.7953246355303345,17.838508412546034,4.188296811289577,9.903689052670657,-0.0,97.11384410871226,16.97362391943671,90.26476052267438,50.68968843878179,1365.5396355150806,942.1716961273871,143445.17217103078
t171,14020.958980625415,1433.1422943456807,6666.180800788821,14723.772939998082,30741.813879549365,-0.0,-0.0,1027.474776799744,1413.9610225413242,733.9258810814442,-0.0,2072.896170110018,-0.0,-0.0,10676.414016816345,57094.80994025803,440.08450149754435,1948.3041591100255,0.0,53.99195593533519,1057.691691459604,271.31018245071766,94.952,0.7450676912615677,1.1154976493582527,-0.0,1.673246474037379,-0.0,1.024436616757579,1.8952077410015211,6.789738243287731,7.880783500713338,18.1561499138624,-0.0,51.24647701206299,5.088541379300129,19.57381168677452,7.624274247843984,-0.0,2.1008327887555502,-0.0,30.89837458336773,95.00894885332565,92.9083797565336,1505.0094798280775,696.8031635905157,147017.22760492435
t172,15605.738980625416,1542.0772049297345,5318.952163375426,14975.324982822434,33939.951879549364,-0.0,-0.0,481.9264170546719,1413.9610225413242,463.1795319459158,0.0,3521.4229353563405,-0.0,15.632105730583293,10676.414016816345,57094.80994025803,-0.0,1877.109286882466,0.0,51.540283994313896,1276.8139642248905,179.53886245071766,47.476,-0.0,-0.0,-0.0,-0.0,0.2682252899759353,-0.0,-0.0,-0.0,-0.0,-0.0,114.82262653695979,20.48171832760213,6.678304287348366,20.77680341752914,10.006251222486728,0.18229673029290283,3.5572263253232306,-0.0,40.551649691130436,56.80221422131582,122.42204961948786,979.1941576174559,413.4459303185522,150271.05903216347
t173,17190.518980625417,1264.9409462692265,5318.952163375426,15720.145724881326,37138.08987954936,-0.0,-0.0,1148.427761870245,1413.9610225413242,575.9454588655462,-0.0,2583.3524379795076,-0.0,18.46893399170994,10676.414016816345,57094.80994025803,220.04225074877218,2008.0111146549066,0.0,53.99195593533519,1276.8139642248905,214.02862245071765,22.968164439385873,-0.0,0.04420656576237647,0.5389186472804749,1.0633696798688566,-0.0,-0.0,1.204428923116766,4.314966081916823,1.4684628912474686,11.83310880182654,60.2116903673835,29.772698926499352,6.973588773400162,-0.0,10.448682507795878,0.23332743845286083,3.8277386229478623,0.5003982062287142,42.34466068948857,14.426904291279193,127.9790303326779,887.9213006715947,96.98421851602052,155241.97504041225
t174,18775.298980625415,1472.7809462692264,6329.314363375426,15720.145724881326,40336.22787954936,-0.0,-0.0,360.9734319841708,1413.9610225413242,509.9175950611397,-0.0,685.9823391063873,-0.0,-0.0,10676.414016816345,57094.80994025803,440.08450149754435,1936.816242427347,0.0,41.03248399431389,1276.8139642248905,271.31018245071766,203.54856443938587,258.7184738591118,-0.0,-0.0,-0.0,-0.0,-0.0,2.8401990224667495,-0.0,3.4628252345991006,-0.0,136.00771881966298,-0.0,-0.0,0.67961356501697,7.606050693313739,0.3885385187117254,-0.0,-0.0,30.824521230797785,16.284916543310068,94.25561644527093,506.27104845706015,109.64170366134682,158712.41340555303
t175,20360.078980625414,1680.6209462692264,7339.676563375426,16677.698496756148,43534.36587954936,-0.0,-0.0,360.9734319841708,1413.9610225413242,189.60061328758576,-0.0,1025.3185998665633,-0.0,15.632105730583293,10676.414016816345,57885.43283777918,-0.0,2067.7180701997877,0.0,53.99195593533519,923.2980914596039,214.02862245071765,-0.0,-0.0,2.7205768582854053,2.0681936320639047,4.080865287428106,-0.0,-0.0,4.6222045602502035,16.559429550686165,-0.0,45.965984820754294,289.74412788207866,34.59923672225174,-0.0,-0.0,7.606050693313739,0.7097725051081056,-0.0,3.1499643326246995,42.11137362660846,-0.0,129.58868604225972,-0.0,38.321632731539125,165040.65833387207
t176,21944.858980625413,1888.4609462692263,8350.038763375425,17885.19810442146,46732.50387954936,-0.0,-0.0,1027.474776799744,3059.5112920307965,733.9258810814442,-0.0,2631.2526515527725,-0.0,2.4010914402175927,10676.414016816345,59554.47200226505,-0.0,2400.7165979722286,0.0,41.03248399431389,1276.8139642248905,271.31018245071766,-0.0,-0.0,4.301372795261212,-0.0,15.603061730101793,2.182829448249658,11.556155902498192,26.001092979871856,93.15106283779917,26.06555164674592,175.6699956063956,204.72936349132067,191.3621148544277,-0.0,2.3738073790238747,6.488340161203771,0.5421333925486902,2.873833323607618,-0.0,35.788693629699395,-0.0,-0.0,-0.0,80.77025280231754,179355.84527685048
t177,23529.638980625412,2096.300946269226,9307.740467711305,18494.0586536359,49930.64187954936,-0.0,-0.0,457.3834312466819,1413.9610225413242,733.9258810814442,-0.0,4237.186703238982,-0.0,13.599821935583122,10676.414016816345,59554.47200226505,-0.0,2935.8118257446695,0.0,53.99195593533519,923.2980914596039,271.31018245071766,47.476,-0.0,19.6,11.630078844418772,9.151002537209973,1.4366729429492437,-0.0,25.992055403969474,93.11868497578251,9.631305838653386,92.41417846691078,-0.0,-0.0,5.967492367899791,4.515669560273164,15.429566141966376,1.5734282145179492,8.340697137153398,10.112696797950987,72.02418839384258,12.345500150369869,109.27626460154187,-0.0,161.30223432688751,185341.07357920922
t178,25114.41898062541,2242.091504845538,10268.650632160188,18913.283944159302,52973.126838106844,-0.0,-0.0,1123.8847760622548,4024.698654561625,733.9258810814442,-0.0,4237.186703238982,-0.0,18.46893399170994,10676.414016816345,59554.47200226505,-0.0,2935.8118257446695,0.0,53.99195593533519,1276.8139642248905,214.02862245071765,-0.0,-0.0,4.953894028285019,8.09543704648933,9.151002537209973,1.4366729429492437,4.5494945157719595,51.39248682201978,95.13298915513434,-0.0,-0.0,-0.0,-0.0,10.933369124191668,12.789074719686656,21.166694353234092,3.4629198584638243,18.35683730797328,28.640721656061025,138.4132200388923,-0.0,305.778989069306,625.7711149274036,-0.0,195701.29415437338
t179,26699.19898062541,2449.9315048455383,11279.012832160188,20203.623944159302,54043.362,-0.0,-0.0,360.9734319841708,3825.011531213095,733.9258810814442,-0.0,2339.8166043658616,-0.0,18.46893399170994,10676.414016816345,59554.47200226505,-0.0,1794.4264979722288,0.0,53.99195593533519,1276.8139642248905,271.31018245071766,180.5804,-0.0,18.453225670145038,6.5123206310622965,-0.0,-0.0,16.94683990115361,31.35165381713417,57.99983940380272,-0.0,-0.0,-0.0,-0.0,26.17224556049974,20.36792297348701,43.99944042307152,6.096484074805655,32.317284513047454,-0.0,137.9798287289858,31.526064842227935,576.6108662114661,1501.4506502186478,206.2972392137201,198475.41657027457
t180,27371.36548316389,2657.7715048455384,12289.375032160187,21493.963944159303,57241.5,-0.0,-0.0,1027.474776799744,4885.643166327388,733.9258810814442,-0.0,2847.6940640180765,-0.0,18.46893399170994,10676.414016816345,59554.47200226505,220.04225074877218,2935.8118257446695,0.0,53.99195593533519,1276.8139642248905,271.31018245071766,47.476,125.1474,9.88668309505638,-0.0,16.55018613736701,-0.0,9.07960692403137,16.797272809458033,5.85756750543144,1.9934387319406248,170.70075178185178,809.3445092411212,144.99022297884628,39.17878791136317,35.28707333384267,73.54001973969591,9.503740143800407,50.379049694320614,33.410957569754366,257.6969133279373,72.31389720213599,674.8555708725713,2619.993122701637,-0.0,210780.02175643525
t181,28365.0,2858.7211725521965,13077.628485732443,22635.55605642078,57241.5,-0.0,-0.0,1693.976121615317,1801.1232797249536,509.9175950611397,-0.0,4237.186703238982,-0.0,18.46893399170994,10676.414016816345,59554.47200226505,440.08450149754435,2198.6198979722285,0.0,53.99195593533519,1276.8139642248905,271.31018245071766,-0.0,-0.0,-0.0,7.384103157329587,-0.0,-0.0,-0.0,-0.0,64.97995050337909,22.11388089218098,197.9743895800532,-0.0,258.5,64.40460386460936,54.37573607698701,111.33641847501275,4.359495038899928,41.17132140689802,76.15940406770511,48.971792413168714,124.50086208527784,1102.2476859979342,4037.26020257986,363.10573596217216,213489.63045160112
t182,28365.0,3066.5611725521967,14042.351200000001,23095.0,57241.5,-0.0,-0.0,906.5217917292431,4411.860911745254,189.60061328758576,-0.0,2339.8166043658616,-0.0,18.46893399170994,10676.414016816345,59554.47200226505,-0.0,2935.8118257446695,0.0,53.99195593533519,1276.8139642248905,214.02862245071765,47.476,125.1474,-0.0,-0.0,13.386500043593083,-0.0,-0.0,15.162260253457474,-0.0,-0.0,-0.0,-0.0,118.78132588174358,90.55208477621076,29.061833209759218,106.51432780707555,8.87827110248205,41.17132140689802,101.0,207.74315721029203,55.29456001145995,992.9714213963923,4037.26020257986,570.9032860045783,214949.51756679267
t183,28067.992882507257,3274.401172552197,15052.7134,23095.0,57241.5,-0.0,-0.0,1573.0231365448162,7022.5985437655545,460.7169066607218,-0.0,3945.750656052071,-0.0,18.46893399170994,10676.414016816345,59554.47200226505,220.04225074877218,2935.8118257446695,0.0,53.99195593533519,1276.8139642248905,271.31018245071766,94.094,-0.0,-0.0,5.281319125718623,23.807357915816404,-0.0,-0.0,-0.0,-0.0,-0.0,-0.0,511.1926160091819,210.94679062402088,30.95208477621076,29.061833209759218,118.99760165007982,13.583620504786975,51.762020564922615,147.13983394493178,63.03525648264821,59.460274263771986,295.1401057665142,3430.364395305135,962.5450418059663,220788.38598220958
t184,27189.69293784059,3482.241172552197,16063.0756,23095.0,57241.5,-0.0,-0.0,2239.5244813603895,9633.336175785857,733.9258810814442,-0.0,4237.186703238982,-0.0,18.46893399170994,10676.414016816345,59554.47200226505,440.08450149754435,2935.8118257446695,0.0,53.99195593533519,1276.8139642248905,271.31018245071766,274.6744,125.1474,-0.0,10.859211400261483,21.426900346824667,-0.0,-0.0,12.466027700823973,-0.0,-0.0,109.35993823792046,530.0834357319072,-0.0,-0.0,50.740037515009135,161.92140751391167,14.339404994907625,78.0065871961121,195.68747551544712,35.65728914121286,118.72685055728228,-0.0,3430.364395305135,1370.6216508019156,225682.93274674442
t185,25076.52896555422,3512.16,17073.4378,22061.767289191324,52977.06581986143,-0.0,-0.0,2484.990223355853,9633.336175785857,733.9258810814442,-0.0,4237.186703238982,-0.0,18.46893399170994,10676.414016816345,59554.47200226505,-0.0,2935.8118257446695,0.0,53.99195593533519,1276.8139642248905,236.82042245071767,455.2548,383.86587385911184,-0.0,10.961335074866122,10.622363646275431,-0.0,-0.0,24.49748040221758,-0.0,-0.0,214.47037372257893,1048.8625378069883,92.04470873397341,32.05460811374026,29.89612519839312,120.64953678500237,19.87904364543656,23.406587196112095,149.0082040303425,181.21758194800478,61.741165665070426,530.21961884868,1769.089747829945,843.9524756099545,218544.8861476145
t186,22963.364993267845,3720.0,18083.8,23095.0,48712.631639722866,-0.0,-0.0,3064.1976392001634,9633.336175785857,376.5777227051628,-0.0,4237.186703238982,-0.0,18.46893399170994,10676.414016816345,59554.47200226505,-0.0,2935.8118257446695,0.0,53.99195593533519,1276.8139642248905,271.31018245071766,455.2548,642.5843477182236,-0.0,11.1156220701314,21.93283817864853,-0.0,-0.0,24.84229630438763,-0.0,-0.0,216.73789757146102,1066.372094881054,189.0829586866803,32.05460811374026,52.412779119766384,120.64953678500237,14.721428022158172,50.666216998927624,163.68259308469533,-0.0,-0.0,584.8666032189855,-0.0,706.7880148281399,213027.14239093158
t187,20850.201020981473,3442.8637413394918,17444.009900095978,21374.44572748268,48712.631639722866,-0.0,-0.0,3064.1976392001634,9633.336175785857,733.9258810814442,-0.0,4237.186703238982,-0.0,18.46893399170994,10676.414016816345,59554.47200226505,71.1447211788244,2733.7151257446694,0.0,53.99195593533519,1276.8139642248905,259.0081024507176,455.2548,-0.0,8.605599636920305,14.236014941632373,28.089854985502797,1.9404725694095566,10.27309007334471,-0.0,68.08775809722356,-0.0,166.10802135674288,612.0596898677932,116.6207463896759,66.07042266513571,52.412779119766384,82.31618509774755,20.6,27.228355832924127,221.32684257615406,155.27677880550328,70.37164319105803,-0.0,1930.1009026132638,1020.5232271448189,209264.33043650107
t188,19452.339506961736,3165.7274826789835,16096.781262682583,21158.72087193919,44448.1974595843,-0.0,-0.0,3064.1976392001634,7421.821701943041,733.9258810814442,-0.0,4237.186703238982,-0.0,18.46893399170994,10676.414016816345,59554.47200226505,291.1869719275966,2329.5217257446693,0.0,41.03248399431389,1276.8139642248905,270.70606245071764,455.2548,258.7184738591118,-0.0,16.861823702940942,22.385003336467015,0.7056661602921763,3.735879672135056,-0.0,135.00775622556068,22.774115037807938,332.4417654336816,-0.0,-0.0,40.49845246118988,33.06217750570671,44.00113578210388,16.18068300166708,3.80168514273214,150.76612221716115,-0.0,140.7685571818882,577.5923348597557,3896.023119198134,1496.5809490187473,201884.67517052277
t189,17339.175534675363,2888.5912240184753,14749.552625269189,19824.267021345964,40183.76327944573,-0.0,-0.0,2483.1096192564796,4752.781261908323,405.70461897542475,-0.0,2984.269570257598,-0.0,18.46893399170994,10676.414016816345,59554.47200226505,511.22922267636875,2056.23015351711,0.0,53.99195593533519,1209.6171642248905,259.61222245071764,-0.0,-0.0,-0.0,4.422639466137486,8.726550356002821,2.5261171761568613,13.373561520830446,17.829711420086472,35.41079787316791,40.6,199.2614185686798,776.8357051791791,137.41609763123395,53.14658203895716,55.93987936715257,-0.0,10.3,31.498415112464826,202.0,-0.0,203.31446936628456,1104.730266979671,5682.429690618207,1925.6549933902625,190456.66732309453
t190,15226.01156238899,2611.454965357967,13402.323987855794,18103.712748828642,40092.86238114602,-0.0,-0.0,1695.6552893704056,4993.523995460667,426.04000702181315,-0.0,1086.8994713844777,-0.0,18.46893399170994,10676.414016816345,57117.07627230352,731.2714734251409,1985.0352812895505,0.0,41.03248399431389,1276.8139642248905,271.31018245071766,47.476,258.7184738591118,-0.0,-0.0,-0.0,1.5169242778436103,8.030775588583818,-0.0,-0.0,28.549049508377053,-0.0,-0.0,327.57226743320007,18.763696678098118,29.921957726636755,37.78336136367932,14.657991288307919,-0.0,143.73370098243686,153.12204342122672,185.1117898498252,1126.0621343335738,7176.890494690053,1958.0647866110435,181271.88246492294
t191,13112.847590102618,2334.3187066974588,12055.0953504424,16383.15847631132,36084.631165124214,-0.0,-0.0,2362.156634185979,3226.345095662735,260.59460380407177,-0.0,685.9823391063873,-0.0,18.46893399170994,10676.414016816345,57117.07627230352,951.3137241739131,1718.8834179621542,0.0,53.99195593533519,1276.8139642248905,56.48635550185166,94.952,0.7450676912615677,-0.0,8.252302429450062,16.283066538646427,-0.0,18.0,18.443065161119936,66.07380401566391,51.035189014126885,169.12083647805838,-0.0,222.07261359848343,38.821597332032695,45.1,58.16725908977382,16.12970597840848,18.375190867530673,177.7244386677958,235.73047104803072,226.60741318254554,329.0073600016524,6437.356214563015,2064.4582049801875,168687.0344029847
t192,11284.268749011022,2057.1824480369505,10707.866713029005,16383.15847631132,31820.196984985647,0.0,0.0,1935.8820917563185,2768.987378869367,733.9258810814442,-0.0,1086.8994713844777,-0.0,18.46893399170994,10676.414016816345,57117.07627230352,617.3865549750833,1647.6885457345948,0.0,26.145341682938476,618.9618097837091,113.76791550185166,178.5442867523157,259.46354155037335,-0.0,-0.0,-0.0,1.3264044121760077,7.022141005637686,-0.0,-0.0,26.274018171287445,-0.0,-0.0,71.86282232575354,52.50301028950346,55.452881281576026,78.66642313511171,18.494111237837153,30.908834281589456,80.35002281762642,318.80603060018956,254.9114101230849,573.5127457064452,7266.367126199853,1295.829072871117,160184.5724680168
t193,24199.91660452242,2334.4650346420312,9745.580450427924,12063.040080654537,47249.321186354355,-0.0,-0.0,423.86701873509566,1753.4406103359997,733.9258810814442,-0.0,1897.3700988731205,-0.0,18.46893399170994,-0.0,59554.47200226505,1013.2564746320659,1862.5351866958508,0.0,26.114704191838918,675.8291541369294,117.9780814366157,228.02191756938862,125.1474,2.842490366744072,2.1608727788003406,4.263735550116107,0.49308506361886967,2.61045033680578,4.829333123090693,17.301484732273863,5.888015759684149,140.0672324474703,171.38050758029507,41.34004189300947,3.103494505364104,2.3484497012067296,-0.0,0.5363421712290314,2.843134228068458,82.24172997194945,18.84487687065888,6.4204844381106385,127.08142138034623,2377.731252734993,747.7051780162267,167784.7844341964
t194,24144.941714346645,2057.328775981523,8398.35181301453,12063.040080654537,47249.321186354355,-0.0,0.0,423.86701873509566,792.3634301638715,733.9258810814442,-0.0,1897.3700988731205,-0.0,18.46893399170994,1081.793990736338,59554.47200226505,812.4179076602791,1836.3399675218884,0.0,31.711283081330183,729.36864,146.9359209577438,328.38520000000005,-0.0,-0.0,-0.0,-0.0,-0.0,-0.0,-0.0,-0.0,-0.0,-0.0,263.7755531486035,-0.0,5.029319833327527,3.8057436993803933,2.8855067413948596,0.869160977907274,4.607397028518171,3.2635630557769417,30.538772612101205,10.404616366598725,163.40417514441137,297.4761443690045,-0.0,163086.4637983965
t195,24768.246529920136,2265.168775981523,7083.077936166153,12222.045845143783,47249.321186354355,0.0,-0.0,423.86701873509566,792.3634301638715,423.2046227278943,-0.0,1897.3700988731205,-0.0,18.46893399170994,1081.793990736338,59554.47200226505,1060.7049499490834,2011.997958347926,0.0,32.05396197082145,729.28768,153.1294204788719,469.83811143265524,114.04740588055128,0.31223072521184647,0.23735907171716894,0.46834608781776954,-0.0,0.2867425027455732,0.5304736300793104,1.9004655876414935,0.6467636450816818,5.193184715771818,-0.0,4.330293654162064,5.910416735131932,4.472479777759229,4.205673743595083,1.0214310800647466,5.414576405003414,4.756697067224003,35.888923094702115,12.227422540969247,180.1379181499786,353.017801121365,13.382112789169774,162984.80117124412
t196,22655.082557633763,1988.0325173210151,7083.077936166153,12222.045845143783,50447.459186354354,-0.0,-0.0,105.87677180435176,792.3634301638715,50.95801805923879,-0.0,1897.3700988731205,-0.0,18.46893399170994,1428.1289145975852,59554.47200226505,-0.0,1985.3157591739634,0.0,34.26054598541072,796.3225600000001,136.55858,469.8381114326553,380.2405896018377,-0.0,-0.0,-0.0,-0.0,-0.0,-0.0,-0.0,-0.0,-0.0,-0.0,9.48000955957008,7.012196817307458,5.306209336586683,5.8564952425594194,1.2118393828568257,6.423925272231329,6.62380760916575,42.57909443261021,14.50677630157734,-0.0,414.503306697142,29.823849790985335,162589.19986901045
t197,20541.91858534739,1710.896258660507,7083.077936166153,12066.508842355377,46183.02500621579,-0.0,-0.0,-0.0,488.93963967824914,50.95801805923879,-0.0,1897.3700988731205,-0.0,18.46893399170994,1428.1289145975852,59554.47200226505,249.09801888870498,1756.29337,0.0,31.213230000000003,795.9987200000002,136.50366000000002,374.7172000000001,646.5619907503828,1.8354133182933028,1.3952886960495006,2.7531199774399537,0.31838802460189947,1.6855836596571145,3.118329770365662,11.171673922060766,3.8019275878932697,30.99676168599551,134.12332031607195,33.78797486180746,4.4773828789966394,3.3880867087709463,6.70856193111409,0.7737759002292849,4.101763509953297,7.587511254675512,27.187329931357105,9.262773640608817,10.932629486814891,451.72113711008467,38.06878893470803,155803.3479489568
t198,19790.254220825074,1433.759999999999,7028.625314328427,10890.669752257116,46183.02500621579,-0.0,-0.0,-0.0,-0.0,50.95801805923879,-0.0,-0.0,-0.0,18.46893399170994,1428.1289145975852,59554.47200226505,-0.0,1554.19667,0.0,25.95933,728.96384,113.71186000000002,469.8381114326553,857.3218707109512,4.819613113350581,3.6638895606593698,7.229419670025869,0.8360553359893865,4.426175308179104,8.188424320131343,29.335706348098178,9.983484306226202,51.12152968584567,233.6137825942103,62.23811704693482,6.769960009538869,5.122905980372533,10.143581021003705,1.1699763103733278,6.202010344309098,11.47258323764137,41.1081967693308,14.005638744566145,55.37251690066064,129.54821136756323,69.99582681171735,150894.72144947032
t199,21375.034220825073,1641.599999999999,7980.1780000000035,11192.596309309878,42317.10618013857,-0.0,-0.0,-0.0,-0.0,-0.0,-0.0,-0.0,-0.0,18.46893399170994,1428.1289145975852,59554.47200226505,-0.0,1553.95318,0.0,25.95933,728.88288,113.73932,278.96440000000007,1123.8214139268775,-0.0,10.805593791334484,21.32110452786804,2.4657059658078695,13.05373746604166,24.149414312177072,86.51727109437613,-0.0,245.7879191271954,1067.4018346654434,-0.0,11.066577458195274,-0.0,16.581298104309358,1.912512547305559,10.13817330901782,18.75376381338461,67.19789231746424,-0.0,177.42074935373404,484.487498908158,-0.0,151591.96613181656
t200,22381.998756060308,1849.439999999999,8990.540200000003,11192.596309309878,42317.10618013857,-0.0,-0.0,666.501344815573,-0.0,345.54914727616267,-0.0,1605.9340516862094,-0.0,18.46893399170994,1428.1289145975852,59554.47200226505,-0.0,1553.7096900000001,0.0,25.952999999999996,728.80192,113.76678000000001,469.8381114326553,1390.4004539268774,6.55715807543576,8.427810107263916,9.835737113153638,1.1374661967592639,6.021879865196105,-0.0,168.6150109160153,-0.0,-0.0,1206.9019006018175,-0.0,22.522831817318743,9.33581446086992,33.74645773970744,3.892368585878911,20.633332503785294,38.167886133375724,74.9142184786879,-0.0,-0.0,1164.366688725985,175.44460420514855,157583.726961027
t201,22675.84415801963,2057.279999999999,10000.902400000003,12371.340160749127,45515.24418013857,-0.0,-0.0,1333.002689631146,2610.7376320203007,328.7220674927903,-0.0,2631.2526515527725,-0.0,18.46893399170994,1428.1289145975852,59554.47200226505,-0.0,1755.3194100000003,0.0,31.200569999999992,795.75584,76.888,469.8381114326553,1123.5647729085008,-0.0,-0.0,-0.0,-0.0,-0.0,-0.0,128.70332936502115,27.017315415168785,61.80432035154382,1206.9019006018175,176.92626654972705,26.373618460884536,10.62140353553768,-0.0,5.229713779357368,32.48271164188681,60.08706732290417,160.14450538580735,29.038116539507673,264.8064671725344,1942.3643972565064,384.06028665785414,169294.52391483594
t202,22665.533502223832,2265.119999999999,11011.264600000002,13661.680160749127,41250.810000000005,-0.0,-0.0,1999.504034446719,3846.2982036042267,342.96450782143665,-0.0,4237.186703238982,-0.0,18.46893399170994,4510.890615337172,59554.47200226505,251.14728895878164,2158.7823400000007,0.0,41.69570999999999,929.8256000000002,113.8217,469.8381114326553,1390.4004539268774,7.768019165739534,-0.0,-0.0,1.3475135287507352,-0.0,-0.0,119.3,-0.0,188.45497820508334,585.369786089769,243.91791727788524,39.60186839116825,20.631371184124855,19.820179845206972,7.515803951872843,44.08023659545025,68.04211100968669,160.14450538580735,56.40461345903758,135.06891197575783,2673.8886841108924,581.3895652843953,175672.4505334572
t203,24250.31350222383,2472.959999999999,12021.626800000002,14952.020160749127,44448.948000000004,-0.0,-0.0,2128.3358996304237,6373.002603779609,330.9097063272704,-0.0,4237.186703238982,-0.0,18.46893399170994,7593.652316076758,59554.47200226505,502.7428367841969,2764.098480000001,0.0,48.90247612497229,1047.6886672969567,173.60212,469.8381114326553,856.1838379620996,-0.0,6.768612958666662,13.355518186899321,-0.0,-0.0,-0.0,54.1943306019418,-0.0,-0.0,-0.0,66.99165072815819,54.551057822982045,31.94359338840006,42.21888146032394,6.397344526968596,18.20610326472442,93.37546893943826,250.91819087864982,23.584851060458025,408.35322984924846,-0.0,803.30314905513,186119.11514060563
t204,25835.09350222383,2680.7999999999993,13031.989000000001,16242.360160749127,44448.948000000004,-0.0,-0.0,2287.128383935609,8983.740235799909,635.072152927841,-0.0,4237.186703238982,-0.0,18.46893399170994,10676.414016816345,59554.47200226505,-0.0,1160.0253391219135,0.0,61.35681224994459,1018.5989403011803,233.41000000000003,469.8381114326553,1123.2584134138606,7.52648577823182,-0.0,-0.0,1.3056148798973566,-0.0,-0.0,100.0060527112814,15.590577683480197,-0.0,532.9979554694658,102.47018671637159,73.11672007576082,45.99244183806991,57.59399168529858,9.60583984917701,35.214243516431154,23.83741336109358,316.65570291588404,38.408492546436634,504.35001793866684,978.1601424034949,1080.1272243998142,196621.11981223684
t205,26360.75912527666,2888.6399999999994,14042.351200000001,17133.523846041942,47647.086,-0.0,-0.0,1499.6740540495348,9633.336175785857,733.9258810814442,-0.0,4237.186703238982,-0.0,18.46893399170994,10676.414016816345,59554.47200226505,252.3995437598632,1807.2537768927207,0.0,61.35681224994458,1136.3000875981365,261.055038874597,469.8381114326553,1390.4004539268774,-0.0,4.269303777175971,8.423995372414332,-0.0,-0.0,-0.0,79.99480537223178,-0.0,-0.0,-0.0,-0.0,13.709889521643785,62.00521871369179,-0.0,9.60583984917701,-0.0,59.69751235084547,83.24847345441083,82.18621735273769,885.1582714583877,2096.9367292470156,816.6940517662379,204006.37207151833
t206,27683.28012487605,3096.4799999999996,15052.7134,18423.863846041942,47647.086,-0.0,-0.0,2166.175398865108,9633.336175785857,733.9258810814442,-0.0,4237.186703238982,-0.0,18.46893399170994,10676.414016816345,59554.47200226505,505.2403657209071,2252.142024663528,0.0,61.35681224994458,1256.4447275981365,261.055038874597,469.8381114326553,1390.4004539268774,-0.0,-0.0,17.72467046531775,1.0755882760500555,-0.0,-0.0,71.9235777725309,12.843789414009487,-0.0,426.15188740324913,84.91141072717807,35.227442931786044,16.905218713691788,-0.0,3.02447743515797,19.712389533452477,59.69751235084547,213.90623484921758,126.70155855190782,1273.0054662591715,2675.9954679661123,1139.3273883482225,211298.01409842705
t207,26555.771981738333,3304.3199999999997,16063.0756,19714.203846041943,50845.224,-0.0,-0.0,2397.69629438459,9633.336175785857,112.73101533410981,-0.0,4237.186703238982,-0.0,18.46893399170994,10676.414016816345,59554.47200226505,-0.0,2656.8224046635273,0.0,56.10291224994458,1309.3116075981366,238.29069887459704,469.8381114326553,1390.4004539268774,-0.0,3.6725316675973123,16.547146973934353,0.43253432331255226,4.43661543736588,-0.0,41.422017055078456,10.007032597614154,-0.0,-0.0,66.8032655750203,-0.0,20.307881018301106,-0.0,7.236513304329176,-0.0,-0.0,-0.0,177.12330832557865,1712.656529929728,461.8336582578388,1508.2441964976288,213264.389989306
t208,28140.551981738332,3512.16,17073.4378,21004.543846041943,50845.224,-0.0,-0.0,3064.1976392001634,9633.336175785857,733.9258810814442,-0.0,4237.186703238982,-0.0,18.46893399170994,10676.414016816345,59554.47200226505,253.64481789549194,2859.1625946635268,0.0,61.35681224994458,1294.9007275981367,261.055038874597,328.55411143265536,1390.4004539268774,-0.0,-0.0,-0.0,1.1983330055743453,-0.0,-0.0,-0.0,19.15156980344615,-0.0,-0.0,127.21464911547717,-0.0,-0.0,-0.0,5.662058215332564,-0.0,-0.0,-0.0,244.90309259261795,1150.0,2166.2181289969417,751.2677936176387,219408.6091621481
t209,28365.0,3720.0,18083.8,22294.883846041943,50845.224,-0.0,-0.0,2850.5866858706513,9633.336175785857,264.36587088092017,-0.0,4237.186703238982,-0.0,18.46893399170994,10676.414016816345,59554.47200226505,507.6916337582079,2859.1625946635263,0.0,61.35681224994458,1213.2120875981368,261.055038874597,422.76251143265534,1122.6833811780261,-0.0,-0.0,-0.0,1.6308367763397151,-0.0,-0.0,-0.0,-0.0,-0.0,345.38736991526446,127.28591649771943,-0.0,-0.0,-0.0,10.3,-0.0,-0.0,-0.0,121.60309259261795,-0.0,887.5307636591783,1379.867077785878,219865.26735187357
t210,28365.0,3635.1220580920926,18083.8,23095.0,54043.362,-0.0,-0.0,2850.5866858706513,9633.336175785857,-0.0,0.0,4237.186703238982,-0.0,18.46893399170994,10676.414016816345,59554.47200226505,294.76845772373434,2859.1625946635268,0.0,61.35681224994458,1131.361527598137,261.055038874597,469.8381114326553,1390.4004539268774,-0.0,-0.0,-0.0,1.2604457683491102,-0.0,-0.0,-0.0,-0.0,-0.0,488.7684571306942,162.33810782102228,-0.0,-0.0,-0.0,12.749314263198546,-0.0,-0.0,-0.0,-0.0,-0.0,-0.0,1129.399162059831,222455.20705957327
t211,28365.0,3720.0,17828.952274908293,21374.44572748268,57241.5,-0.0,-0.0,2465.170204945252,9633.336175785857,316.57735784517115,-0.0,3467.8159175113233,-0.0,18.46893399170994,10212.41443805029,59554.47200226505,549.6655304203077,2827.149903109019,0.0,56.10291224994458,1049.4300075981369,238.29069887459707,469.8381114326553,854.4813038273371,7.477608326744301,5.684508370841335,-0.0,2.817445506641719,8.24293979096087,12.704303942887002,54.63237317009066,18.59240863961174,140.9725168640743,1096.7197036671632,214.82969785174004,38.442311806708375,29.08973594769375,57.598967186896935,19.392868149257207,11.465443558499837,65.14552839727425,233.42739333637178,44.25999834713115,687.8869719983059,2075.227790214055,1689.2494624924552,226756.97147786306
t212,26780.22,3442.8637413394918,16481.7236374949,19653.891454965356,57241.5,-0.0,-0.0,2465.170204945252,7989.836055645916,590.9929740250047,-0.0,3467.8159175113233,-0.0,18.46893399170994,7910.099647379076,59554.47200226505,804.9646010841052,2592.79702155451,0.0,45.58878224994458,1034.614327598137,233.99811927566577,422.7625114326553,1122.385688812023,17.69218425426967,13.449670683092762,15.32186389128805,2.9053920203165555,7.138547375420897,30.05865998301939,62.17341368131511,16.101390191227136,304.07957105126525,-0.0,256.9071195723275,59.51235968244028,10.658348879571163,89.1686865711731,23.034168369392084,12.903455628039579,100.85148201218905,361.3678350515962,87.84954370078458,1071.9074497916508,-0.0,1817.0752022401734,216214.32196620066
t213,28365.0,3165.7274826789835,15134.495000081504,17933.337182448035,52977.06581986143,-0.0,-0.0,2465.170204945252,6927.851117594375,733.9258810814442,-0.0,1897.3700988731205,-0.0,18.46893399170994,4435.771936016854,59554.47200226505,1060.7049499490834,2156.1039500000015,0.0,35.41960668745843,1086.914487598137,206.96865967673446,372.6966145010219,1390.4004539268774,9.919099334366917,7.540539800105464,14.878649001550379,3.4,18.0,16.852347338490734,62.17341368131511,-0.0,354.74940600142673,117.51159727017307,158.94066006349067,17.048184462920723,23.625223000370966,42.128954669963754,15.695560906958333,28.6017112155267,129.89037971065423,465.41909324045315,-0.0,1388.887115721952,729.4503384372945,2069.1971733920077,205591.7738294261
t214,28365.0,2888.5912240184753,13787.26636266811,16212.782909930713,51513.75536649292,-0.0,-0.0,1939.9578501214191,4094.8247597294626,574.1694184089085,-0.0,1897.3700988731205,-0.0,18.46893399170994,2118.358642518759,59554.47200226505,1060.7049499490834,1752.1540400000004,0.0,30.49800112497229,1181.4460591421932,157.17486007780315,370.4499175693886,239.19480588055129,-0.0,-0.0,-0.0,1.6793399113853305,4.213752447896322,-0.0,-0.0,-0.0,178.37267008027965,788.828830723895,295.961530159384,30.61931069635648,33.8946490595648,62.46287367408813,18.04090654797156,41.03432014749973,152.88842920020141,271.9838912340687,28.07583665407095,1637.0262645757257,1454.4294834128943,1301.0350334156428,194057.18732470358
t215,26251.836027713627,2888.7375519630477,12440.037725254715,14492.228637413391,47249.321186354355,-0.0,-0.0,1939.9578501214191,2376.3478796217755,615.9862300820873,-0.0,1897.3700988731205,-0.0,18.46893399170994,511.16835938853944,59554.47200226505,1060.7049499490834,1550.0573400000003,0.0,30.830295562486143,1208.6998706862496,130.2003204788719,336.5076,507.40555035987745,9.208821559371074,7.000583736460663,13.813232339056608,2.393379655786056,12.670833471808532,15.645599894237588,-0.0,19.07541608726865,145.91626264108498,-0.0,171.13155474332714,39.4398879792267,40.569280526971625,75.67893997207992,9.265268058266246,49.11491611469292,167.83605177687747,325.5437388627723,46.32377589866656,1796.778683291584,1865.0921296126673,602.4562924912541,180475.29305879283
t216,24205.28597565542,2611.6012933025395,11092.809087841319,12771.67436489607,47249.321186354355,-0.0,-0.0,1211.3213486211696,2376.3478796217755,733.9258810814442,-0.0,1897.3700988731205,-0.0,18.46893399170994,-0.0,59554.47200226505,658.606180304814,1549.81385,0.0,25.62931111050873,736.4086790859863,114.28852000000002,275.4979175693886,192.53191828596312,-0.0,-0.0,-0.0,-0.0,-0.0,-0.0,-0.0,-0.0,239.14482860801698,414.5714293490168,-0.0,-0.0,-0.0,84.64996544749975,-0.0,-0.0,76.98245237057739,-0.0,-0.0,1218.7752294734464,2194.0755343181227,698.30255137165,172201.87641979897
t217,11459.688221709017,2140.3468401342,10121.669533185559,11169.958927039417,28972.6105670388,-0.0,-0.0,-0.0,-0.0,192.5435811671709,-0.0,-0.0,-0.0,18.46893399170994,-0.0,18356.74204313329,642.3310713549827,1661.22485461196,0.0,30.47814448848473,762.3140053283583,136.74831036297863,412.90629973317755,-0.0,-0.0,-0.0,12.05677087190962,-0.0,-0.0,11.368700582592671,-0.0,-0.0,-0.0,-0.0,-0.0,12.504459888708354,24.348805367156928,74.88141470616077,1.6254722878057617,45.784157255950475,21.190443771133303,75.92892674032817,25.86912591070036,132.16367698720296,413.19409748479166,143.11865550954633,87072.0660406431
t218,13044.468221709018,2140.3468401342,9202.685151842545,11169.958927039417,31654.786537689142,-0.0,-0.0,-0.0,-0.0,204.48993168685857,-0.0,-0.0,-0.0,18.46893399170994,-0.0,18356.74204313329,809.0625361560469,1975.3182235366671,0.0,39.40007811060591,886.9708048294192,174.2097402903829,505.9080070332996,-0.0,1.10604429550191,0.8408193879070642,-0.0,-0.0,1.015754965256856,-0.0,6.73219818639683,2.2910917549682424,18.34139383599521,87.78408908517562,14.851464056024481,14.48438424133451,25.854637118055386,-0.0,-0.0,1.8230246917750748,24.562705563611008,88.0123083511963,29.98595639597265,169.3963201013903,528.4964179849965,173.1866266069091,91371.58121380505
t219,14629.248221709018,1863.2105814736922,9202.685151842545,11169.958927039417,31654.786537689142,-0.0,-0.0,-0.0,-0.0,204.48993168685857,-0.0,-0.0,-0.0,18.46893399170994,-0.0,18356.74204313329,1064.8530598237446,2087.0714024613744,0.0,45.01942048848473,944.34984433048,188.90683021778722,530.5962273835999,125.1474,-0.0,-0.0,0.6378635334309597,-0.07089754137477194,-0.0,0.7224780837840462,-0.0,-0.0,-0.0,-0.0,-0.0,2.891995035496336,4.628693555954332,1.3665757043675681,0.15762295358326936,2.6585793777601725,26.10832870068967,5.5382278545422565,1.886884483186126,186.633428116733,-0.0,13.502529924221278,92332.19682305353
t220,15004.879829147538,1863.2105814736922,9279.018720451602,11169.958927039417,34852.92453768914,-0.0,-0.0,-0.0,-0.0,204.48993168685857,-0.0,-0.0,-0.0,18.46893399170994,523.9011518003806,18356.74204313329,746.2056754745747,2145.9663293460308,0.0,45.38486286636355,934.4511238315408,180.8395801451915,530.5962273835999,-0.0,0.4087034738075089,0.31069804896591235,-0.0,-0.0,0.37533992492526325,0.6943788611117369,2.487669613532439,0.8466000528869826,6.969974472133191,33.1290578994446,-0.0,4.026630184663531,5.4872849188308495,3.0666246778680795,0.35370922936216376,3.698027014413341,12.288598155253123,12.427900010307486,4.234208541782017,-0.0,64.113296410934,30.114822064919267,96042.07197901605
t221,16589.65982914754,1586.0743228131842,9279.018720451602,11169.958927039417,36616.103611229504,-0.0,-0.0,-0.0,-0.0,204.48993168685857,-0.0,0.0,-0.0,18.46893399170994,523.9011518003806,18356.74204313329,1064.8530598237444,2002.5210662306874,0.0,40.49007524424238,857.2746433326016,150.03545007259578,530.5962273835999,114.04740588055128,-0.0,-0.0,-0.0,-0.0,-0.0,4.307211420501546,-0.0,-0.0,43.32462554855695,191.41891636589597,26.84993127959193,4.61067307148516,5.929236834865337,3.9417090703709574,0.4546428155075125,4.233073014756646,13.27833526211528,15.974294653608622,5.442471762337503,5.602560039232969,102.53362153431033,38.4241648772085,99570.56086681185
t222,17121.67118652286,1433.759999999999,8428.023370346627,11054.947211850553,32351.669431090937,-0.0,-1.4828717963689047e-12,-0.0,-0.0,204.48993168685857,-0.0,-0.0,-0.0,18.46893399170994,523.9011518003806,18356.74204313329,88.6108,1656.7356131153435,0.0,30.341387622121175,779.24,142.05058000000002,506.65802738359986,239.19480588055129,3.3782904765203314,2.5681902091914757,5.067435714780496,0.5860299806208737,3.102511662110508,9.35247913429425,20.562757849432423,6.997887415649257,58.90767524363366,276.35282047592955,68.21787050935853,6.911153581055931,3.7315174194997134,7.388569968100318,0.852209078067562,6.340560192987587,11.728875082266416,29.9431519759855,10.201687313177707,50.59765734695737,133.59361352369504,70.17764955643136,93723.06506813457
t223,18075.71174161394,1433.759999999999,8428.023370346627,10096.345808729844,33571.78559493782,0.0,-0.0,-0.0,-0.0,0.0,-0.0,-0.0,-0.0,18.46893399170994,523.9011518003806,18356.74204313329,408.1014605175743,1512.8033699999999,0.0,25.440269999999998,712.0432,119.25878000000002,530.5962273835999,523.7398139586522,15.678944272824275,11.919197431891922,23.51841640923641,2.71981686365319,14.399030454634536,26.638206341073893,95.43357406877223,32.47781313656456,274.9397319330752,1227.200712044697,187.8674836583315,11.13920476694856,8.429163338747989,16.6901172095387,1.925063911066614,10.204707722741468,18.876840292983296,67.63889605970945,23.044697110146938,172.93169625605674,496.3093487457969,153.59697201651937,97230.30140045844
t224,19660.49174161394,1641.599999999999,8990.540200000003,11386.685808729844,36769.92359493782,-0.0,-0.0,527.4962956969152,-0.0,-0.0,-0.0,-0.0,-0.0,18.46893399170994,523.9011518003806,32937.784557741164,727.9941190023726,1512.55988,0.0,25.440269999999998,711.96224,119.28624,466.5911336369522,239.19480588055129,7.0784384214896185,5.381057779601802,43.57415914834247,5.039188472937564,26.678056621434163,49.3544047496532,176.81623082983864,-0.0,279.1182395259643,1033.3335701299713,-0.0,22.773924785094827,17.233288721606993,34.12267589444577,3.9357621692361873,20.86336062527144,38.59339602843251,138.2866338880171,-0.0,236.50542020359876,1171.0009322923765,-0.0,119569.60971331896
t225,21212.23045518315,1849.439999999999,10000.902400000003,12677.025808729844,39968.06159493782,-0.0,-0.0,315.10678405261046,377.00271412011335,-0.0,-0.0,-0.0,-0.0,18.46893399170994,2229.7522435273086,32937.784557741164,1048.288775454395,1613.486485,0.0,30.68784,711.88128,119.31370000000001,530.5962273835999,524.0658744716692,-0.0,-0.0,32.95650151610804,3.811296093699569,23.10003616310459,21.253822348563823,178.16083789194212,25.93752041262865,482.124209350745,-0.0,165.03056909094695,36.11544311913549,20.44857017967309,53.237483905127974,6.241427250454624,-0.0,60.21260777623657,215.75190845762393,29.948149739589407,502.47148336718203,1948.010823052028,-0.0,129968.90836430815
t226,21597.4547530497,2057.279999999999,11011.264600000002,12772.279999999999,43166.19959493782,-0.0,-0.0,449.54650296856954,1061.8670110286407,112.73101533410977,-0.0,220.1048491165649,-0.0,18.46893399170994,2229.7522435273086,32937.784557741164,1064.8530598237444,1512.0729000000001,0.0,41.189310000000006,711.71936,134.5709027949179,530.5962273835999,114.04740588055128,-0.0,-0.0,14.191865568727366,1.6412361542065663,10.78936588248963,-0.0,119.3718495221741,-0.0,205.56961534352166,532.7074969031913,-0.0,46.899737229719435,30.79192034015351,73.71777590803045,8.502722193199482,12.5221046288743,83.37620791389782,267.43048013931434,58.22608931358577,750.7019633137127,2684.3720534762883,205.4858151422404,136850.08152655174
t227,23182.2347530497,2265.119999999999,12021.626800000002,14062.619999999999,46364.33759493782,-0.0,-0.0,704.7985449795091,1526.16873256986,733.9258810814442,-0.0,569.2458070191327,-0.0,18.46893399170994,2229.7522435273086,32937.784557741164,1064.8530598237444,1511.82941,0.0,46.43055000000001,711.6384,172.64736558983583,530.5962273835999,239.19480588055129,-0.0,-0.0,-0.0,-0.0,-0.0,-0.0,47.86233008989562,-0.0,-0.0,-0.0,104.44360528732109,62.45758023523716,42.56471764802011,56.045686305002725,7.55266751939144,20.35743817381123,74.06013781150828,-0.0,58.22608931358577,1033.4565605560333,1557.9077493404895,164.25632802215466,144122.46455787786
t228,23518.312923010817,2472.959999999999,13031.989000000001,15352.96,49562.475594937816,-0.0,-0.0,1371.299889795082,3316.631658967438,733.9258810814442,-0.0,1124.1244006252155,-0.0,18.46893399170994,4617.3396564683635,47518.827072349035,1064.8530598237444,1575.1315713548238,0.0,46.417890000000014,778.6732800000001,187.95948838475374,530.5962273835999,114.04740588055128,-0.0,-0.0,-0.0,-0.0,-0.0,12.005038361526546,-0.0,-0.0,111.80483119336508,-0.0,-0.0,48.3048275331513,57.001384302913415,84.63092648863847,10.84973329645133,37.83508782696366,85.00517598784467,-0.0,97.69484759625416,1376.4500610818332,1872.7969227779251,-0.0,170731.37277050127
t229,25103.092923010816,2680.7999999999993,14042.351200000001,16643.3,52760.613594937815,-0.0,-0.0,2037.801234610655,5403.363392360892,733.9258810814442,-0.0,2000.582090426888,-0.0,18.46893399170994,5388.714440831209,47518.827072349035,1064.8530598237444,1511.3424300000001,0.0,51.65280000000001,912.8240000000002,226.09087117967164,530.5962273835999,239.19480588055129,-0.0,-0.0,-0.0,-0.0,-0.0,9.17018684328938,-0.0,-0.0,-0.0,-0.0,73.57649530208776,70.03123307758767,23.57029824373285,117.18408110471509,14.604464455976407,57.738808342504356,121.82341357153717,131.92594239146845,19.342260408821346,1013.6471458722085,3011.380304158106,333.57988223728285,183865.96947387734
t230,26687.872923010815,2888.6399999999994,15052.7134,17933.64,48496.17941479925,-0.0,-0.0,1969.2444205539528,7232.537045881913,733.9258810814442,-0.0,3116.443646925184,-0.0,18.46893399170994,7196.855214246958,47518.827072349035,1064.8530598237444,1649.4064986451763,0.0,51.63381000000001,1088.5692804989394,241.45791397458956,530.5962273835999,524.5133902373659,-0.0,-0.0,-0.0,-0.0,-0.0,17.760366081237077,-0.0,-0.0,-0.0,-0.0,-0.0,75.30398854723595,40.371527096025716,61.151259297836006,10.389870846599996,78.07909870470371,58.4492254137008,266.7455592793795,46.077377228090185,1405.467831746039,4183.417663195805,74.57676908193338,190314.16866992225
t231,27420.986709436,3096.4799999999996,16063.0756,19223.98,48496.17941479925,-0.0,0.0,1965.1764092915132,8157.806860545826,733.9258810814442,-0.0,3986.9280306533265,-0.0,18.46893399170994,10279.616914986545,47518.827072349035,1064.8530598237444,1989.3237772903526,0.0,56.86239000000002,1197.0368009978783,234.0880767695075,530.5962273835999,745.2808495997239,-0.0,-0.0,-0.0,-0.0,-0.0,16.827869941087556,-0.0,-0.0,-0.0,341.09483923779067,12.05352811016419,40.81315850113131,59.3719224806009,61.151259297836006,14.729207264806746,23.479098704703713,101.0,-0.0,98.02302580720594,1843.5756656303888,2002.3982188350524,462.202119692308,197856.21292250254
t232,28365.0,3304.3199999999997,17073.4378,20514.32,51694.31741479925,-0.0,-0.0,2631.677754107086,8983.173195348207,733.9258810814442,-0.0,4237.186703238982,-0.0,18.46893399170994,10676.414016816345,47518.827072349035,1064.8530598237444,2531.0942659355287,0.0,56.837070000000026,1264.3145609978785,249.53749956442542,530.5962273835999,1030.9025278156503,-0.0,-0.0,-0.0,-0.0,-0.0,15.821605839759599,-0.0,-0.0,-0.0,-0.0,72.27254172184134,74.78395918244374,59.3719224806009,22.750462332084325,10.3,-0.0,-0.0,-0.0,45.00154466636404,1280.8138119152468,2002.3982188350524,-0.0,206062.71805022628
t233,28365.0,3512.16,18083.8,21804.66,54043.362,-0.0,-0.0,2397.69629438459,9633.336175785857,733.9258810814442,-0.0,4237.186703238982,-0.0,18.46893399170994,10676.414016816345,59554.47200226505,1064.8530598237444,2870.5245645807045,0.0,61.87951913363645,1264.3145609978785,272.3018395644256,503.91419472546073,451.69698316998495,-0.0,-0.0,-0.0,-0.0,-0.0,-0.0,-0.0,-0.0,84.28057013782391,-0.0,132.64627680966598,59.6,14.2719224806009,-0.0,-0.0,-0.0,-0.0,-0.0,13.589092196644046,130.8138119152468,791.7529600780726,658.0194869463802,221434.94085012426
t234,26251.836027713627,3720.0,18083.8,23095.0,57241.5,-0.0,-0.0,3064.1976392001634,9633.336175785857,733.9258810814442,-0.0,4237.186703238982,-0.0,18.46893399170994,10676.414016816345,59554.47200226505,1064.8530598237444,3007.6146732258803,0.0,61.879519133636464,1196.9558409978786,272.3018395644256,530.5962273835999,601.2611441807046,-0.0,-0.0,-0.0,-0.0,-0.0,-0.0,-0.0,-0.0,-0.0,-0.0,-0.0,-0.0,-0.0,-0.0,-0.0,-0.0,-0.0,-0.0,-0.0,-0.0,-0.0,214.5689957932758,223260.1686801963
t235,24138.672055427254,3720.0,16857.812720252532,21493.284562143348,54559.21564787021,-0.0,-0.0,3064.1976392001634,9633.336175785857,733.9258810814442,-0.0,4237.186703238982,-0.0,18.46893399170994,10676.414016816345,59554.47200226505,1064.8530598237444,3007.6146732258803,0.0,61.879519133636464,1098.1846409978784,272.3018395644256,510.2026600417389,625.7370000000001,-0.0,-0.0,-0.0,-0.0,-0.0,-0.0,-0.0,-0.0,-0.0,-0.0,-0.0,-0.0,-0.0,-0.0,6.95642417439555,-0.0,-0.0,-0.0,-0.0,-0.0,-0.0,-0.0,215334.7161550346
t236,22025.50808314088,3442.8637413394918,15510.584082839137,19772.730289626026,50294.78146773164,-0.0,-0.0,2276.7433093140894,6548.816289183422,108.59444464825464,-0.0,3021.057222152567,-0.0,18.46893399170994,7392.2002455496595,53127.217222080064,976.6442577909683,2805.2744832258804,0.0,56.61928913363646,999.3324809978784,249.56495956442575,442.67629269987793,500.5896,10.09221207715188,7.672140813753215,12.943285740162572,1.7506898501181836,7.92446065724239,14.66025221589842,-0.0,20.905296445528894,157.90158962935837,686.3432420119648,134.95823202576295,22.127614239355825,16.74421815763335,33.154294489504615,10.780491735894962,20.2712707628998,37.49813822441171,134.3621408258871,45.777430129405595,393.0941505947962,1228.2552665835676,333.4776229203764,192900.96073514028
t237,19912.34411085451,3165.7274826789835,14163.355445425743,18052.176017108704,46030.347287593075,-0.0,-0.0,1489.2889794280154,4134.576782549571,108.59444464825464,-0.0,2653.2732328366096,-0.0,18.46893399170994,4193.803414867987,39450.13942049371,867.5005207857422,2400.5941032258806,0.0,46.10515913363645,900.3993609978784,204.06373956442587,400.57160000000005,525.3130173813169,21.063354917043497,8.340307567060465,-0.0,3.653847281527954,-0.0,-0.0,-0.0,-0.0,330.0803943640854,1430.9778821026807,-0.0,39.927324636323604,30.213462098963,59.82399479905533,13.856616183693086,36.57771686481995,67.6620769843739,242.44461050143474,82.60132764528021,710.0415139724319,2165.685855026045,604.9700800493962,164564.5634185599
t238,17799.180138568136,2888.5912240184753,12816.126808012348,16331.621744591383,41765.91310745451,-0.0,-0.0,701.8346495419416,1826.7352384599535,147.27089680707357,-0.0,935.9670796900459,-0.0,18.46893399170994,1202.5620426751411,26856.920310796515,689.876922818518,1901.4308721505874,0.0,33.94819275575763,801.3043209978784,153.15922637628393,406.3433073001221,250.2948,22.16305299793155,16.848443350468372,16.787865237059897,0.2538472815279542,10.278284839016262,19.014826952180087,68.12218784970224,23.183242470225576,174.17322020733826,1506.2529665460593,158.16100584957087,53.647169906468115,40.59542555002873,80.38074282965775,8.735705730472295,49.14656840424764,90.91215034485369,325.7535367307183,110.98483304475702,952.4855202883887,2894.1672016706025,823.3372869078,134972.93490199544
t239,15686.016166281763,2611.454965357967,11468.898170598954,14611.06747207406,37501.47892731594,-0.0,-0.0,-0.0,496.78976537223224,237.71861351261813,-0.0,-0.0,-0.0,18.46893399170994,-0.0,18356.74204313329,601.2661228185179,1604.120851075293,0.0,27.045126377878816,722.2657604989392,125.07397318814196,459.9914146002441,125.1474,11.145257282253976,8.168415164069945,29.060829755173067,-0.0,17.79234474806514,32.91583778392051,117.92370713578731,40.13162204285805,301.3733641092019,1335.4194407946902,276.7538928278362,62.698814417521625,47.44490822533936,93.9430222732329,-0.0,57.438846765044985,106.25134658002827,380.71645868625967,129.71080231007411,1112.2524876209022,3385.699798484947,971.0625046344778,113171.44940783925
t240,13572.85219399539,2334.3187066974588,10121.669533185559,12890.513199556739,33237.044747177366,-0.0,-0.0,-0.0,-0.0,144.09541154868177,-0.0,-0.0,0.0,18.46893399170994,-0.0,18356.74204313329,561.8654643448874,1508.66404,0.0,25.38963,659.7759992270394,119.80798000000001,252.77229269987794,-0.0,13.73295771029309,10.43985050425342,20.599436565439632,0.9629253388064616,12.611899938024262,23.332014885344883,83.58887014479416,28.446840971321397,214.56005865816218,972.436990591405,198.5013857381478,68.88964446112776,52.1295799529675,103.21888003991123,1.0698917692809269,63.11031187210698,116.74251829821988,418.3080927933245,142.51834164525258,1222.796583329859,3726.0247893279684,1071.3763310566292,102369.37837115065
t241,18696.219601271387,2140.806425129934,10000.428175519632,16434.661119674616,40302.5130900624,-0.0,-0.0,175.73027484231054,-0.0,403.0196406296725,-0.0,-0.0,-0.0,18.46893399170994,10676.414016816345,59554.47200226505,-0.0,1493.7776125409657,0.0,25.757480962950456,702.3591063156764,125.587973649436,52.56391404700764,125.1474,2.5196904733460608,1.915478982288587,3.77953571001909,-0.0,2.314001455113729,4.2809026919603985,48.93349366609059,-0.0,-0.0,189.36063290560426,35.93733076778382,49.249555787913664,37.26770077239777,73.79170019900486,1.9346001331898375,45.11788164463233,83.45981769428325,299.050574490704,-0.0,286.651210066285,524.6447804186755,757.930403857725,163376.06605943613
t242,18856.320000000007,1863.6701664694258,8653.199538106237,16434.661119674616,43500.6510900624,-0.0,-0.0,-0.0,-0.0,280.07904191837946,-0.0,-0.0,-0.0,18.46893399170994,10676.414016816345,59554.47200226505,371.6428645544335,1481.8801400000002,0.0,25.054139999999997,559.7179098209464,123.40524000000002,47.476,-0.0,3.6518283450549243,2.77613481333257,5.477742517582385,0.19639126345970084,3.35371990872391,6.204381831139234,22.227710283931245,2.3451427342540745,18.355105250219527,-0.0,-0.0,33.94655362384246,25.687744436833817,50.862873131025694,2.2864153855413147,31.098688386942932,57.52687778537064,206.1284858467884,4.211535982032735,324.5454732673198,640.1174967786958,198.02919112114716,164086.14169637277
t243,20441.100000000006,1586.5339078089178,7305.970900692842,16434.661119674616,44264.00995566836,-0.0,-0.0,604.9166931419536,-0.0,384.135964667618,-0.0,196.65261377872417,-0.0,18.46893399170994,10676.414016816345,59554.47200226505,-0.0,1481.8801400000002,0.0,25.054139999999997,699.41344,123.40524000000002,-0.0,125.1474,1.5687259770754896,1.192551890735959,2.3530889656132343,-0.0,1.4406667136407556,2.665233420235398,9.548418829852341,-0.0,-0.0,34.51790150141988,5.917459313968148,21.329823867210095,16.14052108072442,31.95894750573592,2.4481735695691635,19.540409113249524,36.1461780300037,129.51783989166665,6.147922786948634,342.10409910278634,696.681452727413,211.9925386935658,165495.44842148756
t244,22025.880000000005,1309.3976491484098,5958.742263279448,17725.001119674616,45317.63723146862,-0.0,-0.0,154.49985574022358,130.16943426274716,501.16228662108006,-0.0,1439.4872793838972,-0.0,18.46893399170994,10676.414016816345,59554.47200226505,-0.0,1481.8801400000002,0.0,25.054139999999997,906.3057701790538,123.40524000000002,47.476,125.1474,0.8603221744298524,0.6540204285206529,1.2904832616447786,-0.0,0.7900917928437419,1.4616698167609221,5.236552827014355,0.8777348573452545,6.970605866489727,-0.0,5.649132823905116,13.555323689407697,10.257468093830322,20.310241702417898,-0.0,12.41813210472585,22.971270010573456,82.30992689927254,8.579828624441829,-0.0,760.1889565126755,212.27748477202277,168687.26000908948
t245,23610.660000000003,1032.2613904879013,4611.513625866053,17725.001119674616,44658.78077682141,-0.0,-0.0,535.7326669170477,1994.140505567944,492.40821273823644,-0.0,79.1577868586266,-0.0,18.46893399170994,10676.414016816345,59554.47200226505,-0.0,1481.8801400000002,0.0,25.054139999999997,1180.3949003581074,123.40524000000002,94.952,-0.0,2.62197543001536,1.9932364238382076,3.93296314502304,0.38132758302230896,2.407936619401861,4.454682745893443,15.959268816369,4.553499961972277,43.46534466037929,152.80590004357654,34.22830055605692,8.00624356043776,6.058415848586291,11.995932046092133,0.1042377469571995,7.334578832213117,13.567627510137815,48.61509302889971,-0.0,11.483422091718056,-0.0,-0.0,168268.66744501365
t246,25195.440000000002,1032.2613904879013,4949.091400000005,17725.001119674616,41994.73466039259,-0.0,-0.0,213.0572155369838,950.5923163719131,204.42055448569104,-0.0,1538.9349008890676,-0.0,18.46893399170994,10676.414016816345,59554.47200226505,-0.0,1481.8801400000002,0.0,30.30804,1180.3949003581072,146.19704000000002,47.476,125.1474,5.701357670600176,2.6630833170283585,8.552036505900263,0.6076834414695583,5.235940717898121,9.686490328111523,34.70265153584698,11.80995517481465,59.362196524559664,418.12490177279324,43.74762950614843,7.134475330024268,-0.0,7.639538317778392,0.5162460643823341,-0.0,8.64046327094757,43.321587616372156,4.932099566846512,-0.0,131.21766554734097,-0.0,167867.88803347884
t247,26780.22,1240.1013904879012,5959.453600000004,19015.341119674616,41115.56677109594,-0.0,-0.0,583.2649293027513,1806.1562954431138,448.17330843064553,-0.0,3144.868952575277,-0.0,18.46893399170994,10676.414016816345,59554.47200226505,371.6428645544335,1669.6187672767771,0.0,10.988524518524775,1180.3949003581072,76.888,94.952,423.34832276416523,16.191487281904354,12.308834719406878,24.287230922856523,2.808727385636469,-0.0,27.50900645343954,98.55328738424434,27.822075453394984,143.75205702170206,901.7114780702323,196.177419197916,11.499052625340035,4.843198046366895,17.229285225551422,1.6223422922665698,-0.0,19.486649583210465,69.82394538776103,18.17303790647042,124.54945197752052,483.0966350166631,84.75500507397942,176456.5349065812
t248,28365.0,1447.9413904879011,6969.815800000004,19135.952857779852,44313.70477109594,-0.0,-0.0,1249.7662741183244,4416.893927463414,241.86097749163602,-0.0,4237.186703238982,-0.0,18.46893399170994,10676.414016816345,59554.47200226505,-0.0,889.9481127232233,0.0,5.734624518524775,1180.3949003581072,123.40524000000002,47.476,114.04740588055128,-0.0,-0.0,-0.0,2.3436611161675502,15.537884455752778,-0.0,-0.0,-0.0,19.18364155181621,1401.806233748,151.85961097497471,19.067926830903268,14.428917786472105,18.9801501727582,2.1891998519530746,11.604884652100765,10.68540136746924,133.9220487371931,44.37967302742324,304.1314068682714,664.862093162271,261.5731052830398,186065.03977781616
t249,28365.0,1655.781390487901,7980.1780000000035,19135.952857779852,42317.10618013857,-0.0,-0.0,1731.1949495690174,7027.631559483714,733.9258810814442,-0.0,2339.8166043658616,-0.0,18.46893399170994,10676.414016816345,59554.47200226505,371.6428645544335,1481.8801400000002,0.0,25.054139999999997,1180.3949003581072,192.71428000000003,94.952,239.19480588055129,12.574069885659084,9.55885924981226,18.861104828488617,-0.0,-0.0,21.36308812206364,76.53502741628206,26.04628762029381,219.07706705677606,889.209700267508,-0.0,33.597090548874085,25.423301740842643,40.74951795824132,4.133853366221368,24.915158796416314,35.3069707553057,222.14527607836152,74.43748991376219,264.5390752422213,1439.6834203803642,477.21081022449584,189037.14267622455
t250,28365.0,1863.621390487901,8990.540200000003,20426.292857779852,45515.24418013857,-0.0,-0.0,2397.69629438459,7022.598543765555,733.9258810814442,-0.0,3945.750656052071,-0.0,18.46893399170994,10676.414016816345,59554.47200226505,-0.0,1957.5457341773222,0.0,39.11975548147522,906.3057701790535,262.02332,47.476,537.3957286447165,-0.0,-0.0,-0.0,1.2350214438568843,6.538348820418799,-0.0,57.029481223754516,-0.0,-0.0,-0.0,97.09654909183861,40.48596566798969,35.80390574351435,61.303574220737616,6.504589978804928,37.48236452914082,58.55399967481439,248.44080078930506,95.74696431939086,512.1775017300993,2176.159966965452,161.00234321840003,196855.45264266318
t251,27465.56493163659,2071.461390487901,10000.902400000003,21716.632857779852,45515.24418013857,-0.0,-0.0,3064.1976392001634,9633.336175785857,733.9258810814442,-0.0,2048.3805571789508,-0.0,18.46893399170994,10676.414016816345,59554.47200226505,-0.0,2549.477761454099,0.0,58.43927096295044,1180.3949003581072,269.0348985849667,0.0,-0.0,-0.0,-0.0,11.847583343356142,-0.0,-0.0,13.419201541964611,-0.0,16.360948426539434,-0.0,537.1435869322188,-0.0,56.128162649756256,47.640534667636366,84.74062439643819,9.207855564580022,51.812296663443746,85.06174959357989,343.4225304487232,83.72774243042093,793.9723928352943,2995.2144012250174,394.8766408219344,202080.92404926347
t252,25352.400959350216,2279.3013904879012,11011.264600000002,21716.632857779852,41250.810000000005,-0.0,-0.0,2276.7433093140894,6548.816289183422,733.9258810814442,-0.0,2583.3524379795076,0.0,18.46893399170994,10676.414016816345,59554.47200226505,371.6428645544335,1553.352334177322,0.0,58.439270962950445,1180.3949003581072,199.7258585849667,0.0,-0.0,7.088385295488842,5.388619433815496,-0.0,-0.0,6.509741597897913,-0.0,-0.0,-0.0,110.59826291560282,-0.0,97.30137937064835,15.656358522805014,26.31115298241899,113.40082391763374,12.513567267472677,69.33577811761259,101.0,450.0486820543175,123.3,1135.9199731342574,3984.097108657724,204.65056199184096,193829.27830214688
t253,25542.937745850966,2487.1413904879014,12021.626800000002,19996.07858526253,41250.810000000005,-0.0,-0.0,1489.2889794280154,3464.2964025809874,733.9258810814442,-0.0,685.982339106387,-0.0,18.46893399170994,10676.414016816345,59554.47200226505,-0.0,2549.477761454099,0.0,58.439270962950445,1180.3949003581072,269.0348985849667,47.476,125.1474,-0.0,-0.0,8.106352432333209,-0.0,-0.0,9.181684897846797,32.894144393787485,11.194486692269669,-0.0,377.285144129436,74.94934151256514,37.39812200635964,42.76339347081352,61.236365277595354,5.970952567482955,37.44127149111655,-0.0,220.16788011972724,168.27918519332695,1522.474189142216,2120.2624804984116,536.5988929623675,187417.6171950191
t254,23429.773773564593,2694.9813904879015,13031.989000000001,20514.32,44448.948000000004,-0.0,-0.0,701.8346495419415,6075.034034601288,733.9258810814442,-0.0,1025.3185998665633,-0.0,18.46893399170994,10676.414016816345,59554.47200226505,371.6428645544335,2549.477761454099,0.0,58.439270962950445,1180.3949003581072,269.0348985849667,94.952,423.34832276416523,5.0585578424401,3.8455363189978313,-0.0,-0.0,-0.0,-0.0,-0.0,-0.0,78.422871160201,-0.0,145.09930226863491,-0.0,45.70821071016074,61.236365277595354,5.970952567482955,44.55980905566042,37.623987875128805,228.85414763140258,90.91025157949905,386.55421600795853,2120.2624804984116,-0.0,191106.87698968916
t255,23150.76506125089,2902.8213904879017,14042.351200000001,21804.66,47647.086,-0.0,-0.0,1368.3359943575147,7022.598543765555,733.9258810814442,-0.0,2631.2526515527725,-0.0,18.46893399170994,10676.414016816345,59554.47200226505,-0.0,2549.477761454099,0.0,58.439270962950445,1180.3949003581072,269.0348985849667,47.476,-0.0,-0.0,-0.0,-0.0,-0.0,-0.0,-0.0,-0.0,-0.0,-0.0,-0.0,137.75965365752347,25.04963368718601,64.66355432244411,98.7687862216509,10.3,44.55980905566042,80.07387046582993,295.35155489456974,105.96569448262629,832.3878744661338,3430.396850293791,385.0622038873546,201168.31399236407
t256,24735.54506125089,3110.661390487902,15052.7134,23095.0,50845.224,-0.0,-0.0,2034.8373391730877,9633.336175785857,495.2613227738357,-0.0,4237.186703238982,-0.0,18.46893399170994,10676.414016816345,59554.47200226505,-0.0,2549.477761454099,0.0,58.439270962950445,1064.784020358107,269.0348985849667,94.952,125.1474,-0.0,-0.0,-0.0,-0.0,-0.0,-0.0,-0.0,-0.0,68.96905536554763,-0.0,129.00026870587635,42.706409213293426,45.1,123.44224998203094,-0.0,75.47532865642653,101.37768755335026,500.26596045349373,175.78041182281788,832.3878744661338,5172.289042400592,671.5901713878121,215589.3401571512
t257,22622.381088964517,3318.501390487902,16063.0756,23095.0,54043.362,-0.0,-0.0,1731.1949495690174,9633.336175785857,202.00568215155994,-0.0,4237.186703238982,-0.0,18.46893399170994,10676.414016816345,59554.47200226505,-0.0,2549.477761454099,0.0,43.91872493825073,1156.1878603581072,269.0348985849667,142.428,423.34832276416523,5.454294685763236,4.146377082544501,8.181442028644854,0.9461531597752553,5.009046139986646,9.266735358975293,33.19884469446704,-0.0,153.4739061063686,370.4094971573717,135.3765463763034,27.078168407549768,-0.0,100.02611065396201,7.599146303705376,61.15818187801037,45.88750015373367,405.3689747555302,266.74883310892204,1609.773404119737,3948.569054959963,629.5530541840873,217607.01938268595
t258,24207.161088964516,3526.341390487902,17073.4378,23095.0,57241.5,-0.0,-0.0,2397.69629438459,9275.913883359832,733.9258810814442,-0.0,4237.186703238982,-0.0,18.46893399170994,10676.414016816345,59554.47200226505,371.6428645544335,2361.739134177321,0.0,53.80594795060059,1180.3949003581072,246.2430985849668,158.3360884556114,710.4492514088818,-0.0,-0.0,-0.0,-0.0,-0.0,-0.0,-0.0,12.385292323641549,-0.0,-0.0,153.56106835482035,19.9194204234945,39.68289372347496,89.3,6.361980125252871,54.6,33.75606481162659,361.9,251.9388729338547,1384.508626681789,3948.569054959963,966.0039546937115,224442.61650911192
t259,22093.997116678143,3720.0,18083.8,23095.0,57241.5,-0.0,-0.0,3064.1976392001634,9633.336175785857,733.9258810814442,-0.0,4237.186703238982,-0.0,18.46893399170994,10676.414016816345,59554.47200226505,-0.0,2549.477761454098,0.0,58.439270962950445,1137.4051403581072,269.03489858496675,205.8120884556114,872.4027800535982,9.131494848659267,6.941799655358319,-0.0,-0.0,-0.0,-0.0,-0.0,18.91523932936562,52.42534169002295,605.2094195651474,201.6002141511771,-0.0,24.609641020461506,-0.0,-0.0,-0.0,-0.0,-0.0,210.72973638659175,938.1277384580096,1547.3542050101573,1282.1238569167897,222142.03909595878
t260,19980.83314439177,3526.487718432474,16736.571362586605,21374.44572748268,52977.06581986143,-0.0,-0.0,3064.1976392001634,8400.769690401134,344.36981837995535,0.0,4237.186703238982,-0.0,18.46893399170994,10676.414016816345,59554.47200226505,371.6428645544335,2549.4777614540985,0.0,57.8186939753003,1027.2185803581074,269.0348985849667,253.2880884556114,847.236212505884,-0.0,-0.0,14.74750593322243,1.7054938834338866,9.029085265238223,16.703807740690714,59.842770674606676,39.2808427609585,-0.0,671.340920113562,219.38971374633508,-0.0,-0.0,32.281095130495366,3.723351398030261,19.737377313830315,36.51053312631615,130.82338552884963,87.42973638659177,1163.7739310147265,-0.0,622.5784692754473,209395.89769622905
t261,18216.064142216488,3249.351459771966,15389.34272517321,19803.376088527395,48712.631639722866,-0.0,-0.0,2648.997063736139,7086.838849684229,129.2647323849028,-0.0,2339.8166043658616,-0.0,18.46893399170994,10676.414016816345,59554.47200226505,-0.0,2347.381061454099,0.0,51.94421698765015,917.0320203581074,255.5384100866759,205.8120884556114,830.7595716046806,10.692732837323641,8.128659146740931,12.807563345014138,3.5603557021532932,7.841365313273961,14.506525829556828,-0.0,42.514835737477554,156.28078823762917,1398.3402812331715,103.65669652351545,17.33874867282344,13.120428945374787,58.260126279541225,6.719812997528272,35.62153297718871,65.89331191751023,236.1068275539302,-0.0,1482.3543887904775,930.520951446948,877.5598661465234,197915.3314272367
t262,17639.823573557762,2972.2152011114576,14042.114087759815,18155.215392191938,45633.243450339534,-0.0,-0.0,1878.8886657491694,4002.3189630817947,39.918482069094715,-0.0,2339.8166043658616,-0.0,18.46893399170994,10676.414016816345,59554.47200226505,-0.0,1943.1876614540993,0.0,40.81584,806.8454603581074,219.25012158838513,158.3360884556114,939.430330703477,-0.0,-0.0,-0.0,3.773715037323214,-0.0,-0.0,-0.0,24.828200641981844,-0.0,1473.1926665291842,-0.0,30.891477241888797,23.37593328203331,78.56647965567439,9.061979176410372,48.037287673010326,88.86018415703374,318.400996499312,28.037775714190587,1728.3354964424386,1654.9576909324787,1086.3749341622572,187657.46969300442
t263,19224.60357355776,2695.0789424509494,12694.88545034642,18155.215392191938,41368.80927020097,-0.0,-0.0,1367.431752113247,1146.6740125776937,218.17512600694354,-0.0,2339.8166043658616,-0.0,18.46893399170994,10676.414016816345,59554.47200226505,271.13873302914027,1611.4855507270495,0.0,30.30804,719.5310501790538,164.51002772559008,147.51591404700764,178.43016954592002,8.094576029197702,6.153529736481926,12.141864043796549,3.3230143665258574,7.433794312528501,13.752519478177726,49.26953674914723,-0.0,-0.0,621.5890522262376,108.04286535506726,39.84149719191013,30.148515492536028,91.9764927687097,10.608710812068422,36.49908970936734,104.02716427368064,372.74683911529723,46.55350490609714,1117.444996953611,1145.7405151879489,1230.3169294370616,177638.66957028414
t264,20809.38357355776,2417.942683790442,11347.656812933026,16434.661119674616,37104.3750900624,-0.0,-0.0,858.7834873966441,752.3527069149148,428.20287041515286,-0.0,442.44650549274115,-0.0,18.46893399170994,10676.414016816345,59554.47200226505,642.7815975835738,1481.8801400000002,0.0,25.054139999999997,673.4667401634531,132.56173386279508,100.03991404700764,160.50407841557706,-0.0,-0.0,-0.0,2.361656045072797,-0.0,-0.0,33.59680624414238,11.433615536564801,87.8433263232441,-0.0,-0.0,45.99373942948677,34.80398738707809,68.91343844048941,11.671933883327473,42.135204242449305,77.94241077815714,279.2807768377729,59.281214098936076,1229.3238290117797,1480.7255924637568,706.8531970016006,168233.60887510705
t265,15227.800548920193,2057.1824480369505,10000.428175519632,13414.984443607698,38983.58011394729,-0.0,-0.0,-0.0,-0.0,-0.0,-0.0,-0.0,-0.0,-0.0,2358.204792866558,43148.47977453311,-0.0,1611.8409745871525,0.0,28.8075131654704,768.6595848252222,145.15378423370936,79.11981871851776,150.36135701687243,8.111881763435875,6.166685626285435,12.167822645153812,1.4071631630449986,7.44968733376764,13.781921567470135,49.37487216213775,16.803183652831457,-0.0,-0.0,-0.0,47.11517424772856,35.652589908935546,70.59370906580807,8.142387495832288,43.162558958489605,79.84282884262728,286.0902946351169,97.4714930326331,860.4002110521942,1301.0065900790287,704.8457822392058,131624.19016745008
t266,14272.979720224062,1780.0461893764425,8656.619265879268,12210.044862340954,42181.71811394729,-0.0,-0.0,-0.0,-0.0,-0.0,-0.0,0.0,-0.0,-0.0,2358.204792866558,43148.47977453311,371.6428645544335,1481.88014,0.0,25.054139999999997,700.4381124126111,142.14736762054164,47.476,448.56227978103766,3.650697052195275,2.7752747998831424,5.476045578292913,0.6332841825236701,3.352680966301784,6.202459787658299,22.220824404433493,7.562158179547354,18.41163686679074,85.92499913172267,15.566926714916114,32.602113750313606,24.67039144528765,48.84846909233231,5.6342579132253405,29.867037093408122,55.2485484694912,197.96484842682037,67.44699035928974,-0.0,1413.527600595855,29.248978769910195,129902.12984711649
t267,13686.490470400082,1502.9099307159345,7309.390628465873,12210.044862340954,42181.71811394729,-0.0,-0.0,-0.0,-0.0,-0.0,0.0,-0.0,0.0,-0.0,2358.204792866558,43148.47977453311,-0.0,1554.016005412848,0.0,26.554666834529595,699.41344,161.93275100737392,0.0,746.763202545203,-0.0,-0.0,-0.0,0.07506739555754993,-0.0,-0.0,-0.0,-0.0,-0.0,-0.0,-0.0,2.839695012615099,2.1488296152506905,4.254777929975312,0.4907526615761002,2.6014655652480663,4.812234836814184,17.243047400426263,5.874738172071183,16.888691825207864,167.90580801036845,42.38788071035468,125853.44162820523
t268,12561.049086280183,1225.7736720554265,6616.2837415615995,13433.704734980627,45379.85611394729,-0.0,-0.0,-0.0,-0.0,0.0,-0.0,-0.0,-0.0,-0.0,2358.204792866558,43148.47977453311,371.6428645544335,1481.8801400000002,0.0,31.0583034172648,733.01184,158.9263343942062,47.476,1044.9641253093682,0.418044306520946,0.317798988120515,0.627066459781419,0.14758528546424465,0.38391824068250135,0.7102487452626275,2.544524784079023,0.8659489206505309,6.964333810827462,32.186086852629614,5.575540566037132,3.9558898289041275,2.9934669678452406,5.9271973443144095,0.6836521013039021,3.624019876814861,6.703773032203309,24.020747132221555,8.183913018521471,38.190430834187325,229.92264131167843,58.56083676484893,129025.81918907295
t269,14145.829086280184,1062.2311675915037,5269.055104148205,13433.704734980627,41115.42193380872,-0.0,-0.0,-0.0,0.0,-0.0,-0.0,-0.0,-0.0,0.0,2358.204792866558,47442.23113801733,-0.0,1582.9284900000002,0.0,30.30804,699.41344,146.19704000000002,369.3404,1343.1650480735336,2.177291567085898,1.655185936203055,3.265937350628847,0.3776934351067375,1.9995534799768446,3.6991739379571627,13.252596120068755,4.510103960392216,43.55731999390804,185.35297037232533,28.3630066382672,4.53077482719171,3.4284890051400385,6.788560269601005,0.7830030322160179,4.1506762678635525,7.67799089842891,27.511533724172494,9.373230473032526,49.256240953024346,267.02926276877145,66.70364317809442,129733.47465395612
t270,15730.609086280185,1018.0799999999991,5959.453600000004,14487.086275736685,39123.239606101495,-0.0,-0.0,-0.0,-0.0,-0.0,-0.0,-0.0,-0.0,-0.0,2358.204792866558,47442.23113801733,0.0,1481.8801400000002,0.0,25.054139999999997,699.41344,123.40524000000002,460.92003097636507,1343.1650480735336,5.631375225850212,4.2809944318963336,8.447062838775317,0.9768712126474858,5.171671125780806,9.56759158269449,34.276686961425014,11.664991539261152,59.18546385492775,265.55140320366206,71.86707205206935,6.792979290942569,5.140324933246813,10.178071320153885,1.1739544747769883,6.223098477944037,11.511592422570466,41.247973244834164,14.05326084854395,-0.0,394.88316196205767,97.672469730811,131318.24060878702
t271,17315.389086280185,1225.9199999999992,6969.815800000004,14487.086275736685,42321.377606101494,-0.0,-0.0,666.501344815573,1581.2223174208102,621.1948657473345,-0.0,1605.9340516862094,-0.0,15.632105730583293,3746.147435518252,47442.23113801733,0.0,1481.8801400000002,0.0,25.054139999999997,699.41344,123.40524000000002,460.92003097636507,1044.9641253093682,2.8867266608342597,-0.0,18.652443773871255,2.756263111934023,-0.0,-0.0,60.83866703675146,-0.0,272.520506875578,1164.862481412319,50.918102435832026,10.882029499674104,8.234555879786953,16.30478581075331,1.817774738930666,9.969107561781982,18.441023145420885,66.07728986463187,-0.0,118.404256181775,469.85613945731086,20.836841060202772,144148.34813784758
t272,18900.169086280184,1433.759999999999,7980.1780000000035,15777.426275736685,45519.51560610149,-0.0,-0.0,1333.002689631146,4191.95994944111,733.9258810814442,-0.0,1968.672882835671,-0.0,18.46893399170994,4510.890615337172,47442.23113801733,371.6428645544335,1202.6009200777908,0.0,16.014899999999997,766.6102400000001,77.82164000000003,460.92003097636507,1343.1650480735336,19.588941806605018,5.395550959714244,29.383412709907528,2.253586147424868,15.33876901142212,12.058513218690216,43.20061942912142,-0.0,216.3585511718914,929.2684775173277,-0.0,17.431892087637944,13.673989850985176,30.464617340862766,3.743241960187911,16.55432030740112,37.32181822765213,109.72543075546639,-0.0,227.47819570614905,1119.4024739743872,-0.0,156897.6191043189
t273,20484.949086280183,1641.599999999999,8990.540200000003,17067.766275736685,48717.65360610149,-0.0,-0.0,1999.504034446719,6802.697581461411,315.17947503265333,-0.0,3574.6069345218802,-0.0,18.46893399170994,4510.890615337172,59554.47200226505,-0.0,1606.7943200777909,0.0,10.761,901.0038400000002,55.02984000000003,460.92003097636507,1343.1650480735336,12.491438530739302,-0.0,18.737157796108953,-0.0,8.820653758076054,-0.0,-0.0,9.47917151623039,-0.0,-0.0,164.77147196676827,31.334037092519306,24.193901591256143,51.29450910153233,4.482283414380466,29.29017797965821,43.95248784975021,194.14130789081145,28.760645622514637,482.9534488894898,1874.448299200582,199.12835666615774,181234.2821731692
t274,22069.729086280182,1849.439999999999,10000.902400000003,18358.106275736685,45515.24418013857,-0.0,-8.005982463528037e-14,1515.311964283868,7022.598543765555,733.9258810814442,-0.0,3692.4924414394377,-0.0,18.46893399170994,4510.890615337172,59554.47200226505,371.6428645544335,2213.084420077791,0.0,5.507099999999999,1002.3131789738462,123.40524000000002,460.92003097636507,1343.1650480735336,-0.0,5.403957443468592,-0.0,1.2331178058921621,-0.0,12.077300863590882,43.26792771851027,24.204048845413265,112.94276408152042,525.6311675435048,29.396635428482114,44.514903672577276,34.16801371811209,71.04369342366616,6.760184853551558,41.36526716206031,66.28919128239879,274.17747593314334,56.02911624870839,722.8252628628925,2596.5327850000044,391.08509465370446,185420.56811551686
t275,23654.50908628018,2057.279999999999,11011.264600000002,19648.446275736685,45515.24418013857,-0.0,-8.005982463528037e-14,2181.813309099441,9633.336175785857,470.3376811442223,-0.0,4237.186703238982,-0.0,18.46893399170994,4510.890615337172,59554.47200226505,-0.0,2788.0136597388287,0.0,25.054139999999997,1170.8193179476923,192.71428000000003,460.92003097636507,1044.9641253093682,7.915286764283253,5.403957443468592,-0.0,-0.0,-0.0,-0.0,-0.0,-0.0,-0.0,-0.0,-0.0,-0.0,45.58307822091016,42.35151824896016,9.367172977250451,52.861728523619476,91.8528612332326,274.17747593314334,87.23704204017184,996.4731624061787,228.81959942028277,411.72450834238407,190429.502508544
t276,23355.157107982024,2265.119999999999,12021.626800000002,19523.612249211183,48713.38218013857,-0.0,-8.005982463528037e-14,1394.358979213367,7022.598543765555,733.9258810814442,-0.0,2339.8166043658616,-0.0,18.46893399170994,4510.890615337172,59554.47200226505,-0.0,2788.0136597388287,0.0,44.60117999999999,1170.8193179476923,231.10291153258134,460.92003097636507,1343.1650480735336,-0.0,5.429317168645884,-0.0,1.2389045888185235,-0.0,12.133977296369656,-0.0,14.793978325303547,112.05660043969021,493.81853317503464,96.95892744758909,18.546604906695748,25.449492041254075,70.14030714439522,12.572374831931093,15.344062166850946,123.28251048786802,192.65389146067403,125.60610890251388,1330.0722830666982,1208.5364516563668,684.9756771449404,192035.66204787258
t277,24939.937107982023,2472.959999999999,13031.989000000001,20813.952249211183,44448.948000000004,-0.0,-8.005982463528037e-14,606.9046493272932,9633.336175785857,-0.0,-0.0,442.44650549274115,-0.0,18.46893399170994,7593.652316076758,59554.47200226505,-0.0,2788.0136597388287,0.0,55.79325366905918,1170.8193179476923,231.10291153258134,460.92003097636507,1343.1650480735336,5.479718541955909,-0.0,-0.0,-0.0,-0.0,-0.0,-0.0,-0.0,-0.0,-0.0,-0.0,39.761260412340434,41.50286390878051,101.92669534328903,6.871492990723264,34.77896469383417,28.824359854284914,321.472412056191,82.25777531613383,714.493083710961,2334.3175913992163,999.4491934009159,194318.0165736993
t278,24157.921726772896,2680.7999999999993,14042.351200000001,20813.952249211183,47647.086,-0.0,-8.005982463528037e-14,1273.4059941428663,6548.816289183422,621.1948657473345,-0.0,2048.3805571789508,-0.0,18.46893399170994,7593.652316076758,59554.47200226505,-0.0,2788.0136597388287,0.0,55.79325366905918,1170.8193179476923,231.10291153258134,460.92003097636507,1343.1650480735336,5.122659070929051,3.8942663345327975,-0.0,0.8886245327121821,-0.0,8.703293217445783,-0.0,10.611222361210173,80.54560949855076,-0.0,-0.0,-0.0,46.4733976606164,134.34461572498515,10.610626024670298,54.6,3.0756799051497765,452.85029991885415,127.01846493610171,1104.0594849297902,3499.2,1321.2613654223132,199913.57596604608
t279,25742.701726772895,2888.6399999999994,15052.7134,22104.292249211183,50845.224,-0.0,-8.005982463528037e-14,1731.1949495690174,9159.553921203722,336.4073635668537,-0.0,3654.31460886516,-0.0,18.46893399170994,7593.652316076758,59554.47200226505,371.6428645544335,2788.0136597388287,0.0,55.79325366905918,867.9195789738463,231.10291153258134,460.92003097636507,1343.1650480735336,10.051621320505582,7.641283554874139,-0.0,0.8550240637020513,-0.0,8.374206270964208,-0.0,-0.0,77.50847989588905,-0.0,-0.0,24.55055492117637,65.05108267647302,86.81151034517745,14.853423267759503,-0.0,44.67980821117014,372.81413187652225,177.8084552344414,1217.3630568201424,-0.0,1059.5011668403847,207968.05662434018
t280,25926.892686088722,3096.4799999999996,16063.0756,20812.295407187437,50845.224,-0.0,-8.005982463528037e-14,2397.69629438459,7022.598543765555,336.4596732243494,-0.0,4237.186703238982,-0.0,18.46893399170994,7593.652316076758,59554.47200226505,-0.0,2788.0136597388287,0.0,46.754013669059184,969.2289179476924,231.10291153258134,460.92003097636507,1343.1650480735336,9.469433658264716,7.19870211776246,-0.0,1.6426568590867363,-0.0,16.088374531643623,-0.0,3.5898847037372867,149.14998223261014,-0.0,-0.0,44.861497897984705,45.1,24.231514754099834,20.596967578897598,14.81568539276428,-0.0,574.6188586921412,246.56369926971587,1817.1456387774838,1760.297056733438,654.1080917253882,209133.16478708625
t281,27511.67268608872,3304.3199999999997,17073.4378,22102.635407187438,54043.362,-0.0,-0.0,3064.1976392001634,9633.336175785857,336.41539833024507,-0.0,3947.014494519948,-0.0,18.46893399170994,7593.652316076758,59554.47200226505,371.6428645544335,2585.916959738829,0.0,55.79325366905918,1103.6225179476924,212.11060190256876,460.92003097636507,854.8770705054962,10.138150044792328,7.70706304425539,-0.0,1.7586586812394853,5.140725278054825,17.224510025080843,-0.0,11.595191460501441,159.97779191028073,-0.0,75.33028526252879,28.68906475863028,-0.0,89.3,10.3,54.6,73.59369551887926,361.9,213.10629983880312,667.1456387774837,4075.306721734808,654.1080917253882,220344.79004080108
t282,28365.0,3512.16,18083.8,23095.0,57241.5,-0.0,-0.0,3064.1976392001634,9633.336175785857,733.9258810814442,-0.0,4237.186703238982,-0.0,18.46893399170994,10676.414016816345,59554.47200226505,-0.0,2788.013659738829,0.0,55.7932536690592,1170.8193179476923,231.10291153258134,460.92003097636507,991.6166421333404,-0.0,-0.0,-0.0,-0.0,-0.0,-0.0,-0.0,24.280552993236626,-0.0,-0.0,134.96814901715658,20.777440346706854,15.722526168397298,-0.0,-0.0,-0.0,-0.0,-0.0,123.3,447.11308079979904,3327.0316087276733,417.8478783851074,228424.7684048155
t283,27906.784382638434,3720.0,18083.8,23095.0,57241.5,-0.0,-0.0,3064.1976392001634,9633.336175785857,733.9258810814442,-0.0,4237.186703238982,-0.0,18.46893399170994,10676.414016816345,59554.47200226505,88.6108,2788.013659738829,0.0,55.79325366905919,1170.8193179476923,231.10291153258134,460.92003097636507,1003.2088137611845,-0.0,-0.0,-0.0,-0.0,-0.0,-0.0,-0.0,-0.0,-0.0,626.1198828917852,-0.0,-0.0,-0.0,-0.0,-0.0,-0.0,-0.0,-0.0,-0.0,-0.0,-0.0,-0.0,224389.6744055355
t284,25793.62041035206,3442.8637413394918,16736.571362586605,21374.44572748268,56041.31683450156,-0.0,-0.0,3064.1976392001634,9633.336175785857,733.9258810814442,-0.0,4237.186703238982,-0.0,18.46893399170994,9539.70240358484,59554.47200226505,177.2216,2756.2948856998455,0.0,55.79325366905919,1139.3855458993894,227.3473006860423,460.92003097636507,889.6535853890285,-0.0,-0.0,-0.0,-0.0,-0.0,-0.0,-0.0,-0.0,140.72091042272618,-0.0,-0.0,20.863229839742427,15.787444056583615,31.25983934041944,3.605558177002467,19.112958880032494,35.355473386140694,126.68461206380509,43.161681866447005,381.2763148134583,-0.0,302.18511141327224,216996.7371519898
t285,23680.45643806569,3165.7274826789835,15389.34272517321,19653.891454965356,51776.88265436299,-0.0,-0.0,2276.7433093140894,6548.816289183422,-0.0,-0.0,3543.4047706820857,-0.0,18.46893399170994,7250.207807624989,51241.59676958679,265.8324,2522.479411660862,0.0,50.53935366905919,1040.7549738510866,200.7998898395033,460.92003097636507,650.9509570168725,10.54839207257072,8.01893070822978,12.984860837177258,1.8298231146296144,7.9499147982717915,17.921502857990042,64.2052639927391,21.85024072175363,309.89539625279247,721.1553030780808,139.37891643078947,37.32334927599909,28.243004234019452,55.922400844743606,6.450176133268301,34.192195813247494,63.249299947582365,226.63288763396093,77.21424439145451,684.2737993122516,902.3918745293345,538.2408810450922,193707.688310669
t286,21567.292465779316,2888.5912240184753,14042.114087759815,17933.337182448035,47512.448474224424,-0.0,-0.0,1489.2889794280154,3464.2964025809874,-0.0,-0.0,1926.9658839366139,-0.0,18.46893399170994,4203.237150133714,44236.23703784176,177.2216,2086.567237621878,0.0,40.031553669059186,930.5684138510866,152.20987322633556,460.92003097636507,525.8035570168724,10.943426108548497,8.31923719476391,-0.0,-0.0,-0.0,18.59265762319719,66.60973136478754,29.36586813510832,152.38755080117426,740.6299861804584,-0.0,50.226379696597924,38.00687456906991,75.25529709574153,8.680062263002663,46.01275723882965,85.11517364691932,304.98199349326825,103.90792980856585,919.596626881208,1604.5128751404513,730.0158985519282,168648.7604142981
t287,19454.128493492943,2611.454965357967,12694.88545034642,16212.782909930713,43248.01429408586,0.0,-0.0,701.8346495419415,379.77651597855294,-0.0,-0.0,29.59578506349376,-0.0,8.466261769163395,2358.204792866558,43148.47977453311,254.18238899719802,1683.1753388109385,0.0,30.30804,820.3818538510866,126.41165661316776,174.07181871851776,400.65615701687244,19.04431946151625,14.477569386560821,12.151340029451625,1.4052570102086914,7.439595936398954,32.35591010553526,115.91771998769838,39.44894745599794,279.8000075483859,1300.4675563483183,116.28739144922459,58.8461753384124,44.52957227789261,88.17052781409778,10.169724932645098,53.9094156623711,99.72254545603445,357.3226653518699,121.74049361117869,1075.2695123109404,2079.3026553791774,864.2658237854653,151128.85587361388
t288,17340.964521206566,2334.3187066974588,11347.656812933026,14492.228637413391,38983.58011394729,-0.0,-0.0,-0.0,-0.0,-0.0,-0.0,-0.0,-0.0,-0.0,2358.204792866558,43148.47977453311,625.8252535516315,1481.0786388109384,0.0,25.054139999999997,726.2992469255435,103.61985661316774,126.59581871851776,275.50875701687244,13.68725992952243,10.405110864790009,20.53088989428364,2.3743206000191965,12.569932588336922,23.25437528842331,83.31071987714415,28.352181282582173,215.15810886748994,950.6197061200944,197.09538726817505,64.83826247013185,49.06385297655952,97.14860467420763,11.205270191985877,59.398810920624165,109.87692130005568,393.7075031533677,134.13687521086004,1183.4128489272584,2409.258775574849,958.2999527220654,140397.1207419369
t289,13572.85219399539,2057.1824480369505,9031.913008093226,10748.966837711136,23126.026558891463,-0.0,-0.0,12.748204489661592,174.2144177775303,325.3398214749997,-0.0,31.23799463396911,-0.0,-0.0,-0.0,-0.0,-0.0,1221.2734371563733,0.0,26.657109818067326,602.9984366998709,117.50981956442581,284.2792578880242,337.1092795405832,-0.0,-0.0,-0.0,1.3285424480426553,-0.0,-0.0,46.616210015143764,-0.0,-0.0,-0.0,114.42865206446874,94.78683219785714,71.72627738462009,142.0212099877289,16.380945832851147,86.8349167450168,160.62869214737538,575.5596404765855,196.09423506704337,1754.5541851773803,5997.106680868621,1542.7628428778385,72471.13868906224
t290,11830.963230275833,1978.0962233576333,7684.684370679832,10740.318220678591,18861.592378752895,-0.0,-0.0,12.748204489661592,174.2144177775303,345.8272408508946,-0.0,31.23799463396911,-0.0,-0.0,-0.0,6250.8735447963345,-0.0,1373.2836000000002,0.0,32.64268654537822,671.4012800000002,120.21988000000002,352.05795439012775,406.6263803981635,0.8435553658198134,0.641274232179348,1.26533304872972,0.5952646892230142,0.7746937033039103,1.433183351112234,-0.0,1.7473646863410421,13.238707049778283,70.96166524611604,-0.0,38.22646030162125,28.926398651059046,57.275552096221105,12.073791446301232,35.01954249108258,64.77973977288168,232.1167111267908,79.08259320788424,658.8203113256909,4464.005739779488,611.3331778142292,67239.94866701271
t291,9717.799257989458,1700.9599646971253,6701.91053952654,10740.318220678591,21151.868918417844,-0.0,0.0,12.748204489661592,174.2144177775303,422.8702369538298,-0.0,31.23799463396911,-0.0,-0.0,792.5655995125009,6250.8735447963345,235.7423858919604,1575.3802999999998,0.0,33.37436327268911,704.99968,143.01168000000007,467.3126508922313,476.14348125574384,-0.0,-0.0,-0.0,-0.0,-0.0,-0.0,4.288435148310709,-0.0,-0.0,-0.0,9.831117961935202,40.732144195616186,30.822478241984744,8.308663781877236,2.206820709860759,37.31501800470881,9.39725690895409,33.671953221292476,11.47209680073307,99.53028837233126,2991.4321450371003,84.89409149081212,64697.233950661524
t292,9717.799257989458,1780.1925173210152,6244.823244489364,10740.318220678591,24272.49996801305,-0.0,-0.0,12.748204489661592,174.2144177775303,587.5150963236205,-0.0,31.23799463396911,0.0,-0.0,2490.50081863745,6250.8735447963345,-0.0,1575.3803,0.0,28.85214,671.40128,143.01168000000007,467.3126508922314,545.6605821133242,0.7095772091677076,0.539423490642798,1.0643658137515613,0.1230899240392962,0.6516525390315682,1.205557197208401,-0.0,1.4698385047045368,11.266904060096943,51.58420501309855,-0.0,7.329765415729767,5.546517118278743,10.982349859474304,2.5152077938389206,6.71485220971217,12.421246761555478,44.50741785155428,15.163759660393973,131.785006586335,928.928904637467,111.41529949105671,67080.26685929274
t293,11302.579257989459,1503.0562586605072,6244.823244489364,12030.658220678592,27470.63796801305,-0.0,-0.0,12.748204489661592,-0.0,733.9258810814442,-0.0,31.23799463396911,-0.0,-0.0,2490.50081863745,6250.8735447963345,-0.0,1373.2836,0.0,23.59824,671.40128,120.21988000000002,467.3126508922314,615.1776829709045,0.35081814188929916,0.26669338337502846,0.5262272128339487,-0.0,0.3221799262248666,0.5960328635160033,2.1353369554792545,0.7266947224849767,-0.0,-0.0,4.750614684890072,7.667264746779063,5.801906712747254,11.488032582002864,2.5152077938389206,7.024037838492229,12.99318354739405,46.5567636218016,15.86197555835334,137.89705305741924,956.9597074208007,116.38213794690172,72672.85659605017
t294,12517.200000000006,1225.9199999999992,6946.0191453933485,13186.415725599503,29320.772466192582,-0.0,-0.0,-0.0,-0.0,531.1245236031623,-0.0,-0.0,-0.0,-0.0,2490.50081863745,6250.8735447963345,0.0,1373.2836,0.0,23.59824,738.5980800000001,120.21988000000002,467.3126508922314,684.6947838284848,1.9918592929644827,1.5142195645495298,2.987788939446723,0.28467040375793995,1.8292585343551366,3.384128288557003,12.123919063809325,4.125994249712142,26.193511467163397,115.74685344474857,26.561261016633196,8.677624913440791,6.566457778459401,13.001877596816493,-0.0,7.949636246205826,14.705371078146309,52.691819734467366,17.952200534014263,156.28887419535906,-0.0,130.95502703715675,76482.06581232286
t295,14101.980000000007,1433.759999999999,7956.381345393349,13186.415725599503,32518.91046619258,-0.0,-0.0,666.501344815573,2610.7376320203007,171.65106896961788,-0.0,1605.9340516862094,-0.0,15.632105730583293,5573.262519377036,8566.967179325016,0.0,1049.9892474853045,0.0,13.090440000000003,872.9916800000002,140.75996000000004,467.3126508922314,754.2118846860651,6.211002480234396,3.474103255330217,6.854941993738816,1.077418797591681,4.196903261472745,7.7642710337245795,27.816142171872144,9.46634846754408,98.08709149507354,438.2502888410936,-0.0,-0.0,5.810422426906888,11.504894073675938,0.35264046393193743,7.034347328361767,-0.0,-0.0,15.885256878882895,54.99665545773203,113.63161270239605,112.25551287327879,92631.1591561762
t296,15686.760000000007,1641.599999999999,8966.743545393349,14476.755725599503,35717.04846619258,-0.0,-0.0,1333.002689631146,5221.475264040601,733.9258810814442,-0.0,2631.2526515527725,-0.0,18.46893399170994,5573.262519377036,9057.926694539634,235.7423858919604,1373.2836,0.0,10.761,1041.0637426688327,54.09620000000001,467.3126508922314,823.7289855436454,10.815180646260366,11.695847726211818,23.077712963129358,1.876102765167614,14.129212018242464,26.139042233748558,93.64527743201812,31.869222663369115,168.59313653225337,-0.0,-0.0,-0.0,6.441357214979959,12.754172933430379,0.9297634817520557,7.798184122791698,-0.0,-0.0,17.61018502454609,114.02183842688217,190.80405546092095,-0.0,105796.41122804215
t297,17271.540000000008,1849.439999999999,9977.105745393348,15767.095725599504,38915.18646619258,-0.0,-0.0,1999.504034446719,7832.2128960609025,733.9258810814442,-0.0,4237.186703238982,-0.0,18.46893399170994,5573.262519377036,9057.926694539634,-0.0,1898.6746525146955,0.0,5.507099999999999,1157.5259055279248,120.21988000000002,467.3126508922314,893.2460864012257,23.787491643036518,9.861603767957378,19.458466495164217,4.12640161154715,11.913346833774012,22.039691642481923,121.96897632771123,-0.0,371.19306195499826,-0.0,-0.0,6.362684395765049,8.885816170546349,17.594310067179357,2.029354912563801,11.683149691789666,10.782401408930705,38.6351591078418,-0.0,226.01733492931967,556.3987702130179,-0.0,119238.07989643156
t298,18856.320000000007,2057.279999999999,10987.467945393348,17057.435725599502,42113.32446619258,-0.0,-0.0,2666.005379262292,7022.598543765555,733.9258810814442,-0.0,4237.186703238982,-0.0,18.46893399170994,5573.262519377036,23638.969209147508,235.7423858919604,2626.1624050293913,0.0,23.598240000000004,1157.5259055279248,183.64709754928242,467.3126508922314,962.763187258806,6.629391905621636,12.352378340535287,24.373149208841436,1.149996555056814,14.922336250311082,27.6063220630755,93.76831915994705,-0.0,125.89156322464717,1130.1594063037517,80.6431936065037,17.679861216787202,17.449652993165465,34.55108674699947,3.9851757390156166,22.0508989271556,19.178437230255668,107.35472775763908,-0.0,425.865613548367,1218.7862290362893,-0.0,144003.39491901355
t299,20441.100000000006,2265.119999999999,11997.830145393347,17651.919187432195,44712.66735045348,-0.0,0.0,2518.6492794550913,9633.336175785857,112.73101533410981,-0.0,4237.186703238982,-0.0,18.46893399170994,8656.024220116622,38220.01172375538,-0.0,2626.1624050293913,0.0,41.68938000000001,1157.5259055279248,249.77077754928243,467.3126508922314,1032.2802881163864,-0.0,7.312687555139247,14.429061350408983,-0.0,8.834119194127947,16.3431205091367,-0.0,26.86768819549804,-0.0,737.3310902342528,258.5,33.49431785588919,29.416632765371837,54.40735433158488,6.718211030672505,24.85548971346944,45.97810368242515,164.74728438286792,-0.0,429.1118909376882,2172.4856117115287,235.8353699702802,170306.45417549234
t300,22025.880000000005,2472.959999999999,13008.192345393347,18942.259187432195,44606.43350737037,-0.0,-0.0,1731.1949495690174,6548.816289183422,733.9258810814442,-0.0,4237.186703238982,-0.0,18.46893399170994,8656.024220116622,52135.68939211905,235.7423858919604,2626.1624050293913,0.0,54.52662000000001,1157.5259055279248,249.77077754928243,467.3126508922314,1101.7973889739667,9.980625766394013,-0.0,-0.0,1.7313330411091654,-0.0,-0.0,60.74942111891866,47.54184156874278,161.3819032910177,138.3580723969784,140.19061772311963,36.07760261411519,27.300333521754958,50.216987980033046,6.234887700090379,37.715394862294474,69.76657291376819,287.7880986170504,41.920233199985375,795.8845263228602,3430.304944875215,545.2268581768168,186898.2397990512
t301,23610.660000000003,2680.7999999999993,14018.554545393346,20232.599187432195,47804.57150737037,-0.0,-0.0,2397.69629438459,6092.031561151981,733.9258810814442,-0.0,4237.186703238982,-0.0,18.46893399170994,8656.024220116622,59554.47200226505,-0.0,1413.582205029391,0.0,56.50227508747808,955.9355055279248,249.77077754928243,467.3126508922314,1171.314489831547,-0.0,5.068967228280463,12.003397145853702,-0.0,-0.0,13.5956845223445,48.70766256803901,23.517961436826464,292.7440624568285,801.5512405347449,254.696263742651,61.52438896732015,46.5562070876869,50.216987980033046,10.632570576567076,61.027383702646674,112.88948267339404,442.30474259733353,94.56433986693456,1263.492855301346,1541.602375001043,-0.0,199488.10531373404
t302,25195.440000000002,2888.6399999999994,15028.916745393346,21522.939187432195,51002.70950737037,-0.0,-0.0,3064.1976392001634,8702.769193172282,391.9165279951193,-0.0,4237.186703238982,-0.0,18.46893399170994,9722.964499366046,59554.47200226505,-0.0,2019.872305029391,0.0,56.50227508747808,1090.329105527925,249.77077754928243,467.3126508922314,1240.8315906891273,8.120534360338667,-0.0,-0.0,1.408664123732218,-0.0,13.796622153024364,48.70766256803901,-0.0,-0.0,-0.0,114.12769998642909,61.52438896732015,66.29465996675196,89.3,10.632570576567076,84.92360381787843,157.0931132894821,600.6937913098311,148.52778199528757,1263.492855301346,-0.0,411.5205441726974,209535.40413678944
t303,26780.22,3096.4799999999996,16039.278945393346,22137.029100153115,54043.362,-0.0,-0.0,2945.1749959174495,9633.336175785857,733.9258810814442,-0.0,4237.186703238982,-0.0,18.46893399170994,9722.964499366046,59554.47200226505,-0.0,2424.065705029391,0.0,51.24837508747808,1157.5259055279253,226.97897754928246,467.3126508922314,1310.3486915467076,14.802011464389237,-0.0,-0.0,2.5676958662716025,-0.0,13.796622153024364,40.66837849557311,13.84020257267618,-0.0,-0.0,212.08267619500293,88.02389835293269,66.29465996675196,89.3,15.212183775758508,54.6,101.0,399.7027249785087,203.34975359337528,615.7282678707106,-0.0,833.5350218614803,217343.88363997245
t304,28365.0,3304.3199999999997,17049.641145393347,23095.0,57241.5,-0.0,-0.0,3064.1976392001634,9633.336175785857,733.9258810814442,-0.0,4237.186703238982,-0.0,18.46893399170994,10676.414016816345,59554.47200226505,-0.0,2626.1624050293913,0.0,56.50227508747808,1157.5259055279257,249.77077754928243,467.3126508922314,1379.865792404288,13.105339310303151,4.88344626903895,9.635793309378867,2.273375186481158,-0.0,10.91401078919443,-0.0,27.14677428562795,-0.0,-0.0,192.44931827977388,28.745551607488768,21.75208687076751,-0.0,4.967771502636482,-0.0,-0.0,37.80272497850871,260.8987135997578,-0.0,-0.0,1009.8781820830493,224535.05539233546
t305,27578.796880231166,3512.16,18060.003345393347,23095.0,57241.5,-0.0,-0.0,3064.1976392001634,9633.336175785857,733.9258810814442,-0.0,4237.186703238982,-0.0,18.46893399170994,10676.414016816345,59554.47200226505,-0.0,2626.1624050293913,0.0,56.50227508747808,1090.329105527926,249.7707775492824,419.8366508922315,1449.3828932618683,-0.0,-0.0,-0.0,-0.0,-0.0,-0.0,-0.0,-0.0,-0.0,-0.0,149.60104280454442,-0.0,-0.0,-0.0,-0.0,-0.0,-0.0,-0.0,137.5987135997578,-0.0,1574.1881763610147,526.2274723833212,225685.0610905009
t306,28365.0,3720.0,18083.8,22252.520457227547,52977.06581986143,-0.0,-0.0,3064.1976392001634,9633.336175785857,435.24363253078576,-0.0,4237.186703238982,-0.0,18.46893399170994,10676.414016816345,59554.47200226505,235.7423858919604,2626.1624050293913,0.0,56.50227508747809,955.9355055279262,249.77077754928237,467.31265089223143,1507.8,-0.0,-0.0,-0.0,-0.0,-0.0,-0.0,-0.0,-0.0,-0.0,-0.0,-0.0,-0.0,-0.0,-0.0,4.836730961669981,-0.0,-0.0,-0.0,14.29871359975779,-0.0,-0.0,-0.0,219136.0668254576
t307,26251.836027713627,3720.0,17057.364630422522,20531.966184710225,48712.631639722866,-0.0,-0.0,3064.1976392001634,9633.336175785857,64.31372205667435,-0.0,4237.186703238982,-0.0,18.46893399170994,8547.635960244006,55038.28695513954,-0.0,2626.1624050293913,0.0,56.50227508747808,817.7367855279263,249.77077754928246,467.3126508922314,1441.0697067381316,-0.0,-0.0,-0.0,1.474010209895293,-0.0,-0.0,-0.0,-0.0,147.23250072752657,-0.0,-0.0,-0.0,-0.0,-0.0,10.420667709970111,-0.0,-0.0,-0.0,-0.0,623.0840722907669,-0.0,221.8875853522161,203539.878009341
t308,24138.672055427254,3442.8637413394918,15710.135993009128,18811.411912192903,44448.1974595843,-0.0,-0.0,2309.603728230151,6548.816289183422,-0.0,-0.0,3604.6645529858642,-0.0,18.46893399170994,5685.439939916574,43986.698282477046,235.7423858919604,2424.065705029391,0.0,51.24837508747808,710.9706327639633,226.97897754928252,419.83665089223126,1249.1920134762631,8.531086768038644,6.485366981825297,-0.0,2.953892608432609,7.8346715216681435,-0.0,51.92646180750052,17.671536876651476,81.31600723453126,727.6577049166159,128.4653367972889,32.21858936565394,24.380174167634113,48.2738260126325,15.988645402356614,29.51568757323331,54.59861620689679,4.243107197539757,66.65355820109282,1241.5558813338564,2185.1092315128953,749.5155823405889,179507.90259385537
t309,22025.50808314088,3165.7274826789835,14362.907355595733,17090.85763967558,40183.76327944573,-0.0,0.0,1522.1493983440769,3464.2964025809874,68.93336246173997,0.0,3185.151614457255,-0.0,18.46893399170994,2043.2356621051536,28059.21091532933,-0.0,2019.872305029391,0.0,40.74057508747808,671.40128,188.59528,346.56912544611566,932.1669202143946,14.685543394695843,11.164010029641227,9.231684939985795,2.547492221528871,-0.0,-0.0,-0.0,30.4200541747271,186.7190679322495,1265.0731953395937,220.55541475172015,60.18116906537679,45.53977726255862,90.17077848218366,20.821104645765093,55.13241327130156,72.89708719040019,174.0360198372998,124.5023178818953,1775.6897505965494,4081.6337030134555,1204.506490177485,148835.06268979292
t310,19912.34411085451,2888.5912240184753,13015.678718182338,15370.30336715826,35919.329099307164,-0.0,-0.0,734.6950684580032,379.7765159785531,361.2787163161413,-0.0,1764.744543076481,-0.0,18.46893399170994,1128.2190248511438,14664.43264402959,-0.0,1627.6758743355254,0.0,30.749545771908952,671.40128,143.01168,320.7776,608.5901409640691,4.741371540432553,-0.0,-0.0,2.7426004197009846,-0.0,-0.0,-0.0,-0.0,15.052512991408548,608.2826444286461,143.35820616831796,85.26089260633067,40.137716042861086,85.36985094846364,25.15535217046014,78.10813315949085,115.39796097624483,326.3238042244006,176.38704795907,2240.874482607147,5702.042013612701,1609.2494929477477,120818.5521700973
t311,17799.180138568136,2611.454965357967,11668.450080768944,13649.749094640938,31654.894919168597,-0.0,-0.0,373.7216364738324,174.2144177775303,191.0495583330256,-0.0,65.850646575041,-0.0,10.002672222546545,1128.2190248511438,4826.19700242633,107.38268974054552,1437.5761436416597,0.0,26.012416456339828,671.40128,120.21988000000002,255.88356033893552,410.16076171374357,14.286922027094011,7.256566441390598,14.318325729992187,-0.0,8.76632187550542,16.217695469685026,58.101233319322034,19.77292600808445,154.25601815491257,1348.0822702616704,288.52706739200795,105.34522358374784,55.33575844355764,115.46264887268097,18.3263019870272,96.50753704148713,149.43348830374708,448.2788273909656,217.9373501321495,2606.4279852072686,6975.632340650488,1941.053816561332,101840.94751390936
t312,15686.016166281763,2334.3187066974588,10321.22144335555,11929.194822123616,27390.46073903003,-0.0,0.0,12.748204489661592,174.2144177775303,514.0454174594075,-0.0,31.23799463396911,0.0,1.5364104533831502,-0.0,-0.0,343.1250756325059,1449.5731129477952,0.0,26.529187140770702,703.91103571274,120.21988000000002,208.40756033893553,336.87878246341796,14.616236462147441,11.111322616632492,21.924354693221158,0.8796087916659353,13.423074301972136,24.83268745864845,88.96515356807089,30.27648981444827,235.16580046324864,1151.970962353301,221.05907611631687,119.5283087940697,66.06826084264347,130.81808632479073,15.08876023678997,109.50076611000347,173.4685823682187,534.4006149348495,247.27920258907375,2238.683015323475,7871.542568963538,1949.641775648603,86853.88366531426
t313,21363.985688230776,2057.1824480369505,10198.921258086455,9932.317912308998,22800.63211231453,-0.0,-0.0,1262.0691273805419,3027.427689959869,588.3123240934635,-0.0,1739.5299519997932,-0.0,15.632105730583293,-0.0,-0.0,-0.0,1373.2836000000004,0.0,23.59824,671.4012799999999,120.21988000000002,320.1763603389355,395.2958892015497,7.8082023335448625,5.935827284174411,11.712303500317292,-0.0,7.1707980614187505,13.26597641362469,-0.0,16.17413340520007,-0.0,-0.0,115.03751379756471,10.221461276974951,7.734696368986079,15.315041812648708,0.5919176715097957,9.363956136289133,17.321603841853523,62.0662220828395,21.146076769312273,164.0752265161944,2003.6472766079128,157.22710646763142,78535.80120803043
t314,22948.765688230775,1780.0461893764425,8851.69262067306,10618.196148413166,22800.63211231453,-0.0,-0.0,1262.0691273805419,2255.5807917168495,413.7826141872311,-0.0,1739.5299519997932,-0.0,15.632105730583293,-0.0,1026.4864913657025,-0.0,1726.9528250000003,0.0,32.792564999999996,819.2342399999999,160.10553000000002,469.82618016946776,442.7461783680044,-0.0,-0.0,-0.0,0.19456785557061304,-0.0,-0.0,6.82704269693357,-0.0,17.038249589661664,84.93375279491372,-0.0,12.40812144498124,9.389367066588154,18.591363171758804,0.9698136401417551,11.367171659328452,21.027185670186327,75.34394548554883,23.99338697158079,202.45966217997938,2131.1063867624466,188.5090852968926,80168.23046221267
t315,23682.15176304613,1502.9099307159345,7504.463983259666,11908.536148413166,23955.956947372808,-0.0,-0.0,1262.0691273805419,1328.4969974575374,270.96926109926204,-0.0,1739.5299519997932,-0.0,15.632105730583293,-0.0,1026.4864913657025,235.7423858919604,1878.5253500000001,0.0,36.73299,899.8703999999999,177.19938000000002,572.0,512.2632792255847,0.3603981608328644,0.2739761528780449,0.5405972412492965,-0.0,0.3309779028056918,0.6123091201905297,-0.0,0.7465390474395046,-0.0,-0.0,4.799594514978566,13.424624245444654,10.158566333381778,20.114411830842407,1.145484426127882,12.298397379216077,22.74978269781728,81.51630057762449,26.096319778579765,220.45883249044687,190.64136345812358,202.6730476075934,79318.47801592424
t316,23581.07205295655,1436.5245218439754,7643.548674826794,12573.992180760148,27154.094947372807,-0.0,-0.0,768.2348342936331,1328.4969974575374,533.0881404388879,-0.0,869.7649759998967,-0.0,15.632105730583293,-0.0,1728.6783605162493,-0.0,1828.0011749999999,0.0,35.419515000000004,913.3097599999999,171.50143000000003,572.0,581.780380083165,-0.0,-0.0,-0.0,-0.0,-0.0,-0.0,-0.0,-0.0,3.5024801642794703,-0.0,-0.0,4.487657372600383,3.3958615353066666,6.723956432436477,1.3674691973115398,4.111176049395654,7.604922728735545,27.249718173558364,14.693366425199804,-0.0,260.9997938349974,220.19035295606147,82289.46680715012
t317,25165.85205295655,1159.3882631834674,6296.320037413399,12573.992180760148,30352.232947372806,-0.0,-0.0,768.2348342936331,980.1322679139729,540.7128000725146,-0.0,-0.0,-0.0,18.46893399170994,706.7774085671412,2191.283102584686,-0.0,1575.3803,0.0,28.85214,859.5523199999999,143.01168,572.0,651.2974809407453,1.860809022605749,1.4145946141237582,2.7912135339086226,0.32279340188058914,1.7089062452501775,3.1614765537128284,11.326250836574788,3.8545329753976225,32.50711655072352,129.23694669369988,-0.0,5.157595088831307,3.902811048763289,7.727738950212007,-0.0,4.724910937083716,8.740219865301373,31.317678903490773,16.0793281770668,12.050664785577474,303.68686652180793,71.84200190122155,85236.90320665801
t318,25641.144625564495,1018.0799999999991,4949.091400000005,12573.992180760148,31507.03575469163,-0.0,-0.0,-0.0,-0.0,733.9258810814442,-0.0,-0.0,-0.0,18.46893399170994,706.7774085671412,2191.283102584686,-0.0,1373.2836,0.0,23.59824,738.5980800000001,120.21988000000002,374.87418016946776,720.8145817983257,5.851171235753117,4.448084255751094,8.776756853629673,1.0149990919163572,5.373524604263066,9.941020517886672,35.61452696047688,-0.0,63.91757184780852,293.0976379435522,48.981079386488325,7.777203521174043,5.885098637666937,11.65275628256446,0.45271756464983526,7.124753561344008,13.179489188566748,47.224328092498084,14.412981266791737,60.406267360995045,449.0414819225785,105.49226586143345,83890.85356516685
t319,27225.924625564494,1225.9199999999992,5959.453600000004,13864.332180760148,34705.173754691634,-0.0,-0.0,666.501344815573,2070.6755050927923,-0.0,-0.0,-0.0,-0.0,18.46893399170994,706.7774085671412,10413.670450787302,-0.0,1373.2836,0.0,23.59824,671.40128,120.21988000000002,572.0,790.331682655906,16.70279233703513,9.66404126764937,25.05418850555269,-0.0,15.33929908503226,28.377703307309684,101.66546560246383,-0.0,265.77369045415867,965.8766299020454,-0.0,-0.0,-0.0,18.9950978230411,1.224772988418179,10.682798257022169,19.761220219033678,63.00813851200175,-0.0,190.46710895838663,386.23219220775655,-0.0,102526.5576263536
t320,27673.81188089009,1433.759999999999,6969.815800000004,14924.635741434555,37903.31175469163,-0.0,-0.0,1258.2148568163516,1888.6209990644759,621.1948657473345,-0.0,1605.9340516862094,-0.0,18.46893399170994,2245.071642340748,23344.325579804132,235.7423858919604,1541.025093369833,0.0,13.090440000000001,671.40128,143.01168,373.1728,859.8487835134863,18.08374236173201,9.66404126764937,16.971810339012343,2.465303205230028,10.390904289191228,19.22317293500378,68.86860453891745,14.364887016482378,219.12722026789237,538.4019243832711,170.29619803571293,13.85879771471453,-0.0,-0.0,3.619833667303409,23.378945156743875,43.24676668188884,147.16080450118278,28.670969097723187,377.7248197118854,1116.8618586611653,94.91148237314542,126661.75065544838
t321,26326.140772879775,1641.599999999999,7980.1780000000035,16214.975741434555,41101.44975469163,-0.0,-0.0,1731.1949495690174,4499.358631084777,733.9258810814442,-0.0,2506.5702317618716,-0.0,18.46893399170994,4807.925003942673,26540.85484958549,-0.0,1910.863286739666,0.0,14.19110186547403,738.5980800000001,76.888,572.0,929.3658843710666,11.148969319292242,8.475491982523184,-0.0,2.0379922742079675,-0.0,-0.0,-0.0,40.6,305.32892277106725,-0.0,161.8839369626016,15.42656122891999,11.673454889669324,23.11395835138515,6.2858333427711255,26.82853352890008,66.07705258733175,240.83316203048048,60.58531472735129,647.8671323232359,1946.35279030516,301.2874485620244,142220.35565818608
t322,24212.976800593402,1849.439999999999,8990.540200000003,16643.3,44299.58775469163,-0.0,-0.0,2397.69629438459,7110.096263105077,-0.0,-0.0,3356.3251919915347,-0.0,18.46893399170994,7890.68670468226,38569.02517435681,235.7423858919604,2078.604780109499,0.0,29.95280186547403,872.9916800000002,120.21988000000002,572.0,998.8829852286469,-0.0,-0.0,12.676546021061638,-0.0,-0.0,6.855201141598236,51.43918164328754,17.505706410037497,212.3503033925566,608.1429182068822,274.43613334836317,29.77152983660045,22.5284563025282,2.041130924435514,8.764913488058184,39.97006517284896,90.38647925470971,323.86996873544,29.67675552562082,895.598474703602,2738.6973964850363,501.17294134688876,166112.42193283216
t323,25309.286456965452,2057.279999999999,10000.902400000003,17933.64,47497.72575469163,-0.0,-0.0,3064.1976392001634,7848.401437840932,621.1948657473345,-0.0,4237.186703238982,-0.0,18.46893399170994,9358.7415855788,38569.02517435681,-0.0,1727.5616285284782,0.0,48.04394186547403,710.5169222349522,186.34356000000002,572.0,1068.4000860862272,-0.0,6.059855679751871,-0.0,-0.0,-0.0,20.398368533258456,-0.0,17.505706410037497,-0.0,-0.0,123.9390817507807,46.119412169327845,34.89908538316587,26.535525090753566,11.590134763680535,47.02651191903715,52.013052768140824,407.23007485203743,63.49712283476993,1177.5336889295088,3635.3713127189585,732.8588437843794,177231.4948679145
t324,26894.06645696545,2265.119999999999,11011.264600000002,19223.98,50695.86375469163,-0.0,-0.0,3064.1976392001634,8370.838908588446,733.9258810814442,-0.0,4237.186703238982,-0.0,18.46893399170994,9358.7415855788,46248.38406164473,-0.0,2131.7550285284783,0.0,35.206701865474,912.1073222349522,137.0552844125802,373.1728,1137.9171869438076,-0.0,-0.0,11.390629583249288,-0.0,-0.0,-0.0,-0.0,15.729917043534734,-0.0,-0.0,-0.0,65.88651362061107,46.88732054915792,56.15301099007557,5.48731299135782,65.13529949017916,85.51099314699326,400.07263891441517,104.39114311905217,620.5213841171847,1994.3718858556217,666.5709111117023,190987.3618094998
t325,25981.483268911557,2472.959999999999,12021.626800000002,20514.32,53894.00175469163,-0.0,-0.0,3064.1976392001634,9160.999885212288,733.9258810814442,-0.0,4237.186703238982,-0.0,18.46893399170994,9501.94822529409,53584.35157259861,-0.0,2333.8517285284784,0.0,42.79004186547401,1046.5009222349522,182.63888441258018,572.0,1207.4342878013879,-0.0,5.116775064412789,-0.0,-0.0,-0.0,11.435477157378918,40.96854128754669,13.942353531218739,-0.0,-0.0,-0.0,88.0092520863613,63.6278491532743,89.3,9.310537927552911,38.3755916018461,123.00086873492572,534.4051733230563,150.1584862872905,1001.4747836525257,3268.0528476996005,18.80454622628031,206026.66961279663
t326,26096.350268337756,2680.7999999999993,13031.989000000001,21804.66,54361.115824114066,-0.0,-0.0,3064.1976392001634,9633.336175785857,733.9258810814442,-0.0,4237.186703238982,-0.0,18.46893399170994,9501.94822529409,59442.81535419738,235.7423858919604,2333.8517285284784,0.0,48.04394186547403,1113.6977222349522,205.43068441258018,572.0,1276.9513886589682,-0.0,-0.0,8.633584408219251,-0.0,-0.0,-0.0,-0.0,25.864922475902468,-0.0,-0.0,-0.0,41.889839917033456,45.6285637951942,-0.0,13.170137489823055,38.3755916018461,160.84742754941936,308.1157637682567,196.36126551330102,1387.9796497796074,3512.661464576201,357.8284590202574,216489.86852672897
t327,26916.905271886095,2888.6399999999994,14042.351200000001,23095.0,57241.5,-0.0,-0.0,3064.1976392001634,9633.336175785857,733.9258810814442,-0.0,4237.186703238982,-0.0,18.46893399170994,9501.94822529409,59442.81535419738,-0.0,2333.8517285284784,0.0,48.04394186547405,1113.6977222349522,205.43068441258018,572.0,1346.4684895165485,-0.0,3.426549589917797,6.761111271381425,-0.0,-0.0,7.657993378809572,-0.0,9.33677270809816,-0.0,-0.0,-0.0,67.09100822331338,64.69857538266442,37.75946861997983,17.525372952149958,61.46256793612268,70.85074448224718,157.2666170950389,95.58886369397601,1826.0544849939686,5008.878237684135,749.0607289170684,224619.18704816262
t328,27325.733387322314,3096.4799999999996,15052.7134,23095.0,57241.5,-0.0,-0.0,3064.1976392001634,9633.336175785857,534.8477098812361,-0.0,4237.186703238982,-0.0,18.46893399170994,10676.414016816345,59442.81535419738,-0.0,2232.803378528479,0.0,42.79004186547405,1113.6977222349524,194.03478441258017,572.0,1415.9855903741288,5.515765037913899,7.619656685066627,15.03475882825227,0.9568163841279209,5.065498504206641,17.029165611591857,33.572998419547346,20.762286000919804,-0.0,-0.0,-0.0,75.5092847061567,90.2,88.25342024587934,13.049423363647886,69.17461317040531,127.96036502217831,361.9,87.9215344558321,2130.654162157644,3499.2,293.9631416435818,225933.34772808655
t329,28365.0,3304.3199999999997,16063.0756,23095.0,54735.74465164997,-0.0,-0.0,2720.162033020404,9633.336175785857,733.9258810814442,-0.0,4237.186703238982,-0.0,18.46893399170994,10676.414016816345,59442.81535419738,-0.0,2333.8517285284784,0.0,42.79004186547405,1113.6977222349524,205.43068441258018,572.0,1485.5026912317092,-0.0,5.8623569363612225,15.736524407349128,-0.0,-0.0,17.82402254301789,-0.0,21.731390848244033,-0.0,393.1717385900063,-0.0,59.6,45.1,89.3,10.3,54.6,101.0,-0.0,-0.0,1150.0,-0.0,-0.0,220742.94825138026
t330,26251.836027713627,3512.16,17073.4378,21976.19781993025,50471.3104715114,-0.0,-0.0,3009.28473390982,9633.336175785857,733.9258810814442,-0.0,4237.186703238982,-0.0,18.46893399170994,10676.414016816345,59554.47200226505,-0.0,2333.8517285284784,0.0,48.04394186547403,1046.5009222349522,205.43068441258018,572.0,1485.5026912317092,-0.0,-0.0,-0.0,-0.0,-0.0,-0.0,-0.0,-0.0,-0.0,-0.0,16.92190710711091,-0.0,-0.0,-0.0,-0.0,-0.0,-0.0,-0.0,-0.0,-0.0,-0.0,799.5242892263697,213655.80673085115
t331,27836.616027713626,3720.0,18083.8,20255.64354741293,46206.876291372835,-0.0,-0.0,3064.1976392001634,9633.336175785857,681.5172177223276,-0.0,4237.186703238982,-0.0,-0.0,10676.414016816345,59554.47200226505,-0.0,2333.851728528479,0.0,48.043941865474025,912.107322234952,205.43068441258018,524.524,1360.355291231709,-0.0,-0.0,13.412711830109698,1.5511299395364961,8.211864385781448,-0.0,-0.0,18.522316336818157,142.45740742797136,698.0052714633923,153.68041327160165,-0.0,-0.0,-0.0,6.627501091886392,-0.0,-0.0,-0.0,79.33697909025166,259.4338022273726,418.3804083666241,971.8078344882906,212105.80022972095
t332,27015.25210464458,3442.8637413394918,16736.571362586605,18535.089274895607,41942.44211123427,-0.0,-0.0,2836.9777871526894,9633.336175785857,346.3551234761808,0.0,4237.186703238982,-0.0,-0.0,7615.674999898748,49619.8510118113,235.7423858919604,2243.8366007111217,0.0,43.79338175629992,773.908602234952,185.03885189615266,429.572,1110.060491231709,7.6085825917891885,5.784075541717291,24.82558571779348,2.870986103418294,15.199338194567437,12.92682654625408,46.311423632676025,34.28295170552433,265.2981115215621,-0.0,-0.0,21.207770749518705,16.048162094014994,18.717571458058984,10.292602412692478,-0.0,35.93934304868103,128.77671533977886,74.84110629558452,649.6911457601183,1436.4633596975862,333.5327233511532,190124.17109154898
t333,25791.247235603525,3165.7274826789835,15389.34272517321,16814.535002378285,37678.0079310957,-0.0,-0.0,2049.5234572666154,8268.67973545488,-0.0,-0.0,2660.408914037277,-0.0,0.0,3973.4707220873274,33099.535813564245,-0.0,1951.7247728937646,0.0,38.81296783753328,689.0565411174761,141.85521937972516,351.4368,734.618291231709,-0.0,-0.0,-0.0,2.680100163859077,-0.0,26.24921631073743,-0.0,32.00354901549368,-0.0,-0.0,116.55178504055722,-0.0,-0.0,44.52670215939046,13.26946743199499,15.780274762516221,65.12996119912313,-0.0,57.33425814471962,965.2720976791752,2507.8449355316297,-0.0,156644.6259592395
t334,23678.083263317152,2888.5912240184753,14042.114087759815,15093.980729860963,33413.57375095713,-0.0,-0.0,1262.0691273805419,6460.585307225803,-0.0,-0.0,2660.408914037277,0.0,-0.0,331.26644427590753,15910.230657100994,235.7423858919604,1561.4558364468821,0.0,28.57865391876664,671.40128,121.46338686329779,320.7776,484.32349123170894,-0.0,-0.0,-0.0,0.7563630873202036,-0.0,-0.0,-0.0,33.87122973282331,-0.0,243.28572722509944,-0.0,-0.0,-0.0,-0.0,5.432869838587556,-0.0,-0.0,-0.0,36.68197218052441,974.21428322531,3346.549437366611,216.69897967417248,124022.13700261715
t335,21564.91929103078,2611.454965357967,12893.378532913244,13373.426457343641,29149.139570818566,-0.0,-0.0,1262.0691273805419,3376.065420623369,256.75950834406535,-0.0,2660.408914037277,-0.0,15.632105730583293,-0.0,4190.743078917893,-0.0,1373.2836,0.0,23.59824,700.1118096504443,120.21988000000002,337.5944,359.17609123170894,-0.0,-0.0,-0.0,-0.0,-0.0,-0.0,-0.0,-0.0,125.50327879412029,582.5980705241197,121.29087833381544,-0.0,-0.0,-0.0,7.0938528460767225,-0.0,-0.0,-0.0,-0.0,1133.8215568814683,3913.8413372616074,-0.0,100152.12996802125
t336,20263.915273855593,2334.3187066974588,11546.14989549985,11652.87218482632,24884.70539068,-0.0,-0.0,1262.0691273805419,3027.427689959869,403.8736178849174,-0.0,2660.408914037277,-0.0,15.632105730583293,-0.0,-0.0,156.3794628033784,1157.262436446882,0.0,18.07085391876664,508.2971503495557,75.8797868632978,209.0088,359.17609123170905,5.49464636865289,4.177052596577962,8.241969552979333,0.9531529415010115,5.046103807946531,9.335292044701083,-0.0,11.381767477923841,210.03162798535226,984.5080565017537,81.73329335377045,6.796384265131862,5.142901516064546,10.183173068393879,-0.0,6.226217799936236,11.517362596951644,41.2686487508594,14.060305031724136,1254.328709071559,4305.6270700458535,105.6852518729963,87617.18647481666
t337,15374.486025474864,1641.599999999999,7980.1780000000035,17933.64,46478.6597611893,-0.0,-0.0,918.352331321578,1589.56206340649,311.83146766059775,-0.0,1087.9956447546786,-0.0,-0.0,536.5395485534416,7876.549057121242,382.7203853622467,1316.7939199999998,0.0,22.4082,648.8134399999999,98.91092000000002,181.2388396610645,371.1987651924949,2.5866338316142645,1.966369596482272,3.879950747421396,0.44870178711676006,2.375480049441671,4.394638091467092,15.744153883243966,5.358027222629547,120.09862901147181,547.339990004789,111.56356218816,3.723258429400566,2.8174321336571397,5.57864056619917,0.6434490238729167,3.410904534316626,6.30954868069559,22.60817492617558,7.702647052769963,1001.5334085013899,3196.2042779227954,789.718543071494,110607.4847909546
t338,15374.486025474864,1849.439999999999,8990.540200000003,17933.64,46478.6597611893,-0.0,-0.0,918.352331321578,1589.56206340649,311.83146766059775,-0.0,1414.3919044002823,-0.0,-0.0,2571.461500695806,7876.549057121242,382.2186080604756,1523.76042,0.0,25.025655,717.9532800000001,123.51508000000001,202.43609971755382,420.0679865477781,-0.0,-0.0,-0.0,0.2569006615734523,-0.0,-0.0,-0.0,-0.0,-0.0,296.2356486318301,34.597865340718855,6.088592946054328,4.607307749447152,9.12267365910489,1.052223277589926,5.5778049472242675,10.317917576367234,36.97083535531982,12.596032051149308,692.5616159977933,2221.767127920591,193.48440987680362,112229.12839658755
t339,15972.017053383926,2057.279999999999,10000.902400000003,17933.64,46478.6597611893,-0.0,-0.0,918.352331321578,3408.8157714904146,311.83146766059775,-0.0,1414.3919044002823,-0.0,-0.0,3841.001118224916,8932.24886754835,469.86513369089016,1569.3475784368309,0.0,22.40187,719.81536,133.88123000000002,197.02603966106457,468.861108699386,0.6668083085408325,0.5069103978193062,1.0002124628112485,0.3725714906060457,0.6123749772313767,1.132893707878047,4.058685265761292,1.3812457819774389,10.049961466580454,-0.0,9.186215946876057,7.194179437509516,5.443917661605356,10.779198385395969,1.2432893994353695,6.590640894094288,12.191478576987603,43.68411977239418,14.88326048061952,19.387727491660257,69.39168090090516,209.0798408088423,115279.17620932308
t340,17546.580052202124,2265.119999999999,11011.264600000002,17933.64,46478.6597611893,-0.0,-0.0,1333.002689631146,4439.4374010066995,311.83146766059775,-0.0,1414.3919044002823,-0.0,-0.0,4642.161972764155,11411.144723611887,575.9258359565194,1412.594546873662,0.0,25.025655,697.056770800621,121.3732,238.51997960457533,517.5460855370583,1.067047493881621,-0.0,-0.0,-0.0,-0.0,-0.0,-0.0,-0.0,-0.0,29.64161093988386,14.576448967222099,8.601255277713346,3.6912358701158796,7.308810713998844,1.4864585463162328,4.468768924796607,8.26640405502669,29.619917104100587,10.091560593908822,44.03423252552614,146.55587058879487,228.48839593903253,122913.17466377895
t341,19131.360052202122,2472.959999999999,12021.626800000002,17933.64,46478.6597611893,-0.0,-0.0,1333.002689631146,4439.4374010066995,311.83146766059775,-0.0,1414.3919044002823,-0.0,-0.0,5027.97164423325,16768.156822117584,681.4847609203775,1315.81996,0.0,22.39554,648.4896000000001,98.5814,247.55757960457532,566.1610656212849,1.4836440019480959,1.1278722259707463,2.225466002922143,0.326796063101133,1.3625302058706998,2.520680880860795,9.030547420020806,3.073262575463912,-0.0,-0.0,-0.0,5.6202594890426685,4.252914479124571,8.42095926797836,0.9712864553211324,5.148761209760567,9.524265241498483,34.12704545443862,11.627147567096664,57.080477569776406,193.5113701803508,134.77659061689832,131399.74032549467
t342,20716.14005220212,2680.7999999999993,13031.989000000001,17933.64,46478.6597611893,-0.0,-0.0,1333.002689631146,4439.4374010066995,311.83146766059775,-0.0,1414.3919044002823,0.0,-0.0,5027.97164423325,16768.156822117584,786.5811888164212,1315.57647,0.0,22.38921,667.038269199379,98.49902000000002,303.4991796045753,614.6681972675331,3.1869573567347365,2.422737990578958,4.780436035102103,0.6222687879110604,2.926797572511492,5.41457550914626,19.398163911145613,6.6015545246648095,26.28656459191658,125.98090117071754,21.668210655591334,8.529520677229435,6.454385613138383,12.779969739540075,1.4740614593198522,7.813956862025625,14.454389067116997,51.79250894445189,17.645803682925997,109.18650718097615,352.4402873913781,117.03974331531188,134863.17257936829
t343,22300.92005220212,2888.6399999999994,14042.351200000001,17933.64,46478.6597611893,-0.0,-0.0,1894.4306451397622,7050.175033027001,311.83146766059775,-0.0,2631.2526515527725,-0.0,2.836828261126645,7477.5360504667715,24518.7254688786,891.1758394106937,1517.1861900000001,0.0,27.630449999999996,752.7027783987579,121.12606000000001,358.92597960457533,663.0935973134748,12.149475640193437,9.236080971371543,18.22421346029015,-0.0,11.157681710381729,20.641711164206196,73.95063489158555,25.166770968972116,188.51122064868485,809.5847714304198,149.0832784072797,-0.0,-0.0,20.612465062497233,2.377473573837867,12.602918168111414,23.313090384235394,76.82144241515127,28.460436082932915,246.39884654386555,768.8456740719439,142.76974154168803,154502.7479802432
t344,23885.70005220212,3096.4799999999996,15052.7134,19223.98,47647.086,-0.0,-0.0,2560.931989955335,9633.336175785857,733.9258810814442,-0.0,4237.186703238982,-0.0,18.46893399170994,8886.650949822335,36624.72889816415,995.2474938365614,1920.6491200000003,0.0,38.11925999999999,905.4831275981369,165.36412,413.7807796045753,711.4893509964763,11.100837299780551,7.394863446112892,16.65125594967082,1.925655449961932,10.194646499798461,18.860096024627158,59.208537524917304,20.14976214175728,333.2112231661261,1443.093731489804,136.70109869236677,14.400546628115137,10.897057935033436,37.312196838610525,4.675092523629771,24.782529300018012,45.843140280253095,164.2636877962732,45.49975228507412,484.6572899600043,1480.8777756975342,210.77996782824948,181333.8029810354
t345,25470.480052202118,3304.3199999999997,16063.0756,20514.32,50845.224,-0.0,-0.0,3064.1976392001634,9633.336175785857,733.9258810814442,-0.0,4237.186703238982,-0.0,18.46893399170994,10676.414016816345,49091.883146699736,1067.5999999999997,2498.751379637711,0.0,51.77307,1107.3973675981365,209.51980000000003,468.12077960457526,759.7282387223569,19.6,-0.0,29.4,3.6382369454797954,18.0,18.860096024627158,-0.0,40.6,97.78727359899133,1046.6154449099154,264.5206027531275,16.07304583940447,12.16265717042184,61.3947974000001,4.799796526084117,14.724635953548393,-0.0,-0.0,78.75154007028505,745.6525190768841,2295.73372582896,424.1476603384051,205008.18481701525
t346,27055.260052202117,3512.16,17073.4378,21804.66,54043.362,-0.0,-0.0,3064.1976392001634,9633.336175785857,733.9258810814442,-0.0,4237.186703238982,-0.0,18.46893399170994,10676.414016816345,56072.37818120939,1067.5999999999997,2874.513449275422,0.0,60.16664999999999,1242.0338475981362,251.72582000000003,521.8887796045752,807.9461472139342,-0.0,-0.0,-0.0,1.6803088035149403,7.634498071950767,-0.0,-0.0,-0.0,224.9984734774286,210.23438207135814,104.43740021612871,30.883874509413644,23.370180207626767,83.58619002133935,7.359386044558857,27.52726441890068,25.098887511257157,-0.0,88.09828148486474,741.117989388217,2933.458699603258,417.1740054700449,219677.32189851787
t347,28365.0,3720.0,18083.8,23095.0,57241.5,-0.0,-0.0,3064.1976392001634,9633.336175785857,733.9258810814442,-0.0,4237.186703238982,-0.0,18.46893399170994,10676.414016816345,59554.47200226505,1067.5999999999997,3047.935328913133,0.0,63.3,1309.3116075981366,274.6,569.9367796045751,856.0853918234287,6.759381024156106,5.138509043873772,10.139071536234155,-0.0,13.842092890053312,11.484050413489706,41.14255898886853,14.001574978609073,-0.0,-0.0,-0.0,47.899465940898324,36.24607238145158,-0.0,10.3,43.115373347744026,53.934034064612064,103.3211835411796,123.3,522.3720721025459,3889.464788155391,656.6129405948661,231201.14362932282
t348,28365.0,3720.0,18083.8,23095.0,57241.5,-0.0,-0.0,3064.1976392001634,9633.336175785857,733.9258810814442,-0.0,4237.186703238982,-0.0,18.46893399170994,10676.414016816345,59554.47200226505,1067.5999999999997,3047.935328913133,0.0,63.300000000000004,1309.3116075981366,274.6,569.9367796045752,904.1254551235818,-0.0,-0.0,-0.0,-0.0,-0.0,-0.0,-0.0,-0.0,101.96387005507789,-0.0,35.75827713192848,67.59594547639502,51.15062317089621,29.51167151878949,13.703921798919728,61.15946366046413,89.46382695437559,230.6304117273719,-0.0,728.7949773897572,2973.8298005252077,953.9782513786466,230997.6515644068
t349,28365.0,3720.0,18083.8,23095.0,57241.5,-0.0,-0.0,3064.1976392001634,9633.336175785857,733.9258810814442,-0.0,4237.186703238982,-0.0,18.46893399170994,10676.414016816345,59554.47200226505,1023.5454886508853,2947.008723913133,0.0,60.676215,1275.7536875981364,274.6,523.0137129379085,952.0868545416522,4.549616663059747,3.4586371571219505,6.824424994589619,-0.0,4.178219384442625,7.729705861218855,-0.0,9.424205944909476,175.8306351603595,-0.0,-0.0,91.42686101312704,69.18374885389309,65.21806006627556,7.522351832952275,82.99114131659783,115.06925015341469,375.33524952507855,49.301206135554665,-0.0,4331.240204806249,1295.4465406537872,232174.71609454387
t350,28365.0,3720.0,18083.8,23095.0,57241.5,-0.0,-0.0,3064.1976392001634,9633.336175785857,733.9258810814442,-0.0,4237.186703238982,-0.0,18.46893399170994,10676.414016816345,59554.47200226505,1067.5999999999997,3047.935328913133,0.0,63.300000000000004,1309.3116075981366,274.6,522.9946462712418,999.940108645787,-0.0,-0.0,13.779782053693157,-0.0,-0.0,-0.0,-0.0,19.029222836052462,-0.0,-0.0,-0.0,67.69113090166854,51.222651068208904,101.42312062951342,11.698299467905803,62.01234475219969,156.0178628845124,160.16102128135836,99.29094821223137,-0.0,5099.263013126028,1048.523240096758,232599.095681118
t351,28365.0,3720.0,18083.8,23095.0,57241.5,-0.0,-0.0,3064.1976392001634,9633.336175785857,733.9258810814442,-0.0,4237.186703238982,-0.0,18.46893399170994,10676.414016816345,59554.47200226505,1067.6,3047.935328913133,0.0,60.663555,1309.3116075981366,251.89058000000003,569.9367796045751,1047.7236628724331,-0.0,-0.0,12.622117222951356,-0.0,-0.0,-0.0,-0.0,-0.0,-0.0,-0.0,-0.0,94.82514448664935,71.75526873066921,52.77861413855346,16.387566916316917,86.87001491562171,101.0,-0.0,-0.0,-0.0,3167.245546327345,466.6687057631192,229848.51584486905
t352,28365.0,3720.0,18083.8,23095.0,57241.5,-0.0,-0.0,3064.1976392001634,9633.336175785857,733.9258810814442,-0.0,4237.186703238982,-0.0,18.46893399170994,10676.414016816345,59554.47200226505,1023.5258485339068,3047.935328913133,0.0,59.35799250000001,1275.7536875981364,251.89058000000003,568.8309129379084,1095.4775707361391,-0.0,-0.0,13.02354510181695,0.8507846526903077,-0.0,8.332684980760954,29.852532078221678,10.159369676243086,-0.0,-0.0,-0.0,131.2119106811793,99.28954986109372,107.2977118092166,22.675883892888365,120.20420005356357,-0.0,14.261371177729842,75.2766488554621,-0.0,789.2877494364134,275.19856926979844,227442.99578512588
t353,28365.0,3581.5538106235563,17410.778461893766,23095.0,57241.5,-0.0,-0.0,3064.1976392001634,9633.336175785857,733.9258810814442,-0.0,4237.186703238982,-0.0,18.46893399170994,10676.414016816345,59554.47200226505,1067.5999999999997,3047.935328913133,0.0,63.300000000000004,1309.3116075981366,274.6,557.4339195480859,1143.0855475738113,-0.0,-0.0,13.5163558925262,1.5631159875710572,-0.0,-0.0,54.846981563890324,18.665443851583802,67.81832213002956,-0.0,-0.0,119.2,90.2,89.3,20.6,109.2,-0.0,303.2232759509046,173.72650477845866,201.43962975181705,-0.0,-0.0,226338.3996584368
t354,28053.469859193105,3304.417551963048,16063.549824480371,23095.0,57241.5,-0.0,-0.0,3064.1976392001634,9633.336175785857,733.9258810814442,-0.0,4237.186703238982,-0.0,18.46893399170994,10676.414016816345,59554.47200226505,1067.5999999999997,3047.9353289131327,0.0,63.29999999999999,1309.3116075981366,274.6000000000001,569.9367796045751,1188.2243296218717,-0.0,-0.0,-0.0,-0.0,-0.0,-0.0,-0.0,17.89810467097277,-0.0,-0.0,-0.0,59.6,45.1,-0.0,10.3,54.6,29.151450686036284,104.45455448788647,289.61653457098964,-0.0,-0.0,-0.0,223807.56727816968
t355,25940.30588690673,3027.28129330254,14716.321187066977,23095.0,57241.5,-0.0,-0.0,3064.1976392001634,9633.336175785857,733.9258810814442,-0.0,4237.186703238982,-0.0,18.46893399170994,8298.728967608366,56864.61032371432,1000.3057924153834,2862.8974271305065,0.0,59.312099999999994,1242.0338475981366,257.49791200000004,534.4488396610644,1108.1743304601312,-0.0,-0.0,-0.0,-0.0,-0.0,-0.0,-0.0,3.739854423149687,87.96918698031615,-0.0,80.29824335476545,-0.0,-0.0,-0.0,-0.0,-0.0,-0.0,-0.0,377.3286744760562,816.5236391397085,-0.0,-0.0,215301.39283953633
t356,23827.14191462036,2750.1450346420315,13369.092549653582,21374.44572748268,55011.340648295845,-0.0,-0.0,2276.7433093140894,9169.14431298929,733.9258810814442,-0.0,2762.690173475423,-0.0,18.46893399170994,5297.931104442522,48047.08552613817,843.9382877629529,2475.51933534788,0.0,50.070299999999996,1107.4783275981365,217.52164400000004,450.9128997175537,902.8284355939497,6.179219238428531,4.697467686356382,9.268828857642793,1.0719053780947452,5.674793178148651,10.498367379575003,37.61126811961856,12.799811279601952,-0.0,-0.0,93.29136453903499,22.939878373847232,-0.0,34.37132783195567,3.9644420679635326,-0.0,-0.0,139.29432858213613,320.84993632651253,1260.231073491992,-0.0,354.91478004927245,193004.0831385278
t357,21713.977942333986,2473.0087759815233,12021.863912240187,20649.848874585943,53336.195006260925,-0.0,-0.0,1620.1869808635197,6084.624426386856,311.83146766059775,-0.0,1087.9956447546786,0.0,-0.0,1655.7268266311016,30819.955901128873,598.4582058087511,1885.8010535652531,0.0,35.56827,944.9916075981365,154.671196,319.386159774043,572.3057912407851,-0.0,4.2916585892092725,8.468104867298832,0.979304644517552,5.184554000387042,9.59142490071602,34.362071791454106,26.71584773722956,103.608635843471,-0.0,157.90032967642503,-0.0,13.656219564143218,61.41124816627915,1.7145003573079496,-0.0,30.58266465584179,248.87716362123655,320.015875701641,720.9885583276559,1114.7749241503134,627.0528789722944,159776.5740083826
t358,19600.813970047613,2195.872517321015,10674.635274826793,18929.29460206862,52099.47216631519,-0.0,-0.0,918.352331321578,4360.122965127788,311.83146766059775,-0.0,1087.9956447546786,-0.0,-0.0,536.5395485534416,15439.579661730737,441.06592768614456,1497.9359817826266,0.0,26.313809999999997,782.4239275981365,114.53016800000003,234.76341983053226,366.7820511831799,6.979472218065969,9.597481857024729,18.937313194397785,2.1900294170391996,11.594273384325176,21.449405761001568,76.84426748611074,26.15152774464456,218.66847176540605,-0.0,-0.0,14.417293887628611,24.565950341526612,74.75805926236819,4.206079670102827,13.2077893668544,55.01465597548088,-0.0,196.71587570164098,625.5240236428987,1980.826027162775,840.0339844702464,133840.0074181182
t359,17487.64999776124,1918.736258660507,9327.406637413398,17933.64,48847.50800167761,-0.0,-0.0,918.352331321578,1589.56206340649,311.83146766059775,0.0,1087.9956447546786,-0.0,-0.0,536.5395485534416,7876.549057121242,371.8219524957237,1311.92412,0.0,22.306919999999998,681.0487637990682,97.09856000000002,197.1018798870215,286.376064762634,-0.0,-0.0,-0.0,-0.0,-0.0,-0.0,-0.0,-0.0,-0.0,-0.0,-0.0,-0.0,-0.0,-0.0,-0.0,-0.0,-0.0,-0.0,73.41587570164099,807.3388918114672,2563.141598226881,630.4174466956481,114877.76308171084
t360,15374.486025474864,1641.599999999999,7980.1780000000035,17933.64,46478.6597611893,-0.0,-0.0,918.352331321578,1589.56206340649,311.83146766059775,-0.0,1087.9956447546786,-0.0,-0.0,536.5395485534416,7876.549057121242,371.3201751939524,1311.6806299999998,0.0,22.306919999999998,646.78944,97.01618,206.3443399435107,286.29740088055127,-0.0,-0.0,-0.0,-0.0,-0.0,-0.0,-0.0,-0.0,81.08237349540114,357.64577305793586,73.82412513577005,-0.0,-0.0,-0.0,-0.0,-0.0,-0.0,-0.0,-0.0,936.345285254375,2970.2789360317047,734.0665662074084,109824.39204468281
t361,22190.262478952096,2057.1824480369505,7639.656668148356,9330.565819861426,33754.443105794584,-0.0,-0.0,1818.4950570226697,-0.0,-0.0,-0.0,-0.0,-0.0,-0.0,-0.0,3853.5402123075232,275.8388377545714,1238.1466500000001,0.0,21.243479999999998,626.06368,91.93608,154.52790141223133,588.4807713573496,-0.0,5.71421028257125,11.275018946818438,1.3039137557545135,6.9030728245827175,12.770684725478027,45.75203266515102,15.570264259892134,120.95968233405934,-0.0,34.00751160264643,9.603850413646178,4.480623167659132,51.17690593157678,5.463157804030019,44.41222143105956,82.15447554097089,294.3733138443305,100.29353301189822,913.3192912734737,1896.906652879255,368.50519598144035,87665.32880332404
t362,22190.262478952096,1780.0461893764425,7639.656668148356,9330.565819861426,29490.008925656017,-0.0,-0.0,1635.2824520822303,-0.0,-0.0,-0.0,-0.0,-0.0,-0.0,-0.0,3853.5402123075232,275.8388377545714,1238.14665,0.0,21.243479999999998,626.06368,91.93608,154.2684,439.5496369942498,-0.0,-0.0,-0.0,0.5729717508838639,-0.0,5.611752736597841,20.104567611895575,6.841956789966138,52.53525109407441,72.12306038996552,-0.0,2.1472774226740885,1.6248693248758626,3.2173133195435595,0.3710898901601194,1.9671366992953878,57.209613311961505,204.99167383761267,69.84104278579068,630.845823714109,-0.0,32.522998026841144,79928.93790983915
t363,22190.262478952096,1700.9599646971253,8514.281891897903,9330.565819861426,29490.008925656017,-0.0,-0.0,1274.3090200980596,-0.0,-0.0,-0.0,-0.0,-0.0,-0.0,-0.0,195.93442862541568,275.8388377545714,1238.14665,0.0,21.243479999999998,626.06368,91.93608,154.26839999999996,415.7659026311501,0.26410130257337794,0.20077088818078218,0.3961519538600668,0.04581349126272882,0.2425420125673879,-0.0,-0.0,2.562675470256451,19.787297777931364,-0.0,3.689404477794867,3.14728771507467,2.381588522648786,4.71565088852631,0.543910460826663,2.8832535107898805,5.33349092655272,19.110795706132933,44.63665280585453,400.3220381486194,58.8834909583457,47.37364137087345,76136.10611856244
t364,22190.262478952096,1700.9599646971253,9524.644091897902,9338.046196379568,27884.566992979944,-0.0,-0.0,947.5468587775327,0.0,-0.0,-0.0,-0.0,0.0,-0.0,-0.0,195.93442862541568,275.8388377545714,1238.14665,0.0,26.49738,693.26048,107.20384,186.58639999999994,453.32316043360026,-0.0,-0.0,-0.0,0.09743793280964247,-0.0,0.5056158539741836,1.8114105519255286,-0.0,-0.0,20.992004433840247,-0.0,4.4202002029297995,3.3448159253713756,6.622883861101194,0.7638936592311568,4.0493780382544795,7.490607726441446,26.840108279199566,9.144474580893352,200.6899088972393,125.29913296970489,65.96020535552302,75240.84983876621
t365,22190.262478952096,1700.9599646971253,10106.418967594396,9338.046196379568,26436.0373766891,-0.0,-0.0,747.2591687388056,-0.0,-0.0,-0.0,-0.0,-0.0,-0.0,-0.0,195.93442862541568,275.8388377545714,1339.195,0.0,26.49738,693.26048,99.6798,205.61737113118716,479.78042411660175,1.3431164311213224,1.0210425930463114,2.0146746466819834,0.33042751780007584,1.2334742734787651,2.2819274059357157,8.175193379223149,2.7821697501798814,21.706888893932522,-0.0,17.90854425605456,5.085231837526445,3.8480529508799113,7.619315488105899,0.8788236229282281,4.6586184283379835,8.617590865606903,30.87827855706074,10.520286670587419,94.08587292259509,165.31148227555946,75.39142346096875,74300.48031090648
t366,22190.262478952096,1700.9599646971253,10341.042143502375,9338.046196379568,22171.60319655053,-0.0,-0.0,417.5096175122144,-0.0,-0.0,-0.0,-0.0,-0.0,-0.0,-0.0,195.93442862541568,275.8388377545714,1238.14665,0.0,21.243479999999998,626.06368,91.93608,190.45937113118714,381.09028779960323,3.4009285589586744,2.5853997718614408,5.10139283843801,0.6873949277310449,3.12330173781919,5.778108214965501,20.70054985121274,7.0447805864143955,55.24572387520725,149.07672333759996,44.42864574212062,7.739895984900032,5.856867599311938,11.596857574690821,1.3375994739005093,7.09057585193862,13.116266685820534,46.997791223747,16.012234478828415,143.86771259334705,304.48674246682003,111.79161453110453,70147.20352081142
t367,22976.5546685906,1641.599999999999,11249.202160722341,10628.386196379568,22171.60319655053,-0.0,-0.0,-0.0,-0.0,-0.0,-0.0,-0.0,-0.0,-0.0,-0.0,-0.0,275.8388377545714,1238.14665,0.0,21.243479999999998,626.06368,106.98416,222.77737113118712,407.5475514826047,12.608582201350446,9.58509565306743,18.912873302025666,2.187203034928138,11.579310184913673,21.421723842090298,76.74509472556674,26.11777741708306,207.35083354650843,859.122281565978,160.56043596731334,12.626279453193211,9.554449720453258,18.918234147150226,2.1820583618773504,11.567027821213918,21.39688296598179,76.66863312266139,26.121145244609444,237.58502201199897,680.7586407945894,174.36578083511833,74243.8833185311
t368,24561.3346685906,1849.439999999999,12259.564360722341,11918.726196379568,25369.74119655053,-0.0,-0.0,666.501344815573,-0.0,441.7996721080562,-0.0,1605.9340516862094,-0.0,15.632105730583293,3082.7617007395866,7214.344217914984,275.8388377545714,1438.7297464855217,0.0,26.49738,693.26048,144.82404,255.0953711311871,445.1048092850549,3.030671749304936,15.639571855095255,4.546007623957399,3.5687613629076416,-0.0,-0.0,-0.0,-0.0,-0.0,1414.804831171136,176.06798024943927,24.831542731303898,-0.0,37.205650434655,-0.0,-0.0,-0.0,-0.0,-0.0,-0.0,1321.7683794776376,342.46256821450237,95609.05614476431
t369,26146.1146685906,2057.279999999999,13269.92656072234,13209.066196379568,28567.87919655053,-0.0,-0.0,834.499155111054,1705.883192090653,441.7996721080562,-0.0,2991.0654925571425,-0.0,18.46893399170994,6165.523401479173,21795.386732522857,275.8388377545714,1841.4095429710435,0.0,30.58655999999999,762.0686982283047,176.12844000000004,287.4133711311871,482.6620670875051,-0.0,6.478467976348753,-0.0,1.5160768082123914,-0.0,-0.0,-0.0,-0.0,-0.0,999.3040212574541,-0.0,38.21598270549899,11.091385839571558,41.74718967630437,2.533065945622772,13.42770879912654,24.838801991058254,-0.0,-0.0,142.02824718592979,2009.6312146014882,467.87372291334395,124817.68660497623
t370,27730.894668590598,2265.119999999999,14280.28876072234,14499.406196379568,31766.01719655053,-0.0,-0.0,1501.000499926627,1705.883192090653,733.9258810814442,-0.0,3860.1875273822843,-0.0,18.46893399170994,8636.159346609982,36376.42924713073,275.8388377545714,2041.9926394565653,0.0,29.421839999999982,763.6801164566093,213.96832000000003,319.7313711311871,520.2193248899553,-0.0,-0.0,8.742905381823041,-0.0,-0.0,9.902678544717936,-0.0,12.073536003469917,92.19767778384951,-0.0,79.56332042997066,42.27546797797545,21.38054633885866,62.12018374695489,4.882918565193885,13.42770879912654,47.88104612471673,82.56423912842577,28.12978912554545,388.94267954097734,2755.6257694302612,665.5391362914144,151853.88350335864
t371,28365.0,2472.959999999999,15290.65096072234,15789.746196379569,34964.15519655053,-0.0,-0.0,2167.5018447422,1705.883192090653,733.9258810814442,-0.0,4237.186703238982,-0.0,18.46893399170994,10559.638213621118,36376.42924713073,275.8388377545714,2040.479035942087,0.0,23.003219999999974,832.488334684914,251.80820000000003,352.04937113118706,557.7765826924054,-0.0,4.87014060605923,9.609539182425594,-0.0,5.883391336178935,20.786952516648967,38.99381035589705,-0.0,193.6808863620188,440.94201291110045,-0.0,57.67667154333192,33.034812795193844,62.12018374695489,7.544535959877973,27.536865085510154,-0.0,-0.0,59.991675025016136,668.7608591625594,300.6794066375212,837.0330110149337,159784.13470599565
t372,28365.0,2680.7999999999993,16301.01316072234,17080.08619637957,38162.29319655053,-0.0,-0.0,2167.5018447422,3888.544183459134,733.9258810814442,-0.0,4237.186703238982,-0.0,18.46893399170994,10676.414016816345,50957.4717617386,275.8388377545714,2241.062132427609,0.0,21.838499999999964,834.0997529132187,274.6,384.36737113118704,595.3338404948556,5.225831949374513,-0.0,17.448287106487363,-0.0,-0.0,-0.0,-0.0,-0.0,-0.0,-0.0,-0.0,16.889024685066023,14.235522259936374,90.3071491086471,6.140759631525498,-0.0,-0.0,-0.0,-0.0,-0.0,1319.2951369491072,635.870747658618,182001.25877279104
t373,28365.0,2888.6399999999994,17225.20215615888,18370.42619637957,41360.431196550526,-0.0,-0.0,2167.5018447422,6499.281815479435,733.9258810814442,-0.0,4237.186703238982,-0.0,18.46893399170994,10676.414016816345,50957.4717617386,275.8388377545714,2239.5485289131307,0.0,25.927679999999956,902.9079711415234,274.6,416.685371131187,632.8910982973058,-0.0,3.1733800523569706,-0.0,-0.0,3.8336134860688236,-0.0,25.40833827155615,8.646928196355235,-0.0,301.1302740590043,-0.0,38.14575879926697,30.320735490648843,32.85658461868309,6.394278764135265,-0.0,-0.0,-0.0,-0.0,309.65936573881623,2491.685592413176,606.2208900194369,192125.82573332492
t374,28365.0,3096.4799999999996,17870.538589561434,19660.76619637957,44558.569196550525,-0.0,-0.0,2834.003189557773,6499.281815479435,733.9258810814442,-0.0,4237.186703238982,-0.0,18.46893399170994,10676.414016816345,50957.4717617386,275.8388377545714,2239.5485289131307,0.0,35.270759999999946,1038.9129893698282,263.20410000000004,449.003371131187,670.448356099756,-0.0,-0.0,3.0056081722006445,-0.0,7.1187907046893795,-0.0,-0.0,-0.0,58.41496302147543,259.7242825122168,-0.0,-0.0,46.55540458717669,65.00194937078811,10.10197481057067,19.654388751007104,-0.0,-0.0,20.68214004906232,709.7095740929342,202.95942489572076,220.889763133305,196104.15149176543
t375,28365.0,3304.3199999999997,18083.8,20951.10619637957,47756.707196550524,-0.0,-0.0,3064.1976392001634,7407.785204255794,733.9258810814442,-0.0,4237.186703238982,-0.0,18.46893399170994,10676.414016816345,50957.4717617386,275.8388377545714,2441.6452289131307,0.0,49.86773999999994,1107.7212075981329,274.6,481.321371131187,708.0056139022062,-0.0,-0.0,-0.0,-0.0,-0.0,-0.0,-0.0,-0.0,110.25715511194858,490.9710173931346,-0.0,24.14843417555348,64.82880024686565,11.884083127112369,14.27527803218478,-0.0,-0.0,-0.0,-0.0,538.6999704876985,1567.5747549656828,-0.0,203718.02302609256
t376,28365.0,3512.16,18083.8,22241.44619637957,50954.84519655052,-0.0,-0.0,3064.1976392001634,8713.143841646572,733.9258810814442,-0.0,4237.186703238982,-0.0,18.46893399170994,10676.414016816345,56824.178978609445,275.8388377545714,2845.838628913131,0.0,59.210819999999934,1242.1148075981328,274.6,513.639371131187,745.5628717046563,3.767921130862176,2.8643890229513476,-0.0,0.6536189716801734,-0.0,6.401621104985226,-0.0,-0.0,-0.0,501.91830780047854,55.4327839870374,48.41219594380341,89.34471962935301,60.42669068489774,19.874257403351514,-0.0,54.90261325124662,196.7253043131302,67.02467538493771,-0.0,1117.3222421103728,108.16095781035085,215714.8050231659
t377,28365.0,3720.0,17821.526513383928,23095.0,54152.98319655052,-0.0,-0.0,3064.1976392001634,9633.336175785857,733.9258810814442,-0.0,4237.186703238982,-0.0,18.46893399170994,10676.414016816345,59554.47200226505,275.8388377545714,3047.9353289131323,0.0,63.30000000000001,1309.3116075981363,274.5999999999999,513.6393711311871,783.1201295071065,3.5242348505149557,2.6791377179935116,-0.0,-0.0,3.2365422096565903,5.987603087864693,21.451082534001742,7.300200761780976,-0.0,-0.0,-0.0,31.15853678281512,45.1,89.3,10.3,-0.0,126.6640297737329,453.8585383674647,154.63044426832937,-0.0,-0.0,-0.0,222295.44668757226
t378,27650.838322839667,3720.0,16908.00878621413,21374.44572748268,57241.5,-0.0,-0.0,3064.1976392001634,9633.336175785857,733.9258810814442,-0.0,4237.186703238982,-0.0,18.46893399170994,10293.508995120985,59554.47200226505,275.8388377545714,3047.9353289131323,0.0,63.30000000000001,1309.3116075981363,274.6,513.639371131187,820.6773873095569,7.757593759186353,5.897354439381461,-0.0,-0.0,-0.0,13.179993478617627,47.21841507504753,16.069301358314583,-0.0,-0.0,63.18406702784523,21.563051141842642,-0.0,-0.0,-0.0,-0.0,211.40322357007148,757.493332772365,258.0793808533645,-0.0,-0.0,-0.0,222137.0374134033
t379,27051.23634825178,3720.0,15560.780148800735,19653.891454965356,57241.5,-0.0,-0.0,3064.1976392001634,9376.021350313564,569.742678046755,-0.0,2605.3172526343637,-0.0,18.46893399170994,10293.508995120985,55603.32122932257,275.8388377545714,2845.838628913132,0.0,58.046100000000024,1242.1148075981364,251.8082000000001,466.163371131187,771.6549167353403,-0.0,-0.0,-0.0,0.7523238479500242,3.982890959735422,-0.0,52.16504873529223,-0.0,-0.0,-0.0,128.77303007639728,-0.0,-0.0,56.991602903245834,-0.0,34.84592965864752,275.8618114001704,988.4593024328875,336.7699143132773,432.54918649480106,-0.0,612.0980398430268,213592.6999734458
t380,25793.12598445349,3442.8637413394918,14213.55151138734,17933.337182448035,52977.06581986143,-0.0,-0.0,2789.4516838577833,6291.501463711129,156.20447880529673,-0.0,950.9223808143408,-0.0,-0.0,7401.877550407535,44263.881785409234,275.8388377545714,2441.645228913132,0.0,47.538300000000035,1107.7212075981365,206.2246000000002,447.5346283483903,597.4850461611236,4.636243199112721,3.5244910034071197,6.954364798669081,0.8042462692338391,8.240665326267512,7.876882578084367,-0.0,9.603646626733493,77.7020532413591,340.64108616331555,-0.0,20.843023914714873,15.772154002577867,88.22116725868271,3.602066213449047,53.940377741591014,311.1830432019523,1092.6061418292554,312.86511893982185,830.3048438104336,1293.1716851883825,945.9705535714841,186766.235286149
t381,24803.037764462955,3165.7274826789835,12866.322873973946,16212.782909930713,48712.631639722866,-0.0,-0.0,2586.475634595483,3366.048976241172,79.80431280220925,-0.0,450.5590773703798,-0.0,-0.0,4694.81765164231,27036.752160399934,275.8388377545714,1856.009029184849,0.0,34.87830000000002,924.1848875981365,145.33662666666683,381.4298855655936,548.4625755869068,10.97674253614201,8.344564479005916,16.46511380421301,1.9041288072899403,5.822907554414654,10.772378975667106,38.592937291203775,13.13389148384638,-0.0,-0.0,92.8701574847921,-0.0,28.53576873862525,93.1118581743068,-0.0,69.39255877458852,238.76674804321138,1020.7161423882379,347.7598794044481,1152.325075837885,2268.9677424168094,1173.2216077496037,154732.78083012198
t382,23777.98758332129,2888.5912240184753,11519.094236560552,14492.228637413391,44448.1974595843,-0.0,-0.0,2092.0050384853657,633.1612237917534,-0.0,-0.0,-0.0,-0.0,-0.0,3353.607547302914,13613.268888320774,275.8388377545714,1472.4695294565659,0.0,25.43394,764.5229383987574,107.24045333333339,267.84914278279695,586.019833389357,-0.0,-0.0,-0.0,-0.0,12.266622534564624,22.69325168894455,81.30044824297552,27.668048605740204,116.01787633983368,-0.0,199.5945795233182,-0.0,-0.0,23.564470075879164,2.2782967814803494,81.46974365505717,235.44329835972263,843.6329670929072,287.42731374013675,1401.3798999625183,3020.522398505608,1386.5376260556718,128059.31335507856
t383,22190.262478952096,2611.454965357967,10171.865599147157,12771.67436489607,40183.76327944573,-0.0,-0.0,1818.4950570226697,51.56166591104821,-0.0,-0.0,-0.0,-0.0,-0.0,2238.557977334416,8318.632352192843,275.8388377545714,1291.0267297282828,0.0,21.243479999999998,672.0577891993785,91.93608,201.74439999999998,623.5770911918072,-0.0,-0.0,7.440487232500466,1.0817338786258734,-0.0,-0.0,-0.0,27.45133226077925,101.68248946692351,-0.0,37.27043360575027,-0.0,0.9890754532427097,36.78724415408343,3.803431977510629,35.6140631662092,149.3985075635147,593.5852044786242,182.38451467902348,1566.1546825591258,3520.0530735034845,1531.2545307038727,111328.6429528173
t384,22190.262478952096,2334.3187066974588,8824.636961733762,11051.120092378747,35919.329099307164,-0.0,-0.0,1818.4950570226697,51.56166591104821,-0.0,-0.0,-0.0,0.0,-0.0,-0.0,3853.5402123075232,275.8388377545714,1311.6806299999987,0.0,22.306919999999998,646.7894399999999,97.01618000000002,154.26839999999999,661.1343489942575,5.186718047859527,3.9429642302605585,7.780077071789288,0.89973680422053,4.763312492932217,8.812128111924602,31.570176689267424,10.74391595628045,185.6522102183488,356.4773200613688,-0.0,6.232070821570097,5.704954548088539,46.124893891771514,4.880450928218213,41.3233092544261,76.44055374902989,273.89937031459334,93.3180225470831,1249.3002734447955,3864.1455280461564,832.2782485196014,96321.7752668089
t385,14759.273160358109,2057.279999999999,10000.902400000003,23095.0,57241.5,-0.0,-0.0,1465.841669168635,-0.0,-0.0,-0.0,3591.972048546784,-0.0,10.002672222546545,4336.058809416865,-0.0,289.1358685066544,1200.4056999999993,0.0,20.81937,624.0396800000001,90.2061,133.2246493235309,740.7449057312565,4.979528580368062,3.7854579514022504,7.46929287055209,0.86379577414548,4.573036451358423,2.7542950792919134,9.867489578364124,3.358089496073625,25.54718829025375,-0.0,72.44369889698297,17.39575816738562,13.163568680353883,26.06444973737476,3.0063139114777164,15.936382482202262,5.4524246106470535,19.536955114783844,6.656276777156253,37.837397737825974,2627.736460594616,700.5925159840488,123265.42741004107
t386,14759.273160358109,2057.279999999999,10000.902400000003,23095.0,57241.5,-0.0,-0.0,1439.7910770524895,-0.0,-0.0,-0.0,3591.972048546784,-0.0,10.002672222546545,4336.058809416865,1300.4081979870816,302.4791601581469,1458.6877174999995,0.0,31.358819999999998,769.6867200000004,126.316,149.23157931515246,777.9581172856209,-0.0,-0.0,-0.0,-0.0,-0.0,-0.0,-0.0,-0.0,-0.0,80.27820907466443,-0.0,19.472590649157173,14.735131514714574,29.176213841774082,3.365229592052331,-0.0,-0.0,-0.0,-0.0,74.88435868045198,-0.0,248.37190595759284,121918.19011915322
t387,15503.312513778868,2057.279999999999,10000.902400000003,23095.0,57241.5,-0.0,-0.0,1439.7910770524895,-0.0,-0.0,-0.0,3591.972048546784,-0.0,10.002672222546545,4336.058809416865,1300.4081979870816,315.88295091022985,1730.3860339999997,0.0,36.644369999999995,848.0560000000006,139.60664000000003,166.33437931515246,815.1105764739823,1.100063243606489,0.8362725678437084,1.6500948654097332,0.1908272973603093,1.0102621624957548,1.8689850006171467,6.695793110319086,2.2787024331848693,17.24432438979438,-0.0,14.273616540003538,20.43887531520891,15.466330146240303,1.4478057160808753,0.16699214866330392,0.8852205162151833,1.6374958266984159,5.8674231651698685,1.9990419349694524,-0.0,55.56083493751407,13.132157265086391,122791.99978828648
t388,16466.77306848599,2057.279999999999,10000.902400000003,23095.0,57241.5,-0.0,-0.0,821.3895455201674,-0.0,-0.0,-0.0,3138.459538830132,-0.0,10.002672222546545,4336.058809416865,1300.4081979870816,329.32602189626965,1799.9876504999997,0.0,36.66968999999999,859.2284800000008,150.04144000000005,183.37997931515247,852.256933212114,1.5120998308112756,-0.0,-0.0,-0.0,1.388663109928722,2.569026753368136,9.203750500805365,3.1322067923947845,6.512609495788883,31.498797846086077,19.525067236557717,2.1962062262923077,1.6618943088218643,3.2906244296628007,0.37954570689279815,2.0119607375093955,3.7217588734148155,13.335688478107144,4.543493753386602,22.350436281952796,118.35749490010713,29.560343212619873,122955.41609586083
t389,17832.233804870873,2057.279999999999,10000.902400000003,23095.0,57241.5,0.0,-0.0,653.3366317705171,-0.0,-0.0,-0.0,2445.7406619110648,-0.0,10.002672222546545,4336.058809416865,1300.4081979870816,342.8083731162663,1667.2490769999997,0.0,33.13543999999999,803.204160000001,137.68444000000005,200.36837931515248,889.435336060506,-0.0,-0.0,-0.0,-0.0,-0.0,-0.0,-0.0,1.9958829530505433,30.423331707669945,128.36258573771738,-0.0,2.8399688540307424,2.1490368341742703,4.255188232633308,0.4907999865187357,2.601716433390579,4.81269889693129,17.244710205934986,5.875304692986417,34.196665497228864,-0.0,37.97370646858002,123319.56998017173
t390,18528.082434871783,2057.279999999999,10000.902400000003,23095.0,57241.5,-0.0,-0.0,360.9734319841708,-0.0,-0.0,-0.0,1270.2227156171473,-0.0,10.002672222546545,4336.058809416865,1300.4081979870816,356.35820410230605,1332.4138035,0.0,24.347289999999994,679.9830399999998,102.53564,217.29957931515247,926.6166004632624,3.717411078291011,2.8259910748232686,5.576116617436516,0.6448570237851753,3.4139489494509285,6.315805556484217,22.626894981638653,9.696234472367635,-0.0,-0.0,45.35328626668363,5.363290379270885,4.058463021897936,8.035936759545132,0.9268773642028543,4.913349911211247,9.088797454804688,32.56669107815659,11.095531942350672,81.08362256634537,126.90311720818501,70.2388921842255,122294.42993537147
t391,19045.238399281414,2057.279999999999,10000.902400000003,23095.0,57241.5,-0.0,-0.0,-0.0,-0.0,-0.0,-0.0,-0.0,-0.0,-0.0,4336.058809416865,1300.4081979870816,369.9473153223027,1199.43174,0.0,20.813039999999997,623.9587200000001,90.15118,186.69757931515247,963.7284453713788,17.74632373550484,13.49082773770521,26.619485603257253,3.0784439133018595,16.297644246892197,30.150641856750568,108.01716436967996,36.760242023545736,227.68730821482754,895.7917523391701,215.49833679069445,11.731589190711631,8.877427390957964,17.577699911586386,2.027439071549158,10.747395466658643,19.880713225870384,71.23594174695535,24.270217235146717,200.21782709384826,450.65763023897193,151.18830772081373,123090.6661858186
t392,20630.018399281413,2265.119999999999,11011.264600000002,23095.0,57241.5,-0.0,-0.0,666.501344815573,407.89407890327186,621.1948657473345,-0.0,-0.0,-0.0,15.632105730583293,4336.058809416865,1300.4081979870816,383.57570677625614,1199.43174,0.0,21.86135597988983,623.9587200000001,100.55852,156.03837931515247,1000.9213539088979,11.562616320525915,8.789948121216128,17.34392448078886,2.0057599739687806,10.618729273952367,19.644649156811884,167.0516829285012,56.85078228748658,442.6969881662096,1757.990849208069,334.07353825677933,22.06142049429318,16.6941285955138,33.05511493524129,3.8126280384432842,20.210630184369258,37.38596426046328,122.58291559152852,41.764226284707014,408.4847804286644,1031.4255022364127,282.7640102423477,129925.80896732863
t393,22214.79839928141,2472.959999999999,12021.626800000002,23095.0,57241.5,-0.0,-0.0,1333.002689631146,1710.917519308597,621.1948657473345,-0.0,1605.9340516862094,-0.0,15.632105730583293,5082.986209064905,7511.820186831103,397.3038775647568,1358.4838929072046,0.0,28.163571959779663,691.1555200000001,133.75766000000002,172.79797931515247,1038.067809605682,-0.0,-0.0,-0.0,-0.0,-0.0,-0.0,135.55721146445217,46.13263022176662,252.41588579221718,1488.3000242630408,184.7751671162501,23.953257042552448,25.341235978429985,35.88969553523379,5.581222905036384,30.679190341957366,28.18012194943585,199.4389450259152,67.94921779965554,616.7532769937773,1705.4657155576551,216.58986938607995,143810.1058060073
t394,23430.86187661533,2680.7999999999993,13031.989000000001,23095.0,57241.5,-0.0,-0.0,1999.504034446719,2405.912080585394,621.1948657473345,-0.0,1605.9340516862094,-0.0,15.632105730583293,5353.653859611151,16733.423848814928,411.03902901871027,1561.3110629072044,0.0,39.7196879396695,759.521489072548,169.81264,189.5003793151525,1075.20539200997,-0.0,4.433377669049026,8.74773848792224,1.0116432264944086,5.3557582579115754,9.908152777136415,51.75398702938833,17.612840514611612,-0.0,496.52705854427245,-0.0,28.581930522935416,21.628272929268235,42.82493952513645,4.9394947044670285,26.184117559601898,48.435821859336826,272.01852717832276,92.67721580847525,773.9596454422403,2362.084100631946,376.8145551081655,157067.01458127756
t395,24751.644149897733,2888.6399999999994,14042.351200000001,23095.0,57241.5,-0.0,-0.0,2397.69629438459,5016.649712605695,621.1948657473345,-0.0,3211.868103372419,-0.0,15.632105730583293,8324.848149485559,27636.312082404802,424.8134607066206,1966.2349329072042,0.0,46.021903919559335,895.0842581450959,183.04836,206.14557931515247,1112.366353395881,4.766485906316692,-0.0,-0.0,-0.0,-0.0,6.118952955643998,-0.0,-0.0,75.07242161772281,-0.0,-0.0,42.437589100487074,32.113007859596756,63.58517964217274,7.334012881460016,38.87738867259385,71.91604864344282,-0.0,-0.0,1020.9559049443495,2085.4814174367884,453.17461464360565,177978.8845363224
t396,25429.479582981043,3096.4799999999996,15052.7134,23095.0,57241.5,-0.0,-0.0,2397.69629438459,6892.099614687912,621.1948657473345,-0.0,4237.186703238982,-0.0,18.46893399170994,9035.134858007379,36743.31141871268,438.6876717290782,2168.8186129072037,0.0,47.06388989944915,963.4502272176438,173.49228,222.73357931515247,1149.5273147817923,-0.0,-0.0,-0.0,-0.0,-0.0,-0.0,-0.0,-0.0,-0.0,-0.0,-0.0,59.22600380491631,44.81699281210948,88.73963321776888,10.235366429373121,54.25737932463809,100.36621450161988,101.9417329116265,34.73173713181417,1200.7919768532893,3012.0313658665,695.3981814944899,194426.57583195012
t397,26807.69084670826,3304.3199999999997,16063.0756,23095.0,57241.5,-0.0,-0.0,2397.69629438459,8438.075671391038,621.1948657473345,-0.0,4237.186703238982,-0.0,18.46893399170994,9160.473494045982,44075.82299067247,452.5618827515358,2169.3055929072034,0.0,42.85197587933899,964.5384362901916,161.34776787537868,239.26437931515247,1186.6418233269685,3.7936404157722103,-0.0,-0.0,-0.0,-0.0,-0.0,-0.0,-0.0,59.16777620614677,-0.0,-0.0,18.775717481007632,14.207799637473892,28.1320733398319,3.2447968129929294,17.200573397030475,31.817910496338413,-0.0,74.34851055902996,442.67103357157674,4084.7365632111837,-0.0,205455.11365365455
t398,27767.199545138097,3512.16,17073.4378,23095.0,57241.5,-0.0,-0.0,3064.1976392001634,9633.336175785857,621.1948657473345,-0.0,4237.186703238982,-0.0,18.46893399170994,10478.628308247768,47197.595462483856,466.482354673403,2371.645782907203,0.0,43.893961859228824,1032.8234453627394,171.9950557507574,255.73797931515247,1223.8169935260496,7.0024761847508215,-0.0,-0.0,-0.0,-0.0,-0.0,-0.0,-0.0,108.75630823738332,-0.0,-0.0,38.048107637862614,28.79143715549671,57.00832235001898,6.575427997818539,34.85615229911575,64.47749784268663,117.02479862023185,114.2190761016511,778.077500379406,598.605713897332,290.19545448199455,211749.93928041402
t399,28365.0,3720.0,18083.8,23095.0,57241.5,-0.0,-0.0,3064.1976392001634,9633.336175785857,733.9258810814442,-0.0,4237.186703238982,-0.0,18.46893399170994,10676.414016816345,54327.02202086808,480.50260592981743,2371.6457829072024,0.0,47.063889899449165,1100.0202453627408,194.78685575075747,272.1543793151525,1260.9460077603528,-0.0,-0.0,-0.0,-0.0,-0.0,-0.0,-0.0,-0.0,-0.0,-0.0,-0.0,-0.0,-0.0,-0.0,-0.0,-0.0,-0.0,-0.0,-0.0,-0.0,1843.3284149037615,-0.0,220766.2995528118
t400,28365.0,3720.0,18083.8,23095.0,57241.5,-0.0,-0.0,3064.1976392001634,9633.336175785857,733.9258810814442,-0.0,4237.186703238982,-0.0,18.46893399170994,10676.414016816345,58232.70383380988,494.56213742018866,2371.645782907203,0.0,47.063889899449165,1100.0202453627408,194.78685575075744,288.51357931515247,1298.0775866730635,-0.0,-0.0,-0.0,-0.0,-0.0,-0.0,-0.0,-0.0,-0.0,-0.0,-0.0,-0.0,-0.0,-0.0,-0.0,-0.0,-0.0,-0.0,-0.0,-0.0,-0.0,-0.0,222896.20326125296
t401,26251.836027713627,3720.0,17875.90291122552,23095.0,57241.5,-0.0,-0.0,3064.1976392001634,9633.336175785857,733.9258810814442,-0.0,4237.186703238982,-0.0,18.46893399170994,10676.414016816345,59554.47200226505,508.6286495760127,2371.6457829072024,0.0,47.063889899449165,1032.8234453627408,194.7868557507574,288.51357931515247,1335.2269121707664,-0.0,-0.0,-0.0,-0.0,-0.0,-0.0,-0.0,-0.0,58.66528531945392,-0.0,57.13049702950648,-0.0,-0.0,-0.0,-0.0,-0.0,-0.0,-0.0,-0.0,636.6128800330775,-0.0,167.3212318548343,222800.65930053766
t402,24138.672055427254,3442.8637413394918,16528.674273812125,23095.0,57241.5,-0.0,-0.0,2859.135028162736,8231.837212852934,334.02962947247914,-0.0,4237.186703238982,-0.0,18.46893399170994,10589.045712968766,59554.47200226505,494.6283609890224,2371.6457829072024,0.0,41.809989899449164,898.4298453627408,175.09367716717162,286.56958448636436,1360.8756633238763,-0.0,3.2394372452627382,6.391909732263389,0.7392004452277389,3.9134141217939113,7.239816125318736,25.937239151667427,5.644184839944222,123.21068788755423,-0.0,120.60911601256635,-0.0,33.45191259490486,66.2362703930156,2.674543830421192,-0.0,-0.0,268.43120106643164,91.4550071607931,1389.1289973194844,-0.0,437.85098153365254,218486.09211712767
t403,22025.50808314088,3165.7274826789835,15181.44563639873,23095.0,57241.5,-0.0,-0.0,2276.0412933684893,5147.317326250499,195.27330742914535,-0.0,4237.186703238982,-0.0,18.46893399170994,7100.804669084357,53697.876186021276,392.05655263598896,2169.3055929072025,0.0,41.80332000000001,762.114616908494,132.58123858358582,237.09238965757626,1360.8756633238763,-0.0,1.4561054774961573,2.8731208750595343,0.9405714052688879,4.979495674952934,16.451883123981666,58.940229930661054,16.754299785960207,-0.0,-0.0,81.31148109390756,33.68783747541574,19.41740181683292,38.44731667944967,8.496435206206126,30.861676613384216,57.088449413036734,472.9887242602731,161.1481340184904,817.0008285003723,-0.0,967.9210133502987,201268.74400032088
t404,19912.34411085451,2888.5912240184753,13834.216998985336,23095.0,57241.5,0.0,-0.0,2276.0412933684893,2090.801242098116,-0.0,-0.0,4237.186703238982,-0.0,18.46893399170994,4903.200847346421,36470.746561011976,378.0955442829553,1803.2869400000006,0.0,36.549420000000005,692.9961884542472,112.8606,235.03399482878817,1343.9688316547254,7.754667226588646,7.3512351548518104,14.5051217149425,2.2857687813097756,12.10112884222822,13.17502135945928,47.200602047552316,16.06323925507648,-0.0,339.6353955872877,196.29573477017163,44.378123330763685,33.581432251970504,66.49272505767108,10.3,40.6551264070419,81.72799104539787,269.4705173389828,91.80910413897922,465.07032210360376,1190.2571683360468,1259.195991418922,175780.1958503036
t405,17799.180138568136,2611.454965357967,12486.988361571941,23095.0,57241.5,-0.0,-0.0,2276.0412933684893,-0.0,152.58338512977883,-0.0,4237.186703238982,-0.0,18.46893399170994,4336.058809416865,19581.89167758047,289.4847442829553,1399.3370300000001,0.0,26.04162,691.07456,90.06880000000001,185.4424,1201.8477451693416,-0.0,-0.0,-0.0,-0.0,10.844306548235533,20.06196711423573,71.87365395580548,36.63235688682255,-0.0,-0.0,84.77559147850107,-0.0,-0.0,-0.0,-0.0,-0.0,6.523453186217807,-0.0,123.3,728.2444362964775,2091.3721654497053,1495.6771752408588,152388.95627383346
t406,15686.016166281763,2334.3187066974588,11139.759724158546,23095.0,57241.5,-0.0,-0.0,1779.980116677903,-0.0,-0.0,-0.0,4237.186703238982,-0.0,18.46893399170994,4336.058809416865,7102.381510502148,289.52402451691216,1197.24033,0.0,20.78772,623.87776,90.06880000000001,137.9664,934.5792586839577,-0.0,-0.0,-0.0,-0.0,-0.0,-0.0,-0.0,-0.0,118.13517600088889,-0.0,119.35752861980151,-0.0,-0.0,-0.0,-0.0,-0.0,-0.0,-0.0,-0.0,935.3732583292467,2789.5513810450057,1689.5382553949762,135916.67056355617
t407,14759.273160358109,2057.279999999999,10000.902400000003,23095.0,57241.5,-0.0,-0.0,1779.980116677903,-0.0,-0.0,-0.0,4237.186703238982,-0.0,18.46893399170994,4336.058809416865,1111.9478940470483,289.56330475086895,1197.24033,0.0,20.78772,623.87776,90.06880000000001,137.9092,721.4767982092256,5.772958100563694,4.388626311142808,8.65943715084554,1.001431507240641,5.301696214803393,-0.0,8.029074974759403,-0.0,204.58017094980903,409.1107254883608,206.77058326996803,8.280716865049952,6.266112929760953,12.407181477331553,1.4310634850673574,7.586025852881331,-0.0,-0.0,-0.0,1076.5154339664896,3261.632758876912,1383.1730120930868,128329.4289402048
t408,14759.273160358109,2057.279999999999,10000.902400000003,23095.0,57241.5,-0.0,-0.0,1465.841669168635,-0.0,-0.0,-0.0,4237.186703238982,-0.0,18.46893399170994,4336.058809416865,-0.0,275.8388377545714,1143.9768924999996,0.0,15.53382,489.4841599999999,70.5736990644535,121.9504,633.4638469228549,9.131340027654835,6.941681959798826,13.697010041482248,1.5840079639809406,8.385924515193214,-0.0,-0.0,-0.0,-0.0,651.8009866351334,137.1380308585773,14.178287803083,10.728872146292673,21.243642631129394,2.450274569995888,12.988834128327715,-0.0,-0.0,-0.0,1037.8227681876251,3593.4384203903246,944.6251882578783,126428.48860253267
t409,17271.91191685913,2936.3035618901245,13869.156346104655,10367.95108801609,33114.207477580516,-0.0,-0.0,3064.1976392001634,9633.336175785857,246.93536220446646,-0.0,4237.186703238982,-0.0,18.46893399170994,6885.796445293793,28217.472397751517,359.52832581217484,1147.6901149999999,0.0,18.853905000000005,703.62336,81.87199000000001,223.8095274565816,850.7210061965577,-0.0,1.1695751777923855,-0.0,0.867002813579123,-0.0,-0.0,9.364450920176617,3.186896122038312,23.844873721775976,123.90965898317252,20.902599510811857,17.383765277676563,13.154493523879417,26.046480525109345,3.004241314766252,15.925395707401684,29.459065319552565,53.998626157944344,35.96339360297853,-0.0,404.9527148775146,-0.0,134032.1555109385
t410,15158.747944572757,2801.1317208466726,12521.92770869126,10367.95108801609,36312.345477580515,-0.0,-0.0,3064.1976392001634,9633.336175785857,391.3763765111466,-0.0,4237.186703238982,-0.0,18.46893399170994,6885.796445293793,28217.472397751517,377.9382610304058,1185.7963,0.0,20.65479,771.2786837990682,89.51960000000001,235.2495274565816,887.740308271596,1.0949067623158992,-0.0,1.6423601434738486,0.45681573218397487,1.0055266184533767,1.860224244138747,-0.0,-0.0,-0.0,-0.0,-0.0,19.24523457720502,14.563088581072932,2.789080678655896,3.325938190355902,1.7053057676888237,3.1545033431606413,65.30174259249718,39.814386298143944,33.08186750797638,510.6383729466831,26.30825488028368,133904.1036909024
t411,16743.527944572757,3008.9717208466727,12697.867179086516,11525.135812475351,37754.40975485799,-0.0,-0.0,3064.1976392001634,9633.336175785857,567.4153778201928,-0.0,4237.186703238982,-0.0,18.46893399170994,6885.796445293793,28217.472397751517,396.3481962486367,1425.9991850000001,0.0,27.65999,906.1308075981362,119.90866666666668,246.6895274565816,924.7596103466342,-0.0,0.7615431806713242,1.5026422491098608,-0.0,-0.0,-0.0,6.09745647342879,2.0750773916279033,15.61716180356176,68.5298520501388,12.947838862889643,20.102201189905486,15.211564994374795,4.073092734262467,-0.0,2.490379208182875,4.606745421730223,70.50537039679749,41.587271924754134,48.380315151365025,562.6171745657676,38.187525651597,139316.5752814883
t412,18328.307944572756,2731.8354621861645,12737.270072581445,12815.475812475352,39258.7819844716,-0.0,-0.0,3064.1976392001634,9633.336175785857,558.0360677993585,-0.0,4237.186703238982,-0.0,18.46893399170994,8184.948075244695,28217.472397751517,414.75813146686767,1464.1053700000002,0.0,29.41129,1107.7212075981363,127.50593333333335,258.1295274565816,961.7789124216724,-0.0,-0.0,2.0589201304707125,-0.0,0.34057829471072565,0.6300698452148423,-0.0,-0.0,5.854310752028933,29.983589714869638,-0.0,3.7967300568534377,2.87302895241762,5.688724732835772,0.1863494914367867,3.478212434634191,6.434055968828812,77.05293165417352,7.854644563926655,67.85144564160633,621.0764411590048,52.97175395430692,145036.8594289235
t413,19913.087944572755,2713.5248059218306,13747.632272581444,14105.815812475352,39258.7819844716,-0.0,-0.0,3064.1976392001634,9633.336175785857,733.9258810814442,-0.0,4237.186703238982,-0.0,18.46893399170994,8184.948075244695,35270.54878611459,433.1680666850986,1387.893,0.0,25.90869,1242.1148075981364,112.31140000000002,269.5695274565816,998.7982144967107,1.3370257002189894,1.0164123945542316,2.005538550328484,0.2319330296298247,1.2278807450990716,2.271579378433283,8.138120716128848,2.7695532361679063,27.05379354302703,121.58775438257157,16.591106270085675,4.357566513358226,3.2974202978600022,6.5290384168270075,0.1863494914367867,3.991998852841598,7.38446674243592,26.45978726819365,9.014898508340085,-0.0,35.45857018522008,60.43754320100746,155692.5670583407
t414,21497.867944572754,2819.3925173210155,14757.994472581444,15396.155812475352,39258.7819844716,-0.0,-0.0,3064.1976392001634,9633.336175785857,733.9258810814442,-0.0,4237.186703238982,-0.0,18.46893399170994,8184.948075244695,35270.54878611459,451.57800190332955,1185.7963,0.0,20.65479,1309.3116075981366,89.51960000000001,281.0095274565816,1035.817516571749,4.678299009838189,3.55646200237699,7.017448514757282,0.40786225551355804,4.296397049851397,7.948334542225085,28.47556489151509,9.690762234664819,53.97727216320963,230.88027192985749,56.57397522888939,6.5667985755027525,4.969171405288159,9.839179744838855,0.5681463075456561,6.0158926547391,11.128299599425805,39.874570544873244,13.585340006031696,40.67619532793544,157.4065125211686,-0.0,159944.6250261195
t415,23082.647944572753,3027.2325173210156,13410.76583516805,15396.155812475352,41819.30404096747,-0.0,-0.0,3064.1976392001634,9633.336175785857,733.9258810814442,-0.0,4237.186703238982,-0.0,18.46893399170994,9494.31922138898,35270.54878611459,469.9879371215605,1185.7963,0.0,20.65479,1309.3116075981366,89.51960000000001,292.4495274565816,1072.8368186467872,16.769131365426855,12.747962109431642,25.153697048140277,2.737184571316927,15.400222682534867,28.490411962689503,102.06925366813387,34.7360578283842,271.97347574979096,1157.9630081805265,84.06600795469706,10.643460517530162,8.054028009070644,15.947332621064486,1.408017483693189,9.750552755992398,18.036736783062857,64.62866378010344,22.019105399521287,-0.0,488.3116164015952,74.02039149022309,166093.57239049237
t416,20969.48397228638,2750.0962586605074,12952.914437272368,16686.49581247535,39519.701650210605,-0.0,-0.0,3064.1976392001634,9633.336175785857,588.8879066567166,-0.0,4237.186703238982,-0.0,18.46893399170994,9494.31922138898,40081.62443542978,488.39787233979143,1286.84465,0.0,25.90869,1242.1148075981364,112.31140000000002,303.8895274565816,1109.8561207218254,11.14187855824583,8.47010155703382,16.712817837368735,1.761028472112056,10.23233745145025,18.929824285182967,166.78021460005903,56.758396586440874,184.17260222850607,731.786370417223,-0.0,21.164000812066288,16.07799100452055,31.83513518189988,3.388641118064435,19.4647075132333,34.178833387637,119.06303112888531,41.72524907619447,207.64875021708704,1113.4124331544522,-0.0,167380.7405593014
t417,22554.26397228638,2472.959999999999,11605.685799858973,17976.83581247535,41241.872765167136,-0.0,-0.0,3064.1976392001634,9633.336175785857,581.8671624354845,-0.0,4237.186703238982,-0.0,18.46893399170994,9494.31922138898,40081.62443542978,506.8078075580224,1185.7963,0.0,27.971083125000003,1107.7212075981363,147.7348,315.3295274565816,1146.8754227968636,-0.0,-0.0,-0.0,-0.0,-0.0,-0.0,142.55702371820308,27.677929038437384,-0.0,-0.0,-0.0,30.47244264286416,25.217937594454575,49.9326347491085,5.662384176603672,30.529920014572504,56.4747604665169,198.95309063231736,68.94394025268845,357.1488942240891,1836.8945157985065,182.5115768829545,170413.83181998468
t418,20441.100000000006,2680.7999999999993,12616.047999858973,19267.17581247535,44440.010765167135,-0.0,-0.0,3064.1976392001634,9633.336175785857,445.70147807561835,-0.0,4237.186703238982,-0.0,18.46893399170994,9494.31922138898,44973.42948765718,525.2177427762533,1286.84465,0.0,35.28737625000001,1035.8198983987577,160.3664,326.7695274565816,1183.8947248719019,6.238241153857817,4.742336387371503,9.357361730786723,1.0821438736283966,5.728996978032687,10.598644409360473,61.227542578164176,-0.0,96.21413361385005,444.3103248582232,80.96506424073472,42.92770355100442,32.54683317777742,38.37512483922027,1.2442792953627833,39.40259626400548,43.402996738647786,274.583273898357,-0.0,576.4960443724183,1411.429552561558,356.0007196719621,179402.84845078774
t419,22025.880000000005,2888.6399999999994,13626.410199858972,20557.51581247535,47638.148765167134,-0.0,-0.0,3064.1976392001634,9633.336175785857,445.70147807561835,-0.0,4237.186703238982,-0.0,18.46893399170994,9494.31922138898,44973.42948765718,543.6276779944842,1589.9897,0.0,37.34976937500001,896.721789199379,150.20620000000002,338.2095274565816,1220.91402694694,-0.0,-0.0,-0.0,-0.0,-0.0,-0.0,-0.0,10.549582049908459,-0.0,-0.0,-0.0,57.349526882694974,43.45999143716071,59.983662146602256,3.7366413812086345,52.614535088003876,67.84266379402943,243.09168343623026,29.835751959688675,51.56906882428882,2191.827507857865,-0.0,186192.11372267
t420,23610.660000000003,3096.4799999999996,14042.351200000001,20557.51581247535,43373.71458502857,-0.0,-0.0,3064.1976392001634,9633.336175785857,445.70147807561835,-0.0,4237.186703238982,-0.0,18.46893399170994,9494.31922138898,44973.42948765718,562.0376132127151,1793.3477236103568,0.0,34.15826250000001,824.8204800000004,140.04600000000005,349.6495274565816,1257.9333290219784,-0.0,3.9430391388550534,7.7802248780092995,-0.0,4.763402986536306,8.812295525092166,31.57077646076563,-0.0,-0.0,349.90431903383393,68.63566963006248,15.395962303172386,13.867546563317347,86.42370716419676,6.786277032734093,16.78864838929329,97.74685804685188,350.2434448233238,66.34255543862935,363.4171394639024,3132.621850742203,250.3776068492352,186384.77549711408
t421,25195.440000000002,3304.3199999999997,15052.7134,21847.85581247535,46571.852585028566,-0.0,-0.0,3064.1976392001634,9633.336175785857,445.70147807561835,-0.0,4237.186703238982,-0.0,18.46893399170994,9494.31922138898,44973.42948765718,580.447548430946,2198.8024472207135,0.0,35.783490000000015,690.4268800000001,152.67760000000004,361.0895274565816,1294.9526310970166,-0.0,-0.0,-0.0,0.71723703221487,-0.0,-0.0,25.166581748010003,8.564653972918741,-0.0,-0.0,-0.0,35.727796172012006,29.25287722581176,116.88734415224,10.3,35.41479149732422,132.20181141518748,473.70134209065696,87.04035481516954,723.556964086175,4220.684179758897,540.8999907599401,195593.1174857742
t422,26780.22,3512.16,16063.0756,21804.66,49769.990585028565,-0.0,-0.0,3064.1976392001634,9633.336175785857,380.9293497514592,-0.0,4237.186703238982,-0.0,18.46893399170994,9494.31922138898,44973.42948765718,598.8574836491769,2402.16047083107,0.0,42.66261750000002,623.23008,188.10100000000006,372.5295274565816,1331.9719331720548,-0.0,2.7210438399432153,5.369039523109431,-0.0,-0.0,-0.0,46.95319450674997,-0.0,-0.0,243.29773069378507,47.52534832360748,35.727796172012006,45.1,30.440613278296297,-0.0,54.6,66.69093337068665,238.96483947377726,7.065193796486845,723.556964086175,2636.3832299521364,636.7180075826564,200112.6007432512
t423,28365.0,3720.0,17073.4378,23095.0,52968.128585028564,-0.0,-0.0,3064.1976392001634,9633.336175785857,255.7718469840372,-0.0,4237.186703238982,-0.0,18.46893399170994,9494.31922138898,44973.42948765718,617.2674188674077,2807.615194441427,0.0,54.79564500000002,623.23008,223.52440000000007,383.9695274565816,1368.991235247093,-0.0,4.352502169897223,10.793119476502486,-0.0,-0.0,-0.0,21.78661275873997,7.490396126114218,-0.0,-0.0,95.82370848812687,-0.0,-0.0,66.20886498700986,2.6280707696852765,-0.0,74.88348671543108,383.920385872248,56.451816816468735,-0.0,2636.3832299521364,-0.0,206338.39208842034
t424,28365.0,3512.16,18083.8,23095.0,56166.26658502856,-0.0,-0.0,3064.1976392001634,9633.336175785857,97.078122530191,-0.0,4237.186703238982,-0.0,18.46893399170994,10676.414016816345,44973.42948765718,635.6773540856386,3010.9732180517835,0.0,61.674772499999996,656.82848,240.18031453779668,395.4095274565816,1406.0105373221313,-0.0,-0.0,-0.0,0.7904370604272314,-0.0,-0.0,-0.0,16.929144553568804,-0.0,299.27436708712486,108.88793667769175,32.312665999500915,12.789434820575572,25.323648103711726,8.212306672283589,15.483439937991712,28.64152809042423,22.020385872248028,-0.0,-0.0,4324.9800764534575,-0.0,213224.7372395319
t425,26251.836027713627,3720.0,18083.8,21663.35996994832,54543.00828622942,-0.0,-0.0,3064.1976392001634,9633.336175785857,-0.0,-0.0,4237.186703238982,-0.0,18.46893399170994,10676.414016816345,59554.47200226505,654.0872893038695,3012.234541662143,0.0,63.3,623.23008,261.00084174229755,406.8495274565816,1443.0298393971696,-0.0,-0.0,-0.0,1.578584789168972,-0.0,-0.0,-0.0,-0.0,-0.0,303.1879928211817,59.719862997266546,-0.0,-0.0,-0.0,5.291437966032406,-0.0,-0.0,-0.0,-0.0,-0.0,825.7800764534572,601.3628523887616,219706.7326821674
t426,24795.036763386815,3481.810268747641,16736.571362586605,19942.805697431,57241.5,-0.0,-0.0,3064.1976392001634,9633.336175785857,-0.0,-0.0,4237.186703238982,-0.0,18.46893399170994,10300.485101842012,59554.47200226505,672.4972245221004,3012.234541662144,0.0,59.671327500000004,624.3139716851997,259.0295689467984,411.14616807889803,1480.0491414722078,4.305214305919516,3.8382416573232456,-0.0,0.7468228898023652,4.636802002135465,-0.0,-0.0,8.872739037341505,79.09996914847726,637.9709318452617,125.3942756000328,-0.0,9.703151049867817,-0.0,5.291437966032406,-0.0,-0.0,-0.0,-0.0,915.0238473262542,-0.0,334.13121934527226,217653.8272445169
t427,22681.872791100443,3204.674010087133,16024.832960974307,18222.251424913677,54436.37837827336,-0.0,-0.0,3064.1976392001634,9633.336175785857,38.28429395034825,-0.0,4237.186703238982,-0.0,18.46893399170994,10071.218564631263,59554.47200226505,690.9071597403313,3012.234541662144,0.0,61.296555000000005,692.5946633703994,248.61930534454797,367.96680870121446,1507.8,10.574591806816153,8.604248022800792,9.404066251344954,1.8343679664885164,5.757591582456094,10.651544427543774,38.1600375437229,21.859306717770252,178.92235262474208,-0.0,83.25262862761811,-0.0,16.46114818115855,-0.0,11.849155503164024,19.928574072976872,-0.0,-0.0,-0.0,1605.7768147437196,-0.0,874.2087026223172,210665.83804292558
t428,21503.627018076204,2927.5377514266247,14983.938186471227,16501.697152396355,50171.94419813479,-0.0,-0.0,3064.1976392001634,9633.336175785857,149.55732497718054,-0.0,4237.186703238982,-0.0,18.46893399170994,8427.046252344342,48517.5997703045,709.3170949585622,2997.0369770810703,0.0,63.3,693.6785550555991,261.00084174229755,277.3114493235309,1410.4034585277923,0.021823046513272715,6.8777421158921985,0.0327345697699144,0.003785630517608718,14.066273333198346,14.44470993416542,-0.0,-0.0,146.01570690125936,604.6460356345557,202.43383010817857,21.273615755484425,32.55913594243955,-0.0,5.225636078356802,39.417490520115294,36.05092602858939,-0.0,-0.0,1998.4147713181367,1248.702442849189,1174.6701651689355,192093.04230797212
t429,19390.46304578983,2650.4014927661165,13822.909195348278,14781.142879879033,45907.510017996225,-0.0,-0.0,3064.1976392001634,9633.336175785857,283.1139238471617,-0.0,4237.186703238982,-0.0,18.46893399170994,7235.160788682243,37227.526149282225,727.727030176793,2779.7427124999967,0.0,60.049544999999995,627.5656467407989,250.59057814004714,193.7994493235309,1350.1313444031975,11.119831613791286,8.453341379871947,16.67974742068693,1.9289503819842024,-0.0,33.3,-0.0,-0.0,324.4274710109893,-0.0,139.56371798525765,-0.0,-0.0,-0.0,8.089735852034686,-0.0,-0.0,-0.0,-0.0,2303.438217415728,2172.9375899409974,546.5409243789439,169807.50277947244
t430,17277.29907350346,2858.2414927661166,14705.948254667848,13060.588607361711,41643.07583785766,-0.0,-0.0,3064.1976392001634,9633.336175785857,153.82127944693258,-0.0,4237.186703238982,-0.0,18.46893399170994,6885.796445293793,30613.711344165422,746.1369653950239,2413.6554974999967,0.0,51.54518999999999,623.23008,217.3885145377967,157.7634493235309,1387.1506464782358,-0.0,-0.0,-0.0,-0.0,-0.0,-0.0,-0.0,-0.0,314.64010164413526,586.6268203646338,-0.0,-0.0,-0.0,-0.0,-0.0,-0.0,-0.0,-0.0,-0.0,2538.6895466040396,2882.618743875404,742.0186418575103,156813.13598485998
t431,18862.079073503457,3066.0814927661168,14206.02278351805,11340.03433484439,37378.64165771909,-0.0,-0.0,3064.1976392001634,9633.336175785857,-0.0,-0.0,4237.186703238982,-0.0,18.46893399170994,6885.796445293793,28217.472397751517,764.5469006132548,1845.4715824999967,0.0,37.786934999999986,680.0640000000001,161.39465093554628,169.2034493235309,1413.0699544338254,6.076552674418946,4.619420145349097,9.114829011628416,1.0540958720930824,5.580507558139847,10.323938982558719,-0.0,12.5871448255821,232.93393514025217,1007.1836868252449,87.50091959729298,8.490927148321816,6.425181449485134,12.72214420042178,1.4673917722770924,7.778601045274684,14.388987281552069,-0.0,17.565961701142278,1778.4818813099191,3360.1407590512144,873.0142634749761,149438.3062394864
t432,19385.075889145504,3213.4398205506327,15216.38498351805,10367.95108801609,33114.207477580516,-0.0,-0.0,3064.1976392001634,9633.336175785857,132.46257907166753,-0.0,4237.186703238982,-0.0,18.46893399170994,6885.796445293793,28217.472397751517,782.9568358314858,1479.3843674999976,0.0,29.08002,804.0947200000003,123.45866093554653,180.6434493235309,1450.0892565088636,7.914583409365428,-0.0,14.304100976577958,1.6542157591960907,8.757612842802832,16.20158375918524,-0.0,-0.0,-0.0,-0.0,-0.0,14.409323606832864,10.903699574969167,21.589808692788168,2.490201898496284,13.200487733776416,24.418484635740256,35.937377153274305,29.80989262957202,727.4396110351975,3690.758484384855,935.1099967843984,143890.58690812092
t433,11548.598981814155,1547.1148017567737,8014.524988678828,10879.885916105599,32876.201820826944,-0.0,-0.0,-0.0,-0.0,-0.0,-0.0,-0.0,-0.0,2.8368282611266467,873.9381281170063,44375.10717712917,251.1000042897461,1263.8943408568398,0.0,21.44513571428571,623.23008,97.05277062667452,101.12881915506617,162.29256987057704,-0.0,-0.0,-0.0,-0.0,-0.0,-0.0,-0.0,-0.0,51.62604075192855,227.3701041574565,46.91365112076822,72.88414175236657,55.15226162804923,109.20392380010625,12.595749329687514,66.7697003301882,123.51171672800385,442.56327013727287,150.78212547091942,1715.7045108905954,3842.0980015429413,977.5265999465948,120533.05416078966
t434,10010.362542274195,1754.9548017567736,9024.887188678827,11761.14425559984,32876.201820826944,-0.0,-0.0,-0.0,-0.0,-0.0,0.0,-0.0,-0.0,2.8368282611266467,873.9381281170063,44375.10717712917,269.50993950797704,1591.4478867136813,0.0,32.0035757142857,745.7812069382628,132.4761706266745,112.56881915506617,199.31187194561525,1.0501779159024216,0.7983495381094938,0.5077481721898405,0.1821737201055221,0.964449106440999,1.7842308469158485,6.392154355467289,2.175368540083587,-0.0,-0.0,-0.0,16.106933384308263,12.188300262286987,24.133375020448412,12.03151047282731,14.755680583611287,27.295306574079532,97.80367771444901,33.32189406518805,616.8306659492557,3914.7471618861573,41.282377159569364,118586.88374851285
t435,9853.13451949488,1962.7948017567735,10035.249388678827,11761.14425559984,32876.201820826944,-0.0,0.0,-0.0,-0.0,0.0,-0.0,-0.0,-0.0,2.8368282611266467,2774.1459537443884,44375.10717712917,287.919874726208,1716.9047325705228,0.0,37.3081157142857,801.1355338765255,160.3517365013396,124.00881915506616,236.33117402065346,-0.0,-0.0,-0.0,-0.0,-0.0,-0.0,-0.0,-0.0,20.356002244761168,91.45591290535239,17.353436284641973,18.42327637738503,13.941103433222594,27.604003028531555,2.863411849371225,16.877699500087655,31.220652921407613,111.86885437878595,38.113925794153914,658.6814549630124,2327.8971689829614,75.22425747657607,120456.45589219681
t436,10711.881990410055,1988.0325173210151,9664.273074826793,11871.743198229335,33322.261559241735,-0.0,-0.0,-0.0,-0.0,-0.0,-0.0,-0.0,-0.0,2.8368282611266467,2774.1459537443884,44375.10717712917,306.3298099444389,1640.2648784273642,0.0,37.35875571428569,789.2930608147882,165.43550237600468,135.44881915506616,273.35047609569165,0.8654351079091959,0.6579073014207663,1.2981526618637937,0.15012649831077887,0.7947873439982411,1.470356586396746,5.267673896610565,1.7926870092404772,-0.0,-0.0,-0.0,13.887983864775228,2.988750586586976,5.917858700270884,0.6825749676683666,3.618310022786005,6.693210848010743,23.982901048466218,28.731349169912484,71.97824913820148,-0.0,98.85849866465608,118327.40041510835
t437,11772.604288329918,2195.872517321015,10674.635274826793,11871.743198229335,35592.52614479142,-0.0,-0.0,-0.0,-0.0,-0.0,-0.0,-0.0,-0.0,2.8368282611266467,2774.1459537443884,44375.10717712917,324.73974516266986,1556.1409189515762,0.0,33.54206714285713,710.2537877530508,147.72746825066974,146.88881915506616,310.3697781707299,-0.0,-0.0,-0.0,0.03785658072803341,-0.0,1.1085354203273394,-0.0,-0.0,10.702276920669089,50.763711270134465,8.611199362803028,14.19208034971511,3.2188638662981943,6.373493198679128,0.7351285548307956,3.896895057647037,7.2085421396034945,25.829419805173313,29.360461528856902,77.65830510550073,26.393364869737034,103.21443567177795,122858.43853692229
t438,13357.384288329918,1918.736258660507,9327.406637413398,11427.530602134284,38790.66414479142,-0.0,-0.0,-0.0,-0.0,-0.0,-0.0,-0.0,-0.0,2.8368282611266467,2774.1459537443884,44375.10717712917,343.1496803809008,1269.920259475788,0.0,24.471478571428563,690.4268800000001,107.22763412533493,158.32881915506616,347.3890802457681,1.4048962034339627,1.0680078281207166,2.1073443051509435,0.2815630649971902,1.2902107990720064,3.4954253986105512,8.551230462738355,2.9101421356846364,33.837990709917634,155.15555433032043,18.102989538324657,5.172995681130022,3.914464852667182,7.750813998740116,0.8939908643563073,4.739019533384215,8.766318184465307,31.41119357384153,16.54162039768022,94.89392762118302,79.6823944114254,74.78760302645532,125471.48541934021
t439,14942.16428832992,1641.599999999999,7980.1780000000035,12717.870602134284,40926.27566266435,-0.0,-0.0,-0.0,-0.0,-0.0,-0.0,-0.0,-0.0,2.8368282611266467,2774.1459537443884,44375.10717712917,361.55961559913175,1185.7963,0.0,20.65479,623.23008,89.51960000000001,169.76881915506615,384.40838232080637,5.431642552075471,4.129156838057373,8.147463828113203,0.9422237080130917,4.988243160069309,9.228249846128222,33.06096716645937,11.251259572156329,66.43673796089804,293.29678067662644,68.70176256043878,7.099287222923914,5.37211164016558,10.63701927864271,1.22689024154552,6.5037094357658685,12.030671300592541,43.1079202344994,14.686948231317434,131.08372580516928,-0.0,101.07009706390193,129033.5489676618
t440,16526.94428832992,1849.439999999999,8990.540200000003,13895.855528124403,44124.41366266435,-0.0,-0.0,666.501344815573,2610.7376320203007,621.1948657473345,-0.0,637.3989972299916,-0.0,18.46893399170994,2774.1459537443884,44973.42948765718,380.53182721972433,1185.5528100000001,0.0,20.65479,623.14912,78.46284091306552,181.43761915506616,421.3435365551096,8.034470578795638,9.168986337694564,18.091825391155716,1.3937346922400589,7.378595429506196,20.491761412431472,49.48363407997442,-0.0,194.17117280009975,865.5031234383227,-0.0,8.079395898683654,-0.0,12.105537814638424,1.39627143886647,-0.0,-0.0,-0.0,-0.0,95.89419749376563,192.4114331887937,-0.0,142063.8075781631
t441,18111.72428832992,2057.279999999999,10000.902400000003,15006.743643269641,45515.24418013857,-0.0,-0.0,1333.002689631146,4411.860911745254,733.9258810814442,-0.0,1892.48361199194,-0.0,18.46893399170994,2774.1459537443884,44973.42948765718,400.0663152426786,1386.9190400000002,0.0,10.761,690.1840000000001,89.60198,193.27801915506615,458.19761066690137,19.5047201348099,8.719730529827165,-0.0,3.3834718601200837,17.912498082988677,33.13812145352906,-0.0,23.759802651743822,165.21852769597197,810.6541027266333,144.76123535268377,11.556823175603643,4.7930705775217,18.693164920554363,2.2086521166328654,5.8026974175761605,10.733927457421101,38.461468780600946,13.103893618812096,209.1603148274989,360.94774589404574,86.92332327738791,152047.65723919778
t442,19696.504288329917,2265.119999999999,11011.264600000002,16297.083643269641,48713.38218013857,-0.0,-0.0,1731.1949495690171,7022.5985437655545,733.9258810814442,-0.0,2904.51898665642,-0.0,18.46893399170994,2774.1459537443884,59554.47200226505,420.16307966799445,1790.1384800000003,0.0,5.507099999999999,582.9612361505613,45.583600000000004,205.34721915506614,494.89210570518617,-0.0,8.719730529827165,-0.0,-0.0,9.709329349947359,-0.0,-0.0,22.097297191029032,331.3,1582.669324202987,91.3027452780056,23.105037348105096,13.531736000001827,35.99610998103053,4.204400539061808,1.0345733474431533,30.30388771619034,108.58393034147804,36.994746093131376,413.3718516386018,1011.1239587433655,249.5966016675431,180240.9180434583
t443,21281.284288329916,2472.959999999999,12021.626800000002,17587.42364326964,51911.52018013857,-0.0,-0.0,2397.69629438459,9633.336175785857,733.9258810814442,-0.0,4237.186703238982,-0.0,18.46893399170994,5856.907654483975,59554.47200226505,440.8221204956719,2395.2111300000006,0.0,20.642129999999998,784.2277961505613,81.17176,217.64521915506614,531.4912210956916,-0.0,9.671368361374979,-0.0,-0.0,9.709329349947359,-0.0,-0.0,48.45015326296354,195.27509418129853,1411.4,-0.0,38.84576764215565,25.442926205734715,40.88762988025326,4.716042416199425,15.454772576556582,56.97861522792031,204.1639688216273,-0.0,687.992022578536,1899.6753112722267,474.5202967494988,197301.20323239308
t444,22866.064288329915,2680.7999999999993,13031.989000000001,17587.42364326964,51911.52018013857,-0.0,-0.0,3064.1976392001634,6548.816289183422,112.73101533410981,-0.0,4070.113028889158,-0.0,18.46893399170994,5856.907654483975,59554.47200226505,462.04343772571104,893.985037166722,0.0,35.231875714285714,1000.9002704552788,116.81484,230.17201915506615,568.0095532396425,7.8641857437354785,-0.0,-0.0,-0.0,7.222211397308092,13.36109108501997,47.86721220549197,26.352856071934507,314.2919302011984,576.298801060461,-0.0,36.3610708069135,27.514837137446293,71.78354276278112,8.279624753153929,34.345218751092105,91.92248086213436,329.37372102976656,42.65919438315439,-0.0,2462.0515510541645,773.2194134734384,195481.42965132164
t445,24450.844288329914,2888.6399999999994,14042.351200000001,18877.76364326964,47647.086,-0.0,-0.0,2397.69629438459,4411.860911745254,733.9258810814442,-0.0,4237.186703238982,-0.0,18.46893399170994,5856.907654483975,59554.47200226505,483.82703135811175,1299.3958871667219,0.0,50.360575714285716,719.1318264106199,152.51284,242.92761915506614,604.446805261082,-0.0,4.358710077608901,-0.0,-0.0,5.265555798453706,-0.0,34.898933708640385,11.876753634290026,86.19397361848269,988.5704002290079,76.64810962643402,62.5656359168224,47.344130534374,95.43555489777825,11.007684383506339,58.3514143048006,-0.0,386.7651435331013,96.87098763905654,446.06039456403283,3920.756434755121,1153.7050174581323,196156.4809325361
t446,26035.624288329913,3096.4799999999996,15052.7134,20168.103643269642,50845.224,-0.0,-0.0,3064.1976392001634,7022.5985437655545,733.9258810814442,-0.0,3059.7105797762806,-0.0,18.46893399170994,5856.907654483975,59554.47200226505,506.1729013928742,1906.659947166722,0.0,34.58621571428569,860.0160484329491,188.2383,255.91201915506613,640.7912423131494,-0.0,-0.0,-0.0,-0.0,11.705743294904295,-0.0,77.58306528233791,-0.0,86.19397361848269,-0.0,170.41816874268756,89.20381988338244,67.50154826745887,135.3481359080771,15.611263156250777,82.75485129430024,45.14188893662021,186.61612973273355,129.57670963031893,784.2466885416973,1927.1787832814005,577.8880753483097,203287.77208525772
t447,27620.40428832991,3304.3199999999997,16063.0756,21458.443643269642,54043.362,-0.0,-0.0,2397.69629438459,9633.336175785857,112.73101533410981,-0.0,4237.186703238982,-0.0,18.46893399170994,7593.652316076758,59554.47200226505,529.0740671645456,2311.340327166722,0.0,45.1003457142857,933.6225104552783,207.26581925188108,269.12521915506613,676.9822027419395,-0.0,4.3244620176359,-0.0,-0.0,11.6643697996349,-0.0,77.30885094980243,11.783433417182387,84.91674358889367,-0.0,169.53721836537062,90.33313437985886,68.35611343173883,46.048135908077114,5.311263156250776,28.15485129430023,52.08131832828431,186.61612973273355,63.58046088987578,1251.7178679041947,1927.1787832814005,-0.0,215088.5726007716
t448,28121.398748601765,3512.16,17073.4378,22586.693310800452,57241.5,-0.0,-0.0,3064.1976392001634,9633.336175785857,733.9258810814442,-0.0,4237.186703238982,-0.0,18.46893399170994,10676.414016816345,59554.47200226505,552.5375093385785,2513.680517166722,0.0,50.36057571428571,1000.9002704552786,207.26581925188106,282.56721915506614,713.0920830482182,-0.0,9.146749411763414,-0.0,-0.0,-0.0,-0.0,-0.0,24.923357457556683,180.56133233459573,435.3258677893468,158.8662338806705,59.6,45.1,-0.0,-0.0,-0.0,-0.0,-0.0,123.3,594.717216471615,3542.4923256976035,410.47976650933134,227358.10805546422
t449,28365.0,3720.0,18083.8,23095.0,57241.5,-0.0,-0.0,3064.1976392001634,9633.336175785857,733.9258810814442,-0.0,4237.186703238982,-0.0,18.46893399170994,10676.414016816345,59554.47200226505,576.5632279149731,2513.680517166722,0.0,50.360575714285716,1000.9002704552788,207.26581925188108,296.2380191550661,749.1091483851247,-0.0,-0.0,-0.0,-0.0,-0.0,-0.0,-0.0,-0.0,-0.0,912.8702423744628,-0.0,-0.0,-0.0,-0.0,-0.0,-0.0,-0.0,-0.0,-0.0,-0.0,1831.5967670121438,-0.0,226561.8859398095
t450,26251.836027713627,3442.8637413394918,16736.571362586605,21374.44572748268,57241.5,-0.0,-0.0,3064.1976392001634,9633.336175785857,733.9258810814442,-0.0,4237.186703238982,-0.0,18.46893399170994,10390.604571478587,59554.47200226505,601.1905031276862,2513.680517166722,0.0,50.360575714285716,1000.9002704552788,207.26581925188108,303.4454143662995,785.0454304754769,-0.0,-0.0,-0.0,-0.0,-0.0,-0.0,-0.0,-0.0,-0.0,-0.0,-0.0,-0.0,-0.0,-0.0,-0.0,-0.0,-0.0,-0.0,-0.0,514.6671446212837,-0.0,277.7374199759563,218933.70186131907
t451,24138.672055427254,3165.7274826789835,15389.34272517321,19653.891454965356,52977.06581986143,-0.0,-0.0,2668.560517875698,9064.533387977752,510.08423565080454,-0.0,3819.0987499375215,-0.0,18.46893399170994,6836.747234732325,59554.47200226505,626.3800547427609,2365.631477949364,0.0,45.99332785714286,933.6225104552785,194.29209962594055,263.40560957753286,809.7078398476058,-0.0,-0.0,10.779359615466175,1.2465926085913266,-0.0,12.209274666497402,-0.0,14.885782326119958,108.53193618416815,-0.0,-0.0,34.91396272945073,26.419793944601142,52.31236361979782,6.033788860962123,31.98493901053708,59.16627912205577,212.00273677497012,72.22972490841066,1114.2709987624808,692.1952029438396,767.5234045748635,206252.40366124557
t452,22025.50808314088,2888.5912240184753,14042.114087759815,17933.337182448035,48712.631639722866,-0.0,-0.0,1881.1061879896242,5980.013501375317,297.00047791471684,-0.0,2251.368789610695,-0.0,18.46893399170994,3194.542956920904,52902.89034577693,652.1318827601973,2014.9987587320063,0.0,36.37218,799.0669904552782,158.55404,176.11860478876662,709.1417690972229,8.692634327796634,6.608176096131114,13.038951491694947,2.7544985634131915,-0.0,26.977882988723316,52.909758944190735,32.8919534336987,241.62938778137436,575.7680126839012,111.83777511626624,70.22188108724393,53.13769860796479,105.21499968273294,12.135660657694842,64.33078368059596,119.00016761428921,426.39763029318084,145.2744620479392,1731.2441049713786,2612.4061562968755,1260.8928271059285,184347.32303997644
t453,19912.34411085451,2611.454965357967,12694.88545034642,16212.782909930713,44448.1974595843,-0.0,-0.0,1093.6518581035502,2895.4936147728827,151.92877818219966,-0.0,353.9986907375746,-0.0,-0.0,457.78376856971647,47723.1643386253,678.4459871799953,1535.2026258213373,0.0,25.864379999999997,689.21248,112.94298,136.53640000000001,733.6506853529656,15.868842343826834,12.063558720562234,23.803263515740245,1.2448524109440138,6.590395116762427,26.960839288236407,96.58943324584394,32.871173426498444,110.32791082294443,1069.7585114384938,209.14208291209928,100.60167046516601,76.12643184528503,150.73371094864638,17.38585915757064,92.16193301003464,170.48269659365383,610.868197002409,208.12392564353976,2264.409765103983,4305.459065111291,1707.9779214710466,163777.09352301402
t454,17799.180138568136,2334.3187066974588,11347.656812933026,14492.228637413391,40183.76327944573,-0.0,-0.0,306.1975282174766,-0.0,-0.0,-0.0,-0.0,-0.0,-0.0,-0.0,44375.10717712917,705.322368002155,1257.259702910669,0.0,20.61048,622.01568,90.15118,136.7652,738.9996561569473,14.493140827845037,11.017744813004644,21.73971124176755,2.5141162660547507,13.310027290878093,24.623550488124476,88.21590310009759,30.021506000536146,222.59314126318674,985.0910695306344,198.32646003587269,126.28644117709896,95.56239089072423,189.21777176367343,21.824670203424823,115.69194107834906,214.00890199474827,766.8299171475187,261.2603724351729,2714.233765047789,5730.200618702959,2092.731748936097,148349.37145770973
t455,15686.016166281763,2057.1824480369505,10000.428175519632,12771.67436489607,35919.329099307164,-0.0,-0.0,-0.0,-0.0,-0.0,-0.0,-0.0,-0.0,-0.0,-0.0,44375.10717712917,732.7540445612236,1181.16999,0.0,20.60415,621.85376,90.2061,115.9099919216377,774.4346714402551,13.160520369039657,10.004681300953617,19.740780553559482,2.2829474109558587,12.086192175648666,22.35945552495003,80.10459591971588,27.261077907296432,203.12971336849313,894.1759255566459,183.77159576423972,146.47872377880978,110.84212151718661,219.4723159974448,25.314276089290953,134.19024024031904,248.22736747751324,889.4404385159606,303.034004059182,2558.468627537405,6863.710503293712,2125.104251115656,139439.03049456785
t456,13661.76295410053,1780.0461893764425,8653.199538106237,11051.120092378747,32876.201820826944,-0.0,-0.0,-0.0,-0.0,-0.0,-0.0,-0.0,-0.0,-0.0,873.9381281170063,44375.10717712917,760.7479975226538,1138.4374950000001,0.0,16.14059571428571,495.68338285714253,74.9474706266745,131.1823919216377,809.7078398476058,11.25349233405506,8.55495080497043,16.880238501082587,1.9521364252952655,10.334839898621997,19.119453812450686,68.497022216978,23.310805549114054,-0.0,-0.0,-0.0,125.36860661400274,94.86785500489137,187.84255990990675,21.666051143023967,114.85110605913677,212.45351120829332,761.2566901612012,259.3615636829956,2206.588470707793,6954.384360432234,1847.1967322842675,129643.96352027539
t457,25037.993672473694,2533.957298783982,7738.720091159992,15665.3311586318,34288.196698105945,-0.0,-0.0,2276.7433093140894,6901.3155794498225,733.9258810814442,-0.0,3794.740197746241,-0.0,18.46893399170994,7092.741324093242,47929.87296756157,-0.0,1341.3255375000003,0.0,27.294959999999996,794.4260852076537,116.5020821888955,173.30493113038665,361.4307647183865,-0.0,-0.0,2.2153992033452634,0.25620262895829576,-0.0,2.509278689503309,-0.0,3.0593608046196494,22.983304666667777,117.73186408817344,-0.0,2.87304739146213,2.1740677408547326,22.84238900689158,2.539418573154091,21.4440072323154,28.18957131304718,-0.0,23.744828604628296,120.55678995358153,-0.0,554.3158460577488,157753.7268490938
t458,26622.773672473693,2741.797298783982,7660.764802990833,15263.641868283947,36211.584309111655,-0.0,-0.0,1489.2889794280154,5334.169337709785,733.9258810814442,-0.0,3794.740197746241,-0.0,18.46893399170994,7092.741324093242,47929.87296756157,42.670757894388316,1347.4127875000004,0.0,33.299597999999996,631.0197480089611,153.7103821888955,194.46893113038664,394.0887280797955,1.040122344265505,0.7907052515079602,-0.0,-0.0,0.9552143977948513,-0.0,6.330948758718098,-0.0,-0.0,-0.0,14.319461799776581,4.652266494158717,3.5204231356805056,25.508232393985626,2.8469010690899106,23.073962987470328,7.883874428020643,10.803681095065347,9.62457145519748,152.7473672906378,98.88907896273314,-0.0,158053.42731792264
t459,25242.23809856084,2464.661040123474,6313.536165577439,15205.060440707226,39409.722309111654,-0.0,-0.0,1489.2889794280154,5334.169337709785,733.9258810814442,-0.0,3794.740197746241,-0.0,18.46893399170994,7092.741324093242,47929.87296756157,85.90379219113828,1411.60283875,0.0,34.044005999999996,814.5943595078409,177.6631337511164,215.86173113038663,426.6541733477893,-0.0,-0.0,1.4321301760865284,0.1656204965542244,-0.0,1.622106628016374,-0.0,1.977703576500444,14.892389370341403,63.79262416047796,-0.0,5.47414223865947,4.142345888650036,1.2314346306026387,2.988936642384504,0.7529264370761943,9.276650437996754,15.794231966454989,11.324861376287124,167.63157979967423,147.10462200705427,11.982205821680898,158656.3362220254
t460,26827.01809856084,2473.0087759815233,4966.307528164044,15205.060440707226,42607.86030911165,-0.0,-0.0,701.8346495419415,3146.97409726135,409.01635688964495,-0.0,3794.740197746241,-0.0,18.46893399170994,7092.741324093242,47929.87296756157,129.69910289024983,1273.4527,0.0,29.534513999999994,930.8912110067207,178.85154531333728,237.48333113038663,459.13853849327165,0.3528990505785574,0.2682752986541074,1.9614787519543646,-0.0,0.3240909648170425,-0.0,2.148002894592954,2.7087087526988842,20.45177422107664,27.6241882783657,-0.0,6.506606026530209,4.923623016720009,2.7783979906170186,-0.0,1.6987741353604626,11.026295447643477,22.06350453072379,13.460814145489511,186.4917060332796,201.06430832239536,26.87131907893066,158944.6793893853
t461,26816.05251088924,2195.872517321015,5976.6697281640445,15813.467182594351,42607.86030911165,-0.0,-0.0,122.09218439852997,62.45421065891485,275.003421275939,-0.0,3794.740197746241,-0.0,18.46893399170994,7092.741324093242,49182.93002126234,174.0566899917231,1172.64784,0.0,30.278921999999994,979.9103025056006,157.3030768755582,259.2765311303867,491.5418235162425,-0.0,0.5231654484134651,-0.0,0.21890726143896835,-0.0,-0.0,-0.0,-0.0,-0.0,112.00762078662123,-0.0,2.386951130883964,1.8062331544105175,3.576421744764061,-0.0,2.186703552789673,11.928875505525351,25.297600797530226,14.562676731002728,50.81790826303666,233.67881430211372,34.37701970229927,157716.7366259076
t462,25163.75752296052,1918.736258660507,6987.031928164044,15813.467182594351,45805.99830911165,-0.0,-0.0,122.09218439852997,62.45421065891485,733.9258810814442,-0.0,1897.3700988731205,-0.0,18.46893399170994,7295.797340030801,49182.93002126234,218.91605439496755,1273.4527,0.0,25.7631,961.6516340044806,112.99026843777911,281.29853113038666,523.7712299404385,3.1439323247504727,2.91319563406561,4.715898487125709,0.5453760155179391,2.8872847880361485,5.341476857866874,19.136281956261804,6.512431244125979,51.41142033532314,223.91469888949987,39.00968912052231,4.478698028257899,3.389081897222002,6.7105324483797055,0.3614931718616029,4.102968327900695,7.5897399472155715,27.195315711854594,9.265494410808707,49.313847070360744,-0.0,-0.0,158871.81224636297
t463,26748.53752296052,1641.599999999999,7980.1780000000035,16891.31268651005,49004.13630911165,-0.0,-0.0,-0.0,-0.0,733.9258810814442,-0.0,-0.0,-0.0,18.46893399170994,7295.797340030801,49182.93002126234,264.3376952005737,1171.9173700000001,0.0,20.5092,876.1152055033605,91.52418,156.6836786242426,555.9282233707601,16.046021521767873,12.19825105481333,24.069032282651804,2.7834935292862637,14.736142213868455,27.261863095656636,97.66787589525038,33.23818743794774,210.61266095891307,890.2819193553458,152.56400736242506,10.219386158335713,7.733126103035918,15.311932616432534,1.3535919594421646,9.362055104784062,17.31808728174341,62.0536216560687,21.14178378058378,157.77868083643318,-0.0,74.21679565149823,164491.85076350375
t464,28066.1417128876,1849.439999999999,8990.540200000003,18181.65268651005,52202.27430911165,-0.0,-0.0,-0.0,161.00685407242042,-0.0,-0.0,-0.0,-0.0,18.46893399170994,7295.797340030801,49182.93002126234,310.3146317430886,1171.67388,0.0,20.50287,723.3010170022403,91.55164,179.1632786242426,588.0041366785701,10.372142564044545,7.884945112462433,29.4,1.7992492202934414,9.525437048612337,45.2622970567222,162.15591708309185,-0.0,430.62622995438494,752.6286922645986,326.8068964534265,20.73564264138617,14.909620239824598,28.648716271105165,3.3130342739350755,-0.0,32.48703511334394,116.4065149259324,-0.0,367.811728144034,600.6019519644218,74.21679565149823,172068.35635789786
t465,28365.0,2057.279999999999,10000.902400000003,19471.99268651005,51911.52018013857,-0.0,0.0,666.501344815573,2715.7174457735814,621.1948657473345,-0.0,1605.9340516862094,-0.0,18.46893399170994,7295.797340030801,49182.93002126234,356.8538446879652,1373.2836000000002,0.0,24.990840000000006,637.6026685011201,54.09620000000001,201.8716786242426,619.9875318929652,-0.0,-0.0,13.841786153933183,-0.0,-0.0,23.03515155166037,139.7918431496893,-0.0,244.98820735087125,-0.0,191.22881916759127,-0.0,24.693286546678415,33.94031143831398,5.547441434923862,11.844527280581335,54.397241255078654,194.91447138824714,-0.0,603.1933025927503,1299.597757095104,262.52251841704015,180285.46229848493
t466,28365.0,2265.119999999999,11011.264600000002,19471.99268651005,51911.52018013857,-0.0,-0.0,1333.002689631146,4082.9807583049933,564.6646396907976,-0.0,1897.3700988731205,-0.0,18.46893399170994,7295.797340030801,49182.93002126234,403.9553340352035,1776.7465300000001,0.0,5.507099999999999,619.0201599999999,91.63402,224.80887862424262,651.8872823064414,6.041772660283985,4.592980236644457,22.90444514435916,1.0480626043349768,5.54856672883223,-0.0,57.266510413560695,12.515100510588251,-0.0,429.37475789354556,-0.0,-0.0,18.968336328567794,52.12636538374764,7.645049000858541,22.963883892235067,74.96601447443813,268.615847903952,25.110195425218038,297.33504627537656,1961.488967934757,440.96555772143256,184883.1487139322
t467,28365.0,2472.959999999999,12021.626800000002,20762.33268651005,55109.65818013857,-0.0,-0.0,1999.504034446719,6693.7183903252935,733.9258810814442,-0.0,-0.0,-0.0,18.46893399170994,7295.797340030801,49182.93002126234,451.6190997848035,1076.8936246121536,0.0,20.496539999999996,647.439382560337,129.22676,247.97487862424262,683.6274536464107,-0.0,-0.0,-0.0,-0.0,-0.0,8.337131431169109,-0.0,22.679891384626266,76.27076966118511,-0.0,66.3546097756005,13.98169462475918,29.548444173813415,73.07544810171736,0.5041596337164331,2.6725355340696293,66.1727907218438,66.93825688979462,54.035412660667824,547.6076413915953,2702.3252034473026,647.5026825760049,192291.20667902275
t468,27763.476403843204,2680.7999999999993,13031.989000000001,22052.67268651005,50845.224,-0.0,-0.0,2314.115881734375,7022.598543765555,733.9258810814442,-0.0,1605.9340516862094,-0.0,18.46893399170994,7295.797340030801,49182.93002126234,499.84514193676506,1170.4564300000002,0.0,31.092036434830156,742.9744451206741,166.84696000000002,271.3696786242426,715.2748100170079,5.002405883045653,3.8028493702745014,-0.0,0.8677642858344498,4.594046219123558,-0.0,30.448317441191133,-0.0,-0.0,337.33227066976593,-0.0,31.10560179375809,34.73941886087164,98.73257746734828,3.4634925840635606,18.35987330969615,95.19149246796611,8.45431686407224,35.425801240563196,852.0261104334052,1641.026225795657,827.44307922347,192173.80788994933
t469,26780.22,2888.6399999999994,14042.351200000001,20332.118413992728,50845.224,-0.0,-0.0,2980.617226549948,9633.336175785857,733.9258810814442,-0.0,1131.8172759504691,0.0,18.46893399170994,7295.797340030801,49182.93002126234,548.6334604910883,1465.8724453878467,0.0,46.07514643483015,814.9181995078409,169.02518481128857,294.99327862424263,746.8410862650936,-0.0,-0.0,5.933647766098654,-0.0,0.31512110245113334,-0.0,24.07769314610781,7.167558945287199,61.23013090386999,-0.0,-0.0,50.6774061827288,49.54962654447196,38.75744545283628,6.845868174774942,36.289747800263285,128.35847641571848,127.29720291052357,75.91579253519555,652.4525182453691,2102.6482589351726,1121.2499291788654,194440.5716944073
t470,28365.0,3096.4799999999996,15052.7134,21622.45841399273,54043.362,-0.0,-0.0,2193.162896663874,6548.816289183422,733.9258810814442,-0.0,2737.7513276366785,-0.0,18.46893399170994,7295.797340030801,49182.93002126234,597.984055447773,1963.1416707756932,0.0,46.07514643483015,931.0531310067207,206.75522481128854,318.8456786242427,778.3326817168547,-0.0,2.5810252134220213,5.092761159369625,0.5889587735325418,-0.0,-0.0,44.74321717035258,-0.0,-0.0,231.68495584500207,-0.0,50.6774061827288,19.574029002496246,38.75744545283628,10.3,54.6,62.646786244162485,248.66131043954766,117.26476865657901,1008.041807484763,3162.675608973562,873.1492703746054,201664.09344363338
t471,28365.0,3304.3199999999997,16063.0756,21804.66,57241.5,-0.0,-0.0,2859.664241479447,9159.553921203722,501.40199460173426,-0.0,2631.2526515527725,-0.0,18.46893399170994,7295.797340030801,59101.75034805284,647.8969268068195,2258.0707061635394,0.0,40.82124643483015,979.9103025056006,183.9908848112886,342.9268786242427,809.6529632482483,-0.0,5.171205923011091,10.203587525941346,-0.0,-0.0,-0.0,41.40435346410894,7.057807839551425,-0.0,-0.0,47.2462194799748,-0.0,36.70006801624152,72.66776216963123,-0.0,-0.0,-0.0,181.73549769277068,164.08606822187372,1411.4179405679467,4350.733434665803,873.1492703746054,220811.2881554491
t472,26780.22,3512.16,17073.4378,23095.0,57241.5,-0.0,-0.0,3064.1976392001634,9633.336175785857,733.9258810814442,-0.0,4237.186703238982,-0.0,18.46893399170994,10378.559040770388,59101.75034805284,698.3650939027748,2460.4108961635397,0.0,46.07514643483015,961.4897140044804,206.75522481128854,367.2368786242427,840.8921646571304,-0.0,-0.0,-0.0,0.7407844228785354,-0.0,-0.0,-0.0,15.903645359806877,66.22123931900018,282.9120408344229,105.81769393422184,30.46961066333445,14.65677004503991,29.021054656808523,5.265721305911827,27.913435272115116,51.63474290263053,117.6116425565398,227.12135336934247,1581.1828408411584,2428.410561466336,1050.5119941047412,226486.36277177394
t473,28365.0,3720.0,18083.8,23095.0,57241.5,-0.0,-0.0,3064.1976392001634,9633.336175785857,520.5644033606947,-0.0,4237.186703238982,-0.0,18.46893399170994,10378.559040770388,59554.47200226505,132.66005706929622,2460.4108961635393,0.0,46.07514643483015,875.7913655033602,206.75522481128849,391.7756786242427,872.0385510966403,-0.0,-0.0,-0.0,1.4788329040842911,-0.0,-0.0,-0.0,-0.0,132.3361548294435,570.0285238876256,115.6504490652797,-0.0,-0.0,-0.0,-0.0,-0.0,-0.0,-0.0,103.82135336934248,1150.0,1012.1876703501757,1639.7740693434384,227622.8688720654
t474,26631.96969741621,3720.0,16736.571362586605,23095.0,52977.06581986143,-0.0,-0.0,3064.1976392001634,9633.336175785857,139.29441687409158,-0.0,4237.186703238982,-0.0,18.46893399170994,10676.414016816345,59554.47200226505,184.2527769699749,2460.4108961635393,0.0,46.07514643483015,722.8152570022401,206.75522481128849,405.1943190828285,892.0038632941901,-0.0,-0.0,-0.0,-0.0,-0.0,-0.0,-0.0,-0.0,-0.0,-0.0,62.175701842469465,-0.0,-0.0,-0.0,8.320077356235174,-0.0,-0.0,-0.0,-0.0,861.3691119510526,-0.0,1351.6574866770184,217685.0066296221
t475,24518.805725129838,3442.8637413394918,15389.34272517321,21374.44572748268,48712.631639722866,-0.0,-0.0,2276.7433093140894,8721.002847998716,-0.0,-0.0,4237.186703238982,-0.0,18.46893399170994,9566.443092185753,58678.4224098472,236.447053506972,2283.161286930832,0.0,41.05877857560105,636.9549885011202,183.99088481128848,371.3657595414143,786.738130690821,5.996173167687956,4.558315316252577,8.994259751531931,1.0401524882724003,5.50668964379506,10.18737584102086,36.497115250263924,12.42064441878219,94.32894711146326,398.38373468842974,141.71350856302277,-0.0,27.631832905592674,54.7122545115172,14.630673341326185,22.908132087700302,61.88060140720311,-0.0,75.54334805453607,1523.6575100461437,1980.3836408341135,1880.7182751685068,207837.76692257973
t476,22405.641752843465,3165.7274826789835,14042.114087759815,19653.891454965356,44448.1974595843,-0.0,-0.0,2276.7433093140894,6901.3155794498225,316.6681348677551,0.0,4237.186703238982,-0.0,18.46893399170994,8023.546716749449,53819.00464536045,289.20360644633087,1903.5714876981242,0.0,30.782180716371954,618.1296,138.4896648112885,290.29000000000013,556.1539810430415,8.784087486083038,11.236014476591215,1.1786429204766602,2.5639227664704785,8.067019119872178,1.3349935119684595,89.9635253058612,1.6276497473249165,138.58978592645013,570.611214488737,116.33116299824465,20.782198827765995,43.357959870898824,62.97870048757841,18.2222278367287,41.94685785944566,-0.0,-0.0,53.89706056873109,1901.9127278896062,3144.6468697742857,1520.085365707701,190893.24476909012
t477,21108.032839743813,3157.526074765506,13127.634640813572,17933.337182448035,40183.76327944573,-0.0,-0.0,2276.7433093140894,6901.3155794498225,353.1669563952666,-0.0,4237.186703238982,-0.0,18.46893399170994,7170.450740907306,49414.65431141619,342.5224357880513,1725.8348984654165,0.0,25.759482857142856,666.4200514988797,107.05265303231872,195.1092,421.53904828659233,19.445064810710853,-0.0,17.170108907418378,1.98565885323886,17.857712581265062,19.447776415545302,118.35695060805122,23.711102776911094,307.1956641944728,1273.665598412981,266.22485877797,36.80049433705054,55.47918684185072,62.97870048757841,10.690490315682235,54.6,27.14509809459293,97.26545544983347,87.03558131193216,2194.52827126213,4012.418089207628,1766.1150499461116,179836.6352354514
t478,21078.734892782442,2880.389816104998,11780.406003400178,16212.782909930713,35919.329099307164,-0.0,-0.0,2276.7433093140894,6901.3155794498225,507.103789104025,-0.0,4237.186703238982,-0.0,18.46893399170994,7092.741324093242,47929.87296756157,396.4035415321334,1345.7581192327077,0.0,20.48207142857143,781.8263429977595,98.46236125334889,147.6332,411.9904354076318,-0.0,6.198142084335584,-0.0,-0.0,7.345401005294626,-0.0,48.68368555175829,-0.0,296.34664850293814,1255.0346083039872,124.90055234906961,49.17275920550709,19.74142082788076,81.51633895659133,12.828650183888652,65.9343231848612,-0.0,172.39167450846477,112.63122322939346,2418.6278155936566,4676.614226447837,1960.2894895769648,171345.88835964352
t479,22663.51489278244,2603.2535574444896,10433.177365986783,15665.3311586318,33244.134866938264,-0.0,-0.0,2276.7433093140894,6901.3155794498225,733.9258810814442,-0.0,3794.740197746241,-0.0,18.46893399170994,7092.741324093242,47929.87296756157,450.84692367857707,1167.29106,0.0,20.45856,394.40212050663223,92.18322,147.862,442.5522071151356,5.805768420331465,-0.0,8.708652630497197,1.007123093322805,11.58576345278765,9.863882061073356,-0.0,12.026234584972318,55.128147862234016,235.77345993137112,-0.0,57.335191103940026,25.91802617384259,81.51633895659133,3.603912312476056,73.41198730657996,13.832309089626278,172.39167450846477,6.217596603164949,1703.7292638106965,5120.442575055648,1399.6675089067885,165070.78154218665
t480,24248.29489278244,2811.09355744449,9085.948728573387,15665.3311586318,31090.058698105942,-0.0,-0.0,2276.7433093140894,6901.3155794498225,733.9258810814442,-0.0,3794.740197746241,-0.0,18.46893399170994,7092.741324093242,47929.87296756157,505.84560156192964,965.19436,0.0,9.97427142857143,344.57732571428534,52.8787612533489,75.55196005849271,472.95439974913256,9.058670268911156,2.4728692624406827,-0.0,-0.0,7.227721288025393,-0.0,19.79955053752842,-0.0,-0.0,-0.0,47.136189234846405,-0.0,-0.0,18.53763846901292,4.571552177645763,18.811987306579958,23.320816505368064,206.3905936545732,17.80109129980815,764.9297237511,1926.2171992894785,509.8163218273621,157651.60383341456
t481,19092.41377940591,2650.786401875845,11797.65173891001,11051.120092378747,35112.44175794391,-0.0,-0.0,2526.814023889196,307.8340117072069,82.95892412429922,-0.0,-0.0,0.0,-0.0,1693.7285984780615,11028.711770097503,533.5269369904383,1117.3147374999999,0.0,24.49800428571429,595.6574171428565,118.70194843777907,209.23523176044796,826.1808334065281,2.493605405787351,1.8956490074607923,-0.0,0.43256420304474463,-0.0,-0.0,-0.0,-0.0,-0.0,-0.0,92.54191853096333,3.171329928444312,2.399781539812726,10.8289171829977,-0.0,6.62104006933567,12.247711483569622,42.38413313014274,14.951909167565699,-0.0,999.3635120112663,760.2126461693485,100719.12092616419
t482,20677.19377940591,2605.2803114186195,12353.978389678892,12341.460092378748,34236.403712849664,-0.0,-0.0,2526.814023889196,307.8340117072069,82.95892412429922,-0.0,490.310013229323,-0.0,-0.0,2726.002207116652,11028.711770097503,519.8684076882748,1325.7421775,0.0,29.511276524574438,731.7511771428565,163.43428843777903,231.77203176044796,836.9470234984117,3.234097848788687,2.4585743850485424,1.1107386645020036,0.5610169737694661,0.6800440803073493,1.2580815485685963,4.507181043370377,1.53387720335991,11.79357258808123,61.04084196981123,46.049857654110916,5.187039626563516,3.92509206640964,13.849099666924626,0.3483525149434194,8.467646604860981,15.66359536796626,54.623820038688706,19.121993157131097,36.622423344787016,1115.754940354225,525.0033361025472,105148.76884125311
t483,22261.973779405907,2605.2803114186195,13178.41061135067,13631.800092378748,34236.403712849664,-0.0,-0.0,2280.8808019301855,307.8340117072069,223.73334201065657,-0.0,2096.2440649155324,-0.0,2.836828261126646,4066.353240269979,11028.711770097503,595.382954788473,1431.020378212773,0.0,39.772118763434584,900.4978399999994,197.97621986857087,302.013631760448,844.0465783528318,-0.0,-0.0,-0.0,0.3810115134123955,-0.0,-0.0,-0.0,-0.0,-0.0,159.09058873616235,-0.0,6.114513174623127,4.626921882139312,15.238753825342801,0.5086373730812381,9.317311969358544,17.235320675919628,60.255576364909736,21.040742963771198,53.60016039287966,1172.6567431992535,329.17999196762463,112080.4185623808
t484,23846.753779405906,2605.2803114186195,13422.240537637645,14922.140092378748,34236.403712849664,-0.0,-0.0,2151.2124303839564,1691.4102842802038,733.0527369565997,-0.0,2096.2440649155324,-0.0,2.836828261126646,5717.730588298893,11028.711770097503,760.06359762558,1333.958388925546,0.0,48.19181894008678,1001.9667428571423,209.7812712993627,325.008031760448,854.6968548765684,0.41909812444630545,0.3186001048086709,0.6286471866694581,-0.0,0.3848860326547702,0.7120391604113249,2.5509390942063384,0.868131829210204,6.811332152871066,-0.0,5.567759104539807,7.293708559184311,5.519232483543832,-0.0,0.7124244949097649,-0.0,-0.0,-0.0,-0.0,75.45393379576075,667.4046812285001,30.654731545290247,117792.98398806613
t485,25431.533779405905,2605.2803114186195,14432.602737637644,16212.480092378748,34236.403712849664,-0.0,-0.0,2041.0927792777077,2868.889481949939,733.0527369565997,-0.0,2631.2526515527725,-0.0,2.836828261126646,6840.2880902460565,11378.394926021729,838.8656327076266,1312.4111,0.0,51.351289116739,1036.1578857142854,225.664492749469,374.22338540835835,865.2634865993862,2.4578684663217327,1.8684816402139706,4.315449886152057,0.49906563309241475,2.642112175195137,4.175868363699679,17.511332361154437,5.091298965952161,47.405942514048014,-0.0,-0.0,4.7292593602767266,3.5786845159141007,0.9093028380474801,0.10488039453403186,0.5559679166561302,1.0284388201880799,3.6850693962976835,1.2555099656355468,-0.0,103.45898166124425,39.22903113139667,124362.5479462584
t486,27016.313779405904,2328.1440527581112,15159.794271729532,17278.514630734506,32418.950739719483,-0.0,-0.0,1574.9086597721484,2868.889481949939,733.9258810814442,-0.0,4237.186703238982,-0.0,18.46893399170994,6840.2880902460565,11378.394926021729,829.6191441920353,1110.3144,0.0,49.2568592933912,1003.0712685714284,218.8108341995752,376.1915390562687,875.7373033528318,5.525993720483516,4.200882981387979,4.602187881242673,0.5322258093954113,2.817666049740413,9.388550555719442,33.635257696616506,11.446701278144424,-0.0,236.77618061604758,37.92583179792328,7.142390485239593,5.404728370542042,4.5249506477653325,0.5219148003581515,2.7666551552966094,5.117805323900321,18.337957888312136,6.247776202345638,-0.0,239.10303284366378,71.74108586034134,127024.54127527954
t487,28365.0,2051.007794097603,15732.997620589857,17278.514630734506,28154.516559580916,-0.0,-0.0,787.4543298860739,2868.889481949939,733.9258810814442,-0.0,4237.186703238982,-0.0,18.46893399170994,6840.2880902460565,6547.706975199957,732.3241320788056,1110.0709100000001,0.0,41.902199470043406,902.7068914285713,189.1928356496814,330.9124927041791,886.0515410327705,16.348575181492123,12.428253581848606,24.522862772238184,2.8359773274016957,15.013997615656033,22.5632133969439,80.83457532298519,27.50950342089856,199.44285033019688,934.6348727564174,193.63279757048454,11.766019764195189,8.903481398745019,14.472819282879083,1.6693173416982596,8.849002607449027,16.369034127332448,58.653004462194176,19.98318720693159,127.83982671989651,609.1912206765967,156.6127075895265,120373.1951034151
t488,28365.0,1773.871535437095,15732.997620589857,17278.514630734506,28154.516559580916,-0.0,-0.0,-0.0,2779.539574129009,112.73101533410978,-0.0,4237.186703238982,-0.0,18.46893399170994,6840.2880902460565,-0.0,546.9805963679376,1109.82742,0.0,29.29363964669561,735.0647542857143,136.8379570997876,238.3862463520896,885.185001346706,29.79624368246295,22.651226064729492,44.69436552369443,5.168736148998676,27.363897259404748,50.62320992989879,181.36183016927706,61.72079048510182,465.67482164627245,2078.965155484045,363.23359816291315,23.789800758595604,18.00201366128627,33.87797080371264,3.9075375059153448,20.713742507085225,38.31662991237377,137.2949343097828,46.77663829896718,366.4980867286165,1302.1613134905601,320.4898830805273,114617.7727039954
t489,28365.0,1981.7115354370949,15732.997620589857,17278.514630734506,31352.654559580915,-0.0,-0.0,26.53643091670973,2779.539574129009,112.73101533410978,-0.0,4237.186703238982,-0.0,18.46893399170994,7105.944690885857,3073.898667624243,450.8101370594307,1109.58393,0.0,21.9326498233478,634.538457142857,107.3023385498938,193.5648,895.3230761323109,27.880745803768143,21.195056758987004,41.82111870565221,4.836455904735288,25.60476655448094,47.36881812578974,169.70270277497647,57.75297345066257,445.1694565028204,1470.2643428742717,358.708707499993,37.13718438036615,28.102131133464983,55.643465858501614,6.418003340902203,34.021648777986435,62.933819168070144,225.5024669002434,76.82910795468365,628.3861070789989,-0.0,498.7263372029058,119802.24516792312
t490,28365.0,2189.551535437095,15732.997620589857,17278.514630734506,34550.792559580914,-0.0,-0.0,263.07697887627825,2779.539574129009,112.73101533410978,-0.0,4237.186703238982,-0.0,18.46893399170994,7909.524134913996,11255.171652941066,443.8127541532859,1109.34044,0.0,19.82556,601.128,100.61344000000001,196.39095364791046,905.3887379240414,13.564150801074895,10.311522802857956,27.390009990964256,3.167552175825798,16.76939387201893,31.02337866323502,111.14381605176992,37.824299511331596,222.215836060281,555.2384473161588,175.90697235951947,47.510174980365804,37.77753532466984,74.80119522157464,8.627685451088679,45.735109284411834,84.60157578252004,303.14168589796043,103.28093360380913,798.3660649085665,734.4926396952657,585.4923025056746,132097.43750775373
t491,28365.0,2397.391535437095,15732.997620589857,18568.854630734506,37748.93055958091,-0.0,-0.0,453.81292728664505,2779.539574129009,112.73101533410978,-0.0,4237.186703238982,-0.0,18.46893399170994,7909.524134913996,25836.21416754894,444.37503055564747,1210.1453000000001,0.0,19.819229999999997,601.0470399999999,100.6409,193.96519999999998,915.2948206422649,-0.0,-0.0,19.396355716398624,2.2431159672025625,11.875319826366503,21.969341678778036,78.70698084919579,26.785443608360005,-0.0,-0.0,-0.0,62.72340962155865,42.43945614205069,93.97987381216754,10.839783877551243,57.46137861303863,106.2930263721044,380.86580439667904,129.7616846701037,773.3202683981781,1544.4380773527619,533.9612805612815,151542.99992544748
t492,28365.0,2605.2315354370953,15732.997620589857,19512.07830727996,40947.06855958091,-0.0,-0.0,453.81292728664505,2779.539574129009,112.73101533410978,-0.0,4237.186703238982,-0.0,18.46893399170994,9685.93175074667,38147.59098980155,444.9373069580091,1108.60997,0.0,22.44618,600.96608,100.69582000000001,218.7328,925.1080883911163,6.046472045577694,4.596552728525899,9.069708068366538,-0.0,-0.0,-0.0,-0.0,-0.0,-0.0,-0.0,84.73372322873621,62.757277447498566,49.939412328807734,70.1960240004857,8.0965178858343,68.09205166243575,41.93365158080462,129.74313259284708,126.97486337643193,1094.002169323935,2511.231171537336,812.4221493374598,171098.9690399107
t493,28365.0,2813.0715354370955,16070.039101749355,20802.41830727996,44145.20655958091,-0.0,0.0,1120.3142721022182,2779.539574129009,112.73101533410978,-0.0,4237.186703238982,-0.0,18.46893399170994,10676.414016816345,38147.59098980155,534.6656790972797,1208.92785,0.0,19.8129,626.7764835751605,117.6240163747345,291.2052,934.8402760174563,4.3091382772126785,-0.0,15.533415484185555,0.7475035787001586,-0.0,7.3211379913868475,-0.0,8.926072145654835,-0.0,305.0666379944379,146.4878794971994,49.929387188388475,34.503881762839804,100.87066775414813,11.634578699526607,74.9824690858675,66.04644150104886,170.1806288112321,169.3285428257777,1150.0,3616.5399757782893,521.2848052522181,179475.52657815398
t494,28365.0,3020.9115354370956,17080.401301749356,21862.219803099688,47343.34455958091,-0.0,-0.0,1731.1949495690174,2779.539574129009,112.73101533410978,-0.0,4237.186703238982,-0.0,18.46893399170994,10676.414016816345,52728.63350440942,705.5481456359322,1455.2798065817715,0.0,21.925053823347795,719.7027271503208,157.39893274946897,328.94433905626875,944.4891157188345,8.500316658060774,3.186150911971256,12.75047498709116,1.4745447263982976,-0.0,12.379930816815957,-0.0,17.60779879169732,-0.0,596.3502475482277,122.52250579638627,70.55544745113588,50.111856894549675,131.7751506646069,15.199149516746377,80.57024889459731,101.0,295.42511218519667,123.3,-0.0,4750.043456806106,186.48531162498847,200868.57172234615
t495,28365.0,3228.7515354370958,17999.962141186305,23095.0,50541.48255958091,-0.0,-0.0,2397.69629438459,4801.937502147671,112.73101533410978,-0.0,4237.186703238982,-0.0,18.46893399170994,10676.414016816345,52728.63350440942,816.231150970599,1903.4849731635431,0.0,29.28477764669559,879.7448107254811,202.900152749469,376.1915390562687,954.0451404508406,8.732479658705673,6.638466679322168,13.098719488058505,1.5148178999795552,-0.0,12.774371016891216,-0.0,-0.0,-0.0,609.4126942105659,-0.0,70.55544745113588,67.3804743795239,89.3,10.3,26.973700690066625,-0.0,-0.0,-0.0,-0.0,1250.8434568061066,73.78501013366389,205606.45638970408
t496,28365.0,3436.591535437096,18083.8,23095.0,53739.62055958091,-0.0,-0.0,3064.1976392001634,7412.675134167972,733.9258810814442,-0.0,4237.186703238982,-0.0,18.46893399170994,10676.414016816345,59554.47200226505,838.865632707627,2149.349949745315,0.0,41.89840147004339,1034.9125689379011,225.66449274946896,376.1915390562687,963.4415861093398,9.247062703071851,-0.0,-0.0,-0.0,-0.0,-0.0,-0.0,-0.0,-0.0,-0.0,-0.0,41.11162765025729,45.1,-0.0,-0.0,-0.0,-0.0,-0.0,-0.0,-0.0,1357.9584758002002,-0.0,219501.09374270917
t497,27941.88031910056,3644.431535437096,17159.274021693134,21374.44572748268,56937.75855958091,-0.0,-0.0,3064.1976392001634,9633.336175785857,733.9258810814442,-0.0,4237.186703238982,-0.0,18.46893399170994,10676.414016816345,59554.47200226505,838.865632707627,2351.6901397453144,0.0,49.25179529339119,1122.802567150321,225.66449274946896,328.94433905626875,972.7656187739647,-0.0,-0.0,-0.0,-0.0,4.492382971957271,8.310908498120952,29.774516030805696,10.132819370081402,77.10064200077015,-0.0,71.2644074755242,-0.0,-0.0,-0.0,-0.0,35.44807372829678,65.57244407615336,234.95710407089007,61.46893110789631,-0.0,-0.0,613.716360237171,222078.01469071794
t498,26563.30480823074,3720.0,15812.04538427974,19653.891454965356,57241.5,-0.0,-0.0,3064.1976392001634,9633.336175785857,244.41438130242955,-0.0,3193.5741158845603,-0.0,18.46893399170994,10068.668308336833,59554.47200226505,808.484310009589,2351.6901397453144,0.0,51.35128911673898,1143.4148053627407,225.664492749469,300.69182603751244,981.99427179081,-0.0,-0.0,8.33974660708448,0.9644604919757565,9.598350282417158,17.756948022471743,63.61573270513151,21.649612303674257,165.0270131998791,-0.0,151.55436417678175,-0.0,-0.0,68.0909513562866,7.853715553972588,77.08039113090875,103.27930823899112,275.94753970705625,60.640188395907714,817.1910120861382,-0.0,543.4329188839706,217023.18659219728
t499,25157.17200055033,3442.8637413394918,15225.143585943139,17933.337182448035,52977.06581986143,-0.0,-0.0,3064.1976392001634,6736.1300694485835,244.41438130242955,-0.0,1296.20401701144,-0.0,18.46893399170994,7892.541895617971,46880.5191285299,763.4993951257309,2149.349949745315,0.0,48.190552940086775,1096.7492835751607,222.9532645621017,320.1441130187561,991.142141561101,7.711713115821007,5.862475787027193,19.907316280815987,1.3377461527444598,7.082185514529492,13.102043201879564,46.93915177129827,15.974262882772084,123.96670544207217,541.2106266938149,193.29303654058276,34.800676886200264,26.33406925449047,120.23357628812693,13.867926492359548,54.36154814410564,96.68116559750601,487.2623881150407,71.99536006826331,1455.3144717418481,2025.344205896348,1098.800543940957,192921.47029158144
t500,23044.008028263957,3165.7274826789835,14213.52192915455,16212.782909930713,48712.631639722866,-0.0,-0.0,3064.1976392001634,4013.936607124655,244.41438130242955,-0.0,1296.20401701144,-0.0,16.143851437164706,4250.33761780655,36349.08040503443,630.4659566442344,2040.3722448089861,0.0,44.49370147004339,982.8060017875806,197.50515637473444,292.34919999999977,1000.1186974110244,17.988448631297008,13.674892071751296,15.415103273214005,3.120445170735195,16.52000384506868,30.562007113377053,109.49091437314965,37.261786450543795,289.5189075177341,1257.9448952146922,265.3756027422794,30.699997868780013,16.786281819607083,82.29343755041425,17.345567813426864,72.79642349655957,130.78230864874863,609.4525234639982,113.62576539715653,1716.8030885936107,1866.0483962310336,918.7178436343388,167403.32210808602
t501,21253.06043095364,3165.7274826789835,13094.548405508649,14492.228637413391,44448.1974595843,-0.0,-0.0,3064.1976392001634,1744.8953550092608,244.41438130242955,-0.0,-0.0,0.0,-0.0,1859.623805368552,23823.67425176908,500.3738294940143,1729.0543498726572,0.0,35.536620000000006,801.5849600000004,149.29270818736717,244.4155999999998,1009.0141731384363,9.669658463854052,7.35091383221558,29.4,-0.0,7.4003024343224,16.42855239011939,119.3,16.69179326852719,320.80983440248747,788.3329957418654,258.5,46.93058754724498,29.068154210526046,106.61208953509416,12.296803160262819,87.66538652414661,158.28716699648288,708.0070604545431,147.20347860780637,2014.6978446173853,2789.821708265637,1184.2153763919289,140518.52979632537
t502,20449.35183892173,3165.7274826789835,11747.319768095254,12771.67436489607,42313.768206360495,-0.0,-0.0,3064.1976392001634,-0.0,0.17792175415499276,-0.0,-0.0,-0.0,-0.0,-0.0,18336.841693865932,459.4547787461582,1619.3461749363285,0.0,25.03515,667.27232,123.92698000000001,244.18679999999998,1017.8260040649293,11.63288087427635,8.843363521771305,13.444178459538572,1.5547689374976583,15.631432103427649,31.6561422779641,54.55409830690313,35.2575635221757,297.81729632049917,-0.0,135.49847218534006,59.6,38.655243163869194,125.59495081078246,14.486315715017462,76.7915376737819,179.7571444751449,784.9376035191747,173.41385705452944,2245.5331873605824,3499.2,1354.3665919828964,125164.33375178537
t503,18632.35076469996,3025.7391144760836,11747.319768095254,11051.120092378747,38049.33402622193,-0.0,-0.0,3064.1976392001634,-0.0,-0.0,-0.0,-0.0,-0.0,-0.0,-0.0,15467.209185775188,451.14766628703853,1307.2978100000003,0.0,19.78125,600.07552,101.13518000000002,196.71079999999998,1014.0518847244755,-0.0,-0.0,25.394857148124046,2.936820214408904,15.547871723341254,28.763562688181327,103.04783869970066,35.0690884426475,268.04203317908883,-0.0,254.5035637393764,-0.0,-0.0,138.35585514485078,15.958178141007425,84.5938375241753,156.48310604288832,560.70530769229,191.03333638701122,1690.9790293573794,3975.764462665716,1492.8029663588795,113767.45241700791
t504,18632.35076469996,2833.836650445764,11747.319768095254,11051.120092378747,38049.33402622193,-0.0,-0.0,2887.787455873367,-0.0,82.95892412429922,-0.0,-0.0,-0.0,-0.0,243.7402836256377,11028.711770097503,532.0136302302805,1105.2011100000002,0.0,19.78125,532.8787199999999,101.1901,196.93959999999998,1022.698487687722,-0.0,-0.0,17.716946513940396,-0.0,10.847110110575752,20.067153704565147,71.89223534398265,24.46625947163197,185.72993613835433,279.00666265466526,175.7179594822607,-0.0,-0.0,95.3772433137011,5.658178141007424,58.31576130938501,107.87347787999788,385.0273495545723,131.69108735251228,1093.324250840381,812.4325380763312,1035.6128082896319,104578.61959165796
t505,15202.528736519835,1849.439999999999,9191.538865487035,12083.200525776872,32944.29336837493,-0.0,-0.0,-0.0,-0.0,-0.0,-0.0,-0.0,-0.0,-0.0,977.9135794076118,14986.333368615402,465.83123861119077,1639.332129669057,0.0,25.137424608644903,573.6825600000001,130.4557780315825,311.84957987055816,355.9528527474847,7.745930360613576,5.8884878761807276,11.61889554092036,1.3436817972492934,7.1136095148492,13.16017760247102,47.14742306230609,16.045141461270973,123.84555667376783,570.9292995155213,105.26136564779932,48.27343261996925,36.52905723423848,72.32915323763848,8.342556308484621,44.22364800420001,81.8056492385385,293.12341048937714,99.86768862486927,915.2718521838426,2782.0567784397126,731.8333394554433,96761.24614260947
t506,15202.528736519835,1849.439999999999,9191.538865487035,12083.200525776872,32944.29336837493,-0.0,-0.0,-0.0,-0.0,-0.0,-0.0,-0.0,-0.0,-0.0,977.9135794076118,15105.644816918317,465.00393515292654,1659.1202959795035,0.0,26.18420768691592,573.6825599999999,134.98801442526604,347.4544549310898,472.21814468469756,4.764319327745069,3.621854999153139,7.146478991617601,0.8264635568537363,4.375395300990368,8.094481306832181,28.99914774489727,9.868947178900495,76.50571792852993,-0.0,64.38087309179188,33.15400452081518,25.088013488066515,49.675379256858974,5.729635009469738,30.372628302625976,56.18379960742169,201.31601067253388,68.58873754054552,620.8340486891091,1908.1172448744703,497.7368408098396,94738.59152754406
t507,15202.528736519835,1849.439999999999,9191.538865487035,12083.200525776872,32944.29336837493,-0.0,-0.0,-0.0,-0.0,39.19860704669064,-0.0,-0.0,-0.0,-0.0,1133.2098032388594,15433.525141737833,552.7874316946622,1881.00516228995,0.0,32.48489076518693,640.8793599999997,162.3120508189496,430.53532999162155,588.4834366219104,-0.0,-0.0,-0.0,-0.0,-0.0,-0.0,-0.0,-0.0,-0.0,64.94613990285487,-0.0,20.709734843608608,15.671292641723959,1.2588836837036155,0.14520158949772988,0.7697093967549549,1.4238214115796806,125.7525677835899,1.738189901463116,-0.0,-0.0,-0.0,92397.8382515191
t508,15517.311045028198,1849.439999999999,9191.538865487035,12083.200525776872,32944.29336837493,-0.0,-0.0,-0.0,-0.0,424.6219526123555,-0.0,403.73042877084157,-0.0,-0.0,1293.4371539141284,17475.856825207913,551.9601282363981,1932.0419281933,0.0,33.53167384345795,663.278293333333,166.8442872126331,478.0113299916216,704.7487285591233,0.9277400717867703,1.072221988329094,2.115659493750024,0.2446681047193906,1.2953017308673618,2.396308202104619,8.584972027359791,2.9216250151786047,-0.0,169.63572072777941,19.2366780937509,1.8822000903312919,1.424282283119819,2.8201420816540943,0.32527954581228685,1.7242973981894023,3.1896343812661128,11.428996857229762,3.893880388218929,20.427888347086057,61.34441145128683,15.658709576781483,96046.39715239873
t509,15517.311045028198,1849.439999999999,9191.538865487035,12083.200525776872,32944.29336837493,-0.0,-0.0,-0.0,-0.0,424.6219526123555,-0.0,403.73042877084157,-0.0,-0.0,1293.4371539141284,17796.278349682132,462.52202477813404,1780.98199409665,0.0,29.324556921728973,618.4804266666662,148.58472360631663,478.0113299916216,755.1823849786701,2.859642875662163,2.540862385152734,5.013513699563111,0.5797941013100198,3.0694981834059867,5.678571639301076,20.34395184890746,6.923423680349059,33.87973134382121,-0.0,45.699086561327675,2.42269479765153,1.8332807948671805,3.629977272320156,0.41868718818474415,2.2194485897948555,4.105573398704772,14.710960524665907,5.01205148574553,31.337675689172876,98.85969426048894,23.81926845778243,96091.89651946446
t510,15686.760000000007,1849.439999999999,9191.538865487035,12083.200525776872,32944.29336837493,-0.0,-0.0,-0.0,-0.0,550.085266427915,-0.0,403.73042877084157,-0.0,-0.0,1293.4371539141284,14567.188562860876,461.6947213198698,1832.01876,0.0,30.371339999999996,640.8793599999995,153.11696000000015,439.2342649958108,680.4686413982171,3.185761440309744,2.4218288500313867,4.778642160464615,0.5526320865843433,2.925699281917111,5.412543671546656,19.39088468515063,6.59907726921304,59.37937517835889,269.6254144239145,70.63121631049486,4.52272825168634,3.422400069648556,6.7765039073085545,0.7816124327578742,4.143304740638826,7.664354923159736,27.462673729618892,9.35658378243164,76.32195988022971,230.75828927998614,55.91993004817215,93679.49163573011
t511,15686.760000000007,1849.439999999999,9191.538865487035,12083.200525776872,32944.29336837493,-0.0,-0.0,-0.0,-0.0,733.9258810814442,-0.0,403.73042877084157,-0.0,-0.0,1293.4371539141284,5697.438497618981,461.6947213198698,1832.0187600000002,0.0,30.371339999999996,640.87936,153.11696,352.9812,480.60749781776417,14.442335700597047,10.979122547902856,21.66350355089557,2.505303131736222,13.26336952095647,24.537233613769466,87.9066657694504,29.916266808379596,280.6928047067715,1215.4528857216962,160.22439670923177,9.859903416343279,7.461101410689294,14.773311662406954,1.7039765971197278,9.03273031094535,16.708896729038106,59.870789368701885,20.398088779112857,197.1255295145343,586.2046309779467,139.721168531381,86759.87857524148
t512,15686.760000000007,1849.439999999999,9191.538865487035,12083.200525776872,30139.619006760768,-0.0,-0.0,-0.0,-0.0,-0.0,-0.0,-0.0,-0.0,-0.0,-0.0,-0.0,461.6947213198698,1629.92206,0.0,25.11744,573.68256,130.32516,305.5052,355.46009781776417,25.907013763644137,19.694617606035592,38.86052064546621,4.49407381614235,23.792155497224208,44.01548766986477,157.689119489936,53.66452851040572,493.49063052658227,2145.811432447037,375.7683502228617,20.050978242190723,15.172804005416136,30.04282478234281,3.4651858371571214,18.36884919502707,33.97900675270576,121.7525004337051,41.48130230305564,433.4867175381401,1280.0212294325154,318.696992112364,78131.97195799215
t513,17271.540000000008,2057.279999999999,10201.901065487034,13373.540525776873,31656.396000000008,-0.0,-0.0,-0.0,683.0498106839252,-0.0,-0.0,-0.0,-0.0,15.632105730583293,1868.7580961970525,-0.0,284.47312131986985,1629.92206,0.0,25.11744,573.68256,130.32516,305.5052,355.46009781776417,11.798593152677629,8.969338672188606,17.697889729016442,2.0466947305665273,10.835442691234558,20.045568978783926,71.81490628134904,13.064528510405715,341.87019970905885,2025.3553295832885,267.3945496096575,32.250830447494394,24.40457136211405,48.32213353961828,-0.0,29.545223866328758,54.65325293954587,-0.0,-0.0,622.7407037407361,2012.7885605794954,515.0735667781345,86563.25512791482
t514,18856.320000000007,2265.119999999999,11212.263265487034,14663.880525776873,34854.53400000001,-0.0,-0.0,666.501344815573,2032.6042722574266,621.1948657473345,-0.0,1048.8108458843333,-0.0,15.632105730583293,4417.576699007257,7390.213621504536,195.86232131986986,1629.92206,0.0,25.11744,573.68256,130.32516,352.9812000000001,375.40865669069785,-0.0,-0.0,-0.0,-0.0,-0.0,-0.0,-0.0,-0.0,143.02627233841457,1208.2870569646852,120.34436526888777,42.22294796636904,31.95058646448396,63.263578077126766,-0.0,38.68075434502936,71.55231115106164,76.58584684018668,-0.0,869.8587832156776,2715.0574557888604,705.2790928846032,107414.05999552691
t515,20441.100000000006,2472.959999999999,12222.625465487034,15954.220525776873,38052.672000000006,-0.0,0.0,1333.002689631146,2026.5538251713617,600.7370633426566,-0.0,2654.744897570543,-0.0,15.632105730583293,7500.338399746844,21971.25613611241,382.3846300811125,1820.3848803925816,0.0,30.126939702469823,640.8793599999999,153.11696,447.9332000000002,491.6739486279107,7.270643556889992,-0.0,-0.0,-0.0,-0.0,-0.0,-0.0,10.265542801574483,-0.0,328.7005229339926,-0.0,56.611379334431696,42.83847664400788,84.8220834658515,2.486591327030962,51.862102544630375,95.93539115398661,66.2588364255945,29.766670934263846,1150.2309437295075,2947.945619645038,536.0020077019515,134623.3398395723
t516,22025.880000000005,2680.7999999999993,13232.987665487033,17244.560525776873,41250.810000000005,0.0,-0.0,1999.504034446719,4637.291457191663,112.73101533410981,-0.0,3080.955692201618,-0.0,15.632105730583293,7500.338399746844,30154.58000794564,568.9069388423552,2212.9444007851635,0.0,40.390339404939645,775.2729599999999,168.7749175202983,478.0113299916216,607.9392405651236,-0.0,6.034613840179639,11.907224624247071,-0.0,7.290137525049228,13.486754421341073,48.31741148546516,26.708852996963294,132.7431023559901,-0.0,111.04058414614299,44.8190077165946,33.9150544969533,67.15331189751504,-0.0,41.059023847752755,75.95167415060494,174.4519422789264,32.99755908881267,871.9281268543336,3928.004127433348,653.4531898681936,155069.572729999
t517,23610.660000000003,2888.6399999999994,14243.349865487033,18534.900525776873,44448.948000000004,-0.0,-0.0,1731.1949495690171,5117.362936179126,733.9258810814442,-0.0,3754.4313799006904,-0.0,15.632105730583293,7500.338399746844,44735.62252255351,755.4292476035979,2403.4072211777448,0.0,42.12044311425254,967.3680309355365,207.22467504059657,335.5833299916215,724.2045325023364,6.706070966983239,-0.0,-0.0,-0.0,-0.0,-0.0,-0.0,-0.0,-0.0,486.3711415185943,204.9739263719266,65.10706933095204,49.26726219506607,97.55136394721502,3.5061582991255316,59.64506687030169,110.33244970513685,-0.0,74.96933756281054,1261.7978688309595,2821.464403901061,300.0707894896863,178292.10695538067
t518,25195.440000000002,3096.4799999999996,15253.712065487032,19825.240525776873,47647.086,-0.0,-0.0,2397.69629438459,7728.100568199427,112.73101533410981,-0.0,4237.186703238982,-0.0,18.46893399170994,10583.10010048643,59316.66503716138,837.0950216000869,2795.966741570326,0.0,52.383842816722364,1101.7616309355365,231.74651668630392,478.0113299916216,840.4698244395493,-0.0,3.7830193408660064,7.464481115534268,-0.0,4.570090478898531,8.454667385962283,30.289544118477487,10.308092969071133,82.68203821558234,-0.0,163.39930779453834,85.83894010542043,64.95530534822923,128.61438509083962,7.0890151611561425,78.63768674087173,145.46531796388362,125.88698042416289,74.96933756281054,1659.9539776853135,3978.975144056263,618.1897074433516,209028.86919110187
t519,26780.22,3304.3199999999997,16264.074265487032,21115.580525776873,50845.224,-0.0,-0.0,3064.1976392001634,9633.336175785857,733.9258810814442,-0.0,4237.186703238982,-0.0,18.46893399170994,10676.414016816345,59316.66503716138,748.484221600087,2795.966741570327,0.0,57.39334251919219,1168.958430935537,254.53831668630392,430.5353299916215,956.7351163767621,5.043587462395283,-0.0,-0.0,-0.0,-0.0,-0.0,-0.0,20.75552414117565,166.37290284842302,362.1472332003077,-0.0,28.313054452159154,21.424811338798282,89.3,4.893027866732202,25.93779820617264,47.980176168927414,171.9210470845033,123.3,992.1246276432912,5272.697534328734,-0.0,219734.4360029612
t520,28365.0,3512.16,17274.436465487033,22405.920525776874,54043.362,-0.0,-0.0,3064.1976392001634,9633.336175785857,733.9258810814442,-0.0,4237.186703238982,-0.0,18.46893399170994,10676.414016816345,59316.66503716138,837.095021600087,2795.966741570326,0.0,57.3933425191922,1168.958430935537,254.53831668630392,478.0113299916216,1073.000408313975,-0.0,-0.0,-0.0,-0.0,-0.0,-0.0,-0.0,-0.0,-0.0,-0.0,-0.0,-0.0,-0.0,-0.0,-0.0,-0.0,-0.0,-0.0,-0.0,-0.0,3499.2,-0.0,223445.23697015684
t521,28365.0,3720.0,18083.8,23095.0,57241.5,-0.0,-0.0,3064.1976392001634,9633.336175785857,733.9258810814442,-0.0,4237.186703238982,-0.0,18.46893399170994,10676.414016816345,59554.47200226505,837.0950216000869,2795.966741570326,0.0,57.3933425191922,1168.958430935537,254.53831668630392,478.0113299916217,1189.2657002511878,-0.0,-0.0,-0.0,-0.0,-0.0,-0.0,-0.0,-0.0,-0.0,-0.0,-0.0,-0.0,-0.0,-0.0,-0.0,-0.0,-0.0,-0.0,-0.0,-0.0,-0.0,-0.0,225204.53023593378
t522,26799.19718067248,3442.8637413394918,16736.571362586605,21374.44572748268,52977.06581986143,-0.0,-0.0,2528.7319552248723,7055.333329078089,733.9258810814442,-0.0,4187.316005185275,-0.0,-0.0,8065.611266429169,56878.17421177144,837.0950216000869,2593.870041570326,0.0,52.1394425191922,1101.761630935537,247.92912534904312,436.3346199944145,1189.2657002511878,6.182201628484736,4.69973491145013,9.273302442727102,1.0724227314718418,-0.0,10.50343439941539,37.62942113664433,12.805989087575522,113.24781345705115,476.6573126460575,87.43333654369016,47.283801894855735,35.78019237345627,70.84636760420497,8.171529522097552,43.31703999092489,80.12859045940318,115.4245268036791,97.82034855093477,969.1659471600901,1416.3549437493557,735.022323407606,211616.45264343396
t523,25768.3485979517,3235.12129330254,15389.34272517321,19653.891454965356,48712.631639722866,-0.0,-0.0,1741.2776253387983,4999.149219745521,733.9258810814442,-0.0,2672.893186603669,-0.0,-0.0,5726.683777132199,46060.70815381825,748.4842216000868,2545.0100326511983,0.0,49.136241259596105,967.3680309355367,218.52813401178236,347.18190999720724,1064.1183002511877,8.998860149932101,6.840970216019814,13.498290224898156,2.953599640981686,9.959171873875647,28.92790236608534,66.00717803074247,22.463465448852848,183.53414431001494,530.5052461544317,96.45055694150076,37.82713806611383,65.56629316797203,129.82416806873397,14.974120169182086,79.37737487741182,146.83360554246508,354.43982342308607,179.25330260778162,1737.4782529905392,3689.6042756626193,1333.9962687955099,189373.1144342709
t524,23655.184625665326,2957.9850346420317,14042.114087759815,17933.337182448035,44448.1974595843,-0.0,-0.0,953.8232954527244,3180.6682868615917,733.9258810814442,-0.0,1346.5770081967864,-0.0,-0.0,3151.9192233720287,36154.30840026039,641.3015158720805,2294.0533237320706,0.0,40.87914000000001,775.2729599999999,166.3353426745216,305.5052,985.2553536742255,20.444755355210397,15.542186469011988,30.6671330328156,1.777195384101785,10.511536413010678,17.406060673702775,135.6753054791966,46.1728198026436,357.17465407101196,829.949468622026,256.46694871485056,59.6,45.1,89.3,18.736879865810064,99.32365443429413,183.7305695579433,486.64785587062636,224.29682402469712,2160.736122999987,4818.576044776498,1188.3535651517197,164862.83290197654
t525,21542.020653378953,2680.8487759815234,12694.88545034642,16212.782909930713,41960.00743950374,-0.0,0.0,166.36896556665076,1464.4743441145624,-0.0,-0.0,449.8187062586666,-0.0,-0.0,1712.3076370411675,28279.33660751413,622.7296101440742,1870.5795358213807,0.0,30.371339999999996,640.87936,136.93435133726078,305.5052,781.2450070972632,10.199746670388343,7.753889050448281,15.299620005582513,-0.0,19.102854967765936,-0.0,119.3,43.0875506495165,331.3,1527.6921168773738,129.22024495553944,76.57561604237574,57.945642340791046,114.7349414863113,21.67058532279782,114.87514161405446,131.39000276737494,589.7263029467301,259.41584177679323,2490.0981795471334,5804.638039431555,1057.6872424621745,144472.80945295125
t526,19428.85668109258,2403.712517321015,11347.656812933026,14492.228637413391,37695.57325936517,-0.0,-0.0,-0.0,-0.0,-0.0,-0.0,-0.0,-0.0,-0.0,977.9135794076118,21247.63506263529,671.0816879380229,1649.20244791069,0.0,25.11744,573.68256,130.32516,305.5052,702.3820605203007,-0.0,-0.0,-0.0,-0.0,8.702568904194848,15.970838565105517,57.216848072585236,38.85014962134989,149.8466410950462,794.1703953457949,-0.0,30.26008132483131,22.898148787749875,134.63935003871538,23.96639056456447,127.04513833254563,153.9022677594557,670.391537606473,286.8986365641552,2743.1238559669355,6563.004374821352,1115.2669689721558,124587.0272988801
t527,17315.692708806208,2126.576258660507,10000.428175519632,12771.67436489607,33431.1390792266,-0.0,-0.0,-0.0,-0.0,-0.0,-0.0,-0.0,-0.0,-0.0,977.9135794076118,14986.333368615402,630.8229657319716,1629.92206,0.0,25.11744,573.68256,130.32516,329.2432,498.3717139433385,-0.0,-0.0,-0.0,-0.0,-0.0,-0.0,106.46180740614905,-0.0,280.3045998701858,286.4623313725847,110.2044355865259,39.04211117512165,29.543610973120582,58.49765986473764,15.184090354128069,80.49042071217403,103.0589309397616,361.8173195329843,181.76682919067866,1936.9272681837706,3567.3817598710198,928.4143910158697,103512.80020085616
t528,15202.528736519835,1849.439999999999,9191.538865487035,12083.200525776872,33431.1390792266,-0.0,-0.0,-0.0,-0.0,-0.0,-0.0,-0.0,-0.0,-0.0,977.9135794076118,14986.333368615402,501.9534435259211,1568.2978511631236,0.0,25.86327261974304,543.6153723275628,130.32516,305.5052,364.3422058805513,4.898600041534164,3.723935745860154,7.347900062301243,0.8497571500620485,4.498714323857905,8.322621499137123,79.06143815779981,10.147100086035051,209.04135065563315,362.0103280020634,176.98865265299446,45.18128849278791,34.189196493703605,67.69612520815369,7.808175695901269,41.39091194137952,113.46257035392756,399.0953106615651,93.47068575773069,1281.7838096766359,3916.811531607944,1020.3763753719347,99050.15304018921
t529,21220.47215388613,3720.0,11011.264600000002,18337.51763199204,57241.5,-0.0,-0.0,443.13003935130536,2383.012402715898,733.9258810814442,-0.0,1868.1204385058,-0.0,2.836828261126645,-0.0,25506.567801236863,681.5898409256993,1889.8459131168802,0.0,33.84717870660883,633.6581883312998,153.31220216702076,373.114705010664,568.6495333387112,10.943397703630456,8.319215601229276,16.415096555445682,1.8983444996093648,3.45950884645911,18.59260936382113,66.60955847158742,22.668466671805948,166.8989965521062,748.6380038049404,50.119754517147335,9.065979462908555,6.86033009693248,13.583757819425063,8.311888645098131,2.762740391579793,81.50492749076805,292.04587385058375,99.50056989714557,873.2128046891353,2649.1740977474115,45.076086766288824,151998.02734807256
t530,21220.47215388613,3720.0,11011.264600000002,18337.51763199204,57241.5,-0.0,-0.0,443.13003935130536,2383.012402715898,733.9258810814442,-0.0,1868.1204385058,-0.0,2.836828261126645,-0.0,25506.567801236863,727.8540715760205,2179.855247065943,0.0,41.21829652995662,667.5804283312998,179.29059708351045,387.63251250533216,645.2879379711767,-0.0,-0.0,-0.0,-0.0,-0.0,-0.0,-0.0,-0.0,94.9080392376893,440.8857384618175,79.98207731561301,10.862741639286138,8.219960535768537,16.27588638235322,0.8316905697120704,4.408767486046506,8.155412382613498,199.43222872541068,9.956062839368755,590.0278413555172,1808.9835159698805,72.12426442674908,150642.12109542167
t531,21220.47215388613,3720.0,11011.264600000002,18337.51763199204,57241.5,-0.0,-0.0,443.13003935130536,2383.012402715898,733.9258810814442,-0.0,1868.1204385058,-0.0,2.836828261126645,285.85737691099706,26535.370151588682,863.0173595281128,2671.717791015006,0.0,53.83698435330441,768.6994683312998,228.0607920000001,449.6835200000003,721.8156820906254,1.407879003573106,1.0702753649611874,2.111818505359658,0.24422390878308975,1.2929501053222399,2.3919576948461434,8.569385975830178,2.9163207931157187,-0.0,-0.0,7.996635957052604,11.669960157866416,8.83079199865395,8.420149877129255,0.9711930989298032,5.148266330249244,9.52334980503981,34.12376529152385,11.626030009518896,-0.0,-0.0,84.38463709253763,149742.53869258205
t532,21220.47215388613,3720.0,11011.264600000002,18337.51763199204,57241.5,-0.0,-0.0,443.13003935130536,2383.012402715898,733.9258810814442,-0.0,1868.1204385058,-0.0,2.836828261126645,2486.7623890951727,29924.772374923486,1009.4699511131704,2960.9966549640685,0.0,61.1954421766522,883.4220357125428,262.7262960000001,534.5225600000003,798.2127513096146,1.7680056182050705,1.3440450873089562,2.6520084273076043,0.30669485213761416,1.6236786289638394,5.395763158429247,10.761381135299226,3.662297351996216,30.149122533330285,130.44925982639919,24.066353513408963,6.618534612779911,5.008320654972718,9.916696995322917,1.1438071562354553,6.063288420432603,11.215973085415621,40.188719402098165,13.692371103284614,19.420187587600786,57.51822067667496,99.67950917171152,156366.50467008774
t533,21220.47215388613,3720.0,11011.264600000002,18337.51763199204,57241.5,-0.0,-0.0,443.13003935130536,2383.012402715898,733.9258810814442,-0.0,1868.1204385058,-0.0,2.836828261126645,4670.279976085152,33377.91497318653,1067.6000000000001,3047.935328913133,0.0,63.3,930.9478030937856,274.6,572.0,874.5456128563221,3.9511360269070606,3.003669734740571,5.926704040360589,0.6854011475246939,3.62859431042485,6.712899474285974,24.049516735204705,8.184496055736052,68.49979159643422,298.25624032818814,54.072140932489894,7.135081795257326,5.399197801444722,10.690651079135554,1.2330762162944717,6.536501107735739,12.091329887936073,43.32527016281254,14.760999754282354,29.770575677442647,92.54450045535125,107.67145967361982,162649.03290392229
t534,21220.47215388613,3720.0,11011.264600000002,18337.51763199204,57241.5,-0.0,-0.0,443.13003935130536,2383.012402715898,733.9258810814442,-0.0,1897.3700988731205,-0.0,18.46893399170994,5875.1041172771465,34405.96417319107,1037.375206620096,2932.2903228621963,0.0,60.14432782334779,911.1958104750286,263.681904,562.05864,950.7097169145151,-0.0,-0.0,-0.0,-0.0,-0.0,-0.0,-0.0,-0.0,-0.0,-0.0,57.20193016603977,3.5078214325698456,2.65440850014933,5.255846542424283,0.6062174623400911,3.213541111045531,5.944462494791183,21.300009671929985,7.256952728789631,52.54263598559775,156.4061392490696,66.93953116685284,164388.01545756665
t535,21220.47215388613,3720.0,11011.264600000002,18337.51763199204,57241.5,-0.0,-0.0,-0.0,2383.012402715898,733.9258810814442,-0.0,1897.3700988731205,-0.0,18.46893399170994,5556.432545951185,26013.73986388222,918.7885903080062,2614.0616368112587,0.0,51.728425646695584,824.2470178562714,229.97200799999996,504.6984799999999,901.6625101763834,9.53523770087439,7.248726619542264,14.30285655131158,1.654071846070047,8.756850949782601,16.20017425709781,58.03846212828135,19.751563808954092,185.84271824409606,778.4589048056956,194.04312280005848,8.65973313483239,6.552918865452028,12.975069948666652,1.4965646189391553,7.933245455735715,14.67505111775288,52.58317821301748,17.91518616652406,167.35694221040177,486.41697832367896,150.17785220222152,156399.43819114138
t536,21220.47215388613,3720.0,11011.264600000002,18337.51763199204,57241.5,-0.0,-0.0,-0.0,33.48285390346232,733.9258810814442,-0.0,-0.0,-0.0,-0.0,2020.6057581535642,12979.838868945339,711.9399303982782,2093.4927607603213,0.0,38.05862347004337,670.1014252375143,173.47031199999995,399.9767199999999,908.6286231153224,21.686415524650407,16.48610159782097,32.52962328697561,3.761929223663846,19.916095889985066,36.84477739647237,131.99945775973436,44.92186072963298,377.37504761941534,979.491103003645,285.86723166525417,19.371839260375594,14.658891789311063,29.025255804556046,3.3478178587561858,17.746684960008515,32.82811686741502,117.62866826056924,40.076305047052195,396.7259768577237,1144.6315544719428,301.7342406077812,136362.93113842624
t537,21220.47215388613,3720.0,11011.264600000002,18337.51763199204,57241.5,-0.0,-0.0,-0.0,-0.0,-0.0,-0.0,-0.0,-0.0,-0.0,-0.0,-0.0,593.9580282218176,1690.1687053801606,0.0,28.214141735021688,583.071672618757,139.760416,342.78816000000006,859.3397840877573,14.950938855099393,7.4615516013308625,37.523551731337506,4.339458363488011,22.973603100818877,42.50116573651492,152.26393610709403,51.818238105180356,450.3738337866737,1942.1437923615508,367.80334264750707,31.054211469570173,23.49907612881904,46.5292128226949,5.366751311016323,28.448992386552543,52.625425476956174,188.56575722881587,64.2447025872148,648.8210860717041,1887.1424020129757,508.9423484670306,122347.44867228162
t538,21766.0972379732,3720.0,12021.626800000002,18337.51763199204,57241.5,0.0,-0.0,-0.0,-0.0,-0.0,-0.0,223.63359669408445,-0.0,-0.0,940.71239829355,-0.0,564.8751833471279,1488.6978600000002,0.0,23.61723,563.2387200000001,128.81486,333.13280000000003,935.0646024415091,9.245318748481852,-0.0,13.867978122722779,1.603779782899913,8.490598850646599,15.707607873696205,92.52144576892144,31.4867619297419,318.9834605491111,1701.6435050167288,242.75527075042177,40.594103692053665,30.718021417980207,61.878727042184146,7.449027365238345,39.01386441386324,-0.0,50.60794887972875,88.10273776976808,874.1359705172968,2554.3982029745775,614.9380315116766,125086.67128371926
t539,23350.8772379732,3720.0,13031.989000000001,19223.98,57241.5,-0.0,-0.0,366.6508929537533,2610.7376320203007,-0.0,-0.0,931.9131020630263,-0.0,15.632105730583293,2873.6630297091065,4438.319498937575,624.6521155402527,1488.8367346198395,0.0,24.27421826497831,610.602567381243,140.66110400000002,371.06784,1010.7395126482472,-0.0,-0.0,-0.0,-0.0,-0.0,-0.0,36.24764338658038,12.335744522172345,-0.0,1036.1224873183444,129.21384604266947,54.326686651573525,41.10962362392561,79.46921489446957,8.498325200971529,45.0493743663151,23.271659042139362,133.99422023963206,101.73237837667861,1099.0592233642606,1860.702499671058,454.9184793631225,137192.147997906
t540,24650.936241400068,3720.0,14042.351200000001,20514.32,57241.5,-0.0,-0.0,1033.1522377693263,5221.475264040601,621.1948657473345,-0.0,1121.8896457380272,-0.0,15.632105730583293,2873.6630297091065,14808.401240362702,658.9297879796447,1690.585329239679,0.0,30.178776529956618,725.0822547624861,175.2991480000001,397.6249663618301,1086.222995588523,-0.0,-0.0,-0.0,-0.0,-0.0,-0.0,56.78574645643023,-0.0,155.37010966431131,670.2032921312391,-0.0,22.71722829062154,27.54774342130031,81.84354004361603,11.513783929260057,61.0342332560776,52.84072035836669,239.94514390639114,137.83005422114226,588.4836492544073,2816.1510241083674,367.1155716288703,155917.82092963028
t541,26235.716241400067,3720.0,15052.7134,21804.66,57241.5,-0.0,-0.0,1699.6535825848994,7832.2128960609025,621.1948657473345,-0.0,1987.1146010645466,-0.0,15.632105730583293,4740.667887023403,26782.765451063515,782.0672374868514,2094.1871338595183,0.0,41.33090479493493,906.758742143729,206.22460000000004,439.9246442412201,1161.6540057033774,-0.0,6.7216908335723655,-0.0,-0.0,-0.0,-0.0,77.88656977460165,-0.0,300.8750183540334,1048.091685094958,-0.0,42.80153175339879,42.74576500135491,111.93629674203899,2.6109054472900515,13.840333730294834,65.8596486712423,-0.0,31.25481957775372,968.8293758478471,2359.1571757647425,276.1243898608045,178714.7135053588
t542,27820.496241400066,3720.0,16063.0756,23095.0,57241.5,-0.0,0.0,2366.1549274004724,9633.336175785857,733.9258810814442,-0.0,2812.0326861862354,-0.0,18.46893399170994,7506.527336547307,38124.56742978837,965.8556249912342,2460.969085955039,0.0,53.907836529956626,1102.4612304089105,251.80820000000003,529.70032212061,1237.0850158182318,-0.0,11.89403040070091,-0.0,-0.0,-0.0,-0.0,-0.0,-0.0,224.45090988640578,-0.0,79.49478588806548,3.9378182800716424,58.437149604592264,53.70593410499011,6.194525434282173,32.8369989040589,-0.0,-0.0,74.15388214048465,701.4198051513448,-0.0,590.8046020334369,197574.20296983386
t543,28365.0,3720.0,17073.4378,23095.0,57241.5,-0.0,-0.0,3032.656272216045,9633.336175785857,733.9258810814442,-0.0,4237.186703238982,-0.0,18.46893399170994,10589.289037286893,50627.720522785814,1061.0332124956171,2855.5005574340857,0.0,61.23086826497831,1230.966918674092,274.6,572.0,1312.5160259330862,-0.0,-0.0,-0.0,-0.0,-0.0,-0.0,-0.0,-0.0,-0.0,458.0994193181907,-0.0,27.69376819432237,31.313547945745082,-0.0,-0.0,-0.0,-0.0,-0.0,-0.0,-0.0,133.53568881535398,-0.0,216386.0113334622
t544,28365.0,3720.0,18083.8,23095.0,57241.5,-0.0,-0.0,3064.1976392001634,9633.336175785857,733.9258810814442,-0.0,4237.186703238982,-0.0,18.46893399170994,10676.414016816345,59554.47200226505,1067.6,3047.935328913133,0.0,63.3,1292.2758069392737,274.6,572.0,1387.9470360479409,-0.0,-0.0,-0.0,-0.0,-0.0,-0.0,-0.0,-0.0,-0.0,-0.0,-0.0,-0.0,-0.0,-0.0,-0.0,-0.0,-0.0,-0.0,-0.0,-0.0,-0.0,-0.0,226128.9595242799
t545,27316.94628827417,3720.0,17635.29742218247,23095.0,57241.5,-0.0,-0.0,2753.9519928119585,9351.320767705434,733.9258810814442,-0.0,4237.186703238982,-0.0,18.46893399170994,10676.414016816345,59554.47200226505,1043.1683115172068,3047.935328913133,0.0,60.11523173502168,1286.3878952044552,251.80820000000003,524.5239999999997,1338.2306461627954,6.507534259665172,2.2823477380049493,9.761301389497754,1.1288579838194686,-0.0,-0.0,-0.0,-0.0,13.696806860900807,475.91153941708797,86.12464530967513,41.12625759771936,-0.0,-0.0,7.107390155310561,37.67606820193754,-0.0,-0.0,-0.0,627.6459860225577,2290.033682502755,232.7004575455329,227718.35649688457
t546,25595.40256070871,3720.0,16288.068784769075,21374.44572748268,57241.5,-0.0,-0.0,2753.9519928119585,7887.383230335285,733.9258810814442,-0.0,4203.4525937330745,-0.0,2.836828261126645,8855.686765118107,59554.47200226505,930.1258230344138,2845.838628913133,0.0,51.67656347004338,1213.3031834696367,222.2329642136856,476.7333999999998,1163.36685627765,14.469700529257187,8.335219034786633,21.704550793885776,2.5100500918099202,7.312193512890626,-0.0,-0.0,-0.0,151.35105373574686,1058.5490158023194,107.58612292971533,70.37023894624872,37.26347521213973,73.7833334023077,15.617673851209435,28.188834201556816,83.4503546879404,299.0166669461944,101.87553201012925,1604.3060060712523,3471.0787641894935,-0.0,222271.17257189396
t547,25088.524895620143,3720.0,14940.84014735568,20058.07190450936,57241.5,-0.0,-0.0,2753.9519928119585,5931.963137356164,733.9258810814442,-0.0,2306.082494859954,-0.0,2.836828261126645,7022.09930445962,45194.366942787674,728.4725345516207,2441.645228913133,0.0,37.98399520506507,1073.0216717348183,169.8659284273712,381.4667999999999,863.3556663925044,11.692549888887273,8.888724150225528,17.538824833330903,3.4,14.604502872518445,19.86540363775235,71.16944906858424,-0.0,192.23242287000244,799.8526778713617,203.60835963838684,80.07279209728782,67.55408233406808,100.14466376079845,10.3,64.85994614961197,151.28519547097284,542.0803192172779,184.68776833238567,2359.4363401193523,5709.34537871265,602.0406479250724,201904.6354032782
t548,23910.756317755142,3720.0,13593.611509942286,18337.51763199204,57241.5,-0.0,-0.0,2047.6919317422987,3371.6886986784652,733.9258810814442,-0.0,1885.921389409216,-0.0,2.836828261126645,6010.017053026421,34977.1571590614,602.7953045510959,2093.7705100000003,0.0,29.545326940086763,865.5433599999998,140.29069264105684,333.6761999999999,638.7071310791005,23.403066393307842,17.79110659491259,24.868406708756158,-0.0,7.3590588459659045,6.461332188630152,142.44825615926658,24.257498473442606,382.58738323156274,1611.85561096119,102.68660313070404,42.55103210530157,22.454082334068083,133.22497974596,-0.0,18.8443311021991,188.69966259864717,676.142652420301,230.36305344963563,2771.4451187522423,3499.2,934.8986971663055,181398.49485852357
t549,22786.92663537499,3720.0,12246.382872528891,18337.51763199204,57241.5,-0.0,-0.0,1260.237601856225,2383.012402715898,733.9258810814442,-0.0,1885.921389409216,-0.0,2.836828261126645,2779.7314520548935,25506.567801236863,565.7288745505713,1689.5771100000002,0.0,26.360558675108457,697.5513599999997,128.81486,333.3616,539.2059957656968,8.565740395785673,17.710717066637507,12.848610593678512,-0.0,-0.0,26.147073323593226,141.80460040603054,48.25873240976395,238.49995176584218,1002.8448793144235,-0.0,-0.0,35.355230858412035,69.46982593717763,2.946382035493186,34.46301645539599,217.5913699369784,779.666502774183,265.63382092306375,2460.172204617527,4446.008842446445,1191.802492742465,163864.95084950584
t550,21220.47215388613,3720.0,11095.62533329481,18337.51763199204,57241.5,-0.0,-0.0,1260.237601856225,2383.012402715898,733.9258810814442,-0.0,1868.1204385058,-0.0,2.836828261126645,1107.519598508699,25506.567801236863,565.7288745505713,1487.4804100000001,0.0,23.65643094417554,596.75616,140.13082735894318,352.0797559330672,364.3422058805513,-0.0,5.853421664280011,-0.0,-0.0,10.133503718156014,38.4327230135517,137.68840406957113,46.85791454505102,175.77684367647396,754.3938476182509,146.79718065519165,-0.0,-0.0,-0.0,5.23362495651301,46.58762456099622,240.01967430814366,860.0308923971999,293.0141172494467,2702.979745269107,5170.452243427764,935.120560164074,159576.8826573001
t551,21220.47215388613,3720.0,11011.264600000002,18337.51763199204,57241.5,-0.0,-0.0,472.78327197015074,2383.012402715898,733.9258810814442,-0.0,1868.1204385058,-0.0,2.836828261126645,-0.0,25506.567801236863,565.7288745505713,1487.4804100000001,0.0,23.60457,563.15776,128.81486,333.3616,314.6258159954058,-0.0,-0.0,0.6265005414856795,-0.0,18.0,20.17120771721457,72.26501743734832,24.593124123691027,312.3065397701289,1352.4775251548583,-0.0,-0.0,-0.0,-0.0,6.745117026508229,54.6,153.84110140227153,580.044385204771,187.80799804851569,1881.7704783093511,5648.178696251435,461.71489333614943,156689.9174845192
t552,21220.47215388613,3720.0,11011.264600000002,18337.51763199204,57241.5,-0.0,-0.0,472.78327197015074,2383.012402715898,733.9258810814442,-0.0,1868.1204385058,-0.0,2.836828261126645,-0.0,25506.567801236863,615.1376740802173,1689.5771100000002,0.0,28.80660905582446,596.75616,140.29069264105684,362.11944406693283,390.0568261102603,7.176376959708314,5.45551105610479,10.76456543956247,1.2448817175004216,-0.0,12.192517997871775,43.680702617000094,14.86535227368151,108.14359185223108,473.96491126419346,-0.0,6.050240866971637,4.578286293631223,9.065209889606832,7.790712344122455,-0.0,97.82216853263498,273.7338638192151,93.2616341776989,836.7755719730071,2472.7250593552108,-0.0,150800.0366840337
t553,11459.688221709017,2080.2866217491523,8653.199538106237,10109.432225565626,40183.76327944573,-0.0,-0.0,444.17276235257685,906.337376345493,47.10397593160024,-0.0,20.36601771076448,-0.0,18.46893399170994,-0.0,9405.795293083967,-0.0,1852.8485827909444,0.0,26.997058600634517,531.6158751742212,150.34212562877508,298.6208948255099,195.02841305513016,-0.0,-0.0,-0.0,0.7322811985980582,-0.0,-0.0,73.54659599676114,-0.0,-0.0,-0.0,-0.0,10.534175329273541,12.86081090288426,15.78358820308938,3.5519385408127224,9.761409814080391,17.85153872913805,63.96506798094117,21.79301708220516,313.92192526151666,2943.278650258145,205.54614481293663,90077.19434017746
t554,13044.468221709018,2288.1266217491525,8295.394490425057,11399.772225565626,40183.76327944573,-0.0,-0.0,444.17276235257685,906.337376345493,47.10397593160024,-0.0,-0.0,-0.0,18.46893399170994,427.2893902765435,11166.045407169546,-0.0,2012.9764199007047,0.0,35.808614300317245,663.2726865307707,199.4113634284051,393.5728948255099,270.4594231699847,2.495476479425557,1.8970714052775917,-0.0,-0.0,2.291764113758164,4.239763610452604,-0.0,5.169201278810081,39.36588872303934,173.24163840385492,31.741775327307238,12.650124905667676,14.46197408904828,18.95396231671348,0.4534195294103034,-0.0,21.437292205913344,76.81342623089145,26.170476524644705,352.4385731790528,-0.0,235.03063795408383,92815.29655339509
t555,14629.248221709018,2195.872517321015,9166.084502308013,12690.112225565626,40183.76327944573,-0.0,-0.0,444.17276235257685,811.231589273211,47.10397593160024,-0.0,-0.0,-0.0,18.46893399170994,777.0940257369944,15920.098895525987,-0.0,1971.007557010465,0.0,39.36626999999997,727.7326978873202,225.68880122803515,472.7404499580617,345.89043328483916,-0.0,-0.0,-0.0,0.27336529893325884,-0.0,-0.0,9.591905930216996,-0.0,64.92121565392526,-0.0,-0.0,-0.0,15.18180672228926,4.595674649065774,0.6178158957602388,0.8714603497773282,-0.0,82.58964419031297,-0.0,-0.0,57.094224357623055,131.35022692848332,101032.76447850658
t556,16214.028221709019,2403.712517321015,9779.919532846077,13980.452225565627,40183.76327944573,-0.0,-0.0,444.17276235257685,811.231589273211,47.10397593160024,-0.0,-0.0,-0.0,18.46893399170994,1596.066344915272,20225.988865305884,-0.0,2131.135394120225,0.0,44.62016999999997,724.9959092438697,229.1744390276652,472.7404499580617,421.32144339969364,1.9704537774431667,1.4979470042807743,2.9556806661647492,0.34181341037279417,1.8096004078559693,3.347760754533543,11.993629369845394,4.08165425327513,58.15993689685502,136.82169559920058,-0.0,1.1718591920914185,0.8867592208611228,6.351497230504761,0.20251928990841625,1.9450092069617484,1.9858687651213633,89.7053462308815,2.4243328588065753,22.362438244107405,120.48263957614893,147.90345174794732,110347.2979481104
t557,17798.80822170902,2126.576258660507,9779.919532846077,14338.2153466905,40183.76327944573,-0.0,-0.0,444.17276235257685,811.231589273211,47.10397593160024,-0.0,-0.0,-0.0,18.46893399170994,2950.2218829995954,22038.59396253233,-0.0,2172.318348090169,0.0,44.62016999999997,655.0623206004192,209.86827682729523,441.0488948255099,496.75245351454817,4.390756139588554,3.337870738768849,6.586134209382829,0.7616617793163816,4.032327066969079,3.347760754533543,26.725367727189507,9.095137717719144,41.40976642953577,-0.0,31.389576466383573,1.77463185289257,1.342884170561323,7.2546448581816545,0.3066897329663334,2.4972136915211927,3.0073459252038517,10.775826636943307,3.671344084927078,34.25060566911391,-0.0,-0.0,114752.70375594248
t558,18162.146740653894,2126.576258660507,10790.281732846077,15324.371829730173,40183.76327944573,-0.0,-0.0,444.17276235257685,533.9581729872821,47.10397593160024,-0.0,-0.0,-0.0,18.46893399170994,2950.2218829995954,22038.59396253233,-0.0,2011.4046020601127,0.0,39.36626999999997,652.3255319569687,190.44773788486353,472.7404499580617,565.8968539011623,-0.0,-0.0,6.78734426807141,0.8511024776203452,4.15551689881923,-0.0,-0.0,-0.0,123.63457258073939,349.0762189483792,59.598656722553756,4.096509528473207,3.099875498894993,10.73356560364056,0.7079538279072823,4.624302971499427,6.94207151637238,24.874610710645186,8.47482592048232,82.77601265075933,135.7081426163801,33.56214752491161,117411.54440815879
t559,18984.804462672142,2334.416258660507,11800.643932846076,14344.741868973688,40183.76327944573,-0.0,-0.0,444.17276235257685,533.9581729872821,47.10397593160024,-0.0,-0.0,-0.0,18.46893399170994,2950.2218829995954,12215.81063699037,-0.0,1648.3941560300564,0.0,28.858469999999997,582.3919433135179,148.23539894243171,361.8813396929581,509.89385428777655,10.489594974629352,7.974232914386596,22.521736730015434,1.8196236180479488,13.788818406131895,17.821607788528436,63.847381656800074,21.728446733160794,183.96049193050055,1189.1432437047822,201.13287468499925,10.062496073312479,7.614405585677731,15.076860727295372,1.7389884153543378,9.218326939645324,17.052216500076515,61.100961894828615,20.81721083623202,133.40805938910947,509.5530230610572,121.95269562726881,109779.58462830988
t560,20038.89100886817,2057.279999999999,10453.415295432682,13518.72569565195,38052.672000000006,-0.0,-0.0,444.17276235257685,533.9581729872821,47.10397593160024,-0.0,-0.0,-0.0,18.46893399170994,2950.2218829995954,5879.353256322387,-0.0,1487.4804100000001,0.0,23.60457,563.15776,128.81486,393.5728948255099,460.177464402631,23.641335978929593,17.972240106431165,35.462003968394384,4.101048077977582,21.711431001057782,40.1661473519569,143.89853991256632,48.971338813497,428.32405395136226,1039.7855550387214,185.63495893309766,22.266890076564696,16.84960977270248,33.3629745610273,3.8481370434331605,20.398862385577726,37.73415935793682,135.20784427363697,46.065562859738705,297.97397682053116,1246.3990052712286,-0.0,100900.8466193225
t561,21623.67100886817,2057.279999999999,11011.264600000002,14809.06569565195,38052.672000000006,-0.0,-0.0,-0.0,-0.0,-0.0,-0.0,-0.0,-0.0,18.46893399170994,2950.2218829995954,1186.6633715116618,-0.0,1487.4804100000001,0.0,23.60457,563.15776,128.81486,472.7404499580617,535.6084745174855,27.003728389569734,20.52834454105046,40.50559258435459,4.684320230843729,24.799342398584443,45.878783437381216,164.36453045284023,8.371338813496997,331.3,2050.243479504737,379.5002707645649,35.468158113991024,26.83915991511737,53.14272683858051,6.129564237820597,32.49264149368977,60.10543573008547,215.3678929774052,-0.0,578.6783280984308,2068.0185737455304,220.8203985023371,101314.95662826904
t562,22438.278415480414,2265.119999999999,12021.626800000002,16099.40569565195,38052.672000000006,-0.0,-0.0,65.75639970702831,2123.6998327444157,-0.0,-0.0,-0.0,-0.0,18.46893399170994,3186.870825006594,-0.0,-0.0,1487.4804100000001,0.0,23.60457,563.15776,128.81486,472.7404499580617,611.0394846323401,17.89077702997062,13.952844569162544,26.836165544955925,3.103502137852046,16.430305435687302,30.396065056021506,108.89641324874972,-0.0,-0.0,1770.841311800171,229.22807585510557,13.593298578540363,36.66923909112472,41.90271517885216,8.374571233671501,44.39335819014213,47.3927685673468,215.84593636294676,-0.0,836.4456510868836,2831.5206355303762,362.7164456096898,106215.16651727977
t563,23083.231459414314,2472.959999999999,13031.989000000001,17327.69313309766,41250.810000000005,-0.0,-0.0,610.8451281035443,2925.0261588797603,621.1948657473345,-0.0,1605.9340516862094,-0.0,18.46893399170994,6269.63252574618,2695.6176849358944,-0.0,1689.5771100000002,0.0,28.858469999999997,630.35456,149.3110041135879,472.7404499580617,686.4704947471946,10.48704864040089,7.446310224282877,32.292176333791794,1.6187896027788338,8.570062602946765,15.854615815451517,56.80047047397494,-0.0,-0.0,728.6216822981424,123.14381829119327,29.00683220764032,46.57584451903951,64.99715398889623,10.63705540013541,47.62336152648626,73.51301850927794,61.720924650093394,5.447251277330363,836.4456510868836,2695.8124929139963,596.1095430734854,121023.4391338577
t564,24334.04463123479,2680.7999999999993,14042.351200000001,18618.03313309766,44448.948000000004,-0.0,-0.0,1277.3464729191173,5535.7637909000605,321.2516401425559,-0.0,2631.2526515527725,-0.0,18.46893399170994,6269.63252574618,11842.29231303945,-0.0,2093.7705100000003,0.0,39.36626999999999,697.55136,192.5989482271758,472.7404499580617,761.9015048620491,-0.0,-0.0,17.599456830844368,-0.0,-0.0,-0.0,-0.0,20.310054019739272,-0.0,-0.0,-0.0,40.809745169782445,28.527813241229936,93.9186582339579,7.673189375358334,65.3066104825934,106.22379038779114,-0.0,45.38030249139649,35.69286253536097,3353.7583281641882,888.4035600050765,140981.7187066089
t565,24885.079355369406,2888.6399999999994,15052.7134,19223.98,47647.086,-0.0,-0.0,1787.5568080742605,7022.598543765555,600.7370633426566,-0.0,4237.186703238982,-0.0,18.46893399170994,6269.63252574618,23077.98458424225,-0.0,1653.2868678479072,0.0,25.589775050067587,674.5111491804124,213.0950923407637,472.7404499580617,837.3325149769037,-0.0,-0.0,-0.0,-0.0,-0.0,15.561839959445818,-0.0,-0.0,-0.0,634.519673006592,127.4247863749683,62.71001858048524,45.1,126.73232292482633,11.457968169489856,10.706610482593401,143.3366698253915,-0.0,85.24016046808717,430.9171033991297,1034.7646128461006,244.16936842370552,159560.86090158593
t566,26038.87075878526,3096.4799999999996,16063.0756,20514.32,50845.224,-0.0,-0.0,2454.0581528898338,9633.336175785857,112.73101533410981,-0.0,2631.2526515527725,-0.0,18.46893399170994,9352.394226485767,37659.02709885012,-0.0,2259.5769678479073,0.0,41.35147505006759,876.1015491804125,256.38303645435155,472.7404499580617,912.7635250917582,-0.0,-0.0,10.485543388532568,-0.0,6.419720441958715,15.561839959445818,42.548480484759715,14.480036107973548,110.37934687365333,-0.0,97.73625703182915,85.13564032049757,-0.0,37.43232292482634,1.1579681694898554,31.2508881169,42.33666982539151,136.1716863709809,131.63410611479054,49.71254255394382,936.2103766083258,588.0543254409872,185574.8633679923
t567,26707.880097380446,3304.3199999999997,17073.4378,21804.66,54043.362,-0.0,-0.0,2980.277998451728,9633.336175785857,733.9258810814442,-0.0,4237.186703238982,-0.0,18.46893399170994,10676.414016816345,52240.06961345799,-0.0,2663.7703678479074,0.0,51.859275050067595,1010.4951491804125,256.3830364543515,472.7404499580617,988.1945352066127,-0.0,-0.0,-0.0,-0.0,-0.0,11.256124756490168,-0.0,13.723683637042067,-0.0,-0.0,190.23310432698113,25.53564032049757,19.28653747120531,38.26061544665154,4.41303851176384,54.6,43.27348443574251,290.9343894935796,184.3620455870658,515.8543504896004,-0.0,-0.0,210288.51504837855
t568,28092.464709186752,3512.16,18083.8,23095.0,57241.5,-0.0,-0.0,3064.1976392001634,9633.336175785857,733.9258810814442,-0.0,4237.186703238982,-0.0,18.46893399170994,10676.414016816345,59554.47200226505,-0.0,2865.8670678479075,0.0,57.113175050067596,1077.6919491804124,256.3830364543516,425.2644499580617,1063.6255453214671,-0.0,-0.0,-0.0,-0.0,-0.0,-0.0,-0.0,26.883076831773046,-0.0,-0.0,180.38826811573847,-0.0,-0.0,-0.0,-0.0,-0.0,-0.0,-0.0,254.8341185481841,-0.0,-0.0,517.0544057746636,224668.03115464895
t569,28365.0,3720.0,18083.8,22320.809858348388,57241.5,-0.0,-0.0,3064.1976392001634,9633.336175785857,733.9258810814442,-0.0,4237.186703238982,-0.0,18.46893399170994,10676.414016816345,59554.47200226505,-0.0,2865.8670678479075,0.0,57.113175050067596,1077.6919491804124,256.38303645435167,472.7404499580617,1063.6255453214671,-0.0,-0.0,-0.0,-0.0,-0.0,-0.0,-0.0,-0.0,-0.0,482.32658328756395,11.924734942856361,-0.0,-0.0,-0.0,-0.0,-0.0,-0.0,-0.0,131.5341185481841,-0.0,-0.0,-0.0,224068.3178713188
t570,26251.836027713627,3442.8637413394918,16736.571362586605,20600.255585831066,52977.06581986143,-0.0,-0.0,3064.1976392001634,9225.156278173068,733.9258810814442,-0.0,4237.186703238982,-0.0,18.46893399170994,8233.560962509933,50727.5740510874,88.6108,2760.260868856374,0.0,55.15640851802457,1039.8631051792204,252.96407360355533,472.7404499580617,938.4781453214673,1.9358438181043294,1.4716363719262535,10.993634182323355,1.4156126846811345,7.494420095370712,13.864677176435817,44.61022305956379,16.904080881780608,142.83718945324307,609.8042818050236,124.43866064382927,15.38025604313053,23.326222834881392,46.18695563536384,9.18129683556527,28.239728753537115,90.03019227107691,322.5933325039874,8.2341185481841,1072.0892129758918,3077.218733513188,281.6327920394092,207806.61994017812
t571,24138.672055427254,3165.7274826789835,15389.34272517321,18879.701313313744,48712.631639722866,-0.0,-0.0,2720.9160716666665,7797.371815713523,733.9258810814442,-0.0,2921.7238673573884,-0.0,18.46893399170994,4935.81700057596,45048.9552111866,177.2216,2452.5579698648407,0.0,47.94574198598154,934.8374611780283,226.753310752759,444.86467996644933,938.4781453214673,14.206754363222096,10.800032653673941,-0.0,2.1286273394592046,11.269203561842845,20.84802658940926,-0.0,42.32239558238169,256.31033401800113,1459.1071701464527,-0.0,-0.0,56.78780760761315,23.142377369398112,13.704979451935792,68.74976264691082,63.96633555369128,211.31588056402498,2.093731173862352,1045.9284218230673,5585.066484614827,429.6788264459196,189003.3400584646
t572,22025.50808314088,2888.5912240184753,14042.114087759815,17159.147040796423,44448.1974595843,-0.0,-0.0,1933.4617417805925,4712.851929111088,202.63782223683006,-0.0,1034.1615184087277,-0.0,18.46893399170994,2953.623821323985,33469.694462472304,88.6108,1942.758370873307,0.0,35.48117545393852,762.6150171768362,177.75074790196268,464.464909974837,913.825599456255,7.103060627726338,5.399775681281756,-0.0,4.296353936363001,22.745403192510004,42.078995906143504,76.06170088547735,14.713482728861702,128.28724442988502,540.0069050574057,170.48793271220842,-0.0,30.453609725774175,60.29949774970363,17.990739137458153,36.86844991191286,105.99174606221152,-0.0,29.139091511273428,1511.149793063378,7041.657302068454,800.5486104413244,159919.24444029163
t573,19912.34411085451,2611.454965357967,12694.88545034642,15438.5927682791,44448.1974595843,-0.0,-0.0,1231.627092238651,2527.4511400521483,202.63782223682998,-0.0,1034.1615184087277,-0.0,18.46893399170994,904.9654310732559,24116.218262186616,-0.0,1635.0554718817734,0.0,28.270508921895495,657.5893731756441,151.53998505116635,436.58913998322464,764.0256535910426,-0.0,-0.0,11.462322161284636,1.3255746717131887,7.0177482620110005,30.011040860057438,32.827255329979806,-0.0,-0.0,-0.0,83.66792855722909,-0.0,-0.0,-0.0,7.690739137458151,-0.0,37.79186618852657,-0.0,-0.0,1873.8309262102896,8122.116880362907,1091.9351960424747,140113.7525649989
t574,17799.180138568136,2334.3187066974588,11347.656812933026,13718.038495761779,44448.1974595843,-0.0,-0.0,444.17276235257685,906.337376345493,202.63782223682998,-0.0,1034.1615184087277,-0.0,18.46893399170994,-0.0,16194.69793230336,290.5564619919441,1529.4492728902399,0.0,26.313742389852464,619.7605291744522,148.12102220036996,361.23736999161235,489.0783077258302,-0.0,-0.0,-0.0,-0.0,-0.0,-0.0,-0.0,-0.0,189.68315057506084,818.440745220675,245.92995593028752,-0.0,-0.0,-0.0,-0.0,-0.0,-0.0,-0.0,-0.0,2150.0416157844343,5871.022337654766,1316.3797731531529,122503.88224386606
t575,15686.016166281763,2057.1824480369505,10000.428175519632,11997.484223244457,40183.76327944573,-0.0,-0.0,444.17276235257685,906.337376345493,202.63782223682998,-0.0,39.633193996713324,-0.0,18.46893399170994,-0.0,16194.69793230336,-0.0,1487.4804100000001,0.0,23.60457,563.15776,128.81486,333.3616,339.27836186061813,-0.0,7.3228161247469385,-0.0,1.670978176116751,-0.0,-0.0,58.631675414920124,-0.0,337.5107470663868,695.5111837309302,291.52552793766563,-0.0,7.581332270892562,-0.0,1.7314350862570598,0.1109740258532863,-0.0,-0.0,-0.0,2118.4329856321,6416.034237440286,1463.5973904047864,112006.18115892676
t576,13572.85219399539,1872.4466217491524,8653.199538106237,10276.929950727135,40183.76327944573,0.0,-0.0,444.17276235257685,906.337376345493,202.63782223682998,-0.0,20.36601771076448,-0.0,18.46893399170994,-0.0,9405.795293083967,277.53292045667075,1647.6082471097604,0.0,26.14929761014753,534.2328407204074,132.30049779963005,306.57869983699817,239.19480588055129,-0.0,11.690885335555569,11.792564504337658,-0.0,7.219937451635301,13.35688428552531,106.4838164138141,16.284970029799627,265.5361160023656,1173.379201972957,204.62188442816912,6.976871983740691,12.86081090288426,10.45360181456449,2.9371696740511726,6.502537957266739,11.82322265701023,42.36459682744556,14.433696570389715,1401.3640054293187,4278.548755358361,1134.2415005568855,97453.44012931525
