Line,New_Trans_Capacity,Cost_Trans_Capacity
1,-0.0,-0.0
2,800.0,1.3364e7
3,7.316519024721043,174118.5197503114
4,0.0,0.0
5,1293.36425419664,6.656945816350106e6
6,500.0,1.206e7
7,1300.0,1.16571e7
8,1600.0,2.04832e7
9,0.0,0.0
10,1284.891133318508,1.5305623180090068e7
11,755.0,2.672247e7
12,1504.6138297260645,1.6039183424879847e7
13,1200.5482789482849,7.472212488174125e6
14,1290.0,9.92139e6
15,175.0,803600.0
16,660.0,9.22548e6
17,0.0,0.0
