Status,Solve,Objval
OPTIMAL,29.067579984664917,3.6884687876218094e10
