Line,New_Trans_Capacity,Cost_Trans_Capacity
1,-0.0,-0.0
2,800.0,1.3364e7
3,600.0,1.42788e7
4,0.0,0.0
5,0.0,0.0
6,500.0,1.206e7
7,0.0,0.0
8,0.0,0.0
9,0.0,0.0
10,1462.419413205726,1.7420340050106607e7
11,755.0,2.672247e7
12,3475.0,3.70435e7
13,2518.248642752745,1.5673579552493086e7
14,1290.0,9.92139e6
15,175.0,803600.0
16,660.0,9.22548e6
17,126.23941550332381,3.918345217807668e6
