Status,Solve,Objval
OPTIMAL,1843.535798072815,4.169123579610134e10
