Resource,NENG_Rest_hydroelectric_pumped_storage_1,NY_Z_A_hydroelectric_pumped_storage_1,NY_Z_F_hydroelectric_pumped_storage_1,PJM_EMAC_hydroelectric_pumped_storage_1,PJM_Rest_hydroelectric_pumped_storage_1,NENG_Rest_battery_moderate_0,NY_Z_A_battery_moderate_0,NY_Z_B_battery_moderate_0,NY_Z_C&E_battery_moderate_0,NY_Z_D_battery_moderate_0,NY_Z_F_battery_moderate_0,NY_Z_G-I_battery_moderate_0,NY_Z_J_battery_moderate_0,NY_Z_K_battery_moderate_0,PJM_EMAC_battery_moderate_0,PJM_Rest_battery_moderate_0,NENG_Rest_conventional_hydroelectric_1,NY_Z_A_conventional_hydroelectric_1,NY_Z_B_conventional_hydroelectric_1,NY_Z_C&E_conventional_hydroelectric_1,NY_Z_D_conventional_hydroelectric_1,NY_Z_F_conventional_hydroelectric_1,PJM_EMAC_conventional_hydroelectric_1,PJM_Rest_conventional_hydroelectric_1,NY_Z_A_res_water_heat_1,NY_Z_B_res_water_heat_1,NY_Z_C&E_res_water_heat_1,NY_Z_D_res_water_heat_1,NY_Z_F_res_water_heat_1,NY_Z_G-I_res_water_heat_1,NY_Z_J_res_water_heat_1,NY_Z_K_res_water_heat_1,PJM_EMAC_res_water_heat_1,PJM_Rest_res_water_heat_1,NENG_Rest_res_water_heat_1,NY_Z_A_trans_light_duty_1,NY_Z_B_trans_light_duty_1,NY_Z_C&E_trans_light_duty_1,NY_Z_D_trans_light_duty_1,NY_Z_F_trans_light_duty_1,NY_Z_G-I_trans_light_duty_1,NY_Z_J_trans_light_duty_1,NY_Z_K_trans_light_duty_1,PJM_EMAC_trans_light_duty_1,PJM_Rest_trans_light_duty_1,NENG_Rest_trans_light_duty_1,Total
Zone,1,2,6,10,11,1,2,3,4,5,6,7,8,9,10,11,1,2,3,4,5,6,10,11,2,3,4,5,6,7,8,9,10,11,1,2,3,4,5,6,7,8,9,10,11,1,0
AnnualSum,1.9396772593803063e8,2.3214546326998364e7,1.2176126353362893e8,1.7209644300670344e8,4.3081712355878836e8,0.0,1.988992121293434e7,884686.39456841,6.320279160697238e7,905470.4309305855,0.0,0.0,0.0,0.0,2.6986134510354564e7,2.8459382184445184e7,5.519226014801243e6,1.7891430449193064e7,0.0,348316.60764974495,7.617778747786122e6,1.589017378908798e6,2.9189858302287534e6,7.130866001175453e6,60734.11377367931,45861.891951020676,83759.37073293126,10374.379310030428,52904.18295654543,105883.43680358479,398839.05126700265,96897.32163457619,867141.0350712583,4.1079669951887573e6,746507.9666614673,251988.7797780183,184004.47876355192,416399.15141123265,46633.794205092214,254089.47626576907,533005.8110177696,2.1521861060692137e6,630068.5452699166,6.455898107612316e6,1.5228658569251005e7,4.731416201408156e6,1.1626623285005016e9
t1,12753.468414087025,1502.9099307159345,7305.970900692842,8537.586855336707,38280.81070576757,-0.0,896.7865952669358,48.148911666634255,2206.2170424251094,56.36537512112761,-0.0,-0.0,-0.0,-0.0,620.2922621589912,-0.0,761.8865813430018,1780.570987154734,0.0,27.261625143613188,621.0479726724653,142.82649139874394,333.5917109903952,630.9542240572426,9.655617300061989,7.340239682189981,14.483425950092979,1.6749540214393241,8.867403642914072,16.40469673939103,58.77118081109158,20.0009215501284,-0.0,-0.0,-0.0,46.05669798976227,34.8516288479577,69.00777064573444,7.959462907626701,42.19288104431243,78.04910229808709,279.6630705116605,95.28172587479345,93.88579929910472,2740.846480292725,70.29453117997548,80201.98417658813
t2,14338.248414087026,1225.7736720554265,6545.350786789664,8730.595336692553,38280.81070576757,-0.0,1615.3623706443216,96.29782333326851,3705.846674533557,56.03065759514596,-0.0,-0.0,-0.0,-0.0,1957.152400753959,-0.0,961.1163521138456,1965.1962779378257,0.0,34.408016655510494,612.4624,180.5300259556725,331.0164,599.7097241342876,-0.0,-0.0,-0.0,0.5451221922121654,-0.0,-0.0,-0.0,-0.0,46.59413476578957,205.83109010081955,42.79297741046188,-0.0,-0.0,-0.0,3.2608463677844384,-0.0,-0.0,-0.0,13.27018439503604,126.15469162208461,577.3637581732302,97.59386085671035,82349.31470493376
t3,15923.028414087026,948.6374133949184,5198.12214937627,10020.935336692553,38280.81070576757,-0.0,2606.4593870423423,144.44673499990276,5030.941597429556,13.656688204391388,-0.0,-0.0,-0.0,-0.0,2151.1587803214006,-0.0,1021.8107856444719,2050.6635703502607,0.0,36.31949816740781,612.62432,222.56928946675436,347.2397174055749,694.1445599540583,1.1182328164897755,0.8500851513111048,1.6773492247346629,0.7391013542563101,1.0269485049395897,1.8998547341382408,6.806386479960724,2.316339405585963,-0.0,227.86561718702296,-0.0,0.8546708131925052,0.646739155620503,1.2805722083572264,3.4085495452321366,0.7829702416159527,1.4483515458463594,5.189687370710865,-0.0,141.12985892347928,-0.0,109.94575613605038,85812.55601910301
t4,17507.808414087027,1156.4774133949184,6208.484349376269,11311.275336692554,38280.81070576757,-0.0,2985.796527485227,122.51121947691816,2148.928197254471,44.806354224930736,-0.0,-0.0,-0.0,-0.0,2357.5634068888494,-0.0,1021.8107856444719,2339.6885027626954,0.0,39.82100908370388,612.8672,241.8991329778362,347.2397174055749,754.7355285183768,2.664346080888799,1.1753616142625227,2.3191698965985346,0.4621824834194854,-0.0,4.5266696170202545,16.217167727042536,5.519002596126796,24.032154176235384,188.32310285918146,20.863996076207243,1.9128531267069082,1.4474777854778786,2.8660702049484374,2.1663842528868518,1.7523788711106913,3.2415799630435864,11.615126620054195,2.1891590479249317,-0.0,57.4145815542423,-0.0,87833.23256559476
t5,19092.588414087026,1364.3174133949183,7218.846549376269,12601.615336692554,38280.81070576757,-0.0,3513.656320608325,170.6601311435524,2313.3117496660557,27.60492579816652,-0.0,-0.0,-0.0,0.0,3101.238037751541,-0.0,743.5766002005607,2427.83418517513,0.0,38.08760999999995,613.11008,238.492096488918,347.2397174055749,690.7872639739663,2.5625606870361226,3.1234307079787587,6.163010927152717,0.7127291548407906,2.353372059522969,4.353738310117492,15.597627038949458,5.308161423146252,41.253461219154616,281.40197200326895,55.53552645151398,2.4562568807077807,1.8586776060389414,3.680264084684644,0.27678416938602934,2.250195061856457,4.1624487407967425,14.91475444845882,-0.0,10.0864731310483,92.33184048933708,7.852773390687033,93342.0131955158
t6,20677.368414087025,1572.1574133949182,8229.208749376268,13891.955336692554,38280.81070576757,-0.0,3180.8915924920993,113.77342076236827,2992.1267288823638,39.2146277452831,-0.0,-0.0,-0.0,-0.0,3101.238037751541,-0.0,1021.8107856444719,2315.3441075875644,0.0,32.79572999999995,613.35296,212.37563999999986,347.2397174055749,502.23300221669206,7.150333973742895,-0.0,-0.0,1.2403640566696856,6.566633241192453,12.148271496206036,43.5221858707922,14.81140608846742,95.01286153679155,334.61486225140993,62.90692184226132,4.583724437597005,3.468556579456794,6.867895843580746,0.6444505424725899,4.199183796859002,7.767720942907676,27.83305157661671,-0.0,51.385298178433345,213.22855700398588,-0.0,98021.84924906572
t7,18564.20444180065,1651.0117920115931,8990.540200000003,14816.991593294628,38280.81070576757,-0.0,1664.680418827168,113.77342076236826,3815.239541702715,46.176244545587885,-0.0,-0.0,-0.0,-0.0,3101.238037751541,-0.0,743.6402568004617,2002.21827,0.0,32.77674,613.5958400000001,166.73712,330.9592,439.37010792496176,11.010903844530585,8.370534045076823,16.516355766795876,1.9100547485410198,10.112054551099519,18.707300919534106,67.02045044145403,-0.0,-0.0,1135.3772174947235,212.83171761188416,9.269947625170335,7.0146751324695,13.889367834357564,1.6020211499874912,8.492267455273495,15.709139431916176,56.2884906971333,11.462956884134691,-0.0,445.4665240685167,80.67785541522062,97505.69376630707
t8,16451.04046951428,1849.439999999999,10000.902400000003,16107.331593294628,38280.81070576757,-0.0,1516.2111736649313,56.88671038118413,902.9458277250619,25.452485892216846,-0.0,-0.0,-0.0,-0.0,3101.238037751541,-0.0,1021.8107856444719,1800.12157,0.0,27.52284,613.75776,143.94532,330.9592,502.23300221669206,26.045444318706853,19.799853079016945,39.06816647806028,4.518087279775679,23.919285598812415,44.25067835780297,158.53170955212897,31.14297669650799,121.53250492839743,1116.2528762544744,163.8579905674473,19.806299550807342,14.987652848010255,29.676217279984822,3.4229007612972424,18.144697239498,33.564366688448686,120.26677529257009,33.26047689136695,208.7576493962597,1066.134406081843,207.65678806958465,96237.20768506337
t9,18035.820469514278,2057.279999999999,11011.264600000002,17397.671593294628,38280.81070576757,-0.0,-0.0,-0.0,-0.0,-0.0,-0.0,-0.0,-0.0,-0.0,3698.5739130434777,-0.0,1021.8107856444719,1801.3390200000001,0.0,27.541829999999997,614.00064,144.0277,347.2397174055749,440.48989929555887,27.980146981050456,21.27062193967611,41.97022047157568,4.853698966100589,25.696053349944293,47.53769869739695,170.307731369353,17.358875889318806,119.234920702833,2102.772707893796,-0.0,30.445316691440283,23.038318503086522,45.616892291033835,5.261522851037499,27.8911793851114,51.59357358784344,184.86845823208455,47.21705235036015,438.7199474705592,1776.260498243086,383.6091344653637,100471.3754442976
t10,19620.600469514276,2265.119999999999,12021.626800000002,18688.01159329463,38280.81070576757,-0.0,1283.3211373899978,-0.0,1926.1871834643728,56.36537512112761,-0.0,-0.0,-0.0,-0.0,3698.5739130434777,-0.0,1021.8107856444719,1802.7999599999998,0.0,27.56082,607.5065579114588,144.08262000000002,347.2397174055749,446.76665897799313,18.743200371143377,14.248657425001852,28.11480055671506,3.251371492953443,17.213143197988813,31.84431491627931,114.08488797333695,-0.0,-0.0,1474.4101298522987,-0.0,40.99505530005863,31.021426074373224,61.42379930025562,7.178626313033774,37.55587280844298,69.47148633063628,248.92802874314128,70.16645592940293,657.937665307084,2467.262535471803,557.595830877041,108189.83158577593
t11,21205.380469514275,2472.959999999999,13031.989000000001,19978.35159329463,41478.94870576757,-0.0,1001.2841498436377,48.148911666634255,6058.351759286613,112.73075024225523,-0.0,-0.0,-0.0,-0.0,3698.5739130434777,-0.0,743.8673493348102,2007.8185399999998,0.0,21.05822514361317,651.190510483919,113.52804811661622,330.90199999999993,578.7322214475638,6.961532664682714,5.2921855461108365,10.442298997024068,1.207612809179655,6.393244283892287,11.827501925200735,42.373002392686075,-0.0,118.88175850522748,1065.060098567385,-0.0,51.59870585296788,39.04532942900758,77.3114837696314,8.91722601150284,47.2699553619471,87.44075991862009,313.3149605400852,96.50449054245918,-0.0,3113.230846479225,759.0692293832869,119395.95837016574
t12,22790.160469514274,2680.7999999999993,14042.351200000001,21152.814428698588,44677.08670576757,-0.0,1485.4168094232443,74.36230781028388,9280.054681904958,143.4173816881621,-0.0,-0.0,-0.0,-0.0,3698.5739130434777,721.252173913043,1021.8107856444719,2216.6038386892888,0.0,31.616665143613176,762.3141430563792,159.3038681166162,330.90199999999993,781.7695726497077,-0.0,-0.0,-0.0,-0.0,-0.0,-0.0,-0.0,-0.0,141.18960057073787,725.9384238679365,126.37551308580672,62.03097141455565,46.93954380530974,92.94237831073521,10.72011754311952,56.82703085964327,105.11959920923023,376.6612173645586,47.58573637070749,302.7361013202977,3729.26587342627,34.64411241309847,131909.5871646257
t13,24374.940469514273,2888.6399999999994,15052.7134,21152.814428698588,47875.22470576757,-0.0,2768.737946813242,122.51121947691814,12851.38305137234,199.7827568092897,-0.0,-0.0,-0.0,-0.0,5152.173913043478,2046.052173913043,1021.8107856444719,2224.509887378578,0.0,47.44799514361318,895.7362230563792,227.95386811661618,330.90199999999993,985.3391564705346,6.941878054622343,5.277244031320047,10.412817081933513,1.2042033360059168,6.375194131796028,11.794109143822652,-0.0,-0.0,251.81514970040672,673.1057436719275,230.32727975947364,61.360727212995776,46.432362370907875,91.9381365792034,10.604286749896922,56.21301519848271,103.983782693164,372.5913956104559,86.02993604719558,387.03215970008046,4198.937543952733,331.93436403652106,147162.98531028186
t14,25553.65661225185,3096.4799999999996,16063.0756,22414.979896102748,51073.36270576757,-0.0,4052.0590842032398,170.6601311435524,15129.536707573341,133.18850453952646,-0.0,-0.0,-0.0,-0.0,5152.173913043478,3370.852173913043,1021.8107856444719,2435.973576067867,0.0,63.15905514361317,1096.5979830563792,273.86698811661614,330.84479999999996,1189.4501430784978,13.614660101034072,10.349920178847329,20.421990151551103,2.361726752220196,12.50325927645986,23.13102966145074,40.615453986577506,-0.0,219.6885667950967,579.8813766645442,99.4347024626997,68.82362584510071,52.07962291298728,103.11996288536062,11.894015875915056,63.04983173057884,116.63064111334182,417.90721800909307,125.6681926585195,744.1172341156617,1829.463294128731,636.7904751416802,157813.27546009325
t15,27138.436612251848,3304.3199999999997,17073.4378,23095.0,54271.50070576757,-0.0,3621.753014608711,170.6601311435524,16816.85282966855,189.55387966065408,-0.0,-0.0,-0.0,-0.0,5152.173913043478,4695.652173913043,1021.8107856444719,2837.488586067867,0.0,57.924145143613174,1230.505823056379,273.86698811661614,347.2397174055749,1394.139815145879,13.42449490260324,10.205355818815725,20.136742353904857,2.328738911676071,12.328617767696848,22.807942870239174,-0.0,-0.0,-0.0,-0.0,199.63360445444397,30.7867825337019,23.296709601844892,46.12851812516073,5.32053456538808,28.203998764096035,52.172232146038446,186.94188924407243,170.27787755289074,-0.0,-0.0,-0.0,163516.31096025038
t16,28036.91231753109,3512.16,18083.8,22302.021035475278,57241.5,-0.0,4548.633520994794,170.6601311435524,16816.85282966855,199.7827568092897,-0.0,-0.0,-0.0,-0.0,5152.173913043478,4695.652173913043,939.620039897007,3038.3678360678673,0.0,63.15905514361317,1297.459743056379,273.8669881166161,347.2397174055749,1474.2231931244396,-0.0,-0.0,-0.0,-0.0,-0.0,-0.0,-0.0,-0.0,-0.0,-0.0,-0.0,-0.0,-0.0,-0.0,-0.0,-0.0,-0.0,-0.0,46.97787755289076,-0.0,-0.0,398.55089450468256,168639.61402344814
t17,28365.0,3720.0,18083.8,20581.466762957956,57241.5,-0.0,4548.633520994794,170.6601311435524,16816.85282966855,199.7827568092897,-0.0,-0.0,-0.0,-0.0,5152.173913043478,4695.652173913043,1021.8107856444719,3038.3678360678673,0.0,63.15905514361317,1297.459743056379,273.86698811661614,330.84479999999996,1474.2231931244396,-0.0,-0.0,-0.0,-0.0,-0.0,-0.0,-0.0,-0.0,115.51563567805881,-0.0,-0.0,-0.0,-0.0,-0.0,-0.0,-0.0,-0.0,-0.0,-0.0,436.4676950442788,-0.0,-0.0,167627.2378204064
t18,26251.836027713627,3442.8637413394918,16736.571362586605,18860.912490440634,52977.06581986143,-0.0,3997.9934675863383,113.77342076236827,14600.896485529365,133.18850453952646,-0.0,-0.0,-0.0,-0.0,4615.406313505595,4695.652173913043,1015.3090134247129,2837.7320760678676,0.0,58.2980235101316,1230.5058230563786,251.13010811661619,330.8448,1349.6054610647152,7.392317745071269,5.619670122528668,11.088476617606903,1.2823408333286896,6.788863235269532,12.559396985248632,44.99507688709196,15.312658186219057,137.55900232344595,594.9592662167237,-0.0,-0.0,-0.0,-0.0,7.604324626824118,-0.0,-0.0,-0.0,-0.0,1371.411110188766,2803.887471378211,-0.0,158520.04508836477
t19,24138.672055427254,3165.7274826789835,15389.34272517321,17140.358217923313,51074.113246183275,-0.0,2481.782293921407,113.77342076236827,12239.995684233523,133.18850453952646,-0.0,-0.0,-0.0,-0.0,2898.015009157769,4695.652173913043,920.2145025722772,2581.129584550901,0.0,48.19575187665002,1118.4095061001885,240.17718758190728,330.8448,1100.509248262265,19.747955540975124,15.012476406149457,29.621933311462683,3.4256657571079296,18.135877537630215,33.55137344461589,120.2005661244047,5.942223734912595,238.97691967693805,-0.0,184.79314810344528,37.092978326627104,28.068679908236287,55.577230949124164,14.014688330922427,33.98115128580269,62.85890622465331,225.23404121487164,76.73765482673025,2097.5754848778147,2803.887471378211,591.4646124187858,146506.00243423725
t20,22025.50808314088,2888.5912240184753,14042.114087759815,15419.80394540599,46809.67906604471,-0.0,1969.0095105684265,113.77342076236827,7587.72967295915,133.18850453952646,-0.0,-0.0,0.0,-0.0,1180.6237048099429,4695.652173913043,736.4274737526174,2123.891333033934,0.0,43.36637024316845,939.3592691439985,206.48738704719838,330.78759999999994,880.9853271214254,12.981286604784918,9.86842706180078,10.382996656452931,2.2518558396055472,6.356936728440568,11.760332947615048,119.3,32.52555236709002,122.53105953781093,499.2771056304024,374.52291773723255,58.12543824958156,43.984182299599475,87.090631471269,17.64949264646657,53.24914309441533,98.50116213435801,352.9462433309323,120.24943852639946,2499.975758239065,4132.366169739876,922.8762573215379,131715.75054242942
t21,19912.34411085451,2611.454965357967,12694.88545034642,13699.249672888669,42545.24488590614,-0.0,1317.3555398662606,56.88671038118413,3878.0501046196823,66.59425226976323,-0.0,-0.0,-0.0,-0.0,-0.0,4695.652173913043,641.1695269657342,1869.9672315169669,0.0,43.809878609686876,827.7487121878086,195.67176651248948,330.7876,787.149911891765,-0.0,-0.0,-0.0,-0.0,-0.0,-0.0,77.16763601650224,18.187128412940737,-0.0,-0.0,376.7792666556073,74.63389484941429,28.407639851974867,111.82561761833381,10.202464172947728,68.3726620600339,126.47690234548395,453.1880292953528,154.40200058612052,1714.0091048933853,2307.517204550714,1182.403071735583,112877.59511713247
t22,17799.180138568136,2334.3187066974588,11347.656812933026,11978.695400371347,38280.81070576757,-0.0,1248.2717500826107,-0.0,834.812770829169,66.59425226976323,-0.0,-0.0,-0.0,-0.0,-0.0,3130.434782608695,552.5587269657342,1819.60077,0.0,39.0184769762053,783.5778352316187,162.11926597778057,330.7876,819.0032994492409,10.820006973063096,8.225413464216333,16.23001045959464,1.8769399851231898,9.936741097711005,18.382971030765358,143.02614784744242,-0.0,174.84519996883043,776.5271488753126,277.5637245783557,87.19364143903074,37.9117433954598,130.64416410244036,12.373024405717015,79.87873863374294,84.90213044216054,529.4526650467319,180.38550317839753,1946.0819871688573,3045.481610635874,1379.3678407164202,100478.54864817362
t23,15686.016166281763,2057.1824480369505,10000.428175519632,10258.141127854025,38280.81070576757,-0.0,484.1150431638927,-0.0,-0.0,-0.0,-0.0,-0.0,-0.0,-0.0,-0.0,1565.2173913043473,552.516289232467,1821.06171,0.0,30.776638488102684,712.5721025591533,151.44094544307146,347.2397174055749,726.2905371445422,8.94276488941309,6.798326370013012,13.414147334119633,1.5512959502043118,8.212743265787532,15.193575041706932,120.29074914252088,18.52429869949854,139.42673811028263,626.1292494350678,289.6209529677639,95.43949864805768,44.151477625780515,87.42188363596895,13.798063487142809,53.451678012585724,98.8758146386659,579.5227275290615,197.44446616284418,1092.2546183971344,3528.6059457119936,1507.376356044449,91220.25636930116
t24,13572.85219399539,1780.0461893764425,8653.199538106237,8537.586855336707,38280.81070576757,-0.0,-0.0,-0.0,-0.0,-0.0,-0.0,-0.0,-0.0,-0.0,-0.0,-0.0,635.1467335133381,1809.0708292169084,0.0,25.522738488102686,708.9250898866884,128.64914544307146,330.7876,759.26657762698,14.524361903696423,11.041479202299833,21.78654285554463,2.519532166967747,13.338699707476309,24.67659445883117,88.40593750566242,30.086178229085448,225.74271662626018,1030.1437238296007,211.52800767429994,63.96445242985668,48.402630949438525,95.83935573802351,11.054259396434961,58.59830709178146,108.39613582911954,388.4015995698847,132.32914403693505,1191.342245460824,3857.3947094482482,1002.9522642912533,83854.33307515895
t25,24744.400296420572,2494.6137619949445,17939.883268672107,23095.0,57241.5,-0.0,548.8764732087525,87.69623723407848,496.24724567122803,66.59425226976323,-0.0,-0.0,-0.0,-0.0,5152.173913043478,4695.652173913043,597.9581314956812,2012.6707682416925,0.0,30.328542628320125,734.3835088306142,154.66439042266836,344.6802769309121,873.1538700718562,3.9500243874606737,0.07835780037516393,-0.0,-0.0,-0.0,-0.0,-0.0,-0.0,62.80336635870992,-0.0,-0.0,2.9513220430872655,2.233299062805968,-0.0,-0.0,-0.0,-0.0,254.1192477400461,-0.0,544.4587449632302,2625.989317491809,747.2434343688178,145554.30422526604
t26,26329.18029642057,2494.6137619949445,17939.883268672107,23095.0,57241.5,-0.0,548.8764732087525,87.69623723407848,496.24724567122803,66.59425226976323,-0.0,-0.0,-0.0,-0.0,5152.173913043478,4695.652173913043,775.1797314956812,2436.3395043458413,0.0,40.836342628320125,868.7771088306142,204.91178552306832,329.30039999999997,1157.6272485787474,3.9500243874606737,2.374040349868289,4.52973603725489,0.523847024716552,2.7733077779111577,5.130619389135642,-0.0,6.255349765732944,112.96267279735034,225.93901031790088,41.24267664066712,4.711467275554453,3.565221042407816,2.6372645848879164,0.3041861727250341,1.612482041823967,-0.0,-0.0,-0.0,-0.0,-0.0,-0.0,144378.90164943563
t27,27913.96029642057,2494.6137619949445,17939.883268672107,23095.0,57241.5,-0.0,548.8764732087525,87.69623723407848,496.24724567122803,66.59425226976323,-0.0,-0.0,-0.0,-0.0,5152.173913043478,4695.652173913043,882.6811271585789,2757.9931112827544,0.0,52.35664010265608,999.2531750644915,250.0651117594408,344.6802769309121,1316.9532270856384,-0.0,-0.0,-0.0,-0.0,-0.0,-0.0,-0.0,-0.0,-0.0,318.66079866116985,-0.0,0.8020215591412523,0.6068988643837328,-0.0,-0.0,-0.0,-0.0,-0.0,-0.0,-0.0,52.88722417035389,-0.0,146709.1372350675
t28,28365.0,2494.6137619949445,17939.883268672107,23095.0,57241.5,-0.0,548.8764732087525,87.69623723407848,496.24724567122803,66.59425226976323,-0.0,-0.0,-0.0,-0.0,5152.173913043478,4695.652173913043,901.5717228214767,2877.5500182196674,0.0,58.62303757699203,1062.5324412983687,272.42663799581317,344.6802769309121,1351.1318055925296,1.5005135395507252,1.1406965173115207,-0.0,-0.0,-0.0,-0.0,-0.0,-0.0,-0.0,207.48654021324043,-0.0,1.8024367752634818,1.363924472556762,-0.0,-0.0,-0.0,-0.0,-0.0,-0.0,-0.0,112.1542132248611,-0.0,147377.20159118593
t29,28365.0,2494.6137619949445,17939.883268672107,23095.0,57241.5,-0.0,464.941886771083,30.80952685289435,496.24724567122803,66.59425226976323,-0.0,-0.0,-0.0,-0.0,5152.173913043478,4695.652173913043,901.5717228214767,2795.0102251565804,0.0,59.63553505132799,1058.614907532246,272.42663799581317,344.6802769309121,1260.1629840994208,3.9983678651806214,3.039575570979146,-0.0,-0.0,-0.0,-0.0,-0.0,-0.0,-0.0,196.65334166537312,-0.0,2.3183894545353376,1.7543517516701965,0.773063326492898,0.08916631873322342,0.47266805852757265,0.8743493390345208,3.1329408494712188,1.0673987475540239,-0.0,148.10181867759553,-0.0,147096.79375040144
t30,28365.0,2494.6137619949445,17939.883268672107,23095.0,57241.5,-0.0,464.941886771083,30.80952685289435,496.24724567122803,66.59425226976323,-0.0,-0.0,-0.0,-0.0,5152.173913043478,4695.652173913043,901.1527368914028,2561.6508681990044,0.0,55.39413252566395,987.5005737661231,258.8359489979066,329.30039999999997,1087.6350974819134,4.426619800315579,3.3651344400358223,-0.0,-0.0,-0.0,-0.0,-0.0,-0.0,85.14933268831011,569.5383849051888,-0.0,4.318082678782436,3.2675424297497964,3.7692479728899766,0.434750886010826,2.3046017840962234,4.263091212339167,15.275373363817272,5.2043479849645475,43.58815834960225,-0.0,31.971721715501612,147000.7621772621
t31,28365.0,2494.6137619949445,17939.883268672107,23095.0,57241.5,-0.0,464.941886771083,30.80952685289435,496.24724567122803,66.59425226976323,-0.0,-0.0,-0.0,-0.0,5152.173913043478,4695.652173913043,812.122950961329,2260.3013981472454,0.0,45.898829999999904,849.1894400000002,222.45346000000004,329.30039999999997,1040.254610864406,14.90844841629086,11.333463336874171,15.722742923962914,1.8182763925671401,9.626169137120154,17.808412903672284,63.80010989213524,21.71235927594879,-0.0,-0.0,152.16105684624523,9.456567322054912,7.155892386320077,11.46835331926971,1.3227775944958347,7.012005500919668,12.970925926609638,46.477010820198295,15.834803631197708,161.71766241119423,340.0062978575102,116.47236936617479,146640.72282442226
t32,28365.0,2494.6137619949445,17939.883268672107,23095.0,57241.5,-0.0,-0.0,-0.0,-0.0,-0.0,-0.0,-0.0,-0.0,-0.0,4338.574912831311,4695.652173913043,634.4823650312553,2161.0486280954856,0.0,35.39103,714.7958400000001,176.86986000000002,344.6802769309121,867.7267242468987,15.707913384820873,11.941219869073013,39.28461300119422,4.54311851034219,24.05180387828218,44.49583717482203,159.410011259948,54.25017985879202,299.32287411699537,-0.0,385.861643542785,18.377561565936592,13.906510513821145,27.535507514062708,3.1759879887440756,16.83581982382782,31.14318319059724,111.59126729383308,38.019351360402375,394.33560954202807,1013.312262191967,296.8776324568818,146109.1987497551
t33,28365.0,2494.6137619949445,17939.883268672107,23095.0,57241.5,-0.0,-0.0,-0.0,-0.0,-0.0,-0.0,-0.0,-0.0,-0.0,4338.574912831311,4695.652173913043,545.4525791011822,2008.7925,0.0,30.13713,647.5990400000001,154.07806000000002,329.30039999999997,633.1237543171712,30.383396900300866,23.09758233747362,45.57509535045129,5.270589258215457,27.903119602317123,51.62077126428667,184.93567603091293,62.93703643633751,553.6918568674471,1123.039132961133,258.5,31.295034317653585,23.68130952560699,46.890043029638676,5.4083700246951665,28.669611975568557,53.03353131011765,190.02806912011462,64.7429149558169,649.969737474349,1775.6757679935504,391.8037326414792,148146.85996020722
t34,28365.0,2680.7999999999993,17939.883268672107,23095.0,57241.5,-0.0,149.5233530660933,48.148911666634255,178.17598123184692,-0.0,-0.0,-0.0,-0.0,-0.0,4338.574912831311,4695.652173913043,545.0335931711085,2008.7925,0.0,30.13713,647.5990400000001,154.07806000000002,329.30039999999997,523.6681843874424,17.513836481671994,13.314089978413916,26.270754722507984,3.038114491718612,16.084135544392645,29.75565075712639,106.60207613589128,36.278661283463414,355.69949678029036,546.1681654810875,-0.0,36.18602521909712,27.382378143981207,43.1207950567487,7.57640275819886,39.06768288156067,-0.0,166.59759253648917,89.62876242583621,890.4939405648261,2504.3688487778245,360.19319448119177,148286.20811344188
t35,28365.0,2888.6399999999994,17939.883268672107,23095.0,57241.5,-0.0,1019.2597500106532,96.29782333326851,2637.2792545546395,30.68663144590687,-0.0,-0.0,-0.0,-0.0,4338.574912831311,4695.652173913043,633.2254072410346,2046.8245560619469,0.0,35.39103,714.7958400000001,176.86986000000002,344.6802769309121,539.3600144577135,6.768215727234756,5.145225221214178,3.691151594434398,1.1740782383978665,6.215708320929874,2.3196388066931526,94.86065745169454,14.019875434986275,169.36095827812204,1179.9061228598039,-0.0,50.23134858826512,38.010634586086525,64.16521413169338,8.680920980857898,35.57155554506199,23.80163859540215,251.88286984021232,-0.0,928.5102698708345,3297.7702863499753,-0.0,153021.00716987444
t36,28365.0,3096.4799999999996,17939.883268672107,23095.0,57241.5,-0.0,2139.582951223262,122.51121947691816,6414.119078410624,30.68663144590687,-0.0,-0.0,-0.0,-0.0,4338.574912831311,4695.652173913043,753.4884338425096,2286.9533121238937,0.0,40.953325017201216,849.1894400000002,193.52758599860437,344.6802769309121,680.1992445279848,-0.0,-0.0,17.942153454563844,-0.0,-0.0,-0.0,-0.0,-0.0,153.80505103067975,687.4086422965318,133.77315392833307,67.63398945822294,42.55114237761547,59.454729349991524,9.717888392227037,51.51424332190255,39.41689640083206,357.5542747200401,36.002443276271805,812.8565799124788,3928.5594718856187,-0.0,159026.17251421956
t37,28365.0,3304.3199999999997,17939.883268672107,23095.0,57241.5,-0.0,3114.80711575517,122.51121947691816,10490.67302732787,87.05200656703448,-0.0,-0.0,-0.0,-0.0,4338.574912831311,4695.652173913043,871.8354783319933,2729.1787681858405,0.0,51.76952003440243,1037.901983056379,232.9771119972087,329.30039999999997,946.1858745982565,5.032726399246875,5.806867807040772,-0.0,1.3250570834858137,-0.0,-0.0,-0.0,15.82274046750707,277.19757238782756,963.1106772752606,159.84666290595442,16.550792875340367,12.52417380331964,-0.0,2.860288030469895,69.76230354016081,66.70905903690453,212.7863734609339,77.21097486805283,1022.4699936437792,4373.930523114946,317.319239776834,166594.38888722463
t38,28365.0,3512.16,17939.883268672107,23095.0,57241.5,-0.0,4094.3616185041806,170.6601311435524,14519.387119101146,143.4173816881621,-0.0,-0.0,-0.0,-0.0,4338.574912831311,4695.652173913043,901.5717228214767,2969.307524247787,0.0,57.331815051603655,1172.2955830563792,249.63483799581306,329.30039999999997,1230.6592531051479,12.266999806004652,9.3254233219117,-0.0,2.127948945939582,-0.0,-0.0,-0.0,25.410213883866778,-0.0,811.7624320071567,-0.0,36.785843186236306,27.83626724327613,-0.0,6.357284980171711,33.69978251625004,-0.0,5.524786742206231,-0.0,264.5521961518948,2032.1205101157188,-0.0,168293.46743103233
t39,28365.0,3720.0,18083.8,23095.0,57241.5,-0.0,4548.633520994794,170.6601311435524,16816.85282966855,199.7827568092897,-0.0,-0.0,-0.0,-0.0,4338.574912831311,4695.652173913043,901.5717228214767,3007.3395803097337,0.0,62.585715051603685,1239.4923830563791,272.42663799581317,344.6802769309121,1389.9852316120391,-0.0,-0.0,-0.0,-0.0,-0.0,-0.0,-0.0,-0.0,-0.0,-0.0,-0.0,-0.0,-0.0,-0.0,-0.0,-0.0,-0.0,-0.0,-0.0,-0.0,-0.0,-0.0,168493.5378731385
t40,28365.0,3720.0,18083.8,23095.0,57241.5,-0.0,4548.633520994794,170.6601311435524,16816.85282966855,199.7827568092897,-0.0,-0.0,-0.0,-0.0,4338.574912831311,4695.652173913043,812.9609228214766,3007.3395803097337,0.0,62.585715051603685,1239.4923830563791,272.42663799581317,344.6802769309121,1424.16381011893,-0.0,-0.0,-0.0,-0.0,-0.0,-0.0,-0.0,-0.0,103.192734957584,470.31137653930693,87.08429738492374,-0.0,-0.0,-0.0,-0.0,-0.0,-0.0,-0.0,-0.0,362.94724630141127,1744.0479973049125,489.1737606204964,171695.86306475403
t41,26612.477897678207,3720.0,18083.8,23095.0,57241.5,-0.0,4548.633520994794,170.6601311435524,15919.317557298471,199.7827568092897,-0.0,-0.0,-0.0,-0.0,4338.574912831311,4695.652173913043,753.1887462713539,2805.242880309733,0.0,57.331815051603684,1172.2955830563792,249.6348379958132,329.30039999999997,1333.1949886258212,7.142370666449785,5.429659333168458,10.713555999674673,1.2389826666290444,6.559319999800822,-0.0,-0.0,-0.0,227.80970468547096,545.3577500852095,186.44226173738988,13.827364419597153,29.941799716411726,59.286091234491494,6.838149380909996,36.24883069880443,-0.0,240.26468552925496,-0.0,1150.0,728.2097392822611,1110.2761905118607,169691.17465792675
t42,24499.313925391834,3442.8637413394918,18083.8,23095.0,57241.5,-0.0,4036.6657731886507,113.77342076236826,12265.620396419017,199.7827568092897,-0.0,-0.0,-0.0,-0.0,4338.574912831311,4695.652173913043,604.8057697212312,2747.965142180226,0.0,51.76952003440245,1042.1946020375863,231.44359349685988,329.30039999999997,1146.7843205463616,15.214603812530846,11.566203918709672,22.82190571879626,2.639268008296167,13.97259533803853,-0.0,-0.0,-0.0,145.64097792830992,1172.5026188765546,103.8532450723549,59.6,45.1,129.41729728702524,14.92719106446092,79.12860506015204,79.31972912996535,524.480625847418,96.8328970467795,964.7650159184118,-0.0,1850.7448589161577,163499.33808761564
t43,23323.932347965132,3165.7274826789835,18083.8,23095.0,57241.5,-0.0,2848.078555583923,113.77342076236826,7897.204444611397,133.1885045395265,-0.0,-0.0,-0.0,-0.0,4338.574912831311,4695.652173913043,545.0335931711084,2892.7841040507187,0.0,51.46112501720121,979.2904210187934,236.04414899790655,329.30039999999997,835.2262524669021,-0.0,-0.0,-0.0,-0.0,-0.0,22.618408564381976,81.0323165684916,27.5767984298471,369.2010459261488,1568.5080493498083,290.45160703249957,-0.0,-0.0,128.4663786691725,14.81751064157309,78.54719233299909,145.29791988338658,760.891588556954,177.37854971902541,1711.543047616752,2233.818341614467,2466.135043496142,160881.85568600998
t44,22007.001908807706,2888.5912240184753,17939.883268672107,23095.0,57241.5,-0.0,2111.7364166125717,113.77342076236826,3709.1205214084575,133.1885045395265,0.0,-0.0,-0.0,-0.0,4338.574912831311,4695.652173913043,545.0335931711084,2835.5063659212115,0.0,45.898829999999975,849.1894400000004,217.85290449895322,344.6802769309121,648.8155843874424,13.591698643979603,10.33246478547429,6.813118108883938,-0.0,-0.0,45.71042717889834,163.76138025353072,55.731031335233425,261.8364079567601,1124.1918975120016,377.76129089048857,21.6994490416116,-0.0,160.9791437600436,18.567583210844894,98.42621779729427,182.07047614517805,892.6538470831158,222.27019513564807,2119.8867613499247,3499.2,2810.2530638732437,155846.73580053734
t45,22007.001908807706,2771.7500206554528,17939.883268672107,23095.0,57241.5,-0.0,1477.3546825678877,113.77342076236826,378.0397320365414,66.59425226976326,-0.0,-0.0,-0.0,-0.0,4338.574912831311,4695.652173913043,545.0335931711084,2576.131927791704,0.0,35.39103,714.7958400000001,176.86986000000002,329.30039999999997,523.6681843874424,7.850031773707833,5.9676261953187115,19.91105173367352,2.302638635867006,12.190439836942971,45.644332312860854,163.52458993766675,55.650447204268815,216.55399800837415,-0.0,378.1017382755176,38.537118229387026,12.741256382024694,186.20739641890844,21.477448859067827,113.85133084515566,210.60411017144176,994.8946604900945,257.1038295459284,2433.9084952064304,4439.8178046110315,2588.4048271486486,151231.56037968874
t46,22007.001908807706,2494.6137619949445,17939.883268672107,23095.0,57241.5,-0.0,1122.9334189680546,113.77342076236826,113.3232540893145,10.228877148635625,-0.0,-0.0,-0.0,-0.0,4338.574912831311,4695.652173913043,545.0335931711084,2191.4138638958516,0.0,30.13713,647.5990400000001,154.07806000000002,329.30039999999997,523.6681843874425,-0.0,-0.0,37.53600407311176,4.34089843022381,22.981226983537816,42.51526991954495,152.31446550755902,51.83543419620197,402.87690293458235,807.8314715596674,349.8753002688227,-0.0,-0.0,206.11464302883255,23.77358144677464,126.02306281494127,233.11958506060563,835.3067112221107,284.5905429502245,2675.0199470512234,1659.33501044988,2175.065755597163,147684.1710821369
t47,22007.001908807706,2494.6137619949445,17939.883268672107,23095.0,57241.5,-0.0,548.8764732087525,87.69623723407848,113.3232540893145,10.228877148635625,-0.0,-0.0,-0.0,-0.0,4338.574912831311,4695.652173913043,545.0335931711085,2008.7925,0.0,30.13713,647.5990400000001,154.07806000000002,329.30039999999997,648.8155843874426,9.769032781847246,7.426458594363466,32.278501512209104,3.7328879299833666,19.762347864617823,36.56034354954298,130.98045001382815,44.5750735168602,336.4798078802703,-0.0,296.6450521754323,8.77462768081175,6.639860879271979,149.13065596785066,17.20096031880024,91.18178965111584,168.66961089308973,604.3716057644473,205.91052498136597,1864.667151263608,2130.1026439390203,1570.0039035082978,144670.97046612506
t48,23159.620296420573,2494.6137619949445,17939.883268672107,23095.0,57241.5,-0.0,548.8764732087525,87.69623723407848,496.24724567122803,66.59425226976323,-0.0,-0.0,-0.0,-0.0,5152.173913043478,4695.652173913043,456.4227931711085,1787.2204638958515,0.0,24.883229999999998,647.5990400000001,126.62246489960008,312.8482825944251,699.8977400410965,-0.0,-0.0,2.878501512209109,0.3328879299833667,1.7623478646178228,3.2603435495429807,11.68045001382815,3.975073516860199,5.179807880270289,417.6947972592547,216.40825095777006,-0.0,-0.0,59.83065596785066,6.900960318800241,36.581789651115834,67.66961089308973,242.4716057644473,82.61052498136597,714.667151263608,2449.010708465791,1046.0818381653576,144402.3489429858
t49,10297.454070679045,1225.7736720554265,5958.742263279448,9385.745246005401,45082.589185491444,-0.0,204.5857432964137,-0.0,1185.2656199376397,-0.0,-0.0,-0.0,-0.0,-0.0,600.3512078204245,3130.434782608695,707.677387989964,1980.639961321231,0.0,30.417005767773066,692.332941056074,143.17781671787225,540.168005663513,835.6921268904973,9.538670411461172,7.251336180141399,14.308005617191753,1.6546673162738768,8.760003439096993,16.206006362329433,58.05935612690395,19.758674423741,-0.0,707.0659462456649,-0.0,44.21313142274748,33.45658099271663,66.2455140277072,7.640859960642603,40.50397610204718,74.92493747814592,268.4686621122872,91.46777020846922,33.228659900617686,2479.9238393997975,10.670690626653595,85994.39432493549
t50,11107.675935798969,948.6374133949184,4611.513625866053,10676.085246005401,45082.589185491444,-0.0,1110.1597642639133,48.148911666634255,2553.4111161643823,56.36537512112761,-0.0,-0.0,-0.0,-0.0,935.981438152886,3130.434782608695,895.6617652890229,2005.26366033778,0.0,30.54225,708.8048,143.20389999999998,516.4014056635131,1044.0636628246473,5.91622934579892,4.497541696551217,8.874344018698373,1.0262846824345062,5.433271848182678,10.051552919137956,36.010518416010754,12.255046502012046,33.61618201987995,-0.0,27.628742154871105,30.536658427105763,23.107437836618622,45.75375163658632,5.277308419449488,27.974858223489505,51.74836411304839,185.42309873774462,63.173993021176884,66.06948479208344,1534.3881598480395,37.040247578600265,87820.74731488689
t51,12692.45593579897,1066.186126464454,5136.114592390182,11966.425246005401,45082.589185491444,-0.0,1637.5202057828837,96.29782333326851,2263.8182701254514,112.73075024225523,-0.0,-0.0,-0.0,-0.0,1342.8691901841396,3130.434782608695,994.7613234874916,2054.245477813647,0.0,35.92139423222693,709.04768,159.36149608377494,540.168005663513,1172.333700249089,-0.0,-0.0,4.704280709898995,-0.0,2.8801718632034676,-0.0,-0.0,-0.0,-0.0,-0.0,-0.0,-0.0,-0.0,-0.0,-0.0,-0.0,-0.0,-0.0,-0.0,81.25260446701722,-0.0,48.98048345594137,90331.09872645297
t52,14277.23593579897,1274.026126464454,6146.476792390182,13256.765246005401,45039.31676558677,-0.0,1975.884173469803,144.44673499990276,2216.0687919880575,169.09612536338284,-0.0,-0.0,-0.0,-0.0,1743.441553876684,3130.434782608695,994.7613234874916,2305.323995289514,0.0,41.33692127999109,776.7302400000001,198.25597216754988,540.168005663513,1272.5674878935547,1.5901652770376502,1.20885013407454,2.3533413749154093,0.2758449970371434,-0.0,2.7016583533343748,9.678914160744473,3.293913788149418,27.29566285568354,124.09475855493682,21.663298536563538,0.987431696239285,0.7472008305434858,1.479490779767922,0.1706467528735677,0.9045934666890096,1.6733322369155672,5.995831054848947,2.0427907407097963,100.4585903880345,58.61431145422218,63.90419170753347,95933.47179347479
t53,15862.01593579897,1481.8661264644538,7156.838992390181,14487.007324644972,45039.31676558677,-0.0,2591.914391756082,122.51121947691816,2256.483950283548,143.41738168816212,-0.0,-0.0,-0.0,-0.0,1743.441553876684,3130.434782608695,994.7613234874916,2354.0623227653814,0.0,52.00634832775525,777.53984,239.51736816754985,540.168005663513,1247.30632450433,1.966668906880119,2.7039198643048343,3.6537245666027047,0.34115685119349004,1.8061245063184763,6.042988690023556,21.649506027621932,4.073814164251676,62.06332630416857,128.2097828325049,48.61060607870158,-0.0,-0.0,2.2447425319947616,-0.0,1.3724853555085557,-0.0,-0.0,-0.0,-0.0,94.22324090619634,-0.0,100599.57204507774
t54,17446.79593579897,1689.7061264644537,8167.201192390181,14741.880290419418,45039.31676558677,-0.0,3317.7567454265054,170.6601311435524,2222.276560302245,199.78275680928974,-0.0,-0.0,-0.0,-0.0,1743.441553876684,3130.434782608695,994.7613234874916,2200.703950241248,0.0,57.421875375519406,800.7784738767523,257.9595041675498,492.74920566351295,1096.606039254462,5.3695811604603,2.5869077846094233,5.104368380370271,0.9314579564063786,3.1251234981858795,5.781478471643879,20.71262407408753,11.12270383238205,-0.0,427.5982561100179,47.24269267550443,-0.0,-0.0,3.7445930831086334,-0.0,2.28952723782454,-0.0,-0.0,-0.0,42.312811471968175,220.7429918110904,-0.0,104568.89833044098
t55,19031.57593579897,1897.5461264644537,9177.56339239018,14741.880290419418,45039.31676558677,-0.0,1801.5455717615741,170.6601311435524,2691.0191832900364,133.1885045395265,-0.0,-0.0,0.0,-0.0,1649.303770581224,3130.434782608695,994.7613234874916,1996.0299401206237,0.0,57.58350242328356,757.0631877535044,253.5549201675498,397.9116056635129,820.408238292496,-0.0,11.067662295408365,21.838206139933284,-0.0,13.37033028975507,24.73511103604688,88.61557797598778,-0.0,223.53616907018483,-0.0,205.54248261526666,5.060945122529476,3.8296749165449566,11.327519248240884,0.8746264221821076,6.925896427255906,-0.0,30.73080603764123,-0.0,157.21719064275754,504.12075280146905,79.6690980066059,106129.80922154067
t56,18209.16822653534,2105.386126464454,10187.92559239018,14741.880290419418,45039.31676558677,-0.0,285.3343980966429,113.77342076236827,1854.485939085553,66.59425226976323,0.0,0.0,-0.0,-0.0,1349.8608441273113,1565.2173913043478,782.4893781075878,1993.45263,0.0,62.837402423283564,780.7875816302566,271.8872161675498,347.5042028317565,570.4813913016844,16.51523000409094,12.55494525821199,24.7728450061364,-0.0,-0.0,-0.0,100.52382344326782,13.377974759275748,533.7975138889994,1403.6114321663572,189.57478809119806,15.400040581953082,11.6533864135249,26.81881496177323,2.661416409297261,16.397618106526526,17.52095035909034,93.51132024511443,21.389437418572662,377.6477631735704,1165.9354114869889,247.99974259407023,104620.04750387231
t57,19793.94822653534,2313.226126464454,11198.28779239018,15352.96,45039.31676558677,-0.0,1166.634829177709,161.92233242900252,2562.5276769802276,-0.0,-0.0,-0.0,-0.0,-0.0,2361.6386717194046,-0.0,994.7613234874916,2192.7285298793768,0.0,62.837402423283564,737.5580555070089,267.40025216754975,344.63,445.3339913016844,24.914049064241524,18.939761788632588,37.37107359636229,2.2796769906025234,12.06887818554277,22.327424643254126,151.64520680428643,-0.0,536.9760326478408,2472.17132025555,122.76353573004704,27.841230085656814,21.067776457434938,45.45972473829577,4.811487749702437,25.725987281049704,34.77672483943539,169.0560598657584,47.12767006633558,621.6334779257197,1918.0482392711567,449.0100426091526,111761.72735664554
t58,20552.35462295084,2472.959999999999,12208.64999239018,16643.3,45039.31676558677,-0.0,2449.955966567707,122.51121947691816,4492.117568507044,56.36537512112761,-0.0,-0.0,-0.0,-0.0,2540.998943023266,-0.0,782.9699365427253,2594.1011297587534,0.0,62.83740242328358,761.7682093837612,240.0665681675497,385.4120595792228,445.0626714165389,12.72906109436607,9.676684199288491,19.093591641549104,-0.0,-0.0,-0.0,77.47841778356491,15.359667776686559,351.2376954386752,1664.3198038640521,160.86224666489352,0.33352535842103315,18.369733081334914,0.4997284313254653,0.05763944952578015,20.17009267437679,37.31097729142958,179.83243213546433,13.666530700016239,847.8523129617026,2458.8532853171996,638.285487451339,118376.73734421092
t59,22137.134622950838,2680.7999999999993,13219.012192390179,17933.64,45039.31676558677,-0.0,2081.720911270816,170.6601311435524,8624.282144329285,30.338780334618065,-0.0,-0.0,-0.0,-0.0,2540.998943023266,-0.0,994.7613234874916,2793.37702963813,0.0,57.58350242328358,853.4180432605135,235.46976416754967,445.559205663513,525.4330212404285,-0.0,-0.0,-0.0,-0.0,-0.0,-0.0,-0.0,-0.0,133.4818916012071,1120.9998213516874,-0.0,13.702922970713853,28.486508791308175,20.531392974576285,2.36812259393209,32.41789652724907,59.967171231724464,261.0133884423229,28.348496682701615,722.1382819449182,3221.7273538118898,848.6618509714017,126857.35148080585
t60,23721.914622950837,2888.6399999999994,14042.351200000001,19223.98,45282.5241974495,-0.0,1981.9912462147972,170.6601311435524,11671.138588328742,30.686631445906876,-0.0,-0.0,-0.0,-0.0,3242.8455758911414,721.252173913043,994.7613234874916,2790.312739517506,0.0,52.33593242328358,1012.5885171372659,253.63730016754963,492.863605663513,730.6616138820824,-0.0,-0.0,-0.0,1.4072876731153938,7.450346504728555,13.783141033747825,-0.0,13.019397113244224,-0.0,1097.0975122665354,114.5085898921674,30.317573561588553,41.05900445655061,45.42549193036673,5.23944643765708,47.638700592043676,88.12287105854233,-0.0,62.720752015836695,1029.0511508317238,3127.8955879826513,381.202909750444,135411.08516271715
t61,25306.694622950836,3096.4799999999996,15052.7134,20514.32,48336.89524364553,-0.0,3265.3123836047953,170.6601311435524,13813.04788671915,87.05200656703448,-0.0,-0.0,-0.0,-0.0,3429.981124638166,2046.052173913043,994.7613234874916,2585.1517493968827,0.0,52.34226242328358,1104.8050710140183,248.9581161675496,492.749205663513,935.5400908116383,-0.0,-0.0,-0.0,2.4934880026968376,13.200818837806786,24.421514849942547,40.286346827797146,25.989906931187345,105.82210687659695,1061.37935716406,184.94590221967655,49.31553203735612,45.91276240842415,73.89055387476344,8.522650670885369,65.04287060507907,120.31739800573234,113.57941702149313,102.02357550681222,1029.0511508317238,4160.319753183709,678.6748400820675,149438.7067380843
t62,26891.474622950835,3304.3199999999997,16063.0756,21804.66,51535.03324364553,-0.0,4548.633520994794,170.6601311435524,15532.571274812835,143.4173816881621,-0.0,-0.0,-0.0,-0.0,4883.581124638166,3370.852173913043,728.2953441529444,2582.0874592762593,0.0,57.589832423283575,1130.0677048907705,249.04049616754958,540.168005663513,1140.1469509800916,7.345437729626969,-0.0,11.01815659444045,2.3604089153330605,12.49628249293973,23.1181226119385,44.70973067063761,28.18605940074184,208.64836450326163,995.7162553034414,173.95373290991296,8.926903895248458,15.350226683439999,13.375377816202807,1.5427367469976359,28.04255019301399,51.873581858872036,230.2337035210105,18.467906883961973,755.5909786018566,1755.8074844035962,978.4,160040.83886907782
t63,28365.0,3512.16,17073.4378,23095.0,54733.17124364553,-0.0,4354.51842323765,170.6601311435524,16816.85282966855,199.7827568092897,-0.0,-0.0,-0.0,-0.0,5152.173913043478,4695.652173913043,905.9370034874917,2781.1198691556356,0.0,57.58350242328357,1222.770018767523,271.8872161675498,540.168005663513,1344.4707564165387,-0.0,-0.0,-0.0,-0.0,-0.0,-0.0,81.18714725909817,-0.0,-0.0,-0.0,-0.0,30.61054929493835,23.16335189935771,45.86446396036904,5.290078149964178,28.04255019301399,51.873581858872036,-0.0,63.32685785345466,-0.0,-0.0,-0.0,165621.7042240117
t64,28365.0,3720.0,18083.8,23095.0,57241.5,-0.0,4548.633520994794,170.6601311435524,16816.85282966855,199.7827568092897,-0.0,-0.0,-0.0,-0.0,5152.173913043478,4695.652173913043,994.7613234874916,2983.216569155641,0.0,62.837402423283564,1289.7239387675231,271.8872161675498,540.168005663513,1473.6462503430369,-0.0,-0.0,-0.0,-0.0,-0.0,-0.0,-0.0,-0.0,-0.0,-0.0,-0.0,-0.0,-0.0,-0.0,-0.0,-0.0,-0.0,-0.0,-0.0,-0.0,-0.0,-0.0,169705.29603158077
t65,26251.836027713627,3442.8637413394918,16736.571362586605,21429.625153626654,57241.5,-0.0,4548.633520994794,170.6601311435524,16816.85282966855,199.7827568092897,-0.0,-0.0,-0.0,-0.0,5152.173913043478,4695.652173913043,994.7613234874916,2983.216569155641,0.0,62.837402423283564,1289.7239387675231,271.8872161675498,540.168005663513,1477.4030243843895,-0.0,-0.0,-0.0,-0.0,-0.0,-0.0,-0.0,-0.0,-0.0,-0.0,-0.0,-0.0,-0.0,-0.0,-0.0,-0.0,-0.0,-0.0,-0.0,-0.0,-0.0,-0.0,164306.1490908885
t66,24138.672055427254,3165.7274826789835,15389.34272517321,19709.070881109332,53611.45754576858,-0.0,4105.014885018449,170.6601311435524,15135.949632396345,199.7827568092897,-0.0,-0.0,-0.0,-0.0,5152.173913043478,3130.434782608695,994.7613234874916,2790.992669577821,0.0,62.837402423283564,1260.173538767523,271.8872161675498,540.168005663513,1394.742743136142,6.733014527185383,5.118465125258275,10.099521790778072,1.167971907777056,6.183380688231474,11.439254273228228,40.98207311700083,13.946958663455433,115.79679493080049,-0.0,91.56956284032002,44.01495929373845,33.30662188167122,-0.0,-0.0,-0.0,-0.0,-0.0,-0.0,215.91395391369497,-0.0,-0.0,151820.12222335362
t67,22025.50808314088,2888.5912240184753,14042.114087759815,17988.51660859201,53611.45754576858,-0.0,3838.104185065898,170.6601311435524,12899.220110928301,199.7827568092897,-0.0,-0.0,-0.0,-0.0,3721.1455127722184,3130.434782608695,931.8013270414652,2396.6720700000005,0.0,57.58983242328355,1163.669218767523,260.2340688726649,492.74920566351295,1186.655074874112,17.66094980087609,13.425926124135392,22.871987367490874,3.063634149131566,14.003257571933188,-0.0,-0.0,-0.0,300.184715715285,782.2498200094874,-0.0,79.60470405051936,60.23778779661785,53.32490279833114,6.150576694544354,32.6040279147691,60.3114802086388,216.1061850248156,73.62777732401153,901.210496970949,2047.223464508746,551.1464583723863,146239.91397865294
t68,19912.34411085451,2611.454965357967,12694.88545034642,16267.962336074688,49347.02336563001,-0.0,3348.8182085407434,113.77342076236827,9723.132529144661,199.7827568092897,-0.0,-0.0,-0.0,-0.0,2003.7542084243923,3130.434782608695,780.0239912608915,2093.52702,0.0,47.08836242328354,1067.488738767523,225.76166157778002,492.86360566351294,853.0724555783913,-0.0,-0.0,11.085880907118643,2.0369808855351845,6.787274024766516,19.95043043774166,71.47406460127868,24.32394822139073,312.5604360382364,209.32895528669155,-0.0,99.67358936473144,75.42414228774143,83.39455814328313,9.618857210255504,50.989281910674805,94.32083283842775,337.96741984383164,115.14612563344694,1274.8988654580103,3229.388761043928,861.4905689952778,131803.0529429575
t69,17799.180138568136,2334.3187066974588,11347.656812933026,14547.408063557366,45082.589185491444,-0.0,2765.1971685406234,113.77342076236827,6518.768509237569,133.1885045395265,-0.0,-0.0,-0.0,-0.0,719.2501515409251,3130.434782608695,593.0465281510103,1992.4786700000002,0.0,41.84079242328353,978.7888490835154,214.02613428289513,445.55920566351296,644.3538846747074,8.34697182802307,6.345402052935906,-0.0,3.4849249781514313,-0.0,40.6939734919236,145.78952064824284,49.6148745877507,391.3444884984473,608.3655244488322,171.2553508157253,115.10428892099232,87.10072869692542,106.51471704217735,12.28557206645495,65.12545969208158,120.47017269048057,431.6649059077714,147.06903260134905,1562.336230695327,4096.020844802526,1100.9716608718659,118671.76415409404
t70,15686.016166281763,2057.1824480369505,10000.428175519632,12826.853791040045,45082.589185491444,-0.0,1877.7821288154526,113.77342076236826,3637.8328561817707,133.1885045395265,-0.0,-0.0,-0.0,-0.0,-0.0,3130.434782608695,494.4128266059913,2093.5270200000004,0.0,35.834129999999995,883.0941290835154,179.44388698801023,408.0649044651298,560.4328949348826,-0.0,-0.0,16.879542257965394,3.4,10.33441362732575,39.86220826473458,142.80965303251762,48.600770436883614,380.6335789737899,-0.0,327.1686397774422,67.69330963104827,51.22429973758856,124.77779673023099,14.392063900575359,76.29191155062277,141.12606349107875,505.6784393804098,172.28558047970307,1785.7205651090103,4771.768748011464,1287.812946849248,109169.35178259682
t71,13572.85219399539,1780.0461893764425,8653.199538106237,11106.299518522723,45082.589185491444,-0.0,1516.2111736649313,56.88671038118413,1037.2495058910022,66.59425226976323,0.0,-0.0,-0.0,-0.0,-0.0,3130.434782608695,484.1764050609723,1992.4786700000002,0.0,30.580229999999997,787.6422890835154,149.46117349400515,418.1610032667468,601.3815859837256,9.157692615668065,6.961715304768068,13.736538923502096,1.588579331289358,8.410125871531895,34.677398072886646,124.23464234520651,42.27935020297892,326.20087162393173,647.6411468289889,282.50292478480094,75.76615052693396,57.333110549743665,83.54861024066817,9.636625817232726,51.08347277872881,154.80654890189174,554.697921263313,188.9866087089431,1715.3957883303822,2028.340893792797,1411.2393428848106,98294.47046689778
t72,11459.688221709017,1502.9099307159345,7305.970900692842,9385.745246005401,45082.589185491444,-0.0,-0.0,-0.0,-0.0,-0.0,-0.0,-0.0,-0.0,-0.0,-0.0,3130.434782608695,562.3442441814059,1766.975720983451,0.0,25.32633,717.4182645417577,126.66937349400516,467.0670032667468,767.0671058304248,14.816574042174395,11.26362006267339,22.22486106326159,2.5702220277241294,13.607057793833626,25.173056918592202,90.1845552669084,30.691474801646955,234.136693104478,1060.908669125282,204.35831801573084,61.35957206590455,46.43148825792442,91.9364057967328,10.604087118772098,56.2119569597045,103.98182514524096,372.5843813867594,126.94018851889317,1130.2680171646732,2339.165499816532,945.2274979648845,89294.85233193944
t73,15984.581345140485,2370.2631513024085,10338.005949653583,11154.345927094326,39961.1140633919,-0.0,1516.2111736649313,128.17964796842293,7014.143637704217,96.80515232167245,-0.0,-0.0,-0.0,-0.0,329.8964996950481,1129.916247224155,203.87140505649114,1995.7673878183148,0.0,30.9913172175579,746.7192346096504,147.53898015675676,342.76382497666884,809.2909423822823,4.034934665660982,3.0673738019565624,6.052401998491471,0.6999376460840478,3.70555224397437,6.855271651352585,24.559576817007915,-0.0,64.193987846044,771.5074181722407,158.75639630366533,2.9585220351517627,2.2387473789487333,4.4328190895814155,8.135376963198105,2.7103238778403735,45.9984697366918,285.8439731049897,36.41836302098752,265.00332970624083,2680.9404028611534,680.9635992879437,99359.48266558808
t74,17569.361345140485,2093.1268926419,8990.777312240189,12444.685927094326,39961.1140633919,-0.0,-0.0,160.2344590978676,9438.88795143355,30.21090005190922,-0.0,-0.0,-0.0,-0.0,329.8964996950481,1224.333804550545,115.26060505649114,2195.355820254652,0.0,42.03998854620029,750.98496,193.12258015675675,543.5930249766689,1068.4493055666944,-0.0,-0.0,-0.0,1.0823708191583448,-0.0,-0.0,-0.0,4.566702007887192,-0.0,-0.0,-0.0,4.7889392217331235,3.6238449479893267,7.175373699677312,5.6557962250152,4.387182575614573,-0.0,-0.0,-0.0,163.1362626218098,1469.3281893973176,-0.0,98815.18010141136
t75,19154.141345140484,1895.7407234597217,10001.139512240188,13735.025927094326,39961.1140633919,-0.0,1283.3211373899978,170.6601311435524,7599.475947588057,-0.0,-0.0,0.0,-0.0,-0.0,656.4237540846375,2549.133804550545,480.70067414218335,2192.847552690989,0.0,47.83475987484269,750.98496,220.48993612540542,-0.0,1205.5253338094005,0.6850003258607825,0.5207400436390642,1.0275004887911736,0.5012597602134123,0.6290819319129634,1.1638015740389824,-0.0,-0.0,10.951223925535528,56.5198943889233,9.371046470866782,5.6308305040518025,4.260913686790878,8.436798053889696,3.5040728026995542,5.158445394651484,1.4266949582917219,5.112088172334397,1.7416979045284091,178.28138280975455,307.01423324818643,12.900444801629508,102519.39671397282
t76,20738.921345140483,2103.580723459722,8653.910874826794,14211.888307557554,39961.1140633919,-0.0,1983.0850971466043,170.6601311435524,6345.410167575122,56.36537512112761,-0.0,-0.0,-0.0,-0.0,1500.299547010389,3873.9338045505447,292.4822050564911,2392.4359851273257,0.0,48.88421990613202,783.965346421262,225.0654920940541,200.82920000000001,1217.4539620521068,1.8496193292400083,-0.0,2.7744289938600115,-0.0,1.6986299962408236,-0.0,7.088726893017428,-0.0,-0.0,-0.0,-0.0,6.680995284304182,5.055585357753668,10.010283202824889,1.1546015340324334,6.12050910273504,3.2063366161019626,11.488843775913864,3.9142703442116042,-0.0,57.52049987472346,28.897805007503912,104907.74698289362
t77,22323.701345140482,1826.4444647992138,7306.682237413399,15398.152445146894,39134.172035860196,-0.0,771.9252584279739,113.77342076236827,8560.567420759502,77.041655647606,-0.0,-0.0,-0.0,-0.0,1500.299547010389,3873.9338045505447,203.87140505649114,2389.9277175636626,0.0,44.679779937421344,859.6885932106311,206.84924806270274,-0.0,1104.2351902948133,-0.0,-0.0,3.6903060946870863,0.4267700925828604,-0.0,-0.0,14.974609425039775,5.096136987901215,40.19430002838356,174.26295983822334,32.72048935814555,2.436556660435854,1.843770224591561,3.6507468083376136,1.24870146956947,2.2321475446274777,4.129064139329216,14.79513180221033,5.040728795834578,-0.0,92.3989883696272,37.01431229854993,106132.10128958238
t78,20210.53737285411,1549.3082061387058,8317.044437413399,15427.639297952288,34869.73785572163,-0.0,2055.2463958179715,113.77342076236826,5356.973438760842,133.18850453952646,-0.0,-0.0,-0.0,-0.0,1500.299547010389,2308.716413246197,292.4822050564911,2185.32275,0.0,35.22143996871067,868.21504,165.84120403135137,-0.0,865.8690185375194,4.592275711985458,3.4910667402338427,10.578719662665272,-0.0,4.21739606202746,7.802182714750802,42.92657332503289,14.608708105585377,117.2189400661687,515.6758124233688,59.17049664658315,4.590874990635437,3.4739674845244672,6.878609675566183,0.6478948354976948,4.205734471286828,7.779838490841933,27.87647079045243,5.583294862925132,-0.0,212.85983837984548,31.127062953340946,97340.72230620483
t79,19576.522271998714,1433.759999999999,6969.815800000004,14029.238455031458,30605.30367558306,-0.0,539.0352221530404,56.88671038118413,4703.6377866096645,66.59425226976323,-0.0,-0.0,-0.0,-0.0,1500.299547010389,1565.2173913043478,203.87140505649114,1983.22605,0.0,31.017,809.6,147.62496000000002,200.82920000000001,625.7370000000001,17.0857685708513,12.98867100539206,25.628652856276943,2.1672385571501973,15.69101195282262,29.028372112721847,103.99654033176326,1.5020954458044358,-0.0,888.679366908173,213.34614193794658,10.606667881593609,8.0261866016757,15.892205399770287,1.687536895512278,9.716846750587436,17.97438684632474,64.40525346222697,18.028718746400678,43.09145656981656,545.6123557516811,114.429249794259,87207.80145177688
t80,21161.302271998713,1641.599999999999,7980.1780000000035,14117.631899358947,26340.869495444495,-0.0,-0.0,-0.0,-2.634020481720543e-13,-0.0,-0.0,-0.0,-0.0,-0.0,1500.299547010389,-0.0,292.4822050564911,1983.22605,0.0,31.017,750.98496,147.62496000000002,-0.0,510.7523814624808,31.368343333305084,23.846342636032947,47.052514999957616,5.441447312920269,28.807662244872013,53.29417515301323,190.9307836562906,-0.0,314.7478305133836,2238.55883478331,250.5679771779666,21.832208003634065,16.52068088865598,32.71168078396849,3.7730158127085724,20.000646929503695,36.997533697433575,132.56839054555653,42.99372364837185,269.0129203475424,1208.0792599503466,294.16759012257296,81721.24233287285
t81,21912.59738380319,1849.439999999999,8990.540200000003,14521.474683508946,28458.25800000001,-0.0,468.2062973782972,-0.0,-0.0,-0.0,-0.0,-0.0,-0.0,-0.0,1500.299547010389,-0.0,203.87140505649114,1983.22605,0.0,31.017,750.98496,147.62496000000002,200.82920000000001,520.9151629249616,34.42912459874643,26.17316104700621,51.64368689811963,5.972399165088666,31.61858381517529,58.494380058074285,209.56094717502285,-0.0,568.2378532509067,2484.799279140522,471.0072413408885,34.40410295093271,26.033977233004457,51.548429421447835,5.945675509976628,31.51785270337125,58.30225500074169,208.90679291849915,71.17493110486583,518.8412550608928,1911.2941360156547,510.6421398962252,88909.83305398743
t82,20001.993715583147,2057.279999999999,10000.902400000003,15811.814683508946,31656.396000000008,-0.0,690.4921654012567,47.38965018170193,887.5958862689255,56.36537512112761,-0.0,-0.0,-0.0,-0.0,1761.3586669399433,1324.8,115.26060505649114,1781.12935,0.0,31.017,750.98496,147.62496000000002,-0.0,250.2948,23.84234997359043,18.12505176563762,35.763524960385645,4.135917852561605,21.89603569003203,40.50766602655925,145.12205876782338,17.168157116372434,385.1645276507143,1700.2787167490787,330.5116524283458,46.829213363201035,35.43620004497261,70.1652475391586,8.18706801676138,42.900588081053314,79.35823069938434,284.35389792185333,55.01263426101436,750.814076065857,2146.0803677537947,717.642153239573,94331.99555402927
t83,21586.773715583146,2265.119999999999,11011.264600000002,17102.154683508947,34854.53400000001,-0.0,1973.8133027912545,95.53856184833619,3380.9034176842215,112.73075024225523,-0.0,-0.0,-0.0,-0.0,1761.3586669399433,2396.471890501256,480.70067414218335,1983.22605,0.0,22.969675920961457,818.18176,165.7799644699089,-0.0,125.1474,12.318269447854773,10.917997055948646,18.477404171782158,2.136842659321746,11.312696431703364,18.52847492164399,74.9780380167895,-0.0,180.21116020640216,855.1097743561098,231.84489074211348,59.40421830263981,-0.0,54.271929755540825,-0.0,40.92700115439396,-0.0,360.7111846262643,85.4845396158199,488.79619610351415,2944.3974308733646,439.69893978310597,106026.19610185674
t84,23171.553715583144,2472.959999999999,12021.626800000002,18392.494683508947,38052.672000000006,-0.0,2836.7297900605627,122.51121947691816,5198.244524736505,169.09612536338284,-0.0,-0.0,-0.0,-0.0,2294.964435965681,3721.271890501256,292.4822050564911,2326.2073603625513,0.0,31.017,925.5187770145621,206.72676893981776,-0.0,396.7049755819296,-0.0,-0.0,-0.0,-0.0,-0.0,-0.0,-0.0,-0.0,-0.0,-0.0,123.25101989950355,71.33547118895441,-0.0,81.16238592853509,3.1015867702333813,51.857310006621766,30.413617844036068,359.88428855780256,122.61324337987581,804.5502161159623,3906.882742810142,724.8340227879384,118912.66817744137
t85,24205.97432757328,2680.7999999999993,13031.989000000001,19682.834683508947,41250.810000000005,-0.0,3735.6609096090597,170.6601311435524,8223.366725557407,143.4173816881621,-0.0,-0.0,-0.0,-0.0,2732.089045146389,3370.852173913043,203.87140505649114,2871.2853707251024,0.0,44.31822407903854,965.6589940291241,270.4653734097266,-0.0,668.2625511638591,-0.0,4.870736896887713,-0.0,-0.0,-0.0,-0.0,40.64722627798444,13.833004081191685,-0.0,-0.0,218.86072948977528,79.75510046436189,-0.0,111.85860268529949,0.37760500782591633,59.57059454415949,65.13162335840566,423.7475646825899,164.99670951771512,1165.2796697683264,2864.914276540949,1053.5733327830787,130519.73307270173
t86,23610.660000000003,2888.6399999999994,14042.351200000001,20973.174683508947,44448.948000000004,-0.0,2219.4497359441284,113.77342076236827,10101.807391376062,199.7827568092897,-0.0,-0.0,-0.0,-0.0,2732.089045146389,4695.652173913043,292.4822050564911,2871.2853707251024,0.0,62.873348158077086,1072.996011043686,270.4653734097266,200.82920000000001,939.8201267457887,-0.0,-0.0,9.578831784339014,1.107756056692267,-0.0,-0.0,-0.0,27.06091464051699,-0.0,-0.0,186.62641318016534,59.30573440773178,1.921536770798907,53.8310251013537,3.9846145362173875,54.33042111849254,100.50132844263271,389.0146203099,85.56252194858381,756.3610568774643,3996.806640764202,1386.8920913944592,138849.96554993268
t87,25195.440000000002,3096.4799999999996,15052.7134,22263.514683508947,47647.086,-0.0,2324.094719709431,161.92233242900252,13465.26830841874,133.18850453952646,-0.0,-0.0,-0.0,0.0,4185.689045146389,3130.434782608695,203.87140505649114,2871.2853707251024,0.0,62.87334815807709,1148.7745710436861,270.4653734097266,-0.0,1211.3777023277182,5.607203662907356,-0.06616404840831791,17.989637278700044,2.0804342431149716,-0.0,-0.0,-0.0,24.842832432490543,-0.0,-0.0,171.77295570942113,82.9781969380713,-0.0,89.3,8.075660913104922,76.01693880568277,-0.0,532.7573080570455,134.53592178064528,1152.8374960653039,3996.806640764202,1196.3617253701432,149916.37633505397
t88,26780.22,3304.3199999999997,16063.0756,23095.0,50845.224,-0.0,3265.3123836047957,122.51121947691816,16295.824493557548,143.4173816881621,-0.0,-0.0,-0.0,-0.0,4185.689045146389,3721.4995605671584,115.26060505649114,2871.2853707251024,0.0,62.87334815807709,1291.7499310436863,270.4653734097266,200.82920000000001,1385.6158977518348,6.396412176876522,4.862578644666336,18.005423759675807,2.082259890574754,-0.0,-0.0,36.53899286738885,24.864632810980886,-0.0,-0.0,171.71893197164775,114.44032581289883,14.068170056384218,89.3,3.212908017311694,50.23962733866235,50.008987737975886,361.9,134.53592178064528,555.683201244085,2163.0163865052946,1179.4612396644043,159000.5094104654
t89,28365.0,3512.16,17073.4378,21374.44572748268,54043.362,-0.0,4548.633520994794,170.6601311435524,16816.85282966855,199.7827568092897,-0.0,-0.0,-0.0,-0.0,5152.173913043478,4695.652173913043,480.70067414218335,2669.1886707251015,0.0,62.87334815807709,1060.0782787680068,270.4653734097267,342.76382497666884,1385.6158977518348,13.036665435152981,9.910526274682624,-0.0,-0.0,-0.0,-0.0,76.95645275067362,27.00452125853117,-0.0,460.35456674035333,90.96267985212023,59.6,-0.0,-0.0,-0.0,10.003029868130149,18.50377319928839,-0.0,219.37460541806936,126.28145683306809,-0.0,1439.6705459322475,164775.5057445493
t90,28365.0,3720.0,18083.8,19653.891454965356,57241.5,-0.0,4548.633520994794,170.6601311435524,16816.85282966855,199.7827568092897,-0.0,-0.0,-0.0,-0.0,5152.173913043478,4695.652173913043,292.4822050564911,2871.2853707251024,0.0,62.873348158077114,1068.6600387680069,270.4653734097267,543.5930249766689,1385.6158977518348,-0.0,-0.0,-0.0,-0.0,-0.0,-0.0,-0.0,28.165103852338753,-0.0,-0.0,93.38584128029402,-0.0,-0.0,-0.0,-0.0,-0.0,-0.0,-0.0,196.78534566091832,-0.0,-0.0,1193.4691269316731,166654.72745710923
t91,26251.836027713627,3442.8637413394918,16736.571362586605,17933.337182448035,57241.5,-0.0,4548.633520994794,170.6601311435524,16392.90912141888,133.18850453952646,-0.0,-0.0,-0.0,-0.0,4650.5727641349995,4695.652173913043,203.87140505649114,2871.285370725103,0.0,57.619448158077134,1010.0449987680067,247.67357340972666,543.5930249766689,1385.6158977518348,11.752303769427074,8.934149294105275,17.62845565414061,2.0386649395944927,10.792932033147311,19.96692426132253,71.5331550863597,38.75435133972217,185.55126509366704,-0.0,249.76066550638825,37.01925306510778,28.01289116168392,55.4667667569484,6.397622593466615,33.91361102944438,62.733969120400786,224.7863705413172,150.0704782603779,662.5783646754415,-0.0,1745.6274463571424,162140.74788961763
t92,24138.672055427254,3165.7274826789835,16355.392987886067,16212.782909930713,52977.06581986143,-0.0,3032.4223473298625,170.6601311435524,15117.424702217057,189.55387966065408,-0.0,-0.0,-0.0,0.0,3142.8847650934113,4695.652173913043,115.26060505649114,2669.1886707251033,0.0,47.111648158077145,951.4299587680067,238.79216,543.5930249766689,1260.4684977518348,24.47459677695287,18.60568836615294,36.7118951654293,1.0389786941915213,22.476670509446507,41.581840442476036,148.9703773209427,26.353321229874844,388.2450477026238,-0.0,72.53405459707648,14.473927381786417,10.95258598856657,21.686605959622938,10.125455403975572,13.259671728951979,99.28844619432357,355.7672146309474,194.69589433181036,1052.344779571916,1219.5398342851647,1637.5618760750078,150434.77258293546
t93,22025.50808314088,2993.8319272839326,15008.164350472673,14492.228637413391,48712.631639722866,-0.0,1516.2111736649313,113.77342076236827,13512.496228733333,199.7827568092897,-0.0,-0.0,-0.0,-0.0,1519.386124051389,3130.434782608695,480.70067414218335,2264.995270725104,0.0,36.4928654387181,892.8149187680067,216.00036,342.76382497666884,1010.1736977518347,8.966936341202176,6.816701606322061,13.450404511803262,3.2927065506677984,8.234941537838735,15.234641845001654,54.579362525786706,39.31878998738607,409.79125041451783,886.3613646473743,258.5,31.662196016790794,23.959144972437333,47.44016953522513,13.095911225125658,29.005971518737873,128.41621686773703,460.13691964786153,95.80029258367362,1362.9008096906366,2156.3567851372977,1149.9271852855136,135671.6394389152
t94,20272.308564290845,2716.6956686234244,13660.935713059278,12771.67436489607,44448.1974595843,-0.0,1747.1176587958412,161.92233242900252,11293.061505554262,173.62828174007123,-0.0,-0.0,-0.0,-0.0,329.8964996950481,3130.434782608695,115.26060505649114,2023.062310362552,0.0,31.127982719359046,834.1998787680067,170.41676,543.5930249766689,768.7424609362467,-0.0,-0.0,-0.0,1.737217593520482,-0.0,-0.0,-0.0,20.744421852038705,376.31495037031834,-0.0,116.3482916205607,44.95483642241165,34.017837628368554,67.35682705572752,15.393129281801746,41.18345752791403,150.94233567592005,540.8517948625291,-0.0,1602.8960357346837,2877.5864838397238,1369.365523492439,122451.96899705411
t95,18159.14459200447,2439.559409962916,12313.707075645883,11051.120092378747,44448.1974595843,-0.0,230.90648513090989,170.6601311435524,10309.601048947705,107.034029470308,-0.0,-0.0,-0.0,-0.0,329.8964996950481,3130.434782608695,480.70067414218335,1983.22605,0.0,31.017,775.5848387680066,147.62496000000002,543.5930249766689,652.4586241206589,9.585451519705455,7.286899369572003,14.378177279558177,-0.0,8.802965681362151,16.285486510519977,58.34410032147248,-0.0,195.3221433005864,646.8101118029147,258.5,53.6223080780358,40.57661232079555,80.34349180148652,16.891031262555583,49.12379229967709,165.630500729914,593.4819625163946,17.931195556014384,1255.2333247223223,3353.214843321736,1513.3095815265078,115659.14075850118
t96,16045.980619718099,2162.4231513024083,11685.234587066978,10006.409390675166,40183.76327944573,-0.0,1087.881888375196,113.77342076236827,5427.554054828802,163.39940459143568,-0.0,-0.0,0.0,0.0,329.8964996950481,1565.2173913043473,421.1170284470385,1638.6249164929054,0.0,25.222228671357602,708.3880387680066,124.83316000000002,543.5930249766689,661.3221873050718,-0.0,-0.0,-0.0,1.1887101107312328,-0.0,-0.0,-0.0,14.194597204614134,-0.0,1124.1603626909591,101.08933354433631,-0.0,-0.0,-0.0,7.624088759136644,-0.0,74.76048200706809,267.8793904787913,30.29779646168865,211.9982092904334,3682.249863607779,633.6369520793179,99043.71405866148
t97,15548.086364048255,1780.0461893764425,8653.199538106237,11270.168986429342,32325.959843084915,-0.0,862.3849304107714,46.59580515350874,2900.4901056361346,30.527174567335145,-0.0,-0.0,-0.0,-0.0,-0.0,3130.434782608695,674.196699106905,1687.4204755785124,0.0,27.246885802423527,743.9936685003172,119.57002563743825,522.2855964476594,694.3928546281973,8.629982217660192,6.5605477062824935,12.944973326490288,1.497037731634931,7.9254938733614,14.662163665718595,52.528412171778626,17.87639173658183,4.223108405994555,-0.0,-0.0,51.291262021824636,38.812683174233086,76.85083386827083,8.864093940013321,46.988303798517215,86.91975611081023,311.4481162029922,106.11094978676138,213.2399044421618,2863.060293241927,-0.0,84947.43423254612
t98,16319.01543477967,1711.5623283647662,8990.777312240189,12560.508986429342,32325.959843084915,0.0,1315.7621340209403,94.744716820143,3944.266781432028,86.89254968846275,-0.0,-0.0,-0.0,-0.0,962.5772785817593,3130.434782608695,868.2873750952909,1785.459986315427,0.0,34.66102584397514,847.265165954535,141.00366764377583,522.2855964476594,730.7852521573817,-0.0,-0.0,-0.0,-0.0,-0.0,-0.0,-0.0,-0.0,23.747199843179533,93.82408508913012,16.15887749369893,-0.0,-0.0,-0.0,0.3509251580278576,-0.0,-0.0,-0.0,-0.0,252.5162362191456,1964.4896287100876,31.823016029647235,88755.16018605187
t99,17903.79543477967,1919.4023283647662,7643.548674826794,13850.848986429342,32325.959843084915,-0.0,1471.9270103563103,120.343266133092,3931.5264185680016,143.25792480959035,-0.0,-0.0,-0.0,-0.0,1329.2436242066983,3130.434782608695,955.018157516386,2084.378747052341,0.0,41.99167938298135,883.258903408753,185.1467296501134,498.57619644765936,892.312984977531,0.3109236718031994,0.23636544438100363,0.46638550770479903,-0.0,0.2855421475743668,0.5282529730125785,1.892509900312331,0.6440561773066273,-0.0,-0.0,-0.0,0.9263578945494351,0.7009855879895893,1.3879825500547742,0.5110172102738171,0.8486433060805227,1.5698346870720292,5.624981913379874,1.9164417516433783,-0.0,810.3276151053351,46.12920486809002,90185.2787933002
t100,19488.57543477967,1642.2660697042581,8653.910874826794,15141.188986429343,32325.959843084915,-0.0,2300.9961857809135,168.49217779972625,3046.1952892726526,143.4173816881621,-0.0,0.0,-0.0,-0.0,2127.4173855250215,3054.180289998942,955.018157516386,2180.2268477892558,0.0,44.05577292198757,852.055840862971,216.03542643340893,522.2855964476594,928.6205007226417,-0.0,-0.0,1.0363369171680237,-0.0,0.6344919901028716,-0.0,-0.0,1.4311319332320325,-0.0,51.75044142542384,-0.0,2.0812371520847552,1.5748958986413166,3.118363719482695,0.7106020484049211,1.90663671986288,3.5269287308818837,12.637579284219342,4.305646658591448,22.60795444476773,67.49350321826532,63.77541704465598,94029.48922877052
t101,21073.355434779667,1365.1298110437501,7306.682237413399,16431.52898642934,32325.959843084915,-0.0,3418.4485537412575,111.60546741854212,2973.631026867385,199.7827568092897,0.0,-0.0,-0.0,-0.0,2681.6540492871154,3054.180289998942,955.018157516386,2072.76079852617,0.0,40.85330646099378,866.1264804314858,224.0499432167045,522.2855964476594,839.7195342395751,1.8264227472148584,-0.0,3.7759710379903106,0.31682843574135294,2.3118190028512107,3.103054973584427,11.116950701159826,5.214436195319952,31.436504059506365,154.84131119082667,24.306451378272946,2.678802211608381,2.0270801970392283,4.0137086828293365,0.8138725201011183,-0.0,4.539580929067895,16.266082556729415,5.54188444112942,-0.0,108.03219914602286,72.67210626844043,96917.60734038803
t102,22658.135434779666,1225.9199999999992,8317.044437413399,17464.00234657289,28061.525662946347,-0.0,1902.2373800763262,54.71875703735798,1615.283274681685,199.7827568092897,-0.0,-0.0,-0.0,-0.0,2681.6540492871154,2321.8620345944773,955.018157516386,1762.2240892630855,0.0,32.38428,813.00032,209.16282000000007,474.75239644765946,625.6499328790198,4.780640175758222,2.245808147208985,-0.0,0.512466288624869,-0.0,-0.0,17.98153771557261,-0.0,51.72501690560104,234.85681035589658,-0.0,5.074957782307148,3.8402784560747047,4.485557924141941,1.2279732311446971,-0.0,4.060599205378783,30.815892976794572,-0.0,-0.0,248.2568204891725,60.94069415688569,92045.16318411527
t103,20544.971462493293,1433.759999999999,6969.815800000004,17464.00234657289,24704.102794219427,-0.0,386.0262064113949,1.8349557102144518,2915.5970235437744,133.18850453952646,-0.0,-0.0,-0.0,-0.0,2681.6540492871154,756.6446432901296,706.707186566764,1652.56663,0.0,27.13038,742.4032,186.56324000000006,474.6379964476595,500.50253287901984,14.303299446161978,10.873426619786397,17.023623026427913,2.4811845978036073,10.422626342710968,19.28185873401529,87.06038897587364,23.508812750781406,248.8239840096004,1063.2589730591858,37.943310723697806,11.71403637961727,8.864144978535888,14.433036426487476,2.0244056159405686,6.082108916327731,15.311386761223119,40.31346550950559,13.734872333025807,131.40155480155624,630.1832925407164,60.94069415688569,84752.09343866709
t104,20358.188163223505,1641.599999999999,7980.1780000000035,17585.10508085776,24452.888529214062,-0.0,31.99123507677791,1.8349557102144518,2093.303602591035,66.59425226976323,-0.0,-0.0,-0.0,-0.0,2681.6540492871154,-0.0,955.018157516386,1651.3491800000002,0.0,27.11772,739.00288,141.08948,474.9811964476592,500.478733323124,27.834062816839396,21.159568161780967,41.75109422525908,2.8596395263954415,16.921100947508368,16.194101871375125,112.14929683543046,17.05627297773874,112.99898422949568,2014.5486716577211,-0.0,23.822881947368774,18.027046574267313,33.96397047319006,2.239507593754925,18.023755041187318,37.40124497753847,119.46514559351078,-0.0,203.0226177335851,1354.6461015113516,256.3716266382442,85832.83190685094
t105,21763.79226365272,1849.439999999999,8990.540200000003,18875.44508085776,27651.02652921406,-0.0,303.05334210105724,1.8349557102144518,3112.8663181380375,122.95962739089084,-0.0,0.0,-0.0,-0.0,2862.9182327554017,1324.8,955.018157516386,1650.37522,0.0,32.3463,772.5608,118.29768000000001,522.2855964476594,625.5412515390504,29.50923652580275,22.433042052778617,17.774181804136607,5.1189491932514954,10.882152124981596,38.3220465497006,72.12448602835025,-0.0,-0.0,1559.4830686275182,149.37476224252015,37.46525112561623,28.35038298263913,56.135015528817604,4.796750192556311,27.392886870926787,62.477119004620015,209.31622292421187,30.612428391476783,-0.0,2117.29964279231,428.2284918954531,96442.19767218092
t106,20724.37907391493,2057.279999999999,10000.902400000003,20165.78508085776,30849.16452921406,-0.0,437.90224786557934,46.59580515350874,4284.9957742685365,179.32500251201844,-0.0,-0.0,-0.0,-0.0,3615.7540195621705,2046.052173913043,955.018157516386,1649.15777,0.0,36.97285043538728,738.92192,118.18784000000001,522.0567964476595,875.6900875267993,20.774801190490898,15.793088660118075,-0.0,3.6037920432484194,-0.0,18.190065118484647,-0.0,-0.0,-0.0,414.84286466606034,-0.0,50.801855763927335,38.4423438750524,43.048920123020864,7.204836566510972,40.15808260082237,74.28509785133808,293.92655872364793,59.43932644085636,263.54695962642177,1615.5937217745363,647.7889709110493,102911.58281512342
t107,22309.15907391493,2265.119999999999,11011.264600000002,20648.53255533572,34047.30252921406,-0.0,609.7246809170725,1.834955710214451,5516.644819000162,199.7827568092897,-0.0,-0.0,-0.0,-0.0,3615.7540195621705,3370.852173913043,955.018157516386,1647.94032,0.0,46.840640870774564,772.3988800000001,140.78742,498.4617964476594,1136.828050957121,16.64408070948554,12.652898090374206,-0.0,1.746548157277014,-0.0,-0.0,54.132589530473915,-0.0,-0.0,-0.0,-0.0,64.1701375007558,48.55827518933032,52.43980453919961,9.929227577711147,-0.0,-0.0,389.650549689992,72.87786876654884,563.7482687399068,2485.601791184577,647.7889709110493,113214.18844075526
t108,23893.939073914928,2472.959999999999,12021.626800000002,20648.53255533572,37245.44052921406,-0.0,767.2501674617877,46.59580515350874,6787.762987972272,199.7827568092897,-0.0,-0.0,-0.0,-0.0,4411.191774920819,4695.652173913043,708.7383952695175,1646.9663600000001,0.0,51.435541306161845,851.8659003636833,147.79595326092905,522.2855964476594,1397.9074968376722,16.38898349112271,12.458972143761645,-0.0,-0.0,-0.0,12.73461360085128,-0.0,-0.0,-0.0,-0.0,-0.0,77.05071966089749,58.30515866957175,81.68654456672388,13.302591769015738,13.45127195760167,24.88238951864045,241.86102004338443,113.2599857362436,930.0886621953447,3544.753190686125,955.4826316022708,124613.43660382257
t109,25478.719073914926,2680.7999999999993,13031.989000000001,21804.66,40443.57852921406,-0.0,1059.0665677871912,42.78505658787458,8314.36434320486,133.18850453952646,-0.0,-0.0,-0.0,-0.0,4411.191774920819,3130.434782608695,955.018157516386,1645.74891,0.0,50.76388174154913,864.0551607273666,177.51390652185813,498.5761964476593,334.63803268007666,2.376517718283747,1.8066384695116184,-0.0,-0.0,-0.0,9.493106620635846,34.00983843368938,-0.0,-0.0,-0.0,-0.0,39.67802069268936,30.024810960407557,114.99020198516372,3.002591769015737,33.8138665269949,62.549460059093136,376.8284737917985,35.94364709899426,1343.0999728118782,4760.491941027348,329.7909012511782,132234.99186762952
t110,25195.440000000002,2888.6399999999994,14042.351200000001,21804.66,43641.716529214056,-0.0,1732.0561674730584,90.93396825450884,9583.562495428358,189.55387966065408,-0.0,0.0,0.0,-0.0,4411.191774920819,1565.2173913043473,955.018157516386,1845.6542,0.0,44.825662176936405,943.4412210910498,229.9138197827872,522.2855964476594,595.6325967765545,-0.0,-0.0,-0.0,-0.0,-0.0,20.01492372957742,37.69527871161348,-0.0,-0.0,-0.0,-0.0,62.36764624197697,45.514055184854456,59.68657046756949,6.923785446157725,-0.0,-0.0,514.6032302731271,82.88376170012116,672.019984157786,1322.369325906503,-0.0,133106.17322186648
t111,26780.22,3096.4799999999996,15052.7134,23095.0,46839.854529214055,-0.0,2875.8044991640145,102.73988194905358,12597.777661044875,199.7827568092897,-0.0,-0.0,-0.0,-0.0,4801.954026490505,2890.0173913043473,955.018157516386,2077.1070531745495,0.0,44.128682612323686,1089.943121454733,259.41209304371625,522.2855964476594,856.6328427489893,-0.0,-0.0,-0.0,-0.0,-0.0,18.70806590182624,67.02319105368977,-0.0,-0.0,-0.0,-0.0,88.03111670312192,19.833896087499376,59.68657046756949,1.058915408402573,23.03839837776385,43.49010933851744,152.70323027312708,12.676142704469683,1150.0,2724.3484649941133,411.4798660637198,148908.9496603483
t112,28365.0,3304.3199999999997,16063.0756,23095.0,50037.992529214054,-0.0,3756.4455550875546,150.88879361568783,16005.992619331088,199.7827568092897,-0.0,-0.0,-0.0,-0.0,5152.173913043478,4214.817391304347,955.018157516386,2509.439156349099,0.0,48.67294304771097,1169.2482218184164,266.03618630464524,522.2855964476594,1117.621024012389,-0.0,-0.0,-0.0,-0.0,-0.0,7.470537970245406,-0.0,-0.0,-0.0,-0.0,-0.0,74.2874640026295,31.54869241341072,111.3065526079667,7.012843919557012,-0.0,0.8732918265366933,-0.0,83.94986944479417,-0.0,4585.363076461381,529.6149094059061,162365.23768195426
t113,26780.22,3512.16,17073.4378,22023.70889405059,53236.13052921405,-0.0,4520.97225394294,148.17586098753512,16256.430901939233,199.7827568092897,-0.0,-0.0,-0.0,-0.0,5152.173913043478,4695.652173913043,865.9448604485717,2738.7005995236486,0.0,58.45844348309825,1181.2755621820997,266.03618630464524,522.2855964476594,1367.9864062711945,-0.0,-0.0,-0.0,-0.0,4.54976564235614,15.887604408604265,30.154835618504865,10.262249171092181,-0.0,-0.0,-0.0,59.6,-0.0,89.3,4.474574133867685,41.144705796248815,76.98346188919476,39.931631880182465,53.564562204454944,-0.0,2630.149623014879,529.6149094059061,164185.1506617264
t114,28365.0,3720.0,18083.8,20303.154621533267,56434.26852921405,-0.0,4548.633520994794,170.6601311435524,16816.85282966855,199.7827568092897,-0.0,-0.0,-0.0,-0.0,4077.308440847225,4695.652173913043,955.018157516386,2942.01474952365,0.0,62.97738391848557,1126.106102545782,266.0361863046453,481.93824758060083,1493.1948884993722,-0.0,-0.0,-0.0,1.2510052770032916,9.818151426393184,18.16358013882739,65.07252584270594,22.14538599508685,116.21442696830444,-0.0,-0.0,-0.0,-0.0,-0.0,3.3380839200907335,17.695085634655733,65.83923746283823,-0.0,39.95978129584344,-0.0,-0.0,358.40027647934266,165460.2962604538
t115,26251.836027713627,3442.8637413394918,16736.571362586605,18582.600349015946,57241.5,-0.0,4548.633520994794,170.6601311435524,16816.85282966855,199.7827568092897,-0.0,-0.0,-0.0,-0.0,4077.308440847225,4695.652173913043,955.018157516386,2942.0147495236524,0.0,62.97738391848557,1055.0232225457821,266.0361863046453,489.0096987135422,1493.1948884993722,-0.0,-0.0,-0.0,-0.0,-0.0,-0.0,-0.0,-0.0,186.22816720915165,-0.0,-0.0,-0.0,-0.0,-0.0,-0.0,-0.0,-0.0,-0.0,-0.0,735.1910355001563,-0.0,-0.0,160948.95482376328
t116,24138.672055427254,3165.7274826789835,15389.34272517321,16862.046076498624,52977.06581986143,-0.0,3032.4223473298625,113.77342076236827,13953.728572090904,199.7827568092897,-0.0,-0.0,-0.0,-0.0,3750.8466502567553,3130.434782608695,866.0053595491621,2738.944089523655,0.0,57.71082391848559,983.9403425457821,243.13454630464526,448.5479498464836,1367.974671424334,10.286851312294665,7.820106354754616,15.430276968441996,1.7844537990715232,9.44710834802571,13.086625740105887,-0.0,15.955465617066036,166.58253716425725,-0.0,-0.0,22.401822439281887,16.951714631067333,33.56514670852135,3.8714558913524066,20.5224749192079,37.96281990549448,136.02717350295492,46.34470984502445,1150.1780699276792,1306.2724107772713,347.75643152460583,146782.34812798642
t117,22025.50808314088,2888.5912240184753,14042.114087759815,15141.491803981302,48712.631639722866,-0.0,1821.3409604448518,56.886710381184145,9071.681577972002,133.18850453952646,-0.0,-0.0,-0.0,-0.0,2033.4553459089295,3130.434782608695,688.0190438486709,2332.5592795236576,0.0,47.177703918485605,912.7765025457821,197.3587263046452,406.1945508826353,1221.7144389317082,19.6,-0.0,29.4,3.4,18.0,33.3,72.41608255871975,40.6,359.81099087256194,814.8076391477782,168.81698649468177,40.60052770693888,30.72288254333798,60.832669869624866,7.016534150695814,37.19444316776616,68.80290769128905,246.5323989453218,83.99404473599941,1488.3332532191555,2311.379647629726,636.7719766823368,131435.45795185005
t118,19912.34411085451,2611.454965357967,12694.88545034642,13420.93753146398,44448.1974595843,-0.0,827.1805445733922,54.71875703735798,4311.094124054028,66.59425226976323,-0.0,-0.0,-0.0,-0.0,316.0640415611035,3130.434782608695,558.6498892752156,1914.5230334767095,0.0,35.18228261232373,841.6126625457822,148.98633020098424,411.25995191878707,950.3124883150392,9.633753028034477,7.323618373352739,14.450629542051711,1.671161239557001,8.847324209419416,16.36754978742592,131.0541813467051,19.95563127235713,347.4730974462034,-0.0,311.1885082171672,54.85807535216837,41.51173151648983,82.19506927766167,9.480506310861314,50.255887822624054,92.9641880967954,333.1063333884183,113.4899444785631,1749.3892562778776,3091.683507171208,872.3979737934033,114013.73058600472
t119,17799.180138568136,2334.3187066974588,11347.656812933026,11700.383258946658,40183.76327944573,-0.0,1217.7591086655352,1.8349557102144518,483.25450922291077,30.527174567335145,-0.0,-0.0,-0.0,-0.0,-0.0,3130.434782608695,517.4895367345362,1697.3660374297615,0.0,28.421771306161865,770.3678625457823,123.3233540973233,463.7441529549388,804.0484376677425,18.78619749725589,14.28134401577106,28.179296245883833,3.25883017809541,17.252630354622756,31.917366156052097,114.34660007258304,38.914266244315776,300.7661106271852,627.407398962933,280.1582891300712,64.11323516786553,48.515216544811004,96.06228020957033,11.079971849480119,58.73460805646742,108.64826765024193,389.30503032299555,132.63694456707753,1918.8983274414916,3610.7817630627796,1028.1322217317152,101576.05007619123
t120,15686.016166281763,2057.1824480369505,10000.428175519632,9979.828986429342,35919.329099307164,-0.0,31.99123507677791,1.8349557102144518,483.25450922291077,30.527174567335145,-0.0,-0.0,-0.0,-0.0,-0.0,3130.434782608695,524.2481487161763,1681.088291382815,0.0,25.03343995844839,703.1710625457823,120.34233799366243,509.9617529549387,782.8589699454074,14.959704209518613,11.372428200093232,22.43955631427792,2.5950507302226167,13.73850386588444,25.416232151886216,91.055750622223,30.987958719717128,240.54204042924403,1047.819132026767,224.84282318835898,70.4391291198103,53.302092672876604,105.54050722146076,12.173205200235676,64.52980620707456,119.36832283726245,427.7167924238146,145.72390302806397,1300.8555340840894,3969.7926608139405,925.5034557398587,90588.2461260647
t121,13526.508734142908,1957.2000913304482,8709.320106709745,23095.0,57241.5,-0.0,-0.0,19.857595203444017,-0.0,-0.0,-0.0,-0.0,-0.0,-0.0,2393.6941342404775,4695.652173913043,592.7656771241208,1590.8084301055783,0.0,25.298806980018576,707.3510968900324,120.63178000000002,421.1011195305987,641.0149378488853,2.5414279496165335,1.9320039004737932,12.307238510331782,1.423286086228846,7.535043985917417,13.939831373947221,49.940597084441556,16.995710323791513,39.82770726285588,-0.0,115.68922961363715,31.435380959778595,36.703333081785374,72.67422714420033,8.38235766612837,44.4346338418067,82.19593439601606,294.52186790018015,100.3441456537503,566.4329782932596,1873.9714833999083,746.8154358836786,119857.74853833103
t122,11468.748261482251,1680.0638326699402,7362.091469296351,23095.0,57241.5,-0.0,-0.0,-0.0,-0.0,-0.0,-0.0,-0.0,-0.0,-0.0,2393.6941342404775,4695.652173913043,646.9193547955758,1502.3332999999998,0.0,25.313669999999995,707.7523199999999,120.6867,411.78279999999995,788.9297783426778,3.6857768038750596,2.8019425702927743,5.5286652058125885,0.6393694455701633,3.3848970647832166,6.262059569848951,22.434345546035434,7.634823379455481,58.03705053301624,91.5773806504225,50.70000672744813,33.445019678199564,25.30822797796644,50.11141371247015,5.779927897406971,30.639229436739868,56.676962877485835,203.08309767685262,69.1907873543961,602.6340093499706,-0.0,522.6959722497132,113992.71876044809
t123,11421.121853470593,1402.9275740094322,6464.3054317542355,23095.0,57241.5,-0.0,-0.0,-0.0,-0.0,-0.0,-0.0,-0.0,-0.0,-0.0,2393.6941342404775,4695.652173913043,612.8642304342548,1502.08981,0.0,25.307339999999996,707.6713599999999,120.71416000000002,412.126,1062.1900680860872,1.587801530550184,1.2070532043468232,2.381702295825275,0.27543495938115437,1.4581850790766993,2.6976423962918936,9.66452666299168,3.2890174561396677,25.325246836852173,-0.0,21.07630986460181,21.16715076252164,16.017424486404792,31.71521079015406,3.6580814237243757,19.391383081102035,35.87050716467593,128.5300647811506,43.79043102380736,381.3599439429855,60.052989932839736,332.2897949325626,112299.97003851611
t124,11438.717880778198,1402.9275740094322,6464.3054317542355,23095.0,57241.5,-0.0,-0.0,-0.0,-0.0,-0.0,-0.0,-0.0,-0.0,-0.0,3386.6015840014356,4695.652173913043,667.8288847056104,1501.84632,0.0,25.307339999999996,707.5094400000002,120.74161999999998,443.5169731602795,1210.373284445117,0.8740175659286886,0.6644317210376256,1.3110263488930327,0.15161529204885416,0.8026691931998161,1.48493800741966,5.3199130415965605,1.8104649579951417,6.985322664149152,34.1466255238158,11.245937550955986,13.477070944443643,10.198253348899463,20.19299388152377,2.329091119593447,12.34644418735944,22.838660493100797,81.83476467775418,27.881255829696336,-0.0,127.01371869171551,208.67591105123188,112993.41363285971
t125,13023.497880778199,1402.9275740094322,6609.030339218903,23095.0,57241.5,-0.0,-0.0,-0.0,-0.0,-0.0,-0.0,-0.0,-0.0,-0.0,4823.922288230664,4695.652173913043,811.845617178147,1602.772925,0.0,27.931125,741.0673600000001,132.15125000000003,427.8323463205591,1233.5169162559077,2.2276609928394353,1.693476979250387,3.341491489259152,0.38643098855377944,2.04581111587295,3.784750564364958,-0.0,-0.0,43.707465638108054,197.01873311634012,-0.0,4.701752778115198,3.5578699713589845,7.0447403202296535,0.8125512351440696,2.466265564753435,4.562139597803974,16.346914063814424,-0.0,11.135888209328462,167.13859449585576,-0.0,116340.62033302586
t126,13445.331158197125,1402.9275740094322,6609.030339218903,23095.0,57241.5,-0.0,-0.0,-0.0,-0.0,-0.0,-0.0,-0.0,-0.0,-0.0,5152.173913043478,4695.652173913043,867.6535476179075,1501.3593400000002,0.0,25.301009999999998,707.3475200000001,120.79654000000002,460.02411948083886,1131.6416623699147,5.776236320930796,4.3911184276463695,8.664354481396192,1.0020001781206478,5.304706825344607,9.813707626887524,21.59923656333159,7.350620322474959,-0.0,-0.0,42.24231750039449,7.060606030491435,5.342841140522883,10.57906239132358,1.2202054045983524,4.6272284436081765,8.559525142938202,30.670219299300335,4.879976611040103,-0.0,304.4490263207065,31.57114887926056,116970.84303576096
t127,14576.816718719032,1433.759999999999,7419.469356880798,23095.0,57241.5,-0.0,-0.0,-0.0,-0.0,-0.0,-0.0,-0.0,-0.0,-0.0,5152.173913043478,4695.652173913043,835.252676024892,1501.11585,0.0,25.29468,707.2665600000001,120.85146,460.02411948083886,904.6803710949474,16.429123573668146,12.489486798349766,24.64368536050222,2.8499500076771276,15.08797062887891,27.912745663425987,99.99971644584744,-0.0,-0.0,959.7272213992644,108.39542224917682,11.396501828694642,8.623862960975309,17.07563109567838,1.9695296784489063,10.44041946051556,19.312863837217428,69.20124180880183,-0.0,-0.0,546.7192365126301,113.82591527600486,120234.95840374276
t128,15963.27112098923,1641.599999999999,8429.831556880798,23095.0,57241.5,-0.0,-0.0,-0.0,-0.0,-0.0,-0.0,-0.0,-0.0,-0.0,5152.173913043478,4695.652173913043,748.6552626911114,1500.8723599999998,0.0,25.29468,707.10464,120.87892000000001,460.02411948083886,654.3063711868299,29.994582258218205,22.80200385956384,44.9918733873273,5.203141820303157,27.546044931016716,50.960183122380926,182.56906445946078,14.29622370523758,277.35472750826693,2189.8868828174477,61.64727279623426,22.982774627944835,17.39132778054215,34.435600239521364,3.971855346775701,21.05468950815081,38.9473194198394,139.55480097069182,25.890207914275035,230.26104933165243,1232.9126232923188,288.0092069862059,125398.82857426869
t129,17548.05112098923,1849.439999999999,9440.193756880797,23095.0,57241.5,-0.0,330.49527054955615,6.6683514512277124,603.1278302579799,56.36537512112761,-0.0,-0.0,-0.0,-0.0,5152.173913043478,4695.652173913043,751.1099275585116,1500.62887,0.0,25.28835,707.02368,120.90638000000001,428.881012987226,529.1589711868298,29.81240877563018,22.663514834535185,44.71861316344524,5.171540297813396,27.37874275312975,50.65067409329003,181.46022280268772,-0.0,478.1989221069347,2158.036651157131,162.61968090085756,36.14627394291898,27.352297899759165,54.15876280373598,6.246755396175597,33.11386841079491,61.254591748906336,219.48551241514053,55.5364937174222,487.5825994826959,2021.3269077616649,-0.0,130244.58001840368
t130,19132.831120989227,2057.279999999999,10450.555956880797,23095.0,57241.5,-0.0,769.8524901531566,42.504818998315116,1766.741879466785,8.657721618605196,-0.0,-0.0,-0.0,-0.0,5152.173913043478,4695.652173913043,704.1059996381895,1500.38538,0.0,25.28835,706.94272,120.93384000000002,445.6143064936129,529.3481471439511,19.85487109627917,15.093754047681614,29.782306644418732,3.444212333028018,18.234065292501274,33.73302079112735,120.85133274418901,14.82417097610156,258.3634453230243,1464.5891179403177,-0.0,49.016873850937245,37.09162769592735,73.44306769947475,8.471036923903585,44.90472000438211,83.0655077004138,297.6376954136608,-0.0,725.7103452710994,2443.0587705499156,159.55401479994342,134346.09277543746
t131,20717.611120989226,2265.119999999999,11460.918156880796,23095.0,57241.5,-0.0,1706.3315625580724,12.172832866460338,2636.794249041553,49.03747954314017,-0.0,-0.0,-0.0,-0.0,5152.173913043478,4695.652173913043,746.1218503505442,1500.14189,0.0,30.535919999999997,706.86176,143.78056,415.21479999999997,654.7521881623279,8.180653703506492,6.218966335828915,18.77198067209247,1.419092989383778,11.493049391077022,23.09156506324507,91.80183048998802,-0.0,233.82403570972667,608.3309252135317,-0.0,4.7469693105987645,42.10537630077326,92.87816718119582,10.712711332209599,50.97457973441729,94.29363650505763,376.40099331326724,31.71477802309171,994.1025185705964,2188.293715700643,213.7860225058346,138332.86202539474
t132,22302.391120989225,2472.959999999999,12471.280356880796,23095.0,57241.5,-0.0,2126.261868376338,37.845825928462226,3542.036619711046,87.05200656703448,-0.0,-0.0,-0.0,-0.0,5152.173913043478,4695.652173913043,699.9681792640795,1701.7516100000003,0.0,41.037389999999995,619.2274020911093,185.1345264795072,415.61519999999996,819.9454416615621,-0.0,-0.0,-0.0,-0.0,-0.0,-0.0,-0.0,14.676788595681826,230.23480205868765,-0.0,-0.0,18.30982444778827,56.23577220590508,58.81481947224919,11.690327690251372,68.08144484351257,125.93820383140607,206.21986721036404,70.34621516505965,1316.3909631874872,2612.565555338856,459.22002137490875,142955.55824032784
t133,23802.364847134857,2680.7999999999993,13481.642556880795,23095.0,57241.5,-0.0,3409.583005766336,16.116204600783828,5289.945394859951,143.4173816881621,0.0,0.0,-0.0,-0.0,5152.173913043478,4695.652173913043,742.827306144839,1909.462233670399,0.0,31.527287936858542,753.2971620911094,203.72415295901442,416.01559999999995,1110.4025777411944,-0.0,-0.0,-0.0,-0.0,-0.0,-0.0,32.94235761673214,-0.0,61.20159670710825,-0.0,74.53477863108012,39.5749488816143,28.700374920087203,90.6768263840053,5.065340805493119,50.63201621957214,116.4825596246058,-0.0,114.33933333101182,1447.0621359296597,3234.6038501743196,431.5200556996995,149902.7879733558
t134,25387.144847134856,2888.6399999999994,14492.004756880795,23095.0,57241.5,-0.0,4271.226039462984,64.26511626741808,9422.109970682191,199.7827568092897,-0.0,-0.0,-0.0,-0.0,5152.173913043478,4695.652173913043,874.6992309928223,2319.026067340798,0.0,42.02242793685854,954.4827620911095,245.13303943852162,456.4424073219266,1289.397301695388,-0.0,-0.0,-0.0,-0.0,-0.0,-0.0,30.77348446781548,-0.0,-0.0,-0.0,69.61940874348497,61.24718069453675,-0.0,123.14881129833374,8.810709726182738,56.10899439465952,126.61396613896152,10.00192438511499,-0.0,1099.4257588703138,912.5288044653935,-0.0,155588.9818541963
t135,26971.924847134855,3096.4799999999996,15502.366956880795,23095.0,57241.5,-0.0,2802.098942317726,112.41402793405234,12218.823876701708,133.18850453952646,-0.0,-0.0,-0.0,-0.0,5152.173913043478,4695.652173913043,918.3623538080286,2526.2497110111967,0.0,47.25733793685854,1135.7917136728877,263.7775859180288,449.7364146438533,1343.3641759482034,4.867984508784934,3.700661692902833,-0.0,0.8444462923402437,-0.0,-0.0,60.403614666695205,-0.0,-0.0,-0.0,136.7185514118515,85.85519601337711,18.621165954357387,139.84074925125088,13.063437205780989,78.65257889816093,145.49286572736725,159.42542679934863,-0.0,587.0866649692252,-0.0,174.19494308186717,159314.93082187755
t136,28017.631836697263,3304.3199999999997,16512.729156880796,23095.0,57241.5,-0.0,3527.35039343157,160.5629396006866,14907.157918460936,143.4173816881621,-0.0,-0.0,-0.0,-0.0,5152.173913043478,4695.652173913043,873.8559548244168,2531.1331646815956,0.0,57.74614793685854,1249.8229052546658,241.01324591802887,460.02411948083886,1272.2514121382317,9.356637204058103,7.112953792880904,-0.0,1.6230901272345686,-0.0,-0.0,56.95136828796589,-0.0,-0.0,313.3422928448025,127.87668074170571,59.6,43.853559575107255,100.50200757348952,2.7634372057809893,54.6,101.0,-0.0,68.98346193876849,-0.0,-0.0,330.48295012551284,164721.39110336785
t137,28365.0,3512.16,17523.091356880796,23095.0,57241.5,-0.0,4008.375209995,170.6601311435524,16816.85282966855,199.7827568092897,-0.0,-0.0,-0.0,-0.0,5152.173913043478,4695.652173913043,918.3623538080286,2737.8698283519943,0.0,62.97472793685854,1296.495376836444,263.7775859180288,436.08591948083887,1245.1550961756834,-0.0,-0.0,-0.0,-0.0,-0.0,-0.0,-0.0,-0.0,82.2331437446315,376.0436213908822,-0.0,-0.0,31.753460742027386,11.202007573489524,-0.0,-0.0,-0.0,-0.0,-0.0,371.0703282923892,2271.8241916199563,-0.0,170885.09601332495
t138,28318.65654014752,3720.0,18083.8,23095.0,57241.5,-0.0,4548.633520994794,170.6601311435524,16816.85282966855,199.7827568092897,-0.0,-0.0,-0.0,-0.0,5152.173913043478,4695.652173913043,918.3623538080286,2737.8698283519943,0.0,62.97472793685855,1275.890088418222,263.77758591802876,460.02411948083886,1343.3641759482034,-0.0,-0.0,-0.0,-0.0,-0.0,-0.0,-0.0,-0.0,-0.0,785.0450350641053,-0.0,-0.0,-0.0,-0.0,-0.0,-0.0,-0.0,-0.0,-0.0,-0.0,1438.1759697742614,-0.0,171328.19575042077
t139,26205.492567861147,3620.017643293497,16792.69193119011,23095.0,57241.5,-0.0,4548.633520994794,170.6601311435524,16816.85282966855,199.7827568092897,-0.0,-0.0,-0.0,-0.0,5152.173913043478,4695.652173913043,848.1490169082715,2737.869828351995,0.0,57.71449793685856,1188.00704,241.01324591802873,460.02411948083886,1316.542338301122,-0.0,-0.0,-0.0,-0.0,-0.0,-0.0,-0.0,-0.0,-0.0,-0.0,-0.0,-0.0,-0.0,-0.0,-0.0,-0.0,-0.0,-0.0,-0.0,610.6832285354944,-0.0,580.7871179079394,166579.24790125803
t140,24092.328595574774,3342.8813846329886,15445.463293776716,23095.0,57241.5,-0.0,3364.441976251605,133.63101596581228,11934.805835549649,133.18850453952646,-0.0,-0.0,-0.0,-0.0,4519.512968682008,4695.652173913043,689.726877975738,2535.529638351995,0.0,47.200367936858555,1084.37824,195.4845659180287,430.2919463205593,1164.6837776601665,9.902581540456092,6.706866389088221,14.853872310684132,1.7177947570178929,9.094207537153551,16.824283943734066,60.274386621245476,20.5124903338019,-0.0,659.608248335543,132.61416761622638,-0.0,16.03741747402188,31.75479779224287,3.662647449721183,19.415587451920057,35.91528081765432,128.69049631593165,43.84509034472057,984.8901951031864,1178.8513967567874,899.6688808618621,158420.54185280247
t141,21979.1646232884,3065.7451259724803,14098.234656363322,23095.0,57241.5,0.0,1848.2308025866737,133.63101596581228,9308.587397099509,133.18850453952646,-0.0,-0.0,-0.0,-0.0,3181.337293774764,4695.652173913043,620.3175370104289,2130.8492583519946,0.0,36.31001661684618,980.58752,158.40142295901438,448.43617316027957,887.757016927327,8.56381296529114,14.9,-0.0,-0.0,-0.0,-0.0,-0.0,-0.0,168.76029889989604,1375.5687037129285,275.59822694467886,17.068358545197217,28.953239124833864,57.328697424560175,6.612380554008622,35.052036723191335,64.83984815095833,232.33208956269124,79.15597303973428,1291.2669658909056,2077.7504286566777,1153.9849450594857,150930.6665437845
t142,19866.00065100203,2788.608867311972,12751.006018949927,23095.0,57241.5,-0.0,1610.863619345963,76.74430558462815,5087.759313243571,133.18850453952646,-0.0,-0.0,-0.0,-0.0,2393.6941342404775,4695.652173913043,620.7195349776528,1759.902239228787,0.0,30.673565296833797,876.7158400000001,144.16500000000002,419.50480000000005,677.6853192658659,-0.0,8.38975442944704,16.554280552063286,1.9144406080617407,10.135273807385687,18.75025654366352,67.17434251228401,22.860673143325492,342.4819284023239,737.6969454078314,294.82781275693605,30.27460504030128,38.94655652297469,77.11590903551308,8.89466811943768,47.150376633135664,87.21956117118502,312.522368196553,106.4769494297734,1529.4230407614393,2779.7510224958537,1357.962328163178,142165.90698063295
t143,17752.836678715656,2511.472608651464,11403.777381536533,23095.0,57241.5,-0.0,1257.853418175135,76.74430558462815,2056.6730839233564,133.18850453952646,-0.0,-0.0,-0.0,-0.0,2393.6941342404775,4695.652173913043,621.1608131788335,1590.8084301055783,0.0,30.2846839768214,772.7632000000001,121.37320000000001,419.848,592.831051344068,8.201772909231357,14.624775671668836,-0.0,-0.0,17.66751423423081,32.684901333327,117.09635823020753,39.850059883876156,302.959830447497,1299.495700313015,258.5,39.1314258829637,29.611196431571514,90.38627986185124,10.425293197951486,55.26417559302439,102.22860320321361,366.3022920717128,124.79986905897266,1689.0539213463903,3257.6477555391866,1498.2526595442791,136121.6460526393
t144,15639.672706429283,2234.3363499909565,10056.54874412314,23095.0,57241.5,-0.0,978.562662400102,76.74430558462815,529.2412850600455,66.59425226976326,-0.0,-0.0,-0.0,-0.0,2393.6941342404775,4695.652173913043,469.6977547955758,1496.9765200000002,0.0,25.030783976821397,705.5664,115.84695941203394,409.5745814341883,633.2440305968483,-0.0,-0.0,8.495096585906982,0.9824261357851616,5.20107954239203,9.621997153425255,34.471599411520515,11.731323856728693,219.15812135832823,284.138806662134,80.29712024298952,45.29672893815717,34.276551595820266,67.86909218418516,7.828125974211726,41.49666778562721,76.76123528110529,275.0484262201187,93.70950802138893,1190.0495255265737,1679.2488679927174,696.6841320366814,125725.8500767327
t145,15178.661143307236,2708.510343718599,14060.419709709926,15852.85484306589,57241.5,-0.0,896.523859266003,56.88671038118413,435.36413946569263,-0.0,-0.0,0.0,-0.0,-0.0,-0.0,4695.652173913043,376.19987820930993,1312.2897829765843,0.0,22.384052281144456,648.0683061596635,98.81318778602865,263.85231154174113,673.2844770900365,-0.0,-0.0,11.154607656704144,-0.0,7.056485233210536,13.05449768143949,46.76881601788982,15.91629447046376,120.09862901147181,-0.0,111.56356218815999,12.495050825638891,9.455147520743523,79.22892412232324,2.8028286128675575,48.442320907937855,89.6094214597385,321.08563986415203,109.39447194045306,1001.5334085013897,1866.5126271788376,789.7185430714939,119177.15619513697
t146,15178.661143307236,2708.510343718599,14060.419709709926,15852.85484306589,57241.5,-0.0,896.523859266003,56.88671038118413,681.0637350696162,-0.0,-0.0,-0.0,-0.0,-0.0,-0.0,4695.652173913043,382.21860806047556,1415.468456488292,0.0,26.55346987797496,717.2081461596634,98.82853999999999,255.850233402221,722.1536984453197,1.480956754952843,1.1258293698366,-0.0,0.2569006615734523,3.735542375418772,6.91075339452473,24.75834474374775,8.425723357889005,61.2779362309098,106.54143168497694,20.89246856675034,9.350929543431194,11.245023136533534,3.544033092905721,0.4087742537170094,34.0764144870934,63.03512569956834,225.86546525419584,76.95278216590872,692.5616159977931,2006.8504013269467,551.7637576494299,118901.41388061356
t147,16549.680879988682,2708.510343718599,14060.419709709926,16748.643664228002,57241.5,-0.0,896.523859266003,56.88671038118413,1323.291579805135,30.686631445906876,-0.0,-0.0,-0.0,-0.0,579.0050632175825,4695.652173913043,453.14434278651424,1316.30694,0.0,29.21092743898749,726.2198821300647,105.55623999999999,294.8093552627008,770.9468205969276,0.6668083085408327,0.5069103978193064,1.0002124628112485,-0.06942924643666741,1.9724373032084772,3.649009010935682,-0.0,4.448941917236899,32.3116421814196,156.22721112838335,30.078684513626385,10.45651603488638,7.912564986130466,5.200557819196799,0.5998403755624528,21.881461067109022,40.47669538054963,101.30169880605968,49.41362911308685,436.7008783248492,1425.107705809035,354.37808308351646,121271.21718266678
t148,18134.46087998868,2708.510343718599,14060.419709709926,18038.983664228002,57241.5,-0.0,896.523859266003,56.88671038118413,3520.832671134888,87.05200656703448,-0.0,-0.0,-0.0,-0.0,2032.6050632175825,4695.652173913043,559.2050450521435,1316.06345,0.0,26.608155000000004,667.953858100466,134.99336,351.83775526270085,819.6317974345999,1.0670474938816212,0.8111738601447017,1.6005712408224313,-0.0,-0.0,-0.0,-0.0,-0.0,-0.0,79.32739038329026,-0.0,11.863591875090211,8.977315328298129,7.308810713998846,0.8430095224433161,4.46876892479661,8.26640405502669,29.61991710410058,10.091560593908824,85.33799850022399,919.9563244328186,69.18729956318663,126588.44768656688
t149,19719.24087998868,2708.510343718599,14060.419709709926,19329.323664228003,57241.5,-0.0,977.5439763115827,56.88671038118413,5630.785655144913,87.05200656703448,-0.0,-0.0,-0.0,-0.0,3199.935785470826,4695.652173913043,664.7639700160016,1344.2512903622894,0.0,22.39554,648.4896000000001,141.5563,408.35135526270085,868.2467775188265,1.483644001948096,1.127872225970746,2.225466002922143,0.326796063101133,1.3625302058706998,2.520680880860795,9.030547420020806,3.073262575463912,22.442021595209436,58.947990245363755,19.3867735790571,5.6202594890426685,4.25291447912457,8.420959267978361,0.9712864553211326,5.148761209760568,9.524265241498483,34.127045454438615,11.627147567096666,98.38424354447426,-0.0,79.12461375281273,132184.03481985096
t150,20398.51251473977,2708.510343718599,14060.419709709926,20514.32,57241.5,-0.0,1093.5358154877313,56.88671038118413,6418.796304410318,87.05200656703448,-0.0,-0.0,0.0,-0.0,3199.935785470826,4695.652173913043,769.8603979120453,1315.57647,0.0,23.430494999999997,696.1411818995341,163.16732000000002,464.29295526270084,916.7539091650747,3.1869573567347365,2.4227379905789577,4.780436035102103,0.6222687879110604,2.926797572511492,5.41457550914626,19.398163911145613,6.6015545246648095,48.72858618712601,-0.0,41.05498423464843,8.529520677229435,6.454385613138381,12.779969739540077,1.4740614593198524,7.813956862025627,14.454389067116997,51.79250894445188,17.645803682926,150.490273155674,-0.0,117.03974331531185,135347.95576826407
t151,21983.29251473977,2708.510343718599,14909.793861984703,21804.66,57241.5,-0.0,2376.856952877729,105.03562204781838,10550.960880232558,143.4173816881621,-0.0,-0.0,-0.0,-0.0,4653.535785470826,4695.652173913043,874.4550485063178,1488.7548596377108,0.0,29.713019999999997,810.9086037990681,207.48776,519.7197552627008,965.1793092110164,12.149475640193437,9.236080971371543,18.22421346029015,2.107562100849882,-0.0,20.641711164206196,73.95063489158555,25.166770968972116,-0.0,683.6038702597023,149.0832784072797,13.757031553469599,10.410102735930856,20.612465062497233,2.377473573837867,10.301049656222446,19.055055224880352,83.53472683222563,23.262260487403438,-0.0,416.40538668056575,177.7737276039169,147841.08675036542
t152,23568.072514739768,2708.510343718599,15920.156061984702,23095.0,57241.5,-0.0,3660.1780902677265,153.18453371445264,14683.125456054799,199.7827568092897,-0.0,-0.0,-0.0,-0.0,5152.173913043478,4695.652173913043,978.5267029321855,1863.7864592754213,0.0,41.24311499999998,992.7918656986021,251.72582,567.7105552627008,1013.575062894018,21.546999585187343,16.380117031596505,16.65125594967082,1.9256554499619325,10.194646499798463,16.526775352722098,59.208537524917304,25.862209773049912,-0.0,1443.093731489804,19.110931910139414,27.051991690129547,20.470550758806088,38.42434539259004,4.431923376748908,23.49349673499907,43.45866612151842,-0.0,53.0539953740913,-0.0,1197.829169207061,344.0137123010984,160169.42413683265
t153,25152.852514739767,2888.6399999999994,16759.283211125516,23095.0,57241.5,-0.0,4548.633520994794,170.6601311435524,16754.518648757672,199.7827568092897,-0.0,-0.0,-0.0,-0.0,5152.173913043478,4695.652173913043,1067.6,2440.914758913132,0.0,47.519309999999976,1107.397367598136,274.6,567.7105552627008,1061.8139506198984,20.97336592100117,15.944038378720283,31.460048881501756,3.638236945479796,18.0,33.3,-0.0,40.6,-0.0,836.3810628385572,146.9304359709001,41.71796168933019,31.568457587060266,62.506945953979624,7.209647741612432,38.21813268854746,70.69654581581123,-0.0,86.30578315930222,-0.0,2089.8493090263764,117.13074527698006,166918.68353079614
t154,26737.632514739766,3096.4799999999996,17769.645411125515,23095.0,57241.5,-0.0,4548.633520994794,170.6601311435524,16816.85282966855,199.7827568092897,-0.0,-0.0,-0.0,-0.0,5152.173913043478,4695.652173913043,1067.6,2845.5951389131324,0.0,58.03976999999999,1242.0338475981362,274.6,544.2299552627007,1110.0318591114758,9.686486043792005,7.363706227168418,19.260928463765843,1.6803088035149407,7.634498071950767,10.982161074033149,-0.0,13.389661850022405,129.12242304456336,-0.0,-0.0,45.28442113752878,40.01283088124269,31.715254330674384,9.640960327209356,48.44125423760202,89.60744831497809,89.93353851805904,82.22250011736018,266.7266553741733,2933.4586996032576,-0.0,170502.3075587443
t155,28210.108387356726,3304.3199999999997,17944.23661398163,23095.0,57241.5,-0.0,4548.633520994794,170.6601311435524,16816.85282966855,199.7827568092897,-0.0,-0.0,-0.0,-0.0,5152.173913043478,4695.652173913043,1067.6,3047.935328913133,0.0,63.3,1309.3116075981366,274.6,567.7105552627008,1158.1711037209705,-0.0,-0.0,-0.0,-0.0,13.842092890053312,22.466211487522855,41.14255898886853,27.391236828631477,-0.0,-0.0,-0.0,62.30001256901346,52.88872305506751,-0.0,12.07879927865178,64.02936316644536,118.44259486833299,193.25472205923865,117.42421863249544,310.1663027605285,1252.2456743249784,-0.0,171155.2214333158
t156,28365.0,3512.16,18063.591659991853,23095.0,57241.5,-0.0,4548.633520994794,170.6601311435524,16816.85282966855,199.7827568092897,-0.0,-0.0,-0.0,-0.0,5152.173913043478,4695.652173913043,1067.6,3047.935328913133,0.0,63.3,1309.3116075981366,263.24529000000007,567.7105552627008,1206.2111670211236,6.376644289626186,-0.0,-0.0,-0.0,12.06369671673884,-0.0,79.9555010170524,-0.0,101.96387005507789,-0.0,-0.0,71.20534863382815,23.6540068107936,31.4139653965929,5.402134593152418,76.28069641558153,116.70170664866842,230.6304117273719,149.59903837801096,698.9158813796633,-0.0,-0.0,170990.4838364218
t157,28365.0,3720.0,18083.8,23095.0,57241.5,-0.0,4548.633520994794,170.6601311435524,16816.85282966855,199.7827568092897,-0.0,-0.0,-0.0,-0.0,5152.173913043478,4695.652173913043,1067.6,3047.935328913133,0.0,63.3,1309.3116075981366,274.6,567.7105552627008,1254.172566439194,4.549616663059747,-0.0,-0.0,-0.0,-0.0,7.729705861218855,-0.0,-0.0,175.8306351603595,329.12063152404994,-0.0,35.436264170560165,26.815025404232607,-0.0,6.124052365046472,46.69530527763186,157.08631183675456,375.33524952507855,116.42939782495966,1147.9189798385776,575.8300263444846,-0.0,172678.58658558188
t158,28365.0,3720.0,18083.8,21750.129588691983,57241.5,-0.0,4548.633520994794,170.6601311435524,16816.85282966855,199.7827568092897,-0.0,-0.0,-0.0,-0.0,5152.173913043478,4695.652173913043,1067.6,3047.935328913133,0.0,63.3,1309.3116075981366,274.6,567.7105552627008,1302.0258205433288,9.186521369128775,-0.0,-0.0,-0.0,-0.0,15.607712326121845,28.223608746634433,-0.0,75.8381259460354,325.3538773142841,-0.0,-0.0,-0.0,-0.0,-0.0,-0.0,101.0,522.0610212813583,19.291715264245006,1606.7704826567906,1975.1310807757309,-0.0,173055.1323722623
t159,28365.0,3720.0,18083.8,20029.57531617466,57241.5,-0.0,4548.633520994794,170.6601311435524,16816.85282966855,199.7827568092897,-0.0,-0.0,-0.0,-0.0,5152.173913043478,4695.652173913043,1067.6,3047.935328913133,0.0,63.3,1309.3116075981366,274.6,567.7105552627008,1349.809374769975,8.41474481530091,-0.0,-0.0,-0.0,-0.0,-0.0,-0.0,-0.0,138.0401121853781,598.8416214950495,53.87925551972279,23.213233805470068,-0.0,-0.0,-0.0,-0.0,-0.0,686.8227581337837,-0.0,2125.481410416245,3542.3136139770468,268.7122952282773,174149.61655386759
t160,27188.64370154183,3720.0,18083.8,18309.02104365734,57241.5,-0.0,4548.633520994794,170.6601311435524,16816.85282966855,199.7827568092897,-0.0,-0.0,-0.0,-0.0,5152.173913043478,4695.652173913043,1067.6000000000001,3047.935328913133,0.0,63.3,1309.3116075981366,274.6,528.7662466181455,1353.914659570833,-0.0,3.728438625025172,-0.0,0.8507846526903077,-0.0,8.332684980760954,29.852532078221678,10.159369676243086,143.44849256698882,341.3808173996589,124.23972522522818,-0.0,-0.0,-0.0,-0.0,4.37972365777491,61.66213734307925,677.1381632822572,75.2766488554621,2126.1301439914514,789.2877494364134,275.19856926979844,168443.21389451314
t161,25744.481004739104,3720.0,18083.8,16588.466771140018,57241.5,-0.0,4548.633520994794,170.6601311435524,16816.85282966855,199.7827568092897,-0.0,-0.0,-0.0,-0.0,5152.173913043478,4695.652173913043,1013.5727460229175,3047.935328913133,0.0,63.3,1274.9308437990685,274.6,473.86839522729764,1401.5226364085052,4.106380636371379,6.850125945531985,6.1595709545570685,1.5631159875710572,3.771165890545144,6.976656897508516,54.846981563890324,-0.0,149.06482845767567,637.2949887445825,-0.0,9.864197491289595,2.710378397054768,5.3666694203324,-0.0,-0.0,142.3063826652419,966.1000680554321,7.409970207469016,3038.0558066447675,-0.0,-0.0,165554.18033978256
t162,23631.31703245273,3720.0,18083.8,16588.466771140018,57241.5,-0.0,4548.633520994794,170.6601311435524,16816.85282966855,199.7827568092897,-0.0,-0.0,-0.0,-0.0,5152.173913043478,4695.652173913043,870.4116958774301,2873.5394892754225,0.0,60.147659999999995,1173.2723200000005,261.09883333333335,370.9225438364498,1323.9538637591943,-0.0,-0.0,-0.0,-0.0,-0.0,14.679972550329879,-0.0,8.274392723396964,142.46445432508352,318.54132430113077,67.0216791455702,-0.0,-0.0,-0.0,-0.0,-0.0,189.54359541417944,1139.3853757041047,-0.0,2957.5710985069263,54.07452762876255,-0.0,162673.74195554678
t163,21518.153060166358,3720.0,18083.8,16588.466771140018,57241.5,-0.0,4548.633520994794,170.6601311435524,15081.505121822402,199.7827568092897,-0.0,-0.0,-0.0,-0.0,4620.747248266469,4695.652173913043,638.1380684301715,2497.046949637712,0.0,51.73509,1010.9475200000005,224.72348666666664,311.6827999999999,1121.1963099000825,-0.0,-0.0,-0.0,-0.0,-0.0,-0.0,-0.0,19.233481131636992,162.61531917537013,696.3107474320957,66.36048149140794,-0.0,-0.0,-0.0,-0.0,-0.0,261.39214472814314,1034.930821216218,87.7121399050666,2300.0,2644.2124021822337,659.199160751683,160256.33770690442
t164,19404.989087879985,3470.476533095043,17467.670015574124,16588.466771140018,57241.5,-0.0,3928.9462065958655,170.6601311435524,10199.4581277035,133.1885045395265,-0.0,-0.0,-0.0,-0.0,3434.782608695652,4695.652173913043,461.4182457319428,1918.214220000001,0.0,38.06862,848.5417600000005,165.47395999999998,217.2456,793.1428603365296,-0.0,-0.0,-0.0,-0.0,-0.0,10.498367379575003,37.61126811961856,-0.0,191.26093203588974,447.1986416612683,159.65184603044293,22.939878373847232,17.358867695646147,34.37132783195567,3.9644420679635326,21.01539193308824,300.26677083147484,1174.225149798354,135.16997553418344,1593.7074343522836,643.7775073766625,1014.1139408009556,146985.027168172
t165,17291.825115593612,3193.340274434535,16120.441378160729,16588.466771140018,57241.5,-0.0,2412.7350329309343,113.77342076236827,5317.411133584596,66.59425226976323,-0.0,-0.0,-0.0,-0.0,1717.391304347826,4695.652173913043,372.80744573194283,1514.2643100000003,0.0,27.567149999999998,714.2291200000001,119.97274000000002,169.7696,590.2074612859935,6.71808656575126,5.1071168280456005,10.077129848626887,1.165382363446647,6.169671335894012,21.91225935097893,78.50247869584943,13.916036457627607,215.97241177371427,877.1268342749468,-0.0,40.98667850739348,31.015087259789365,61.41124816627915,7.083268265539479,37.548198766840336,242.3058400731372,921.9079848374546,172.50505030710713,1943.982992830578,1758.5524315269759,1286.2520397239773,136008.16691191532
t166,15178.66114330724,2916.2040157740266,14773.212740747334,16588.466771140018,57241.5,-0.0,896.523859266003,56.88671038118413,435.36413946569263,-0.0,-0.0,-0.0,-0.0,-0.0,-0.0,4695.652173913043,372.28444956353803,1312.1676100000002,0.0,22.313249999999996,647.03232,97.18094,169.1976,512.2709665310165,6.979472218065969,5.305823267815456,10.469208327098952,1.2107247725216477,6.409719383938134,11.85798086028555,42.482195694656625,28.373514623621396,227.7405026400757,926.925301703779,100.59967032357495,55.40397239502209,41.924818037172756,83.01299890730658,9.574847578334357,50.755988133694736,165.7378313927763,647.5519220510921,202.3314317893992,1069.2314579951822,2624.6035345394375,840.0339844702463,123073.43559119417
t167,15178.66114330724,2708.510343718599,14060.419709709926,15852.85484306589,57241.5,-0.0,896.523859266003,56.88671038118413,435.36413946569263,-0.0,-0.0,-0.0,-0.0,-0.0,-0.0,4695.652173913043,371.8219524957237,1311.92412,0.0,22.306919999999998,646.8704,97.09856000000002,215.58680000000004,559.4522254130992,13.954596755134114,10.608341410790729,20.931895132701165,2.420695355482448,12.815445999612958,23.70857509928398,84.93792820854588,28.90595042134923,112.63152823459399,-0.0,101.90133360522627,65.10945579886146,49.269068062561274,97.55493964493839,11.252137495440824,59.647253131171745,182.18504320129603,652.7996745994951,222.41005769029508,1251.0463261637506,1233.4499474829229,985.3322267449205,119574.30632097478
t168,15178.661143307236,2708.510343718599,14060.419709709926,15852.85484306589,57241.5,-0.0,896.523859266003,56.88671038118413,435.36413946569263,-0.0,-0.0,-0.0,-0.0,-0.0,-0.0,4695.652173913043,371.3201751939524,1355.485272025273,0.0,23.492682403169493,646.78944,98.37566593743001,261.7472,606.5548204130993,12.072219070505351,9.17735021176172,18.108328605758018,2.0941604510060303,11.086731799443688,20.510453828970824,73.48039464853511,25.006739503189657,193.71390172999514,357.64577305793586,175.72545874099632,72.09505082563889,54.555147520743525,108.02161138807973,12.459379588994642,66.04680830670947,122.17449888237462,437.7717935201125,149.1496605167999,1380.0527196066582,1640.5872852877467,1088.9813462566808,120520.65499214914
t169,20406.17123079637,2057.1824480369505,12488.868954616784,14509.60131226652,47070.635006320415,-0.0,30.106607585044628,26.07718352828978,579.5131668927327,-0.0,-0.0,-0.0,-0.0,-0.0,1480.784703955217,-0.0,348.6684757246605,1425.2569360126365,0.0,25.330521201584745,676.66368,105.576942968715,266.03664473729924,744.3824550835486,3.5604643219574434,2.7066795100594856,5.340696482936167,0.6176315660538427,3.2698141732262265,6.049156220468518,21.671601714771597,7.375247524054711,131.49206774607333,-0.0,131.3550430130753,46.47342551878034,35.16697132377506,111.51551583759152,12.862371927516158,68.1830589555711,126.12617132807105,451.93130102602885,153.97383093813033,1969.0005923721058,2880.555652549554,1761.07576988454,110171.1593336611
t170,20406.17123079637,1780.0461893764425,12488.868954616784,14509.60131226652,47070.635006320415,-0.0,-0.0,-0.0,-0.0,-0.0,-0.0,-0.0,-0.0,-0.0,1480.784703955217,-0.0,402.37431508814916,1292.9319000000003,0.0,21.91446,639.3411199999999,89.98642000000001,266.03664473729924,784.6676318369942,4.986465009157747,3.7907310528801244,7.479697513736621,0.8649990322008341,4.5794066410632395,8.471902285966992,30.351289571046912,10.329106090398195,22.555386582560715,111.1276562404633,75.9074220278964,49.932756474016095,37.78468652647862,116.69870802387597,13.46020932414247,71.35217758234748,131.98846036295043,472.93686935991843,161.13046695793852,1417.0777302235629,3102.80275740656,1291.6150628788118,108380.5838361622
t171,20406.17123079637,1502.9099307159345,12488.868954616784,15192.526215216465,47070.635006320415,-0.0,-0.0,-0.0,-0.0,-0.0,-0.0,-0.0,-0.0,-0.0,1480.784703955217,-0.0,456.30885679537204,1292.9318999999998,0.0,23.752298798415254,639.3411199999999,89.98642000000001,266.03664473729924,824.9528085904399,0.5256362803347603,0.3995908457646902,0.7884544205021395,0.09118180373154006,0.4827271962258006,0.8930453130177298,3.1994085838743302,1.0888180092648607,-0.0,-0.0,7.691141937721781,30.695172927305478,23.227387567474445,45.99125742295938,5.304702703879972,28.120074527363748,89.54619339105363,320.8590830517061,63.5019265425632,948.0797564792244,906.6188318862123,772.7578488009058,104985.0683302338
t172,20406.17123079637,1428.9649942720098,12488.868954616784,16482.866215216465,47070.635006320415,-0.0,-0.0,-0.0,-0.0,-0.0,-0.0,-0.0,-0.0,-0.0,1480.784703955217,-0.0,510.2433985025949,1292.9319000000003,0.0,21.91446,639.3411199999999,89.98642000000001,266.03664473729924,865.2379853438855,0.8587083781913325,0.6527936140332069,1.2880625672869979,0.14895961662502707,0.7886097350736732,1.4589280098862938,5.226730077460507,1.7787530691106177,5.23431746949243,24.539428214108945,12.479917691192805,32.78689728232864,24.810219252231906,49.125334350871604,5.666191979999747,30.036318651260807,55.56168834757034,199.08688131669012,67.82926904213294,356.08973602445576,1028.8476696520127,529.2059834359643,105477.48443153901
t173,20406.17123079637,1428.9649942720098,12488.868954616784,17737.24807741819,47070.635006320415,-0.0,-0.0,-0.0,-0.0,-0.0,-0.0,-0.0,-0.0,-0.0,1480.784703955217,-0.0,564.1779402098177,1292.9319,0.0,21.91446,639.3411199999999,89.98642000000001,266.03664473729924,905.5231620973311,0.18815898546054477,0.14303922874296526,0.28223847819081715,0.09041763690194887,0.17279906828009217,0.3196782763181707,1.1452738247675,0.3897578984539858,8.180878627267717,14.785311311667648,7.43346435176092,8.86001757665543,11.341723739011588,13.27516056368004,1.5311775342206522,8.116727511499771,15.014459316144269,105.53790578388859,18.3295330067385,310.47425751715866,1060.8984425653405,272.32096325855736,106251.41600048414
t174,20701.334110816584,1428.9649942720098,12488.868954616784,19027.58807741819,47070.635006320415,-0.0,-0.0,-0.0,-0.0,-0.0,-0.0,-0.0,-0.0,-0.0,1492.0243908786417,-0.0,618.1124819170407,1292.9319,0.0,21.91446,639.3411199999999,101.06648393805281,266.03664473729924,945.8083388507767,1.3791740705171425,1.0484537576890522,2.068761105775714,0.2970222945138077,1.26658843210758,2.343188599399023,8.394666663913014,2.8568605746426523,21.59490983739395,95.2918474890418,18.902859592036794,10.082726716897282,7.629714344497774,15.107172748639726,1.7424846507389589,9.236860381587107,17.08649997326553,61.2238053497504,20.859063828748912,179.8785347121469,609.0165050341152,153.14941183532775,107335.08407575852
t175,22286.114110816583,1636.8049942720097,13499.231154616784,20317.92807741819,47070.635006320415,-0.0,18.880345736871043,-0.0,1939.5805386302393,56.36537512112761,-0.0,-0.0,-0.0,-0.0,2945.624390878642,-0.0,672.0470236242636,1495.0286,0.0,27.16836,706.53792,134.9383478761056,266.03664473729924,986.0935156042224,4.490768897792772,3.413900845771036,6.736153346689156,0.8694285681517154,4.124175518381117,7.629724709005067,27.33411885238151,9.30230700257074,70.64293344218659,310.22665074570415,59.95561117589907,9.079444135294075,6.8705189681503835,13.603932236271165,1.56909856700552,8.31774580179625,15.38630633665607,55.1317253785721,18.783480904056383,-0.0,521.4361442698331,133.22096503693382,115347.13954039183
t176,23870.89411081658,1844.6449942720096,14509.593354616783,21608.26807741819,50268.773006320414,-0.0,1302.2014831268689,48.148911666634255,6071.745114452479,112.73075024225523,-0.0,-0.0,-0.0,-0.0,4399.224390878642,1324.8,725.9815653314865,1899.2220000000002,0.0,37.67616,840.9315200000001,170.8285678761056,266.03664473729924,1026.3786923576681,12.675497742947812,9.635965120914408,-0.0,2.198810832960335,9.555090718529435,17.676917829279454,63.32901792892009,-0.0,-0.0,81.5871263485476,-0.0,10.13657074340754,7.6704587336859085,11.45354564367879,1.3903006342342132,9.286187291779392,17.177745722888616,-0.0,-0.0,-0.0,577.7381694913057,-0.0,131159.5907488965
t177,25455.67411081658,2052.4849942720098,15519.955554616783,22898.60807741819,53466.91100632041,-0.0,2585.5226205168665,96.29782333326851,10203.909690274719,169.09612536338284,-0.0,-0.0,-0.0,-0.0,5152.173913043478,2649.6,779.9161070387095,2339.175475710536,0.0,45.64523552491381,960.1676745947989,206.7187878761056,266.03664473729924,1066.6638691111139,9.195567884267948,6.990508238550634,13.793351826401922,1.5951495309444401,-0.0,-0.0,-0.0,-0.0,-0.0,-0.0,-0.0,15.042006948759187,11.382458278339586,22.537772156446223,2.668772449256661,-0.0,-0.0,-0.0,-0.0,-0.0,-0.0,-0.0,145997.76329788216
t178,27040.45411081658,2260.32499427201,16530.317754616783,23095.0,56665.04900632041,-0.0,3610.553211374704,144.44673499990276,11620.120364730716,199.7827568092897,-0.0,-0.0,-0.0,-0.0,5152.173913043478,3974.3999999999996,833.8506487459324,2577.032251421072,0.0,48.36041104982761,1012.2070291895976,242.6090078761056,266.03664473729924,1106.9490458645596,21.435820859683226,16.295598510677557,32.153731289524835,3.7184587205572948,-0.0,-0.0,-0.0,-0.0,-0.0,-0.0,-0.0,27.753357178399092,21.001282025936227,41.5834697320644,4.865532639949463,-0.0,-0.0,-0.0,-0.0,-0.0,-0.0,-0.0,156548.47513682506
t179,28365.0,2468.16499427201,16838.078434946172,23095.0,57241.5,-0.0,3866.251480593938,170.6601311435524,12085.24254411032,199.7827568092897,-0.0,-0.0,-0.0,-0.0,5152.173913043478,4695.652173913043,887.7851904531553,2612.7923271316076,0.0,45.82168657474141,997.0495837843963,255.7074278761056,266.03664473729924,1147.2342226180053,22.77958414767173,17.317132846954536,34.169376221507584,3.9515605154124436,9.678977607174293,17.906108573272437,64.15011269643851,21.831471713959793,174.61345259404902,-0.0,-0.0,44.05047982198704,33.33350067066469,66.00180953193696,7.612750707491049,16.050047238206503,29.689647821590782,34.55445864476651,36.24488689507073,328.6615993733323,-0.0,-0.0,161352.53046962857
t180,28365.0,2676.00499427201,17098.22411570803,23095.0,57241.5,-0.0,4342.8166754545355,170.6601311435524,12780.50148483625,199.7827568092897,-0.0,-0.0,-0.0,-0.0,5152.173913043478,4695.652173913043,941.7197321603783,2446.455702842143,0.0,38.02906209965522,914.695338379195,246.01404787610562,266.03664473729924,1187.519399371451,19.237720464446117,14.624593618379958,28.85658069666917,3.3371555907712653,17.667294304083164,-0.0,-0.0,24.74298511924542,-0.0,-0.0,49.69615511426308,64.53388215917062,48.83352492245965,96.69254491298551,11.152667554353313,37.065047386034706,-0.0,-0.0,56.50889410320697,-0.0,1353.789546411422,-0.0,163684.5247650039
t181,28365.0,2883.8449942720104,17326.2432541767,23095.0,57241.5,-0.0,4548.633520994794,170.6601311435524,13820.045604956624,199.7827568092897,-0.0,-0.0,-0.0,-0.0,5152.173913043478,4695.652173913043,995.6542738676012,2482.215778552679,0.0,35.49033762456902,899.5378929739937,213.52886787610564,266.03664473729924,1227.8045761248968,-0.0,5.544039966243094,10.939246644801798,1.2650829453172157,12.865102512247859,13.00587673717063,-0.0,-0.0,-0.0,591.1147024254062,166.02396067241818,4.933882159170615,25.66504289720841,134.176341291044,5.861417779185068,63.61628644193897,49.11492938912692,-0.0,-0.0,-0.0,3102.3055981437938,160.1544545582717,167965.39068562997
t182,28365.0,3091.6849942720105,17462.841878368454,23095.0,57241.5,-0.0,4548.633520994794,170.6601311435524,14766.707236101824,199.7827568092897,-0.0,-0.0,-0.0,-0.0,5152.173913043478,4695.652173913043,1049.5888155748237,2720.0725542632144,0.0,38.205513149482826,951.5772475687925,203.83548787610565,266.03664473729924,1268.0897528783426,-0.0,-0.0,-0.0,-0.0,-0.0,-0.0,-0.0,-0.0,-0.0,453.44531092383227,-0.0,-0.0,41.406055694783745,167.51061985566503,9.456371921425113,25.941022564049735,-0.0,118.9593394045035,-0.0,-0.0,4974.594916527009,-0.0,171078.35625758575
t183,28365.0,3299.5249942720106,17628.846591460315,21391.818402335804,57241.5,-0.0,4548.633520994794,170.6601311435524,15545.101720433982,199.7827568092897,-0.0,-0.0,-0.0,-0.0,5152.173913043478,4695.652173913043,1049.5888155748237,2856.1591710978505,0.0,46.17458867439663,1070.8134021635913,199.09861945132678,266.03664473729924,1308.3749296317883,4.5130353829965255,-0.0,-0.0,-0.0,-0.0,-0.0,27.46964904038191,-0.0,-0.0,822.4026734238753,-0.0,-0.0,19.19702144168203,80.43830385470434,4.384242147435142,25.941022564049735,-0.0,302.645381617419,-0.0,594.5065836534714,1475.3949165270094,-0.0,168391.83320539037
t184,28365.0,3507.364994272011,17747.746869045524,19671.264129818483,57241.5,-0.0,4548.633520994794,170.6601311435524,16316.003735995286,199.7827568092897,-0.0,-0.0,-0.0,-0.0,5152.173913043478,4695.652173913043,997.5212046575418,2916.142902482437,0.0,56.68238867439668,1205.2070021635914,217.15355102654792,266.03664473729924,1348.660106385234,9.505944130261483,-0.0,-0.0,-0.0,-0.0,8.48285006550628,57.860159935724226,10.34245383362027,86.35010728308093,-0.0,80.24885026704287,25.3690128142849,19.19702144168203,38.010953763685265,4.384242147435142,-0.0,53.013859359541705,492.6029628274996,64.71889959437121,1205.6532782631034,-0.0,525.4494747283009,167304.37609561763
t185,28365.0,3715.204994272011,17910.038715819977,17950.70985730116,57241.5,-0.0,4548.633520994794,170.6601311435524,16816.85282966855,199.7827568092897,-0.0,-0.0,-0.0,-0.0,5152.173913043478,4695.652173913043,1034.0643937402601,2916.142902482437,0.0,61.936288674396614,1272.4038021635909,247.8263894513268,266.03664473729924,1388.9452831386798,-0.0,-0.0,-0.0,-0.0,4.3624482944069305,8.070529344652822,-0.0,20.18219831989368,-0.0,389.8843724213446,77.20225185773968,-0.0,-0.0,-0.0,-0.0,31.35926007281954,111.02274704003207,531.717733043189,135.5356901983758,1870.534663099434,172.37097668793922,1106.695340621503,168412.50280835514
t186,26745.663147655494,3720.0,18083.8,16230.155584783839,57241.5,-0.0,4548.633520994794,170.6601311435524,16816.85282966855,199.7827568092897,-0.0,-0.0,-0.0,-0.0,5152.173913043478,4695.652173913043,1049.5888155748237,2916.1429024824415,0.0,61.936288674396664,1272.4038021635909,255.70742787610567,266.03664473729924,1416.1593825049472,-0.0,-0.0,-0.0,-0.0,9.315442788502649,17.233569158729903,-0.0,-0.0,92.45896620929473,823.8446117147519,165.49485957474056,-0.0,-0.0,-0.0,-0.0,54.6,62.607134352721076,358.2364436220222,76.43029371970802,2468.243571891696,261.9475220178065,1637.4753749020765,166870.73711197768
t187,24632.49917536912,3720.0,18083.8,14509.601312266517,57241.5,-0.0,4548.633520994794,170.6601311435524,16816.85282966855,199.7827568092897,-0.0,-0.0,-0.0,-0.0,5152.173913043478,4695.652173913043,976.5024374093871,2753.1780619859533,0.0,58.13504293951734,1205.2070021635907,240.79666630088454,266.03664473729924,1318.2260818712157,-0.0,-0.0,-0.0,-0.0,-0.0,-0.0,-0.0,14.343319851033973,210.83198606476225,542.9464150062408,113.02412812767884,-0.0,-0.0,-0.0,-0.0,-0.0,124.67618029676524,580.6402825046913,152.20369337218966,3173.4724125697285,2593.4548301347077,2262.1486843483735,166356.9796828924
t188,22519.33520308275,3442.8637413394918,17348.960152106676,14509.601312266517,57241.5,-0.0,3464.027445860469,170.6601311435524,12514.31900244238,133.18850453952646,-0.0,-0.0,-0.0,-0.0,3434.782608695652,3130.4347826086955,814.8052592439507,2388.116521489465,0.0,49.07989720463801,1070.8134021635906,203.0941047256634,237.25439102821088,1095.1453812374843,-0.0,-0.0,-0.0,-0.0,-0.0,10.21314381140196,36.58943113213976,26.79538107454507,221.52556815178417,1031.19830944145,210.04320086354562,-0.0,-0.0,-0.0,-0.0,-0.0,186.34072886022153,801.5947391889965,227.48328582638925,3284.9756162389162,1454.0811880206563,2875.7929440592297,154134.615377848
t189,22519.33520308275,3165.7274826789835,16001.731514693281,14509.601312266517,52977.06581986143,-0.0,1947.8162721955377,113.77342076236827,7632.272008323477,66.59425226976323,-0.0,-0.0,-0.0,-0.0,3198.176008303043,1565.2173913043478,564.4972810785142,1820.9582809929766,0.0,34.770851469758675,900.5545221635905,142.59974315044227,160.9961373191225,746.9172806037529,5.6336125028821815,4.28269521902778,8.450418754323271,0.9772593117244599,5.173725767953023,9.571392670713092,34.29030467315531,11.66962589882737,-0.0,935.9965999034553,89.26305274114867,14.479390921194344,23.92346460795518,47.36952083127266,5.463673735297968,28.962775334686317,239.91655869178413,823.7482221462282,292.8882345217523,2913.55024330874,3499.2,2420.7885336077657,139484.20408766955
t190,20406.171230796375,2888.5912240184753,14654.502877279887,14509.601312266517,48712.631639722866,-0.0,431.6050985306061,56.88671038118413,2750.225014204574,-0.0,-0.0,-0.0,-0.0,-0.0,1480.784703955217,-0.0,402.8001029130778,1455.8967404964883,0.0,25.71570573487933,747.477796119144,104.89718157522114,132.21388361003417,523.8365799700215,-0.0,-0.0,-0.0,-0.0,-0.0,19.871977342696336,71.1929999094196,24.228296700104238,-0.0,752.3568151307284,185.85815867600002,-0.0,-0.0,41.88335310559348,4.830890671753783,25.608410745413263,277.2646813456484,993.4860215741596,338.48252683087566,2284.5263591422367,3499.2,1907.6419558866082,119710.2702486358
t191,20406.171230796375,2611.454965357967,13307.274239866492,14509.601312266517,47070.635006320415,-0.0,431.6050985306061,56.88671038118413,579.5131668927327,-0.0,-0.0,-0.0,-0.0,-0.0,1480.784703955217,-0.0,329.7137247476414,1292.9319,0.0,21.91446,661.5978700746977,89.98642000000001,132.21388361003417,425.90327933629004,9.007259863982554,6.847355712925511,13.510889795973826,1.562483853956157,8.271973344473771,15.303150687276474,54.82480111087341,18.657895432535284,-0.0,-0.0,72.64336902362655,22.14594713315787,16.758090867540606,75.06511617591222,8.658126501812946,45.89647640766863,213.793887057879,939.5407718592498,260.99788390333146,1535.6571630582423,4882.458296082418,1361.6917079035854,112971.4806179126
t192,20406.17123079637,2334.3187066974588,12488.868954616784,14509.60131226652,47070.635006320415,-0.0,341.08526129444954,30.80952685289435,579.5131668927327,-0.0,-0.0,-0.0,-0.0,-0.0,1480.784703955217,-0.0,345.2381465822051,1332.0637595035118,0.0,23.367114265120666,642.9147440302506,97.86745842477889,132.21388361003417,453.1173787025584,13.825887991741805,10.510496483518,20.7388319876127,2.3983683250980676,12.69724407404859,23.48990153698989,84.15451211299985,28.639339411465155,75.59828386105941,381.46279501279116,149.36960419439652,37.95278770798132,28.71930747701272,98.74885549355878,11.389845594441832,60.377239753060586,212.6868354406432,762.0927301581066,259.6464040577357,1816.6346435560101,2363.5231359947475,1624.453844322306,110347.68124935862
t193,21945.80226859452,2103.7259295977783,14547.82942943158,20891.330968392573,41883.971214780904,-0.0,3475.198054024041,130.3859176414489,-0.0,-0.0,-0.0,-0.0,-0.0,-0.0,-0.0,-0.0,343.7005531807231,1303.5507435769875,0.0,21.23382091245778,625.7656264638654,91.89698711441146,139.2808963814942,258.9833870954287,-0.0,-0.0,11.275018946818438,1.3039137557545135,6.9030728245827175,12.770684725478027,45.75203266515101,15.57026425989213,36.98996158263405,170.5060371574092,112.98296240277034,-0.0,-0.0,27.612435855697615,3.1848610225496694,16.882855517593395,82.15447554097094,294.3733138443305,100.2935330118982,591.2990592460224,2762.6912262591927,774.1158485576763,112829.31735436464
t194,21945.80226859452,1826.5896709372703,14547.82942943158,20891.330968392573,41679.06406596266,-0.0,2780.1584432192326,104.30873411315913,-0.0,-0.0,-0.0,-0.0,-0.0,-0.0,-0.0,-0.0,343.7005531807231,1238.14665,0.0,21.243479999999998,626.06368,91.93608,154.26839999999999,276.7520636830015,0.9730523727228398,0.7397183853862404,4.954520434113409,0.5729717508838639,3.0333798576204556,5.611752736597842,20.104567611895572,6.841956789966138,52.53525109407442,242.62909754737473,47.86692346601373,2.147277422674089,1.6248693248758626,30.829749175241176,3.555950912709789,18.849992216888786,57.20961331196155,204.99167383761267,69.84104278579068,630.8458237141089,1906.3230602775352,543.7401085140358,110383.01684105478
t195,21945.80226859452,1826.5896709372703,14547.82942943158,20891.330968392573,41679.06406596266,-0.0,2501.5634166940167,78.23155058486934,-0.0,-0.0,-0.0,-0.0,-0.0,-0.0,-0.0,-0.0,343.7005531807231,1374.8392564230123,0.0,21.243479999999998,626.06368,91.93608,154.26839999999999,314.30932148545173,-0.0,-0.0,1.8557305129443264,0.21460829061260922,1.1361615385373427,2.101898846294083,7.530226197083611,2.562675470256451,19.787297777931357,-0.0,17.54881634116218,3.1472877150746705,2.381588522648786,32.328086744223924,3.7287714833763324,19.76610902838328,36.56368153602034,131.01382522659168,44.63665280585453,400.3220381486193,900.3975994735424,345.2747335519997,108369.06993089782
t196,21945.80226859452,1773.7582057439038,14547.82942943158,20891.330968392573,41679.06406596266,-0.0,2129.6781555424245,78.23155058486934,0.0,0.0,-0.0,-0.0,-0.0,-0.0,-0.0,-0.0,343.7005531807231,1407.5413032115061,0.0,23.87043,659.66208,107.20384,186.58639999999997,351.8665792879019,-0.0,-0.0,0.8425515366480849,0.09743793280964247,-0.0,-0.0,3.4189251129971607,-0.0,-0.0,20.992004433840247,7.774991114686568,4.4202002029298,3.3448159253713756,10.753383596846326,0.7638936592311567,4.049378038254485,23.765589132117,47.31405180893671,16.119985045708454,81.69424298700875,125.29913296970483,145.97658817973533,106622.7530016095
t197,22214.653211539055,1773.7582057439038,14547.82942943158,20891.330968392573,41679.06406596266,-0.0,1180.2640004586028,56.88671038118413,-0.0,-0.0,-0.0,-0.0,-0.0,-0.0,859.4879876532316,-0.0,343.7005531807231,1238.1466500000001,0.0,21.243479999999998,626.0636799999999,99.6798,218.90439999999995,389.4238370903521,1.3431164311213224,1.0210425930463114,2.0146746466819834,0.33042751780007584,1.2334742734787651,2.2819274059357157,8.175193379223149,2.7821697501798814,21.706888893932522,-0.0,17.90854425605456,5.085231837526446,3.8480529508799113,11.749815223851032,0.878823622928228,4.658618428337989,8.617590865606896,51.35222208679789,17.49579713540252,94.08587292259631,165.3114822755594,75.39142346096872,106637.70936979177
t198,22589.581604465642,1773.7582057439038,14547.82942943158,20891.330968392573,41679.06406596266,-0.0,-0.0,-0.0,-0.0,-0.0,-0.0,-0.0,-0.0,-0.0,859.4879876532316,-0.0,343.7005531807231,1238.14665,0.0,21.243479999999998,626.06368,91.93608,251.22239999999994,426.9810948928023,3.4009285589586744,2.5853997718614408,5.10139283843801,0.6873949277310449,3.12330173781919,5.778108214965501,20.70054985121274,7.0447805864143955,55.24572387520725,149.07672333759996,44.42864574212062,7.739895984900033,5.856867599311938,11.596857574690818,1.3375994739005093,7.090575851938626,13.116266685820527,46.997791223747015,16.012234478828415,143.8677125933483,304.48674246682003,111.7916145311045,106307.41330762983
t199,24174.36160446564,1773.7582057439038,14547.82942943158,22022.258493795784,41679.06406596266,-0.0,-0.0,-0.0,-0.0,-0.0,-0.0,-0.0,-0.0,-0.0,2313.0879876532317,-0.0,343.7005531807231,1238.14665,0.0,21.243479999999998,626.06368,106.98416,283.5403999999999,464.53835269525246,12.608582201350446,9.58509565306743,18.912873302025663,2.187203034928138,11.579310184913673,21.421723842090298,76.74509472556674,26.11777741708306,207.35083354650843,859.122281565978,160.56043596731334,12.626279453193211,9.554449720453253,18.918234147150223,2.1820583618773504,11.56702782121392,21.39688296598178,76.66863312266146,26.121145244609444,237.58502201199903,680.7586407945894,174.36578083511824,112272.51242884845
t200,25759.14160446564,1981.5982057439037,15558.19162943158,23095.0,42999.76565222903,-0.0,653.8311036353374,-0.0,26.879713194447667,56.36537512112761,-0.0,-0.0,-0.0,-0.0,3766.6879876532316,-0.0,343.7005531807231,1238.14665,0.0,21.243479999999998,626.06368,144.82404,315.8583999999999,502.09561049770264,20.572859621467586,15.639571855095255,30.859289432201365,3.5687613629076416,-0.0,-0.0,-0.0,-0.0,-0.0,1414.804831171136,-0.0,24.831542731303898,18.790311697681304,37.205650434655,4.291357216987083,-0.0,-0.0,-0.0,-0.0,-0.0,1321.7683794776376,-0.0,119981.72624015379
t201,27343.92160446564,2189.438205743904,15966.66088677101,23095.0,46197.903652229026,-0.0,698.6701088247995,48.148911666634255,3418.5788525827247,112.73075024225523,-0.0,-0.0,-0.0,-0.0,5152.173913043478,1324.8,343.7005531807231,1440.24335,0.0,25.880685557732253,693.26048,159.87212,348.1763999999999,539.6528683001528,8.52201156620373,6.478467976348753,12.783017349305583,1.4783081288312587,6.932894643125031,-0.0,-0.0,-0.0,22.28047911274895,678.1444158488173,-0.0,29.961002880900438,28.918470134530274,57.259853281896966,2.5330659456227727,7.695816805209621,-0.0,-0.0,-0.0,-0.0,2049.6435639073425,-0.0,132011.44471018895
t202,28365.0,2397.278205743904,16297.713361942986,23095.0,49396.041652229025,-0.0,1981.9912462147972,96.29782333326851,5995.260701032184,169.09612536338284,-0.0,-0.0,-0.0,-0.0,5152.173913043478,2649.6,343.7005531807231,1440.24335,0.0,35.77179111546451,693.26048,197.712,376.8746516287035,577.210126102603,-0.0,-0.0,-0.0,-0.0,12.285693856486077,-0.0,-0.0,-0.0,-0.0,-0.0,-0.0,43.558208330069206,38.70439360830884,62.12018374695488,4.223165291428498,20.15231709924678,-0.0,-0.0,-0.0,-0.0,662.2064930733098,-0.0,140103.47643593632
t203,28365.0,2605.118205743904,16601.20072211989,23095.0,52594.179652229024,-0.0,3265.3123836047953,144.44673499990276,8671.587668207012,169.09612536338284,-0.0,-0.0,-0.0,-0.0,5152.173913043478,3974.3999999999996,343.7005531807231,1642.34005,0.0,40.40899667319677,665.7740091118967,212.76008,376.8746516287035,614.7673839050532,6.406359454950397,4.87014060605923,-0.0,-0.0,11.23619054953998,-0.0,-0.0,-0.0,101.4832085781693,-0.0,-0.0,43.65576147657545,43.02739397019482,85.19614814941012,6.884782686112587,34.261473385630396,-0.0,-0.0,-0.0,279.81817962158215,-0.0,-0.0,149150.98076828918
t204,28365.0,2812.9582057439043,16871.537769138475,23095.0,55792.31765222902,-0.0,4548.633520994794,170.6601311435524,10923.540672865045,169.09612536338284,-0.0,-0.0,-0.0,-0.0,5152.173913043478,4695.652173913043,343.7005531807231,1762.9101879858054,0.0,39.792302230929025,705.4843382237934,205.01636,329.3986516287035,652.3246417075034,-0.0,5.643281622235792,7.838747924061768,0.9065218687690481,-0.0,8.878581832355676,31.808252630631596,6.588192116908864,82.85496328359659,-0.0,73.86195460859197,52.34059050951254,57.2629162301312,85.19614814941012,10.13591082973442,37.90225981433477,31.87999441803933,56.594510439015906,34.939878249473836,-0.0,-0.0,-0.0,157219.82990391896
t205,28365.0,3020.7982057439044,17168.933215235524,23095.0,57231.42069584573,-0.0,4548.633520994794,170.6601311435524,12839.512454197324,169.09612536338284,-0.0,-0.0,-0.0,-0.0,5152.173913043478,4695.652173913043,343.7005531807231,2085.577025971611,0.0,44.42950778866128,812.3914673356901,174.48084,329.3986516287035,689.8818995099535,4.174379129274942,-0.0,-0.0,-0.0,3.8336134860688236,15.970766781583,57.21659090218775,15.2351203132641,149.8750360924227,-0.0,-0.0,73.59732462371349,41.97500194698403,54.92539991249123,13.809473940074518,57.37571086526383,31.87999441803933,129.07402811961953,78.91563858975869,390.3607514627052,-0.0,-0.0,162054.95921147952
t206,28365.0,3096.4799999999996,17375.41045630162,23095.0,57241.5,-0.0,4548.633520994794,170.6601311435524,14224.22397074087,169.09612536338284,-0.0,-0.0,-0.0,-0.0,5152.173913043478,4695.652173913043,343.7005531807231,2489.77042597161,0.0,43.81281334639354,986.4953964475868,160.62725606063535,344.5566516287035,727.4391573124037,3.577192971386828,2.719396697635905,5.365789457080241,0.6205334746283273,-0.0,-0.0,47.18176283719127,-0.0,40.58205710959268,-0.0,-0.0,35.45156582444652,47.41068495782369,87.07076466459625,3.5094739400745167,18.603619138647435,-0.0,215.26714214542275,-0.0,790.4109598168232,-0.0,-0.0,164528.00348848413
t207,28365.0,3304.3199999999997,17602.8251972915,23095.0,57241.5,-0.0,4548.633520994794,170.6601311435524,15126.453965417353,169.09612536338284,-0.0,-0.0,-0.0,-0.0,5152.173913043478,4695.652173913043,343.7005531807231,2691.8671259716093,0.0,48.4500189041258,1093.4025255594834,169.5654721212707,376.8746516287035,764.9964151148539,6.722054052011492,5.11013292729445,10.083081078017235,1.1660706008591364,2.888137727104282,-0.0,40.915359612498506,-0.0,-0.0,231.24673488091784,-0.0,-0.0,65.68408061751265,90.49856108429849,7.682777161688625,40.726177963902806,-0.0,361.9,-0.0,-0.0,1364.615330069962,-0.0,167189.41028742393
t208,28365.0,3512.16,17803.53216544193,23095.0,57241.5,-0.0,4548.633520994794,170.6601311435524,15982.724095363246,199.7827568092897,-0.0,-0.0,-0.0,-0.0,5152.173913043478,4695.652173913043,343.7005531807231,2691.8671259716084,0.0,58.34112446185805,1227.7961255594835,201.29548818190602,361.71665162870346,802.5536729173041,6.91278221148684,4.97578724303719,10.369173317230256,1.1991560979109823,6.348473459528728,6.401621104985226,42.07627131787652,7.8049794853573635,62.387805834432854,270.6715729195606,55.4327839870374,7.28088853288444,45.1,49.74116864208386,2.981756532855359,70.4062045333886,29.238583477513714,558.6253043131302,67.02467538493771,-0.0,3173.5386967803306,507.07268575079854,171439.6798695373
t209,26544.303410055116,3720.0,17951.533831197215,23095.0,57241.5,-0.0,4548.633520994794,170.6601311435524,16816.85282966855,199.7827568092897,-0.0,-0.0,-0.0,-0.0,4738.8598364861655,4695.652173913043,343.7005531807231,2893.9638259716075,0.0,62.97833001959039,1294.9929255594848,239.13536818190602,358.20780130296276,840.1109307197543,-0.0,-0.0,-0.0,-0.0,6.696877942081037,-0.0,-0.0,-0.0,120.91037725756968,530.990848597698,107.65903810703814,-0.0,-0.0,-0.0,-0.0,54.6,-0.0,723.8,-0.0,799.4645462224195,678.753847971585,1174.6960362085733,169953.4397975107
t210,24431.139437768743,3720.0,18083.8,23095.0,57241.5,-0.0,4548.633520994794,170.6601311435524,16816.85282966855,199.7827568092897,-0.0,-0.0,-0.0,-0.0,3021.4685321383395,4695.652173913043,343.7005531807231,2893.9638259716075,0.0,62.97833001959038,1294.9929255594848,261.9271681819059,307.22295097722207,877.6681885222044,-0.0,-0.0,-0.0,-0.0,-0.0,7.192390390752934,25.767332541045793,8.769100596533606,70.38400844247508,-0.0,-0.0,-0.0,-0.0,-0.0,-0.0,-0.0,84.73919379633858,665.5347944049003,103.44893658503513,1695.9777375195217,-0.0,1956.8,166685.55681912566
t211,23227.80846763208,3720.0,18083.8,22367.751204218395,57241.5,-0.0,4548.633520994794,170.6601311435524,15991.45599506038,133.18850453952646,-0.0,-0.0,-0.0,-0.0,2116.135057196802,4695.652173913043,343.7005531807231,2893.9638259716075,0.0,62.97833001959038,1282.4816516738633,261.9271681819059,208.76210065148138,852.3380544295005,-0.0,-0.0,-0.0,-0.0,-0.0,14.560738666263465,52.16504873529223,17.752732427936834,143.11288250956977,318.74738353313694,-0.0,-0.0,-0.0,-0.0,-0.0,-0.0,149.19778162643746,896.5007640654228,182.13947004494793,2420.005880310675,2250.2641848015464,1590.4980398430266,166237.6816453715
t212,21945.80226859452,3489.4072229003186,17938.071403701364,22367.751204218395,52977.06581986143,-0.0,3915.3890762913793,170.6601311435524,11109.409000941476,66.59425226976323,-0.0,-0.0,-0.0,-0.0,804.1683715587079,4695.652173913043,343.7005531807231,2782.8303369281202,0.0,61.521363944237905,1202.7735777882417,256.37486625774545,157.77725032574068,764.7479122319507,-0.0,-0.0,-0.0,-0.0,-0.0,-0.0,-0.0,-0.0,-0.0,659.3884696964525,-0.0,-0.0,-0.0,-0.0,-0.0,-0.0,184.51901342821938,1023.0626827690354,225.2593500564302,2817.7615376263075,3499.2,945.9705535714841,154404.85839319864
t213,21945.80226859452,3212.2709642398104,17242.28670425837,20891.330968392573,48712.631639722866,-0.0,3583.2688154113025,140.77364085652013,6994.586272079019,66.59425226976323,-0.0,-0.0,-0.0,-0.0,804.1683715587079,4695.652173913043,343.7005531807231,2469.600147884633,0.0,54.81049786888543,1055.8687039026202,228.03076433358495,154.26839999999999,552.0103700344009,6.340499337029289,3.8150635590581956,9.510749005543932,1.0998825380561013,5.822907554414653,10.772378975667106,38.592937291203775,13.13389148384638,106.14793819257622,450.00441169063663,-0.0,-0.0,12.763614736047385,25.272523191331075,-0.0,-0.0,213.1027182694785,763.5829083339034,260.15411052105645,3139.781769653759,4474.996057228427,1208.8692916419657,143891.41916170533
t214,21945.80226859452,2935.134705579302,17242.28670425837,20891.330968392573,46148.40539491947,-0.0,3475.198054024041,140.77364085652013,2465.7697123577163,-0.0,-0.0,-0.0,-0.0,-0.0,-0.0,3130.434782608695,343.7005531807231,1954.2732588411457,0.0,42.84573179353295,872.3323839026201,176.89486240942446,154.26839999999999,464.42022783685104,-0.0,-0.0,-0.0,-0.0,-0.0,22.69325168894455,81.30044824297552,27.668048605740204,222.1658145324099,944.6303652340471,106.72442203852611,-0.0,-0.0,-0.0,-0.0,-0.0,235.4432983597227,843.6329670929072,287.42731374013675,2635.9130719021714,5226.550713317226,1422.185309948034,134440.20667425834
t215,21945.80226859452,2657.998446918794,15895.058066844977,20891.330968392573,41883.971214780904,-0.0,3475.198054024041,140.77364085652013,1171.834566305531,-0.0,-0.0,-0.0,-0.0,-0.0,-0.0,1565.2173913043478,343.7005531807231,1535.8696053562148,0.0,30.391081195688628,723.0460159350799,125.78346827294965,174.9896182742479,501.9774856393013,-0.0,-0.0,-0.0,-0.0,-0.0,22.5155015833485,80.6636438106149,27.45133226077925,-0.0,-0.0,202.90027612095818,-0.0,-0.0,13.222774078204266,1.5251351960302797,8.084697252743036,165.65931376717617,593.5852044786242,202.23557809398835,1857.6336388554782,5726.081388315102,1566.902214596235,123531.4031442857
t216,21945.80226859452,2380.8621882582866,14547.82942943158,20891.330968392573,41883.971214780904,-0.0,3475.198054024041,140.77364085652013,615.3924208294477,-0.0,-0.0,-0.0,-0.0,-0.0,-0.0,1565.2173913043478,343.7005531807231,1319.5626518712845,0.0,23.190330597844316,640.95644796754,97.46387413647483,143.99362102481115,414.38734344175145,-0.0,-0.0,7.780077071789289,0.89973680422053,4.763312492932217,19.406756981995656,69.52630954811058,23.661091095165872,83.9697207514253,356.4773200613688,175.151304882556,-0.0,-0.0,22.560423815892346,2.6021541467378633,13.793943340959938,111.76178555081185,400.46128901820595,136.43790255856538,823.3284162359487,2570.9738428577743,1055.653302183433,116308.84108809054
t217,16857.289469856823,2057.328775981523,8990.777312240189,19096.625200071863,41576.43497722161,-0.0,3407.373707243457,74.36230781028391,7955.461068910369,199.7827568092897,-0.0,-0.0,-0.0,-0.0,987.9451748070167,-0.0,284.8754540961417,1275.0287593880146,0.0,26.78591016598166,619.8337874229517,91.36155348738637,93.2224950895399,239.19480588055129,-0.0,-0.0,-0.0,-0.0,1.3563668591909777,-0.0,-0.0,-0.0,22.983304666667777,-0.0,-0.0,2.87304739146213,-0.0,12.694094223282042,2.874778064597881,-0.0,14.3572622234209,51.44448711540616,-0.0,437.88151985150296,1558.014215005405,329.48538205305806,106267.64797393698
t218,17377.00013548555,2265.168775981523,7643.548674826794,19096.625200071863,41653.09497292471,-0.0,3155.984495978305,122.51121947691817,5212.614871483076,133.18850453952646,0.0,-0.0,-0.0,-0.0,1554.050254750789,1324.8,327.54621199053,1584.0175693880149,0.0,36.779140082990835,688.8926674229516,113.2197134873864,114.38649508953989,271.85276924196023,1.040122344265505,0.7907052515079602,1.5601835163982571,0.1804293862501386,-0.0,1.7671466359204748,6.330948758718098,2.1545391416928314,-0.0,71.73828295480858,14.319461799776581,4.652266494158717,1.346355394825773,15.359937610376088,-0.0,1.6299557551549269,17.37238184376243,62.248168210471505,3.680834150377335,-0.0,-0.0,356.2221439928042,103237.6755354637
t219,16319.963457266384,1988.0325173210151,8653.910874826794,19096.625200071863,44142.387628467826,-0.0,3482.417513581545,170.6601311435524,3455.3079696255195,66.59425226976323,-0.0,-0.0,-0.0,-0.0,2062.269536241251,2649.6,370.77924628728,1825.5366255104118,0.0,41.51214000000001,754.7920937114757,145.27059878990912,135.7792950895399,304.41821450995405,-0.0,-0.0,-0.0,-0.0,0.8768143935223642,-0.0,-0.0,-0.0,-0.0,63.792624160477956,-0.0,5.47414223865947,1.9682781477953029,1.2314346306026405,0.14203557329459332,2.3828821922311203,1.3927760099761102,4.990550871389644,5.3811240714669815,14.884212509036427,48.21554304432114,-0.0,105816.58971255686
t220,15695.94142711489,1710.896258660507,7306.682237413399,19096.625200071863,46865.29706423588,-0.0,4123.5663400890835,113.77342076236827,4355.814652855768,83.45033240086153,-0.0,-0.0,-0.0,-0.0,2684.5520730969906,3370.852173913043,310.8651907304147,1864.715491632809,0.0,41.51847000000001,753.4137599999998,154.55714409243183,157.4008950895399,336.9025796554364,0.3528990505785574,0.2682752986541074,0.5293485758678361,-0.0,1.2009053583394067,0.5995682849115286,2.148002894592954,0.7310051761984402,-0.0,91.41681243884365,4.659863260839595,6.506606026530209,2.7495552758652755,2.7783979906170204,0.32046471784272446,3.3287298905153886,3.1424210196228337,11.259823435658447,7.517076840669367,33.744338742641794,102.17522935966224,14.889113257249763,109317.14314871098
t221,16659.62387225646,1433.759999999999,5959.453600000004,19096.625200071863,47078.45216892957,-0.0,2607.3551664241522,114.50547275997148,6310.365365040511,139.81570752198914,-0.0,-0.0,-0.0,-0.0,2684.5520730969906,4695.652173913043,355.222777831888,1701.5541677552062,0.0,36.270900000000005,686.3788799999998,141.10680939495455,160.3680866229655,369.30586467840726,-0.0,-0.0,-0.0,-0.0,-0.0,-0.0,-0.0,2.614010239535916,-0.0,-0.0,20.948099992368597,2.386951130883964,3.1525885492362904,3.5764217447640627,0.4125100108742422,3.816659307944599,4.045001077504707,14.493919702464883,8.618939426182585,-0.0,-0.0,-0.0,110294.43338747974
t222,14546.459899970087,1641.599999999999,6969.815800000004,19096.625200071863,46626.478935364416,-0.0,3032.4223473298625,57.61876237878735,2933.3882877343185,133.18850453952646,-0.0,-0.0,-0.0,-0.0,3104.7906316489893,3130.434782608695,400.08214223513244,1335.809163877603,0.0,25.7631,686.4598400000001,104.8921346974773,182.3900866229655,401.53527110260325,3.1439323247504727,2.390030185652145,4.715898487125709,0.5453760155179391,2.8872847880361485,5.341476857866874,19.136281956261804,9.126441483661896,51.41142033532314,-0.0,55.297925852051314,4.478698028257899,3.3890818972220025,6.710532448379707,0.7740031827358451,4.102968327900694,7.58973994721557,27.195315711854597,9.265494410808712,-0.0,112.6368834949248,-0.0,104739.89367591788
t223,16131.239899970087,1849.439999999999,7980.1780000000035,19096.625200071863,46626.478935364416,-0.0,1516.2111736649313,0.7320519976032216,1649.3447290839126,66.59425226976323,-0.0,-0.0,-0.0,-0.0,3475.586843375989,1565.2173913043473,445.5037830407386,1171.9173700000001,0.0,20.5092,619.26304,91.52418,204.6408866229655,433.6922645329248,16.046021521767873,12.198251054813332,24.069032282651804,2.7834935292862637,14.736142213868455,27.261863095656636,97.66787589525038,26.725756193821756,262.0240812942362,858.0670049531492,152.56400736242506,10.219386158335713,7.733126103035919,15.311932616432538,1.7661019703164067,9.36205510478406,17.31808728174341,62.05362165606871,21.141783780583786,108.46483376607243,419.1811660457947,74.21679565149823,105185.61162083113
t224,17716.019899970088,2057.279999999999,8990.540200000003,19932.733418199045,44439.17150087242,-0.0,-0.0,-0.0,-0.0,-0.0,-0.0,-0.0,-0.0,-0.0,3475.586843375989,-4.547473508864641e-13,491.4807195832535,1171.67388,0.0,20.50287,619.18208,91.55164,227.1204866229655,465.7681778407349,26.640871540893546,20.25249928363846,39.96130731134031,4.621375675461126,24.466106517147132,45.2622970567222,162.15591708309185,55.1846624775652,185.6380226035137,1806.9666125211047,326.8068964534265,20.73564264138617,15.690897367894571,31.068672615365514,3.583508711514724,18.996075305699414,35.13926018087254,125.90988375700763,23.45623663854135,318.4978810736733,1019.7831180102165,231.54341846764862,104240.97287975822
t225,19300.799899970087,2265.119999999999,10000.902400000003,21223.073418199045,44448.948000000004,-0.0,823.8321026235202,48.148911666634255,3564.2251804879775,56.36537512112761,-0.0,-0.0,-0.0,-0.0,3475.586843375989,693.9382893928203,538.0199325281301,1171.4303900000002,0.0,16.09829565401929,619.10112,91.60656000000002,249.8288866229655,497.75157305512994,22.966639779831603,17.45933330201484,34.4499596697474,3.9840089413993596,21.091812042702486,39.01985227899961,139.7918431496893,28.08489948941175,-0.0,1607.670915303357,191.22881916759127,32.63236980447967,24.693286546678415,48.89380240838984,5.639486727955379,29.89475488799648,55.299821312960525,198.14856765505357,50.20404275018382,553.8794555223897,1718.7789231408988,419.84914123319055,114328.43891381237
t226,20885.579899970086,2472.959999999999,11011.264600000002,21223.073418199045,44448.948000000004,-0.0,2107.153240013518,96.29782333326851,6511.081365993854,112.73075024225523,-0.0,-0.0,-0.0,-0.0,4169.426629909588,977.4160986454033,585.1214218753684,1373.0401100000001,0.0,20.496539999999996,686.136,114.48074000000003,272.76608662296553,529.6513234686062,9.408412440115587,11.608035124182024,22.904445144359155,1.6320715457343367,8.640378771534717,15.984700727339238,57.266510413560695,-0.0,94.51432383524052,1073.180833643893,-0.0,44.23737091758922,-0.0,66.28183259967646,-0.0,40.526182082221,74.96601447443811,268.615847903952,75.31423817540185,772.4476852935115,2380.670133980552,598.292180537583,123214.11524588485
t227,20441.100000000006,2680.7999999999993,12021.626800000002,22430.442322534393,44448.948000000004,-0.0,1981.991246214798,111.83626900563496,7581.909514615489,143.4173816881621,-0.0,0.0,0.0,-0.0,4169.426629909588,2302.2160986454032,632.7851876249683,565.3837799999999,0.0,30.1486843459807,820.2867200000001,65.99296717120076,248.45608662296553,561.3914948085754,-0.0,-0.0,-0.0,-0.0,-0.0,-0.0,-0.0,-0.0,-0.0,-0.0,-0.0,49.12648291463433,-0.0,73.60729738719539,-0.0,45.00513367682943,83.25125460365884,340.8133660673869,104.23945541085163,1022.7202804097303,2486.8427588133504,573.2858869245067,126017.0510993953
t228,22025.880000000005,2888.6399999999994,13031.989000000001,22430.442322534393,47647.086,-0.0,3265.3123836047957,159.98518067226922,10385.615116756257,199.7827568092897,-0.0,-0.0,-0.0,-0.0,4169.426629909588,2302.2160986454032,681.0112297769299,1170.4564300000002,0.0,45.04839869196141,1021.5532800000001,103.61316717120076,224.37488662296553,593.0388511791726,5.002405883045653,-0.0,-0.0,0.8677642858344498,4.594046219123558,8.498985505378581,30.448317441191133,-0.0,-0.0,337.33227066976593,-0.0,49.171569726004215,12.957855928218978,73.67485195523786,-0.0,45.04643803758104,83.32766010614807,262.5791833808232,139.66525665141484,773.2592939291505,3247.928743475702,827.4430792234701,138247.26945479232
t229,23610.660000000003,3096.4799999999996,14042.351200000001,22430.442322534393,50845.224,-0.0,4548.633520994794,170.6601311435524,13064.816569016388,199.7827568092897,-0.0,-0.0,-0.0,-0.0,4169.426629909588,2737.4584440343124,428.6564329662475,1587.640722703796,0.0,60.031508691961406,966.6122667548437,141.28828717120075,247.99848662296554,624.6051274272584,3.955765177399104,-0.0,-0.0,0.686204163426375,3.632845571080808,6.720764306499497,24.07769314610781,-0.0,-0.0,610.0162953818665,-0.0,68.74337411497493,27.7680636118193,102.99971994072585,-0.0,62.97631252814817,116.49464405390046,279.9938972759304,75.91579253519558,997.2563802964798,2064.7357761710355,1121.2499291788654,148539.99186423406
t230,25195.440000000002,3304.3199999999997,15052.7134,22985.18401605254,54043.362,0.0,4301.58282398538,170.6601311435524,14111.387925416604,143.4173816881621,-0.0,-0.0,-0.0,-0.0,4978.18178509352,4062.2584440343126,478.0070279229323,1802.4848254075916,0.0,54.77127869196141,1126.041152233146,179.01832717120072,271.85088662296556,656.0967228790195,7.350939283645522,-0.0,-0.0,1.2751629369589168,6.750862607429559,12.489095823744684,44.74321717035258,-0.0,-0.0,-0.0,46.737887630718944,29.13038933666555,20.991586535915722,43.64670751282271,3.4541318252250583,26.686564727884885,49.36525709736947,401.35800480495453,117.26476865657904,1352.8456695358739,-0.0,179.49664775069198,155260.36502157972
t231,26780.22,3512.16,16063.0756,22985.18401605254,57241.5,-0.0,4548.633520994794,170.6601311435524,16518.3876929615,199.7827568092897,-0.0,-0.0,-0.0,-0.0,5152.173913043478,4695.652173913043,527.9198992819788,2207.1652054075917,0.0,60.031508691961406,1218.1922777114482,216.77582717120075,259.86414590749945,687.417004410413,6.8023916839608995,-0.0,-0.0,1.1800067206870946,6.24709440363756,11.557124646729484,41.40435346410894,-0.0,-0.0,-0.0,-0.0,29.13038933666555,38.11762554966099,43.64670751282271,7.365400158741162,26.686564727884885,49.36525709736947,176.88402518354462,124.03662328605975,606.2218026190576,-0.0,522.1647198787676,164735.60575976997
t232,28365.0,3720.0,17073.4378,23095.0,57241.5,-0.0,4548.633520994794,170.6601311435524,16816.85282966855,199.7827568092897,-0.0,-0.0,-0.0,-0.0,5152.173913043478,4695.652173913043,578.3880663779341,2409.5053954075915,0.0,60.031508691961406,1218.1922777114482,238.10799127480067,284.17414590749945,718.6562058192951,-0.0,-0.0,-0.0,-0.0,-0.0,-0.0,-0.0,8.845837520255452,-0.0,156.8285648121841,58.57147445424703,-0.0,-0.0,-0.0,-0.0,-0.0,-0.0,-0.0,187.0719084335285,-0.0,-0.0,-0.0,166997.06650198344
t233,28365.0,3720.0,18083.8,23095.0,57241.5,-0.0,4548.633520994794,170.6601311435524,16816.85282966855,199.7827568092897,-0.0,-0.0,-0.0,-0.0,5058.342933942987,4695.652173913043,629.4185098762512,2409.5053954075915,0.0,54.7776086919614,1175.7878831897506,236.67581537840059,284.17414590749945,666.6176557149413,4.254632421068474,3.2343889323428705,6.38194863160271,0.7380484812057557,3.907315488736353,7.228533654162255,25.89681876701372,-0.0,66.11491551044331,443.94504786538687,115.6504490652797,40.2309646411446,30.443229954960092,60.278945343191474,-0.0,36.85588371487409,19.41477543885898,244.28835744346017,147.00140407535952,718.8171591588415,1012.1876703501757,589.2620752386972,171028.3139248154
t234,27418.498062359704,3720.0,16736.571362586605,23095.0,52977.06581986143,-0.0,3032.4223473298625,170.6601311435524,16816.85282966855,199.7827568092897,-0.0,-0.0,-0.0,-0.0,3340.9516295951607,4695.652173913043,681.0112297769299,2206.9217154075914,0.0,44.263478691961396,1066.105728668053,212.50675948200052,284.17414590749945,697.6829620319397,4.734660500967903,3.5993082379807007,7.101990751451852,0.8213186583311667,8.255473091666058,15.27262521958221,28.818622334972993,-0.0,73.63143898948938,315.3498667746991,119.25467645350213,28.774324877223847,50.443118407722764,43.11320824724981,8.320077356235174,80.96037144792656,-0.0,174.7219492125387,123.3,1223.8119355683734,-0.0,1279.545492572277,160985.95359193537
t235,25806.92298489355,3442.8637413394918,15389.34272517321,22537.733745106507,48712.631639722866,-0.0,2646.1226576498384,170.6601311435524,11934.805835549649,133.18850453952646,-0.0,-0.0,-0.0,-0.0,2041.7558170779,4695.652173913043,466.61135960532494,1961.7511669383944,0.0,39.00324869196139,889.1458141463553,211.15696358560044,236.92694590749946,728.6646235480193,10.730833668655858,8.157623554233279,16.096250502983782,1.861471146603567,5.50668964379506,10.18737584102086,65.31573758523692,12.42064441878219,167.96038610095263,713.7336014631288,79.5378067205533,65.29000649969223,78.07495131331544,97.825462758767,12.102023157437536,109.2,30.983113170130814,34.55055960131892,198.84334805453608,1523.6575100461437,1453.4856174003198,1279.545492572277,148020.00658375217
t236,23693.759012607177,3165.7274826789835,14042.114087759815,20817.179472589185,45840.869157360175,-0.0,2918.4446596636762,113.77342076236827,8706.803930268274,143.4173816881621,-0.0,-0.0,-0.0,0.0,1087.8632652496472,4695.652173913043,519.3679125446838,1514.2404284691972,0.0,37.2232877426218,779.2207796246576,187.07028768920034,237.38454590749944,652.1361169063792,8.784087486083042,6.677699160338637,13.176131229124554,2.5639227664704785,13.573708763667238,25.111361212784388,89.9635253058612,18.195609792600585,-0.0,968.9949491771666,195.86896971879796,86.07220532745822,48.70107827862159,128.9638915392956,15.693577652840048,73.63872577174536,66.20126890174768,160.74313939609263,118.53739361600499,1901.9127278896062,2617.7488463404916,301.145492572277,136014.51571532385
t237,22180.37671691028,2888.5912240184753,14379.691861893767,19096.625200071863,41576.43497722161,-0.0,3023.7673404243437,56.886710381184145,6955.228714261175,199.7827568092897,-0.0,-0.0,-0.0,-0.0,799.949762036775,4695.652173913043,572.6867418864042,1268.5829,0.0,30.189426793282212,665.0363098123287,140.21927179280024,190.5949459074994,682.874348384174,19.445064810710853,14.782217636713861,29.16759721606627,3.3731234875722906,-0.0,9.583894354471948,118.35695060805125,40.27906282218676,168.60587826802262,1273.6655984129807,149.8936957797254,33.466144401643085,60.82230524957348,63.664458468475274,8.161840131793584,88.31320454367382,66.20126890174768,258.0085948459261,151.67591435920608,2194.52827126213,3485.5200657738337,547.1751768106877,128187.86171066349
t238,20067.212744623906,2888.7375519630477,13032.463224480372,19096.625200071863,41576.43497722161,-0.0,2821.576030291476,34.951194858199536,7308.94000049213,199.7827568092897,-0.0,-0.0,-0.0,-0.0,-0.0,3130.4347826086955,626.5678476304862,1167.7780400000001,0.0,28.403135843942625,617.96768,116.21497589640016,147.63320000000002,588.3840997394573,7.998325539098602,6.0803597210494456,11.997488308647892,1.3874646343334307,-0.0,23.436117938926643,48.683685551758316,16.567960045275665,296.34664850293814,414.24582279272386,258.5,45.83840927009964,70.18453923560352,77.07004750788488,-0.0,33.71320454367382,87.16769091037372,312.3365083214282,177.27155627666735,2418.6278155936566,2696.2305856137227,126.54697819042053,120580.33865102917
t239,17954.048772337534,2611.6012933025395,11685.234587066978,19096.625200071863,41576.43497722161,-0.0,2724.4451080696867,83.10010652483379,8063.404501428276,133.18850453952646,-0.0,-0.0,-0.0,-0.0,-0.0,1565.2173913043478,681.0112297769299,1268.5829,0.0,22.571365760951796,638.0148901876713,115.02994000000001,152.37625409250055,368.65107144696105,-0.0,-0.0,-0.0,-0.0,5.331828141120733,-0.0,-0.0,-0.0,55.128147862234016,806.3846744201079,84.48693422835909,54.000841168532574,31.261144581565354,-0.0,1.410621620031195,41.19086866539258,-0.0,-0.0,194.15792965043883,1435.3342043102616,3140.0589342215344,196.43704490209777,114784.72126690389
t240,18970.453442143196,2334.4650346420312,10338.005949653583,19096.625200071863,41576.43497722161,-0.0,3092.117747811416,26.213396143649653,9476.42258007957,143.4173816881621,-0.0,-0.0,-0.0,0.0,987.9451748070167,1.0302869668521453e-13,248.5579632902679,1167.04757,0.0,21.98716567796096,617.80576,92.23814,142.92345576585296,273.90586408095794,3.2529018485796906,2.4728692624406827,4.879352772869535,0.5642788921005585,-0.0,5.526613854984881,19.79955053752842,6.738153829200786,-0.0,619.2729119957421,131.6231234632055,-0.0,35.49809195235699,8.38934368540338,2.378261485200902,46.3202994069718,9.488507415741786,33.998919146108435,82.44142434708202,386.1878377382706,3445.033558455364,284.9858578226714,113735.41866098897
t241,19904.703248623864,3720.0,18083.8,23095.0,57241.5,-0.0,1605.0782761908572,170.6601311435524,5316.3395425054,56.36537512112761,-0.0,-0.0,-0.0,-0.0,625.020786908349,4695.652173913043,402.79433245753694,1411.5107391502884,0.0,29.18154189944743,731.5190700466751,121.69530065031587,216.003378055767,473.90997856646607,6.360196800799191,0.4942763735273914,-0.0,-0.0,-0.0,-0.0,38.71283052731343,13.174693373084033,12.274889739866648,-0.0,-0.0,18.098901283686374,13.695645098896904,16.53914352720652,1.907650373238825,10.112399065906793,18.706086184186574,295.5570365529075,100.69682953018373,155.41522999023823,457.16634517766033,747.3768593089676,139807.02288814037
t242,21489.483248623863,3720.0,18083.8,23095.0,57241.5,-0.0,1605.0782761908572,170.6601311435524,7650.097954258308,112.73075024225523,-0.0,-0.0,-0.0,-0.0,625.020786908349,4695.652173913043,553.3911913705203,1737.4075523117922,0.0,41.063068867191056,900.8094861483528,166.86700065031587,227.19523760429772,487.17516326018733,0.7320182865905966,1.050759662823304,1.0980274298858945,0.12698276400040956,0.6722616917668742,1.2436841297687171,-0.0,-0.0,-0.0,58.245768695283566,10.033503483687717,20.09466402921756,15.205861538887785,19.529439050292677,2.252555679932973,11.94073205090684,22.0881673469156,-0.0,-0.0,-0.0,569.3527744616761,-0.0,143336.59922179452
t243,23074.26324862386,3720.0,18083.8,23095.0,57241.5,-0.0,1605.0782761908572,170.6601311435524,9083.249901216883,112.73075024225523,-0.0,-0.0,-0.0,-0.0,1835.435068916283,4695.652173913043,702.5248810802186,2216.491263272818,0.0,52.87796900879217,1048.6768603798087,212.09362065031587,191.13989715282844,500.3567031529898,2.1626197690186686,1.644032375427457,-0.0,-0.0,-0.0,-0.0,8.7076916762076,2.963388785029577,-0.0,-0.0,-0.0,21.007422821359352,15.896556530927965,20.897045764021904,2.4102975517292893,-0.0,-0.0,5.542406155639493,1.8883080381054151,16.754782463390846,623.9385037475398,-0.0,148365.3438006229
t244,24659.04324862386,3720.0,18083.8,23095.0,57241.5,-0.0,1605.0782761908572,170.6601311435524,10025.847519139752,112.73075024225523,-0.0,-0.0,-0.0,-0.0,2852.115225528337,4695.652173913043,763.603066526826,2493.2347842338436,0.0,59.432639150393285,1129.2664746112646,241.0023222220397,202.78935670135917,513.3669291254247,0.41086879613324134,0.31234413583598464,-0.0,-0.0,0.3773284862448133,-0.0,2.5008493560559018,-0.0,6.570176255340029,34.89656173962647,3.2688717511816847,-0.0,-0.0,-0.0,-0.0,1.0609123277444872,1.962493500040168,12.57435068697154,4.284104558451482,38.12009987011986,-0.0,16.586504259277625,151787.04836307582
t245,26113.998087924338,3720.0,18083.8,23095.0,57241.5,-0.0,1657.274457302474,170.6601311435524,10553.671397286518,169.09612536338284,-0.0,-0.0,-0.0,-0.0,3698.5739130434777,4695.652173913043,736.6327283757947,2567.6381151948713,0.0,60.733409291994406,1142.5783288427206,247.17414379376353,262.1436162498899,526.2963718513053,2.8146533944633862,2.1397109988522676,3.605676897495216,0.416983042567474,-0.0,-0.0,17.1320484673205,-0.0,45.539239272261405,192.30677312923672,34.33902395321995,0.5945619802245747,0.44991183402899865,0.89084538312172,0.1027514831596161,1.6055949472119666,2.9700565873334908,16.18461881857009,-0.0,49.22924608928814,36.943634709088315,24.909616193207093,155174.59794675777
t246,27698.778087924336,3720.0,18083.8,23095.0,57241.5,-0.0,1657.274457302474,170.6601311435524,11229.664695499563,169.09612536338284,-0.0,-0.0,-0.0,-0.0,5152.173913043478,4695.652173913043,763.603066526826,2439.7012561558968,0.0,56.77394943359552,1088.6124230741764,235.80436703501084,290.77321218741736,539.1447344546743,-0.0,-0.0,-0.0,-0.0,2.7594693323602235,-0.0,-0.0,-0.0,-0.0,-0.0,-0.0,-0.0,-0.0,-0.0,-0.0,3.7740167317347812,-0.0,-0.0,-0.0,-0.0,-0.0,-0.0,158334.54607912153
t247,28365.0,3720.0,18083.8,23095.0,57241.5,-0.0,1657.274457302474,170.6601311435524,11229.664695499563,169.09612536338284,-0.0,-0.0,-0.0,-0.0,5152.173913043478,4695.652173913043,759.6219425441732,2109.180717116922,0.0,47.560589575196644,967.3687573056321,201.69771027625814,272.15560812494493,551.9089492173083,12.941610799562529,9.838265352728657,-0.0,-0.0,-0.0,-0.0,-0.0,-0.0,-0.0,865.232207733383,-0.0,6.479880108499009,4.9033992096192165,9.708947880687273,1.1198450523077148,5.936266005437012,10.981004881852348,39.34678877962737,13.405523781508856,-0.0,348.54163603864123,-0.0,159817.75114604976
t248,28365.0,3720.0,18083.8,23095.0,57241.5,-0.0,1657.274457302474,170.6601311435524,11229.664695499563,169.09612536338284,-0.0,-0.0,-0.0,-0.0,5152.173913043478,4695.652173913043,667.592294963882,1576.3199880779475,0.0,33.08699971679778,778.8473315370879,144.82671351750542,206.29080406247246,524.2835063307393,29.186140865257915,22.187423412874637,24.366795098543072,2.8179286848655254,14.918445978699841,27.59912506059471,98.87614473660507,33.649383707511866,262.5211553437231,1964.6648821169797,204.3283643870305,19.238464321909937,14.557965451646616,28.825417180311362,3.3247681630146375,17.624499194232932,32.602095579075566,116.81879594126184,39.800380048515024,237.94702571477765,1021.9454927287138,174.03939896241667,161902.9092271505
t249,28365.0,3720.0,18083.8,23095.0,57241.5,-0.0,1657.274457302474,170.6601311435524,11229.664695499563,169.09612536338284,-0.0,-0.0,-0.0,-0.0,5152.173913043478,4695.652173913043,664.7357237859524,1245.3124690389745,0.0,23.867309858398876,657.4417457685441,110.80243675875272,188.13080000000002,536.8044972189475,27.48464254345262,20.89393744374714,41.22696381517891,4.767744114680555,25.240998254191176,46.695846770253674,167.29172731805596,56.93247384000898,441.5558986360045,1886.7973192796549,4.601102995092333,33.62802286482479,25.44670857724158,50.38561144008143,5.8115542870418695,30.806880007037478,56.98708572730376,204.19432004664583,69.56938287303518,502.4216569902178,1793.827665713579,-0.0,162503.4840222324
t250,28365.0,3720.0,18083.8,23095.0,57241.5,-0.0,2005.083643897691,170.6601311435524,11698.49147511492,169.09612536338284,-0.0,-0.0,-0.0,-0.0,5152.173913043478,4695.652173913043,751.0522290103844,1116.15816,0.0,19.89519,603.07104,99.59742,211.9832,549.2329700137408,14.766189958728928,11.225317876788825,22.149284938093377,2.5614819316162416,13.560786696791869,25.087455389064957,89.87788071818167,30.58710777165276,219.8338716002254,962.9921155281751,-0.0,47.01569270670607,35.13067851940016,41.619236489300235,8.023192655206692,43.0714231843314,67.69302018376665,285.48622802947864,97.26568642175937,747.9168404616862,2521.116727762022,-0.0,163034.4278903232
t251,28365.0,3720.0,18083.8,23095.0,57241.5,-0.0,2244.698687078982,170.6601311435524,13315.210781696942,169.09612536338284,-0.0,-0.0,-0.0,-0.0,5152.173913043478,4695.652173913043,763.603066526826,1188.8570609610256,0.0,21.176970141601124,615.816174231456,111.23912324124728,188.5884,561.5803626860226,-0.0,-0.0,-0.0,-0.0,-0.0,-0.0,-0.0,-0.0,206.07296675785415,-0.0,-0.0,55.85221731078621,41.81737750671584,64.56814489254383,9.550310162287657,50.6259160059132,93.64867246515078,261.6709029855724,89.1517610890331,1028.9695467408042,3053.0431383927908,-0.0,164658.62392433707
t252,28365.0,3720.0,18083.8,23095.0,57241.5,-0.0,3528.01982446898,170.6601311435524,14305.108554174152,169.09612536338284,-0.0,-0.0,-0.0,-0.0,5152.173913043478,4695.652173913043,763.603066526826,1463.1656819220511,0.0,27.71265028320225,695.677148462912,145.70008648249456,188.76000000000002,573.8441105573855,-0.0,-0.0,-0.0,-0.0,-0.0,-0.0,37.54703698831862,-0.0,-0.0,414.9964858259306,-0.0,63.281242755938344,55.92368150747221,78.41823066413818,12.771927262238666,13.103614419245734,125.2392867462238,261.6709029855724,127.71733278067966,1307.1320067082559,3017.091424303275,15.69937912439292,167915.0660184131
t253,28365.0,3720.0,18083.8,23095.0,57241.5,-0.0,3528.01982446898,170.6601311435524,15820.89667636722,199.7827568092897,-0.0,-0.0,-0.0,-0.0,5152.173913043478,4695.652173913043,763.603066526826,1939.327512883077,0.0,39.495900424803374,842.6539626943679,191.33860648249455,236.63640000000004,585.945211637018,-0.0,-0.0,-0.0,-0.0,-0.0,-0.0,-0.0,-0.0,-0.0,308.15351006779605,-0.0,24.883500469833677,26.867671824530596,110.18604297707195,6.136075826888363,32.52715923768005,60.16928723453637,390.41414235904085,131.69576594662774,1005.4973802664344,4140.324084678034,-0.0,170908.34075728263
t254,28103.11137575534,3720.0,18083.8,23095.0,57241.5,-0.0,3528.01982446898,170.6601311435524,16816.85282966855,199.7827568092897,-0.0,-0.0,-0.0,-0.0,5152.173913043478,4695.652173913043,675.5545429291875,2351.104570320342,0.0,51.8331900472004,1040.8320105929702,224.4098037937635,243.52601218741736,597.965232594139,-0.0,-0.0,-0.0,-0.0,-0.0,-0.0,26.631937046525437,-0.0,-0.0,603.5929897966864,60.05593460570475,35.5058368235482,26.867671824530596,53.19918168360493,6.136075826888363,32.52715923768005,60.16928723453637,159.46738869604292,53.01177941264696,674.2647466955019,1797.8337929685445,-0.0,169581.0421491197
t255,26823.342870876455,3720.0,18083.8,23095.0,57241.5,-0.0,4548.633520994794,170.6601311435524,16816.85282966855,199.7827568092897,-0.0,-0.0,-0.0,-0.0,5152.173913043478,4695.652173913043,631.612066787716,2560.5414377576076,0.0,58.91024966959742,1171.7322984915725,247.17414379376353,290.77321218741736,609.9041734287484,-0.0,-0.0,-0.0,-0.0,-0.0,-0.0,-0.0,-0.0,-0.0,616.0470209360307,66.1216004579775,-0.0,-0.0,-0.0,-0.0,-0.0,-0.0,-0.0,-0.0,-0.0,1797.8337929685445,360.13928567321847,168958.18747860135
t256,26823.342870876455,3720.0,18083.8,23095.0,57241.5,-0.0,4548.633520994794,170.6601311435524,16816.85282966855,199.7827568092897,-0.0,-0.0,-0.0,-0.0,5152.173913043478,4695.652173913043,499.62106704860616,2567.6381151948713,0.0,60.733409291994406,1235.3548263901744,247.17414379376353,290.77321218741736,621.7480314915356,-0.0,-0.0,-0.0,-0.0,-0.0,-0.0,-0.0,-0.0,-0.0,-0.0,134.76658525967963,-0.0,-0.0,-0.0,-0.0,-0.0,-0.0,-0.0,-0.0,-0.0,-0.0,653.1052733495936,166858.3128604568
t257,24710.178898590082,3720.0,18083.8,23095.0,57241.5,-0.0,4548.633520994794,170.6601311435524,16191.432287440775,199.7827568092897,-0.0,-0.0,-0.0,-0.0,5152.173913043478,4695.652173913043,456.8031437118579,2567.6381151948713,0.0,57.29633891439143,1231.6995942887766,224.43726379376355,243.52601218741734,633.5108094318111,-0.0,-0.0,7.930340825231768,0.9171142450948306,4.855310709325573,8.98232481225231,32.1799204234745,10.951423044367681,69.8749375005889,358.0255511278684,136.44349350216103,-0.0,-0.0,62.75871996535966,5.3119290954490825,28.158381418594146,70.98130701569237,58.65751637059827,19.98472442247794,230.77275288529654,156.23325782021357,277.4415657384385,164764.1855303804
t258,22597.01492630371,3720.0,18083.8,23095.0,57241.5,-0.0,4065.171010587918,170.6601311435524,13335.942925471267,199.7827568092897,-0.0,-0.0,-0.0,-0.0,3434.782608695652,4695.652173913043,434.7910128124483,2365.0544351948715,0.0,48.60536853678845,1160.7666021873788,187.60486784532264,237.83759999999998,645.1140082985798,6.100189768563424,4.637389160795664,9.150284652845135,1.9753104294374653,10.457525802904225,10.364097923120509,37.130236703551844,23.587530422106198,97.6848605940772,409.95720421962903,146.9250077515776,49.93990611857514,37.790096744089574,48.284787354432794,3.6424833407733086,19.30869809769151,155.61101369314352,-0.0,-0.0,-0.0,-0.0,-0.0,156791.62705057714
t259,22597.01492630371,3720.0,18083.8,23095.0,57241.5,-0.0,3531.269642009592,170.6601311435524,10282.561446267706,133.1885045395265,-0.0,-0.0,-0.0,-0.0,2323.20511265031,4695.652173913043,501.9519583154003,2088.0244340386116,0.0,41.968251504884336,1022.5558500859809,173.59173189688175,190.36159999999998,656.6243921959765,14.623425658809655,11.116787873278767,21.935138488214477,1.4448372504991251,7.827461531858781,24.844901757059255,89.0089123008159,17.655274344081477,234.52326660931107,972.0717936865989,-0.0,59.6,45.1,106.00481042908751,10.3,54.6,202.0,122.72863657723889,79.69629165850984,711.8101094439223,2111.389413624674,545.7944735794426,155993.0056896786
t260,22546.25119319661,3720.0,18083.8,23095.0,57241.5,-0.0,2766.648330104642,170.6601311435524,7000.553057876768,66.59425226976323,-0.0,-0.0,-0.0,-0.0,2323.20511265031,4695.652173913043,481.0573995552612,2012.847642882352,0.0,30.077234472980226,817.0673379845829,136.84171594844088,190.5904,668.0597984210914,9.330172624403582,7.092835311408846,29.584072758160936,3.387604064699514,18.112697607037312,33.50849057301902,68.16825909826656,17.655274344081477,165.29837836037902,740.8088173197667,-0.0,81.56422525596541,61.72057984973222,138.9142955860961,14.095830874772547,74.72158890898845,138.22125420893468,256.0986553714315,125.13570397496177,1118.2062602082683,3370.48672872297,866.2715906906278,153384.78909613335
t261,20433.087220910238,3720.0,18083.8,23095.0,57241.5,-0.0,2204.479929432808,170.6601311435524,4862.434163604166,-0.0,-0.0,-0.0,-0.0,-0.0,2042.8307301008203,4695.652173913043,436.4708613540804,1735.330661726092,0.0,23.433787441076127,678.268571989722,122.91096000000002,234.16082385102277,554.2552865527912,19.6,14.9,32.20395998618622,1.7691047318948105,19.716710195624216,36.47591386190479,130.6779736854427,21.273213849449718,-0.0,1444.2717090594,144.00087210218516,39.22931902154112,29.685273286434644,75.4829679563295,6.779563522179087,35.93826876805613,66.47921512039689,360.9348539244827,160.8535909094498,1439.0167177467947,2214.437022083001,1128.2738076110513,147756.27535944124
t262,18319.923248623865,3720.0,18083.8,23095.0,57241.5,-0.0,1605.0782761908572,170.6601311435524,3955.316394769462,-0.0,-0.0,-0.0,-0.0,-0.0,2042.8307301008203,4695.652173913043,481.05739955526127,1659.6668905698325,0.0,19.86354,606.5856459948609,100.11916000000001,236.34241192551139,565.4385956109841,-0.0,-0.0,8.944394374500007,-0.0,10.35086161500463,19.14909398775856,68.60321059278068,0.1480220509410941,-0.0,671.7200911123119,133.74726965818644,52.539541652724694,39.757270613051745,95.4259693147975,9.07982011783665,48.13186198387196,89.03512931082543,319.0278544315615,108.69338063390865,1685.3298920409816,2945.64802447177,1314.636367563643,144218.80265392453
t263,18319.923248623865,3720.0,18083.8,23095.0,57241.5,0.0,1605.0782761908572,170.6601311435524,3955.316394769462,-0.0,-0.0,-0.0,-0.0,-0.0,325.43942575299445,4695.652173913043,437.6346943927606,1427.131645954427,0.0,21.54086255892387,602.0185600000001,100.14662000000001,191.27679999999998,576.5408245466656,8.182032510957685,6.2200145108810965,12.27304876643652,1.4193321702681696,7.514111489655017,13.901106255861777,49.801861150880185,16.9484959155552,130.49060022608788,552.5798995350766,251.456247282466,61.29965829363173,46.38615082286562,91.84663566478713,10.59373289302696,56.157069510608935,103.8802934170605,372.22057611518994,126.81623938934216,1846.1219553242925,3433.1931356001214,1450.9475566851763,143218.90941137678
t264,18319.923248623865,3720.0,18083.8,23095.0,57241.5,-0.0,1605.0782761908572,170.6601311435524,3955.316394769462,-0.0,-0.0,-0.0,-0.0,-0.0,-0.0,4695.652173913043,325.3980895879679,1342.5043191159298,0.0,22.851289526667493,635.0532961016779,101.4802954827807,193.91598807448855,462.4028385129749,12.051902126059492,9.161905187667674,18.077853189089232,2.0906360830919524,11.068073381075044,20.475935754988825,73.35673079790291,24.96465440398037,192.4240067009593,833.5298998147493,173.13605001801585,67.46638703908717,51.05258482320187,101.08638192265913,11.659459505077145,61.80645524050603,114.33062233133901,409.66586358130274,139.57391815301088,1247.7397809006748,3774.2918522408613,1019.1679870989694,142338.71528133756
t265,10211.962150064435,1613.969309700334,9663.561738106237,7610.011547344105,32278.74434656742,-0.0,-0.0,-0.0,-0.0,-0.0,-0.0,-0.0,-0.0,-0.0,-0.0,-0.0,667.1937243253351,1933.2905106178355,0.0,24.168924476667403,702.4556239151985,150.16019168901718,517.8215217577131,633.7901009477104,-0.0,-0.0,14.648589402946923,-0.0,-0.0,16.591769629868455,-0.0,20.22900441359337,-0.0,727.5955439879456,-0.0,74.3622139601269,56.27073573157252,111.418552124821,12.851187983042067,68.12377319165986,126.01650352303385,451.53834282164297,153.8399493503968,1178.5546862874642,5659.172133110239,1184.677950364653,75863.02062539503
t266,10521.229085782335,1613.969309700334,8316.333100692842,7916.778273617254,32278.74434656742,-0.0,-0.0,-0.0,-0.0,-0.0,-0.0,-0.0,0.0,0.0,-0.0,-0.0,640.0521607675903,2283.1297904633766,0.0,26.681442238333698,715.3744599293321,194.28841168901718,352.7995217577131,600.4922379538358,1.4761448769391707,1.1221713605302877,-0.0,0.2560659480404684,1.3556432543318915,-0.0,8.984902235655257,-0.0,22.156826309624666,-0.0,-0.0,17.46137339032893,13.213220468185135,26.16276247913379,12.063893129633747,15.996493072348308,29.590582423208446,90.81505724428274,36.12394864140202,592.409053422668,4253.776499228008,251.40468693638934,70834.24146558011
t267,12106.009085782336,1821.8093097003339,7662.632973442269,9207.118273617254,32278.74434656742,-0.0,-0.0,-0.0,-0.0,-0.0,-0.0,-0.0,-0.0,-0.0,-0.0,-0.0,701.4003990086646,2432.576800308918,0.0,23.952720000000003,795.4091359434658,215.67975168901717,517.8215217577131,692.595067877266,-0.0,-0.0,1.3754266301165918,-0.0,-0.0,1.557881183091242,-0.0,1.8993986796848175,-0.0,72.87558381721826,-0.0,2.1879217578979038,1.6556253570670378,3.27821162718595,2.1420071247067067,18.000864347201084,3.7077197575115477,13.285383962806222,40.65030355329483,396.2644155625441,887.2236571265548,287.01934070859505,70188.87312689013
t268,13690.789085782337,1785.0549833905907,8040.620130486435,10497.458273617254,32278.74434656742,-0.0,-0.0,-0.0,-0.0,0.0,-0.0,-0.0,-0.0,-0.0,-0.0,-0.0,674.0098583831054,2381.388050154459,0.0,26.4968877616663,808.1660519575994,214.36167168901716,47.476,715.1006597096303,1.140410808142754,0.8669449510881139,-0.0,0.19782636467782463,1.0473160482943655,-0.0,-0.0,-0.0,-0.0,-0.0,16.800615157476187,3.708624309721918,2.8063583283298406,5.556713940573273,2.404813102622602,3.3974981092418908,6.284749249696539,22.51931439074432,7.6723721038374535,64.59897509274344,96.11829248695034,60.12192897878657,71454.90875292243
t269,14229.562746522108,1792.5218892081966,9050.982330486435,11748.52377931212,32278.74434656742,-0.0,-0.0,0.0,-0.0,-0.0,-0.0,-0.0,-0.0,-0.0,-0.0,-0.0,557.887519556365,2129.56354,0.0,23.98437,753.7261679717329,192.18932779267809,-0.0,612.7725999493452,-0.0,-0.0,0.5188047553589793,-0.0,-0.0,0.5876257943351704,2.105217935861437,0.7164446621624,5.566558736888547,32.92501843705722,-0.0,3.992430962369615,3.0211180604508328,5.981947733886013,0.6899670958457556,3.6574954789493446,6.765696765089448,24.24263028995911,8.259509021143847,69.69070524540415,121.42604839064764,64.68333486346488,73725.28917159529
t270,12517.200000000006,1830.5541740990654,10061.344530486434,11482.6230587506,32278.74434656742,-0.0,-0.0,-0.0,-0.0,-0.0,-0.0,-0.0,-0.0,-0.0,-0.0,-0.0,469.2767195563649,1723.9092,0.0,26.620815,632.0085239858665,147.30756389633908,165.70839999999998,635.9237320573603,1.0834301466563725,0.8236280196520381,1.6251452199845589,0.24793979306693975,0.9949868693783013,1.8407257083498576,6.594551862046184,2.244248160931057,17.9241846205355,-0.0,15.889221936660352,4.8550140148761525,3.6738444978341356,7.27437502564497,0.8390376569332948,4.447714181413388,8.227456635947842,29.480361946034883,10.044013893191767,85.5719141657769,173.4047239727747,78.53087207558215,72426.83845480274
t271,14101.980000000007,1641.599999999999,8990.540200000003,12216.62314965673,32278.74434656742,-0.0,-0.0,-0.0,-0.0,-0.0,-0.0,-0.0,-0.0,-0.0,-0.0,-0.0,469.18802092368816,1521.8125,0.0,24.01602,577.40672,125.27252000000001,0.0,534.180460206723,3.8707251758424874,2.942541077553727,5.806087763763729,0.7314501552726942,3.5547476104675897,6.576283079365042,23.560077218265747,8.017930721388009,63.89531590293852,221.98814877687283,56.36521982439753,6.66035832522257,5.039969135361375,9.979362389972739,1.1510350796945046,6.101603432166986,11.286848839722811,40.44267915936321,13.778895662750715,118.67998568334602,284.5925346255236,107.24141228703216,73483.62714928086
t272,15686.760000000007,1849.439999999999,10000.902400000003,13506.96314965673,32278.74434656742,-0.0,-0.0,-0.0,-0.0,-0.0,0.0,-0.0,-0.0,-0.0,525.0923653279721,-0.0,557.5891240898305,1523.2734400000002,0.0,24.035009999999996,577.40672,125.35490000000001,166.22320000000002,557.9768357144317,11.143917817564528,8.4716518102914,16.715876726346785,1.933128601006091,10.234210240620483,18.933288945147893,67.83007120589019,23.083829764955087,187.69616584024985,897.807534680767,163.86200866426037,7.596039363078356,5.748009652262313,11.381314012129145,1.3127383463038098,6.958787738659033,12.872482813270366,46.124272575470755,15.714625058180555,139.46324023075826,485.5374568848042,122.14888497456141,79642.33102730298
t273,17271.540000000008,2057.279999999999,11011.264600000002,14797.303149656731,33795.09119644231,-0.0,-0.0,-0.0,-0.0,-0.0,-0.0,-0.0,-0.0,-0.0,1978.6923653279723,-0.0,275.1724125586272,1524.97787,0.0,24.04767,577.32576,125.43728,332.6752,652.0250690452127,21.448229981789837,16.305031975952474,32.17234497268474,3.7206113233717053,19.697354064909028,36.4401050200817,130.54968555242482,9.60215895130731,77.94757793113172,1765.8978432454135,-0.0,11.843985127941977,8.96247867902992,17.746105233644602,2.046863201640979,10.850362214524026,20.071182851042607,71.91842647319129,23.91560412758028,166.30394880542633,764.3701249710522,95.50296479890525,87730.14556253391
t274,18856.320000000007,2265.119999999999,12021.626800000002,16087.643149656731,36993.229196442306,-0.0,1283.3211373899978,48.148911666634255,2107.636088986776,-0.0,-0.0,-0.0,-0.0,-0.0,3055.27485236985,1324.8,468.8180456546929,1526.43881,0.0,24.060329999999997,577.2447999999999,125.49220000000001,499.35600000000005,746.3293661355649,27.296742170839973,20.751094813546707,40.945113256259944,4.7351491520844835,25.068436687506093,46.37660787188627,166.14802760108202,39.02708140455215,-0.0,841.9410933708679,-0.0,22.032675901325373,16.672377234056615,33.012046274972406,3.8567075554685,20.184297050543044,37.33725278580306,133.78566121962504,45.58102246029225,304.4805561171239,1398.9705033662867,270.1300331034471,101509.19216770014
t275,20441.100000000006,2472.959999999999,13031.989000000001,17377.98314965673,40191.367196442305,-0.0,1838.8602022075543,83.10010652483376,6239.800664809016,56.36537512112761,-0.0,-0.0,-0.0,-0.0,3698.5739130434777,2649.6,662.4031796501683,1698.6402354372353,0.0,29.345879999999994,644.3606399999999,148.42130000000003,517.8215217577131,841.0141757374025,20.45840194546153,15.55256066262126,30.687602918192287,3.5489064599269993,18.788328317260586,34.75840738693209,124.52486490273265,15.566796822372009,205.30680877810815,461.3684797959305,193.78363632703181,34.89426609982233,26.404889280234674,52.282851723391516,6.03038491322433,31.966894782723124,52.13721965570724,211.8831359316393,45.69669429414123,562.5299442864086,1554.3480448236169,401.2027118791239,116727.42837237417
t276,22025.880000000005,2680.7999999999993,14042.351200000001,18668.32314965673,43389.505196442304,-0.0,3122.1813395975523,131.24901819146802,9151.707463269166,87.05200656703448,-0.0,-0.0,-0.0,-0.0,5152.173913043478,3974.3999999999996,855.8673154444627,2074.3993008744706,0.0,39.89798999999999,778.59232,175.2863333333334,517.8215217577131,935.9522782565449,24.84665441209715,18.888528098992218,19.41509487440566,2.2452830807135804,22.81835609274227,42.21395877157321,78.78302103797944,-0.0,186.26690374743268,-0.0,-0.0,43.106237807121126,32.6189819647846,64.58703080832075,7.449567943176975,39.48994268907404,73.04916138455089,261.74744064424726,84.81665448104846,720.1402177096525,2261.62223428199,707.5210971388999,132495.0667134031
t277,23610.660000000003,2888.6399999999994,15052.7134,19958.66314965673,46587.6431964423,-0.0,3265.3123836047957,74.3623078102839,12439.083651937757,143.4173816881621,0.0,-0.0,-0.0,-0.0,5152.173913043478,3370.852173913043,1049.2427526060806,2249.522606311706,0.0,50.34881999999999,910.7849456911431,179.44194666666675,517.8215217577131,1031.233610614891,10.701076221318877,8.135001821308737,-0.0,-0.0,9.827518978762233,18.18091011071013,-0.0,-0.0,-0.0,732.6236225134301,128.1038048401113,67.66748225000954,51.20475586368171,101.38768733097066,11.69421253649494,61.990680047827524,114.67140448407656,410.8869433939338,135.62875917581593,-0.0,3734.412243288477,1103.3775998026967,145232.41146440437
t278,25195.440000000002,3096.4799999999996,16063.0756,21249.00314965673,49785.7811964423,-0.0,4548.633520994794,122.51121947691814,13655.884951896905,199.7827568092897,-0.0,-0.0,-0.0,-0.0,5152.173913043478,4695.652173913043,1067.6,2628.203551748941,0.0,47.58261,1110.0934113822864,206.44428000000013,517.8215217577131,1126.8954554847226,-0.0,-0.0,-0.0,-0.0,-0.0,-0.0,-0.0,-0.0,140.60654676448854,1424.360673197922,-0.0,93.29291002995805,70.59580943542127,139.78283331669888,16.122768008533022,85.46632361804882,57.097045520566496,566.4883244939903,188.6424377876893,103.26154345524503,5283.810014904103,124.97759980269683,158763.5641429425
t279,26780.22,3304.3199999999997,17073.4378,22539.343149656732,52983.9191964423,-0.0,4548.633520994794,170.6601311435524,16072.015105163116,143.4173816881621,-0.0,-0.0,-0.0,-0.0,5152.173913043478,4695.652173913043,1067.6,2806.4922271861765,0.0,58.05876,1242.1241170734295,251.89058000000006,517.8215217577131,1222.8105932718588,-0.0,-0.0,-0.0,-0.0,-0.0,-0.0,61.24817871047403,-0.0,-0.0,873.7829539983112,-0.0,59.6,45.1,89.3,10.3,54.6,101.0,361.9,65.34243778768928,91.46381252888511,1784.6100149041029,534.5968642530893,164763.4344335169
t280,28365.0,3512.16,18083.8,23095.0,56182.0571964423,-0.0,4548.633520994794,170.6601311435524,16816.85282966855,199.7827568092897,-0.0,-0.0,-0.0,-0.0,5152.173913043478,4695.652173913043,1067.6,3007.1279871861757,0.0,63.3,1306.9580227645727,274.6,512.330321757713,1319.0602937695617,-0.0,-0.0,-0.0,-0.0,-0.0,-0.0,-0.0,-0.0,-0.0,-0.0,-0.0,-0.0,-0.0,-0.0,-0.0,-0.0,-0.0,-0.0,-0.0,-0.0,-0.0,-0.0,168372.74914749304
t281,27117.27392835542,3720.0,18083.8,21374.44572748268,57241.5,-0.0,4548.633520994794,170.6601311435524,16816.85282966855,199.7827568092897,-0.0,-0.0,-0.0,-0.0,4904.477035610332,4695.652173913043,1067.6,3007.1279871861757,0.0,63.3,1306.9580227645727,274.6,517.8215217577131,1415.5629903086121,-0.0,-0.0,-0.0,-0.0,-0.0,-0.0,-0.0,-0.0,114.06966193843199,-0.0,-0.0,-0.0,-0.0,-0.0,-0.0,-0.0,-0.0,-0.0,-0.0,580.0213218413556,-0.0,-0.0,167220.13960977452
t282,25004.109956069045,3442.8637413394918,16736.571362586605,19653.891454965356,57241.5,-0.0,3917.0401634007058,113.77342076236827,13822.827046242546,133.18850453952646,0.0,-0.0,-0.0,-0.0,3696.8409612932564,4695.652173913043,1018.6611017173755,2806.492227186176,0.0,58.551180223327925,1239.680262764573,251.86311999999998,476.12272175771307,1502.747756651286,6.933900584108991,5.2711795256746905,10.400850876163483,1.2028194890801311,6.367867883365399,11.780555584225986,42.204813249194004,14.36307978136862,132.87425279811782,-0.0,-0.0,27.793259214899223,17.891662992351392,41.64325583708894,4.803197481769497,25.461609951904325,47.09931511249701,168.76477365557093,57.49847082545427,1126.7021549532606,-0.0,445.7187399175042,158007.152915126
t283,22890.945983782673,3165.7274826789835,15389.34272517321,17933.337182448035,52977.06581986143,-0.0,3326.505464515535,56.886710381184145,10181.785040139084,66.59425226976323,-0.0,-0.0,-0.0,-0.0,3696.8409612932564,4296.579651154973,881.0509043341608,2488.6702828896323,0.0,59.068920446655845,1105.2057027645733,248.876845,431.7162140815195,1465.1283528331624,15.145747095953041,11.513858761719401,22.718620643929555,2.6273234758285886,13.909359577916057,13.423814955091917,49.98333106443853,16.366573188490452,137.70499866438337,659.873817225682,121.96080027689045,63.74928772168097,45.1,95.51696969037098,11.01707489149856,58.40119311415741,108.03151107197615,387.09508769255604,131.88401302153127,1785.2935420896615,2215.8007222093665,1030.184734635914,147658.6308771169
t284,20777.7820114963,2888.5912240184753,14042.114087759815,16212.782909930713,48712.631639722866,-0.0,2711.510747319595,56.886710381184145,6283.894511977862,66.59425226976323,-0.0,-0.0,-0.0,-0.0,1979.4496569454304,3130.4347826086955,654.7481889837221,1970.2125785930882,0.0,54.35175066998377,903.4533827645735,223.18115000000003,340.062506405326,1302.6145450563863,11.69889570210806,8.893548263337248,14.937890240236232,2.0294002748554787,10.74388380805842,33.3,121.19140541451463,40.6,177.71619926522231,324.96418518225073,294.792668448283,71.90322284038024,27.20165208800826,107.73419126922744,17.229425590090244,65.87107327323426,121.84942125634907,605.3717593255978,206.25127915127447,1878.0603654604722,4428.178886178249,1611.3306863701514,132493.14667630568
t285,18664.618039209927,2611.454965357967,12694.88545034642,14492.228637413391,44448.1974595843,0.0,2076.815602224527,56.886710381184145,3506.3951004339115,66.59425226976323,-0.0,-0.0,-0.0,-0.0,262.0583525976045,1565.2173913043478,516.92829476665,1655.556004296544,0.0,44.39334089331169,754.4338807516431,174.74857500000007,296.1135987291325,1015.3458815139137,21.34030220861724,16.222984842265145,-0.0,3.701889158637683,18.0,16.380552891161003,129.89275783102227,19.97148490634044,-0.0,1099.3530842661362,178.00913966105395,102.81079699165716,50.58976608503157,154.0436941502514,22.570835216904882,94.18573012994096,174.22635060666735,793.0471131065897,270.1926196353759,1452.5524527891462,6349.254334205813,2108.3394635438767,117977.55688930103
t286,16551.454066923554,2334.3187066974588,11347.656812933026,12771.67436489607,40183.76327944573,-0.0,1282.0924279567193,-0.0,875.2302962943876,19.286096007809775,-0.0,-0.0,-0.0,-0.0,262.0583525976045,-0.0,467.59820234839697,1544.45707,0.0,39.701491116639616,672.6111787387127,149.19018,299.926691052939,853.4689468841516,11.701610649952164,8.895612177769756,-0.0,2.0298712351957824,9.148140405307583,33.30461264098003,119.31652516723477,40.605623820534205,153.52675582532075,452.7929871503038,288.31001052117796,128.90721105702,70.33722035261317,193.1445293186558,22.27758848804205,118.09284771331028,218.4501395429366,951.5083924732811,324.18067088133625,1898.0031362651519,7400.95158087448,2528.329681979755,104628.30291243356
t287,14438.290094637181,2057.1824480369505,10000.428175519632,11051.120092378747,35919.329099307164,-0.0,463.7157958073023,-0.0,-0.0,19.286096007809775,-0.0,-0.0,-0.0,-0.0,-0.0,-0.0,495.6644659291644,1545.91801,0.0,29.774731339967538,657.9043167257823,126.39838,351.4445833767455,817.0709072467324,6.486331314578523,4.930935540164283,9.72949697186778,1.1251799219166823,15.104975286042958,27.944204279179473,100.11241953471809,34.070110922963565,98.78560739286877,514.4763509383287,242.07621247939886,149.18151042978718,85.67901400549572,223.5219610969798,25.78136841320148,136.66628304473792,252.80759317799507,905.8521581298653,308.6255073153148,2240.7332801008088,8631.480559575617,2408.895607062019,94397.59386324702
t288,12325.126122350808,1780.0461893764425,8653.199538106237,9330.565819861426,32278.74434656742,-0.0,-0.0,-0.0,-0.0,-0.0,-0.0,-0.0,-0.0,-0.0,-0.0,-0.0,612.2740497438886,1742.2064113463066,0.0,25.11453156329544,710.313294712853,126.48076000000002,450.6672757005514,790.6856524764414,12.974519866029889,9.863282959379863,19.461779799044827,2.2506820175766133,11.915375387170304,22.043444466265058,78.97246020496763,26.87579115106191,196.6059819752444,989.8039336670845,189.6646228191538,127.00892935763986,96.10910594009324,190.30029180599396,21.94952973798139,116.35381783434792,215.2332527704971,771.2169720558702,262.75505016437916,2213.1711777677338,7779.173224372158,2043.1081201605039,84222.23533808584
