Line,New_Trans_Capacity,Cost_Trans_Capacity
1,-0.0,-0.0
2,800.0,1.3364e7
3,0.0,0.0
4,0.0,0.0
5,1240.9303708768448,6.38706861890312e6
6,500.0,1.206e7
7,1300.0,1.16571e7
8,1600.0,2.04832e7
9,0.0,0.0
10,2150.0,2.56108e7
11,755.0,2.672247e7
12,279.99022850374035,2.9846958358498723e6
13,1070.7967205430152,6.664638788659727e6
14,985.5957725783262,7.580217086899906e6
15,175.0,803600.0
16,660.0,9.22548e6
17,88.48851008383944,2.7465948644922925e6
