Status,Solve,Objval
OPTIMAL,29.419788122177124,3.373580813715285e10
