Resource,NENG_Rest_hydroelectric_pumped_storage_1,NY_Z_A_hydroelectric_pumped_storage_1,NY_Z_F_hydroelectric_pumped_storage_1,PJM_EMAC_hydroelectric_pumped_storage_1,PJM_Rest_hydroelectric_pumped_storage_1,NENG_Rest_battery_advanced_0,NY_Z_A_battery_advanced_0,NY_Z_B_battery_advanced_0,NY_Z_C&E_battery_advanced_0,NY_Z_D_battery_advanced_0,NY_Z_F_battery_advanced_0,NY_Z_G-I_battery_advanced_0,NY_Z_J_battery_advanced_0,NY_Z_K_battery_advanced_0,PJM_EMAC_battery_advanced_0,PJM_Rest_battery_advanced_0,NY_Z_A_res_water_heat_1,NY_Z_B_res_water_heat_1,NY_Z_C&E_res_water_heat_1,NY_Z_D_res_water_heat_1,NY_Z_F_res_water_heat_1,NY_Z_G-I_res_water_heat_1,NY_Z_J_res_water_heat_1,NY_Z_K_res_water_heat_1,PJM_EMAC_res_water_heat_1,PJM_Rest_res_water_heat_1,NENG_Rest_res_water_heat_1,NY_Z_A_trans_light_duty_1,NY_Z_B_trans_light_duty_1,NY_Z_C&E_trans_light_duty_1,NY_Z_D_trans_light_duty_1,NY_Z_F_trans_light_duty_1,NY_Z_G-I_trans_light_duty_1,NY_Z_J_trans_light_duty_1,NY_Z_K_trans_light_duty_1,PJM_EMAC_trans_light_duty_1,PJM_Rest_trans_light_duty_1,NENG_Rest_trans_light_duty_1,Total
Zone,1,2,6,10,11,1,2,3,4,5,6,7,8,9,10,11,2,3,4,5,6,7,8,9,10,11,1,2,3,4,5,6,7,8,9,10,11,1,0
AnnualSum,6.330104110058171e6,964426.1068288463,4.6046663254373595e6,5.203898610972724e6,1.280413858002046e7,3.568277407071962e6,0.0,5.049294315995212e-12,281634.99167978123,0.0,1.2237582029112453e7,1.7967600176425779e6,118064.45610973811,136388.8646841793,1.1516556278654922e7,4.489488054896759e7,11249.1429728291,7960.169556636329,13709.479749020828,1636.871422624767,8948.289722996402,18992.543430920377,74440.04492762976,29229.27425260365,155994.09743526895,684218.8329957393,73647.14887732566,28706.73958969884,21116.00931809688,32470.80022498233,3771.6851509627786,17801.55007977887,51316.64720728818,229156.85243497032,90283.69161073692,375059.3887024517,1.0880276016978319e6,176128.65421311287,1.0765124384281428e8
t1,358.2538073014334,101.61830854593367,0.0,0.0,0.0,0.0,0.0,0.0,0.0,0.0,0.0,0.0,0.0,0.0,0.0,0.0,0.0,0.0,0.0,0.0,0.0,0.0,0.0,0.0,0.0,276.0045387646198,0.0,0.0,0.0,0.0,0.0,0.0,0.0,0.0,0.0,0.0,211.9304692061413,0.0,947.8071238181282
t2,0.0,0.0,0.0,1337.7745985425581,0.0,0.0,0.0,0.0,0.0,0.0,0.0,0.0,0.0,0.0,-0.0,0.0,0.0,0.0,0.0,0.0,0.0,0.0,0.0,0.0,0.0,0.0,0.0,0.0,0.0,0.0,0.0,0.0,0.0,0.0,0.0,0.0,0.0,0.0,1337.7745985425581
t3,1617.4793643100943,226.35963395096996,740.9813622886993,0.0,0.0,0.0,0.0,0.0,0.0,0.0,0.0,0.0,0.0,0.0,1754.913016404206,1891.6050592667234,0.0,0.0,0.0,0.0,0.0,0.0,0.0,0.0,0.0,0.0,0.0,0.0,0.0,0.0,0.0,0.0,0.0,0.0,0.0,0.0,0.0,0.0,6231.338436220693
t4,0.0,240.0,0.0,1490.0,0.0,0.0,0.0,0.0,0.0,0.0,0.0,0.0,0.0,0.0,0.0,2183.281089312375,0.0,0.0,0.0,0.0,0.0,0.0,0.0,0.0,0.0,0.0,0.0,1.058182313514403,0.8007386298573757,1.5854979965912113,0.1828737890805093,0.9694086294947386,1.793228417197227,6.425439249343331,0.0,0.0,0.0,0.0,3926.0964583374544
t5,1830.0,0.0,610.9965814634163,1490.0,0.0,0.0,0.0,0.0,0.0,0.0,0.0,0.0,0.0,0.0,0.0,937.0495849923973,0.0,0.0,0.0,0.0,0.0,0.0,0.0,0.0,0.0,0.0,0.0,0.5434037540008724,0.41119982056106286,0.8141938797362065,0.09391038030551992,0.4978161907457658,0.9208687777531565,3.299627828404626,0.0,0.0,34.91725893509478,0.0,4909.544446022415
t6,1830.0,108.96566199142939,738.5001655767479,0.0,0.0,0.0,0.0,0.0,0.0,0.0,0.0,0.0,0.0,0.0,0.0,0.0,0.0,0.0,0.0,0.0,0.0,0.0,0.0,0.0,0.0,0.0,0.0,2.1274675568892243,1.6098789734178527,3.187631758896102,0.36766637308656064,1.948988735002545,3.605272202110934,12.91829712815789,0.0,0.0,120.89671651464882,0.0,2824.127746810387
t7,0.0,0.0,1166.7,0.0,0.0,0.0,0.0,0.0,0.0,0.0,0.0,0.0,0.0,0.0,126.52519483174274,0.0,11.010903844530587,8.370534045076823,16.516355766795876,1.91005474854102,10.112054551099519,18.707300919534106,67.02045044145403,0.0,0.0,0.0,0.0,5.540894000765837,4.192857708633209,8.302044199134045,0.9575706075149013,5.076053900030447,9.389770034854859,33.64512649122745,0.0,0.0,324.5698075538679,0.0,1818.5469736448035
t8,1830.0,0.0,0.0,846.3274872322681,0.0,0.0,0.0,0.0,0.0,0.0,0.0,0.0,0.0,0.0,0.0,0.0,15.034540474176268,11.429319033940121,22.5518107112644,2.608032531234659,13.807231047712898,25.543377438268863,91.51125911067494,0.0,0.0,1116.2528762544744,0.0,10.536351925637007,7.972977715540755,15.786849445627258,1.8208796113097512,9.652429784224505,17.855227256532512,63.97828459543678,0.0,0.0,620.6678820133263,0.0,4723.33681618165
t9,1830.0,240.0,1166.7,0.0,0.0,0.0,-0.0,-0.0,429.06505838891013,0.0,0.0,1863.9881596043276,104.80825634240526,0.0,0.0,0.0,0.0,0.0,0.0,0.0,0.0,21.994321259128085,0.0,0.0,0.0,986.5198316393214,0.0,0.0,0.0,0.0,-0.0,0.0,0.0,0.0,0.0,0.0,710.1260921612429,0.0,7353.201719395336
t10,1830.0,240.0,1166.7,1490.0,3693.0,0.0,-0.0,-0.0,0.0,0.0,0.0,1863.9881596043276,0.0,0.0,7563.712636210692,6653.097547326572,0.0,0.0,0.0,0.0,0.0,0.0,0.0,0.0,0.0,0.0,0.0,0.0,0.0,0.0,0.0,0.0,0.0,0.0,0.0,0.0,0.0,0.0,24500.49834314159
t11,687.203302125899,240.0,1166.7,1040.040554164124,3693.0,0.0,-0.0,-0.0,355.19677777587617,-0.0,0.0,0.0,104.80825634240526,0.0,8166.175814682724,20595.546661734756,0.0,-0.0,0.0,-0.0,-0.0,-0.0,0.0,0.0,-0.0,0.0,0.0,0.0,0.0,0.0,0.0,0.0,0.0,0.0,-0.0,0.0,0.0,-0.0,36048.67136682579
t12,1830.0,240.0,1166.7,1490.0,3693.0,0.0,-0.0,-0.0,0.0,0.0,7425.528024829158,0.0,0.0,0.0,8166.175814682724,23665.605318226793,0.0,0.0,0.0,0.0,0.0,0.0,0.0,0.0,0.0,0.0,-0.0,0.0,0.0,0.0,0.0,0.0,-0.0,-0.0,0.0,0.0,0.0,0.0,47677.00915773868
t13,1830.0,240.0,1166.7,1430.0467029787164,3693.0,0.0,0.0,0.0,0.0,-0.0,7425.528024829158,382.54669442915446,104.80825634240526,0.0,8166.175814682724,25919.242830148345,0.0,0.0,0.0,0.0,0.0,0.0,0.0,-0.0,0.0,0.0,0.0,0.0,0.0,0.0,0.0,0.0,0.0,0.0,0.0,0.0,0.0,0.0,50358.048323410505
t14,0.0,240.0,1166.7,1490.0,3693.0,0.0,0.0,0.0,-0.0,-0.0,7425.528024829158,169.41034538516087,0.0,0.0,289.57609221522563,29662.16083065945,-0.0,0.0,-0.0,0.0,0.0,0.0,0.0,0.0,0.0,0.0,0.0,0.0,0.0,0.0,0.0,0.0,0.0,0.0,0.0,0.0,0.0,0.0,44136.375293089
t15,1830.0,240.0,1166.7,1490.0,3693.0,0.0,-0.0,-0.0,0.0,-0.0,0.0,838.094694456235,0.0,0.0,1479.9052281112447,30181.142273479498,0.0,0.0,0.0,0.0,0.0,0.0,0.0,0.0,0.0,-0.0,0.0,0.0,0.0,0.0,0.0,0.0,0.0,0.0,0.0,0.0,0.0,0.0,40918.84219604698
t16,1736.3621237673965,240.0,1166.7,1490.0,3693.0,0.0,0.0,0.0,0.0,-0.0,2752.204139196012,-0.0,11.39510087625497,0.0,0.0,10749.857895750518,0.0,0.0,0.0,0.0,0.0,0.0,0.0,0.0,0.0,0.0,0.0,-0.0,-0.0,-0.0,0.0,0.0,-0.0,0.0,0.0,0.0,0.0,0.0,21839.519259590183
t17,1543.0173776020215,240.0,1166.7,1490.0,3693.0,0.0,-0.0,0.0,0.0,-0.0,-0.0,0.0,-0.0,0.0,0.0,12088.246712461485,0.0,0.0,0.0,0.0,0.0,0.0,0.0,0.0,0.0,0.0,0.0,0.0,0.0,0.0,0.0,-0.0,0.0,0.0,0.0,0.0,0.0,0.0,20220.964090063506
t18,0.0,0.0,0.0,0.0,0.0,0.0,0.0,0.0,0.0,0.0,0.0,0.0,0.0,0.0,0.0,0.0,0.0,5.619670122528668,-0.0,0.0,0.0,0.0,44.99507688709196,0.0,0.0,0.0,0.0,44.001723083370614,33.29660589026871,0.0,0.0,0.0,0.0,153.80918258999242,0.0,0.0,0.0,0.0,281.72225857325236
t19,0.0,0.0,0.0,0.0,0.0,0.0,0.0,0.0,0.0,0.0,0.0,0.0,0.0,0.0,0.0,0.0,4.105335902522652,0.0,0.0,0.0,0.0,0.0,0.0,0.0,0.0,0.0,0.0,0.0,28.068679908236287,0.0,0.0,0.0,0.0,0.0,76.73765482673025,0.0,0.0,0.0,108.91167063748918
t20,0.0,0.0,0.0,0.0,0.0,0.0,0.0,0.0,0.0,0.0,0.0,0.0,0.0,0.0,0.0,0.0,12.833331063809796,9.755950655651324,0.0,0.0,-0.0,0.0,0.0,0.0,0.0,0.0,0.0,21.03245992295446,15.915502391363189,31.513400522144845,3.634804315544143,19.267991808612646,35.6422559097047,127.71220211606068,43.51178369966921,402.4002733612502,1328.4786983616648,0.0,2051.69865412843
t21,0.0,0.0,0.0,0.0,0.0,0.0,0.0,0.0,0.0,0.0,0.0,0.0,0.0,0.0,0.0,0.0,0.0,0.0,-0.0,0.0,0.0,0.0,0.0,0.0,-0.0,-0.0,-0.0,16.508456599832726,12.492137460611678,24.734986147064802,2.8529715264811597,15.123518965618574,27.97574021112593,100.24178596442052,34.15256205972106,310.7524196903812,979.0385061890494,0.0,1523.8730848143068
t22,0.0,0.0,0.0,0.0,0.0,0.0,0.0,0.0,0.0,0.0,0.0,0.0,0.0,0.0,0.0,0.0,0.0,0.0,0.0,0.0,0.0,0.0,0.0,22.412871587059264,0.0,0.0,0.0,12.559746589616456,9.504103543484936,18.818546484106534,2.170560232769287,11.506076573709038,21.284134321329905,76.26463575137912,25.983502592276995,232.0728822754719,737.9644060851602,-0.0,1170.5414660363635
t23,0.0,0.0,0.0,0.0,0.0,0.0,0.0,0.0,0.0,0.0,0.0,0.0,0.0,0.0,0.0,0.0,8.942764889413091,6.798326370013012,13.414147334119633,1.5512959502043115,8.21274326578753,15.193575041706932,54.43223731158069,18.52429869949854,139.42673811028263,238.8615500273445,0.0,8.24585720902693,6.239734230320714,12.354950482652763,1.425039081425795,7.554090664645476,13.973684196505367,50.070062482329625,17.05896298444665,147.0290430700312,483.12433507611973,0.0,1252.4334364774552
t24,0.0,0.0,0.0,0.0,0.0,0.0,0.0,0.0,0.0,0.0,0.0,0.0,0.0,0.0,0.0,0.0,5.581597014283335,4.24315283228682,8.372395521425,0.9682362167634355,5.125956441688776,9.483019417124236,33.973700194081715,11.561879529586905,86.31597851597756,404.01447439453295,0.0,5.617932108426109,4.251153323658012,8.417472102054555,0.9708842402145793,5.146629079195731,9.520321190453641,34.11291325569477,11.622332700821127,99.08762706368937,328.78876373625457,0.0,1077.1764188782133
t25,0.0,0.0,0.0,0.0,0.0,0.0,0.0,0.0,0.0,0.0,0.0,0.0,0.0,0.0,0.0,0.0,0.0,0.0,0.0,0.0,0.0,0.0,0.0,0.0,0.0,0.0,0.0,0.0,0.0,0.0,0.0,0.0,0.0,0.0,0.0,0.0,0.0,0.0,0.0
t26,0.0,0.0,0.0,0.0,0.0,0.0,0.0,0.0,0.0,0.0,0.0,0.0,0.0,0.0,0.0,0.0,0.0,0.0,0.0,0.0,0.0,0.0,0.0,0.0,0.0,0.0,0.0,0.0,0.0,0.0,0.0,0.0,0.0,0.0,0.0,0.0,0.0,0.0,0.0
t27,0.0,0.0,0.0,0.0,0.0,0.0,0.0,0.0,0.0,0.0,0.0,0.0,0.0,0.0,0.0,0.0,0.0,0.0,0.0,0.0,0.0,0.0,0.0,0.0,0.0,0.0,0.0,0.8454882839128747,0.6397906309474941,1.2668138213661024,0.1461162638305807,0.7745580587523988,1.4327905482416166,5.133929697115257,1.74913935245734,0.0,0.0,12.594514931025811,24.583141587649475
t28,0.0,0.0,0.0,0.0,0.0,0.0,0.0,0.0,0.0,0.0,0.0,0.0,0.0,0.0,0.0,0.0,0.0,0.0,0.0,0.0,0.0,0.0,0.0,0.0,0.0,0.0,0.0,1.0524165275542776,0.7963755938372136,1.5768589917885403,0.18187735291625942,0.9641265504104625,1.783457538305068,6.390428545669347,2.1772308363664843,20.84388186491514,0.0,15.777763108017137,51.544416909779926
t29,0.0,0.0,0.0,0.0,0.0,0.0,0.0,0.0,0.0,0.0,0.0,0.0,0.0,0.0,0.0,0.0,0.0,0.0,0.0,0.0,0.0,0.0,0.0,0.0,0.0,0.0,0.0,0.5410558094161054,0.4094231041051402,0.8106759023633928,0.0935046113588236,0.4956652213778415,0.9168898783729303,3.2853707622095394,1.1193319010235872,11.025220333526269,38.128915537053366,8.137540628720878,64.96359368952787
t30,0.0,0.0,0.0,0.0,0.0,0.0,0.0,0.0,0.0,0.0,0.0,0.0,0.0,0.0,0.0,0.0,4.561041261995575,3.467322183863982,6.84156189299336,0.7912010352441302,4.188711363057159,7.749116021655745,27.761848089595507,9.44787118556226,0.0,0.0,63.160506337747364,2.083869383687162,1.5768877383270306,3.122307650390328,0.36013178946271424,1.9090481266664272,3.531389391818849,12.653562583160802,4.311092198131327,44.951048525478114,133.18246889252458,31.948257068340283,367.5992427197027
t31,0.0,0.0,0.0,0.0,0.0,0.0,0.0,0.0,0.0,0.0,0.0,0.0,0.0,0.0,0.0,0.0,10.551346596755804,8.021176749574565,15.827019895133704,1.8303356341311088,9.690012180694104,17.926522534284093,64.22324739760037,21.856360807565594,212.56932746154766,0.0,150.92665319000747,5.231820491220349,3.958978257618083,7.838952514529816,0.9041568969726441,4.792909376185084,8.866004523712336,31.768386506252416,10.823548096769613,119.48208168540066,358.63123877013055,82.90247639557862,1148.6225559616646
t32,0.0,0.0,0.0,0.0,0.0,0.0,0.0,0.0,0.0,0.0,0.0,0.0,0.0,0.0,0.0,0.0,15.730987714352375,11.958761068563796,23.59648157152856,2.728844807591739,14.44682545195626,26.726627086119088,95.75034868991011,32.585617408301346,301.6585989154262,1329.0568545506505,230.3048100305739,10.862447810591508,8.219738192242904,16.275446132312442,1.8772351082062508,9.951168631850612,18.407839410566147,65.95838695726623,22.472144547750556,237.02686717532347,700.8823933905079,175.8815680727785,3352.3599927243704
t33,982.6054762694472,240.0,468.9993295593603,1490.0,0.0,0.0,-0.0,-0.0,-0.0,-0.0,-0.0,-0.0,0.0,-0.0,0.0,0.0,0.0,0.0,0.0,0.0,0.0,0.0,0.0,0.0,258.55898633260426,1152.196072498195,28.195189969426167,0.0,0.0,0.0,0.0,0.0,0.0,-0.0,0.0,262.87817946602223,786.9625530822001,0.0,5670.395787177255
t34,1830.0,240.0,1166.7,1490.0,3693.0,1618.8597557116136,-0.0,-0.0,429.06505838891013,-0.0,3997.621911818331,1390.0517342705502,104.80825634240526,362.9124462181943,4895.55448377341,6063.463873461966,-0.0,0.0,-0.0,0.0,-0.0,0.0,-0.0,0.0,0.0,0.0,0.0,0.0,0.0,0.0,0.0,0.0,0.0,0.0,-0.0,-1.1368683772161603e-13,0.0,0.0,27282.03751998538
t35,1830.0,240.0,1166.7,1490.0,3693.0,3060.4319403770924,-0.0,-0.0,109.96636670340006,-0.0,7425.528024829158,0.0,104.80825634240526,0.0,886.2939653615308,30181.142273479498,0.0,0.0,0.0,0.0,0.0,0.0,0.0,0.0,0.0,-0.0,0.0,0.0,7.893684045680256,0.0,0.0,0.0,0.0,0.0,0.0,0.0,0.0,0.0,50195.76451113877
t36,1830.0,240.0,1166.7,1490.0,3693.0,2999.6824026348486,-0.0,-0.0,0.0,-0.0,7425.528024829158,1863.9881596043276,0.0,269.8851638954155,8166.175814682724,30181.142273479498,0.0,0.0,0.0,0.0,0.0,0.0,0.0,0.0,0.0,0.0,0.0,0.0,0.0,0.0,0.0,0.0,0.0,0.0,0.0,0.0,-0.0,0.0,59326.10183912597
t37,1830.0,240.0,1166.7,1490.0,3693.0,3565.968517592256,-0.0,-0.0,0.0,-0.0,7425.528024829158,1863.9881596043276,0.0,0.0,8166.175814682724,30181.142273479498,0.0,0.0,0.0,0.0,0.0,0.0,0.0,-0.0,0.0,0.0,0.0,-0.0,0.0,-0.0,-0.0,0.0,0.0,0.0,0.0,0.0,0.0,0.0,59622.502790187966
t38,1830.0,240.0,1166.7,1490.0,3693.0,3565.968517592256,-0.0,-0.0,0.0,-0.0,7425.528024829158,0.0,11.39510087625497,0.0,8166.175814682724,2545.724828927964,-0.0,0.0,0.0,0.0,0.0,0.0,-0.0,0.0,0.0,0.0,0.0,0.0,0.0,0.0,0.0,0.0,0.0,0.0,0.0,0.0,0.0,-0.0,30134.492286908357
t39,1830.0,240.0,1166.7,1490.0,3693.0,1681.930384045096,-0.0,-0.0,245.2304110724761,-0.0,6490.511985889351,0.0,104.80825634240526,0.0,5340.243327798751,30181.142273479498,0.0,0.0,0.0,0.0,0.0,0.0,0.0,0.0,0.0,0.0,0.0,0.0,0.0,0.0,0.0,0.0,0.0,0.0,0.0,0.0,0.0,0.0,52463.56663862758
t40,1830.0,240.0,1166.7,1490.0,3693.0,824.3712185454747,-0.0,-0.0,0.0,0.0,1792.4485288963494,0.0,0.0,-0.0,3199.092197582315,30181.142273479498,0.0,0.0,0.0,0.0,0.0,0.0,0.0,0.0,0.0,0.0,0.0,0.0,0.0,0.0,0.0,0.0,0.0,0.0,0.0,0.0,-0.0,0.0,44416.75421850364
t41,1830.0,240.0,1166.7,877.1148543632144,3693.0,123.18783937236458,-0.0,-0.0,-0.0,-0.0,-0.0,-0.0,-0.0,0.0,0.0,-0.0,0.0,0.0,0.0,0.0,0.0,0.0,0.0,0.0,0.0,0.0,0.0,0.0,-0.0,0.0,0.0,-0.0,-0.0,0.0,0.0,0.0,0.0,0.0,7930.002693735579
t42,0.0,0.0,0.0,0.0,0.0,0.0,0.0,0.0,0.0,0.0,0.0,0.0,0.0,0.0,0.0,0.0,8.225775584698065,0.0,0.0,0.0,0.0,-0.0,50.06811363543259,0.0,0.0,0.0,0.0,0.0,0.0,0.0,0.0,20.026384980475747,0.0,44.98569008746255,0.0,0.0,0.0,0.0,123.30596428806895
t43,0.0,0.0,0.0,0.0,0.0,0.0,0.0,0.0,0.0,0.0,0.0,0.0,0.0,0.0,0.0,0.0,0.0,0.0,0.0,0.0,0.0,0.0,0.0,0.0,0.0,-0.0,-0.0,0.0,0.0,0.0,0.0,0.0,0.0,0.0,0.0,0.0,0.0,0.0,0.0
t44,0.0,0.0,0.0,0.0,0.0,0.0,0.0,0.0,0.0,0.0,0.0,0.0,0.0,0.0,0.0,0.0,0.0,0.0,0.0,-0.0,0.0,0.0,0.0,0.0,0.0,0.0,0.0,0.0,0.0,0.0,-0.0,0.0,0.0,0.0,0.0,0.0,0.0,47.83307103005555,47.83307103005555
t45,0.0,0.0,0.0,0.0,0.0,0.0,0.0,0.0,0.0,0.0,0.0,0.0,0.0,0.0,0.0,0.0,0.0,0.0,0.0,0.0,0.0,0.0,0.0,0.0,0.0,0.0,0.0,17.297278879288495,0.0,0.0,0.0,0.0,29.312502798794263,0.0,0.0,0.0,0.0,0.0,46.609781678082754
t46,0.0,0.0,0.0,0.0,0.0,0.0,0.0,0.0,0.0,0.0,0.0,0.0,0.0,0.0,0.0,0.0,0.0,0.0,0.0,0.0,0.0,0.0,0.0,0.0,0.0,0.0,0.0,13.510840249878639,0.0,0.0,0.0,0.0,0.0,0.0,0.0,0.0,0.0,207.61170049451366,221.1225407443923
t47,0.0,0.0,0.0,0.0,0.0,0.0,0.0,0.0,0.0,0.0,0.0,0.0,0.0,0.0,0.0,0.0,9.88084360060134,0.0,0.0,0.0,-0.0,0.0,0.0,0.0,-0.0,-0.0,0.0,8.97702595432322,0.0,0.0,0.0,0.0,0.0,0.0,0.0,0.0,0.0,0.0,18.857869554924562
t48,0.0,0.0,0.0,0.0,0.0,0.0,0.0,0.0,0.0,0.0,0.0,0.0,0.0,0.0,0.0,0.0,6.336756691931524,0.0,0.0,0.0,0.0,0.0,0.0,0.0,0.0,0.0,0.0,6.284691215470409,0.0,0.0,0.0,0.0,0.0,0.0,0.0,0.0,0.0,0.0,12.621447907401933
t49,0.0,0.0,0.0,0.0,0.0,1972.3106879806835,0.0,0.0,0.0,0.0,0.0,0.0,0.0,0.0,0.0,0.0,0.0,0.0,0.0,0.0,0.0,0.0,0.0,0.0,62.80336635870993,287.58840569255204,0.0,0.0,0.0,0.0,0.0,0.0,0.0,0.0,0.0,53.61914857929222,176.9786090260177,0.0,2553.3002176372556
t50,0.0,0.0,0.0,0.0,0.0,3040.624192013758,0.0,0.0,0.0,0.0,0.0,0.0,0.0,0.0,0.0,0.0,0.0,0.0,4.52973603725489,0.523847024716552,2.7733077779111577,5.130619389135642,18.380867661377838,6.255349765732944,0.0,225.93901031790088,0.0,0.0,0.0,2.6372645848879164,0.3041861727250341,1.612482041823967,2.9827964509930527,10.687861738756292,3.6413742812618155,0.0,107.47182219123506,0.0,3433.4947174494705
t51,0.0,0.0,0.0,0.0,0.0,1210.863366930586,0.0,0.0,0.0,0.0,0.0,0.0,0.0,0.0,0.0,0.0,0.0,0.0,0.0,0.0,0.0,0.0,0.0,0.0,0.0,0.0,0.0,0.8020215591412522,0.6068988643837328,1.2016866649549298,0.13860439696568622,0.734737871293832,1.359130494517894,4.869993326396294,1.6592157423173892,0.0,0.0,12.460906402832327,1234.6965622533892
t52,0.0,0.0,0.0,0.0,0.0,0.0,0.0,0.0,0.0,0.0,0.0,0.0,0.0,0.0,0.0,0.0,0.0,0.0,0.0,0.0,0.0,0.0,0.0,0.0,0.0,0.0,0.0,1.0004152161222295,0.7570256081730293,1.4989442751630044,0.17289054909494905,0.9164877651052639,1.6953345105427042,6.074668904607965,2.0696509420783706,19.882457760158747,0.0,15.643707749382687,49.71158328042895
t53,0.0,0.0,0.0,0.0,0.0,0.0,0.0,0.0,0.0,0.0,0.0,0.0,0.0,0.0,0.0,0.0,0.0,0.0,0.0,0.0,0.0,0.0,0.0,0.0,45.18236031291229,0.0,0.0,0.5159526792718558,0.39042727911343456,0.773063326492898,0.08916631873322342,0.47266805852757265,0.8743493390345208,3.1329408494712188,1.0673987475540239,10.603228415015021,0.0,8.121766164766495,71.22332149089256
t54,0.0,0.0,0.0,0.0,0.0,0.0,0.0,0.0,0.0,0.0,0.0,0.0,0.0,0.0,0.0,0.0,4.426619800315579,3.3651344400358223,6.639929700473366,0.7678830265853555,4.0652630819224695,7.520736701556569,26.943660315186143,9.169426729225126,0.0,0.0,62.46793649090562,1.9996932242470984,1.5131906780795996,2.9961846463970785,0.34558456727760256,1.8319337255686508,3.3887418733046464,12.142432514346053,4.136949237410524,43.58815834960225,125.94661933263879,31.971721715501612,355.22780015058
t55,0.0,0.0,0.0,0.0,0.0,0.0,0.0,0.0,0.0,0.0,0.0,0.0,0.0,0.0,0.0,0.0,10.48182861597528,7.968328896838348,15.722742923962914,1.8182763925671401,9.626169137120154,17.808412903672284,63.80010989213524,21.71235927594879,212.06844960218194,0.0,152.16105684624523,5.138484643272475,3.8883499565702806,7.699105346379732,0.8880267084850085,4.707403716823444,8.707834714270472,31.201637456381025,10.63045564623316,118.12950406159199,340.0062978575102,84.50064765067317,1128.6654822448384
t56,0.0,0.0,0.0,0.0,0.0,0.0,0.0,0.0,0.0,0.0,0.0,0.0,0.0,0.0,0.0,0.0,15.707913384820873,11.941219869073011,23.561870077231305,2.724842117775049,14.425634741162026,26.687424271149744,95.60990136781275,18.887640724051213,299.32287411699537,385.0180033347715,0.0,10.72343101914516,8.114542600057831,16.067154194792998,1.853210394248241,9.82381432290815,18.172257263987603,65.11425647363478,22.184547729204667,232.61794713083384,673.3059643344568,0.0,1951.864449468113
t57,0.0,0.0,0.0,0.0,0.0,0.0,0.0,0.0,0.0,0.0,0.0,0.0,0.0,0.0,0.0,0.0,0.0,0.0,0.0,0.0,0.0,0.0,-0.0,0.0,83.83966176715512,1123.039132961133,0.0,0.0,0.0,0.0,0.0,0.0,0.0,0.0,0.0,-0.0,762.3635058015833,0.0,1969.2423005298715
t58,-0.0,0.0,27.143585006382217,0.0,0.0,2878.167549427098,-0.0,-0.0,0.0,0.0,1092.4811514508872,0.0,0.0,147.90904362372024,3158.833346772871,0.0,0.0,0.0,0.0,0.0,0.0,0.0,0.0,0.0,-0.0,546.1681654810875,0.0,0.0,0.0,0.0,0.0,0.0,0.0,0.0,0.0,0.0,728.693080784274,0.0,8579.39592254632
t59,1830.0,0.0,0.0,0.0,0.0,2071.3408036977285,-0.0,-0.0,0.0,0.0,7198.078607640423,0.0,0.0,98.06219317268098,7302.964126460762,11193.382404939817,0.0,0.0,0.0,0.0,0.0,0.0,0.0,0.0,0.0,-0.0,0.0,0.0,0.0,0.0,0.0,0.0,0.0,0.0,0.0,-0.0,0.0,-0.0,29693.82813591141
t60,783.0231417842647,240.0,1166.7,0.0,0.0,3565.968517592256,-0.0,-0.0,0.0,-0.0,7425.528024829158,1549.935738037159,104.80825634240526,0.0,8166.175814682724,21920.454732049824,0.0,0.0,-0.0,0.0,-0.0,-0.0,0.0,19.67995494970257,0.0,0.0,0.0,0.0,0.0,0.0,0.0,0.0,29.491052480968797,105.67140487982779,36.002443276271805,0.0,0.0,0.0,45113.43908090456
t61,0.0,240.0,1166.7,-0.0,0.0,3496.997624112467,-0.0,-0.0,429.06505838891013,-0.0,7425.528024829158,1863.9881596043276,104.80825634240526,0.0,8166.175814682724,23106.176486323093,0.0,0.0,0.0,0.0,0.0,12.977764964728706,46.49391472348752,15.82274046750707,0.0,0.0,0.0,0.0,0.0,0.0,0.0,0.0,33.75556926820668,120.9518863184554,41.208531591781025,0.0,-0.0,0.0,46270.64983161725
t62,583.8778022144929,113.28092913238116,1166.7,0.0,-0.0,3565.968517592256,-0.0,-0.0,355.19677777587617,-0.0,7425.528024829158,1364.1187482279367,104.80825634240526,0.0,5321.365160074235,26107.18311939415,0.0,0.0,0.0,0.0,-0.0,0.0,-0.0,0.0,0.0,0.0,0.0,-0.0,-0.0,-0.0,-0.0,-0.0,0.0,0.0,0.0,0.0,0.0,0.0,46108.02733558289
t63,1620.278383457745,0.0,1166.7,0.0,0.0,1101.02466962162,0.0,0.0,0.0,-0.0,7425.528024829158,339.985407609782,11.39510087625496,23.913927099014177,4184.8345141772015,22416.09452045935,0.0,0.0,0.0,0.0,0.0,0.0,0.0,0.0,0.0,0.0,0.0,0.0,0.0,0.0,0.0,0.0,-0.0,0.0,0.0,0.0,0.0,0.0,38289.75454813013
t64,0.0,0.0,0.0,0.0,0.0,760.9328938275765,-0.0,0.0,0.0,0.0,3990.022667512718,0.0,0.0,0.0,2519.3626417136643,12546.717866404066,0.0,0.0,0.0,0.0,0.0,0.0,0.0,0.0,0.0,0.0,0.0,0.0,0.0,0.0,0.0,0.0,0.0,0.0,0.0,0.0,0.0,0.0,19817.036069458023
t65,0.0,0.0,0.0,0.0,0.0,0.0,0.0,0.0,0.0,0.0,0.0,0.0,0.0,0.0,0.0,0.0,7.142370666449785,5.429659333168458,0.0,0.0,0.0,0.0,0.0,0.0,0.0,0.0,0.0,39.56832068953744,29.941799716411726,0.0,0.0,-0.0,0.0,0.0,0.0,-0.0,0.0,621.1024298913643,703.1845802969317
t66,0.0,0.0,0.0,0.0,0.0,0.0,0.0,0.0,0.0,0.0,0.0,0.0,0.0,0.0,0.0,0.0,-0.0,0.0,0.0,0.0,7.413275338237708,0.0,0.0,0.0,0.0,0.0,69.4792652880086,-0.0,0.0,0.0,0.0,0.0,0.0,0.0,0.0,0.0,1247.1532600048013,339.4727196930255,1663.518520324073
t67,0.0,0.0,0.0,0.0,0.0,0.0,0.0,0.0,0.0,0.0,0.0,0.0,0.0,0.0,0.0,0.0,0.0,0.0,0.0,0.0,0.0,-0.0,0.0,-0.0,223.56006799783887,-0.0,-0.0,-0.0,-0.0,0.0,0.0,0.0,65.97819075342123,0.0,80.54565267224592,501.4958874754002,595.9417138171168,0.0,1467.5215127160232
t68,0.0,0.0,0.0,0.0,0.0,0.0,0.0,0.0,0.0,0.0,0.0,0.0,0.0,0.0,0.0,0.0,13.591698643979603,0.0,-0.0,-0.0,12.4821722240629,0.0,0.0,28.154232905386323,0.0,-0.0,0.0,21.6994490416116,0.0,0.0,0.0,-0.0,0.0,131.7622585261617,44.89164541662265,142.82164928168606,1283.642791477978,344.11802037710174,2023.1639178945907
t69,0.0,0.0,0.0,0.0,0.0,0.0,0.0,0.0,0.0,0.0,0.0,0.0,0.0,0.0,0.0,0.0,0.0,0.0,0.0,0.0,0.0,0.0,-0.0,0.0,0.0,0.0,0.0,0.0,-0.0,-0.0,-0.0,0.0,0.0,102.24081340697862,34.83363441028037,0.0,940.6178046110322,267.3255238959013,1345.0177763241925
t70,0.0,0.0,0.0,0.0,0.0,0.0,0.0,0.0,0.0,0.0,0.0,0.0,0.0,0.0,0.0,0.0,-0.0,-0.0,0.0,0.0,0.0,19.962956221200464,59.838489241103254,24.339219897319484,186.3229049262082,0.0,99.05654724587839,0.0,0.0,0.0,0.0,0.0,20.15205428412932,80.6767362612713,27.486713404296086,241.11145184479292,718.7172058388483,207.76335833987852,1685.4276375049262
t71,0.0,0.0,0.0,0.0,0.0,0.0,0.0,0.0,0.0,0.0,0.0,0.0,0.0,0.0,0.0,0.0,0.0,0.0,-0.0,-0.0,0.0,13.337043778799533,59.46151075889674,16.260780102680517,144.97709507379182,0.0,133.7085612517833,0.0,0.0,0.0,0.0,0.0,14.869754962449443,47.22019180558834,0.0,0.0,470.7676334891402,135.40681631543163,1036.0093875385614
t72,0.0,0.0,0.0,0.0,0.0,0.0,0.0,0.0,0.0,0.0,0.0,0.0,0.0,0.0,0.0,0.0,0.0,0.0,0.0,0.0,5.630680277391672,0.0,0.0,0.0,0.0,417.6947972592547,82.69968970598676,0.0,0.0,0.0,0.0,5.507296385290506,0.0,0.0,0.0,0.0,318.90806452677094,91.46811923704401,921.9086473917386
t73,0.0,59.47291659874703,0.0,0.0,0.0,-0.0,-0.0,0.0,0.0,-0.0,-0.0,0.0,0.0,0.0,0.0,0.0,0.0,0.0,0.0,0.0,0.0,0.0,0.0,0.0,62.04244245398512,0.0,0.0,0.0,0.0,0.0,0.0,0.0,0.0,0.0,0.0,52.96064273594439,0.0,0.0,174.47600178867654
t74,0.0,55.29851589498639,0.0,0.0,0.0,2262.557936978265,0.0,0.0,0.0,0.0,0.0,0.0,0.0,362.9124462181943,0.0,0.0,0.0,0.0,0.0,0.0,0.0,0.0,0.0,0.0,6.976831517976308,0.0,0.0,0.0,0.0,0.0,0.0,0.0,0.0,0.0,0.0,0.0,0.0,0.0,2687.745730609422
t75,0.0,65.78211905055332,1097.7466538492965,0.0,0.0,1874.9490255136793,0.0,0.0,0.0,0.0,0.0,0.0,0.0,0.0,0.0,0.0,0.0,0.0,0.0,0.0,0.0,0.0,0.0,0.0,0.0,0.0,0.0,0.7943946795638811,0.6011275175894469,1.1902591423666875,0.13728632885080497,0.7277508306071797,1.346205748925369,4.823681787486049,1.6434373152722574,0.0,0.0,0.0,3049.7419417641913
t76,1830.0,0.0,760.9806325095443,0.0,0.0,1547.2867546681223,0.0,0.0,0.0,0.0,0.0,0.0,0.0,269.8851638954155,370.0212725370509,0.0,0.0,0.0,0.0,0.0,0.0,0.0,0.0,0.0,0.0,0.0,0.0,0.987431696239285,0.7472008305434858,1.479490779767922,0.1706467528735677,0.9045934666890096,1.6733322369155672,5.995831054848947,2.0427907407097963,19.205985921017273,0.0,0.0,4811.381127089739
t77,1830.0,193.26573097688953,0.0,0.0,0.0,1057.701305934169,0.0,0.0,0.0,0.0,0.0,0.0,0.0,0.0,102.4233023396579,0.0,0.0,0.0,0.0,0.0,0.0,0.0,0.0,0.0,0.0,0.0,0.0,0.5107391313854384,0.3864821279443503,0.7652517522268397,0.08826531968573854,0.467891888819546,0.8655142998310283,3.1012834169192978,1.056613001674909,10.2381747471417,35.608929451974156,0.0,3236.4794843883196
t78,0.0,0.0,1166.7,0.0,0.0,0.0,0.0,0.0,0.0,0.0,0.0,0.0,0.0,0.0,0.0,0.0,3.4029122535801815,2.5869077846094233,5.10436838037027,0.5903011052128886,3.12512349818588,5.7814784716438785,20.71262407408753,7.048889668130374,0.0,0.0,0.0,1.9884517729065498,1.5046841435920373,2.9793413308817938,0.34364183323720576,1.8216353490049937,3.3696917628114353,12.074172761994637,4.113693013412377,42.312811471968175,126.51975090489408,0.0,1412.0804795805238
t79,1830.0,0.0,134.402699904822,0.0,0.0,0.0,0.0,0.0,0.0,0.0,0.0,0.0,0.0,0.0,0.0,0.0,11.155891839708678,8.480754510798942,16.733837759563013,1.9352057272964032,10.245206791569192,18.953632564403,67.90295390190025,23.1086330965394,223.53616907018483,0.0,0.0,5.060945122529476,3.8296749165449566,7.5829261651322515,0.8746264221821076,4.636369189431366,8.57643384858183,30.73080603764123,10.470042510199402,114.90437917078938,341.99207244460086,0.0,2875.113260994419
t80,0.0,0.0,0.0,0.0,0.0,0.0,0.0,0.0,0.0,0.0,0.0,0.0,0.0,-0.0,0.0,0.0,-0.0,-0.0,-0.0,-0.0,-0.0,-0.0,0.0,0.0,310.26134481881456,1403.6114321663572,-0.0,0.0,0.0,0.0,0.0,0.0,0.0,0.0,0.0,220.43057253081284,661.8146586855198,0.0,2596.1180082015044
t81,1830.0,240.0,1166.7,1490.0,0.0,0.0,0.0,-0.0,241.66402838541805,-0.0,190.34454366875042,1863.9881596043276,46.3747368760075,0.0,6801.452270980112,0.0,0.0,0.0,0.0,0.0,0.0,0.0,0.0,0.0,0.0,1068.559888089193,-0.0,0.0,0.0,0.0,0.0,0.0,0.0,0.0,0.0,0.0,752.1128277841678,0.0,15691.196455387975
t82,0.0,240.0,1166.7,1490.0,3693.0,3565.968517592256,0.0,-0.0,184.80639280325178,-0.0,7425.528024829158,327.6494726604285,104.80825634240526,0.0,1340.8127221588152,8911.775541631236,0.0,0.0,0.0,0.0,0.0,0.0,0.0,-0.0,0.0,0.0,0.0,0.0,0.0,0.0,-0.0,-0.0,-0.0,0.0,0.0,0.0,0.0,0.0,28451.048928017553
t83,1830.0,240.0,1166.7,1490.0,3693.0,0.0,0.0,-0.0,0.0,-0.0,7425.528024829158,0.0,104.80825634240526,0.0,8166.175814682724,29878.555434238184,0.0,0.0,0.0,0.0,0.0,0.0,0.0,0.0,-0.0,0.0,0.0,0.0,0.0,0.0,0.0,0.0,0.0,0.0,0.0,0.0,0.0,-0.0,53994.767530092475
t84,1096.4100782043697,240.0,1166.7,1490.0,3693.0,0.0,0.0,-0.0,0.0,-0.0,7425.528024829158,0.0,0.0,-0.0,5085.946035816824,30181.142273479498,0.0,0.0,0.0,0.0,0.0,0.0,0.0,0.0,0.0,0.0,0.0,-0.0,0.0,-0.0,0.0,0.0,0.0,0.0,0.0,0.0,0.0,0.0,50378.72641232985
t85,1830.0,240.0,1166.7,1490.0,3693.0,0.0,0.0,-0.0,0.0,-0.0,7425.528024829158,0.0,0.0,-0.0,6434.553551654176,30181.142273479498,0.0,0.0,0.0,0.0,0.0,0.0,0.0,0.0,-0.0,0.0,0.0,0.0,0.0,0.0,0.0,0.0,0.0,0.0,0.0,0.0,0.0,0.0,52460.923849962826
t86,1830.0,240.0,1166.7,1490.0,3693.0,3565.968517592256,0.0,-0.0,0.0,0.0,4664.709858106123,0.0,0.0,-0.0,0.0,0.0,0.0,0.0,0.0,0.0,0.0,0.0,0.0,0.0,0.0,0.0,0.0,0.0,0.0,0.0,0.0,0.0,0.0,0.0,0.0,0.0,-0.0,0.0,16650.37837569838
t87,1830.0,240.0,1166.7,1490.0,3693.0,3565.968517592256,0.0,-0.0,0.0,0.0,7425.528024829158,1863.9881596043276,69.8286203426527,-0.0,8166.175814682724,30181.142273479498,0.0,0.0,0.0,0.0,0.0,0.0,0.0,12.413940599258162,0.0,0.0,0.0,0.0,0.0,0.0,0.0,0.0,0.0,0.0,-0.0,0.0,0.0,0.0,59704.74535112988
t88,1830.0,240.0,1166.7,1490.0,3693.0,0.0,0.0,-0.0,357.79141497611647,0.0,0.0,1062.4022616101217,-0.0,-0.0,0.0,30181.142273479498,0.0,0.0,0.0,0.0,0.0,0.0,0.0,10.304217073664065,0.0,0.0,0.0,0.0,-0.0,0.0,-0.0,-0.0,-0.0,-0.0,0.0,-0.0,-0.0,0.0,40031.340167139395
t89,1830.0,240.0,1166.7,1490.0,3693.0,-0.0,-0.0,-0.0,-0.0,-0.0,0.0,-0.0,0.0,-0.0,2824.595208588803,-0.0,0.0,0.0,0.0,0.0,0.0,0.0,0.0,0.0,0.0,0.0,0.0,0.0,0.0,0.0,0.0,0.0,0.0,0.0,0.0,0.0,0.0,0.0,11244.295208588803
t90,0.0,0.0,0.0,0.0,0.0,0.0,0.0,0.0,0.0,0.0,0.0,0.0,0.0,0.0,0.0,0.0,0.0,0.0,0.0,0.0,0.0,0.0,0.0,0.0,0.0,0.0,0.0,0.0,0.0,0.0,0.0,0.0,0.0,0.0,0.0,0.0,0.0,0.0,0.0
t91,0.0,0.0,0.0,0.0,0.0,0.0,0.0,0.0,0.0,0.0,0.0,0.0,0.0,0.0,0.0,0.0,0.0,0.0,0.0,0.0,-0.0,0.0,0.0,0.0,-0.0,0.0,0.0,0.0,0.0,0.0,0.0,0.0,60.3114802086388,216.1061850248156,0.0,0.0,0.0,0.0,276.4176652334544
t92,0.0,0.0,0.0,0.0,0.0,0.0,0.0,0.0,0.0,0.0,0.0,0.0,0.0,0.0,0.0,0.0,0.0,0.0,0.0,0.0,0.0,-0.0,-0.0,0.0,0.0,-0.0,-0.0,20.06888531421209,15.186354491123579,30.069655344952,3.46828051571115,18.385253995905707,34.00935262978894,121.861234819016,41.51834830943541,373.6883684870614,0.0,5.175813397919228,663.4315473051255
t93,0.0,0.0,0.0,0.0,0.0,0.0,0.0,0.0,0.0,0.0,0.0,0.0,0.0,0.0,0.0,0.0,0.0,0.0,0.0,0.0,0.0,0.0,0.0,0.0,0.0,0.0,0.0,15.43069955626087,11.676586409183985,23.120158898894225,2.666714856199446,14.136177781406774,26.149339852052822,93.69748606393975,31.92290696790211,287.4373652373168,0.0,75.23940912276794,581.4768447459247
t94,0.0,0.0,0.0,0.0,0.0,0.0,0.0,0.0,0.0,0.0,0.0,0.0,0.0,0.0,0.0,0.0,0.0,0.0,0.0,0.0,0.0,19.118665210552642,68.49419698555346,0.0,0.0,0.0,0.0,12.189020710055953,9.223571040663145,18.26307968805363,2.106491834120408,11.166451858541192,20.655890800598176,74.01353347263841,25.216547878354014,223.38433441368323,0.0,8.299240848837144,492.1310247416514
t95,0.0,0.0,0.0,0.0,0.0,0.0,0.0,0.0,0.0,0.0,0.0,0.0,0.0,0.0,0.0,0.0,9.157692615668065,6.961715304768068,13.736538923502096,1.588579331289358,8.410125871531895,15.558732862334006,55.74044535965305,18.969506132455273,112.30995323215495,0.0,78.69379149630004,8.072840895885689,6.1088108121551095,12.095716308768319,1.3951386112017214,7.395589142875144,13.680485410812995,49.01948188290319,16.701028229240023,145.5891771350669,0.0,123.42639603556268,704.6117455941286
t96,0.0,0.0,0.0,0.0,0.0,0.0,0.0,0.0,0.0,0.0,0.0,0.0,0.0,0.0,0.0,0.0,5.65888142650633,4.301904757905321,8.488322139759493,0.9816426964347714,5.19693192230173,9.614324056258202,34.44410990725536,11.72196866919168,89.04198068436816,0.0,77.76868219264678,5.59812558948995,4.2361655047986035,8.387795556064638,0.9674613015393707,5.1284841809756925,9.486756451988002,33.99264514826196,11.58135713396159,100.16877189154505,0.0,30.26585498798522,457.03216619923796
t97,0.0,0.0,0.0,0.0,0.0,0.0,0.0,0.0,0.0,0.0,0.0,0.0,0.0,0.0,0.0,0.0,0.0,0.0,0.0,0.0,0.0,0.0,0.0,0.0,0.0,0.0,0.0,6.3840805588971605,4.830906597420503,9.565409293783832,1.1032890898765229,5.848503330801762,10.818660007527068,38.765079769545004,13.207334444832549,0.0,0.0,0.0,90.5232630926844
t98,279.4237566237138,0.0,0.0,0.0,0.0,0.0,0.0,0.0,0.0,0.0,0.0,0.0,0.0,0.0,0.0,0.0,3.4683363076940816,2.636643417583766,0.0,0.0,0.0,0.0,0.0,0.0,0.0,0.0,0.0,2.4471157810090056,1.8517604316024523,3.6665677725520838,0.42290759302672426,2.2418208329377807,4.146957951038752,14.859248341395284,5.062573419436417,0.0,0.0,0.0,320.2276884719901
t99,1620.444477177506,0.0,0.0,0.0,0.0,0.0,0.0,0.0,0.0,0.0,0.0,0.0,0.0,0.0,0.0,0.0,0.0,0.0,0.0,0.055807472914065855,0.0,0.0,0.0,0.0,0.0,0.0,0.0,1.9881409357108488,1.5044489295395853,2.978875596627161,0.3435881147285528,1.8213505887552408,3.369165008503284,12.072285312646914,4.113049955925296,0.0,0.0,0.0,1648.6911890928573
t100,1219.2396322122963,0.0,0.0,0.0,0.0,0.0,0.0,0.0,0.0,0.0,0.0,0.0,0.0,0.0,0.0,0.0,1.3108152793519317,0.9964871256297845,1.9662229190278966,0.2273863239692126,1.2038099504252429,2.2270484082866995,7.978584838096195,2.715260221514715,0.0,0.0,0.0,1.3719429482474137,1.0381648819791673,2.0556125046727187,0.2370975229353752,1.256847063327329,2.3249368753857182,8.330640150515755,2.8382645221292977,26.300973038770604,0.0,0.0,1283.6197267865614
t101,852.9029526840018,0.0,0.0,0.0,0.0,0.0,0.0,0.0,0.0,0.0,0.0,0.0,0.0,0.0,0.0,0.0,1.2008624214039916,0.9129005142305853,1.8012936321059867,0.20831286901905974,1.1028328359832573,2.040240746569026,7.309330962933479,2.487500730051125,0.0,0.0,0.0,0.25436012454162,0.19247720833602458,0.3811134080799776,0.04395820944259542,0.2330211879190009,0.4310465197769064,1.5445122327451724,0.5262181771137878,4.9473090235417105,22.804217367399414,0.0,901.3244608551945
t102,638.1810328048778,0.0,275.25059288749196,0.0,0.0,0.0,0.0,0.0,0.0,0.0,0.0,0.0,0.0,0.0,0.0,0.0,0.0,0.0,0.0,0.0,0.0,0.0,0.0,0.0,0.0,0.0,0.0,0.7743130920567802,0.5859315512040401,1.1601704550448064,0.1338158531574637,0.7093539400385941,1.3121748707673624,4.701743423076321,1.6018926887684732,15.363300334942267,46.495358199565125,0.0,986.2696801009909
t103,0.0,0.0,0.0,0.0,0.0,0.0,0.0,0.0,0.0,0.0,0.0,0.0,0.0,0.0,0.0,0.0,4.164502288951242,3.1658716380292606,6.2467534334268615,0.722413662369093,3.8245429184246094,7.075404399085528,25.348220564891996,8.626469027113286,74.45661845439038,0.0,0.0,1.6044992242375409,1.2141428693475353,2.4040567235639663,0.2772876176115213,1.4698935846202976,2.7190339202683163,9.742756195496073,3.3193750729612215,32.52420868731031,99.18561019178352,0.0,288.09166047388254
t104,773.8624883158867,75.37096492095762,209.11407618387813,0.0,0.0,0.0,0.0,0.0,0.0,0.0,0.0,0.0,0.0,0.0,0.0,0.0,7.970734663650694,6.05938502491813,11.956101995476038,1.3826784620618549,7.32006244620982,13.542115525488166,48.51574721293508,16.51080751756215,146.13395803862068,663.8796031721816,0.0,2.8403952526734315,2.1493594948921437,4.255827115163379,0.4908736762170528,2.6021070603350567,4.813421485235178,17.247299361451592,5.876186823064331,58.77002326374676,182.9890370418454,0.0,2263.653254054451
t105,1830.0,240.0,1166.7,1490.0,0.0,3565.968517592256,-0.0,-0.0,429.06505838891013,-0.0,1586.2815905902025,1863.9881596043276,104.80825634240526,362.9124462181943,1287.7215608589063,0.0,0.0,-0.0,-0.0,-0.0,-0.0,0.0,-0.0,-0.0,0.0,1051.8590623004234,0.0,0.0,0.0,0.0,0.0,0.0,0.0,0.0,0.0,0.0,347.1306953206765,0.0,15326.435347216302
t106,1830.0,240.0,1166.7,1490.0,3693.0,3565.968517592256,-0.0,-0.0,0.0,-0.0,7425.528024829158,1863.9881596043276,104.80825634240526,0.0,5790.095000482241,-0.0,0.0,0.0,0.0,0.0,0.0,0.0,0.0,0.0,-0.0,0.0,0.0,0.0,0.0,0.0,0.0,0.0,0.0,0.0,0.0,0.0,0.0,0.0,27170.08795885039
t107,1830.0,240.0,1166.7,1490.0,3693.0,0.0,-0.0,-0.0,355.19677777587617,-0.0,7425.528024829158,0.0,0.0,269.8851638954155,3969.533567177912,30181.142273479498,0.0,-0.0,0.0,-0.0,-0.0,0.0,0.0,0.0,0.0,-0.0,0.0,0.0,0.0,0.0,0.0,0.0,0.0,0.0,0.0,0.0,-0.0,0.0,50620.98580715786
t108,1830.0,240.0,1166.7,1490.0,3693.0,38.650227685854546,-0.0,-0.0,0.0,0.0,2426.564484570724,920.3669806657923,104.80825634240526,0.0,5360.338823423884,30181.142273479498,-0.0,0.0,-0.0,0.0,0.0,0.0,-0.0,0.0,0.0,0.0,-0.0,0.0,-0.0,0.0,-0.0,-0.0,0.0,0.0,0.0,0.0,0.0,0.0,47451.57104616816
t109,688.4831997774386,240.0,1166.7,1490.0,3693.0,0.0,-0.0,-0.0,0.0,0.0,3621.839286210125,0.0,0.0,0.0,6737.156162535379,8609.188702389933,0.0,0.0,0.0,0.0,-0.0,-0.0,0.0,0.0,0.0,0.0,0.0,0.0,0.0,0.0,0.0,0.0,0.0,0.0,0.0,0.0,0.0,0.0,26246.367350912875
t110,1830.0,240.0,1166.7,1490.0,3693.0,0.0,-0.0,0.0,-0.0,0.0,7425.528024829158,0.0,11.39510087625497,0.0,7508.690489403137,30181.142273479498,0.0,0.0,0.0,0.0,0.0,0.0,0.0,0.0,0.0,0.0,0.0,-0.0,0.0,-0.0,0.0,0.0,0.0,0.0,-0.0,0.0,0.0,-0.0,53546.45588858805
t111,1830.0,240.0,1166.7,1490.0,3693.0,0.0,0.0,-0.0,-0.0,-0.0,7425.528024829158,0.0,-0.0,0.0,8166.175814682724,0.0,-0.0,0.0,-0.0,0.0,0.0,0.0,-0.0,-0.0,-0.0,0.0,0.0,0.0,0.0,0.0,0.0,0.0,0.0,0.0,0.0,0.0,0.0,0.0,24011.40383951188
t112,0.0,240.0,1166.7,1490.0,3693.0,3565.968517592256,-0.0,-0.0,-0.0,-0.0,0.0,469.684753604758,-0.0,0.0,-0.0,30181.142273479498,0.0,0.0,0.0,0.0,0.0,0.0,0.0,0.0,0.0,0.0,0.0,0.0,0.0,0.0,0.0,0.0,0.0,0.0,0.0,0.0,0.0,0.0,40806.49554467651
t113,1830.0,240.0,1166.7,1490.0,3693.0,0.0,0.0,0.0,0.0,0.0,4645.897065232974,0.0,0.0,0.0,-0.0,30181.142273479498,0.0,0.0,0.0,0.0,0.0,0.0,0.0,0.0,0.0,0.0,0.0,0.0,0.0,0.0,0.0,0.0,-0.0,-0.0,0.0,0.0,-0.0,0.0,43246.739338712476
t114,0.0,240.0,0.0,0.0,3693.0,0.0,-0.0,-0.0,0.0,0.0,0.0,0.0,0.0,0.0,0.0,-0.0,0.0,0.0,0.0,0.0,0.0,0.0,0.0,0.0,0.0,-0.0,43.27319714059104,0.0,0.0,0.0,0.0,0.0,0.0,0.0,0.0,0.0,0.0,0.0,3976.273197140591
t115,0.0,0.0,0.0,0.0,0.0,0.0,0.0,0.0,0.0,0.0,0.0,0.0,0.0,0.0,0.0,0.0,0.0,0.0,0.0,0.0,0.0,0.0,0.0,0.0,0.0,0.0,-0.0,0.0,0.0,0.0,0.0,0.0,0.0,0.0,0.0,0.0,-0.0,0.0,0.0
t116,0.0,0.0,0.0,0.0,0.0,0.0,0.0,0.0,0.0,0.0,0.0,0.0,0.0,0.0,0.0,0.0,0.0,0.0,0.0,0.0,0.0,0.0,0.0,0.0,0.0,0.0,0.0,22.23655763706767,26.605478594953702,0.0,-0.0,-0.0,-0.0,0.0,72.73737274407519,0.0,0.0,0.0,121.57940897609656
t117,0.0,0.0,0.0,0.0,0.0,0.0,0.0,0.0,0.0,0.0,0.0,0.0,0.0,0.0,0.0,0.0,0.0,0.0,0.0,0.0,0.0,0.0,0.0,0.0,-0.0,0.0,0.0,0.0,20.10208636121925,0.0,0.0,0.0,0.0,0.0,60.24945877563199,0.0,0.0,0.0,80.35154513685124
t118,0.0,0.0,0.0,0.0,0.0,0.0,0.0,0.0,0.0,0.0,0.0,0.0,0.0,0.0,0.0,0.0,0.0,0.0,0.0,0.0,0.0,0.0,0.0,-0.0,0.0,0.0,0.0,-0.0,0.0,-0.0,0.0,0.0,0.0,0.0,0.0,0.0,0.0,0.0,0.0
t119,0.0,0.0,0.0,0.0,0.0,0.0,0.0,0.0,0.0,0.0,0.0,0.0,0.0,0.0,0.0,0.0,0.0,0.0,0.0,0.0,0.0,0.0,0.0,0.0,0.0,0.0,31.291514961725625,0.0,0.0,0.0,0.0,0.0,0.0,0.0,0.0,0.0,0.0,0.0,31.291514961725625
t120,0.0,0.0,0.0,0.0,0.0,0.0,0.0,0.0,0.0,0.0,0.0,0.0,0.0,0.0,0.0,0.0,0.0,0.0,0.0,0.0,0.0,0.0,0.0,0.0,0.0,0.0,-0.0,0.0,0.0,0.0,0.0,0.0,0.0,0.0,0.0,0.0,0.0,128.37763538666513,128.37763538666513
t121,-0.0,0.0,0.0,0.0,0.0,0.0,-0.0,-9.769962616701378e-14,0.0,-0.0,0.0,0.0,104.80825634240526,39.686675770842086,0.0,0.0,0.0,0.0,0.0,0.0,0.0,0.0,0.0,0.0,0.0,0.0,0.0,0.0,0.0,0.0,0.0,0.0,0.0,0.0,0.0,0.0,173.7084635567497,0.0,318.20339566999695
t122,1139.3750518642605,53.92746280163454,904.2513127854087,0.0,0.0,0.0,-0.0,-0.0,0.0,-0.0,0.0,547.800093369457,0.0,0.0,0.0,0.0,0.0,0.0,0.0,0.0,0.0,0.0,0.0,0.0,0.0,159.54790634069076,0.0,0.0,0.0,0.0,0.0,0.0,0.0,0.0,0.0,0.0,105.47982332506601,0.0,2910.381650486517
t123,1830.0,240.0,0.0,0.0,0.0,0.0,-0.0,-0.0,0.0,-0.0,0.0,0.0,0.0,0.0,0.0,0.0,0.0,0.0,0.0,0.0,0.0,0.0,0.0,0.0,0.0,0.0,0.0,0.790455054842699,0.59814635861419,1.1843563153935066,0.13660548766576844,0.0,0.0,0.0,1.635287051377597,0.0,0.0,0.0,2074.3448502678934
t124,566.8555278007898,240.0,1166.7,0.0,0.0,0.0,0.0,0.0,0.0,0.0,0.0,0.0,104.80825634240526,362.9124462181943,0.0,0.0,0.0,0.0,0.0,0.0,0.0,0.0,0.0,0.0,0.0,0.0,0.0,0.9842547052795686,0.7447967652367207,1.474730623850092,0.17009770913388522,0.9016830018165177,1.6679484099536317,5.976539896655637,2.0362182073988393,18.838685351198002,0.0,0.0,2474.071185031912
t125,1573.3266003160916,240.0,1166.7,0.0,0.0,0.0,-0.0,0.0,0.0,-0.0,0.0,0.0,0.0,0.0,0.0,0.0,0.0,0.0,0.0,0.0,0.0,0.0,0.0,0.0,0.0,0.0,0.0,0.5096957969125734,0.3856926248449172,0.7636885010787383,0.08808501188254206,0.46693608240648504,0.8637462330229851,3.0949481359506765,1.0544545597201394,10.073170581329318,35.47098180996294,0.0,3032.797999653202
t126,1830.0,0.0,0.0,0.0,0.0,0.0,0.0,0.0,0.0,-0.0,0.0,0.0,0.0,230.1984881245734,0.0,0.0,3.466507054280353,2.6352528116723093,5.199760581420528,0.6013328563547551,0.0,0.0,21.0997087538595,6.863442503324528,0.0,0.0,0.0,1.9819931441902856,1.4997968255533873,2.96966422443276,0.34252566082483127,1.8157185515568723,3.358746771194947,12.034955014806448,4.10033145433997,41.56522622869886,125.35771206521237,0.0,2295.091162626297
t127,0.0,0.0,0.0,0.0,0.0,0.0,0.0,0.0,0.0,0.0,0.0,0.0,0.0,0.0,0.0,0.0,11.406430043392739,8.671214675844478,17.1096450650891,1.97866643609874,10.47529289699333,19.379291859437657,69.4279134784058,23.627605089884955,224.2929768499055,0.0,0.0,5.063334248074683,3.831482795103493,7.586505844850153,0.8750393079726382,4.638557884981169,8.580482534488976,30.745313160708516,10.474985113886047,112.32600543958141,339.5491044241794,0.0,910.0398471488787
t128,0.0,0.0,0.0,0.0,0.0,0.0,0.0,0.0,0.0,0.0,0.0,0.0,0.0,0.0,0.0,0.0,16.939289906284934,12.877317326716605,25.40893485942739,2.9384482490494266,15.556490730261668,28.77950785098409,103.10496356223429,35.08852909159021,311.333123058086,1389.025773079637,0.0,10.376228782792522,7.851810706441994,15.54693339435188,1.7932073232007213,9.505739790947512,17.583877635269207,63.00599322974184,21.466258538897957,215.54697800498317,658.4926349398667,0.0,2962.2220400607644
t129,0.0,240.0,1166.7,1490.0,0.0,0.0,-0.0,-0.0,0.0,-0.0,-0.0,0.0,11.39510087625496,0.0,3015.353667689117,0.0,0.0,0.0,0.0,0.0,0.0,0.0,0.0,0.0,0.0,1052.518245018393,-0.0,0.0,0.0,0.0,0.0,0.0,0.0,0.0,0.0,0.0,746.6943255145359,5.058206219731801,7727.719545318033
t130,1830.0,240.0,1166.7,1490.0,3693.0,0.0,-0.0,-0.0,429.06505838891013,-0.0,483.17603654288973,1863.9881596043276,0.0,0.0,8166.175814682724,5288.160327112895,0.0,0.0,0.0,0.0,0.0,0.0,0.0,0.0,0.0,0.0,0.0,0.0,8.973766604610317,0.0,0.0,0.0,0.0,0.0,0.0,0.0,0.0,0.0,24659.239162936356
t131,1830.0,240.0,1166.7,1490.0,3693.0,0.0,-0.0,-0.0,0.0,-0.0,5885.0981722488295,842.2516409010932,0.0,0.0,5619.9802124047155,18034.06383264388,0.0,0.0,0.0,0.0,0.0,0.0,0.0,-0.0,0.0,0.0,0.0,0.0,0.0,0.0,0.0,0.0,-0.0,0.0,0.0,-0.0,0.0,0.0,38801.09385819852
t132,1830.0,240.0,1166.7,1490.0,3693.0,0.0,-0.0,-0.0,355.19677777587617,-0.0,4887.87983642077,0.0,104.80825634240526,0.0,8166.175814682724,2635.2393597730043,0.0,0.0,0.0,0.0,0.0,0.0,0.0,0.0,0.0,0.0,0.0,0.0,0.0,0.0,0.0,0.0,0.0,0.0,0.0,0.0,0.0,0.0,24569.00004499478
t133,1830.0,240.0,1166.7,1490.0,3693.0,0.0,-0.0,-0.0,0.0,-0.0,7425.528024829158,0.0,0.0,0.0,1821.2845719030884,30181.142273479498,0.0,0.0,0.0,0.0,0.0,0.0,0.0,0.0,-0.0,0.0,0.0,-0.0,0.0,0.0,3.2857058239727555,0.0,0.0,0.0,-0.0,0.0,0.0,0.0,47850.94057603572
t134,1830.0,240.0,1166.7,1490.0,3693.0,0.0,-0.0,-0.0,0.0,-0.0,5759.896756528308,0.0,0.0,-0.0,5061.321141094531,30181.142273479498,0.0,0.0,0.0,0.0,0.0,0.0,0.0,0.0,0.0,0.0,0.0,0.0,0.0,0.0,0.0,0.0,0.0,-0.0,0.0,0.0,0.0,0.0,49422.060171102334
t135,1830.0,215.33458780887943,1166.7,1490.0,3693.0,0.0,-0.0,-0.0,0.0,-0.0,4017.965982642998,1863.9881596043276,0.0,-0.0,3536.374389401052,30181.142273479498,0.0,0.0,0.0,0.0,0.0,0.0,0.0,0.0,0.0,0.0,0.0,0.0,0.0,0.0,0.0,0.0,0.0,0.0,0.0,0.0,-0.0,0.0,47994.50539293676
t136,1830.0,240.0,1166.7,1490.0,3693.0,0.0,-0.0,-0.0,0.0,-0.0,4619.257073434244,0.0,0.0,-0.0,1363.6789628621982,30037.33923855619,0.0,0.0,0.0,0.0,0.0,0.0,0.0,0.0,0.0,0.0,0.0,0.0,-0.0,0.0,0.0,-0.0,-0.0,0.0,0.0,0.0,-0.0,0.0,44439.97527485264
t137,1830.0,240.0,1166.7,1490.0,3693.0,0.0,-0.0,-0.0,0.0,-0.0,1588.5367631984354,0.0,0.0,-0.0,2069.3668438440336,12976.670491262972,0.0,0.0,0.0,0.0,0.0,0.0,0.0,0.0,0.0,0.0,0.0,0.0,0.0,0.0,0.0,0.0,0.0,0.0,0.0,0.0,0.0,-0.0,25054.27409830544
t138,241.67619714530974,0.0,0.0,0.0,0.0,0.0,0.0,0.0,0.0,-0.0,0.0,0.0,0.0,0.0,0.0,0.0,0.0,0.0,0.0,0.0,0.0,0.0,0.0,0.0,0.0,0.0,0.0,0.0,0.0,0.0,0.0,0.0,0.0,0.0,0.0,0.0,0.0,0.0,241.67619714530974
t139,0.0,0.0,0.0,0.0,0.0,0.0,0.0,0.0,0.0,0.0,0.0,0.0,0.0,0.0,0.0,0.0,0.0,0.0,-0.0,0.0,0.0,0.0,0.0,-0.0,0.0,-0.0,0.0,0.0,0.0,0.0,6.051165312257838,0.0,0.0,0.0,72.43773621372732,0.0,0.0,0.0,78.48890152598516
t140,0.0,0.0,0.0,0.0,0.0,0.0,0.0,0.0,0.0,0.0,0.0,0.0,0.0,0.0,0.0,0.0,0.0,0.0,0.0,0.0,0.0,0.0,0.0,0.0,-0.0,0.0,0.0,19.996369422321624,15.131480888367541,29.961003178075863,3.455748406877731,18.318821651992632,33.88646496064571,121.42090761641268,41.36832801631303,0.0,0.0,0.0,283.5391241410068
t141,0.0,0.0,0.0,0.0,0.0,0.0,0.0,0.0,0.0,0.0,0.0,0.0,0.0,0.0,0.0,0.0,0.0,0.0,0.0,0.0,0.0,0.0,0.0,0.0,0.0,0.0,-0.0,15.559619676974743,11.774141735428875,23.313322771037658,2.68899467571879,14.254282455752032,26.367811868698812,94.48030807209997,32.18961587535212,0.0,0.0,0.0,220.628097131063
t142,0.0,0.0,0.0,0.0,0.0,0.0,0.0,0.0,0.0,0.0,0.0,0.0,0.0,0.0,0.0,0.0,0.0,0.0,0.0,0.0,0.0,0.0,0.0,23.89596529529136,0.0,-0.0,0.0,12.226828786862558,9.252180843750024,18.31972836689306,2.1130257802799393,11.201088116823753,20.719961534783867,74.24310969740873,25.29476492315694,0.0,0.0,0.0,197.26665334525023
t143,0.0,0.0,0.0,0.0,0.0,0.0,0.0,0.0,0.0,0.0,0.0,0.0,0.0,0.0,0.0,0.0,9.300640386702506,7.070384783768742,13.950960580053758,1.613376393611659,8.541404436767607,15.801598208020073,56.61053051702086,19.265612229598048,0.0,0.0,0.0,8.022494020423988,6.070712757065802,12.020280470199024,1.3864377250061588,7.349465998576337,13.595166041322528,48.7137682213329,16.596871018763046,0.0,0.0,0.0,245.90970378823303
t144,0.0,0.0,0.0,0.0,0.0,0.0,0.0,0.0,0.0,0.0,0.0,0.0,0.0,-0.0,0.0,0.0,5.67939492457587,4.31749920286635,8.519092386863804,0.9852011603856101,5.215770849100289,9.649176070835534,34.56897012764802,11.764460915192874,0.0,0.0,0.0,5.4975908552889114,4.1600897243880866,8.237162137203017,0.9500870102261039,5.036383568771386,9.316387187654028,33.38218339813854,11.373371685522192,0.0,45.488969927432606,-0.0,204.14179113209323
t145,721.4129413051896,0.0,0.0,0.0,0.0,0.0,0.0,0.0,0.0,0.0,0.0,0.0,0.0,0.0,0.0,0.0,4.285894985612195,3.258154861511312,6.428842478418292,0.7434715791368095,3.9360260071948727,7.281648113310516,26.087105703241576,8.877925327339547,68.17472107762458,311.7278148944798,0.0,3.1267326785017775,2.366034291953526,4.684852821983368,0.5403581642377233,2.8644228900368636,5.298657726991267,18.98598248909049,6.468559383544784,56.49964687096147,180.68870197978296,0.0,1443.7384956301432
t146,0.0,240.0,-0.0,0.0,694.5652639366481,0.0,0.0,-0.0,0.0,0.0,0.0,0.0,0.0,0.0,0.0,0.0,0.0,0.0,0.0,0.0,0.0,0.0,0.0,0.0,0.0,0.0,0.0,0.0,0.0,0.0,0.0,0.0,0.0,0.0,0.0,0.0,0.0,0.0,934.5652639366481
t147,0.0,0.07241324924733596,1166.7,473.9724908343525,2002.2174488740968,0.0,0.0,0.0,0.0,0.0,0.0,0.0,0.0,0.0,0.0,0.0,0.0,0.0,0.0,0.0,0.0,0.0,0.0,0.0,0.0,0.0,0.0,0.9088037363722758,0.6877021562145914,1.3616807660745678,0.15705836383614838,0.8325618121799709,1.5400868686845617,5.518390473039037,0.0,0.0,0.0,0.0,3653.968637134098
t148,1387.6004086282371,0.0,357.54932787723476,1230.6434328928372,3167.6914547257256,0.0,0.0,0.0,0.0,0.0,0.0,0.0,0.0,0.0,0.0,0.0,0.0,0.0,0.0,0.0,0.0,0.0,0.0,0.0,0.0,0.0,0.0,1.1342104053739241,0.8582699544020802,1.6994125704679766,0.19601287206965468,1.039058525728461,1.9220679688383613,6.887093048738643,0.0,0.0,0.0,0.0,6157.220749469654
t149,1749.62132723255,0.0,0.0,0.0,2340.2431965262804,0.0,0.0,0.0,0.0,0.0,0.0,0.0,0.0,0.0,0.0,0.0,0.0,0.0,0.0,0.0,0.0,0.0,0.0,0.0,0.0,0.0,0.0,0.582384009139552,0.44069662436566776,0.8725988593315771,0.10064690090834541,0.5335262902520058,0.9869259215284355,3.536321693080602,0.0,0.0,0.0,0.0,4096.917624057436
t150,0.0,0.0,0.0,0.0,0.0,0.0,0.0,0.0,0.0,0.0,0.0,0.0,0.0,0.0,0.0,0.0,4.897769909829804,3.7233046763502076,7.346654864744704,0.8496131476235375,4.497951958006962,8.32121112231288,29.81142603279059,-0.0,0.0,0.0,0.0,2.2859148449690343,1.7297778440956952,3.4250368398613205,0.39504904199968216,2.0941434653575386,3.8737818681522223,13.88041245628009,0.0,0.0,0.0,0.0,87.13204807237426
t151,1830.0,0.0,-0.0,0.0,0.0,0.0,0.0,0.0,0.0,0.0,0.0,0.0,0.0,0.0,0.0,0.0,13.229194332717642,10.05688752844351,19.843791499076456,2.2948602413897947,12.149260101475383,22.476131187729457,80.52259611700073,0.0,223.30096825117673,972.2305482603073,0.0,6.337888769309676,4.795952743219235,9.49619911240527,1.0953062806021758,5.806186691347456,10.740381974836868,38.48459640290557,0.0,121.10166808015578,0.0,0.0,3383.962417574099
t152,1830.0,240.0,1166.7,1490.0,0.0,0.0,0.0,1.9451107391432743e-13,429.06505838891013,0.0,0.0,1863.9881596043276,104.80825634240526,0.0,785.1399261186073,0.0,0.0,0.0,0.0,0.0,0.0,0.0,0.0,0.0,0.0,0.0,-0.0,0.0,0.0,0.0,0.0,0.0,0.0,0.0,0.0,0.0,0.0,0.0,7909.701400454251
t153,703.6317403705807,240.0,1166.7,1490.0,3693.0,0.0,-0.0,-0.0,0.0,-0.0,7425.528024829158,0.0,104.80825634240526,0.0,5413.9340138359885,0.0,-0.0,-0.0,-0.0,-0.0,-0.0,0.0,-0.0,-0.0,0.0,0.0,0.0,0.0,0.0,0.0,0.0,0.0,0.0,0.0,0.0,0.0,0.0,0.0,20237.60203537813
t154,0.0,240.0,1166.7,1490.0,3693.0,0.0,-0.0,-0.0,0.0,-0.0,192.84709399903278,1863.9881596043276,0.0,0.0,1798.885552887104,0.0,0.0,0.0,0.0,0.0,0.0,0.0,0.0,0.0,0.0,-0.0,0.0,0.0,0.0,0.0,0.0,0.0,0.0,-0.0,0.0,0.0,0.0,0.0,10445.420806490463
t155,1830.0,240.0,1166.7,1490.0,3693.0,0.0,-0.0,-0.0,0.0,-0.0,4546.587126822155,0.0,0.0,0.0,5304.741564706454,0.0,0.0,0.0,0.0,0.0,0.0,0.0,0.0,-0.0,0.0,0.0,0.0,0.0,0.0,0.0,0.0,0.0,0.0,0.0,0.0,0.0,0.0,0.0,18271.02869152861
t156,0.0,240.0,1166.7,1490.0,3693.0,0.0,-0.0,-0.0,0.0,0.0,0.0,1390.0517342705502,0.0,0.0,2276.609027271811,0.0,0.0,0.0,0.0,0.0,0.0,0.0,0.0,0.0,0.0,0.0,-0.0,0.0,0.0,0.0,0.0,0.0,-0.0,0.0,0.0,0.0,0.0,0.0,10256.36076154236
t157,615.2408782620997,240.0,1166.7,1490.0,3693.0,0.0,-0.0,-0.0,0.0,-0.0,3065.807791294802,0.0,0.0,0.0,0.0,0.0,0.0,0.0,0.0,0.0,0.0,0.0,0.0,0.0,0.0,-0.0,0.0,-0.0,-0.0,-0.0,-0.0,-0.0,0.0,0.0,0.0,0.0,0.0,0.0,10270.748669556902
t158,1830.0,240.0,1166.7,1490.0,2833.775408772437,0.0,0.0,0.0,0.0,-0.0,3097.552042480781,0.0,0.0,0.0,3957.2342536631822,0.0,0.0,0.0,0.0,0.0,0.0,0.0,0.0,0.0,0.0,0.0,0.0,0.0,0.0,0.0,0.0,0.0,0.0,0.0,-0.0,0.0,0.0,0.0,14615.2617049164
t159,1830.0000000000007,240.0,1166.7,1490.0,0.0,0.0,0.0,0.0,0.0,-0.0,3070.249935288935,0.0,11.39510087625497,0.0,2954.5578720755702,0.0,0.0,0.0,0.0,0.0,0.0,0.0,0.0,0.0,0.0,0.0,0.0,0.0,0.0,0.0,0.0,0.0,0.0,0.0,0.0,0.0,0.0,0.0,10762.902908240761
t160,1830.0,240.0,1166.7,1490.0,3693.0,0.0,0.0,0.0,0.0,-0.0,1994.9370333730258,0.0,0.0,0.0,0.0,25116.81167906928,0.0,0.0,0.0,-0.0,0.0,0.0,0.0,0.0,0.0,0.0,0.0,0.0,0.0,0.0,0.0,0.0,0.0,0.0,0.0,0.0,0.0,0.0,35531.4487124423
t161,1830.0,240.0,1166.7,1490.0,3693.0,0.0,0.0,0.0,355.19677777587617,-0.0,0.0,0.0,0.0,0.0,4604.76712932814,0.0,0.0,0.0,0.0,0.0,-0.0,0.0,0.0,0.0,0.0,-0.0,0.0,0.0,0.0,0.0,0.0,0.0,0.0,0.0,0.0,0.0,0.0,0.0,13379.663907104015
t162,1830.0,240.0,1166.7,1466.466810680144,3693.0,0.0,-0.0,-0.0,0.0,-0.0,1897.4643708049173,0.0,104.80825634240526,0.0,-0.0,30181.142273479498,0.0,0.0,0.0,0.0,0.0,0.0,0.0,0.0,0.0,0.0,0.0,0.0,0.0,0.0,0.0,0.0,0.0,0.0,0.0,0.0,-0.0,-0.0,40579.581711306964
t163,313.4028046303197,0.0,0.0,0.0,3693.0,0.0,-0.0,-0.0,0.0,0.0,0.0,0.0,0.0,0.0,0.0,-0.0,0.0,0.0,0.0,0.0,0.0,0.0,0.0,0.0,0.0,0.0,-0.0,0.0,0.0,-0.0,-0.0,0.0,0.0,0.0,0.0,0.0,0.0,0.0,4006.4028046303197
t164,62.33698521733959,0.0,0.0,0.0,0.0,0.0,0.0,0.0,0.0,0.0,0.0,0.0,0.0,0.0,0.0,0.0,0.0,0.0,0.0,0.0,-0.0,0.0,0.0,0.0,0.0,0.0,0.0,21.08253004015906,15.953391020321705,31.588421687687987,3.643457372712053,19.313861412628942,35.72710627610847,46.25649638356128,43.61536835489283,107.52166463779213,1156.016872305985,0.0,1543.056154709189
t165,0.0,0.0,0.0,0.0,0.0,0.0,0.0,0.0,0.0,0.0,0.0,0.0,0.0,0.0,0.0,0.0,0.0,-0.0,0.0,0.0,0.0,0.0,0.0,0.0,0.0,-0.0,0.0,17.2573536821848,13.058836427290851,25.857075231864144,2.9823950155453605,15.809589111531716,29.244844327192368,104.78919962387045,35.70187431230514,309.7854547979378,902.6303130548855,0.0,1457.1169355846082
t166,0.0,0.0,0.0,0.0,0.0,0.0,0.0,0.0,0.0,0.0,0.0,0.0,0.0,0.0,0.0,0.0,0.0,0.0,0.0,0.0,0.0,0.0,0.0,0.0,0.0,0.0,38.432580506449796,13.337115656840265,10.0923475859647,19.98329577442677,2.304904215863335,12.218230115159038,22.601487941960855,80.98493550688745,27.591717457859144,237.7708009697412,700.2488126935386,0.0,1165.5662284246912
t167,0.0,0.0,0.0,0.0,0.0,0.0,0.0,0.0,0.0,0.0,0.0,0.0,0.0,0.0,0.0,0.0,9.655012390558468,7.339779827516386,14.482518585837703,1.6748490881581015,8.866848113778184,16.403669010489644,58.767498887429866,19.999668523299686,0.0,653.8987840132163,145.70498705748943,8.686046698080226,6.572830638983528,13.014496143264497,1.5011120971514484,7.95735150528826,14.7196428943977,52.742958054282425,17.969623454249863,153.78301719341056,466.6065861754696,139.8722764989408,1820.2195568512927
t168,721.5644867589322,0.0,0.0,0.0,0.0,0.0,0.0,0.0,0.0,0.0,0.0,0.0,0.0,0.0,0.0,0.0,6.959732622524722,5.290817146715221,10.43959893378708,1.207300556968574,6.391591183951273,11.824443690309856,42.36204601363261,14.416589003801205,108.71322568717758,484.41245441927043,0.0,6.04032491787832,4.570782781817321,9.050352603465333,1.043881655270918,5.533586250271079,10.23612108566628,36.67774476141214,12.496175543194578,107.18590227124159,324.57242801161493,0.0,1930.9895858989032
t169,0.0,0.0,0.0,0.0,-0.0,0.0,0.0,0.0,0.0,0.0,0.0,0.0,0.0,0.0,0.0,0.0,0.0,0.0,0.0,0.0,0.0,0.0,0.0,0.0,46.03385414313114,0.0,0.0,0.0,0.0,0.0,0.0,2.9830822630758953,0.0,0.0,0.0,61.81567189361187,0.0,0.0,110.8326082998189
t170,528.8228792471324,48.5932156252518,0.0,272.79392816806467,548.7747573809274,0.0,0.0,0.0,0.0,0.0,0.0,0.0,0.0,0.0,0.0,0.0,0.0,0.0,0.0,0.0,0.0,0.0,0.0,0.0,0.0,0.0,-0.0,2.0222839916173294,1.530285369495664,3.030032893480328,0.3494886764036661,1.8526292943339968,3.4270248851233265,12.279606989367645,0.0,0.0,0.0,0.0,1423.4761325211982
t171,1433.4061087713376,0.0,0.0,0.0,1102.8394833521597,0.0,0.0,0.0,0.0,0.0,0.0,0.0,0.0,0.0,0.0,0.0,0.0,0.0,0.0,0.0,0.0,0.0,0.0,0.0,0.0,0.0,0.0,0.9246722519365511,0.6997100429922559,1.3854569143948656,0.1598007415259476,0.8470990764385182,1.5669781450602627,5.614746442547613,0.0,0.0,0.0,0.0,2547.444055738393
t172,1830.0,13.540058368638228,0.0,1313.6466078986573,2556.340871943965,0.0,0.0,0.0,0.0,0.0,0.0,0.0,0.0,0.0,0.0,0.0,0.0,0.0,0.0,0.0,0.0,0.0,0.0,0.0,0.0,0.0,0.0,1.1507614398873314,0.870794311055682,1.724211352045951,0.1988732018597234,1.0542210506350387,1.9501158628963167,6.9875933740809595,0.0,0.0,0.0,0.0,5727.4641088037215
t173,0.0,0.0,1084.48552210207,0.0,2826.3643232233444,0.0,0.0,0.0,0.0,0.0,0.0,0.0,0.0,0.0,0.0,0.0,1.79051705167492,1.361158370916138,2.6857755775123793,0.31059989671911875,1.6443523943953346,3.042051929631368,10.898402258409078,0.0,0.0,0.0,0.0,0.594846322239206,0.4501269988756409,0.89127141905975,0.10280062280308429,0.5449431072862526,1.0080449420496613,3.611994698294776,0.0,0.0,0.0,0.0,3939.7867309152807
t174,0.0,0.0,0.0,0.0,0.0,0.0,0.0,0.0,0.0,0.0,0.0,0.0,0.0,0.0,0.0,0.0,2.885022891886082,2.19320617801544,4.327534337829123,0.5004631547149326,2.6495108190790546,4.901595015296251,17.560368928673963,0.0,0.0,0.0,0.0,2.3765243634454674,1.7983431005266877,3.560799088182554,0.41070806952161604,2.1771515141631297,4.027331555503225,14.430606831055613,0.0,0.0,0.0,0.0,63.799165847893136
t175,1830.0,240.0,1166.7,1490.0,0.0,0.0,0.0,-0.0,208.0959969499914,0.0,-0.0,-0.0,0.0,0.0,0.0,0.0,-0.0,0.0,0.0,0.0,0.0,0.0,0.0,0.0,0.0,0.0,0.0,0.0,0.0,0.0,0.0,0.0,0.0,0.0,0.0,0.0,0.0,0.0,4934.795996949992
t176,0.0,240.0,1166.7,1374.154285970799,3693.0,0.0,-0.0,-0.0,0.0,0.0,7425.528024829158,1863.9881596043276,0.0,0.0,-0.0,0.0,0.0,-0.0,0.0,0.0,-0.0,0.0,0.0,-0.0,-0.0,0.0,0.0,0.0,0.0,0.0,0.0,0.0,0.0,0.0,0.0,-0.0,0.0,0.0,15763.370470404287
t177,0.0,240.0,1166.7,1490.0,3693.0,0.0,-0.0,-0.0,0.0,0.0,1959.1784260423913,1120.7164053338806,104.80825634240526,0.0,6988.477868481633,0.0,-0.0,0.0,-0.0,0.0,0.0,0.0,0.0,0.0,0.0,0.0,0.0,0.0,0.0,0.0,0.0,0.0,0.0,0.0,0.0,0.0,0.0,0.0,16762.88095620031
t178,1830.0,240.0,1166.7,0.0,3693.0,0.0,-0.0,-0.0,429.06505838891013,0.0,0.0,0.0,0.0,0.0,0.0,0.0,0.0,-0.0,0.0,0.0,-0.0,-0.0,0.0,0.0,0.0,0.0,0.0,0.0,-0.0,0.0,0.0,0.0,0.0,0.0,0.0,0.0,0.0,0.0,7358.76505838891
t179,1830.0,240.0,1166.7,1490.0,3693.0,0.0,-0.0,-0.0,0.0,0.0,0.0,269.33532893666944,104.80825634240526,0.0,0.0,0.0,0.0,0.0,0.0,0.0,0.0,0.0,0.0,0.0,0.0,0.0,0.0,0.0,0.0,0.0,0.0,0.0,0.0,0.0,0.0,0.0,0.0,0.0,8793.843585279075
t180,1107.6902207931912,240.0,1166.7,0.0,3262.7074225230544,0.0,-0.0,-0.0,147.10078082588473,0.0,2937.4182782862786,0.0,0.0,0.0,0.0,0.0,0.0,0.0,0.0,0.0,0.0,0.0,0.0,0.0,0.0,0.0,0.0,0.0,0.0,0.0,0.0,-0.0,0.0,-0.0,-0.0,0.0,-0.0,0.0,8861.61670242841
t181,1830.0,240.0,1166.7,1490.0,3693.0,0.0,-0.0,-0.0,0.0,0.0,4327.957268400532,0.0,0.0,0.0,0.0,0.0,0.0,0.0,0.0,0.0,0.0,0.0,0.0,0.0,0.0,0.0,-0.0,0.0,0.0,-0.0,0.0,0.0,0.0,0.0,0.0,0.0,0.0,-0.0,12747.657268400531
t182,0.0,240.0,1166.7,1490.0,0.0,0.0,-0.0,0.0,0.0,0.0,0.0,0.0,0.0,0.0,0.0,0.0,0.0,0.0,0.0,0.0,0.0,0.0,-0.0,0.0,0.0,0.0,0.0,0.0,0.0,0.0,-0.0,0.0,0.0,0.0,0.0,0.0,0.0,0.0,2896.7
t183,1830.0,240.0,1166.7,1490.0,3693.0,0.0,-0.0,-0.0,0.0,0.0,0.0,1863.9881596043276,0.0,0.0,0.0,15679.409915404602,0.0,0.0,-0.0,0.0,0.0,0.0,0.0,0.0,0.0,0.0,0.0,0.0,0.0,0.0,0.0,0.0,-0.0,0.0,0.0,-0.0,0.0,0.0,25963.09807500893
t184,0.0,240.0,1166.7,1490.0,0.0,0.0,-0.0,-0.0,0.0,-0.0,0.0,0.0,11.39510087625497,0.0,0.0,0.0,0.0,0.0,0.0,0.0,0.0,0.0,0.0,0.0,0.0,0.0,0.0,-0.0,-0.0,-0.0,0.0,0.0,0.0,0.0,0.0,0.0,0.0,0.0,2908.095100876255
t185,1830.0,240.0,1166.7,0.0,0.0,0.0,-0.0,-0.0,0.0,0.0,2469.491742263064,0.0,0.0,0.0,7019.113824290889,0.0,0.0,0.0,0.0,0.0,0.0,0.0,0.0,0.0,0.0,0.0,0.0,0.0,0.0,0.0,0.0,0.0,0.0,0.0,0.0,0.0,0.0,0.0,12725.305566553954
t186,0.0,240.0,1166.7,1490.0,3693.0,0.0,-0.0,-0.0,0.0,0.0,-0.0,0.0,104.80825634240526,0.0,1537.840887975614,0.0,0.0,0.0,0.0,0.0,0.0,0.0,0.0,0.0,0.0,0.0,-0.0,0.0,0.0,0.0,0.0,0.0,0.0,0.0,0.0,0.0,0.0,0.0,8232.34914431802
t187,1830.0,240.0,0.0,1490.0,3693.0,0.0,-0.0,0.0,0.0,0.0,0.0,0.0,0.0,0.0,-0.0,-0.0,0.0,0.0,0.0,0.0,0.0,0.0,0.0,0.0,0.0,0.0,0.0,0.0,0.0,0.0,0.0,0.0,0.0,0.0,-0.0,0.0,0.0,0.0,7253.0
t188,0.0,0.0,0.0,0.0,0.0,0.0,0.0,0.0,0.0,0.0,0.0,0.0,0.0,0.0,0.0,0.0,0.0,0.0,0.0,0.0,0.0,-0.0,0.0,-0.0,-0.0,0.0,48.59973853185875,21.726035332957274,16.44033881738881,32.55259992001819,3.7546671800244957,19.9033813620716,36.81761021189069,131.9236944127053,44.9466469220408,408.09562357205374,1296.5574446511714,332.9796389587533,2394.297419872934
t189,0.0,0.0,0.0,0.0,0.0,0.0,0.0,0.0,0.0,0.0,0.0,0.0,0.0,0.0,0.0,0.0,0.0,0.0,0.0,0.0,0.0,0.0,0.0,0.0,0.0,0.0,-0.0,17.666152197389486,13.368178927890368,26.469587101122166,3.053043081092479,16.184092449286343,29.937606911683527,107.27148456770563,36.54759338822355,330.5563802554474,998.7281585591927,244.33080314181313,1824.1130805808466
t190,0.0,0.0,0.0,0.0,0.0,0.0,0.0,0.0,0.0,0.0,0.0,0.0,0.0,0.0,0.0,0.0,0.0,-0.0,-0.0,-0.0,-0.0,0.0,0.0,0.0,150.20840300515596,666.4095632905157,0.0,13.899557043643847,10.517953400475463,20.826014161030127,2.402104656871336,12.733486821861645,23.554618480000478,84.40016265259577,28.755291669149102,258.7379037877449,781.526934177981,222.83208928650038,2276.8040824335258
t191,0.0,0.0,0.0,0.0,0.0,0.0,0.0,0.0,0.0,0.0,0.0,0.0,0.0,0.0,0.0,0.0,8.787942579749044,6.68062981827861,13.181913869623562,1.5244390189360586,8.070559512014427,14.93053509722669,53.48987498796229,18.203595343765876,142.3876537985002,624.9112189980879,131.0830122486563,9.024901627110742,6.829246029910982,13.52220998827163,1.5596725966315548,8.267779007386688,15.293876918425923,54.80053521562713,18.67064380239521,167.522547738009,520.834103356502,148.96638093427308,1988.5432724873451
t192,0.0,0.0,0.0,0.0,0.0,0.0,0.0,0.0,0.0,0.0,0.0,0.0,0.0,0.0,0.0,0.0,5.57219811934379,4.2360077539909415,8.358297179015683,0.966605796212698,5.11732480347899,9.46705088643613,33.91649161416908,11.542410390069278,90.83750448849621,416.76324776487,82.35409358105672,6.164398279768386,4.664670510361648,9.23625446951874,1.0653238637854763,5.647250773076408,10.446379635177971,37.431136534365415,12.752857515024196,114.76375309772183,357.18164912513055,100.79440329707708,1329.279309478147
t193,1285.3983733725247,0.0,0.0,-0.0,0.0,0.0,0.0,0.0,0.0,0.0,0.0,0.0,0.0,0.0,111.19249330023285,0.0,0.0,0.0,0.0,0.0,0.0,0.0,0.0,0.0,0.0,0.0,0.0,0.0,0.0,0.0,0.0,0.0,0.0,0.0,0.0,0.0,0.0,0.0,1396.5908666727576
t194,866.007777499035,0.0,77.29141955137844,0.0,0.0,0.0,0.0,0.0,0.0,0.0,0.0,0.0,0.0,0.0,0.0,0.0,1.1280393910750093,0.0,0.0,0.0,0.0,0.0,0.0,0.0,0.0,0.0,0.0,1.9444478651807342,1.4713858845579049,2.9134093013530125,0.33603713106311345,1.7813230442763104,3.2951213822693646,11.806974537062208,0.0,0.0,0.0,0.0,967.9759355872511
t195,0.0,171.5113294277113,0.0,0.0,3693.0,0.0,0.0,0.0,0.0,0.0,0.0,0.0,0.0,0.0,1657.6718970252152,0.0,0.0,0.0,0.0,0.0,0.0,0.0,0.0,0.0,0.0,0.0,0.0,0.890328628786345,0.6737218315144994,1.3339991031983323,0.15386551806206972,0.8156366297270878,1.5087783809969941,5.406206891909031,0.0,0.0,0.0,0.0,5532.96576343712
t196,1830.0,0.0,0.0,-0.0,0.0,0.0,0.0,0.0,0.0,0.0,0.0,0.0,0.0,0.0,0.0,0.0,0.0,0.0,0.0,0.0,0.0,0.0,0.0,0.0,0.0,0.0,0.0,1.112588922724941,0.8419087317935378,1.6670166241499536,0.1922762735581694,1.0192509258520435,1.8854275368325346,6.755804213660338,0.0,0.0,60.41374502886181,0.0,1903.8880182574335
t197,1830.0,0.0,0.0,1490.0,0.0,0.0,0.0,0.0,0.0,0.0,0.0,0.0,0.0,0.0,0.0,1658.6798212806743,1.7964966842418824,1.3657041120002062,2.6947450263628228,0.3116371799195102,1.6498438936915245,3.0522112033293203,10.934798695411049,0.0,0.0,0.0,0.0,0.5748963305120859,0.43503061251837377,0.8613799046095513,0.0993528893334645,0.5266667725832197,0.9742370701630986,3.49085540289134,0.0,0.0,0.0,0.0,5007.447677058241
t198,1830.0,0.0,0.0,0.0,0.0,0.0,0.0,0.0,0.0,0.0,0.0,0.0,0.0,0.0,0.0,0.0,2.9095040485889148,2.211816853264022,4.364256072883371,0.5047098859797097,2.6719935140102278,4.943188000918921,17.70937923452334,0.0,0.0,0.0,0.0,2.3084428592264294,1.746825049515302,3.458791062565774,0.3989423062085944,2.1147815455329373,3.911958536608547,14.01720588513498,0.0,0.0,0.0,0.0,1893.2717948549612
t199,0.0,240.0,1166.7,1490.0,-0.0,0.0,-0.0,-0.0,429.06505838891013,0.0,-0.0,0.0,104.80825634240526,0.0,2331.8499827536634,3512.0338241366067,0.0,0.0,0.0,0.0,0.0,0.0,0.0,-0.0,0.0,0.0,0.0,0.0,0.0,0.0,0.0,0.0,0.0,0.0,0.0,0.0,0.0,0.0,9274.457121621585
t200,0.0,240.0,1166.7,425.7999172550627,3693.0,0.0,-0.0,-0.0,0.0,0.0,0.0,1005.0800374572912,104.80825634240526,0.0,0.0,0.0,0.0,0.0,0.0,0.0,0.0,0.0,0.0,0.0,0.0,0.0,-0.0,0.0,0.0,0.0,0.0,0.0,0.0,0.0,0.0,0.0,0.0,0.0,6635.38821105476
t201,0.0,240.0,1166.7,0.0,3693.0,0.0,-0.0,-0.0,0.0,0.0,0.0,38.17043287486424,0.0,0.0,4363.0377997888445,0.0,-0.0,0.0,-0.0,0.0,0.0,-0.0,-0.0,0.0,-0.0,0.0,0.0,0.0,0.0,0.0,0.0,-0.0,0.0,0.0,0.0,0.0,0.0,0.0,9500.908232663707
t202,0.0,240.0,1166.7,0.0,3693.0,0.0,-0.0,-0.0,0.0,0.0,0.0,1006.181913396715,104.80825634240526,0.0,0.0,8943.041597593243,0.0,-0.0,0.0,0.0,0.0,0.0,0.0,0.0,0.0,-0.0,0.0,0.0,-0.0,0.0,0.0,0.0,0.0,0.0,0.0,0.0,0.0,0.0,15153.731767332363
t203,0.0,240.0,1166.7,1490.0,3693.0,0.0,-0.0,-0.0,0.0,0.0,0.0,57.17542267640975,0.0,0.0,0.0,0.0,0.0,0.0,0.0,-0.0,0.0,0.0,0.0,0.0,0.0,0.0,0.0,0.0,0.0,0.0,0.0,0.0,0.0,0.0,0.0,0.0,0.0,0.0,6646.8754226764095
t204,1830.0,240.0,1166.7,1490.0,3693.0,0.0,-0.0,-0.0,0.0,0.0,0.0,0.0,0.0,0.0,0.0,0.0,0.0,0.0,0.0,0.0,0.0,0.0,0.0,-0.0,0.0,0.0,0.0,0.0,0.0,0.0,0.0,0.0,0.0,0.0,0.0,-0.0,-0.0,0.0,8419.7
t205,0.184050341836982,240.0,1166.7,1490.0,3693.0,0.0,-0.0,-0.0,0.0,0.0,0.0,374.66148008089255,11.39510087625497,0.0,0.0,0.0,0.0,0.0,0.0,0.0,0.0,0.0,0.0,0.0,0.0,0.0,-0.0,0.0,0.0,0.0,0.0,0.0,0.0,0.0,-0.0,0.0,0.0,0.0,6975.940631298985
t206,-2.2737367544323206e-13,240.0,1166.7,1490.0,3693.0,0.0,-0.0,-0.0,77.86435842218407,0.0,0.0,193.1649840073656,0.0,0.0,0.0,0.0,-0.0,0.0,-0.0,0.0,0.0,0.0,0.0,0.0,0.0,0.0,0.0,0.0,0.0,0.0,0.0,0.0,0.0,-0.0,46.64697325507035,0.0,0.0,0.0,6907.37631568462
t207,1830.0,240.0,1166.7,1394.9096262533808,3693.0,0.0,-0.0,-0.0,0.0,0.0,0.0,29.664229292170997,0.0,0.0,0.0,0.0,0.0,0.0,0.0,0.0,0.0,0.0,0.0,0.0,0.0,0.0,0.0,0.0,0.0,0.0,-0.0,0.0,0.0,0.0,0.0,-0.0,0.0,0.0,8354.27385554555
t208,0.0,240.0,1166.7,1490.0,0.0,0.0,-0.0,-0.0,0.0,0.0,0.0,1198.9132805212553,0.0,0.0,0.0,0.0,0.0,0.0,0.0,0.0,0.0,0.0,0.0,0.0,0.0,0.0,0.0,-0.0,0.0,-0.0,0.0,-0.0,-0.0,0.0,70.87346471008439,0.0,0.0,0.0,4166.48674523134
t209,399.3547144588105,240.0,1166.7,0.0,1782.9453348593688,0.0,-0.0,-0.0,0.0,0.0,2869.1621407732423,0.0,0.0,0.0,5237.553973878122,0.0,0.0,0.0,0.0,0.0,0.0,0.0,0.0,10.4896033614314,-0.0,0.0,0.0,0.0,0.0,0.0,0.0,0.0,0.0,0.0,0.0,0.0,0.0,-0.0,11706.205767330976
t210,1830.0,240.0,1166.7,1490.0,0.0,0.0,-0.0,-0.0,0.0,0.0,-0.0,0.0,0.0,0.0,0.0,30181.142273479498,0.0,0.0,0.0,-0.0,0.0,0.0,0.0,15.351682797895975,0.0,0.0,0.0,0.0,0.0,0.0,0.0,0.0,0.0,0.0,5.779562034845256,0.0,0.0,0.0,34928.97351831224
t211,1826.6200724342157,240.0,269.37765483546,733.9401048255725,3693.0,0.0,0.0,0.0,0.0,0.0,0.0,0.0,0.0,0.0,1610.1258519838893,-0.0,0.0,0.0,0.0,0.0,0.0,0.0,0.0,0.0,0.0,0.0,0.0,0.0,-0.0,0.0,0.0,0.0,0.0,0.0,0.0,0.0,0.0,0.0,8373.063684079138
t212,0.0,0.0,0.0,0.0,0.0,0.0,0.0,0.0,0.0,0.0,0.0,0.0,0.0,0.0,0.0,0.0,0.0,0.0,0.0,0.0,0.0,0.0,0.0,21.98617108673481,0.0,0.0,143.75979225756265,22.61012823354255,17.109342002227667,33.877255893546135,3.9074550470719513,20.71330539515811,38.31582133536573,137.29203704226592,46.77565119456034,418.62987922521836,1312.135977742995,330.6262213810552,2547.7390378373043
t213,151.544572739258,0.0,0.0,0.0,0.0,0.0,0.0,0.0,0.0,0.0,0.0,0.0,0.0,0.0,0.0,0.0,0.0,9.14765859307687,0.0,0.0,0.0,0.0,0.0,14.048899284172638,0.0,0.0,0.0,18.005412571241976,13.624901123540488,26.97790843308571,3.111673649056919,16.494891382379397,30.51252801502415,109.33152364987365,37.249452517351266,332.8575804654536,997.4575389920102,0.0,1760.3645414155249
t214,0.0,0.0,0.0,0.0,0.0,0.0,0.0,0.0,0.0,0.0,0.0,0.0,0.0,0.0,0.0,0.0,9.680984284888602,7.359523767593886,14.521476427332901,1.6793544167663903,8.890699853469124,16.447794728917877,58.92558291771481,20.053467447269245,-0.0,-0.0,0.0,14.015450957232652,10.605651647167662,20.999660578538183,2.4221333030116834,12.839658091693002,23.75101588390097,85.10388760776002,28.99505206420782,258.2690908959963,781.3082184856448,0.0,1375.868703359106
t215,0.0,0.0,0.0,0.0,0.0,0.0,0.0,0.0,0.0,0.0,0.0,0.0,0.0,0.0,0.0,0.0,9.137220815745565,6.946152558908616,13.705831223618343,1.585028100690557,8.391325238950007,15.523951692057514,55.615838944818655,18.927100261187235,145.45367825928366,635.5734083743641,0.0,9.038305824128845,6.839389138728371,13.542293793535329,1.5619890937672332,8.28005869123213,15.316592084513646,54.88192747906424,18.698374297232995,164.73075545746002,513.2516078953787,0.0,1717.0008292246657
t216,0.0,0.0,0.0,0.0,0.0,0.0,0.0,0.0,0.0,0.0,0.0,0.0,0.0,0.0,0.0,0.0,5.775912535635463,0.0,8.663868803453193,0.0,3.703034092530965,9.813157522278617,35.15644721945463,11.964390252387743,91.4972998306789,416.31636482971214,0.0,6.154775234622796,0.0,0.0,0.0,5.638435030375918,10.430072125786953,37.372703983389094,12.732949436728033,111.6750551797723,348.2984534472256,0.0,1115.1929195240323
t217,0.0,0.0,0.0,0.0,0.0,0.0,0.0,0.0,0.0,0.0,0.0,0.0,0.0,0.0,0.0,0.0,0.0,0.0,0.0,0.0,0.0,0.0,0.0,5.264386467062819,39.827707262855874,0.0,35.39210937064763,0.0,0.0,0.0,0.5542316919166436,0.0,0.0,0.0,6.6346376323613745,56.96719012209705,0.0,50.131303846997156,194.77156639393857
t218,0.0,0.0,0.0,0.0,0.0,0.0,0.0,0.0,0.0,0.0,0.0,0.0,0.0,0.0,0.0,0.0,0.0,0.8699386698189813,1.7165232813877884,0.19850949512647895,1.0509326212578296,1.944225349326985,6.965347873114394,2.3704369123926603,18.209343270160364,0.0,15.307897356800488,2.009638718420971,1.5207165469930501,3.0110862005871257,0.3473033355660403,1.8410448662044465,3.405595814773793,12.202823023432035,4.157524395659491,36.201031056711045,53.19260596025197,30.19660056365821,196.71912531164415
t219,0.0,0.0,0.0,0.0,0.0,0.0,0.0,0.0,0.0,0.0,0.0,0.0,0.0,0.0,0.0,0.0,0.0,0.0,0.0,0.0769254642546754,0.0,0.0,0.0,0.0,0.0,0.0,5.768412507801319,0.9283775794261396,0.7025139065791762,1.3910086886368165,0.16044109174646373,0.8504935543064971,1.5732573074167804,5.637245738159731,1.9206200594503862,16.8820094635487,60.052989932839736,13.571205786541627,109.51550108070805
t220,0.0,0.0,0.0,0.0,0.0,0.0,0.0,0.0,0.0,0.0,0.0,0.0,0.0,0.0,0.0,0.0,0.0,0.0,0.0,0.07468982779417878,0.0,0.0,0.0,0.0,0.0,0.0,0.0,1.1667410245844172,0.8828862451133761,1.74815391770786,0.2016347743828775,1.0688600661461274,1.9771953604534591,7.084623771763432,2.4137444350882324,21.41917412246489,66.96072875887577,16.676447499770475,121.6748798041451
t221,490.0690859880618,0.0,0.0,0.0,0.0,0.0,0.0,0.0,0.0,0.0,0.0,0.0,0.0,0.0,0.0,0.0,2.2276609928394353,1.6934769792503868,3.341491489259152,0.3864309885537795,2.04581111587295,3.7847505643649577,13.559181451313497,4.614440628024544,36.7221429739589,0.0,0.0,0.59699545568367,0.45175327267338117,0.8944915132978477,0.10317203344868794,0.5469119443008119,1.011686929933736,3.625044553891277,1.235059390701284,11.135888209328462,40.12487580414025,0.0,618.1703522788988
t222,0.0,0.0,0.0,0.0,0.0,0.0,0.0,0.0,0.0,0.0,0.0,0.0,0.0,0.0,0.0,0.0,3.5485753280913603,2.6976414483959825,5.322862992137039,0.6155691895668685,3.2588957094716573,6.028957062522565,21.59923656333159,7.350620322474959,59.90838278080415,281.8759463697906,-0.0,2.3588532523762376,1.7849711691638983,3.5343220710939267,0.40765416945428273,2.1609628788547415,3.9973855451342284,14.323305235485913,4.879976611040103,44.974311549958244,137.31043182485072,0.0,607.9388620739991
t223,0.0,240.0,1166.7,1490.0,0.0,0.0,0.0,0.0,0.0,0.0,0.0,0.0,0.0,0.0,0.0,0.0,12.880548245576788,9.791845349953784,19.32082236836518,2.2343808181102593,11.829074919407255,21.883788600903422,78.40047988251585,26.68113565155192,219.36696305165646,959.7272213992644,0.0,6.345534516624176,4.801738367445476,9.507654904941928,1.0966276094165943,5.813191016907384,10.753338694279224,38.5310225095015,13.127590703016123,122.17739464218111,369.28392888363913,0.0,4840.254282135258
t224,1830.0,240.0,1166.7,1490.0,3693.0,0.0,-0.0,1.9451107391432743e-13,429.06505838891013,-0.0,0.0,1150.26944106171,104.80825634240526,0.0,2021.515990661418,890.02124186085,-0.0,0.0,-0.0,0.0,0.0,0.0,-0.0,-0.0,-0.0,-0.0,0.0,-0.0,0.0,0.0,0.0,0.0,0.0,0.0,0.0,-0.0,0.0,0.0,13015.379988315297
t225,1830.0,240.0,1166.7,1490.0,3693.0,0.0,-0.0,-0.0,0.0,-0.0,2927.950657772421,0.0,0.0,0.0,7419.357694265398,0.0,0.0,0.0,0.0,0.0,0.0,-0.0,0.0,0.0,0.0,0.0,-0.0,0.0,0.0,0.0,0.0,0.0,0.0,0.0,0.0,0.0,0.0,0.0,18767.008352037818
t226,1830.0,240.0,1166.7,1490.0,3693.0,0.0,-0.0,-0.0,0.0,-0.0,4727.809461484849,1863.9881596043276,0.0,0.0,8166.175814682724,30181.142273479498,0.0,0.0,0.0,0.0,0.0,0.0,0.0,0.0,0.0,0.0,0.0,0.0,0.0,-0.0,-0.0,-0.0,0.0,0.0,0.0,0.0,0.0,0.0,53358.8157092514
t227,1830.0,240.0,1166.7,1490.0,3693.0,0.0,-0.0,-0.0,0.0,-0.0,7425.528024829158,817.0098474359036,0.0,0.0,1900.4149152690384,0.0,0.0,0.0,0.0,0.0,0.0,0.0,0.0,0.0,0.0,0.0,0.0,0.0,0.0,0.0,0.0,0.0,0.0,0.0,0.0,0.0,0.0,0.0,18562.652787534098
t228,1830.0,240.0,1166.7,1490.0,3693.0,0.0,-0.0,-0.0,0.0,0.0,0.0,0.0,11.395100876254954,0.0,0.0,0.0,0.0,0.0,0.0,0.0,0.0,0.0,0.0,0.0,0.0,0.0,0.0,0.0,0.0,0.0,0.0,0.0,-0.0,0.0,-0.0,0.0,0.0,0.0,8431.095100876255
t229,1830.0,240.0,1166.7,1490.0,3693.0,0.0,-0.0,-0.0,0.0,0.0,7425.528024829158,652.9693323448258,0.0,0.0,0.0,0.0,0.0,0.0,0.0,0.0,0.0,0.0,0.0,0.0,0.0,0.0,0.0,-0.0,0.0,0.0,0.0,0.0,0.0,0.0,0.0,0.0,0.0,0.0,16498.197357173984
t230,1830.0,240.0,1166.7,1490.0,3693.0,0.0,-0.0,-0.0,0.0,0.0,7425.528024829158,633.7912730324383,0.0,0.0,0.0,0.0,0.0,0.0,0.0,0.0,0.0,0.0,0.0,0.0,0.0,0.0,0.0,0.0,0.0,0.0,0.0,0.0,0.0,0.0,0.0,0.0,0.0,-0.0,16479.019297861596
t231,1830.0,240.0,1166.7,1490.0,3693.0,0.0,-0.0,-0.0,0.0,-0.0,7425.528024829158,0.0,104.80825634240526,0.0,0.0,0.0,0.0,0.0,0.0,0.0,0.0,0.0,0.0,0.0,0.0,0.0,0.0,0.0,0.0,0.0,0.0,0.0,0.0,0.0,0.0,0.0,0.0,0.0,15950.036281171562
t232,1830.0,240.0,1166.7,1490.0,3693.0,0.0,-0.0,-0.0,0.0,-0.0,0.0,0.0,0.0,0.0,0.0,0.0,0.0,0.0,0.0,0.0,0.0,0.0,0.0,0.0,0.0,0.0,0.0,0.0,-0.0,0.0,0.0,0.0,0.0,-0.0,0.0,0.0,-0.0,0.0,8419.7
t233,1830.0,240.0,1166.7,1490.0,3693.0,0.0,-0.0,-0.0,355.19677777587617,-0.0,0.0,0.0,0.0,0.0,0.0,26271.326711957794,0.0,0.0,0.0,0.0,0.0,0.0,0.0,0.0,0.0,0.0,0.0,0.0,0.0,0.0,0.0,0.0,0.0,0.0,-0.0,0.0,0.0,0.0,35046.22348973367
t234,1830.0,240.0,1166.7,1490.0,3693.0,0.0,-0.0,-0.0,0.0,0.0,4624.822307346759,0.0,104.80825634240526,0.0,3670.5805027363963,0.0,0.0,0.0,0.0,0.0,0.0,0.0,0.0,0.0,0.0,0.0,0.0,0.0,0.0,0.0,0.0,0.0,0.0,0.0,0.0,0.0,0.0,760.002967948711,17579.914034374273
t235,1339.1278669458495,240.0,1166.7,1490.0,3693.0,0.0,-0.0,-0.0,0.0,0.0,0.0,0.0,0.0,0.0,-0.0,-0.0,0.0,0.0,0.0,0.0,0.0,0.0,0.0,0.0,0.0,0.0,0.0,0.0,0.0,0.0,0.0,0.0,0.0,0.0,0.0,0.0,0.0,0.0,7928.82786694585
t236,0.0,0.0,0.0,0.0,0.0,0.0,0.0,0.0,0.0,0.0,0.0,0.0,0.0,0.0,0.0,0.0,0.0,0.0,0.0,0.0,0.0,0.0,0.0,20.5124903338019,0.0,0.0,132.61416761622638,0.0,0.0,0.0,0.0,0.0,0.0,0.0,43.84509034472057,0.0,0.0,318.88176295392276,515.8535112486716
t237,0.0,0.0,0.0,0.0,0.0,0.0,0.0,0.0,0.0,0.0,0.0,0.0,0.0,0.0,0.0,0.0,0.0,0.0,0.0,0.0,0.0,0.0,0.0,-0.0,0.0,0.0,0.0,17.068358545197217,0.0,0.0,0.0,0.0,0.0,0.0,0.0,0.0,0.0,0.0,17.068358545197217
t238,0.0,0.0,0.0,0.0,0.0,0.0,0.0,0.0,0.0,0.0,0.0,0.0,0.0,0.0,0.0,0.0,-0.0,-0.0,0.0,0.0,0.0,-0.0,0.0,22.86067314332549,0.0,0.0,0.0,13.206246495104063,0.0,0.0,0.0,0.0,0.0,0.0,27.320976390039117,238.15607487053376,0.0,0.0,301.54397089900243
t239,0.0,0.0,0.0,0.0,0.0,0.0,0.0,0.0,0.0,0.0,0.0,0.0,0.0,0.0,0.0,0.0,0.0,0.0,0.0,0.0,0.0,0.0,0.0,16.989386740550668,0.0,0.0,115.76333174723169,8.856820842662414,6.702057382618706,13.270370826338146,1.5306250785138065,8.113798959888722,15.00904203202859,53.77992387515985,18.322919629199255,159.630880584951,-0.0,140.29033138110128,558.2594890802441
t240,0.0,0.0,0.0,0.0,0.0,0.0,0.0,0.0,0.0,0.0,0.0,0.0,0.0,0.0,0.0,0.0,5.66339772393799,0.0,0.0,0.0,0.0,0.0,0.0,0.0,0.0,0.0,0.0,6.165303055193475,4.665355164248754,9.2376101145768,1.065480225981423,5.648079644522882,10.44791289554599,37.43663046433756,12.754729307136836,111.67883271567769,0.0,98.10035335426427,302.86368466542365
t241,0.0,0.0,0.0,0.0,0.0,0.0,0.0,0.0,0.0,0.0,0.0,0.0,0.0,0.0,0.0,0.0,2.525515186881198,1.9199069532923387,3.7882727803217957,0.4380995732344935,2.319350681829671,4.290798761384892,15.372140907904432,5.23142431568248,40.80639075396157,189.72914243935026,36.10717834268284,3.1401416173391374,2.3761809889596495,4.704943732019881,0.5426754808488778,2.8767069178979345,5.321380928712297,19.067403545554257,6.496299688220062,58.26367693839424,183.8759291041832,48.73094093041262,637.9245005690682
t242,368.65951992788337,0.0,0.0,0.0,0.0,0.0,0.0,0.0,0.0,0.0,0.0,0.0,0.0,0.0,0.0,0.0,0.0,0.0,1.6877727979711161,0.0,1.0333302844721122,0.0,0.0,0.0,0.0,0.0,0.0,1.9470589388417123,1.4733617137879405,2.917321530848405,0.3364883736588866,1.7837150681335154,3.299546188305587,11.822829361859323,4.028059851664147,0.0,0.0,29.24897876991022,428.23798280733627
t243,1045.7405786202623,0.0,0.0,450.6058660708354,0.0,0.0,0.0,0.0,0.0,0.0,0.0,0.0,0.0,0.0,0.0,0.0,0.0,0.0,0.0,0.0750673955575499,0.0,0.0,0.0,0.0,0.0,0.0,0.0,0.8926360737733917,0.6754679014627512,1.3374563991269104,0.15426428791721367,0.8177504971145502,1.5126886485086,5.4202180385669525,1.8466783204070334,0.0,0.0,13.13890194044448,1522.217574193977
t244,-0.0,0.0,0.0,483.5988447810997,359.812711538542,0.0,0.0,0.0,0.0,0.0,0.0,0.0,0.0,0.0,0.0,299.21106057008217,0.418044306520946,0.317798988120515,0.627066459781419,0.07251788990669471,0.38391824068250135,0.7102487452626275,2.544524784079023,0.0,0.0,0.0,0.0,1.1161948162890283,0.8446373525945501,1.6724194143390976,0.19289943972780188,1.0225543115667945,1.891538195389125,6.777699731795291,2.309174846450288,0.0,0.0,16.172956054494247,1179.6968104667237
t245,-0.0,0.0,0.0,483.5988447810996,0.0,0.0,0.0,0.0,0.0,0.0,0.0,0.0,0.0,0.0,0.0,0.0,2.177291567085898,1.655185936203055,3.265937350628847,0.3776934351067374,1.9995534799768446,3.6991739379571627,13.252596120068755,4.510103960392217,0.0,0.0,28.3630066382672,0.5748849982875822,0.435022037294798,0.8613629252865953,0.09935093091211573,0.5266563910486912,0.9742178662256006,3.4907865919509398,1.1893174545110552,0.0,0.0,8.142806413245498,559.1937928155493
t246,269.9984386376141,240.0,1166.7,1127.3221447633457,0.0,0.0,-0.0,-0.0,0.0,0.0,0.0,0.0,0.0,0.0,0.0,0.0,0.0,0.0,0.0,0.0,0.0,0.0,0.0,7.154887578868935,0.0,0.0,43.50406541380215,0.0,0.0,0.0,0.0,0.0,0.0,0.0,4.680030375511423,0.0,0.0,30.968826552716575,2890.3283933218586
t247,1830.0,240.0,1166.7,1490.0,-0.0,284.7591844858154,-0.0,-0.0,429.06505838891013,0.0,0.0,1863.9881596043276,104.80825634240526,362.9124462181943,0.0,0.0,0.0,0.0,0.0,0.0,0.0,0.0,0.0,0.0,0.0,0.0,0.0,0.0,0.0,0.0,0.0,0.0,0.0,0.0,0.0,0.0,0.0,0.0,7772.233105039653
t248,1830.0,240.0,1166.7,0.0,3693.0,0.0,-0.0,-0.0,0.0,0.0,1100.204497858071,501.34250718001243,104.80825634240526,0.0,6075.116671774203,30181.142273479498,0.0,0.0,0.0,0.0,0.0,0.0,0.0,0.0,0.0,0.0,0.0,0.0,0.0,0.0,0.0,0.0,0.0,0.0,0.0,-0.0,0.0,0.0,44892.31420663419
t249,950.8306560868564,240.0,1166.7,1490.0,0.0,0.0,0.0,-0.0,0.0,0.0,0.0,1315.21193920624,0.0,0.0,0.0,0.0,-0.0,0.0,-0.0,0.0,-0.0,0.0,0.0,0.0,0.0,0.0,0.0,0.0,0.0,0.0,0.0,0.0,0.0,0.0,0.0,0.0,0.0,-0.0,5162.742595293097
t250,1830.0,240.0,1166.7,1490.0,3693.0,0.0,0.0,-0.0,355.19677777587617,0.0,1332.7864264675238,0.0,0.0,0.0,0.0,0.0,0.0,0.0,0.0,0.0,0.0,-0.0,-0.0,-0.0,0.0,0.0,0.0,0.0,0.0,0.0,0.0,0.0,0.0,0.0,0.0,0.0,0.0,0.0,10107.6832042434
t251,876.82330410035,240.0,1166.7,1490.0,3693.0,0.0,0.0,-0.0,0.0,0.0,2697.598008559785,0.0,0.0,0.0,0.0,0.0,0.0,0.0,0.0,0.0,0.0,0.0,0.0,0.0,0.0,0.0,0.0,0.0,0.0,0.0,0.0,0.0,0.0,0.0,0.0,0.0,0.0,0.0,10164.121312660136
t252,0.0,240.0,1166.7,1490.0,0.0,0.0,0.0,-0.0,0.0,0.0,3995.3673881776645,0.0,0.0,0.0,0.0,0.0,0.0,0.0,0.0,0.0,0.0,0.0,0.0,0.0,0.0,0.0,0.0,0.0,-0.0,0.0,0.0,-0.0,-0.0,0.0,0.0,0.0,0.0,0.0,6892.067388177665
t253,0.0,240.0,1166.7,499.00644789643457,3693.0,0.0,0.0,-0.0,0.0,0.0,4322.793853880696,0.0,0.0,0.0,8166.175814682724,0.0,0.0,0.0,0.0,0.0,0.0,0.0,0.0,-0.0,0.0,0.0,0.0,0.0,0.0,0.0,0.0,0.0,0.0,0.0,0.0,0.0,0.0,0.0,18087.676116459854
t254,1830.0,240.0,1166.7,1490.0,3693.0,0.0,0.0,0.0,0.0,0.0,2041.6843795149123,0.0,11.39510087625497,0.0,0.0,0.0,0.0,0.0,0.0,0.0,0.0,0.0,0.0,0.0,0.0,0.0,0.0,0.0,0.0,-0.0,-0.0,0.0,0.0,0.0,0.0,0.0,0.0,0.0,10472.779480391167
t255,1830.0,240.0,1166.7,1490.0,146.89972271485976,0.0,0.0,0.0,0.0,0.0,0.0,446.2433223645857,0.0,0.0,0.0,0.0,0.0,0.0,0.0,0.0,0.0,0.0,0.0,0.0,0.0,0.0,0.0,0.0,0.0,0.0,0.0,0.0,0.0,0.0,0.0,0.0,0.0,0.0,5319.843045079446
t256,1283.8498923700786,223.74738389197063,1166.7,1490.0,3693.0,0.0,0.0,0.0,0.0,0.0,3879.676255035152,0.0,0.0,0.0,0.0,0.0,0.0,0.0,0.0,0.0,0.0,0.0,0.0,0.0,0.0,0.0,0.0,0.0,0.0,0.0,0.0,0.0,0.0,-0.0,-0.0,0.0,-0.0,0.0,11736.9735312972
t257,1830.0,240.0,1005.0715855560928,0.0,3693.0,0.0,0.0,0.0,0.0,0.0,2582.936534244436,0.0,0.0,0.0,0.0,0.0,0.0,0.0,0.0,0.0,0.0,-0.0,0.0,0.0,0.0,0.0,0.0,-0.0,0.0,0.0,0.0,0.0,0.0,0.0,0.0,0.0,0.0,0.0,9351.008119800528
t258,1370.376098873134,187.76394553574085,995.3878646243702,1490.0,3693.0,0.0,0.0,0.0,0.0,0.0,7425.528024829158,991.24212512404,104.80825634240526,0.0,762.1367827982319,0.0,0.0,0.0,0.0,0.0,0.0,0.0,0.0,0.0,0.0,0.0,0.0,0.0,0.0,0.0,0.0,0.0,0.0,0.0,0.0,0.0,0.0,0.0,17020.24309812708
t259,1830.0,240.0,1166.7,1490.0,3693.0,0.0,-0.0,-0.0,0.0,0.0,2167.107062851961,0.0,0.0,0.0,-0.0,0.0,0.0,0.0,0.0,0.0,0.0,0.0,0.0,0.0,0.0,0.0,0.0,0.0,0.0,0.0,0.0,0.0,0.0,0.0,0.0,0.0,0.0,0.0,10586.80706285196
t260,0.0,0.0,0.0,0.0,3693.0,0.0,-0.0,-0.0,0.0,0.0,0.0,0.0,0.0,0.0,0.0,1777.4615440284517,0.0,0.0,0.0,0.0,-0.0,-0.0,-0.0,-0.0,0.0,-0.0,0.0,0.0,0.0,31.25983934041944,0.0,0.0,35.355473386140694,126.68461206380509,43.161681866447005,99.49821860612798,0.0,302.18511141327224,6108.606480704664
t261,0.0,0.0,0.0,0.0,0.0,0.0,0.0,0.0,0.0,0.0,0.0,0.0,0.0,0.0,0.0,0.0,0.0,0.0,0.0,0.0,0.0,0.0,0.0,0.0,0.0,-0.0,-0.0,16.46011943625667,12.455560177435835,24.66256150432417,2.844617956265834,15.079236933215002,27.89382656144167,99.94827557015584,34.05256252500751,302.99748449879326,902.3918745293345,236.05576963181997,1674.8418893240503
t262,0.0,0.0,0.0,0.0,0.0,0.0,0.0,0.0,0.0,0.0,0.0,0.0,0.0,0.0,0.0,0.0,0.0,-0.0,-0.0,-0.0,0.0,0.0,0.0,0.0,-0.0,133.50822261258645,0.0,12.90303042059883,9.763870335050457,19.332896250997912,2.229886129734362,11.820561425582152,21.865873699336944,78.34910585930733,26.69368541711134,235.32282756895628,702.121000611117,191.77501750683595,1445.685977837215
t263,0.0,0.0,0.0,0.0,0.0,0.0,0.0,0.0,0.0,0.0,0.0,0.0,0.0,0.0,0.0,0.0,8.100893352967752,6.158332191796912,12.151340029451625,0.0,7.439595936398954,13.763252482338064,49.30798862291085,16.780421945433197,127.41245674721164,559.8375701678599,116.28739144922459,8.619795641814479,6.522697708822701,12.915230718356256,1.489662669642435,7.896658423541451,14.60737180911514,52.34067185860166,17.83256380261284,155.67288542973242,474.7897802387261,134.24992523353706,1804.176486460096
t264,0.0,0.0,0.0,0.0,0.0,0.0,0.0,0.0,0.0,0.0,0.0,0.0,0.0,0.0,0.0,0.0,5.586366576554677,4.246778672993096,8.379549864832015,0.9690635898105051,5.130336651937968,9.49112280608524,34.00273125423332,11.571759337148974,87.74565212027831,390.78213595223446,80.80799581895045,5.992087131719457,4.534280698666905,8.978076860109855,1.0355452593407786,5.48939525825306,10.154375844021226,36.38483780149784,12.396381599681359,108.1433366163181,329.9561201956716,94.03412893660015,1255.8120588469392
t265,0.0,0.0,0.0,0.0,0.0,0.0,0.0,0.0,0.0,0.0,0.0,0.0,0.0,0.0,0.0,0.0,0.0,0.0,0.0,0.0,0.0,0.0,0.0,0.0,0.0,0.0,0.0,3.7228538584135245,2.817125990175335,5.578034388528989,0.6433791064036796,3.410533903848632,6.308863082210839,22.605718311406953,7.7018100795702615,70.90936910060694,0.0,56.61921761500698,180.31690543617214
t266,0.0,0.0,0.0,0.0,0.0,0.0,0.0,0.0,0.0,0.0,0.0,0.0,0.0,0.0,0.0,0.0,0.0,0.0,0.0,0.0,0.0,0.0,0.0,0.0,16.079868484737744,0.0,0.0,2.372355789795063,1.7951886932845194,3.554553221958039,0.4099876616592139,2.1733326530672894,4.0202673619010305,14.40529463635626,4.907910551706901,45.17019907634606,149.55917401299266,35.11706281268008,279.56519495648485
t267,0.0,0.0,0.0,0.0,0.0,0.0,0.0,0.0,0.0,0.0,0.0,0.0,0.0,0.0,0.0,0.0,0.0,0.0,0.0,0.0,0.0,0.0,0.0,0.0,10.940137705099753,0.0,0.0,1.1182307531833755,0.8461779692713127,1.6754699036791179,0.19325128788236187,1.0244194483861127,1.8949883569047132,6.790062241225898,2.3133867763005065,21.19672906000419,73.71999066139163,16.122256671315665,137.83510083464463
t268,0.0,0.0,0.0,0.0,0.0,0.0,0.0,0.0,0.0,0.0,0.0,0.0,0.0,0.0,0.0,0.0,0.4088174522559584,0.31078469584764173,0.6132261783839373,0.07091731314644176,0.3754445990105739,0.6945725081695618,2.4883633701089702,0.8468361511016279,6.6091789024074465,30.749716240806922,5.580828837092694,1.4362208020931835,1.0868046673557477,2.1519214366933097,0.24820594398590254,1.31573247976993,2.4338641109297234,8.720944769757097,2.9712420284914347,27.125711487459036,82.39727848277845,20.192853774129432,198.82946623177503
t269,0.0,0.0,0.0,0.0,0.0,0.0,0.0,0.0,0.0,0.0,0.0,0.0,0.0,0.0,0.0,0.0,1.529497038634803,1.1627298916152329,2.294245557952204,0.2653209148652209,1.4046401375217574,2.5985842544152513,9.309642689241427,3.1682438657435195,24.63818674322696,100.22565456168185,20.17123206830729,0.7645469435092055,0.5785413951722344,1.1455376183787256,0.13212807916350364,0.7004070992550777,1.2956248539333852,4.642441927113782,1.581688559306796,14.405686700411543,49.980610976724904,10.385700490533745,252.3808923667084
t270,1184.3287033684323,0.0,0.0,0.0,0.0,943.3819469134636,0.0,-0.0,0.0,0.0,0.0,0.0,0.0,0.0,0.0,0.0,0.0,0.0,0.0,0.0,0.0,0.0,0.0,0.0,28.831256440628252,130.97994456819947,22.655077287297463,0.0,0.0,0.0,0.0,0.0,0.0,0.0,0.0,57.561887045680855,170.18874111987927,39.84142248407338,2577.7689792276547
t271,1830.0,240.0,1166.7,1490.0,3629.5766620750396,3565.968517592256,-0.0,-0.0,429.06505838891013,-0.0,3136.9729264125735,1863.9881596043276,104.80825634240526,362.9124462181943,3897.8482583181094,0.0,0.0,0.0,0.0,0.0,0.0,0.0,0.0,0.0,175.35272562094332,705.5294359419415,0.0,0.0,0.0,0.0,0.0,0.0,0.0,0.0,0.0,149.42732710837745,442.7732937769891,0.0,23190.92306740007
t272,1830.0,240.0,1166.7,1490.0,3693.0,3565.968517592256,-0.0,-0.0,0.0,-0.0,5709.701534860492,1863.9881596043276,104.80825634240526,269.8851638954155,8166.175814682724,22623.472812808068,-0.0,0.0,-0.0,0.0,0.0,0.0,0.0,0.0,184.58770410505852,785.1003388984361,-0.0,0.0,0.0,0.0,0.0,0.0,0.0,0.0,0.0,280.50801703844155,0.0,0.0,51973.896319827625
t273,1830.0,240.0,1166.7,1490.0,3693.0,3565.968517592256,-0.0,-0.0,0.0,-0.0,4310.724462036464,735.4648943372622,104.80825634240526,0.0,8166.175814682724,28867.920756663363,-0.0,0.0,-0.0,0.0,0.0,0.0,-0.0,0.0,0.0,0.0,0.0,0.0,0.0,0.0,0.0,0.0,0.0,0.0,0.0,0.0,0.0,0.0,54170.76270165447
t274,1499.1082081283228,240.0,1166.7,1490.0,3693.0,3565.968517592256,-0.0,-0.0,355.19677777587617,-0.0,3902.8723464085174,482.7478435199579,11.39510087625496,0.0,4648.426216166472,27933.467893033892,0.0,0.0,0.0,0.0,0.0,0.0,0.0,0.0,0.0,0.0,0.0,0.0,0.0,0.0,0.0,0.0,0.0,0.0,0.0,-0.0,-0.0,0.0,48988.88290350155
t275,1830.0,240.0,1166.7,1490.0,3693.0,1784.2129441156726,-0.0,-0.0,0.0,-0.0,4541.200239459661,171.83899641333028,0.0,0.0,4731.82742804553,21553.88188791044,0.0,0.0,0.0,0.0,0.0,0.0,0.0,0.0,0.0,0.0,0.0,-0.0,0.0,0.0,0.0,0.0,0.0,0.0,0.0,0.0,0.0,0.0,41202.66149594463
t276,1830.0,240.0,1166.7,1490.0,3693.0,308.73171199632054,-0.0,-0.0,0.0,-0.0,4464.731138174241,0.0,0.0,0.0,3394.375539398925,17738.89239518916,0.0,0.0,0.0,0.0,0.0,0.0,0.0,0.0,0.0,0.0,0.0,0.0,0.0,0.0,0.0,0.0,-0.0,0.0,0.0,0.0,0.0,-0.0,34326.430784758646
t277,1589.0264008322483,240.0,1166.7,1490.0,3693.0,0.0,-0.0,-0.0,0.0,-0.0,4081.7115832858635,0.0,0.0,0.0,2827.469825896789,13292.843387208173,0.0,0.0,0.0,0.0,0.0,0.0,0.0,9.238527569825614,0.0,0.0,0.0,0.0,0.0,0.0,0.0,0.0,39.55676750107118,27.934804623341307,48.29058844437699,0.0,0.0,0.0,28505.771885361686
t278,1830.0,240.0,1166.7,1490.0,3693.0,125.7884681504374,-0.0,-0.0,0.0,-0.0,5758.504708435014,0.0,0.0,0.0,885.1971869753339,8492.305993815851,0.0,0.0,0.0,0.0,0.0,0.0,0.0,0.0,0.0,0.0,0.0,0.0,0.0,0.0,-0.0,0.0,16.392614077452848,0.0,0.0,0.0,0.0,0.0,23697.88897145409
t279,1713.3265637841432,240.0,1166.7,1490.0,3693.0,0.0,-0.0,-0.0,0.0,-0.0,3000.121361173096,0.0,0.0,0.0,1613.119185303046,8354.76375520068,0.0,0.0,0.0,0.0,0.0,0.0,18.53814241377936,0.0,0.0,0.0,0.0,0.0,-0.0,-0.0,0.0,-0.0,45.050618421475974,161.4239485815065,9.51164868774714,0.0,0.0,0.0,21505.555223565472
t280,1392.5350343191324,240.0,1166.7,1490.0,3693.0,0.0,-0.0,-0.0,0.0,-0.0,1837.3434464161032,0.0,0.0,0.0,489.0961490945365,6630.1878221200795,0.0,0.0,0.0,0.0,0.0,8.188471790470514,29.33587641450848,9.983542182976063,0.0,0.0,0.0,0.0,0.0,0.0,0.0,0.0,60.54593385408728,216.94627189895235,73.91399647731646,0.0,0.0,0.0,17337.77654456816
t281,758.8567467325908,240.0,1166.7,1490.0,3693.0,0.0,-0.0,0.0,0.0,-0.0,1238.8107792586395,0.0,0.0,0.0,-0.0,1759.5091392619865,0.0,0.0,0.0,0.0,0.0,6.801057264370995,24.36534929848227,8.2919797277316,0.0,0.0,0.0,0.0,0.0,0.0,0.0,0.0,78.55116007036091,281.4620280144912,95.89463402649011,46.403577010039044,0.0,0.0,10888.646450665183
t282,0.0,0.0,0.0,0.0,0.0,0.0,0.0,0.0,0.0,0.0,0.0,0.0,0.0,0.0,0.0,0.0,0.0,0.0,0.0,0.0,0.0,0.0,26.736672628882047,0.0,0.0,0.0,0.0,0.0,0.0,0.0,0.0,0.0,0.0,329.2701728721242,0.0,0.0,0.0,0.0,356.00684550100624
t283,0.0,0.0,0.0,0.0,0.0,0.0,0.0,0.0,0.0,0.0,0.0,0.0,0.0,0.0,0.0,0.0,0.0,0.0,0.0,0.0,0.0,8.821785445323632,31.604774883696972,0.0,0.0,0.0,0.0,0.0,0.0,0.0,0.0,0.0,70.4578727749049,252.4624173983968,86.0144130014433,0.0,0.0,0.0,449.3612635037656
t284,0.0,0.0,0.0,0.0,0.0,0.0,0.0,0.0,0.0,0.0,0.0,0.0,0.0,0.0,0.0,0.0,0.0,-0.0,0.0,1.0653009111842848,5.639828353328566,10.433682453657848,37.37952903067211,12.720946174729988,-0.0,0.0,0.0,-0.0,0.0,30.895355345795558,0.0,20.86920105650903,38.604199756546,138.325345464297,47.1277012869517,207.34514487592287,0.0,0.0,550.406234709595
t285,0.0,0.0,0.0,0.0,0.0,0.0,0.0,0.0,0.0,0.0,0.0,0.0,0.0,0.0,0.0,0.0,6.684403797383836,5.081511050051998,0.0,0.0,0.0,0.0,40.68619250142304,13.846265008866515,0.0,456.1042670657989,0.0,17.94189970666782,13.576840214273805,10.709036035974528,0.0,0.0,0.0,108.94586415844098,37.11805761463326,216.81955058402218,1170.1265430254832,0.0,2097.64043076302
t286,0.0,0.0,0.0,0.0,0.0,0.0,0.0,0.0,0.0,0.0,0.0,0.0,0.0,0.0,0.0,0.0,0.0,0.0,0.0,0.0,0.0,11.769703276266675,42.165933959718146,14.349848438931744,0.0,-0.0,-0.0,0.0,0.0,0.0,0.0,0.0,24.230367691900568,86.82148581880014,29.580240954567728,0.0,0.0,0.0,208.917580140185
t287,0.0,0.0,0.0,0.0,0.0,0.0,0.0,0.0,0.0,0.0,0.0,0.0,0.0,0.0,0.0,0.0,0.0,0.0,0.0,0.0,0.0,0.0,0.0,14.165482188267125,0.0,0.0,0.0,0.0,0.0,0.0,0.0,0.0,-0.0,39.85309873876031,19.669606576326878,18.418110730172877,0.0,0.0,92.10629823352718
t288,0.0,0.0,0.0,0.0,0.0,0.0,0.0,0.0,0.0,0.0,0.0,0.0,0.0,0.0,0.0,0.0,0.0,0.0,0.0,0.0,0.0,0.0,0.0,10.060162623061695,79.74406344531417,0.0,0.0,0.0,0.0,0.0,0.0,0.0,0.0,0.0,13.758490525874349,0.0,0.0,0.0,103.56271659425022
t289,0.0,0.0,0.0,0.0,0.0,0.0,0.0,0.0,0.0,0.0,0.0,0.0,0.0,0.0,0.0,0.0,3.560464321957445,0.0,0.0,0.0,0.0,0.0,0.0,0.0,0.0,0.0,54.628807842305335,8.520637810799014,0.0,0.0,0.0,0.0,0.0,0.0,17.62742688039461,152.36594881609554,0.0,136.62192556223414,373.3252112337861
t290,0.0,0.0,0.0,0.0,0.0,0.0,0.0,0.0,0.0,0.0,0.0,0.0,0.0,0.0,0.0,0.0,1.4260006872003035,1.0840515428206388,0.0,0.0,0.0,0.0,0.0,0.0,0.0,0.0,0.0,3.4593309552357536,2.6177152027035655,5.183192186284443,0.5978373966263132,3.1691186267763785,5.862289034879382,21.00556833388958,7.156636019808196,61.627381160196954,222.24710485700587,53.934882542807514,389.37110854623484
t291,0.0,0.0,0.0,0.0,0.0,0.0,0.0,0.0,0.0,0.0,0.0,0.0,0.0,0.0,0.0,0.0,0.0,0.0,0.0,0.0,0.0,0.0,0.0,0.0,0.0,0.0,0.0,2.908363586447253,2.2007919085364285,4.357665574995632,0.5026198815504482,2.6643733526849,4.92860272199954,17.660013119719142,6.016799164579638,51.97814208915843,167.3392104744,44.46025526863361,305.016837142705
t292,0.0,0.0,0.0,0.0,0.0,0.0,0.0,0.0,0.0,0.0,0.0,0.0,0.0,0.0,0.0,0.0,0.0,0.0,0.4996081467848584,0.057777812893487025,0.0,0.5658826968685641,0.0,0.6899350598457569,0.0,0.0,0.0,2.0917243550231635,1.5828316847574613,3.134076927912223,0.361489276119775,1.9162441238970596,3.544700668747308,12.70125912890743,4.327342499569733,37.37323257217396,122.22883776580036,31.426783643568513,222.50172636286965
t293,0.0,0.0,0.0,0.0,0.0,0.0,0.0,0.0,0.0,0.0,0.0,0.0,0.0,0.0,0.0,0.0,0.18815898546054488,0.14303922874296524,0.28223847819081727,0.03263982400846186,0.17279906828009223,0.3196782763181706,1.1452738247675,0.38975789845398584,2.946561157775287,14.785311311667648,2.6446885982898958,0.40059867994925885,0.3031375917065701,0.6002258744877318,0.0692309799241169,0.3669914081414352,0.6788668905180394,2.4324943334502818,0.8287553227809333,7.129552879533673,32.0507729133278,5.877116241313559,73.78788976708876
t294,0.0,0.0,0.0,0.0,0.0,0.0,0.0,0.0,0.0,0.0,0.0,0.0,0.0,0.0,0.0,0.0,1.1910150850565977,0.9054145289460871,1.7865226275848964,0.2066046576118588,1.0937893638274878,2.023510323080852,7.249392839145515,2.4671026761886665,18.648348679618664,80.50653617737416,16.258170993746898,1.2227091402418524,0.925237956793751,1.8320121849596882,0.21130711651830678,1.1201328700873348,2.07204065712126,7.424470433783999,2.52953082201041,21.770226011083853,65.15057902358117,17.450374139004477,254.04502830736777
t295,1830.0,240.0,1166.7,1490.0,3693.0,3541.4314832427763,0.0,0.0,-0.0,-0.0,867.9276231415321,-0.0,104.80825634240526,362.9124462181943,1607.9908239716847,4196.629423028382,0.0,0.0,0.0,0.0,0.0,0.0,0.0,0.0,0.0,0.0,0.0,0.0,0.0,0.0,0.0,0.0,0.0,0.0,0.0,0.0,0.0,0.0,19101.400055944974
t296,1830.0,240.0,1166.7,1490.0,3693.0,3565.968517592256,-0.0,-0.0,429.06505838891013,-0.0,3549.2892204865934,1863.9881596043276,104.80825634240526,0.0,7259.640901933761,30181.142273479498,0.0,0.0,0.0,0.0,0.0,0.0,0.0,0.0,-0.0,0.0,0.0,0.0,0.0,0.0,0.0,0.0,0.0,0.0,-0.0,0.0,0.0,0.0,55373.60238782775
t297,1830.0,240.0,1166.7,1490.0,3693.0,65.53207787455014,0.0,-0.0,0.0,-0.0,3911.490016111678,1863.9881596043276,11.39510087625496,219.44101990639487,691.4835753096183,30181.142273479498,0.0,0.0,0.0,0.0,0.0,0.0,-0.0,0.0,0.0,0.0,0.0,0.0,0.0,0.0,0.0,0.0,-0.0,0.0,-0.0,0.0,0.0,0.0,45364.17222316232
t298,1830.0,240.0,1166.7,1490.0,3693.0,3565.968517592256,0.0,-0.0,355.19677777587617,-0.0,5975.158004061556,0.0,0.0,0.0,8166.175814682724,0.0,0.0,0.0,0.0,0.0,0.0,0.0,0.0,0.0,0.0,0.0,0.0,0.0,0.0,0.0,0.0,0.0,0.0,0.0,0.0,-0.0,0.0,0.0,26482.199114112413
t299,1830.0,240.0,1166.7,1490.0,3693.0,0.0,0.0,-0.0,0.0,-0.0,7425.528024829158,0.0,0.0,0.0,6640.674218013958,30181.142273479498,0.0,0.0,0.0,0.0,0.0,0.0,0.0,0.0,0.0,0.0,0.0,-0.0,0.0,0.0,0.0,-0.0,0.0,-0.0,0.0,0.0,0.0,0.0,52667.04451632261
t300,1830.0,240.0,1166.7,1490.0,3693.0,3565.968517592256,0.0,0.0,0.0,-0.0,4628.365571694228,706.410072885813,0.0,50.44414398902061,5474.996304301195,0.0,0.0,0.0,0.0,0.0,0.0,0.0,0.0,0.0,0.0,-0.0,-0.0,0.0,0.0,0.0,0.0,0.0,0.0,0.0,0.0,0.0,0.0,0.0,22845.88461046251
t301,1830.0,240.0,1166.7,1490.0,3693.0,765.8491091155186,0.0,0.0,0.0,-0.0,4678.250351148642,0.0,0.0,0.0,5589.733648160385,0.0,0.0,0.0,0.0,0.0,0.0,0.0,0.0,0.0,0.0,0.0,0.0,0.0,0.0,0.0,0.0,0.0,0.0,0.0,0.0,0.0,0.0,0.0,19453.533108424544
t302,1830.0,240.0,1166.7,1490.0,3693.0,1143.4865592905953,0.0,0.0,0.0,-0.0,4610.246889223572,683.6416613847374,104.80825634240526,0.0,2809.2500000118293,26300.047628695094,0.0,0.0,0.0,0.0,0.0,0.0,0.0,0.0,0.0,0.0,0.0,-0.0,0.0,0.0,0.0,-0.0,0.0,0.0,0.0,0.0,0.0,-0.0,44071.180994948234
t303,1830.0,240.0,1166.7,1490.0,3693.0,1226.1957935707956,0.0,0.0,0.0,-0.0,3129.465479454287,0.0,0.0,0.0,0.0,0.0,0.0,0.0,0.0,0.0,0.0,0.0,0.0,0.0,0.0,0.0,0.0,0.0,-0.0,-0.0,-0.0,0.0,0.0,0.0,0.0,0.0,-0.0,0.0,12775.361273025082
t304,1830.0,240.0,1166.7,1490.0,3693.0,-0.0,0.0,0.0,0.0,-0.0,3206.9733457694174,-0.0,-0.0,-0.0,579.766132179026,18674.827441241578,0.0,0.0,0.0,0.0,0.0,0.0,0.0,0.0,0.0,0.0,0.0,0.0,0.0,0.0,0.0,0.0,0.0,0.0,0.0,0.0,0.0,0.0,30881.26691919002
t305,1830.0,240.0,1166.7,1490.0,3693.0,0.0,0.0,0.0,-0.0,-0.0,-0.0,-0.0,-0.0,0.0,-0.0,8163.284040273593,0.0,0.0,0.0,0.0,0.0,0.0,0.0,0.0,0.0,0.0,0.0,0.0,0.0,0.0,0.0,0.0,0.0,0.0,0.0,0.0,0.0,0.0,16582.984040273594
t306,101.85671916971997,240.0,1166.7,0.0,3693.0,-0.0,-0.0,-0.0,-0.0,-0.0,-0.0,-0.0,-0.0,0.0,0.0,11636.684716110256,0.0,0.0,0.0,0.0,0.0,0.0,0.0,11.171754247793677,0.0,0.0,0.0,0.0,0.0,0.0,0.0,0.0,0.0,0.0,64.19460352133223,0.0,0.0,0.0,16913.607793049105
t307,0.0,240.0,1166.7,0.0,563.4615813017768,0.0,0.0,0.0,0.0,0.0,0.0,0.0,0.0,0.0,0.0,-0.0,0.0,0.0,0.0,0.0,0.0,0.0,0.0,0.0,0.0,0.0,0.0,0.0,0.0,0.0,0.0,0.0,0.0,0.0,0.0,0.0,0.0,0.0,1970.161581301777
t308,0.0,0.0,0.0,0.0,0.0,0.0,-0.0,0.0,0.0,0.0,0.0,0.0,0.0,0.0,0.0,0.0,0.0,0.0,0.0,0.0,0.0,0.0,0.0,12.452061223511096,103.15254829631665,488.25189443520907,0.0,0.0,0.0,0.0,0.0,0.0,0.0,187.84833235607465,57.89505130463695,359.2704176331065,0.0,0.0,1208.870305248855
t309,0.0,0.0,0.0,0.0,0.0,0.0,-0.0,0.0,0.0,0.0,0.0,0.0,0.0,0.0,0.0,0.0,5.6336125028821815,0.4263343145271392,0.0,-0.0,-0.0,0.0,-0.0,11.669625898827373,96.27938937114344,0.0,-0.0,-0.0,23.92346460795518,0.0,5.463673735297968,0.0,0.0,0.0,65.40494869536305,0.0,0.0,0.0,208.80104912599631
t310,0.0,0.0,0.0,0.0,0.0,0.0,-0.0,0.0,0.0,0.0,0.0,0.0,0.0,0.0,0.0,0.0,0.0,0.0,0.0,0.0,0.0,0.0,0.0,12.558670801276868,0.0,-0.0,0.0,0.0,21.15273488311608,0.0,0.0,0.0,47.37086969389632,169.73779942793144,0.0,520.9761158334967,-0.0,0.0,771.7961906397175
t311,0.0,0.0,0.0,0.0,0.0,0.0,-0.0,0.0,0.0,0.0,0.0,0.0,0.0,0.0,0.0,0.0,0.0,0.0,0.0,0.0,0.0,15.303150687276478,0.0,18.657895432535284,0.0,0.0,0.0,0.0,4.215380598744332,0.0,0.0,0.0,37.52920571223061,0.0,45.81535707245579,401.13080391600556,0.0,0.0,522.6517934192481
t312,0.0,0.0,0.0,0.0,0.0,0.0,0.0,0.0,0.0,0.0,0.0,0.0,0.0,0.0,0.0,0.0,4.81862812775925,3.66314077059249,-0.0,0.8358844711419106,4.4252707295748195,8.186750849713418,29.329711002126444,0.0,0.0,0.0,31.172344543410404,0.0,0.0,0.0,0.0,-0.0,0.0,95.98146986625181,0.0,0.0,0.0,262.76213641872056,441.1753367792911
t313,0.0,0.0,0.0,0.0,0.0,0.0,0.0,0.0,0.0,0.0,0.0,0.0,0.0,0.0,0.0,0.0,0.0,0.0,0.0,0.0,0.0,0.0,0.0,0.0,37.762293101867684,179.0427786566185,0.0,3.4319490247687163,2.5969949835078707,5.14216523342024,0.5931052844818419,3.1440338381270454,5.815886770161751,20.83930120912413,7.099988502583602,63.90601252409525,210.98845277806583,54.849718779859856,595.2126806866822
t314,0.0,0.0,0.0,0.0,0.0,0.0,0.0,0.0,0.0,0.0,0.0,0.0,0.0,0.0,0.0,0.0,0.9891719395380617,0.7519725458733223,1.4837579093070923,0.17159105073619435,0.9084232097798522,1.6805829380927269,6.020827162596467,2.048999017614556,15.705782814856425,74.94775388053695,14.236404606740107,2.2402903257792968,1.6952532498766157,3.3566766122834095,0.3871642677101806,2.0523465065025106,3.796465149391091,13.603373639253817,4.63469458336556,40.53463296547026,129.0999168369914,33.95945780082915,354.30553901312504
t315,0.0,0.0,0.0,0.0,0.0,0.0,0.0,0.0,0.0,0.0,0.0,0.0,0.0,0.0,0.0,0.0,0.2682968546513956,0.20396036399519357,0.4024452819770932,0.04654129111299719,0.2463950705982204,0.45583088060670773,1.633051773464872,0.5557577703493194,4.254861152954315,0.0,3.772381303996561,1.042690317211128,0.789015659500367,1.5622859954186865,0.18019648099454058,0.9552162973108657,1.766975201985301,6.331369560380992,2.157109330740471,18.83729501372348,63.50454342391489,15.438317214031926,124.40453623891932
t316,0.0,0.0,0.0,0.0,0.0,0.0,0.0,0.0,0.0,0.0,0.0,0.0,0.0,0.0,0.0,0.0,0.3024607804854682,0.22993191985885084,0.4536911707282022,0.052467686410744487,0.27777010452747075,0.5138746933758209,1.8409985261181814,0.626525902434184,0.0,0.0,4.16915980139369,1.3279191998148843,1.0048516092558941,1.9896507473736438,0.22948939191431728,1.2165165823807498,2.2503328721695186,8.063321449882661,2.7471885459257592,24.014716746835898,71.63316009752364,19.27354670628677,142.21757453469635
t317,652.6748200892041,0.0,0.0,0.0,0.0,0.0,0.0,0.0,0.0,0.0,0.0,0.0,0.0,0.0,0.0,0.0,1.3693844619403661,1.0410116572914005,2.0540766929105487,0.23754628421414514,1.2575979752513566,2.3265562542150096,8.335079913749269,2.8365820997336155,21.89474769787306,92.28649437222698,18.401658063604057,0.6958440612894462,0.5265531403381548,1.0425985683414016,0.12025493005505532,0.6374678816510699,1.1791988286952024,4.225267882225681,1.439556589882361,12.660542816016093,43.353483191449854,9.851647916915292,880.4479713690737
t318,347.448722733478,0.0,0.0,0.0,0.0,0.0,0.0,0.0,0.0,0.0,0.0,0.0,0.0,0.0,0.0,0.0,2.0880759275100695,1.5873638428520427,3.132113891265104,0.36221725273133865,1.9176207497541455,3.5475983870451695,12.709564191426086,4.325300135556573,33.83974559334053,154.71992142438162,27.1235198002711,2.7647975979176946,2.0921538870149003,4.142557474732385,0.47780898084819223,2.532851490709835,4.685311365598778,16.788259239704928,5.719791003745835,50.89490513960458,150.38731415242918,37.83614787557368,871.1236621374918
t319,1830.0,240.0,1166.7,1490.0,0.0,3459.054132196299,-0.0,-0.0,-0.0,-0.0,-0.0,929.0124639448014,-0.0,113.63328226565875,0.0,0.0,0.0,0.0,0.0,0.0,0.0,0.0,0.0,0.0,0.0,723.8464421763074,0.0,0.0,0.0,0.0,0.0,0.0,0.0,0.0,0.0,0.0,398.91750013151034,0.0,10351.163820714577
t320,1830.0,240.0,1166.7,451.31768600247085,3693.0,3565.968517592256,-0.0,-0.0,429.06505838891013,-0.0,1793.7971420900626,1863.9881596043276,104.80825634240526,362.9124462181943,7041.708922603013,17412.221699292088,-0.0,0.0,-0.0,0.0,0.0,0.0,0.0,0.0,0.0,0.0,-0.0,0.0,0.0,0.0,0.0,-0.0,0.0,0.0,0.0,0.0,0.0,0.0,39955.48788813373
t321,1830.0,240.0,1166.7,1490.0,3693.0,3565.968517592256,-0.0,-0.0,0.0,-0.0,3934.562233820275,986.9048266853547,104.80825634240526,42.61859936409796,7305.221620249548,29118.342315218044,0.0,0.0,0.0,0.0,0.0,0.0,0.0,0.0,0.0,0.0,0.0,0.0,-0.0,0.0,0.0,0.0,0.0,0.0,0.0,0.0,0.0,0.0,53478.12636927198
t322,1830.0,240.0,1166.7,0.0,3693.0,3022.8541869037062,-0.0,-0.0,355.19677777587617,-0.0,4316.041265370823,409.11013929992015,104.80825634240526,0.0,6382.051510933183,30181.142273479498,0.0,0.0,0.0,0.0,0.0,0.0,0.0,0.0,0.0,0.0,0.0,0.0,0.0,0.0,0.0,0.0,0.0,0.0,0.0,-0.0,0.0,-0.0,51700.90441010541
t323,1830.0,240.0,1166.7,1490.0,3693.0,2132.1028913313867,-0.0,-0.0,0.0,-0.0,6311.682537505162,0.0,11.39510087625496,0.0,5088.156208686997,25871.747877964724,0.0,0.0,0.0,0.0,0.0,0.0,0.0,0.0,0.0,0.0,0.0,-0.0,0.0,0.0,0.0,0.0,0.0,0.0,0.0,0.0,-0.0,0.0,47834.78461636452
t324,1830.0,240.0,1166.7,1490.0,3693.0,1142.2968196053973,-0.0,-0.0,0.0,-0.0,5268.355839306815,0.0,0.0,0.0,4300.363332252727,23263.171768770662,0.0,0.0,0.0,0.0,0.0,0.0,0.0,0.0,0.0,0.0,0.0,0.0,0.0,0.0,0.0,0.0,0.0,0.0,0.0,0.0,0.0,0.0,42393.887759935606
t325,1830.0,240.0,1166.7,1490.0,3693.0,552.155510649701,-0.0,-0.0,0.0,-0.0,5570.915962533365,0.0,0.0,0.0,4616.638219267302,18112.475977859707,0.0,0.0,0.0,0.0,0.0,0.0,0.0,0.0,0.0,0.0,0.0,0.0,0.0,0.0,0.0,-0.0,0.0,0.0,0.0,-0.0,0.0,0.0,37271.885670310076
t326,1830.0,240.0,1166.7,1490.0,3693.0,0.0,-0.0,0.0,0.0,-0.0,7168.647708279064,-0.0,-0.0,-0.0,2422.9265881321003,9229.230336793926,0.0,0.0,0.0,0.0,0.0,0.0,0.0,0.0,0.0,0.0,0.0,0.0,0.0,0.0,0.0,0.0,0.0,36.22848575866408,27.37665535817561,0.0,0.0,0.0,27304.109774321932
t327,1830.0,240.0,1166.7,1490.0,3693.0,27.936107274205785,-0.0,-0.0,0.0,-0.0,5083.594097809264,-0.0,-0.0,-0.0,497.24015627909904,6326.567820408767,0.0,0.0,0.0,0.0,0.0,5.662125926322034,0.0,0.0,53.92594707221485,0.0,0.0,0.0,0.0,-0.0,-0.0,0.0,44.51078217871394,159.48962446016407,54.338410323123064,0.0,0.0,0.0,20672.965071731873
t328,291.6046276539746,240.0,1166.7,1490.0,3693.0,-0.0,-0.0,-0.0,-0.0,-0.0,2535.097739205828,0.0,-0.0,-0.0,1165.4048601602105,-0.0,0.0,0.0,0.0,0.0,0.0,0.0,0.0,8.276329282795944,64.85027109621781,0.0,0.0,0.0,0.0,0.0,0.0,0.0,59.75377083279012,214.10781845927465,72.94693013547547,0.0,0.0,0.0,11001.742346826566
t329,0.0,240.0,778.5301377680844,0.0,0.0,-0.0,-0.0,-0.0,-0.0,-0.0,-0.0,-0.0,0.0,-0.0,-0.0,-0.0,0.0,0.0,0.0,0.0,0.0,6.365239178559631,22.80399501508,7.760621941427058,38.11345093150855,0.0,0.0,0.0,0.0,0.0,0.0,0.0,78.29910230874482,280.55886262905693,95.5869239076063,-0.0,0.0,0.0,1548.0183336800676
t330,0.0,0.0,0.0,0.0,0.0,0.0,-0.0,-0.0,-0.0,-0.0,-0.0,0.0,0.0,0.0,0.0,0.0,0.0,0.0,0.0,0.0,0.0,7.654503684503083,27.42289157841495,9.332518005730485,0.0,0.0,0.0,0.0,0.0,0.0,0.0,0.0,92.5628102371917,331.66812895880867,112.99994556678948,0.0,1906.3854830953096,0.0,2488.026281126748
t331,0.0,0.0,0.0,0.0,0.0,0.0,0.0,0.0,0.0,0.0,0.0,0.0,0.0,0.0,0.0,0.0,0.0,0.0,0.0,0.0,0.0,0.0,0.0,0.0,0.0,0.0,0.0,0.0,0.0,0.0,0.0,0.0,0.0,167.4269271578935,0.0,0.0,0.0,0.0,167.4269271578935
t332,0.0,0.0,0.0,0.0,0.0,0.0,0.0,0.0,0.0,0.0,0.0,0.0,0.0,0.0,0.0,0.0,4.905423639638677,3.7291230729906264,7.358135459458012,0.8509408354475253,4.5049808935457225,8.334214653059584,0.0,10.161234682108685,80.98057266907016,0.0,0.0,22.634940820973323,17.12811797023317,33.914433142834184,3.9117431284568,20.73603638968362,38.357869512052105,137.44270273674908,46.82698327560421,425.9381030625918,0.0,173.93280755542975,1041.648363499927
t333,0.0,0.0,0.0,0.0,0.0,0.0,0.0,0.0,0.0,0.0,0.0,0.0,0.0,0.0,0.0,0.0,6.6331619806339,5.042556811808423,9.949742970950847,1.1506505476609825,6.091679369969906,11.269606834444328,40.37429715763389,13.74012124559879,0.0,0.0,96.31592357290997,18.11112113490127,13.70489199973234,27.136293915212807,3.129942075326898,16.591731777946467,30.691665010487057,109.97340165638875,37.468141542505485,119.30852992147544,0.0,253.55593037888337,820.239389904471
t334,0.0,0.0,0.0,0.0,0.0,0.0,0.0,0.0,0.0,0.0,0.0,0.0,0.0,0.0,0.0,0.0,0.0,0.0,0.0,0.0,6.90905534076289,12.781752380411344,45.79168345294516,15.583758157498519,0.0,0.0,0.0,0.0,0.0,0.0,0.0,13.290973490482811,24.585866713164176,88.09529864845656,30.014231343892504,0.0,0.0,0.0,237.05261952761396
t335,0.0,0.0,0.0,0.0,0.0,0.0,0.0,0.0,0.0,0.0,0.0,0.0,0.0,0.0,0.0,0.0,-0.0,-0.0,-0.0,-0.0,0.0,-0.0,41.118407731065545,-0.0,0.0,0.0,0.0,0.0,-0.0,0.0,-0.0,0.0,0.0,52.43001020683289,0.0,0.0,0.0,90.90707282366064,184.45549076155908
t336,0.0,0.0,0.0,0.0,0.0,0.0,0.0,0.0,0.0,0.0,0.0,0.0,0.0,0.0,0.0,0.0,0.0,0.0,0.0,0.0,0.0,0.0,0.0,0.0,0.0,0.0,0.0,6.877241449573355,5.20408707006306,10.304323178639272,1.1885165592383484,6.300291663535323,11.65438567796827,41.75962551343283,14.227581723697899,0.0,0.0,108.05858730981352,205.57464014596187
t337,0.0,0.0,0.0,0.0,0.0,0.0,0.0,0.0,0.0,0.0,0.0,0.0,0.0,0.0,0.0,0.0,0.0,0.0,0.0,0.0,0.0,0.0,0.0,5.169696801826077,40.701920989907414,0.0,0.0,0.0,0.0,0.0,0.0,0.0,0.0,0.0,7.609309701135591,68.42643936375599,0.0,0.0,121.90736685662507
t338,0.0,0.0,0.0,0.0,0.0,0.0,0.0,0.0,0.0,0.0,0.0,0.0,0.0,0.0,0.0,0.0,0.0,0.0,0.0,0.0,0.0,0.0,0.0,2.1893345862722837,17.06212194393664,0.0,0.0,2.3753688515769755,1.7974687115121075,3.5590677591581192,0.41050837535642376,2.1760929412097796,4.025373389417358,14.42359039237764,4.914143949655052,43.698128542488135,0.0,0.0,96.63119944296051
t339,0.0,0.0,0.0,0.0,0.0,0.0,0.0,0.0,0.0,0.0,0.0,0.0,0.0,0.0,0.0,0.0,0.0,0.0,0.0,0.05040997374052201,0.0,0.0,0.0,0.0,0.0,0.0,-0.0,1.1206337333057308,0.847996331746451,1.6790703420168083,0.19366656800417836,1.0266208362163243,1.8990605212060205,6.804653491331274,2.3183580422247756,20.670951285162726,62.6023636334728,10.36403635323586,109.57782111166347
t340,0.0,0.0,0.0,0.0,0.0,0.0,0.0,0.0,0.0,0.0,0.0,0.0,0.0,0.0,0.0,0.0,0.0,0.0,0.0,0.057086374503769806,0.0,0.0,0.0,0.681678472015604,5.332059784980115,0.0,0.0,1.4336125228400747,1.0848309526860298,2.1480133941211186,0.24775518431632168,1.3133430158904043,2.4294440403833484,8.705106913017165,2.96584604137888,26.51065572694902,71.06087092837204,21.27424177186853,145.24454512332244
t341,0.0,0.0,0.0,0.0,0.0,0.0,0.0,0.0,0.0,0.0,0.0,0.0,0.0,0.0,0.0,0.0,1.4874991254433159,1.1308029065870104,2.2312486881649733,0.2580355625769017,1.3660706254071266,2.527230657003184,9.054012533948345,3.081248188418297,0.0,0.0,20.35167329924057,0.7500493083348316,0.5675708692265254,1.123815490508397,0.1296226153665901,0.6871257086423124,1.2710567137888928,4.554410145744557,1.5516959684175293,14.112033341697634,42.910061916285805,10.885588218392208,120.030851883195
t342,0.0,0.0,0.0,0.0,0.0,0.0,0.0,0.0,0.0,0.0,0.0,0.0,0.0,0.0,0.0,0.0,2.2739359571565276,1.7286553960016457,3.410903935734791,0.39445827828225477,2.088308532082525,3.8633707843526714,13.840844882080292,4.710295911252807,38.023015901014304,160.2971713604582,30.06572665964297,2.987526810024686,2.2606956230220363,4.476277586161149,0.5163007742156757,2.736895366230669,5.062755164639149,18.14070390181097,6.1805714039604664,57.066935386950256,149.1021912503956,41.91076502180002,551.1383058872697
t343,0.0,0.0,0.0,0.0,0.0,0.0,0.0,0.0,0.0,0.0,0.0,0.0,0.0,0.0,0.0,0.0,11.64225056154981,8.850486396280212,17.46337584232471,2.0195740770035386,10.691862760606968,19.77994610712289,70.86329040780062,0.0,195.50296313668184,755.5476450975817,0.0,7.904062425375544,5.981094217859682,11.842831788356309,1.3659705198216125,7.240969940025247,13.394468204076006,47.99463408965452,16.35186068873833,152.04736501636333,398.24861342108767,0.0,1754.7332646983102
t344,0.0,240.0,1166.7,0.0,3693.0,2387.134354195273,0.0,0.0,-0.0,0.0,763.9570818964753,-0.0,-0.0,0.0,0.0,2698.1810777007304,0.0,0.0,0.0,0.0,0.0,0.0,0.0,22.82301945805339,181.57671002879303,0.0,0.0,0.0,0.0,0.0,0.0,0.0,0.0,0.0,30.586669626424268,279.40205999407624,0.0,0.0,11463.360972899825
t345,50.381484657318396,240.0,1166.7,0.0,3693.0,3565.968517592256,-0.0,-0.0,429.06505838891013,-0.0,3360.2000897168127,-0.0,104.80825634240526,0.0,0.0,22683.438759451485,0.0,0.0,0.0,0.0,0.0,0.0,0.0,17.11281150682991,133.68893955657813,0.0,0.0,0.0,0.0,-0.0,0.0,-0.0,0.0,0.0,33.79383573015496,303.51064220173004,0.0,0.0,35781.66839514448
t346,0.0,240.0,1166.7,0.0,3693.0,3189.717150826472,-0.0,-0.0,0.0,-0.0,1817.3725793033946,1062.4848197872882,104.80825634240526,108.80330072435504,0.0,13978.654409289518,0.0,0.0,0.0,0.0,0.0,0.0,-0.0,0.0,0.0,0.0,87.59786155016884,0.0,0.0,0.0,0.0,0.0,0.0,-0.0,0.0,0.0,0.0,0.0,25449.1383778236
t347,0.0,240.0,1166.7,-0.0,3693.0,1142.9478927817518,-0.0,-0.0,0.0,-0.0,2243.570351420747,382.8978633369457,0.0,0.0,5027.311787828172,30181.142273479498,0.0,0.0,0.0,0.0,0.0,0.0,0.0,0.0,0.0,0.0,0.0,0.0,0.0,0.0,2.910292770786646,0.0,-0.0,0.0,0.0,0.0,0.0,0.0,44080.4804616179
t348,0.0,240.0,1166.7,-0.0,3693.0,1313.8471722324696,-0.0,-0.0,0.0,-0.0,2859.2358234861317,1255.095428218884,0.0,333.39098911962583,8026.704260377342,0.0,0.0,0.0,0.0,0.0,0.0,0.0,0.0,11.596910863424709,0.0,0.0,0.0,0.0,-0.0,0.0,-0.0,-0.0,0.0,0.0,-0.0,0.0,0.0,0.0,18899.57058429788
t349,0.0,240.0,1166.7,454.95729929408236,3693.0,2206.9093529668307,0.0,0.0,0.0,-0.0,4126.213111786967,877.5757713772391,0.0,190.6033202696284,7012.136656364254,0.0,0.0,0.0,0.0,0.0,0.0,0.0,0.0,0.0,0.0,0.0,0.0,0.0,0.0,0.0,0.0,0.0,0.0,0.0,0.0,0.0,0.0,0.0,19968.095512059
t350,0.0,240.0,1166.7,0.0,3693.0,1388.188351285,0.0,0.0,0.0,-0.0,6687.672383690387,0.0,104.80825634240526,0.0,6913.307571066493,27342.41110104852,0.0,0.0,0.0,0.0,0.0,0.0,0.0,0.0,0.0,0.0,0.0,0.0,0.0,0.0,0.0,0.0,0.0,0.0,0.0,0.0,0.0,0.0,47536.0876634328
t351,0.0,240.0,1166.7,0.0,3693.0,546.0362292251771,0.0,0.0,0.0,0.0,7425.528024829158,0.0,0.0,0.0,5696.108180747017,0.0,0.0,0.0,0.0,0.0,0.0,0.0,0.0,0.0,0.0,229.07164488161763,0.0,0.0,0.0,0.0,0.0,0.0,0.0,0.0,0.0,0.0,0.0,0.0,18996.44407968297
t352,0.0,240.0,1166.7,0.0,3693.0,801.1548661773382,0.0,0.0,0.0,0.0,7425.528024829158,0.0,0.0,-0.0,4304.949877888371,23150.446144870417,0.0,0.0,0.0,0.0,0.0,0.0,0.0,0.0,0.0,0.0,0.0,0.0,0.0,0.0,0.0,0.0,0.0,0.0,0.0,-0.0,0.0,0.0,40781.77891376529
t353,0.0,240.0,1166.7,1490.0,3693.0,140.2860524380171,0.0,0.0,355.19677777587617,0.0,3828.7841953169727,1539.9741707588485,0.0,0.0,1839.1930842925317,19919.83509941004,0.0,0.0,0.0,0.0,0.0,0.0,0.0,0.0,0.0,0.0,0.0,-0.0,0.0,0.0,0.0,0.0,-0.0,0.0,-0.0,0.0,0.0,0.0,34212.96937999229
t354,0.0,240.0,1166.7,0.0,3693.0,0.0,-0.0,-0.0,-0.0,-0.0,1444.632859644461,-0.0,11.39510087625496,0.0,0.0,16427.72968520037,0.0,0.0,0.0,0.0,0.0,0.0,0.0,8.828992720973778,0.0,0.0,0.0,0.0,0.0,0.0,0.0,0.0,0.0,0.0,106.07286517950855,0.0,0.0,0.0,23098.359503621567
t355,0.0,240.0,0.0,0.0,3693.0,0.0,-0.0,0.0,0.0,0.0,0.0,0.0,0.0,0.0,0.0,3133.0615193368358,0.0,0.0,0.0,0.0,0.0,0.0,0.0,0.0,0.0,0.0,0.0,0.0,0.0,0.0,0.0,0.0,0.0,0.0,0.0,0.0,0.0,0.0,7066.061519336836
t356,0.0,0.0,0.0,0.0,0.0,0.0,0.0,0.0,0.0,0.0,0.0,0.0,0.0,0.0,0.0,0.0,0.0,0.0,0.0,0.0,0.0,0.0,0.0,0.0,-0.0,0.0,-0.0,0.0,0.0,0.0,0.0,0.0,0.0,0.0,0.0,0.0,0.0,0.0,0.0
t357,0.0,0.0,0.0,0.0,0.0,0.0,0.0,0.0,0.0,0.0,0.0,0.0,0.0,0.0,0.0,0.0,6.367372259380915,0.0,-0.0,-0.0,0.0,0.0,34.782977259283776,0.0,0.0,0.0,0.0,17.250204017478627,0.0,25.84636273088659,0.0,0.0,0.0,0.0,0.0,0.0,-0.0,0.0,84.24691626702992
t358,0.0,0.0,0.0,0.0,0.0,0.0,0.0,0.0,0.0,0.0,0.0,0.0,0.0,0.0,0.0,0.0,0.0,0.0,0.0,0.0,0.0,0.0,0.0,0.0,0.0,0.0,0.0,0.0,0.0,0.0,0.0,0.0,0.0,0.0,17.305077063452252,256.1833439403886,0.0,0.0,273.48842100384087
t359,0.0,0.0,0.0,0.0,0.0,0.0,0.0,0.0,0.0,0.0,0.0,0.0,0.0,0.0,0.0,0.0,0.0,0.0,0.0,0.0,0.0,0.0,0.0,0.0,0.0,0.0,0.0,0.0,0.0,0.0,0.0,0.0,0.0,0.0,19.223858372085914,171.49772888535418,0.0,0.0,190.7215872574401
t360,0.0,0.0,0.0,0.0,0.0,0.0,0.0,0.0,0.0,0.0,0.0,0.0,0.0,0.0,0.0,0.0,0.0,0.0,0.0,0.0,0.0,0.0,0.0,11.288767922468292,0.0,0.0,0.0,0.0,0.0,0.0,0.0,0.0,0.0,0.0,13.795680976088759,122.3925650344966,0.0,0.0,147.47701393305366
t361,0.0,0.0,0.0,0.0,0.0,0.0,0.0,0.0,0.0,0.0,0.0,0.0,0.0,0.0,0.0,0.0,0.0,0.0,0.0,0.0,0.0,0.0,0.0,0.0,0.0,0.0,0.0,0.0,0.0,0.0,0.0,0.0,0.0,0.0,0.0,0.0,0.0,0.0,0.0
t362,0.0,0.0,0.0,0.0,0.0,0.0,0.0,0.0,0.0,0.0,0.0,0.0,0.0,0.0,0.0,0.0,0.0,0.0,0.0,0.0,0.0,0.0,0.0,0.0,0.0,0.0,0.0,3.2638443383302636,2.469788249306961,4.890290258605579,0.5640536356510356,2.99003189383947,5.531011378714037,19.818544732243662,6.7522148811429785,56.90108082629541,210.32724314317684,49.36718107714376,362.87528441445
t363,0.0,0.0,0.0,0.0,0.0,0.0,0.0,0.0,0.0,0.0,0.0,0.0,0.0,0.0,0.0,0.0,0.0,0.0,0.0,0.0,0.0,0.0,0.0,0.0,0.0,0.0,0.0,2.717409114140925,2.0562944806670425,4.07155425994605,0.4696193603297236,2.489438550874069,4.605005377990493,16.50050936925504,5.621754090160672,47.782931861020685,156.4847678913156,40.43043472070067,283.22971907640095
t364,0.0,0.0,0.0,0.0,0.0,0.0,0.0,0.0,0.0,0.0,0.0,0.0,0.0,0.0,0.0,0.0,0.0,0.0,0.0,0.04248761094197788,0.0,0.0,0.0,0.0,0.0,0.0,0.0,1.9260352479453107,1.4574528470190187,2.8858212691529563,0.3328550847959178,1.7644551096948655,3.2639187926589996,11.695170406567247,3.9845662092559864,34.16147515045063,113.55000452147853,28.28166495394435,203.3459072039058
t365,0.0,0.0,0.0,0.0,0.0,0.0,0.0,0.0,0.0,0.0,0.0,0.0,0.0,0.0,0.0,0.0,0.3739275287069279,0.2842612335578176,0.5608912930603918,0.06486497946956912,0.34340283248595416,0.6352952400990153,2.275997661976352,0.7745641666072078,5.862850833196994,26.75228986656017,5.099204389762112,0.3632992026262302,0.2749126516517279,0.5443392415188314,0.06278492931292233,0.33282108160053975,0.6156580447189471,2.2060063998394743,0.7515904644935265,6.476942642371428,29.814921908309305,5.237902645616876,89.70872923754231
t366,0.0,0.0,0.0,0.0,0.0,0.0,-0.0,0.0,0.0,0.0,0.0,0.0,0.0,0.0,0.0,0.0,0.9648709230973248,0.7334988139872518,1.4473063846459868,0.16737556829239306,0.8861059497832571,1.639296007099026,5.872913322730144,1.9986611978444577,15.217341061565637,70.77867059565165,12.951664077447916,1.107981189174291,0.838422007244304,1.6601127549205394,0.19147997061233551,1.0150297471294678,1.8776191293054258,6.727825375204293,2.292182560825337,19.850459545805847,59.52369179766267,15.74595618820789,223.48846416823744
t367,1830.0,-0.0,1161.410223075334,874.4592641058568,0.0,613.2584738913465,0.0,0.0,0.0,0.0,0.0,0.0,0.0,-0.0,0.0,0.0,6.436960794284278,4.893403869124271,9.655441191426414,1.1166156479880889,5.911494606995764,10.936265022942163,39.180072589699705,13.333704502446002,102.27562114645892,439.9815563034347,0.0,2.208076234013988,1.6708764790944777,3.308409525124986,0.38159706728765236,2.022834939214157,3.741874154956591,13.40776491761178,4.568050329763838,39.853199996967554,122.65899615303799,0.0,5306.67077654441
t368,1830.0,240.0,1166.7,1490.0,3693.0,1946.5484964657558,-0.0,-0.0,355.19677777587617,-0.0,0.0,1863.9881596043276,104.80825634240526,362.9124462181943,4945.278292339657,3675.7465412645543,0.0,0.0,0.0,0.0,0.0,0.0,0.0,0.0,0.0,0.0,-0.0,0.0,0.0,0.0,0.0,0.0,0.0,0.0,0.0,0.0,0.0,0.0,21674.17897001077
t369,1830.0,240.0,1166.7,1490.0,3693.0,3565.968517592256,-0.0,-0.0,0.0,-0.0,7425.528024829158,0.0,104.80825634240526,0.0,7124.517572313772,18940.305586401995,-0.0,0.0,-0.0,0.0,0.0,-0.0,0.0,0.0,0.0,0.0,0.0,0.0,0.0,0.0,0.0,0.0,-0.0,0.0,0.0,0.0,0.0,0.0,45580.82795747959
t370,1830.0,240.0,1166.7,1490.0,3693.0,3565.968517592256,-0.0,-0.0,429.06505838891013,-0.0,7425.528024829158,917.5434192413096,0.0,269.8851638954155,5714.105084282097,23384.28310576931,0.0,0.0,0.0,0.0,0.0,0.0,0.0,0.0,0.0,0.0,0.0,0.0,0.0,-0.0,0.0,0.0,0.0,0.0,-0.0,0.0,0.0,0.0,50126.07837399846
t371,1830.0,240.0,1166.7,1490.0,3693.0,3565.968517592256,-0.0,-0.0,0.0,-0.0,4515.395578719411,615.8086061289114,0.0,0.0,8166.175814682724,28030.167029091957,0.0,0.0,0.0,0.0,0.0,0.0,0.0,0.0,0.0,0.0,0.0,0.0,0.0,0.0,0.0,0.0,0.0,0.0,0.0,296.4607327562276,0.0,0.0,53609.676278971485
t372,1830.0,240.0,1166.7,1490.0,3693.0,0.0,-0.0,-0.0,-0.0,-0.0,5898.280436115296,0.0,0.0,0.0,8166.175814682724,10577.880014815737,0.0,0.0,0.0,0.0,0.0,0.0,0.0,0.0,0.0,0.0,0.0,0.0,0.0,0.0,0.0,0.0,0.0,0.0,0.0,0.0,0.0,0.0,33062.03626561376
t373,1830.0,240.0,1166.7,1490.0,3693.0,0.0,-0.0,-0.0,0.0,-0.0,7425.528024829158,0.0,0.0,0.0,0.0,28918.377542134585,0.0,0.0,0.0,0.0,0.0,0.0,0.0,0.0,0.0,0.0,0.0,0.0,0.0,-0.0,-0.0,0.0,0.0,0.0,0.0,0.0,0.0,0.0,44763.60556696374
t374,1830.0,240.0,1166.7,1490.0,3693.0,0.0,-0.0,-0.0,0.0,-0.0,4301.331081772313,1720.6878685046568,0.0,0.0,0.0,0.0,0.0,0.0,0.0,0.0,0.0,0.0,0.0,0.0,0.0,0.0,0.0,0.0,-0.0,0.0,0.0,0.0,0.0,-0.0,0.0,0.0,0.0,0.0,14441.718950276969
t375,1830.0,240.0,1166.7,1490.0,3693.0,3565.968517592256,-0.0,-0.0,0.0,-0.0,2826.1824203256842,0.0,0.0,0.0,4283.038561334077,22804.80130574841,0.0,0.0,0.0,0.0,0.0,0.0,0.0,0.0,0.0,0.0,-0.0,-0.0,0.0,0.0,0.0,-0.0,0.0,0.0,0.0,0.0,0.0,0.0,41899.69080500043
t376,1830.0,240.0,1166.7,1490.0,3693.0,616.7195351448772,-0.0,-0.0,0.0,-0.0,2164.9209345004824,0.0,104.80825634240526,0.0,0.0,0.0,0.0,0.0,0.0,0.0,0.0,0.0,0.0,0.0,0.0,0.0,0.0,0.0,0.0,0.0,0.0,0.0,0.0,0.0,0.0,0.0,-0.0,0.0,11306.148725987765
t377,1830.0,240.0,1166.7,1490.0,3693.0,0.0,-0.0,-0.0,0.0,-0.0,0.0,0.0,11.39510087625496,-0.0,420.4202789291309,13396.203944424942,0.0,0.0,0.0,0.0,0.0,0.0,0.0,0.0,0.0,0.0,0.0,0.0,0.0,0.0,0.0,0.0,0.0,0.0,0.0,0.0,0.0,0.0,22247.71932423033
t378,0.0,0.0,0.0,0.0,3693.0,0.0,0.0,0.0,0.0,0.0,0.0,0.0,0.0,0.0,0.0,6975.979909840232,0.0,0.0,0.0,0.0,0.0,0.0,0.0,0.0,0.0,0.0,0.0,0.0,0.0,0.0,0.0,0.0,0.0,0.0,0.0,0.0,0.0,0.0,10668.979909840233
t379,0.0,0.0,0.0,0.0,0.0,0.0,-0.0,0.0,0.0,0.0,0.0,0.0,0.0,0.0,0.0,0.0,0.0,0.0,0.0,0.0,0.0,0.0,0.0,0.0,0.0,0.0,0.0,0.0,0.0,0.0,-0.0,-0.0,0.0,0.0,16.375706525770916,0.0,0.0,0.0,16.375706525770916
t380,0.0,0.0,0.0,0.0,0.0,0.0,0.0,0.0,0.0,0.0,0.0,0.0,0.0,0.0,0.0,0.0,0.0,0.0,-0.0,-0.0,6.036596771918547,11.167704028049315,40.009221938326824,0.0,0.0,0.0,0.0,0.0,-0.0,0.0,0.0,0.0,0.0,0.0,71.91750404779263,-0.0,0.0,0.0,129.13102678608732
t381,0.0,0.0,0.0,0.0,0.0,0.0,0.0,0.0,0.0,0.0,0.0,0.0,0.0,0.0,0.0,0.0,-0.0,0.0,0.0,0.0,-0.0,-0.0,8.222471886165877,0.0,0.0,-0.0,0.0,0.0,0.0,0.0,0.0,0.0,0.0,0.0,63.29508201893457,0.0,0.0,0.0,71.51755390510044
t382,0.0,0.0,0.0,0.0,0.0,0.0,-0.0,0.0,0.0,0.0,0.0,0.0,0.0,0.0,0.0,0.0,0.0,0.0,0.0,0.0,0.0,0.0,0.0,15.628348641384099,0.0,0.0,0.0,0.0,0.0,-0.0,0.0,0.0,0.0,0.0,54.65212264026033,0.0,0.0,0.0,70.28047128164442
t383,0.0,0.0,0.0,0.0,0.0,0.0,0.0,0.0,0.0,0.0,0.0,0.0,0.0,0.0,0.0,0.0,0.0,0.0,0.0,0.0,0.0,0.0,0.0,14.092796146924863,0.0,0.0,0.0,0.0,-0.0,0.0,0.0,0.0,0.0,-0.0,44.15626682114893,0.0,0.0,0.0,58.249062968073794
t384,0.0,0.0,0.0,0.0,0.0,0.0,0.0,0.0,0.0,0.0,0.0,0.0,0.0,0.0,0.0,0.0,0.0,0.0,0.0,0.0,0.0,0.0,0.0,10.69839267446353,0.0,0.0,0.0,0.0,0.0,0.0,0.0,0.0,0.0,0.0,30.851409719459753,0.0,0.0,0.0,41.54980239392329
t385,0.0,0.0,0.0,0.0,0.0,0.0,0.0,0.0,0.0,0.0,0.0,0.0,0.0,0.0,0.0,0.0,3.2728102574337847,2.488003716110377,4.909215386150676,0.5677323915956566,3.0056420731534756,5.560437835333929,19.920727740400537,6.77939267611284,52.529663171906066,242.03905551267977,51.74501099847531,6.911013435453042,5.229642717096179,10.354924493052964,1.1943529930397037,6.33123042912309,11.711616727865055,41.96469399816201,14.297448936096645,126.49012870556919,419.17502541834386,119.11177477347073,1155.5895443866248
t386,0.0,0.0,0.0,0.0,0.0,0.0,0.0,0.0,0.0,0.0,0.0,0.0,0.0,0.0,0.0,0.0,0.0,0.0,0.0,0.0,0.0,0.0,0.0,0.0,0.0,0.0,0.0,2.8128759077868626,2.128535292637374,4.214594271230986,0.48611781627860207,2.5768963853215214,4.766786353799884,17.080197836041364,0.0,0.0,0.0,0.0,34.0660038630966
t387,0.0,0.0,0.0,0.0,0.0,0.0,0.0,0.0,0.0,0.0,0.0,0.0,0.0,0.0,0.0,0.0,0.0,0.0,0.0,0.0,0.0,0.0,0.0,0.0,0.0,0.0,19.59460501291304,2.3304337426344746,1.7634658018928657,3.491740490222459,0.4027427441130048,2.134927556171851,3.949224966544999,14.150737776164702,0.0,0.0,0.0,0.0,47.8178780906574
t388,0.0,0.0,0.0,0.0,0.0,0.0,0.0,0.0,0.0,0.0,0.0,0.0,0.0,0.0,0.0,0.0,0.0,0.0,0.0,0.0,0.0,0.0,0.0,0.0,0.0,0.0,0.0,1.6569168266238792,1.2538078671264592,2.4825951781461817,0.2863463643326503,1.5179137371420104,2.8078624075337553,10.061043616697683,0.0,0.0,0.0,0.0,20.06648599760262
t389,432.9754201963465,-0.0,0.0,1456.5811367187248,-0.0,0.0,0.0,0.0,0.0,0.0,0.0,0.0,0.0,0.0,-0.0,954.7545147026794,0.0,0.0,1.0147702733277588,0.11735438535082926,0.6212879224455667,1.1493826565242984,4.117758285986452,0.0,0.0,0.0,0.0,0.31171134011396695,0.23587552750234747,0.46704400456673234,0.05386957723446073,0.28556105990306374,0.528235660260246,1.8927572816651783,0.0,0.0,0.0,0.0,2855.1066795926317
t390,0.0,-0.0,0.0,0.0,1231.2888916149748,0.0,0.0,0.0,0.0,0.0,0.0,0.0,0.0,0.0,442.83859742075083,0.0,1.4641012812341192,1.113015769917774,2.1961519218511785,0.2539767528671431,1.3445828092966396,2.487478197198784,8.911596063838285,0.0,0.0,0.0,0.0,0.9468743149480685,0.7165105973851995,1.4187227571285657,0.16363767523431386,0.8674385502712171,1.6046024464723978,5.749560647310503,0.0,0.0,0.0,0.0,1703.36573882068
t391,1335.5139029794607,240.0,1166.7,1490.0,3693.0,0.0,0.0,0.0,229.9020032728069,0.0,-0.0,0.0,0.0,0.0,0.0,1368.676987935356,4.094112003165924,3.112360655467973,0.0,0.0,0.0,0.0,0.0,0.0,0.0,0.0,0.0,1.935595810853957,1.4646874340522396,0.0,0.0,0.0,0.0,0.0,0.0,0.0,0.0,0.0,9534.399650091163
t392,1067.5966710970374,240.0,1166.7,1431.704820260104,-0.0,0.0,-0.0,-0.0,120.1331378338461,0.0,0.0,1863.9881596043276,104.80825634240526,0.0,0.0,11375.212629445094,0.0,0.0,0.0,0.0,0.0,0.0,47.498455172009635,0.0,0.0,0.0,0.0,0.0,0.0,0.0,0.0,0.0,0.0,0.0,0.0,0.0,0.0,0.0,17417.642129754822
t393,790.1761352108481,240.0,1166.7,1490.0,3693.0,0.0,-0.0,-0.0,429.06505838891013,0.0,0.0,1863.9881596043276,104.80825634240526,0.0,0.0,1253.7271396484139,0.0,0.0,-0.0,-0.0,-0.0,0.0,0.0,0.0,0.0,-0.0,-0.0,0.0,0.0,0.0,0.0,0.0,0.0,0.0,0.0,0.0,0.0,0.0,11031.464749194905
t394,87.45027196675937,240.0,1166.7,1490.0,2186.2207322384857,0.0,-0.0,-0.0,5.161636669223081,0.0,0.0,0.0,0.0,0.0,0.0,0.0,-0.0,-0.0,0.0,0.0,0.0,0.0,-0.0,-0.0,0.0,0.0,0.0,0.0,0.0,0.0,0.0,0.0,0.0,0.0,0.0,0.0,0.0,0.0,5175.532640874469
t395,1830.0,240.0,1166.7,1490.0,3693.0,0.0,-0.0,0.0,0.0,0.0,4.6793211287363,0.0,0.0,0.0,0.0,16788.985685360112,0.0,0.0,0.0,0.0,0.0,0.0,0.0,0.0,0.0,0.0,0.0,-0.0,-0.0,0.0,0.0,0.0,0.0,0.0,0.0,0.0,0.0,0.0,25213.36500648885
t396,139.41481047286607,240.0,1166.7,1490.0,3693.0,0.0,-0.0,-0.0,0.0,0.0,799.6501995190081,0.0,0.0,0.0,0.0,0.0,0.0,0.0,0.0,0.0,0.0,0.0,0.0,0.0,0.0,0.0,-0.0,0.0,0.0,0.0,-0.0,0.0,-0.0,0.0,0.0,-0.0,0.0,0.0,7528.765009991874
t397,1830.0,240.0,1166.7,1490.0,3693.0,0.0,-0.0,0.0,0.0,0.0,1030.0288876246232,0.0,0.0,0.0,3289.0271140639447,0.0,0.0,0.0,0.0,0.0,0.0,0.0,0.0,0.0,0.0,-0.0,0.0,0.0,0.0,-0.0,0.0,-0.0,0.0,0.0,0.0,0.0,0.0,0.0,12738.756001688567
t398,785.8128700691109,240.0,1166.7,910.2059525572606,1949.2468623918162,0.0,-0.0,0.0,0.0,0.0,0.0,0.0,0.0,0.0,6436.216354475555,0.0,0.0,0.0,0.0,0.0,0.0,0.0,0.0,0.0,0.0,0.0,0.0,0.0,0.0,0.0,0.0,0.0,0.0,0.0,0.0,0.0,0.0,0.0,11488.182039493742
t399,557.1151001410908,240.0,1166.7,0.0,3693.0,0.0,-0.0,-0.0,0.0,0.0,640.0073053556574,0.0,0.0,0.0,0.0,0.0,0.0,0.0,0.0,0.0,0.0,0.0,0.0,0.0,0.0,0.0,0.0,0.0,0.0,0.0,0.0,0.0,0.0,0.0,0.0,-0.0,-0.0,0.0,6296.822405496749
t400,461.61254907972534,240.0,1166.7,1490.0,3693.0,0.0,-0.0,-0.0,0.0,0.0,0.0,303.58095124343674,0.0,0.0,0.0,0.0,0.0,4.5103872166195975,0.0,0.0,0.0,0.0,0.0,0.0,0.0,-0.0,0.0,0.0,0.0,-0.0,0.0,0.0,0.0,0.0,0.0,0.0,0.0,0.0,7359.403887539782
t401,1830.0,240.0,1166.7,1490.0,3693.0,0.0,-0.0,-0.0,0.0,0.0,4246.254771447053,0.0,104.80825634240526,0.0,0.0,0.0,0.0,0.0,0.0,0.0,0.0,0.0,0.0,0.0,0.0,0.0,0.0,0.0,0.0,0.0,0.0,0.0,0.0,179.88663506350247,0.0,0.0,0.0,-0.0,12950.64966285296
t402,963.6399380203936,240.0,1166.7,1490.0,3693.0,0.0,-0.0,-0.0,0.0,0.0,-0.0,1086.4707830271136,11.39510087625497,0.0,-0.0,0.0,0.0,0.0,0.0,0.0,0.0,0.0,0.0,0.0,0.0,0.0,0.0,0.0,0.0,0.0,-0.0,-0.0,-0.0,0.0,0.0,0.0,0.0,0.0,8651.205821923762
t403,0.0,0.0,802.8131097892726,0.0,3693.0,0.0,0.0,0.0,0.0,0.0,0.0,0.0,0.0,0.0,0.0,-0.0,0.0,0.0,0.0,0.0,0.0,0.0,0.0,0.0,0.0,0.0,0.0,0.0,0.0,0.0,0.0,0.0,0.0,0.0,0.0,0.0,0.0,0.0,4495.813109789273
t404,153.45276906849745,0.0,0.0,0.0,0.0,0.0,0.0,0.0,0.0,0.0,0.0,0.0,0.0,0.0,0.0,0.0,0.0,0.0,0.0,0.0,0.0,0.0,0.0,16.238834650285877,0.0,0.0,0.0,0.0,0.0,0.0,0.0,0.0,0.0,0.0,65.10443389266392,582.8298003203632,1879.6749622636426,0.0,2697.300800195453
t405,67.82351802979088,0.0,0.0,0.0,0.0,0.0,0.0,0.0,0.0,0.0,0.0,0.0,0.0,0.0,0.0,0.0,0.0,0.0,0.0,0.0,-0.0,-0.0,-0.0,13.96543528585753,0.0,0.0,0.0,28.206616193415943,21.344268294011062,42.26259775288664,4.874633335439333,25.840289331552196,47.799802609647834,171.2747382616985,58.35362041356017,518.144974400175,1684.4417548640286,440.3229717309399,3124.6552205030034
t406,689.9880247292292,0.0,0.0,0.0,0.0,0.0,0.0,0.0,0.0,0.0,0.0,0.0,0.0,0.0,0.0,0.0,0.0,0.0,0.0,-0.0,0.0,0.0,0.0,14.292842101309608,111.10019807629779,508.5528266968138,102.36543308262736,23.937372178761844,18.113682638626837,35.86589489200391,4.136827742302803,21.929203371818744,40.565009900250786,145.35125824654216,49.52144277921705,438.0681864318916,1417.5592396516797,0.0,3621.3474425193735
t407,1365.0081559277983,0.0,0.0,0.0,0.0,0.0,0.0,0.0,0.0,0.0,0.0,0.0,0.0,0.0,0.0,0.0,0.0,0.0,0.0,0.0,0.0,0.0,0.0,11.578025209943375,88.89640914867906,410.6970110687416,0.0,19.087531145227874,14.443752594794919,28.599270658873305,3.2986840737558243,17.486228196802717,32.34631955818818,115.90230740701288,39.48813070816438,345.8848130724279,1112.1191485526417,-0.0,3604.8357873230516
t408,1830.0,0.0,0.0,0.0,0.0,0.0,0.0,0.0,0.0,0.0,0.0,0.0,0.0,0.0,0.0,0.0,5.203953542659062,3.9560667237561233,7.80593031398859,0.9027266349510616,4.779141008564444,8.841410865844221,31.6750845734299,10.77961805265091,82.33960408679455,368.8862048418046,0.0,13.122868494125655,9.930224313507837,19.662284505460082,2.267878280025071,12.02195670770572,22.23841808568274,79.68399510107507,27.148484653115663,237.15460516480596,763.5563368048479,0.0,3541.9567927547955
t409,0.0,0.0,0.0,0.0,0.0,0.0,0.0,0.0,0.0,0.0,0.0,0.0,0.0,0.0,0.0,0.0,1.589574328448886,1.2084008925453262,2.384361492673328,0.27574248554725567,0.0,0.0,0.0,0.0,0.0,0.0,22.748519469231308,3.0595397811965133,2.3151886599322613,4.58417621578605,0.5287459688980553,0.0,0.0,0.0,0.0,0.0,0.0,47.019360720793905,85.7136100150529
t410,0.0,0.0,0.0,0.0,0.0,0.0,0.0,0.0,0.0,0.0,0.0,0.0,0.0,0.0,0.0,0.0,1.1391079249207303,0.8659544939448408,0.0,0.0,0.0,0.0,0.0,0.0,0.0,0.0,0.0,1.9282141841187634,1.4591016728818162,2.889086017479959,0.333231645913142,1.7664512492094715,3.2676112851677037,11.708401228734573,3.989073974863146,34.637767338716856,0.0,28.43856885058434,92.42256986653534
t411,0.0,0.0,0.0,0.0,0.0,0.0,0.0,0.0,0.0,0.0,0.0,0.0,0.0,0.0,0.0,0.0,0.0,0.0,0.0,0.0,0.0,0.0,0.0,0.0,0.0,0.0,0.0,0.8895395499044747,0.6731247265216748,1.3328168088333823,0.15372915040295454,0.814913748737992,1.5074411835629522,5.401415488430023,1.8402722567654652,15.982528337365443,54.00454770906191,12.850851228310017,95.4511801878963
t412,0.0,0.0,0.0,0.0,0.0,0.0,0.0,0.0,0.0,0.0,0.0,0.0,0.0,0.0,0.0,0.0,0.0,0.0,0.0,0.06736201415919563,0.0,0.0,0.0,0.0,0.0,0.0,0.0,1.1241038851955472,0.850622235273812,1.6842697474490333,0.19426627546164663,1.029799867981156,1.9049411477307097,6.825724765977661,2.325537064506896,20.298051090487768,60.33142044341476,16.0124101085198,112.64850864615798
t413,0.0,0.0,0.0,0.0,0.0,0.0,0.0,0.0,0.0,0.0,0.0,0.0,0.0,0.0,0.0,0.0,1.3902117241032266,1.0568446269968408,2.0853175861548396,0.24115917663015157,1.276725052747861,2.3619413475835427,8.461849932934435,2.879724285642398,22.034603182786093,0.0,17.991890127775733,0.5802386731154593,0.4390732241192486,0.8693844548525254,0.10027614652834282,0.5315609320822833,0.9832903688701576,3.523294895981287,1.200393093878123,10.554986433184935,36.42257247964032,8.07563834618126,123.06097609178907
t414,0.0,0.0,0.0,0.0,0.0,0.0,0.0,0.0,0.0,0.0,0.0,0.0,0.0,0.0,0.0,0.0,3.4732041992168208,2.640344008588298,5.209806298825231,0.6024946059865914,3.1896773258113664,5.900903052751027,21.140472498294223,7.194494412663414,55.64079374493676,249.8386539738352,42.922829085332566,2.286190371568999,1.729986338217481,3.4254496674683157,0.39509665817383716,2.094395877309855,3.8742487840347133,13.882085494476856,4.7296522284304965,41.94262057348514,124.50973283656232,30.376945109016287,627.0000771449859
t415,604.1793326656796,0.0,662.8020633195258,1490.0,0.0,0.0,0.0,0.0,0.0,0.0,0.0,0.0,0.0,0.0,-0.0,0.0,14.074147136561175,10.699224098712321,21.11122070484176,2.4414336869544893,12.92523716622965,23.91168875752485,85.66559966284429,29.153590497162433,227.1773653409346,958.3760246763891,0.0,6.196142621907391,4.688691816242002,9.283817720408221,1.0708098826450694,5.676331999264154,10.500174577393398,37.62389286691753,12.818529954382239,114.67268451125548,338.4112221447903,0.0,4683.459225808566
t416,1830.0,240.0,1166.7,1490.0,3693.0,3565.968517592256,-0.0,-0.0,429.06505838891013,-0.0,-0.0,-0.0,104.80825634240526,362.9124462181943,-0.0,1393.6290805670178,0.0,-0.0,-0.0,-0.0,-0.0,-0.0,0.0,-0.0,0.0,0.0,0.0,0.0,0.0,0.0,0.0,0.0,0.0,0.0,0.0,0.0,0.0,0.0,14276.083359108783
t417,1830.0,240.0,1166.7,1490.0,3693.0,3565.968517592256,-0.0,-0.0,355.19677777587617,-0.0,5252.173904082612,1292.6566104999927,104.80825634240526,0.0,8166.175814682724,23197.51151300263,0.0,0.0,0.0,0.0,0.0,0.0,-0.0,0.0,0.0,-0.0,0.0,-0.0,0.0,0.0,0.0,0.0,0.0,0.0,0.0,0.0,0.0,0.0,50354.1913939785
t418,1830.0,240.0,1166.7,1490.0,3693.0,2138.9280915191202,-0.0,-0.0,0.0,-0.0,7425.528024829158,777.3696075781124,0.0,181.41461299212008,5100.479545347706,30181.142273479498,-0.0,0.0,0.0,0.0,0.0,10.733965111694008,0.0,0.0,0.0,0.0,0.0,0.0,0.0,-0.0,0.0,0.0,0.0,0.0,0.0,0.0,0.0,0.0,54235.296120857405
t419,1830.0,240.0,1166.7,1490.0,3693.0,0.0,-0.0,-0.0,0.0,-0.0,7425.528024829158,293.0251575219893,0.0,0.0,8166.175814682724,30181.142273479498,0.0,0.0,0.0,0.0,0.0,0.0,0.0,0.0,0.0,0.0,0.0,0.0,0.0,0.0,0.0,0.0,0.0,0.0,0.0,0.0,0.0,0.0,54485.57127051336
t420,1830.0,240.0,1166.7,1490.0,3693.0,0.0,-0.0,-0.0,0.0,-0.0,7425.528024829158,129.88012505949064,104.80825634240526,88.47055090329539,2540.4397358906426,8965.993508875417,0.0,0.0,0.0,0.0,0.0,0.0,0.0,0.0,0.0,0.0,0.0,0.0,-0.0,0.0,-0.0,-0.0,-0.0,0.0,0.0,0.0,0.0,-0.0,27674.820201900406
t421,1830.0,240.0,1166.7,1490.0,3693.0,0.0,-0.0,-0.0,-0.0,-0.0,5388.879194194919,1649.096005501715,0.0,0.0,2720.8657147218296,30181.142273479498,0.0,0.0,0.0,0.0,0.0,0.0,0.0,0.0,0.0,0.0,0.0,0.0,0.0,0.0,0.0,0.0,0.0,-0.0,0.0,0.0,0.0,0.0,48359.68318789796
t422,1830.0,240.0,1166.7,1490.0,3693.0,3565.968517592256,-0.0,-0.0,-0.0,-0.0,5171.54848696935,976.0005473179053,0.0,0.0,8166.175814682724,0.0,0.0,0.0,0.0,0.0,0.0,0.0,0.0,0.0,0.0,0.0,0.0,0.0,0.0,0.0,0.0,0.0,0.0,0.0,0.0,0.0,0.0,0.0,26299.393366562235
t423,1830.0,240.0,1166.7,1490.0,3693.0,3565.968517592256,-0.0,-0.0,-0.0,-0.0,3135.3719435938983,0.0,0.0,0.0,1360.198545100775,0.0,0.0,0.0,0.0,0.0,0.0,0.0,0.0,0.0,0.0,0.0,0.0,0.0,0.0,0.0,0.0,0.0,0.0,0.0,0.0,0.0,0.0,0.0,16481.23900628693
t424,1830.0,240.0,1166.7,1490.0,3693.0,1037.5984139828593,-0.0,-0.0,-0.0,-0.0,758.1369225924043,-0.0,11.39510087625496,-0.0,2599.2004334550547,30181.142273479498,0.0,0.0,0.0,0.0,0.0,0.0,0.0,0.0,0.0,0.0,0.0,0.0,0.0,0.0,0.0,0.0,0.0,0.0,0.0,0.0,-0.0,0.0,43007.17314438607
t425,1830.0,240.0,1166.7,1490.0,3693.0,-0.0,-0.0,-0.0,-0.0,-0.0,-0.0,-0.0,-0.0,-0.0,-0.0,0.0,0.0,0.0,0.0,0.0,0.0,0.0,0.0,0.0,0.0,0.0,0.0,0.0,0.0,0.0,0.0,-0.0,0.0,0.0,0.0,0.0,0.0,0.0,8419.7
t426,0.0,0.0,0.0,0.0,3693.0,0.0,0.0,0.0,0.0,0.0,0.0,0.0,0.0,0.0,0.0,5233.196873424371,0.0,0.0,0.0,0.0,0.0,0.0,28.648458340961298,0.0,0.0,0.0,0.0,0.0,0.0,0.0,0.0,0.0,0.0,268.971295950834,9.055690914710128,0.0,0.0,0.0,9232.872318630878
t427,0.0,0.0,0.0,0.0,0.0,0.0,-0.0,0.0,0.0,0.0,0.0,0.0,0.0,0.0,0.0,0.0,0.0,0.0,6.127030842396266,0.0,0.0,0.0,0.0,0.0,0.0,0.0,0.0,0.0,0.0,52.46908110331878,0.0,0.0,0.0,0.0,72.44611086270108,0.0,0.0,0.0,131.0422228084161
t428,0.0,0.0,0.0,0.0,0.0,0.0,0.0,0.0,0.0,0.0,0.0,0.0,0.0,0.0,0.0,0.0,0.0,0.0,0.0,0.0,0.0,0.0,0.0,0.0,0.0,0.0,3.5907473210882017,0.0,0.0,0.0,0.0,0.0,0.0,0.0,40.21538571985429,0.0,0.0,0.0,43.80613304094249
t429,0.0,0.0,0.0,0.0,0.0,0.0,0.0,0.0,0.0,0.0,0.0,0.0,0.0,0.0,0.0,0.0,0.0,0.0,0.0,0.0,0.0,0.0,0.0,21.775544098920587,0.0,0.0,0.0,0.0,0.0,23.416300015167582,2.7008722301929016,0.0,0.0,0.0,32.331800580852885,0.0,0.0,0.0,80.22451692513395
t430,0.0,0.0,0.0,0.0,0.0,0.0,0.0,0.0,0.0,0.0,0.0,0.0,0.0,0.0,0.0,0.0,0.0,0.0,0.0,0.0,0.0,0.0,0.0,16.99279668312946,0.0,0.0,0.0,12.317070151396681,9.320467513892455,18.454939002008782,2.1286211838823124,0.0,0.0,0.0,25.48145553132904,0.0,0.0,46.450410771635916,131.14576083727465
t431,0.0,0.0,0.0,0.0,0.0,0.0,0.0,0.0,0.0,0.0,0.0,0.0,0.0,0.0,0.0,0.0,0.0,0.0,0.0,0.0,0.0,0.0,0.0,12.322310838597174,0.0,0.0,92.17837161511082,8.275102516853908,6.261864488424686,12.398769375084798,1.4300932201945513,0.0,0.0,0.0,17.119465441746424,0.0,0.0,137.70647224216282,287.6924497381752
t432,0.0,0.0,0.0,0.0,0.0,0.0,0.0,0.0,0.0,0.0,0.0,0.0,0.0,0.0,0.0,0.0,0.0,0.0,5.124755475077288,0.5926587964375097,0.0,0.0,0.0,7.077043275106733,0.0,0.0,52.05506149831297,5.818456732851812,4.402892594825785,8.717922587980986,1.0055386635633168,0.0,0.0,0.0,12.037176428869607,0.0,-0.0,95.18899433961697,192.020500392643
t433,576.4083402406563,0.0,0.0,0.0,1952.8235955912432,0.0,0.0,0.0,0.0,0.0,0.0,0.0,0.0,0.0,0.0,0.0,0.0,0.0,0.0,0.0,0.0,0.0,0.0,0.0,0.0,0.0,0.0,0.0,0.0,0.0,0.0,0.0,0.0,0.0,0.0,0.0,0.0,0.0,2529.2319358318996
t434,1664.1888950835455,-0.0,-0.0,0.0,1364.371012155705,0.0,0.0,0.0,0.0,0.0,0.0,0.0,0.0,0.0,0.0,0.0,0.0,0.0,0.0,0.0,0.0,0.0,0.0,0.0,0.0,0.0,0.0,0.0,0.0,0.0,0.0,0.0,0.0,0.0,0.0,0.0,0.0,0.0,3028.5599072392506
t435,0.0,240.0,117.63352143200308,19.67317717668084,874.8500285443042,0.0,0.0,0.0,0.0,0.0,0.0,0.0,0.0,0.0,0.0,0.0,0.0,0.0,0.0,0.0,0.0,0.0,0.0,0.0,0.0,0.0,0.0,0.8218757445007534,0.6219227529695299,1.2314346306026391,0.14203557329459332,0.7529264370761937,1.3927760099761093,4.990550871389642,0.0,0.0,0.0,0.0,1262.1102491727977
t436,0.0,0.0,1078.4800348009408,568.4153035956132,2942.525185547831,0.0,0.0,0.0,0.0,0.0,0.0,0.0,0.0,0.0,0.0,0.0,0.0,0.0,0.0,0.0,0.0,0.0,0.0,0.0,0.0,0.0,0.0,1.0324637878707397,0.7812771280699725,1.5469633600143797,0.17842914454813116,0.9458476982842683,1.7496450096467233,6.269272564268803,0.0,0.0,0.0,0.0,4601.924422637088
t437,-0.0,68.58522157128523,0.0,754.8012992132127,3693.0,0.0,0.0,0.0,0.0,0.0,0.0,0.0,0.0,0.0,0.0,0.0,0.0,0.0,0.0,0.0,0.0,0.0,0.0,0.0,0.0,0.0,0.0,0.5326115985124716,0.40303327337101474,0.7980237541470423,0.09204529303151777,0.4879294174292108,0.9025800578818733,3.234096266806435,0.0,0.0,0.0,0.0,4522.836840445678
t438,0.0,240.0,-0.0,0.0,0.0,0.0,0.0,0.0,0.0,0.0,0.0,0.0,0.0,0.0,0.0,287.7614410658498,3.1439323247504727,2.390030185652145,4.715898487125709,0.5453760155179391,2.8872847880361485,5.341476857866874,19.136281956261804,0.0,0.0,0.0,0.0,2.0917468973739353,1.5828487428114846,3.1341107036156446,0.3614931718616029,1.9162647751110213,3.5447388697108635,12.701396009389716,0.0,0.0,0.0,0.0,591.2543208509351
t439,1830.0,0.0,0.0,0.0,0.0,0.0,0.0,0.0,0.0,0.0,0.0,0.0,0.0,0.0,0.0,0.0,12.902089197017402,9.808220869161186,19.353133795526094,2.2381175137683247,11.848857425832305,21.920386237789764,78.53159393898856,0.0,0.0,0.0,0.0,5.740688130077813,4.344044205813916,8.60140016805283,0.9920987875805617,5.2590867768833665,9.72834733452784,34.85830594421411,0.0,0.0,0.0,0.0,2056.126370325234
t440,1436.5224138903018,240.0,1166.7,1490.0,0.0,-0.0,-0.0,-0.0,234.43355412393464,0.0,-0.0,152.75230528463047,104.80825634240526,0.0,0.0,0.0,0.0,0.0,0.0,0.0,0.0,0.0,0.0,0.0,0.0,0.0,0.0,0.0,0.0,0.0,-0.0,0.0,0.0,0.0,0.0,0.0,0.0,0.0,4825.216529641273
t441,0.0,240.0,1166.7,1490.0,3693.0,0.0,-0.0,-0.0,0.0,0.0,0.0,1863.9881596043276,0.0,0.0,5138.717154504984,7441.83789808379,0.0,0.0,0.0,0.0,0.0,0.0,0.0,-0.0,0.0,0.0,0.0,0.0,0.0,0.0,0.0,0.0,0.0,0.0,0.0,0.0,0.0,0.0,21034.2432121931
t442,0.0,240.0,1166.7,1490.0,3693.0,0.0,-0.0,-0.0,429.06505838891013,0.0,0.0,0.0,0.0,0.0,0.0,0.0,0.0,0.0,0.0,0.0,0.0,0.0,0.0,0.0,-0.0,0.0,0.0,0.0,0.0,0.0,0.0,0.0,0.0,0.0,0.0,0.0,0.0,0.0,7018.76505838891
t443,0.0,240.0,1166.7,1490.0,3693.0,0.0,-0.0,-0.0,0.0,0.0,0.0,575.1450498830229,0.0,0.0,0.0,0.0,0.0,0.0,0.0,0.0,0.0,0.0,0.0,0.0,0.0,0.0,0.0,0.0,-0.0,0.0,0.0,0.0,0.0,0.0,0.0,0.0,0.0,0.0,7164.8450498830225
t444,0.0,240.0,1166.7,0.0,3693.0,0.0,-0.0,-0.0,0.0,0.0,0.0,0.0,0.0,0.0,0.0,0.0,0.0,0.0,0.0,0.0,0.0,0.0,0.0,0.0,0.0,0.0,0.0,0.0,0.0,0.0,0.0,0.0,0.0,0.0,0.0,-0.0,0.0,0.0,5099.7
t445,1830.0,240.0,1166.7,1490.0,0.0,0.0,-0.0,-0.0,0.0,0.0,0.0,0.0,0.0,0.0,0.0,0.0,0.0,0.0,0.0,0.0,0.0,0.0,0.0,0.0,0.0,0.0,0.0,0.0,0.0,0.0,0.0,0.0,0.0,0.0,0.0,0.0,0.0,0.0,4726.7
t446,457.58052,240.0,1166.7,1490.0,515.2645495960946,0.0,-0.0,-0.0,0.0,0.0,0.0,0.0,0.0,0.0,0.0,30181.142273479498,0.0,0.0,0.0,0.0,0.0,0.0,0.0,0.0,0.0,0.0,0.0,-0.0,0.0,-0.0,0.0,0.0,0.0,0.0,0.0,0.0,-0.0,-0.0,34050.687343075595
t447,-0.0,240.0,1166.7,1490.0,3693.0,0.0,-0.0,-0.0,0.0,0.0,358.81470417114775,1863.9881596043276,11.39510087625497,0.0,0.0,0.0,0.0,0.0,0.0,0.0,0.0,0.0,0.0,0.0,0.0,0.0,0.0,0.0,0.0,0.0,0.0,-0.0,0.0,86.58644041921161,40.070504358168975,0.0,0.0,0.0,8950.554909429113
t448,156.86726688700776,240.0,1166.7,405.97336597136587,3693.0,0.0,-0.0,-0.0,0.0,0.0,0.0,96.23288181756517,104.80825634240526,0.0,0.0,0.0,0.0,0.0,0.0,0.0,0.0,0.0,0.0,8.845837520255452,0.0,0.0,0.0,0.0,0.0,0.0,0.0,0.0,0.0,0.0,0.0,0.0,0.0,0.0,5872.4276085386
t449,1830.0,240.0,1166.7,1490.0,3693.0,0.0,-0.0,-0.0,0.0,0.0,-0.0,561.9962929510027,104.80825634240526,0.0,0.0,0.0,0.0,0.0,0.0,0.0,0.0,0.0,0.0,8.813167157927554,0.0,0.0,0.0,0.0,0.0,0.0,0.0,0.0,0.0,0.0,83.22949564183102,0.0,0.0,0.0,9178.547212093168
t450,1830.0,68.63349707078358,541.4194966627109,1490.0,1767.4336395137343,0.0,0.0,0.0,0.0,0.0,0.0,0.0,0.0,0.0,-0.0,-0.0,0.0,0.0,0.0,0.0,0.0,0.0,0.0,0.0,0.0,0.0,0.0,0.0,-0.0,0.0,0.0,0.0,0.0,0.0,0.0,0.0,0.0,-0.0,5697.486633247228
t451,0.0,0.0,0.0,0.0,0.0,0.0,0.0,0.0,0.0,0.0,0.0,0.0,0.0,0.0,0.0,0.0,0.0,0.0,0.0,0.0,0.0,0.0,0.0,0.0,0.0,0.0,0.0,36.51568162246837,27.631832905592674,54.7122545115172,6.310595985091011,33.45228551320089,61.88060140720311,221.7286103887802,75.54334805453607,662.2883980950912,1980.3836408341135,0.0,3160.4472493175945
t452,330.546141932523,0.0,0.0,0.0,0.0,0.0,0.0,0.0,0.0,0.0,0.0,0.0,0.0,0.0,0.0,0.0,0.0,0.0,0.0,0.0,0.0,0.0,0.0,18.19560979260058,0.0,0.0,-0.0,20.782198827765995,15.72612696530615,31.138428780528578,3.591554495402513,19.03872577174536,35.21815573161687,126.1925797947737,42.99404556146891,378.2552178434627,1164.263228940172,0.0,2185.942014437366
t453,0.0,0.0,0.0,0.0,0.0,0.0,0.0,0.0,0.0,0.0,0.0,0.0,0.0,0.0,0.0,0.0,10.660977324627813,8.104518476375224,15.991465986941718,1.8493532093742122,9.790693461392886,18.112782903576843,64.89054055245397,22.083453029586178,168.60587826802262,0.0,0.0,16.018295509284542,12.121226970951895,24.000566929179687,2.768262478953537,14.674478771928458,27.14509809459293,97.26545544983347,33.13852074320108,292.61554337252403,867.771219433342,0.0,1707.608330966143
t454,0.0,0.0,0.0,0.0,0.0,0.0,0.0,0.0,0.0,0.0,0.0,0.0,0.0,0.0,0.0,0.0,8.15326072838775,6.198142084335584,12.22989109258162,1.41434114676114,7.487688424029565,13.852223584454695,49.626734943707056,16.888897223088907,127.74077023491549,551.9802243797433,0.0,12.372264868456552,9.362233986030043,18.53763846901292,2.1381598682064173,11.334323184861205,20.966422008626036,75.1262190586313,25.59564191746129,224.0995443315266,664.1961372402088,0.0,1859.3007587750262
t455,-0.0,0.0,0.0,478.2769588707911,0.0,0.0,0.0,0.0,0.0,0.0,0.0,0.0,0.0,0.0,0.0,0.0,-0.0,0.0,8.708652630497197,1.007123093322805,5.331828141120733,9.863882061073356,35.33817206865019,0.0,0.0,392.13885162738404,0.0,-0.0,0.0,12.229952492115114,1.410621620031195,7.477664121718762,13.832309089626278,0.0,0.0,0.0,443.8283486078119,0.0,1409.4443644241428
t456,1671.5536108242932,0.0,0.0,0.0,0.0,0.0,0.0,0.0,0.0,0.0,0.0,0.0,0.0,0.0,0.0,0.0,0.0,0.0,0.0,0.0,0.0,0.0,0.0,-0.0,0.0,227.13406036835806,0.0,0.0,0.0,0.0,0.0,0.0,0.0,0.0,11.583494696643191,0.0,103.23420462849754,0.0,2013.5053705177918
t457,1830.0,0.0,-0.0,-0.0,-0.0,0.0,-0.0,-0.0,0.0,0.0,0.0,0.0,0.0,0.0,0.0,0.0,0.0,0.0,0.0,0.0,0.0,0.0,0.0,0.0,0.0,0.0,0.0,0.0,0.0,0.0,0.0,0.0,0.0,0.0,0.0,0.0,0.0,0.0,1830.0
t458,-0.0,100.08892423952315,0.0,1490.0,3693.0,0.0,-0.0,-0.0,0.0,0.0,0.0,0.0,0.0,0.0,0.0,0.0,0.0,0.0,0.0,0.0,0.0,0.0,0.0,0.0,0.0,0.0,0.0,0.0,0.0,0.0,0.0,0.0,0.0,0.0,0.0,0.0,0.0,0.0,5283.088924239523
t459,1830.0,219.9298501952437,-0.0,1239.5241854351734,2395.615932355358,0.0,0.0,-0.0,0.0,0.0,0.0,0.0,0.0,0.0,0.0,0.0,0.0,0.0,0.0,0.0,0.0,0.0,0.0,0.0,0.0,0.0,0.0,0.0,0.0,0.0,0.0,0.0,0.0,0.0,0.0,0.0,0.0,0.0,5685.069967985775
t460,0.0,0.0,0.0,1490.0,3693.0,0.0,-0.0,-0.0,0.0,0.0,0.0,0.0,0.0,0.0,0.0,0.0,0.0,0.0,0.0,0.0,0.0,0.0,0.0,0.0,0.0,0.0,0.0,1.5239676587782613,1.1532037149479797,2.283394495451321,0.2633702497553036,1.396118022974716,2.5825626432316175,9.253756639460615,0.0,0.0,0.0,0.0,5201.456373424599
t461,457.58052,240.0,910.982755522174,1282.1116593094453,3693.0,0.0,0.0,-0.0,0.0,0.0,0.0,0.0,0.0,0.0,1803.955672020374,0.0,0.0,0.0,0.0,0.0,0.0,0.0,0.0,0.0,0.0,0.0,0.0,0.28276704334963465,0.2139730479038343,0.42367612367655,0.048867458833913385,0.25904497595453113,0.47918576138109237,1.7170032380575972,0.0,0.0,0.0,0.0,8391.05512450115
t462,0.0,0.0,-0.0,0.0,1283.552356861432,0.0,0.0,0.0,0.0,0.0,0.0,0.0,0.0,0.0,0.0,0.0,0.0,0.0,0.0,0.0,0.0,0.0,0.0,0.0,0.0,0.0,0.0,0.8629511379886444,0.653004971867246,1.2929788023890256,0.1491341731758899,0.7905559082916106,1.4623836398800854,5.239966725471314,0.0,0.0,0.0,0.0,1294.0033322204956
t463,1701.5253304854407,0.0,0.0,1490.0,1356.7600244288021,0.0,-0.0,0.0,0.0,0.0,0.0,0.0,0.0,0.0,0.0,0.0,3.4145620519313202,2.595764008866156,5.121843077896979,0.592321988600331,3.135822292589988,5.801271241291476,20.783533305888085,0.0,0.0,0.0,0.0,1.8268580340495306,1.3824043177119771,2.7372218530305887,0.3157153985018485,1.6735981318641675,3.095850024144339,11.092951720176595,0.0,0.0,0.0,0.0,4611.855072360787
t464,339.2402823079001,0.0,0.5476033260609415,1490.0,3693.0,0.0,-0.0,-0.0,0.0,0.0,0.0,0.0,0.0,0.0,0.0,0.0,7.53952861113231,5.731580423768949,11.309292916698462,1.3078774121351966,6.924056887774569,12.809505242382953,45.891110372861455,0.0,0.0,0.0,0.0,3.2635068488596466,2.469532867173995,4.889784590657155,0.5639953111284289,2.9897227172439047,5.530439458637993,19.816495446347417,0.0,0.0,0.0,0.0,5653.824314740763
t465,0.0,240.0,1166.7,1490.0,985.4119980712293,0.0,-0.0,-0.0,429.06505838891013,-0.0,0.0,-0.0,104.80825634240526,0.0,1282.8529577459149,0.0,0.0,0.0,-0.0,0.0,0.0,0.0,0.0,0.0,0.0,0.0,0.0,0.0,0.0,0.0,0.0,0.0,0.0,0.0,0.0,0.0,0.0,0.0,5698.83827054846
t466,1830.0,240.0,1166.7,1490.0,3693.0,0.0,-0.0,-0.0,0.0,-0.0,0.0,1863.9881596043276,0.0,0.0,0.0,0.0,0.0,0.0,0.0,0.0,0.0,0.0,0.0,0.0,0.0,0.0,-0.0,0.0,0.0,0.0,0.0,0.0,0.0,0.0,0.0,0.0,0.0,0.0,10283.688159604328
t467,1830.0,240.0,1166.7,0.0,799.6522203019631,0.0,-0.0,-0.0,0.0,-0.0,0.0,0.0,0.0,0.0,0.0,0.0,-0.0,-0.0,0.0,-0.0,-0.0,-0.0,0.0,-0.0,0.0,-0.0,0.0,0.0,0.0,0.0,0.0,0.0,0.0,0.0,0.0,0.0,0.0,0.0,4036.352220301963
t468,1830.0,240.0,1166.7,76.45839594827567,0.0,0.0,-0.0,-0.0,355.19677777587617,-0.0,0.0,552.5554558845563,11.39510087625497,0.0,0.0,0.0,0.0,0.0,0.0,0.0,0.0,0.0,0.0,0.0,-0.0,0.0,0.0,0.0,0.0,-0.0,-0.0,0.0,-0.0,0.0,0.0,0.0,0.0,0.0,4232.3057304849635
t469,1830.0,240.0,1166.7,1490.0,0.0,0.0,-0.0,-0.0,0.0,-0.0,0.0,1863.9881596043276,0.0,0.0,0.0,0.0,0.0,0.0,0.0,0.0,0.0,0.0,0.0,0.0,0.0,0.0,75.63141911896128,0.0,0.0,0.0,0.0,0.0,0.0,0.0,0.0,0.0,-0.0,0.0,6666.319578723289
t470,0.0,240.0,1166.7,1490.0,3693.0,0.0,-0.0,-0.0,-0.0,0.0,2824.332366595761,0.0,0.0,0.0,0.0,0.0,0.0,0.0,0.0,0.0,0.0,0.0,0.0,0.0,0.0,0.0,0.0,0.0,0.0,0.0,0.0,0.0,0.0,0.0,0.0,0.0,0.0,0.0,9414.032366595762
t471,0.0,240.0,1166.7,0.0,0.0,0.0,-0.0,-0.0,-0.0,-0.0,455.61596837720253,837.4962783859937,104.80825634240526,0.0,3607.4281918222414,18384.017389241646,0.0,0.0,0.0,0.0,0.0,0.0,0.0,0.0,0.0,0.0,0.0,0.0,0.0,0.0,0.0,-0.0,0.0,0.0,0.0,0.0,0.0,0.0,24796.066084169488
t472,1624.3607143406405,240.0,1166.7,1293.0115314666473,3693.0,0.0,-0.0,-0.0,0.0,-0.0,-0.0,-0.0,104.80825634240526,-0.0,0.0,0.0,-0.0,-0.0,-0.0,-0.0,-0.0,-0.0,-0.0,0.0,0.0,0.0,0.0,-0.0,0.0,0.0,0.0,0.0,0.0,0.0,0.0,0.0,0.0,0.0,8121.880502149694
t473,876.5014521995759,0.0,0.0,1074.7611784581734,3693.0,0.0,0.0,0.0,0.0,0.0,0.0,0.0,0.0,0.0,-0.0,0.0,0.0,0.0,0.0,0.0,0.0,0.0,0.0,0.0,0.0,0.0,0.0,0.0,0.0,0.0,0.0,0.0,0.0,-0.0,0.0,-0.0,0.0,0.0,5644.2626306577495
t474,1535.4952013238565,151.48091966838675,0.0,0.0,3693.0,0.0,-0.0,-0.0,0.0,0.0,0.0,0.0,0.0,0.0,0.0,-0.0,0.0,0.0,0.0,0.0,0.0,0.0,0.0,-0.0,0.0,-0.0,0.0,0.0,0.0,0.0,0.0,0.0,0.0,0.0,0.0,0.0,0.0,0.0,5379.9761209922435
t475,0.0,0.0,0.0,0.0,0.0,0.0,-0.0,0.0,0.0,0.0,0.0,0.0,0.0,0.0,0.0,0.0,0.0,0.0,0.0,0.0,0.0,0.0,0.0,0.0,0.0,0.0,0.0,34.6660436613149,26.23219075713594,0.0,5.990943787106435,31.757818521942845,0.0,208.11611394508517,71.71683193691489,270.77713182329745,1980.065061722075,0.0,2629.3221361548726
t476,12.228613162703711,0.0,0.0,0.0,0.0,0.0,0.0,0.0,0.0,0.0,0.0,0.0,0.0,0.0,0.0,0.0,0.0,-0.0,0.0,0.0,0.0,-0.0,0.0,0.0,0.0,-0.0,-0.0,36.116802315165124,27.329996382784348,54.11460481114506,6.2416621450704834,33.08686923503383,61.20464821865231,219.30655633990366,74.71814975603792,655.78336723743,2095.954209411125,0.0,3276.085479015051
t477,0.0,0.0,0.0,0.0,0.0,0.0,0.0,0.0,0.0,0.0,0.0,0.0,0.0,0.0,0.0,0.0,-0.0,-0.0,-0.0,-0.0,-0.0,0.0,0.0,0.0,-0.0,822.2615127196689,16.24062185908315,30.44148296589489,23.03541747922583,45.611148135141164,5.26086031122009,27.8876672808366,51.587076838177595,184.84517928451945,62.977094793537596,552.2225380855394,1811.2633681295213,0.0,3633.633967882366
t478,0.0,0.0,0.0,0.0,0.0,0.0,0.0,0.0,0.0,0.0,0.0,0.0,0.0,0.0,0.0,0.0,8.871642842921087,6.744259099975723,13.307464264381625,1.5389584523434534,8.147427100641814,15.072740136187354,53.999336283698234,18.376974460336534,140.47127960228846,646.4657911418562,0.0,26.214478658670732,19.83679509238339,39.27773396341101,4.530354533293768,24.01527742891648,44.42386484103598,159.17818500961306,54.23230232573996,472.9215204330335,1547.4203254771076,222.8975824497435,3527.944293597579
t479,0.0,0.0,0.0,0.0,0.0,0.0,0.0,0.0,0.0,0.0,0.0,0.0,0.0,0.0,0.0,0.0,8.244530348643371,6.267525622182971,12.366795522965054,1.4301736319075233,7.571507463039828,14.007288806623684,50.18226890781398,17.077955722189838,130.4391272943755,588.5878022044077,0.0,20.460789305872396,15.482912713000758,30.656853775409477,3.5360088901088207,18.74428013591666,34.67348523310591,124.24093372139632,42.3291161311085,369.2746366284924,1223.036229960912,0.0,2718.6102220194725
t480,-0.0,0.0,0.0,0.0,0.0,0.0,-0.0,0.0,0.0,0.0,0.0,0.0,0.0,0.0,0.0,0.0,5.862272062242858,4.45652314935809,8.793408093364285,1.016924745491108,5.383719240835277,9.959880595545261,0.0,12.143277843217344,92.83181794663327,427.013943578221,0.0,13.815928704699719,10.454670882247605,20.70071196861887,1.0311141203068388,12.656874283164507,23.41289931501127,18.476838839677384,28.58228203505831,250.2530877175829,838.6069618550731,0.0,1785.453136976349
t481,0.0,0.0,0.0,0.0,0.0,0.0,0.0,0.0,0.0,0.0,0.0,0.0,0.0,0.0,0.0,0.0,3.694224313075336,2.808364401266454,0.0,0.0,0.0,0.0,0.0,0.0,0.0,0.0,0.0,5.224425237719956,5.333665020402015,0.0,0.0,0.0,0.0,0.0,0.0,0.0,0.0,0.0,17.060678972463762
t482,0.0,0.0,0.0,0.0,0.0,0.0,0.0,0.0,0.0,0.0,0.0,0.0,0.0,0.0,0.0,0.0,0.0,0.0,0.0,0.0,0.0,0.0,0.0,0.0,0.0,0.0,0.0,0.0,0.0,0.0,0.0,0.0,0.0,0.0,0.0,0.0,0.0,32.315877583289875,32.315877583289875
t483,0.0,15.688907164316758,0.0,0.0,0.0,0.0,0.0,0.0,0.0,0.0,0.0,0.0,0.0,0.0,0.0,0.0,0.0,0.7669563561056917,0.0,0.0,0.0,0.0,0.0,0.0,0.0,0.0,0.0,0.0,0.0,3.2437560937666623,0.3741398406024258,1.9833043977565483,3.668749893285923,13.145748380001733,4.478780810318359,0.0,0.0,32.61277005535807,75.96311299151216
t484,0.0,0.0,0.0,0.0,0.0,0.0,0.0,0.0,0.0,0.0,0.0,0.0,0.0,0.0,0.0,0.0,0.0,0.0,0.0,0.0,0.0,0.0,0.0,0.0,0.0,0.0,0.0,1.4972009124101398,1.132949012578814,2.243289286547407,0.2587444529836316,1.3715968090200272,2.53720288848027,9.091225003376332,3.0973971896001715,28.07720066810818,95.4555766972795,22.624615884286385,167.38699880467087
t485,0.0,64.44251387905109,0.0,0.0,0.0,0.0,0.0,0.0,0.0,0.0,0.0,0.0,0.0,0.0,0.0,0.0,0.0,0.0,0.0,0.0650302115850698,0.0,0.0,0.0,0.0,0.0,0.0,5.1660504723065035,0.2768585309461692,0.20950200915557435,0.4148232686827669,0.04784635685814669,0.2536321441218262,0.4691730138517297,1.6811258783459502,0.5727626990882997,5.320804510143598,25.085590124187245,4.2050773768732315,108.21079047519721
t486,0.0,0.0,0.0,0.0,0.0,0.0,0.0,0.0,0.0,0.0,0.0,0.0,0.0,0.0,0.0,0.0,0.0,0.0,1.7253893494257584,0.19953482272270678,1.0563608261790358,1.9542675284312165,7.001324809064387,2.382680530159381,0.0,0.0,16.02980817925618,0.8236603797002892,0.6232732067866282,1.234108589047581,0.14234399179384194,0.7545613545576476,1.3958003078813628,5.001387439824407,1.703981960017545,16.37417351677609,51.29276241084962,12.650955706043463,122.34637490851713
t487,0.0,0.0,0.0,0.0,0.0,0.0,0.0,0.0,0.0,0.0,0.0,0.0,0.0,0.0,0.0,0.0,2.898177882355928,2.203206655464455,4.347266823533891,0.5027451428576609,2.6615919327758513,4.923945075635325,17.640439865564396,6.00336847059442,51.846843417137244,244.077536765941,40.87817904920179,1.68796520691568,1.27730253073653,2.5291156539860777,0.291712107906569,1.5463573875435597,2.860477951316841,10.249573966154106,3.4920488257165005,34.11866225329124,108.75600953397603,26.2597531863207,571.0522796849258
t488,652.8989659513918,0.0,402.4998672254842,0.0,0.0,0.0,0.0,0.0,0.0,0.0,0.0,0.0,0.0,-0.0,0.0,0.0,8.948040566365487,6.802336961165599,13.422060849548227,1.5522111186552372,8.21758827523361,15.202538309182176,54.464348957520535,18.535226887471364,161.15901671646833,744.4393935042015,126.75453649991337,3.007975764948372,2.2761695805230135,4.506916708219625,0.5198347379021516,2.755628804801697,5.097408594962846,18.26487297541637,6.222876037217018,61.02775004528877,196.71723665505698,47.00703932514604,2562.2998410520845
t489,1830.0,240.0,1166.7,1490.0,3693.0,3565.968517592256,-0.0,-0.0,-0.0,-0.0,2418.406107639152,0.0,104.80825634240526,362.9124462181943,6699.355467545536,10560.067090062152,0.0,0.0,0.0,0.0,0.0,-0.0,0.0,-0.0,0.0,-0.0,0.0,0.0,0.0,0.0,0.0,0.0,0.0,0.0,0.0,0.0,0.0,0.0,32131.217885399696
t490,1830.0,240.0,1166.7,1490.0,3693.0,3176.5265055019795,-0.0,-0.0,429.06505838891013,-0.0,0.0,1863.9881596043276,104.80825634240526,0.0,8166.175814682724,30181.142273479498,0.0,0.0,0.0,0.0,0.0,0.0,0.0,0.0,-0.0,0.0,0.0,0.0,0.0,0.0,0.0,0.0,0.0,0.0,0.0,-0.0,0.0,0.0,52341.406067999844
t491,1830.0,240.0,1166.7,1490.0,3693.0,3565.968517592256,-0.0,-0.0,175.54182125685887,-0.0,7425.528024829158,1863.9881596043276,0.0,269.8851638954155,5193.615708732404,15765.00677860021,0.0,0.0,0.0,-0.0,0.0,0.0,0.0,0.0,0.0,0.0,-0.0,0.0,0.0,0.0,-0.0,0.0,-0.0,0.0,0.0,0.0,-0.0,0.0,42679.234174510624
t492,1830.0,240.0,1166.7,1490.0,3693.0,3565.968517592256,-0.0,-0.0,0.0,-0.0,7425.528024829158,0.0,0.0,0.0,7101.336067835485,30181.142273479498,0.0,0.0,0.0,0.0,0.0,0.0,-0.0,0.0,0.0,-0.0,-0.0,-0.0,-0.0,-0.0,0.0,0.0,0.0,-0.0,0.0,0.0,0.0,0.0,56693.6748837364
t493,1830.0,240.0,1166.7,1490.0,3693.0,0.0,0.0,-0.0,0.0,-0.0,7425.528024829158,0.0,11.395100876254938,0.0,0.0,30181.142273479498,0.0,0.0,0.0,0.0,0.0,0.0,0.0,0.0,0.0,0.0,0.0,0.0,0.0,0.0,0.0,0.0,0.0,0.0,0.0,0.0,0.0,0.0,46037.76539918491
t494,1830.0,240.0,1166.7,1490.0,3693.0,0.0,0.0,-0.0,179.6549565190173,-0.0,7425.528024829158,0.0,0.0,0.0,4795.402796670164,30181.142273479498,0.0,0.0,0.0,0.0,0.0,0.0,0.0,0.0,0.0,0.0,0.0,0.0,0.0,0.0,0.0,0.0,0.0,0.0,0.0,0.0,0.0,-0.0,51001.42805149784
t495,1830.0,240.0,1166.7,1490.0,3693.0,3565.968517592256,0.0,-0.0,0.0,-0.0,7425.528024829158,0.0,0.0,0.0,6197.9739318338625,0.0,-0.0,-0.0,-0.0,0.0,0.0,0.0,-0.0,0.0,0.0,-0.0,-0.0,0.0,0.0,0.0,0.0,0.0,0.0,0.0,0.0,0.0,0.0,0.0,25609.170474255276
t496,1830.0,240.0,1166.7,1490.0,3693.0,-0.0,0.0,-0.0,0.0,-0.0,2436.6482941357153,1390.0517342705502,104.80825634240526,0.0,665.8516312640052,0.0,0.0,0.0,0.0,0.0,0.0,0.0,0.0,0.0,0.0,0.0,0.0,0.0,0.0,0.0,0.0,-0.0,0.0,0.0,0.0,0.0,0.0,0.0,13017.059916012677
t497,1311.410883074657,240.0,1166.7,1490.0,3693.0,-0.0,-0.0,-0.0,-0.0,-0.0,-0.0,-0.0,-0.0,-0.0,-0.0,0.0,0.0,0.0,0.0,0.0,0.0,0.0,0.0,0.0,0.0,0.0,0.0,0.0,0.0,0.0,0.0,0.0,0.0,0.0,0.0,0.0,0.0,0.0,7901.110883074657
t498,0.0,0.0,0.0,0.0,0.0,0.0,0.0,0.0,0.0,0.0,0.0,0.0,0.0,0.0,0.0,0.0,0.0,0.0,0.0,0.0,0.0,0.0,0.0,0.0,0.0,0.0,0.0,0.0,0.0,0.0,-0.0,0.0,0.0,0.0,0.0,0.0,0.0,0.0,0.0
t499,0.0,0.0,0.0,0.0,0.0,0.0,0.0,0.0,0.0,0.0,0.0,0.0,0.0,0.0,0.0,0.0,0.0,0.0,0.0,0.0,0.0,0.0,0.0,0.0,0.0,0.0,0.0,34.79535193191147,26.330039800825627,0.0,0.0,0.0,0.0,0.0,0.0,0.0,0.0,0.0,61.1253917327371
t500,0.0,0.0,0.0,0.0,0.0,0.0,0.0,0.0,0.0,0.0,0.0,0.0,0.0,0.0,0.0,0.0,-0.0,-0.0,0.0,0.0,0.0,0.0,-0.0,0.0,0.0,0.0,-0.0,34.687709479836386,26.248585529205055,0.0,0.0,0.0,0.0,0.0,0.0,0.0,0.0,-0.0,60.936295009041444
t501,0.0,0.0,0.0,0.0,0.0,0.0,0.0,0.0,0.0,0.0,0.0,0.0,0.0,0.0,0.0,0.0,0.0,0.0,0.0,0.0,0.0,0.0,0.0,0.0,0.0,0.0,0.0,29.892604807712512,22.62007511456098,0.0,-0.0,0.0,0.0,0.0,-0.0,0.0,0.0,0.0,52.51267992227349
t502,0.0,0.0,0.0,0.0,0.0,0.0,0.0,0.0,0.0,0.0,0.0,0.0,0.0,0.0,0.0,0.0,10.713499860477523,8.144446322505871,0.0,0.0,0.0,0.0,-0.0,0.0,0.0,0.0,0.0,25.240924060837767,19.100095220533277,-0.0,0.0,-0.0,-0.0,0.0,0.0,0.0,0.0,0.0,63.198965464354444
t503,0.0,0.0,0.0,0.0,0.0,0.0,0.0,0.0,0.0,0.0,0.0,0.0,0.0,0.0,0.0,0.0,7.191614302519121,5.467094546302801,-0.0,-0.0,-0.0,-0.0,0.0,-0.0,0.0,-0.0,0.0,20.21548032278939,15.297284606674522,0.0,-0.0,0.0,0.0,0.0,0.0,0.0,0.0,0.0,48.17147377828583
t504,0.0,0.0,0.0,0.0,0.0,0.0,0.0,0.0,0.0,0.0,0.0,0.0,0.0,0.0,0.0,0.0,7.296151745418644,5.546564337078459,0.0,0.0,0.0,0.0,0.0,0.0,0.0,0.0,0.0,13.939245830103863,10.547986358014837,0.0,0.0,0.0,0.0,0.0,0.0,0.0,0.0,0.0,37.3299482706158
t505,0.0,0.0,0.0,0.0,0.0,0.0,0.0,0.0,0.0,0.0,0.0,0.0,0.0,0.0,0.0,0.0,0.0,2.2305772414315204,4.40127321463669,0.5089907799239711,0.0,4.985115579843599,17.85958824850875,6.077948724974478,0.0,0.0,0.0,3.142282207507514,2.377800797962901,4.708151025678204,0.5430454150558288,0.0,5.325008438896963,19.080401525116933,6.500728123920747,0.0,0.0,0.0,77.74091132345809
t506,0.0,0.0,0.0,0.0,0.0,0.0,0.0,0.0,0.0,0.0,0.0,0.0,0.0,0.0,0.0,0.0,1.9722123594987546,1.4992838855373185,2.9583185392481317,0.3421184705252942,0.0,3.350748549556557,12.004333392255175,4.085297030390278,19.036034768641912,0.0,0.0,1.8832336018152311,1.4250643530514588,2.821690614800338,0.3254581560184041,0.0,3.191385801733865,11.435272491559264,3.8960185084533228,0.0,0.0,0.0,70.22647052308531
t507,0.0,0.0,0.0,0.0,0.0,0.0,0.0,0.0,0.0,0.0,0.0,0.0,0.0,0.0,0.0,0.0,0.0,0.0,0.0,0.0,0.0,0.0,0.0,0.0,0.0,0.0,0.0,0.8518133572458192,0.0,0.0,0.0,0.0,1.4435092127823448,5.172336476296341,0.0,0.0,0.0,12.328691260056262,19.796350306380766
t508,0.0,0.0,0.0,0.0,0.0,0.0,0.0,0.0,0.0,0.0,0.0,0.0,0.0,0.0,0.0,0.0,0.0,0.0,0.0,0.0,0.0,2.471797063866521,8.855417108686966,0.0,0.0,0.0,0.0,1.0600182295502836,0.8021278884684193,1.5882487902489983,0.183191069871945,0.971090525728951,1.7963396171909167,6.436587202588047,2.1929571762340596,20.461709098333632,0.0,15.455318113309103,62.274801884077846
t509,0.0,0.0,0.0,0.0,0.0,0.0,0.0,0.0,0.0,0.0,0.0,0.0,0.0,0.0,0.0,0.0,0.0,0.0,0.0,0.0,0.0,3.3824931288820332,12.118060969238035,0.0,0.0,0.0,0.0,0.5491818423048672,0.41557216590519314,0.8228513174131649,0.09490894254597537,0.5031095400980832,0.9306605045770401,3.334713233727037,1.1361429724192973,11.03784122384084,36.7944093717517,8.045209119604314,79.16515433230758
t510,0.0,0.0,0.0,0.0,0.0,0.0,0.0,0.0,0.0,0.0,0.0,0.0,0.0,0.0,0.0,0.0,0.0,0.0,0.0,0.0,0.0,0.0,0.0,0.0,0.0,0.0,44.48997790571542,2.123882777058853,1.6071663296200378,3.1822606038818044,0.3670468557668823,1.9457046917351237,3.5991973235393315,12.896529815731522,4.393871584083163,45.13611783279978,129.1462397284769,31.671068025875407,280.5590634742842
t511,0.0,0.0,0.0,0.0,0.0,0.0,0.0,0.0,0.0,0.0,0.0,0.0,0.0,0.0,0.0,0.0,11.647639412737371,8.854583022948308,17.47145911910605,2.020508877719748,10.696811705575136,19.789101655314,70.89609091528409,24.127253069241696,224.61439296169573,960.8556550417788,162.29318846715321,5.446359224186879,4.121322164611213,8.160400649662554,0.9412332216296118,4.989449893298719,9.229568483940852,33.07109736968509,11.267384099702051,121.49084155046774,346.7005378049836,83.12601227509349,2141.8108909858156
t512,0.0,0.0,0.0,0.0,0.0,0.0,0.0,0.0,0.0,0.0,0.0,0.0,0.0,0.0,0.0,0.0,15.10615467727799,11.48376044344092,22.65923201591698,2.6204554032012837,13.87299919341856,25.665048507824338,91.94715576526858,31.291320402932975,274.9138082788888,1211.3256963022354,219.01651138074325,11.217469671350942,8.488387284864556,16.807383249188575,1.9385895572972272,10.276406779459087,19.009470416215525,68.11413211513265,23.20661091405321,236.23770204804265,672.4364458971081,178.08141914736382,3165.7161594512254
t513,1830.0,240.0,1166.7,1490.0,0.0,295.3483268724062,-0.0,-0.0,-0.0,-0.0,-0.0,-0.0,-0.0,362.9124462181943,2134.051320949381,0.0,0.0,0.0,0.0,0.0,0.0,0.0,0.0,0.0,0.0,835.2777248223472,0.0,0.0,0.0,0.0,0.0,0.0,0.0,-0.0,0.0,0.0,771.3586749690165,0.0,9125.648493831346
t514,1830.0,240.0,1166.7,1490.0,3693.0,2881.1781786295737,-0.0,-0.0,429.06505838891013,-0.0,3292.640323340428,1390.05173427055,104.80825634240526,0.0,0.0,26032.815816240676,0.0,0.0,0.0,0.0,0.0,0.0,0.0,0.0,0.0,0.0,0.0,0.0,0.0,0.0,0.0,0.0,0.0,0.0,0.0,0.0,0.0,-0.0,42550.259367212544
t515,1830.0,240.0,1166.7,1490.0,3693.0,3565.968517592256,-0.0,-0.0,355.19677777587617,-0.0,1831.7911722099047,0.0,11.39510087625497,0.0,8166.175814682724,30181.142273479498,0.0,0.0,0.0,0.0,0.0,0.0,0.0,0.0,0.0,0.0,0.0,0.0,0.0,0.0,-0.0,0.0,-0.0,0.0,0.0,0.0,0.0,0.0,52531.369656616516
t516,1830.0,240.0,1166.7,1490.0,3693.0,3565.968517592256,-0.0,-0.0,0.0,-0.0,7425.528024829158,1863.9881596043276,104.80825634240526,269.8851638954155,8166.175814682724,12757.515159628754,0.0,0.0,0.0,0.0,0.0,-0.0,0.0,0.0,0.0,0.0,0.0,0.0,0.0,0.0,0.0,0.0,0.0,73.20071530112203,0.0,0.0,0.0,0.0,42646.76981187616
t517,1830.0,240.0,1166.7,1490.0,3693.0,3565.968517592256,-0.0,-0.0,0.0,-0.0,7425.528024829158,1863.9881596043276,0.0,0.0,8000.235602901983,30181.142273479498,0.0,0.0,0.0,0.0,0.0,0.0,0.0,14.473624375278986,0.0,0.0,0.0,0.0,0.0,-0.0,0.0,0.0,0.0,0.0,0.0,0.0,0.0,0.0,59471.0362027825
t518,1830.0,240.0,1166.7,1490.0,3693.0,3565.968517592256,-0.0,-0.0,0.0,-0.0,7425.528024829158,0.0,104.80825634240526,-0.0,4186.897050664644,30181.142273479498,0.0,0.0,0.0,0.0,0.0,0.0,0.0,0.0,0.0,0.0,-0.0,-0.0,-0.0,0.0,0.0,0.0,0.0,0.0,0.0,0.0,0.0,0.0,53884.04412290796
t519,1830.0,240.0,1166.7,1490.0,3693.0,0.0,-0.0,-0.0,-0.0,-0.0,7425.528024829158,0.0,0.0,-0.0,8166.175814682724,0.0,0.0,0.0,0.0,0.0,0.0,0.0,0.0,0.0,0.0,0.0,71.67748480386433,0.0,0.0,0.0,0.0,0.0,0.0,0.0,0.0,0.0,0.0,0.0,24083.081324315746
t520,1830.0,240.0,1166.7,1490.0,3693.0,-0.0,-0.0,0.0,0.0,-0.0,7156.150931053696,0.0,0.0,-0.0,-0.0,30181.142273479498,0.0,0.0,0.0,0.0,0.0,0.0,0.0,0.0,0.0,0.0,0.0,0.0,0.0,0.0,0.0,0.0,0.0,0.0,0.0,-0.0,0.0,0.0,45756.993204533195
t521,0.0,240.0,1166.7,532.9035846515271,3693.0,0.0,-0.0,-0.0,-0.0,-0.0,-0.0,-0.0,-0.0,0.0,0.0,-0.0,0.0,0.0,0.0,0.0,0.0,0.0,0.0,0.0,0.0,0.0,0.0,-0.0,0.0,0.0,0.0,0.0,0.0,0.0,0.0,0.0,-0.0,0.0,5632.603584651527
t522,0.0,0.0,0.0,0.0,0.0,0.0,0.0,0.0,0.0,0.0,0.0,0.0,0.0,0.0,0.0,0.0,0.0,0.0,0.0,0.0,0.0,0.0,0.0,9.832152747635586,0.0,0.0,0.0,41.914317989910316,0.0,0.0,0.0,-0.0,-0.0,297.10950587423065,-0.0,0.0,0.0,0.0,348.85597661177655
t523,0.0,0.0,0.0,0.0,0.0,0.0,0.0,0.0,0.0,0.0,0.0,0.0,0.0,0.0,0.0,0.0,0.0,0.0,0.0,1.9550702050497677,0.0,0.0,0.0,0.0,0.0,0.0,0.0,0.0,-0.0,0.0,0.0,0.0,0.0,117.93102600220271,69.29481640490721,0.0,0.0,0.0,189.1809126121597
t524,0.0,0.0,0.0,0.0,0.0,0.0,0.0,0.0,0.0,0.0,0.0,0.0,0.0,0.0,0.0,0.0,0.0,0.0,0.0,0.0,0.0,0.0,-0.0,0.0,0.0,0.0,0.0,0.0,0.0,0.0,0.0,0.0,0.0,136.57890152377956,15.721839817051219,0.0,0.0,0.0,152.30074134083077
t525,0.0,0.0,0.0,0.0,0.0,0.0,0.0,0.0,0.0,0.0,0.0,0.0,0.0,0.0,0.0,0.0,9.882630535558919,0.0,-0.0,0.0,0.0,-0.0,60.15295014756014,-0.0,0.0,0.0,0.0,17.685682010089682,0.0,14.192857766984785,0.0,0.0,0.0,107.39007247401771,36.58799650745064,0.0,0.0,0.0,245.89218944166188
t526,0.0,0.0,0.0,0.0,0.0,0.0,0.0,0.0,0.0,0.0,0.0,0.0,0.0,0.0,0.0,0.0,0.0,0.0,0.0,0.0,0.0,0.0,59.827870137015346,20.360532502622156,0.0,0.0,0.0,0.0,10.366021601560016,20.52518246162548,2.3674062637709126,0.0,23.21437210105458,83.18100260764011,28.339921584752773,0.0,740.3924230702125,0.0,988.5747323302539
t527,0.0,0.0,0.0,0.0,0.0,0.0,0.0,0.0,0.0,0.0,0.0,0.0,0.0,0.0,0.0,0.0,0.0,-0.0,0.0,-0.0,-0.0,0.0,51.35739569998968,0.0,0.0,0.0,0.0,9.032268884982644,6.834820917998612,13.533248513908559,1.5609457972369338,0.0,15.306361701061196,54.84527029320838,18.685885126146985,0.0,0.0,0.0,171.15619693453297
t528,0.0,0.0,0.0,0.0,0.0,0.0,0.0,0.0,0.0,0.0,0.0,0.0,0.0,0.0,0.0,0.0,0.0,0.0,0.0,0.0,0.0,0.0,0.0,0.0,0.0,0.0,0.0,6.305997382484489,4.7718201669471565,9.448415541205787,1.0897948496575545,0.0,10.6863378461566,38.290947193307666,13.045796598327811,0.0,0.0,0.0,83.63910957808706
t529,0.0,0.0,0.0,0.0,0.0,0.0,0.0,0.0,0.0,0.0,0.0,0.0,0.0,0.0,0.0,0.0,4.010734875483219,3.048977022688773,0.0,0.0,0.0,0.0,0.0,0.0,0.0,298.21293171732367,0.0,0.0,5.392747191594655,0.0,0.0,0.0,0.0,0.0,0.0,0.0,239.5380445166993,0.0,550.2034353237896
t530,0.0,0.0,0.0,0.0,0.0,0.0,0.0,0.0,0.0,0.0,0.0,0.0,0.0,0.0,0.0,0.0,3.5741259075874257,2.717065103216971,0.0,0.0,0.0,0.0,0.0,0.0,0.0,0.0,0.0,2.677644869256715,2.0262044228771456,0.0,0.0,0.0,0.0,0.0,0.0,0.0,0.0,0.0,10.995040302938257
t531,0.0,0.0,0.0,0.0,0.0,0.0,0.0,0.0,0.0,0.0,0.0,0.0,0.0,0.0,0.0,0.0,0.0,0.0,0.0,0.0,0.0,0.0,0.0,0.0,0.0,0.0,0.0,0.0,0.0,0.0,0.0,0.0,0.0,0.0,0.0,0.0,0.0,0.0,0.0
t532,0.0,0.0,0.0,0.0,0.0,0.0,0.0,0.0,0.0,0.0,0.0,0.0,0.0,0.0,0.0,0.0,0.0,0.0,0.0,0.0,0.0,0.0,0.0,0.0,0.0,0.0,0.0,0.0,0.0,0.0,0.0,0.0,0.0,0.0,0.0,0.0,0.0,21.293638932277123,21.293638932277123
t533,0.0,0.0,0.0,0.0,0.0,0.0,0.0,0.0,0.0,0.0,0.0,0.0,0.0,0.0,0.0,0.0,0.0,0.0,0.0,0.0,0.0,0.0,0.0,0.0,0.0,0.0,0.0,0.27637302422088617,0.20913462067721417,0.4140958232034418,0.047762452172401465,0.2531873678265165,0.4683502591662668,1.6781778098244748,0.5717582866851555,5.442883839784326,25.26384231990344,3.990043150984699,38.61560895444882
t534,0.0,0.0,0.0,0.0,0.0,0.0,0.0,0.0,0.0,0.0,0.0,0.0,0.0,0.0,0.0,0.0,0.0,0.0,0.0,0.0,0.0,0.0,0.0,0.0,0.0,0.0,0.0,0.8232560936170176,0.6229672788947567,1.233502838255028,0.14227412356133023,0.7541909850921001,1.3951151922033351,4.998932555033534,1.7031455762244674,16.72730529760638,51.75938338749262,12.050232127056098,92.21030545503666
t535,0.0,0.0,0.0,0.0,0.0,0.0,0.0,0.0,0.0,0.0,0.0,0.0,0.0,0.0,0.0,0.0,0.0,0.0,0.0,0.0,0.0,0.0,0.0,0.0,0.0,0.0,38.33678499197606,1.7012225282111113,1.287334497018811,2.5489793921015473,0.2940032221572894,1.558502517455146,2.8829442172705075,10.330074378516798,3.5194754652421145,35.34160586507802,109.98268813415785,25.093398463199236,232.8770136723845
t536,0.0,0.0,0.0,0.0,0.0,0.0,0.0,0.0,0.0,0.0,0.0,0.0,0.0,0.0,0.0,0.0,8.193626505006144,6.228828312479161,12.290439757509214,1.4213433733173924,7.524759035209722,13.920804215137988,49.872430716695554,16.972512046084155,149.84418855071814,695.1633357042258,112.5886800640124,3.1116980285483273,2.354657400797476,4.662326072975933,0.5377598941954325,2.850649536220448,5.273179545023172,18.894689874691938,6.437455820805516,64.5503836699066,201.52990403787132,46.14824899346581,1430.3719011548976
t537,0.0,0.0,0.0,0.0,0.0,0.0,0.0,0.0,0.0,0.0,0.0,0.0,0.0,0.0,0.0,0.0,16.781427062385216,12.7573093484459,25.17214059357782,2.911063878168864,15.411514649129277,28.51130210088916,102.14409431339571,34.76152748636937,308.58002854891805,1384.7005726898913,232.71865562549812,5.807373141155961,4.394505514532447,8.701315797067572,1.0036232106360137,5.320177407837509,9.841353813032754,35.263227177589634,12.014246783633055,121.73874580153715,366.34927494119336,86.91350012256665,2821.7969800074516
t538,0.0,240.0,0.0,0.0,3693.0,2915.847194603897,-0.0,-0.0,0.0,0.0,6872.578343745906,0.0,0.0,0.0,1259.5877183240698,804.1822000873508,0.0,0.0,24.45184581094349,2.8277644815376823,14.97051784343479,27.695458010354358,99.2212654845428,33.76683469130291,0.0,0.0,227.03166777550737,0.0,0.0,16.31722397012855,1.8820538285814565,9.976712528208498,18.45509094045894,66.1276971420999,22.52982884117413,223.97770223273517,0.0,55.19328913872786,16629.620409480962
t539,1830.0,240.0,0.0,0.0,3693.0,2034.5979120108912,-0.0,-0.0,0.0,0.0,7425.528024829158,337.147928675825,104.80825634240526,0.0,5300.684723397034,0.0,0.0,0.0,25.390996189366913,2.9363737089744055,15.545507871040968,28.75918956142579,103.03217161195487,35.063756642459076,291.5724241766863,-0.0,233.0895615052085,0.0,0.0,22.809091827710407,2.630835899500753,13.945984476965158,25.79751707277437,92.43684582808955,31.493404505674064,301.0056182938671,0.0,188.2300372167068,22379.506161643723
t540,1830.0,240.0,-0.0,0.0,3693.0,2483.881690430241,-0.0,-0.0,429.06505838891013,-0.0,7425.528024829158,1863.9881596043276,104.80825634240526,269.8851638954156,8166.175814682724,30181.142273479498,-0.0,-0.0,0.0,0.0,0.0,0.0,0.0,0.0,211.84801104247884,0.0,0.0,0.0,0.0,0.0,0.0,0.0,0.0,0.0,0.0,399.41342637905086,0.0,0.0,57298.73587907421
t541,1830.0,240.0,0.0,0.0,3693.0,2785.134333089333,-0.0,-0.0,355.19677777587617,-0.0,7425.528024829158,1863.9881596043276,104.80825634240526,362.9124462181943,8166.175814682724,30181.142273479498,0.0,0.0,-0.0,-0.0,-0.0,-0.0,-0.0,-0.0,-0.0,0.0,0.0,0.0,0.0,0.0,0.0,0.0,0.0,0.0,0.0,0.0,0.0,0.0,57007.88608602152
t542,1830.0,240.0,0.0,-0.0,3693.0,2043.0438532039334,-0.0,0.0,0.0,0.0,7425.528024829158,1052.9038055947253,11.39510087625496,-0.0,8166.175814682724,27561.170511032524,0.0,0.0,0.0,0.0,0.0,0.0,0.0,0.0,-0.0,0.0,-0.0,-0.0,-0.0,0.0,0.0,0.0,0.0,0.0,0.0,0.0,0.0,0.0,52023.21711021932
t543,0.0,240.0,0.0,0.0,3693.0,2574.439470136176,0.0,-0.0,0.0,0.0,4496.774640834185,0.0,0.0,0.0,7319.657435203581,30181.142273479498,-0.0,-0.0,0.0,0.0,0.0,0.0,0.0,0.0,-0.0,0.0,0.0,0.0,0.0,0.0,0.0,0.0,0.0,0.0,0.0,0.0,0.0,0.0,48505.01381965344
t544,0.0,240.0,0.0,0.0,3693.0,1835.3543702836284,0.0,-0.0,0.0,0.0,911.2294420239382,0.0,-0.0,0.0,441.2540975913267,30181.142273479498,0.0,0.0,0.0,0.0,0.0,0.0,0.0,0.0,0.0,-0.0,0.0,-0.0,-0.0,0.0,0.0,0.0,0.0,0.0,0.0,0.0,0.0,0.0,37301.98018337839
t545,0.0,240.0,0.0,0.0,3693.0,0.0,-0.0,-0.0,0.0,0.0,0.0,0.0,0.0,0.0,0.0,10424.978264749567,0.0,0.0,0.0,0.0,8.36943754021504,15.483459449397825,55.47077214153635,18.87773134070726,0.0,0.0,124.54248529848829,0.0,0.0,0.0,0.0,29.74806118284609,55.02846482541126,197.17625168630036,67.17831398983375,-0.0,0.0,82.65808817432683,15012.511330378631
t546,0.0,0.0,0.0,0.0,0.0,0.0,0.0,0.0,0.0,0.0,0.0,0.0,0.0,0.0,0.0,0.0,0.0,6.982762950809164,0.0,0.0,0.0,0.0,58.686909898539355,19.97224259749118,0.0,0.0,121.1334171820832,0.0,0.0,-0.0,-0.0,0.0,0.0,183.6974143004173,62.58604913855059,618.0914770108832,0.0,0.0,1071.150273078774
t547,0.0,0.0,0.0,0.0,0.0,0.0,0.0,0.0,0.0,0.0,0.0,0.0,0.0,0.0,0.0,0.0,0.0,0.0,0.0,-0.0,-0.0,-0.0,-0.0,0.0,0.0,0.0,0.0,0.0,-0.0,56.91190661309036,0.0,0.0,47.18983998484148,0.0,0.0,727.3162289240682,0.0,0.0,831.4179755220001
t548,0.0,0.0,0.0,0.0,0.0,0.0,0.0,0.0,0.0,0.0,0.0,0.0,0.0,0.0,0.0,0.0,0.0,0.0,0.0,-0.0,0.0,0.0,0.0,-0.0,0.0,-0.0,0.0,37.70249973114837,28.529911709308585,0.0,2.0477824157170286,0.0,0.0,168.6296901576457,77.99862779950662,715.3433551796332,0.0,-0.0,1030.2518669929595
t549,0.0,0.0,0.0,0.0,0.0,0.0,0.0,0.0,0.0,0.0,0.0,0.0,0.0,0.0,0.0,0.0,0.0,0.0,0.0,0.0,-0.0,0.0,0.0,-0.0,194.3021823349449,0.0,-0.0,31.753322147558883,24.028101155283657,0.4717487216838876,0.0,-0.0,53.81016001515852,0.0,1.233227774711338,0.0,0.0,14.631831751842128,320.2305739011833
t550,0.0,0.0,0.0,0.0,0.0,0.0,0.0,0.0,0.0,0.0,0.0,0.0,0.0,0.0,0.0,0.0,-0.0,-0.0,16.295159863206102,1.8844742698945838,0.0,18.456762702202834,66.12287658777171,22.502839811094145,180.39306532457067,0.0,0.0,26.44930575608431,20.014491436231584,0.0,4.570937068585041,0.0,0.0,160.6040898175656,0.0,142.79750133371226,-0.0,172.97019548942347,833.0616994603424
t551,0.0,0.0,0.0,0.0,0.0,0.0,0.0,0.0,0.0,0.0,0.0,0.0,0.0,0.0,0.0,0.0,7.747309398375839,5.889536226316325,11.620964097563755,1.3439210180856047,0.0,1.423248123160736,47.15581689929783,16.047998039492807,125.08992289350809,0.0,0.0,21.30139016850453,16.11900497650259,31.916344665225747,3.681280515697931,0.0,0.0,32.66622002478863,44.06814442578203,0.0,-0.0,81.31867408235848,447.3897755546609
t552,0.0,0.0,0.0,0.0,0.0,0.0,0.0,0.0,0.0,0.0,0.0,0.0,0.0,0.0,0.0,0.0,6.020203944756044,4.576583611064543,0.0,0.0,0.0,0.0,0.0,0.0,-0.0,0.0,0.0,14.499406119176127,10.971866039846367,0.0,0.0,0.0,0.0,0.0,0.0,0.0,0.0,0.0,36.06805971484308
t553,1045.740578620262,0.0,0.0,203.31963779630587,0.0,0.0,0.0,0.0,0.0,0.0,0.0,0.0,0.0,0.0,0.0,0.0,0.0,0.0,0.0,0.0,0.0,0.0,0.0,0.0,0.0,0.0,0.0,0.0,0.0,0.0,0.0,0.0,0.0,0.0,0.0,0.0,0.0,0.0,1249.060216416568
t554,1045.7405786202626,240.0,0.0,1287.0946750790386,0.0,0.0,0.0,0.0,0.0,0.0,0.0,0.0,0.0,0.0,0.0,0.0,0.0,0.0,0.0,0.0,0.0,0.0,0.0,0.0,0.0,0.0,0.0,0.0,0.0,0.0,0.0,0.0,0.0,0.0,0.0,0.0,0.0,0.0,2572.835253699301
t555,1829.9999999999998,240.0,0.0,1490.0,0.0,0.0,0.0,0.0,0.0,0.0,0.0,0.0,0.0,0.0,-0.0,0.0,0.0,0.0,0.0,0.0,0.0,0.0,0.0,0.0,0.0,0.0,0.0,0.0,0.0,0.0,0.0,0.0,0.0,0.0,0.0,0.0,0.0,0.0,3560.0
t556,1005.8061492873474,240.0,342.3014226367246,1490.0,0.0,0.0,0.0,0.0,0.0,0.0,0.0,0.0,0.0,0.0,133.65344349824227,0.0,0.0,0.0,0.0,0.0,0.0,0.0,0.0,0.0,0.0,0.0,0.0,1.1718591920914185,0.8867592208611237,1.7558225814389872,0.20251928990841625,1.0735488571844203,1.9858687651213633,7.115702040568529,2.4243328588065753,0.0,0.0,0.0,3228.3774282282952
t557,1830.0,240.0,-0.0,1067.0683555142318,0.0,0.0,0.0,0.0,0.0,0.0,0.0,0.0,0.0,0.0,0.0,0.0,0.0,0.0,0.0,0.0,0.0,0.0,0.0,0.0,0.0,0.0,0.0,0.6027726608011514,0.45612494970020023,0.9031476276768929,0.10417044305791713,0.5522044845594442,1.0214771600824883,3.6601245963747764,1.247011226120503,0.0,38.7468126749918,0.0,3184.362201337597
t558,0.0,0.0,1166.7,529.5860277901833,0.0,0.0,0.0,0.0,0.0,0.0,0.0,0.0,0.0,0.0,0.0,0.0,0.0,0.0,0.0,0.0,0.0,0.0,0.0,0.0,0.0,0.0,0.0,2.3218776755806365,1.7569913283336696,3.478920745458906,0.40126409494094895,2.127089279978234,3.934725591168528,14.09878407370188,4.803481835555242,0.0,135.7081426163801,-0.0,1864.917305031281
t559,0.0,240.0,1166.7,0.0,0.0,0.0,0.0,0.0,0.0,0.0,0.0,0.0,0.0,0.0,0.0,0.0,10.489594974629352,7.974232914386596,15.734392461944026,1.8196236180479486,9.633301507312666,17.821607788528436,63.847381656800074,13.357107919663797,0.0,0.0,0.0,5.965986544839272,4.514530086782738,8.938969772720586,1.0310345874470555,5.465484317923226,10.110144983704135,36.22635118418343,12.342384915749703,0.0,373.84488044467713,0.0,2005.8170096793401
t560,0.0,0.0,884.8638585678146,0.0,0.0,0.0,0.0,0.0,0.0,0.0,0.0,0.0,0.0,0.0,0.0,0.0,13.151741004300241,9.99800719204457,19.727611506450355,2.2814244599296334,12.078129493745118,22.344539563428466,80.05115825576625,27.242892080336205,244.3635620208617,1039.7855550387214,0.0,12.204394003252217,9.235204187024749,18.28611383373193,2.109148628078823,11.180535445932401,20.681942857860303,74.10688237880834,25.248352023506687,261.3070206320575,736.8459822101713,0.0,3527.0940553838236
t561,1695.6746908129523,0.0,1166.7,1490.0,0.0,0.0,0.0,0.0,0.0,0.0,0.0,0.0,0.0,0.0,1714.1314201921396,0.0,0.0,0.0,0.0,0.0,0.0,0.0,0.0,0.0,0.0,1010.4579244660156,-0.0,0.0,0.0,0.0,0.0,0.0,0.0,0.0,0.0,0.0,821.6195684743018,0.0,7898.583603945409
t562,1767.446493688696,240.0,1166.7,1490.0,2354.593816792311,0.0,0.0,-0.0,429.06505838891013,-0.0,2625.32796985103,1863.9881596043276,0.0,0.0,0.0,-0.0,0.0,0.0,0.0,0.0,0.0,0.0,0.0,0.0,0.0,744.7086149932138,0.0,0.0,0.0,0.0,-0.0,0.0,0.0,0.0,0.0,0.0,763.5020617848459,0.0,13445.332175103335
t563,0.0,240.0,1166.7,1490.0,3693.0,0.0,0.0,-0.0,0.0,-0.0,1860.05345294651,0.0,104.80825634240526,0.0,7819.467291269375,16663.169279719637,-0.0,-0.0,-0.0,-0.0,-0.0,-0.0,-0.0,0.0,-0.0,765.4721271412656,0.0,0.0,0.0,0.0,0.0,0.0,-0.0,-0.0,0.0,0.0,841.7264250368713,0.0,34644.39683245606
t564,1830.0,240.0,1166.7,1490.0,3693.0,0.0,0.0,-0.0,168.28652046307562,0.0,7425.528024829158,394.7605885421009,0.0,0.0,1056.1984625288237,28457.47194411504,0.0,0.0,0.0,0.0,0.0,0.0,-0.0,0.0,0.0,682.7783177018576,0.0,-0.0,-0.0,0.0,0.0,-0.0,0.0,0.0,0.0,-0.0,1031.7907156948693,0.0,47636.51457387493
t565,1830.0,240.0,1166.7,1490.0,3693.0,0.0,0.0,-0.0,0.0,0.0,7425.528024829158,0.0,38.040047670589416,0.0,0.0,30181.142273479498,0.0,0.0,0.0,0.0,0.0,0.0,0.0,0.0,0.0,0.0,0.0,0.0,0.0,0.0,0.0,0.0,0.0,0.0,45.30710925402104,0.0,-0.0,0.0,46109.717455233265
t566,1830.0,240.0,1166.7,1490.0,3693.0,0.0,0.0,-0.0,0.0,0.0,6146.921768155793,297.85963534581856,0.0,0.0,8166.175814682724,30181.142273479498,0.0,0.0,0.0,0.0,0.0,0.0,0.0,0.0,0.0,0.0,0.0,0.0,0.0,0.0,0.0,0.0,0.0,0.0,25.264951273703673,0.0,0.0,-0.0,53237.06444293754
t567,1830.0,240.0,1166.7,1490.0,3693.0,0.0,0.0,-0.0,0.0,0.0,5469.951312539974,0.0,0.0,0.0,5145.594407862901,30181.142273479498,-0.0,0.0,-0.0,-0.0,0.0,0.0,0.0,13.723683637042067,0.0,0.0,0.0,0.0,0.0,0.0,0.0,0.0,0.0,0.0,52.727939472275274,0.0,0.0,0.0,49282.83961699169
t568,1830.0,240.0,1166.7,1490.0,3693.0,0.0,0.0,-0.0,186.91025731280047,-0.0,2437.439990332116,0.0,104.80825634240526,0.0,2237.957244721039,23281.130636530423,0.0,0.0,0.0,0.0,0.0,0.0,0.0,13.15939319473098,0.0,0.0,0.0,0.0,0.0,0.0,0.0,0.0,0.0,0.0,0.0,-0.0,0.0,0.0,36681.10577843351
t569,1830.0,0.0,341.2166299888655,0.0,3693.0,0.0,0.0,-0.0,0.0,0.0,0.0,0.0,0.0,0.0,0.0,569.7013889838316,0.0,0.0,0.0,0.0,0.0,0.0,0.0,0.0,0.0,0.0,0.0,0.0,-0.0,0.0,0.0,0.0,0.0,0.0,0.0,0.0,0.0,0.0,6433.918018972697
t570,0.0,0.0,0.0,0.0,0.0,0.0,0.0,0.0,0.0,0.0,0.0,0.0,0.0,0.0,0.0,0.0,0.0,0.0,0.0,-0.0,7.494420095370712,-0.0,49.67135096542923,-0.0,0.0,0.0,0.0,0.0,0.0,79.60095217630858,9.18129683556527,0.0,0.0,0.0,109.90814561409687,0.0,0.0,0.0,255.85616568677065
t571,0.0,0.0,0.0,0.0,0.0,0.0,0.0,0.0,0.0,0.0,0.0,0.0,0.0,0.0,0.0,0.0,0.0,0.0,-0.0,-0.0,10.505579904629288,-0.0,0.0,0.0,0.0,0.0,0.0,-0.0,0.0,-0.0,-0.0,4.623452868885053,-0.0,-0.0,-0.0,0.0,0.0,0.0,15.129032773514341
t572,0.0,0.0,0.0,0.0,0.0,0.0,0.0,0.0,0.0,0.0,0.0,0.0,0.0,0.0,0.0,0.0,0.0,0.0,0.0,0.0,0.0,0.0,0.0,0.0,0.0,-0.0,0.0,24.79915313176046,0.0,37.15712038030552,-0.0,22.718687265002036,42.025410508520245,10.786629798134527,51.30428827426283,465.22137124031065,0.0,0.0,654.0126605982963
t573,0.0,0.0,0.0,0.0,0.0,0.0,0.0,0.0,0.0,0.0,0.0,0.0,0.0,0.0,0.0,0.0,0.0,-0.0,-0.0,0.0,0.0,-0.0,0.0,0.0,-0.0,0.0,0.0,19.355318411172046,14.646390274225826,0.0,0.0,0.0,0.0,117.52835122488528,40.042126847273714,362.6811331469117,0.0,-0.0,554.2533199044685
t574,0.0,0.0,0.0,0.0,0.0,0.0,0.0,0.0,0.0,0.0,0.0,0.0,0.0,0.0,0.0,0.0,0.0,0.0,-0.0,-0.0,0.0,0.0,0.0,24.771078920130744,0.0,0.0,0.0,15.098247321115943,11.425016009770621,22.6220383519405,2.6092608625418494,13.831615834445145,25.58595603075017,91.67878700523254,31.235132461301948,276.2106895741447,0.0,0.0,515.0678223713742
t575,0.0,0.0,0.0,0.0,0.0,0.0,0.0,0.0,0.0,0.0,0.0,0.0,0.0,0.0,0.0,0.0,9.632697721143625,7.3228161247469385,14.449046581715434,1.670978176116751,8.846355050029858,16.36575684255524,58.631675414920124,19.95344527951179,147.82759649132595,-0.0,0.0,10.018789431157353,7.581332270892562,15.011374097354894,1.7314350862570598,9.17828696210053,16.978149874947867,60.835568710332986,20.726790886941306,177.201421890048,0.0,0.0,603.9635168920983
t576,0.0,0.0,0.0,0.0,0.0,0.0,0.0,0.0,0.0,0.0,0.0,0.0,0.0,0.0,0.0,0.0,7.861709669558442,5.9765037794092235,11.792564504337658,1.3637659630866683,7.219937451635301,13.35688428552531,47.85214099889397,16.284970029799627,117.70851951103967,0.0,103.26562970163917,6.976871983740691,5.279478631991697,10.45360181456449,1.2057345877941128,6.391563931413452,11.82322265701023,42.36459682744556,14.433696570389715,120.04938957790394,0.0,100.32293659801849,651.9837190751974
