Line,1,2,3,4,5,6,7,8,9,10,11,12,13,14,15,16,17
t1,-0.0,1600.0,600.0,572.6004245607832,-256.5237160665455,1000.0,-697.186416087668,-415.9872175215105,-0.0,-911.7953813631839,1510.0,825.0361596665853,1589.3487197285713,2580.0,-0.0,1075.034535472516,300.0
t2,-0.0,106.71060790183428,-0.0,-0.0,-0.0,1000.0,-351.83713490157515,-475.13319581381165,-0.0,-333.12145742804574,1510.0,-595.3350481553389,377.7878219879084,2580.0,-0.0,768.8697567360433,300.0
t3,-0.0,-94.91556055152319,-0.0,760.0,-287.69539182430077,1000.0,-624.2883670215061,-483.01457382219405,-0.0,-512.0580169299565,1510.0,-1479.4861442786478,-339.5591559422906,2295.51681484898,-0.0,1320.0,300.0
t4,-0.0,-699.2029308456285,-0.0,165.42819869507775,-303.67951000311643,1000.0,-600.5472174662682,-488.4202151912373,-0.0,-486.77698137325206,1510.0,-1320.1195675576873,-420.59732374828235,2580.0,-0.0,1028.9473505319797,300.0
t5,-0.0,-1600.0,-0.0,760.0,-0.0,1000.0,-286.0247074629846,-490.57152281444723,-0.0,-71.9928795486926,1510.0,-2275.8148612795458,-568.3971731565458,2226.9232501904526,-0.0,1320.0,300.0
t6,-0.0,-0.0,-559.4136888742257,-533.0588611581384,-0.0,1000.0,-294.64161217742276,-489.10888777524315,-0.0,-120.65162896697984,1510.0,-909.7162593551811,-178.42019797717802,2580.0,-0.0,372.0735039067106,300.0
t7,-0.0,-0.0,-0.0,-550.3117355206757,159.418884855138,1000.0,-152.37376018961595,-520.9731591782502,2082.1613889762302,-2150.0,1510.0,307.6344496416541,-0.0,2133.9894475907017,146.681563222556,-0.0,300.0
t8,-0.0,-1600.0,-600.0,540.6482497565407,-0.0,1000.0,-336.9215879045808,-489.94979632080606,-2454.4073430117683,2150.0,1510.0,-3504.967884769123,-490.3429041783238,2507.8876113875813,-0.0,1320.0,300.0
t9,-0.0,-1600.0,-600.0,-0.0,-416.7630835170552,1000.0,-845.0304070980616,-480.72150074524893,930.2509970144556,-2150.0,1510.0,4044.435381854234,762.6030421761575,2580.0,350.0,1204.7955044808468,300.0
t10,-0.0,-1600.0,-600.0,-0.0,1747.1850433338732,1000.0,1300.0,-477.35906864260625,-1728.1313926164432,2150.0,1510.0,5330.470790803339,6231.876032874097,2580.0,350.0,1138.809062760461,300.0
t11,-0.0,-1600.0,-600.0,362.1759418809362,774.1595067506988,1000.0,294.6335016466168,-427.35477379024076,-3250.0,2150.0,1510.0,1369.8260005138413,4040.2348814206866,2580.0,350.0,1320.0,300.0
t12,-0.0,-1600.0,-600.0,440.18806974605104,507.41990762636306,1000.0,-8.88891656302576,-458.04893663451725,-3248.011971567226,2150.0,1510.0,2844.51029941885,5459.047733525742,2580.0,350.0,1320.0,-0.0
t13,-0.0,-1600.0,-600.0,486.49944174993334,1835.2258488548166,1000.0,1300.0,-386.0873490545548,-1236.727507699553,2150.0,1510.0,3458.829868040354,5652.032799727209,2580.0,350.0,1320.0,-0.0
t14,-0.0,-1600.0,-600.0,480.39341513911427,1843.2074408192072,1000.0,1300.0,-356.2564835385623,824.085157577874,-724.3499929355849,1510.0,5330.470790803339,5275.067086014377,2580.0,350.0,1320.0,-0.0
t15,-0.0,-1600.0,-600.0,563.8660020641453,647.9617495807032,1000.0,103.73162851594711,-415.5481780225698,-3250.0,2150.0,1510.0,5330.470790803339,7001.905236028089,2580.0,350.0,1320.0,-0.0
t16,-0.0,-1600.0,-600.0,-0.0,803.0175279836936,1000.0,255.80501618229107,-340.84043802256986,-3250.0,2150.0,1510.0,2021.5723669803729,4448.27676344385,2580.0,350.0,667.0879535440849,-0.0
t17,-0.0,-1600.0,-600.0,-0.0,1205.6300838725588,1000.0,645.4653288790212,-401.7038014745924,-2347.342984088189,2150.0,1510.0,-748.851475984693,2006.6744511096786,2580.0,350.0,593.5090311110702,-0.0
t18,-0.0,456.4826991086058,600.0,760.0,-0.0,1000.0,-560.2705659553723,-430.89060918666496,-957.5486650670559,-0.0,1510.0,2022.8857625005537,3382.6585137644392,2580.0,350.0,1211.8382781555604,300.0
t19,-0.0,-573.7669665733305,-0.0,760.0,-350.57352357450367,1000.0,-1013.9483644395185,-412.29494511528964,-1796.5496803221386,-0.0,1510.0,1581.7384201924222,4032.4307892698407,2580.0,350.0,1074.8550788271816,300.0
t20,-0.0,-663.6512841550732,-0.0,760.0,-116.0944704190003,1000.0,-773.5060935468998,-416.15562980915024,-1799.1040330781545,-0.0,1510.0,3903.147823742145,4514.885204989856,2580.0,350.0,1046.8059172017283,300.0
t21,-0.0,-464.6047006433498,-0.0,760.0,-300.93725999727275,1000.0,-1010.1127621550974,-419.5792893819409,-2209.959113523945,-0.0,1510.0,1295.4287858149949,3108.8335627482966,2580.0,350.0,1081.9235146931712,300.0
t22,-0.0,-0.0,352.76933736608794,760.0,-205.4655965287614,1000.0,-848.2163288304445,-456.4618990846828,-1877.0293159292312,-0.0,1510.0,1517.0012358726317,2584.861958807874,2580.0,350.0,1173.0381853366748,300.0
t23,-0.0,848.6637913323482,600.0,760.0,-138.66576749764621,1000.0,-716.102043500577,-406.59212998489244,-1892.0299527200918,-0.0,1510.0,888.9117378177781,2310.6365967401407,2580.0,350.0,1273.8070296001597,300.0
t24,-0.0,1600.0,600.0,760.0,-240.33718698093142,1000.0,-756.2040382843068,-450.9388974696054,-1712.9193408573192,-0.0,1510.0,174.09944968477853,3046.0006263988234,2580.0,337.06416175787217,1320.0,300.0
t25,-0.0,-0.0,-0.0,329.9417651517131,-0.0,1000.0,-486.251824709134,-449.1338952672768,-0.0,108.95993609582928,-0.0,4152.528735054162,6182.24725596723,1830.620200655492,-0.0,-0.0,-0.0
t26,-0.0,-0.0,-0.0,-0.0,-0.0,1000.0,-429.34464159304906,-433.0719100962895,-0.0,276.79520564294137,-0.0,3464.727694409937,5581.049186659033,2009.8704607693162,-0.0,-0.0,-0.0
t27,-0.0,-0.0,-0.0,-0.0,51.533550862456735,1000.0,-342.1014770612382,-507.8723078035361,-0.0,685.2565275761482,-0.0,2952.2168283244246,5677.2415160722085,1917.2823630424273,-0.0,-0.0,-0.0
t28,-0.0,-0.0,-0.0,-0.0,-0.0,1000.0,-374.6339067490659,-578.613090672228,-0.0,799.7726324291813,-0.0,567.6002708776489,5447.856993356346,1696.549700555062,-0.0,-0.0,-0.0
t29,-0.0,-0.0,-0.0,-0.0,-0.0,1000.0,-366.0615181831705,-647.2525724605841,-0.0,882.7224873318135,-0.0,2169.002667876921,5225.790479920126,1847.045929012046,-0.0,-0.0,-0.0
t30,-0.0,-0.0,-0.0,-0.0,-0.0,1000.0,-367.42654672394633,-580.5785448443494,-0.0,868.8600852267163,-0.0,1423.2477320743901,4462.115670020795,1853.3197896870229,-0.0,-0.0,-0.0
t31,-0.0,-0.0,-0.0,-0.0,161.09538321406833,1000.0,-236.98754000851167,-562.7482200322382,-0.0,996.2432552884843,-0.0,-0.0,4004.317330317986,1573.7757560488421,-0.0,-0.0,-0.0
t32,-0.0,-0.0,-0.0,760.0,-0.0,1000.0,-485.23028965486355,-485.57817210552076,-0.0,-0.0,790.9456032036494,334.83291969261893,1462.7153763766578,2580.0,49.61941823719746,1320.0,-0.0
t33,-0.0,-1600.0,-600.0,-760.0,-196.10962049000636,1000.0,-789.8983234745788,-465.48597539159016,-3250.0,1605.4102043756016,1510.0,-1008.2664639719233,2225.567705107003,1718.4554341907403,350.0,-957.338373336652,300.0
t34,-0.0,-1600.0,-600.0,-760.0,1229.1054512423018,1000.0,609.301486258197,-394.46245062224676,-3250.0,2150.0,1510.0,2797.869226070002,4414.264855319818,2580.0,350.0,-423.67017485028595,-300.0
t35,-0.0,-1600.0,-600.0,-0.0,1903.9475332252987,1000.0,1300.0,-322.3546952826826,-1075.0322307098384,871.7757365417938,1510.0,5330.470790803339,6933.250899331255,2580.0,350.0,635.6773991327366,-300.0
t36,-0.0,-1600.0,-600.0,-760.0,1916.8404184987232,1000.0,1300.0,-362.96762790488015,-2242.2616153330123,2150.0,1510.0,5330.470790803339,5858.302682133977,2580.0,350.0,-414.5429707227344,-300.0
t37,-0.0,-1600.0,-600.0,-0.0,1930.0,1000.0,1300.0,-435.7090454260515,-2119.82988511761,2150.0,1510.0,5330.470790803339,5881.569044278985,2580.0,350.0,654.2950702345395,-300.0
t38,-0.0,-1600.0,-600.0,-760.0,1905.9620857976859,1000.0,1300.0,-380.02963645803646,-652.4223955146362,722.223123999609,1510.0,5330.470790803339,6431.203268366279,2580.0,350.0,22.513701420113875,-300.0
t39,-0.0,-1600.0,-600.0,-760.0,1898.0375938332952,1000.0,1300.0,-443.186641974029,-1888.0731271481818,1751.333685409365,1510.0,5330.470790803339,7426.7082621627205,2580.0,350.0,-19.0782155579725,300.0
t40,-0.0,-1600.0,-600.0,-0.0,-704.9447969033511,1000.0,-1300.0,-385.47443734665245,-1393.5885595684122,-736.2866448684454,1510.0,5330.470790803339,4783.929094029917,2580.0,350.0,561.954661503886,-300.0
t41,-0.0,-1600.0,-600.0,760.0,968.0651932424641,1000.0,367.01665867252217,-447.32613183065996,-595.8795822147756,2150.0,-567.5562738398155,1564.8689438060583,3939.481867855364,2580.0,350.0,1242.43082157612,-300.0
t42,-0.0,-0.0,-0.0,476.15483721591596,-0.0,937.9019249892989,-625.4683573705637,-447.40476553535643,-0.0,44.28432407494613,-0.0,1642.5957673454195,2410.176315461454,2580.0,-0.0,531.8508705009233,-0.0
t43,-0.0,-0.0,-0.0,74.34670568948657,-0.0,852.4221404844077,-680.4351632034558,-435.8050176417286,-0.0,-0.0,-0.0,2295.4272794810636,2896.441374748407,2580.0,-0.0,-0.0,-0.0
t44,-0.0,-0.0,-0.0,31.036964851099633,-0.0,882.3617812230156,-664.4531647821733,-439.9218510799903,-0.0,-0.0,-0.0,2578.8207306787594,3270.947574733615,2580.0,-0.0,-0.0,-0.0
t45,-0.0,-0.0,-0.0,-0.0,-0.0,912.6941537510712,-634.5156040020025,-479.5908583766925,-0.0,45.07781001412751,-0.0,2083.06274768654,4906.997375555286,2533.900338960439,-0.0,-0.0,-0.0
t46,-0.0,-0.0,-0.0,580.009486504247,-0.0,1000.0,-600.582543616511,-420.75359403891247,-0.0,35.61704866445772,-0.0,4050.2415587923747,5727.924318334166,1868.2712011941564,-0.0,-0.0,-0.0
t47,-0.0,-0.0,231.40520487828692,760.0,-0.0,993.8555999561573,-559.6573589217086,-463.3851010107847,-0.0,204.90149366007017,-0.0,2323.5027972747826,4785.490273962895,1584.0940257436512,-0.0,-0.0,-0.0
t48,-0.0,-0.0,549.0167552244989,760.0,-0.0,1000.0,-506.71698915121056,-511.1376423942077,-0.0,240.61793211789018,-0.0,509.7656545370226,3583.6263211026635,1449.3434856373626,-0.0,-0.0,-0.0
t49,-0.0,1600.0,600.0,760.0,-15.38505741564347,1000.0,-171.07944314541862,-497.9022933781098,-0.0,141.37199941863236,1364.522666600428,827.1491596129813,4985.148405345947,443.08937296789213,-0.0,-859.3787725817929,-0.0
t50,-0.0,1600.0,600.0,760.0,146.85773788919434,1000.0,47.068720604942506,-576.5885535690259,-0.0,1060.246577964879,1109.4905232060946,932.4746372107836,5421.227939138111,1147.9460893776895,-0.0,-0.0,-0.0
t51,-0.0,1600.0,600.0,760.0,70.9178574444265,1000.0,-0.0,-515.0824838352081,-0.0,1020.1098486326892,1086.8198808415548,940.7792600018832,5241.999551746989,1350.202630574226,-0.0,264.81759738144876,-0.0
t52,-0.0,1455.9386512152016,600.0,760.0,48.4315531006112,1000.0,-8.397529405289092,-455.6702433356626,-0.0,2069.843586619403,-0.0,789.7297356763781,5547.227642445308,1957.4653674654085,-0.0,891.31780161821,-0.0
t53,-0.0,552.049546169514,-0.0,760.0,121.03765026325917,1000.0,69.32132640351156,-524.1433245207357,69.4348522224563,1948.1875747952106,216.86561302740517,-0.0,5609.541768388301,420.7303814284317,-0.0,-614.3456557424079,-0.0
t54,-0.0,158.65069052186806,-0.0,490.6532229521475,314.60464732229747,1000.0,256.025443398279,-589.9320210622254,444.9813437601635,1384.6564861101392,645.7216708819327,-0.0,5589.971821415539,-0.0,-0.0,-1320.0,300.0
t55,-0.0,-0.0,-0.0,-0.0,392.4799724107309,1000.0,153.08522432625915,-648.464904446645,233.10744353714063,2150.0,-0.0,-0.0,5841.862668243927,353.59035735410487,-0.0,-1320.0,300.0
t56,-0.0,-1039.6794087242315,-600.0,760.0,299.5987503766655,1000.0,-189.90612121032834,-627.9924782709671,-528.4514997255932,2150.0,-0.0,1077.0387939336867,6739.221525405075,-371.5141074212369,350.0,-1320.0,300.0
t57,-0.0,1116.583013355259,600.0,-760.0,601.0781132946921,1000.0,6.23960814852011,-545.8038014369755,-2561.0942780875507,2150.0,849.1425290623202,1999.0785824848745,7390.3375238154085,1349.4850252058077,350.0,-1320.0,300.0
t58,-0.0,-1600.0,-600.0,760.0,919.702944981009,1000.0,298.8682213570569,-473.5819133108817,-1782.023875886266,903.7293797099383,1510.0,5330.470790803339,7486.165412570501,2580.0,350.0,1320.0,300.0
t59,-0.0,-1600.0,-600.0,760.0,926.7203340935175,1000.0,310.7832760858919,-443.7965443329156,-1630.029327495753,707.5103406914122,1510.0,5330.470790803339,7540.437076326904,2580.0,350.0,1320.0,300.0
t60,-0.0,-1600.0,-600.0,613.4359665335486,820.0892108150828,1000.0,191.15513000528014,-372.02434171418986,-3250.0,2150.0,1510.0,5330.470790803339,7567.478024004547,2580.0,350.0,1320.0,300.0
t61,-0.0,-1600.0,-600.0,574.0695754929909,1254.1000921350992,1000.0,643.1336853552178,-311.357109848908,-3250.0,2150.0,1510.0,5330.470790803339,7382.652953636596,2580.0,350.0,1320.0,300.0
t62,-0.0,-1600.0,-600.0,658.9690314152955,984.3411850355607,1000.0,383.3160807111676,-385.302240880893,-3250.0,2150.0,1510.0,5330.470790803339,7511.354388722273,2580.0,350.0,1320.0,300.0
t63,-0.0,-1600.0,-600.0,751.5112406214039,1001.4320024594283,1000.0,404.3834191172306,-437.6532063968855,-2181.2468505967545,1380.8844744573516,1510.0,5330.470790803339,7693.822809946576,2580.0,350.0,1320.0,300.0
t64,-0.0,-1600.0,-600.0,760.0,1064.25784693116,1000.0,463.2327426067669,-458.5756718306592,-2806.0494516919143,2150.0,1510.0,4912.160491954149,7917.558960161729,2580.0,350.0,1257.3376945903942,300.0
t65,-0.0,-1600.0,-600.0,-0.0,577.5742749008115,1000.0,-0.0,-530.2404179773272,-0.0,1014.8816540137836,-0.0,4544.365913348701,7528.200360478499,1132.432967691825,-0.0,-1320.0,300.0
t66,-0.0,-1600.0,-0.0,-0.0,469.9506404185651,418.72364231655024,-0.0,-457.0322720059117,-0.0,1285.200394267493,-0.0,3843.891545242491,7313.565534153575,1232.2481825853722,-0.0,-1320.0,300.0
t67,-0.0,-1600.0,-0.0,-0.0,407.45530015408326,601.6332824602458,-0.0,-510.94103614010373,-0.0,500.1522647855772,-0.0,3305.2860708755825,7718.142439609446,1308.0848808801886,-0.0,-1320.0,300.0
t68,-0.0,-1600.0,-600.0,-0.0,397.4870835136658,459.55064060309195,-0.0,-446.16977319695485,-0.0,375.0156181213552,-0.0,5286.936858262827,7069.359416687235,1289.6631969595073,-0.0,-1320.0,300.0
t69,-0.0,-1600.0,-600.0,-0.0,371.5697202485804,283.19522322188425,-0.0,-518.8410352738905,-0.0,634.2996560366195,-0.0,3046.638386817544,6951.565576745873,1356.1394222649562,-0.0,-1320.0,300.0
t70,-0.0,-1600.0,-37.13407261124263,-0.0,341.6650703273279,294.98496534778326,-0.0,-589.9198233789201,-0.0,768.642824754557,-0.0,3044.651743893977,6100.051587205178,1163.2429141903078,-0.0,-1320.0,300.0
t71,-0.0,-900.351809025165,-0.0,-0.0,288.83352213311537,851.8030686413819,-0.0,-534.0360594612814,-0.0,1055.6889480594423,-0.0,-0.0,4136.899995605961,1064.2021518830404,-0.0,-1320.0,300.0
t72,-0.0,765.8734054808098,-0.0,156.99079509827965,-99.1157245821522,1000.0,-318.36599972661423,-484.0772948939829,50.52515540200452,-0.0,1510.0,-0.0,2348.5054639361174,1259.1642503784196,-0.0,-965.516738952768,300.0
t73,-0.0,1600.0,600.0,760.0,-0.0,1000.0,-494.500361156086,-573.9182613747969,-1267.8381469379453,-217.95517049888167,1510.0,-0.0,1366.424609620546,2580.0,200.6032316917442,1320.0,-0.0
t74,-0.0,749.7153519687731,600.0,760.0,142.17340259646136,1000.0,-268.71075507365333,-655.9455995487491,-3250.0,2150.0,1510.0,-3270.5383004100313,664.179613597642,2580.0,303.93803806467054,1320.0,300.0
t75,-0.0,1600.0,-0.0,760.0,-0.0,1000.0,-382.09992898047835,-594.8601389735549,-1111.0013234551218,-0.0,1510.0,-1293.450451952462,472.15438249451233,2095.845434986173,350.0,1320.0,300.0
t76,-0.0,1009.1426486513828,-0.0,760.0,-0.0,1000.0,-368.0681061019092,-605.9075710183943,-1037.8462282203732,-0.0,1510.0,-1083.3948041533886,428.58837737076556,2357.7982907638325,350.0,1320.0,300.0
t77,-0.0,-0.0,338.04827752676704,518.4910272031352,-0.0,1000.0,-352.0429475109545,-541.9972350139401,-1007.0314379494614,-0.0,1510.0,-1656.0834772236542,-0.0,2580.0,53.362701387100394,1320.0,300.0
t78,-0.0,670.2635046276209,600.0,760.0,-0.0,1000.0,-358.3089034569292,-608.0604416007191,-923.7367337643166,-0.0,1510.0,-2069.8717221544534,-3.632732149282416,2412.594374789902,-0.0,1320.0,-0.0
t79,-0.0,-0.0,600.0,690.6736733954231,142.9750434748786,1000.0,-247.73516993355642,-570.2043011678156,-0.0,-878.4709903314831,1510.0,-818.7892072437608,128.85953373034187,2580.0,-38.85596797429538,1320.0,-0.0
t80,-0.0,271.78747948799696,600.0,760.0,53.56106260658407,1000.0,-456.9132141839664,-558.8071802324386,1013.2777877510425,-2150.0,1510.0,1641.7091361307666,1450.118766070233,2289.034634233738,350.0,1320.0,-0.0
t81,-0.0,-1600.0,-600.0,-0.0,824.0210214035833,1000.0,230.98734566662898,-480.59966232336234,-3250.0,2150.0,1510.0,4654.543401891523,5339.560444252838,2580.0,350.0,834.7645671607736,300.0
t82,-0.0,-1600.0,-600.0,-0.0,1909.045458662277,1000.0,1300.0,-416.79649203518017,-1257.6031157910827,1169.327607074818,1510.0,5330.470790803339,6536.263281515215,2580.0,350.0,774.7017795837253,-0.0
t83,-0.0,-1600.0,-600.0,-0.0,714.2945497197421,1000.0,86.38339068758873,-478.4998554872027,-3250.0,2150.0,1510.0,5080.499004116465,7538.042295640576,2580.0,350.0,701.6835619871065,-300.0
t84,-0.0,-1600.0,-600.0,-0.0,1927.5474511997604,1000.0,1300.0,-409.28096997121025,-1896.7126229307707,1927.4285386324127,1510.0,5330.470790803339,7545.283350718184,2580.0,350.0,678.2683560270514,-0.0
t85,-0.0,-1600.0,-600.0,627.3046572783587,497.30702400227926,1000.0,-127.25803646083477,-351.6545389889124,-3250.0,1808.279373888331,1510.0,5330.470790803339,7445.669075143278,2580.0,350.0,1320.0,300.0
t86,-0.0,-1600.0,-600.0,-0.0,1913.6296277620768,1000.0,1300.0,-432.96289553688985,-1959.563103294348,2150.0,1510.0,4372.032471654741,6962.067630686377,2580.0,350.0,868.1655056046835,300.0
t87,-0.0,-1600.0,-600.0,-717.8944638772409,1906.642166043235,1000.0,1300.0,-364.8093210528823,-2024.5535756361905,2150.0,1510.0,5330.470790803339,6053.166822617335,2580.0,350.0,144.85208181480903,-0.0
t88,-0.0,-1600.0,-600.0,-0.0,1903.6597753065882,1000.0,1300.0,-417.0493465688748,-2463.1792790124036,2150.0,1510.0,5330.470790803339,7451.117045561722,2580.0,350.0,690.5818132680614,-300.0
t89,-0.0,-1600.0,-600.0,-760.0,1510.6979012431611,1000.0,902.0674747088287,-467.3810410528823,-687.8499881018606,445.9491551636356,1510.0,5330.470790803339,6781.87230722185,2580.0,350.0,-321.42432000925663,-0.0
t90,-0.0,-0.0,600.0,760.0,1142.6037906652746,-0.0,520.9115294657554,-526.6238477623097,-0.0,1310.2046343185327,-407.50747896685505,5119.084775751709,7864.262667087663,2580.0,350.0,1320.0,-300.0
t91,-0.0,1600.0,600.0,760.0,-0.0,1000.0,-652.0363720702056,-552.5080651668889,-1896.9716745435744,-0.0,1510.0,5330.470790803339,7754.387487027497,2580.0,-0.0,735.9477119293937,-0.0
t92,-0.0,1397.3912090536917,600.0,760.0,-0.0,1000.0,-644.7398510687156,-487.24382824980523,-338.9543240651214,33.7297788955614,-0.0,5330.470790803339,8065.14432852205,2580.0,-0.0,757.4260021510545,-0.0
t93,-0.0,395.3470620296745,600.0,760.0,17.538510737484412,1000.0,-601.7243616967287,-527.1443526624555,-117.93813529569351,-0.0,-0.0,5330.470790803339,7821.406214384513,2580.0,-0.0,820.9279344294639,-0.0
t94,-0.0,-0.0,600.0,760.0,-0.0,1000.0,-594.7940984434714,-532.7631359491463,-1398.0859920365772,-0.0,1510.0,5330.470790803339,7596.68868028733,2580.0,-0.0,887.297869141968,-0.0
t95,-0.0,-0.0,600.0,760.0,-0.0,1000.0,-548.9760372635558,-577.2534873455163,-959.7890956880755,-0.0,1055.3329673939793,5330.470790803339,7247.677462488919,2580.0,-0.0,1216.403295916997,-0.0
t96,-0.0,1600.0,600.0,760.0,66.79186676280769,1000.0,-434.65918658596905,-520.3510455589759,-0.0,-0.0,692.9382721572605,5330.470790803339,6886.169347105501,2580.0,29.089268334016612,1320.0,-0.0
t97,-0.0,1600.0,600.0,760.0,481.56987981569887,1000.0,-0.0,-663.6122458050966,-798.6843576871457,-0.0,1510.0,1507.5218608478247,3226.592677589954,2580.0,110.32658317863137,1320.0,-0.0
t98,-0.0,1600.0,600.0,760.0,392.8310569380146,1000.0,-0.0,-672.8204242635769,-703.182458941267,-0.0,1510.0,1903.8180683840196,3716.483348588051,2572.3592030769364,-0.0,1320.0,-0.0
t99,-0.0,1600.0,600.0,760.0,368.5622220545948,1000.0,-0.0,-644.3447238970837,-667.0685567313903,-0.0,1510.0,1089.4434772375741,3110.4629878847095,2434.962258787324,-0.0,1320.0,-0.0
t100,-0.0,1600.0,600.0,760.0,173.17399800107742,1000.0,-173.63009765133572,-663.0500189024737,-784.3085094694708,-0.0,1510.0,954.290844889755,3187.7528119872154,2384.6064710554097,-0.0,1320.0,-0.0
t101,-0.0,1600.0,600.0,760.0,108.71146240650069,1000.0,-228.142811373995,-598.0215319798294,-891.3931126582934,-0.0,1510.0,296.0714383545774,2460.4614174514086,2361.2046490617754,-0.0,1320.0,-0.0
t102,-0.0,1600.0,600.0,760.0,-2.0845738612362874,1000.0,-348.84611526035656,-563.5436564666975,-656.089592755181,-415.5269165056328,1510.0,-0.0,1706.3878026683174,2385.3293509308405,-0.0,1320.0,-0.0
t103,-0.0,1600.0,600.0,760.0,201.8926743350853,1000.0,-140.4692748442304,-632.1312306831164,-766.3383816552002,-0.0,1510.0,358.89726379237305,2530.1774161116778,2356.9137770226816,-0.0,1320.0,-0.0
t104,-0.0,1600.0,600.0,760.0,-0.0,1000.0,-360.90604902561347,-602.9293665443886,-766.0810600981323,-221.246620057998,1510.0,-0.0,2039.1386640052722,2308.896515571726,-0.0,1320.0,-0.0
t105,-0.0,-1600.0,-600.0,518.8322234502516,1111.3733855993366,1000.0,695.4819576120397,-560.154344886963,-2618.9037846849606,2150.0,1510.0,4245.265758658496,5227.387443233896,2580.0,350.0,1320.0,300.0
t106,-0.0,-1600.0,-600.0,-760.0,1750.556344700404,1000.0,1300.0,-625.3207393744045,-1543.9848835795337,2150.0,1510.0,5152.441566041579,6104.438455228269,2580.0,350.0,348.91710359283206,300.0
t107,-0.0,-1600.0,-600.0,-760.0,1794.049961229465,1000.0,1300.0,-546.9595743740434,-428.0321593741234,506.14097212326215,1510.0,5330.470790803339,6412.810637411061,2580.0,350.0,-33.47589099685888,-300.0
t108,-0.0,-1600.0,-600.0,-760.0,1813.9596532071935,1000.0,1300.0,-502.1817137720809,-1309.4191031772116,1653.5162745924308,1510.0,5330.470790803339,6597.764480981877,2580.0,350.0,201.10247841761043,-0.0
t109,-0.0,-1600.0,-600.0,-0.0,1827.877476644877,1000.0,1300.0,-567.6450772241035,-333.9458587843878,738.3688268249816,1510.0,5330.470790803339,6584.349076131015,2580.0,350.0,951.7867891065828,300.0
t110,-0.0,-1600.0,-600.0,-760.0,1830.8598673815234,1000.0,1300.0,-511.5773372241034,117.63803551507687,326.47221166865074,1510.0,5330.470790803339,6276.735825853844,2580.0,350.0,315.0562106942515,-0.0
t111,-0.0,-1600.0,-600.0,-283.9680429914795,1826.883346399328,1000.0,1300.0,-578.4973627400959,181.21598811045988,331.91735906508165,1510.0,5330.470790803339,6279.5462434919555,2580.0,350.0,785.196064999151,-0.0
t112,-0.0,-1600.0,-600.0,-760.0,1822.8782754171327,1000.0,1300.0,-496.5068082560884,-408.4871772324268,706.2583912092596,1510.0,5330.470790803339,6799.928049311358,2580.0,350.0,126.56850502842985,-300.0
t113,-0.0,-1600.0,-600.0,-0.0,1823.8724056626818,1000.0,1300.0,-488.3994856025322,-645.6768617736211,783.4805026684653,1510.0,5330.470790803339,7350.227540446563,2580.0,350.0,693.7520664974998,-300.0
t114,-0.0,-317.09894785274474,-0.0,760.0,1841.3846887421646,490.43335528135253,1300.0,-557.9828989705113,1151.6507451002972,2150.0,-1510.0,3748.3577044349145,7143.153402267645,2580.0,279.84861328005735,1320.0,-300.0
t115,-0.0,1275.0299956520755,600.0,760.0,14.506061609810727,1000.0,-576.310885788424,-578.8888123473159,-1219.7311396274965,-0.0,1510.0,5330.470790803339,7233.172796544366,2580.0,350.0,1320.0,-0.0
t116,-0.0,-0.0,600.0,760.0,-0.0,1000.0,-592.0828662193487,-506.22654952540887,-1665.7230081691227,-0.0,1510.0,5330.470790803339,8214.34980820046,2580.0,350.0,1320.0,-0.0
t117,-0.0,-0.0,600.0,760.0,193.57622283661104,1000.0,-372.649665858856,-546.8830567138341,-1259.3445814592221,-0.0,1510.0,5330.470790803339,7588.7619520819635,2580.0,278.94161309732783,1320.0,-0.0
t118,-0.0,850.8755436111313,600.0,760.0,-0.0,1000.0,-565.8462679584751,-579.4853730461896,-1372.8309902787,-0.0,1510.0,5330.470790803339,7661.918622565437,2580.0,350.0,1320.0,-0.0
t119,-0.0,1600.0,600.0,760.0,241.7906505296091,1000.0,-291.5935840793071,-641.9858391244722,-533.6017417758533,-0.0,1510.0,5330.470790803339,7055.248642858928,2580.0,-0.0,1320.0,-0.0
t120,-0.0,1600.0,600.0,760.0,500.5048299765589,1000.0,-0.0,-649.8948375132875,-325.2412079505325,-0.0,1510.0,5256.7240109859695,6808.900070287079,2580.0,197.13901071712655,1320.0,-0.0
t121,-0.0,1600.0,600.0,562.8997396795696,-0.0,1000.0,-475.6307076152873,-584.0391439465434,-1016.0630457148206,-146.33676218922275,1510.0,-0.0,1549.4620061622534,2580.0,350.0,1320.0,-0.0
t122,-0.0,1600.0,600.0,760.0,-0.0,1000.0,-376.91548030840767,-539.637736555327,-0.0,-976.8415636008446,1510.0,-0.0,767.5438569346865,2105.4807724801544,350.0,1320.0,-0.0
t123,-0.0,-667.3560524204458,600.0,760.0,-0.0,1000.0,-347.34710705592795,-601.4901806979124,-809.7825747647973,-0.0,1510.0,-2176.189442923392,274.62015870892134,2053.376897570898,350.0,1320.0,-0.0
t124,-0.0,1440.496416250273,600.0,557.3031601185547,-50.243777484706236,1000.0,-392.1172691558677,-603.4997302481183,-898.7564816022931,-0.0,1510.0,-1288.3205856403472,651.0138972883512,2580.0,350.0,1320.0,-0.0
t125,-0.0,1499.9673305813594,600.0,760.0,-242.39872931042257,1000.0,-570.2846117720214,-607.994513318084,-980.8667943705993,-0.0,1510.0,-1288.828231715784,1298.214166494577,1969.1609914748342,350.0,1320.0,-0.0
t126,-0.0,1600.0,600.0,726.485844611902,-0.0,1000.0,-333.3948013355682,-674.0678157913962,-943.871685165328,259.08592660316447,1510.0,-0.0,2552.6747259889576,2247.026941132141,350.0,1320.0,-0.0
t127,-0.0,679.1141423142008,600.0,760.0,363.5755382592949,1000.0,-0.0,-670.1864782306952,-366.54318078083736,-0.0,1510.0,411.6833764847494,2855.1385863970972,2048.414048739826,350.0,1320.0,-0.0
t128,-0.0,1600.0,600.0,760.0,462.6788673209585,1000.0,-5.721010147995651,-668.1881724746945,-2574.4571030121792,2150.0,1510.0,18.47663058125636,4384.113934921406,2140.487898848076,350.0,1320.0,-0.0
t129,-0.0,-1600.0,-600.0,760.0,840.6065117173644,1000.0,267.752734791648,-582.1841145094866,-2591.127451926866,2150.0,1510.0,693.4110463602356,4964.076802632926,1540.067694973681,350.0,546.877988206078,300.0
t130,-0.0,-1600.0,-600.0,760.0,1891.5861347247583,1000.0,1300.0,-568.5632001295883,-2337.5876705943233,2150.0,1510.0,5330.470790803339,6779.172810885503,2328.1111759369196,350.0,1212.9509624467883,300.0
t131,-0.0,-1600.0,-600.0,-760.0,1916.3860656336872,1000.0,1300.0,-564.2169263146677,1570.7678846677118,-383.11191525204686,517.0001885703368,5330.470790803339,6726.035765644388,1347.9204082126184,350.0,-1320.0,300.0
t132,-0.0,-1600.0,-600.0,-760.0,1910.1333370254304,1000.0,1300.0,-521.7193034467294,-917.4596825913286,711.3092846008276,1510.0,5330.470790803339,6905.290491126826,2580.0,350.0,-96.14616233633457,300.0
t133,-0.0,-1600.0,-600.0,-760.0,1911.127467270979,438.3982134418432,1300.0,-594.6567037547096,1168.8056035343625,-939.6920495402874,1510.0,5330.470790803339,5352.471337772262,2580.0,350.0,-80.30885940616183,300.0
t134,-0.0,-1600.0,-600.0,452.31917564174404,1915.1305826478451,1000.0,1300.0,-598.8664355025668,412.82647184164256,-36.698977801103865,1510.0,5330.470790803339,6400.766691423973,2580.0,350.0,1320.0,-0.0
t135,-0.0,-1600.0,-600.0,-760.0,1904.1685555521371,898.3123657405426,1300.0,-528.4271551945864,-1484.1302020966887,2006.9990130671576,1510.0,5330.470790803339,6688.027752570405,2580.0,350.0,102.1254821546497,-0.0
t136,-0.0,-1600.0,-600.0,760.0,1905.162685797686,1000.0,1300.0,-449.4451210185592,117.20870225333951,-25.03427907785317,1510.0,5330.470790803339,5720.318274129666,2460.822737110815,350.0,1320.0,300.0
t137,-0.0,-1600.0,-600.0,760.0,1909.1106567798813,1000.0,1300.0,-498.97681550256675,250.8890376763854,-268.0831413021906,1510.0,5330.470790803339,5827.57498953504,2580.0,350.0,1224.105618398201,-0.0
t138,-0.0,1600.0,600.0,760.0,1100.2724773981522,1000.0,478.5381540322148,-543.6943732187127,-630.6838535200476,-0.0,1510.0,3056.966955703658,4355.901421486943,2580.0,350.0,1289.1986016661026,-0.0
t139,-0.0,717.0458852111943,600.0,760.0,-86.03216563039686,1000.0,-751.181557370114,-547.2141081410934,-2076.746611174952,-0.0,1510.0,4330.62572910464,5806.732161093993,2580.0,350.0,1320.0,-0.0
t140,-0.0,-0.0,362.8734053023924,760.0,-0.0,1000.0,-676.2713169921708,-538.9613442957145,-1987.5646034297642,-0.0,1510.0,5330.470790803339,6596.787852701995,2580.0,350.0,1021.9804074621163,-0.0
t141,-0.0,622.9482191836872,600.0,760.0,-0.0,1000.0,-660.666056492307,-542.3999818252015,-1966.4672745428932,-0.0,1510.0,3107.4537706890274,6189.309276317637,2580.0,350.0,1062.2114785850158,-0.0
t142,-0.0,1039.536665072766,600.0,760.0,-0.0,1000.0,-634.2326817329629,-576.4737880375192,-1915.0699530232998,-0.0,1510.0,4410.003413503316,5681.223570593724,2580.0,350.0,1320.0,-0.0
t143,-0.0,1252.6906454104694,600.0,760.0,-88.50446008150134,1000.0,-667.5219885986724,-528.4779597211601,-1648.7338864445749,-0.0,1510.0,3965.810577653523,5359.607649561291,2580.0,350.0,1320.0,-0.0
t144,-0.0,1600.0,600.0,760.0,-0.0,1000.0,-514.1184212005206,-575.9770774682484,-1123.0648026963788,-0.0,1510.0,3058.0537950633698,6457.9739624082395,2580.0,327.31154276809286,1320.0,-0.0
t145,-0.0,1600.0,600.0,760.0,564.0409796834024,283.01747334934674,236.57224410476417,-430.79200212235736,-0.0,1122.6308469045462,-0.0,2108.2461876168813,5443.421816290459,2315.8746994653516,-0.0,1320.0,-300.0
t146,-0.0,1600.0,600.0,760.0,-0.0,566.9563962970001,-327.7198912018446,-490.7668601819523,-0.0,770.9477713403858,-0.0,2111.742316224672,5358.39258766239,2105.2301641227195,-0.0,1114.548834759264,-300.0
t147,-0.0,1600.0,600.0,760.0,1200.7516583727643,-0.0,935.5698484947411,-580.297958192128,199.87426071319172,2150.0,-0.0,90.71883188211142,4861.582164730007,2011.814985645683,-0.0,1194.3616024011358,-300.0
t148,-0.0,1600.0,600.0,293.59475205897206,247.31479032617054,716.6047108381379,-0.0,-649.057914030438,-0.0,1548.1784895682513,-0.0,714.1836720639354,4386.2381435232555,2580.0,-0.0,1320.0,-300.0
t149,-0.0,1600.0,-0.0,299.5380624637888,969.1482129576145,-0.0,709.3153780781074,-683.2627293780098,-0.0,758.1049558994305,1507.9425164039458,1772.366357916502,4047.188052701121,2580.0,-0.0,1320.0,-300.0
t150,-0.0,561.2023318731034,-0.0,278.6869482201763,285.5708697331254,867.6309824755656,-0.0,-640.6615834196892,-0.0,2150.0,-749.1336989680954,-0.0,3842.6984330561436,2346.5939377450054,350.0,1320.0,-300.0
t151,-0.0,1600.0,600.0,760.0,-198.4422915167644,1000.0,-570.5364475449176,-636.9604291912652,-0.0,-919.2033481492696,1510.0,1720.7936243293877,3107.566710393905,2277.941430801,-0.0,1320.0,88.97021325767491
t152,-0.0,-1600.0,-600.0,-0.0,1568.2863366999775,1000.0,1086.4037102982852,-598.0803849460127,-2400.6185005596276,2150.0,1510.0,5112.053475646181,5875.425858507646,2580.0,350.0,943.7948518173592,-0.0
t153,-0.0,-1600.0,-600.0,-0.0,1814.4983685256973,1000.0,1300.0,-533.9729731824947,-862.7333175339477,1204.8862447689062,1510.0,5330.470790803339,7019.29366648367,2580.0,350.0,918.9977914289697,-300.0
t154,-0.0,-1600.0,-600.0,-749.2194971054178,1827.306476644877,1000.0,1300.0,-467.05118008653966,-1871.6215190969697,2150.0,1510.0,5330.470790803339,6537.6228085467665,2580.0,350.0,178.1490079230116,-300.0
t155,-0.0,-1600.0,-600.0,-760.0,1846.1949513103048,1000.0,1300.0,-533.2713180225699,-566.9526008827662,937.4498409616745,1510.0,5330.470790803339,6755.090898470167,2580.0,350.0,153.66302339181516,-300.0
t156,-0.0,-1600.0,-600.0,-760.0,1857.130384011342,1000.0,1300.0,-466.1661869905848,-1426.0415647087686,1699.4571907566606,1510.0,5330.470790803339,6823.340877939135,2580.0,350.0,149.79384404257848,-300.0
t157,-0.0,-1600.0,-600.0,-652.0824268765109,1865.0834259757328,1000.0,1300.0,-532.0146559586,-687.1385781912643,1016.0483242555283,1510.0,5330.470790803339,6819.6541737731395,2580.0,350.0,246.50333414415445,-300.0
t158,-0.0,-1600.0,-600.0,394.15410273578345,1871.0482074490258,1000.0,1300.0,-466.5095249266148,-541.3518671433551,818.5026736524242,1510.0,5330.470790803339,6644.346744831685,2580.0,350.0,1320.0,-300.0
t159,-0.0,-1600.0,-600.0,-760.0,1872.0423376945746,1000.0,1300.0,-533.2663249266149,-368.5243031857599,713.868809694829,1510.0,5330.470790803339,6534.395753849922,2580.0,350.0,168.03870316323446,300.0
t160,-0.0,-1600.0,-600.0,472.0139664922324,1877.0129889223188,1000.0,1300.0,-594.8289594106225,-904.7113769966186,1256.0690164231319,1510.0,5330.470790803339,7018.084309264042,2580.0,350.0,1320.0,-0.0
t161,-0.0,-1600.0,-600.0,-760.0,-124.33489243041994,1000.0,-707.3126628260318,-512.63799389463,-3250.0,1020.0118652138362,1510.0,5330.470790803339,7552.2883809542545,2580.0,350.0,-94.92561098321653,-0.0
t162,-0.0,-1600.0,-600.0,663.3183377754003,1884.9660308867094,1000.0,1300.0,-500.68382837863743,-2127.1080007042838,2150.0,1510.0,5109.476253216918,7992.509962963431,2580.0,350.0,1191.123950304507,-300.0
t163,-0.0,1600.0,600.0,760.0,1861.0007049935375,400.2239811587889,1300.0,-580.725722845386,1075.2611798394762,2150.0,-1510.0,4017.725481172313,7600.472244383229,2580.0,321.70166517937156,1320.0,-300.0
t164,-0.0,1600.0,600.0,760.0,-184.53873485208402,1000.0,-729.2272445398064,-617.6567937955214,-1216.1572450857336,-0.0,1510.0,5330.470790803339,7711.602549981594,2580.0,294.9218891183811,1320.0,-0.0
t165,-0.0,1141.7525096486854,600.0,760.0,-200.33579102818524,1000.0,-757.0407939301575,-579.7381221019795,-1808.33843511078,-0.0,1510.0,4638.041209093482,7622.399256657336,2580.0,324.7774484234108,1320.0,-0.0
t166,-0.0,465.8186664825916,600.0,760.0,-141.46864197722243,1000.0,-653.7665180669377,-589.9276725129407,-1637.2596771302567,-0.0,1510.0,3539.1862793719506,6946.494527815661,2580.0,208.3444620189513,1320.0,-0.0
t167,-0.0,385.0305549001881,600.0,760.0,-42.75254758670125,1000.0,-478.55399015392413,-539.8466248102598,-1100.563388816806,-0.0,1510.0,3899.944701491289,5609.263046787314,2580.0,13.589192797657194,1320.0,-0.0
t168,-0.0,1600.0,600.0,760.0,-9.609591621575623,1000.0,-375.31654269963855,-488.96928167522344,-959.4443151736856,-0.0,1510.0,3033.745216614652,5069.290113158084,2413.067982008031,-0.0,1320.0,-0.0
t169,-0.0,1600.0,-0.0,600.9104737336008,-0.0,992.0533357985861,-378.48764957239194,-672.4665887310658,-2053.019286850738,2150.0,720.7765094469536,-0.0,3693.465393468269,2277.0143479219655,350.0,1320.0,-300.0
t170,-0.0,-0.0,-404.24895261254665,459.6833832382905,-0.0,1000.0,-334.16733962021203,-682.9679049334977,-2798.1321174317,2150.0,1510.0,-2693.0323600267157,426.03066820873175,2580.0,-0.0,1320.0,-300.0
t171,-0.0,659.3304075166561,-0.0,760.0,483.0572478986243,1000.0,156.00573178960371,-687.4027974868113,-1201.6039364294472,1064.5183779193512,1510.0,-0.0,2746.1109269968442,2297.0431395043443,-0.0,1320.0,-0.0
t172,-0.0,99.70578869270096,600.0,-0.0,291.66445634797606,1000.0,-6.751113541753057,-689.2073091755842,-2369.822329841509,2150.0,1510.0,-1739.323983494889,2445.1866254050747,2580.0,-0.0,926.9331883404766,300.0
t173,-0.0,1600.0,-0.0,150.89148778763524,475.39574938165305,770.000033120258,169.47155409507832,-690.0554819216791,-0.0,-0.0,1510.0,-0.0,2487.9683321303464,1535.2006636956132,-0.0,15.097399330568406,-0.0
t174,-0.0,1600.0,-0.0,-0.0,-0.0,995.82642194761,-338.27760169425204,-689.1937054705346,-2101.0584280249545,1514.4564993580739,1510.0,-0.0,3890.561101777658,1574.5960473553714,350.0,179.05027947926604,-0.0
t175,-0.0,-1600.0,-600.0,85.47586752303505,545.3981509361828,1000.0,112.51374584242365,-630.3651896336248,-2558.119998768681,2150.0,1510.0,2212.5762434475246,5103.5985941007675,2580.0,350.0,1320.0,-0.0
t176,-0.0,-1600.0,-600.0,185.49094361845255,1802.6404184365847,1000.0,1300.0,-554.3357315706195,-1353.6084216711076,2150.0,1510.0,4794.55658601935,5756.1009738753155,2580.0,350.0,1320.0,-0.0
t177,-0.0,-1600.0,-600.0,-760.0,1838.3817081181699,1000.0,1300.0,-477.822138412751,-1064.871261786551,1416.6631461087563,1510.0,5330.470790803339,6220.150573887567,2580.0,350.0,286.87512242754764,-20.80951682543116
t178,-0.0,-1600.0,-600.0,-0.0,1860.2811235202441,1000.0,1300.0,-405.64689272697296,-917.589337410252,723.3230780407512,1510.0,5330.470790803339,6593.722541017553,2580.0,350.0,990.2574517720543,300.0
t179,-0.0,-1600.0,-600.0,-760.0,1875.2216272034768,1000.0,1300.0,-468.8581761789955,-1040.3721423711681,1295.567547367747,1510.0,5330.470790803339,6853.997289610335,2580.0,350.0,167.18356836601993,300.0
t180,-0.0,-1600.0,-600.0,-0.0,639.3318633621402,1000.0,60.133715176467895,-519.697724926615,-3250.0,2150.0,1510.0,3792.283710019089,6426.301447177499,2580.0,350.0,920.848362405965,-0.0
t181,-0.0,-1600.0,-600.0,-760.0,1875.2501772034768,1000.0,1300.0,-454.0120704426074,-514.4194243816598,786.5274900228951,1510.0,5330.470790803339,6615.065761202155,2580.0,350.0,169.137677998752,-0.0
t182,-0.0,-1600.0,-600.0,-0.0,1871.2736562212815,1000.0,1300.0,-525.8830359586,609.1365160717909,-251.25773681978626,1510.0,5330.470790803339,6590.089130038508,2580.0,350.0,995.1069935915398,-0.0
t183,-0.0,-1600.0,-600.0,311.39067324047636,1862.355034011342,1000.0,1300.0,-594.7051469905849,-1704.3232339548895,2150.0,1510.0,5330.470790803339,6175.989195275802,2580.0,350.0,1320.0,-0.0
t184,-0.0,-1600.0,-600.0,-0.0,1859.3726432746955,1000.0,1300.0,-524.028346990585,-426.9450144301066,772.4114413320831,1510.0,5330.470790803339,6635.153485381386,2580.0,350.0,981.3394377063664,-0.0
t185,-0.0,-1600.0,-600.0,-760.0,1861.3894537657932,1000.0,1300.0,-441.8685269905849,-634.6073925548699,783.1749422217172,1510.0,5330.470790803339,6493.9579511501815,2580.0,350.0,32.9454755319544,-300.0
t186,-0.0,-1600.0,-600.0,-0.0,1862.383584011342,1000.0,1300.0,-499.4653269905849,-822.9483484048217,927.8237244527136,1510.0,5330.470790803339,7610.359243000486,2580.0,350.0,671.206857347988,-0.0
t187,-0.0,-1600.0,-600.0,-0.0,1844.517789591463,1000.0,1300.0,-564.9141690545548,385.83252054702416,403.2423520763059,1133.449803820251,5330.470790803339,6500.114167504016,2580.0,-0.0,308.08171908387175,-0.0
t188,-0.0,427.6503960372789,600.0,760.0,745.7153623128038,-0.0,224.9194325105111,-575.5455040820257,189.52546528315656,2150.0,-1322.7401347609969,2983.394208364202,6654.945989642932,2580.0,224.8288225329005,1320.0,-300.0
t189,-0.0,-0.0,348.902671109411,760.0,-160.56202227419996,1000.0,-714.0031225967126,-567.8526680146015,-948.8175097147157,-0.0,1510.0,5330.470790803339,7284.689726291446,2580.0,308.98217620317996,1320.0,-0.0
t190,-0.0,-0.0,385.0234542513228,760.0,-329.10489525790626,1000.0,-857.7327755957189,-622.7847292121697,-1233.227757168958,-0.0,1510.0,3665.080108114133,6665.127644286156,2580.0,238.06962681787917,1320.0,-0.0
t191,-0.0,11.019276522053655,600.0,760.0,-43.79097772153712,1000.0,-508.3433035547114,-569.550399603626,-1126.6894478928086,-0.0,1510.0,2610.85518116211,6136.364972898344,2580.0,78.46295916318888,1320.0,-0.0
t192,-0.0,725.3415205334642,600.0,760.0,-0.0,835.7329012574942,-402.95866453559927,-606.3033455796797,-128.80519908291635,-0.0,961.2554483925055,999.9879854919222,4107.017393561857,1307.958558145899,-0.0,138.94201083526025,-0.0
t193,-0.0,-1600.0,-0.0,760.0,-0.0,757.6973703448923,-351.16282695226914,-612.7649891735259,-955.8448013900925,-0.0,1510.0,-2129.568304743757,587.516371067999,1092.508107717994,350.0,302.9338073786633,-0.0
t194,-0.0,-1600.0,-288.3419232120009,-760.0,-0.0,999.832398350731,-309.1118997366177,-687.8448275012347,-0.0,-657.2672377021972,1510.0,-1266.3207157333045,558.3710607147059,1173.97596084202,-0.0,-1287.5022681650755,-0.0
t195,-0.0,-1600.0,600.0,-291.5445308293062,-126.75050530420458,1000.0,-429.67757339578657,-687.6491555554248,-0.0,-0.0,829.3175504159248,-1899.0510603665625,109.85268586691382,2580.0,350.0,988.1680913029738,300.0
t196,-0.0,-1600.0,-0.0,-0.0,430.72580974701145,1000.0,143.47325239381388,-692.6628342236922,-95.49415475646492,-0.0,1510.0,-1151.948392735906,1065.695274218937,1793.2883080527035,350.0,484.17949944711836,-0.0
t197,-0.0,-0.0,-525.6473813090588,-0.0,555.5589923532211,821.917989170904,261.409104383917,-692.0843625033945,-0.0,-0.0,1510.0,-592.2146176093893,320.8532205073471,2580.0,350.0,1278.7960374651082,-0.0
t198,-0.0,-1600.0,128.46002471899533,760.0,119.56668052385078,1000.0,-215.6843080270974,-683.1923494664052,-589.8001952190461,-0.0,1510.0,-1712.7153550454113,16.835342350397696,2318.1419074543355,-0.0,1320.0,300.0
t199,-0.0,-1600.0,-600.0,-398.46625936974124,644.1042234511294,1000.0,210.19411573905768,-597.2290381593768,1060.2430239738374,-2150.0,1510.0,5330.470790803339,4233.5922633806085,2580.0,350.0,573.4636824701935,-0.0
t200,-0.0,-1600.0,-600.0,532.5885683967924,498.8566155508965,1000.0,-9.25597019840614,-513.7469318253451,-3250.0,2150.0,1510.0,5330.470790803339,6862.798868419654,2580.0,350.0,1320.0,-300.0
t201,-0.0,-1600.0,-600.0,636.3934151391145,663.3767680131621,1000.0,113.20312719395483,-473.62283802256974,-3250.0,2150.0,1510.0,2446.8215829185133,5495.03956645202,2580.0,350.0,1320.0,-300.0
t202,-0.0,-1600.0,-600.0,675.090541266713,1877.0151574490258,1000.0,1300.0,-402.6180249266148,-774.0604672936879,759.5120168799567,1510.0,5330.470790803339,5348.556120614166,2580.0,350.0,1320.0,-300.0
t203,-0.0,-1600.0,-600.0,699.222049514146,1888.9447203956117,1000.0,1300.0,-468.4604538946297,-2122.2674448731814,2150.0,1510.0,5330.470790803339,7668.48809182615,2580.0,350.0,1320.0,-300.0
t204,-0.0,-1600.0,-600.0,721.6588201359683,1893.9153716233557,1000.0,1300.0,-399.26646837863734,-2215.35955848395,2150.0,1510.0,5330.470790803339,7705.897244260881,2580.0,350.0,1320.0,-300.0
t205,-0.0,-1600.0,-600.0,720.6490362087366,843.2215701073062,1000.0,249.30619848395034,-420.9207283786374,-3250.0,2150.0,1510.0,5250.9535799677315,7252.319680368549,2580.0,350.0,1320.0,-300.0
t206,-0.0,-1600.0,-600.0,-760.0,994.843483745455,1000.0,403.9105028587457,-351.6809083786374,-3250.0,2150.0,1510.0,4911.386018847036,7080.167177466388,2580.0,350.0,-122.72331186676055,-300.0
t207,-0.0,-1600.0,-600.0,-610.8998142423031,955.6757672397567,1000.0,371.7016980718891,-286.50639941062235,-3250.0,2150.0,1510.0,5330.470790803339,7678.057609500328,2580.0,350.0,-0.0,-0.0
t208,-0.0,-1600.0,-600.0,641.4815981094705,1886.985009904514,1000.0,1300.0,-353.9060138946299,-2252.1089139029914,2150.0,1510.0,5330.470790803339,6514.633796126312,2580.0,350.0,1320.0,239.58402066198562
t209,-0.0,-1600.0,-600.0,-0.0,1899.9087030966489,1000.0,1300.0,-421.1172973466525,-1062.1534458194385,1032.6868983220493,1510.0,5330.470790803339,6595.881964244581,2580.0,350.0,628.2265937635141,-300.0
t210,-0.0,-1600.0,-600.0,-0.0,813.6610012450742,1000.0,199.8344747107416,-484.0885807986751,-3250.0,2150.0,1510.0,2563.8725614492696,4903.595898819256,2580.0,350.0,590.5792024204742,-300.0
t211,-0.0,-1600.0,-600.0,-760.0,824.7190929759882,1000.0,222.8221293882416,-546.7448573466527,-2876.853295347058,2150.0,1510.0,-375.7987668340111,2305.569426172951,2580.0,350.0,-412.36895355363885,300.0
t212,-0.0,-932.5011410589674,-0.0,721.155245423354,-168.33376868833943,1000.0,-733.7456201986747,-627.3906818392868,-1229.8886492082802,-0.0,1510.0,498.59355387358625,3237.237161382577,2580.0,350.0,1320.0,-0.0
t213,-0.0,1600.0,600.0,760.0,-80.91858012834582,1000.0,-647.9768331410465,-627.204328917614,-1493.3030743791517,-0.0,1510.0,333.8724709012241,2941.15651826785,2580.0,350.0,1320.0,-0.0
t214,-0.0,1600.0,600.0,760.0,-225.026024923253,1000.0,-757.0394597476346,-570.3257430866269,-1317.8407457481628,-0.0,1510.0,541.2202697910435,2361.013942966135,2580.0,266.67217626473047,1320.0,-0.0
t215,-0.0,1600.0,600.0,760.0,-340.50400889221817,1000.0,-816.8515166654588,-549.2469957496821,-1270.5651594894805,-0.0,1510.0,645.814238490258,2330.314072608832,2580.0,90.79611297151033,1320.0,-0.0
t216,-0.0,1600.0,600.0,760.0,-472.6796546655989,1000.0,-935.2393106798067,-530.6726311610965,-1383.0834007013973,-0.0,1510.0,529.2495436888044,2390.757760302875,2498.641855848181,-0.0,1320.0,-0.0
t217,-0.0,-252.06671599044043,-0.0,120.05605431388847,-130.65199254889407,1000.0,-464.1720092265545,-406.07359865934774,-1214.9065853021023,-0.0,1510.0,4313.272372676536,5664.735861394493,2580.0,350.0,1320.0,-0.0
t218,-0.0,-0.0,-0.0,613.8855456167378,29.44725766676509,1000.0,-265.67141459117425,-480.7084983531305,-393.4637543439466,-0.0,1510.0,2801.579639299261,4451.56845032313,2374.684485268892,-0.0,1320.0,-0.0
t219,-0.0,481.339474046185,600.0,760.0,-0.0,1000.0,-276.89802747268254,-552.0828825649717,-741.7248016100656,-0.0,1510.0,618.1934071368258,3877.8798580283155,1415.4238115910505,-0.0,579.2348075190442,-0.0
t220,-0.0,1600.0,600.0,760.0,-140.01887713673318,1000.0,-422.0885474613928,-570.6649287534528,-881.0446343891364,-0.0,1510.0,677.1413968719374,3674.417213283005,1668.0496735269319,-0.0,810.4249900543762,300.0
t221,-0.0,1600.0,600.0,760.0,-0.0,1000.0,-270.45405101140267,-573.2524026996871,-713.0254519371592,-0.0,1510.0,612.8390704047026,3151.699534385065,2149.2615853009356,-0.0,1320.0,300.0
t222,-0.0,1600.0,600.0,760.0,-0.0,1000.0,-301.0970710942716,-566.2056293369156,-881.5002692000247,-0.0,1510.0,1254.9087996527524,4236.304725016253,1639.9794881715707,-0.0,743.6642317603829,27.534631890273076
t223,-0.0,1595.7555109554942,600.0,760.0,1324.8009546641952,1000.0,949.6045197685606,-560.5561952813532,-0.0,322.1905833080692,1510.0,1551.2009357580298,5039.34745999176,1630.4378666440539,-0.0,665.5654083701502,300.0
t224,-0.0,-1600.0,-600.0,-0.0,1689.5013941375062,1000.0,1213.4931873616815,-460.2582459269172,-1729.5439479536672,1447.8663963643048,1510.0,5330.470790803339,6895.862033969994,2580.0,350.0,870.1031220684563,-0.0
t225,-0.0,-1600.0,-600.0,-0.0,1841.0218883481898,1000.0,1300.0,-518.3820344238276,-613.4232071873857,825.8347427596173,1510.0,5330.470790803339,7125.663673303073,2580.0,350.0,830.6357206771122,-0.0
t226,-0.0,-1600.0,-600.0,-0.0,1850.1502105736583,1000.0,1300.0,-514.7068648869172,-1980.3739769036981,2150.0,1510.0,5330.470790803339,7063.121368632516,2580.0,350.0,768.7805234808524,-0.0
t227,-0.0,-1600.0,-600.0,-0.0,1870.032815484635,1000.0,1300.0,-445.8551075615325,-1227.2615888918267,1311.7868368208983,1510.0,5330.470790803339,7272.223250705822,2580.0,350.0,752.9028515030031,-0.0
t228,-0.0,-1600.0,-600.0,-760.0,1880.9682481856723,1000.0,1300.0,-383.2482183084184,-1457.5674320825233,1519.9794379260074,1510.0,5330.470790803339,7234.921673984428,2580.0,350.0,42.55049334176053,-300.0
t229,-0.0,-1600.0,-600.0,-760.0,1883.9506389223186,1000.0,1300.0,-315.29423279242593,-2165.7006673388514,2150.0,1510.0,5330.470790803339,7206.377887520252,2580.0,350.0,36.52777363700007,-0.0
t230,-0.0,-1600.0,-600.0,-0.0,1886.9615796589653,1000.0,1300.0,-250.22024727643347,-1185.4446597851895,1121.5113728829565,1510.0,5330.470790803339,7120.491357057517,2580.0,350.0,826.4613757113739,-0.0
t231,-0.0,-1600.0,-600.0,-760.0,745.239218154711,1000.0,155.2952477590992,-321.77402727643346,-3250.0,2150.0,1510.0,4452.014943723037,7041.455521470592,2580.0,350.0,109.84315148609282,-0.0
t232,-0.0,-1600.0,-600.0,-0.0,1894.914621623356,1000.0,1300.0,-386.133641760441,-1274.6710130753556,1355.5717648960099,1510.0,5330.470790803339,7095.475609156891,2580.0,350.0,834.8309637912639,-0.0
t233,-0.0,-1600.0,-600.0,57.83333658289087,1901.8735333421976,1000.0,1300.0,-442.65607072845603,-1546.5114459644,1246.7352272634607,1510.0,5330.470790803339,7450.501837359526,2580.0,350.0,772.8856742707733,-0.0
t234,-0.0,-1600.0,-600.0,-0.0,312.5400820313216,1000.0,-288.33932106532734,-505.96985072845604,-3250.0,1752.9840648190875,1510.0,5330.470790803339,7355.564930741618,2580.0,350.0,670.0003779911156,-0.0
t235,-0.0,-1600.0,-600.0,516.6958422595834,1870.061365484635,1000.0,1300.0,-500.24098934040376,-365.10169913745125,2150.0,101.05104033847331,4232.172775380409,6997.328600760872,2580.0,350.0,1103.1186669636063,-300.0
t236,-0.0,-1348.8357181620595,-0.0,95.38765030302172,253.1722439073369,1000.0,-281.6772672711162,-513.4223614962585,-1262.6876348540939,-0.0,1510.0,3883.0075157137485,6656.182075996302,2580.0,350.0,824.8719278029112,-0.0
t237,-0.0,-0.0,293.80020502286254,760.0,-257.7809009310513,1000.0,-809.0657743296803,-510.45386231773614,-1852.4646537410074,-0.0,1510.0,4658.338541654869,6427.156572705451,2580.0,313.364968090925,1320.0,-0.0
t238,-0.0,205.011755160543,600.0,760.0,-438.3807724736651,1000.0,-971.0687246284016,-515.3883620246768,-1998.6923605695838,-0.0,1510.0,3659.8973640930203,7037.462639654593,2580.0,190.68268985391117,1320.0,-0.0
t239,-0.0,803.9826581657054,600.0,760.0,-166.3355046766048,1000.0,-634.3160080712894,-508.85498120202243,-1600.9878647285686,-0.0,1510.0,4759.75292148489,6407.527226213939,2580.0,58.105622411285275,1320.0,-0.0
t240,-0.0,387.5332514610643,600.0,760.0,-9.848339410156676,1000.0,-408.7826289376887,-457.44369081547893,-1029.7055070395306,-0.0,1510.0,4144.896312991973,5944.189009381166,2580.0,-0.0,1320.0,-0.0
t241,-0.0,252.74435603143607,600.0,760.0,800.1184707332069,-0.0,462.62196303431716,-502.3281924076172,361.90709778901066,2150.0,-1350.6052863569107,1123.1300038658728,5410.837882781971,2357.7426970710803,-0.0,1320.0,-300.0
t242,-0.0,1600.0,-600.0,666.0526210915464,-0.0,587.4943827637558,-336.7184960478264,-436.1640155302989,-0.0,1881.9281974392638,-1510.0,2105.0012949976863,5342.215231140645,2008.5972190977582,350.0,1320.0,-0.0
t243,-0.0,96.06441992158065,-600.0,760.0,-0.0,871.0897021771206,-281.0363740639495,-521.9827699718128,1587.1747004916376,-0.0,-1032.3498666029661,2205.9142940106685,3484.8977335545446,2155.865911480198,-0.0,1292.4187426446092,-300.0
t244,-0.0,540.6392237918471,-600.0,760.0,-0.0,944.3735821239427,-268.6881962159164,-588.2315991241957,1043.5115393952556,-0.0,-322.8534119982047,2172.6328808448857,4030.621529903126,1634.8013849679394,350.0,1142.4162855584282,-300.0
t245,-0.0,1600.0,-600.0,432.595358919787,398.5485495539235,609.0071487767602,124.7413926592501,-603.9237149580724,-2184.094188072446,1774.9457584616266,1510.0,-0.0,3429.7640065088012,1828.0227720988873,350.0,1044.5073828069224,-300.0
t246,-0.0,-1600.0,-600.0,-0.0,-700.3992097112704,1000.0,-1017.0389255349855,-523.1339332575438,426.25769207105344,-2150.0,1510.0,3076.024203853268,2074.8266066138044,2580.0,350.0,1314.0035873411725,-0.0
t247,-0.0,-1600.0,-600.0,300.510121219192,1677.4570478481612,1000.0,1300.0,-532.8428553650866,-1901.4515087707937,2150.0,1510.0,4156.145958631446,5341.059142050613,2580.0,350.0,1320.0,-0.0
t248,-0.0,-1600.0,-600.0,93.0753225488304,207.4423294776952,1000.0,-253.52165899656814,-450.0946039963361,-3250.0,2150.0,1510.0,2513.0332625722413,4910.453899906791,2580.0,350.0,1320.0,-300.0
t249,-0.0,-1600.0,-600.0,-760.0,317.6979398829801,1000.0,-196.94908185092027,-505.60141780442626,-3250.0,2150.0,1510.0,4640.639748810001,6112.224346339018,2580.0,350.0,341.7955699603703,-300.0
t250,-0.0,-1600.0,-600.0,-760.0,701.3658269213304,1000.0,155.90076757541613,-566.2790591924789,-3250.0,2150.0,1510.0,3626.826638132551,6352.333791272727,2580.0,350.0,273.0228271649953,300.0
t251,-0.0,-1600.0,-600.0,-760.0,491.56943885401415,1000.0,-78.748876630621,-493.357266096524,-3250.0,2150.0,1510.0,2380.490993550432,6457.738850932206,2580.0,350.0,202.59630918432663,-300.0
t252,-0.0,-1600.0,-600.0,-760.0,1885.2302691678676,1000.0,1300.0,-547.4936994106225,942.2848553230847,-640.6119496626952,1510.0,5330.470790803339,5748.883283262295,2580.0,350.0,170.35591751404,-300.0
t253,-0.0,-1600.0,-600.0,-760.0,1892.1891808867092,1000.0,1300.0,-545.5853683786376,1259.7251219305654,-966.9365558253712,1510.0,5330.470790803339,5679.805504711148,2580.0,350.0,154.53235692789914,-300.0
t254,-0.0,-1600.0,-600.0,-760.0,-705.8225586221929,1000.0,-1300.0,-481.1485683786375,-1012.9019683337947,-1333.525952798922,1510.0,5330.470790803339,5326.866586362448,2580.0,350.0,182.47641990138274,-300.0
t255,-0.0,-1600.0,-600.0,394.1808169432711,-704.8284283766441,1000.0,-1300.0,-413.59176837863737,-2927.693638527152,503.3437237754797,1510.0,5330.470790803339,5878.876372695949,2580.0,350.0,1320.0,-300.0
t256,-0.0,-1600.0,-600.0,426.6340462389683,1898.1539623600022,1000.0,1300.0,-477.4744028626449,1222.2942785840846,-976.4293065180927,1510.0,5330.470790803339,6164.257197312088,2580.0,350.0,1320.0,-300.0
t257,-0.0,-1600.0,-600.0,-0.0,1902.1304833421975,1000.0,1300.0,-536.3970373466526,193.86046202247107,13.898083670662345,1510.0,5330.470790803339,6495.76856153186,2580.0,350.0,805.3934581176502,-300.0
t258,-0.0,-1600.0,-600.0,-0.0,1896.1657018689045,1000.0,1300.0,-472.034402862645,-1886.58798388662,2150.0,1510.0,5330.470790803339,6901.309465088505,2580.0,350.0,836.6145252603342,-300.0
t259,-0.0,-1600.0,-600.0,-760.0,1861.3711432746954,1000.0,1300.0,-454.30772699058497,-843.7542010415888,852.176567946347,1510.0,5330.470790803339,7144.612913989565,2580.0,350.0,-141.3039727278449,-0.0
t260,-0.0,-388.4320413940966,-0.0,573.8536077180812,1826.258384680486,361.9460888035323,1300.0,-536.5221267628756,1124.2297580471184,2150.0,-1510.0,3119.3260957670263,6244.68936566972,2580.0,350.0,1320.0,-300.0
t261,-0.0,-460.610986552592,-0.0,276.9038336816287,-375.5011172755221,1000.0,-885.4441148317653,-539.3021793640833,-1695.7228847066197,-0.0,1510.0,3468.902544115735,6308.159240005325,2580.0,350.0,1320.0,-0.0
t262,-0.0,-967.5968913207604,-0.0,576.437662015025,-369.099899865464,1000.0,-874.7073928287292,-550.517942307592,-1501.7961175947714,-0.0,1510.0,5246.324013381062,6455.7231080620395,2580.0,350.0,1320.0,-0.0
t263,-0.0,-1187.0902798274897,-0.0,419.3479700440902,-226.53202072097477,1000.0,-671.2053622032258,-551.7813071885394,-1614.6924629303403,-0.0,1510.0,4962.340658420237,6431.6666156317315,2580.0,350.0,1320.0,-0.0
t264,-0.0,-723.3727749660034,-0.0,255.8868538825202,-207.95069656792094,1000.0,-589.4789119132693,-558.2414256861452,-1395.168156729256,-0.0,1510.0,2839.5198158724124,5958.532696609881,2580.0,350.0,1320.0,-0.0
t265,-0.0,-616.4260992394322,-0.0,-0.0,965.4544800486881,-1000.0,365.1088728128709,-503.53910491331044,1138.0053812266544,2150.0,-1510.0,3797.868459329505,7288.653688408489,2135.323878732207,-0.0,-406.69935049553254,-300.0
t266,-0.0,-0.0,-0.0,-0.0,1368.596584224453,-1000.0,815.4687433448729,-581.9252274711105,1927.039057786647,2150.0,-1510.0,2330.2500014659213,7135.447334972613,977.4329236805737,-0.0,-1320.0,-300.0
t267,-0.0,-1055.870793463142,-0.0,-0.0,1617.5028781318142,-1000.0,1098.1938543427384,-523.111176548552,2231.3468247881533,2150.0,-1510.0,1816.4261940070387,6751.722644668783,932.2961111729313,-0.0,-1320.0,-300.0
t268,-0.0,-581.4723148058017,-0.0,-0.0,1800.9003848353293,-1000.0,1300.0,-594.6170963835275,2545.7594038649013,2150.0,-1510.0,1644.0901073136447,6730.513020873192,827.9966231807534,-0.0,-1320.0,-300.0
t269,-0.0,-0.0,-0.0,-0.0,1435.6610199139984,-1000.0,1085.194500839949,-554.889975941143,2157.1296870633614,2150.0,-1510.0,1607.1060663625233,6733.185872523794,803.5661417212016,-0.0,-1320.0,-282.93156809184387
t270,-0.0,-670.2054413337462,-0.0,-0.0,-317.86714800928235,525.6134001076742,-840.1458901970738,-476.53782233445537,-1999.1662355322787,2150.0,-0.0,2626.4784721151036,7232.882692291138,1557.7337817838422,350.0,-243.88771648125447,-0.0
t271,-0.0,-1600.0,600.0,-302.81981327988456,1861.5276036959683,-0.0,1300.0,-422.89343043717463,284.6370363583328,1001.9862996268103,-0.0,5330.470790803339,6664.792787427834,2580.0,110.36144194829268,-0.0,-0.0
t272,-0.0,-511.449276103373,-600.0,760.0,-275.72704955674635,1000.0,-928.2921304888491,-337.58273908443454,-3250.0,957.0698415321122,1510.0,5330.470790803339,7528.454598798045,947.7095072902871,350.0,-445.5671140405585,-0.0
t273,-0.0,-1600.0,-600.0,378.5906449308974,1240.4347140047773,1000.0,506.02786060786707,-252.95085703857356,-3250.0,2150.0,1510.0,5330.470790803339,8168.74146683988,2580.0,350.0,866.0716754924887,-300.0
t274,-0.0,-1600.0,-600.0,-760.0,1787.9412870073888,1000.0,983.6470773483954,-281.5097336877163,-3250.0,2150.0,1510.0,5330.470790803339,8722.257304910194,1735.8763209060826,350.0,-1320.0,-300.0
t275,-0.0,-1600.0,-600.0,-760.0,1538.5453447185266,1000.0,677.2377654773079,-335.5215952324839,-3250.0,2150.0,1510.0,5330.470790803339,8900.0,2138.371119675412,93.47118392643547,-1320.0,-300.0
t276,-0.0,-1600.0,-600.0,-541.2434647294067,1595.7527877004857,1000.0,696.7142688968273,-393.7959273118465,-3250.0,2150.0,1510.0,5330.470790803339,8900.0,2355.5462782457207,-236.73501187679804,-1320.0,-300.0
t277,-0.0,-1600.0,-600.0,-463.0796736647502,1930.0,1000.0,1009.8113602222899,-441.49369433309346,-2943.6851783965667,2150.0,1510.0,5330.470790803339,8900.0,2406.392179314243,-350.0,-1320.0,-300.0
t278,-0.0,-1600.0,-600.0,-287.02004847983216,-358.66123924823864,1000.0,-1300.0,-372.49585882162813,-3250.0,2150.0,-578.7002392760633,5330.470790803339,8900.0,2365.4287451488763,-350.0,-1320.0,-0.0
t279,-0.0,-1600.0,-600.0,-166.711667903941,1930.0,1000.0,973.0285411369831,-431.4893064124559,-2848.9123277063263,2150.0,1510.0,5330.470790803339,8900.0,2272.598094481659,-350.0,-1320.0,-300.0
t280,-0.0,-1600.0,-600.0,-137.51478168411464,1930.0,1000.0,960.1545544571258,-360.0906771055768,-2928.247556058534,2150.0,1510.0,5330.470790803339,8900.0,2223.4181879684234,-350.0,-1320.0,-300.0
t281,-0.0,-1600.0,-460.89377780722975,-0.0,1930.0,1000.0,960.1260044571258,-382.28501400328383,-765.7606487115279,2150.0,-990.2949304492988,5330.470790803339,8900.0,2193.542952787668,-350.0,-1320.0,-300.0
t282,-0.0,-1600.0,-0.0,487.3131145653676,1816.2874692001933,-1000.0,863.88531272284,-384.51904951474904,89.0946647104586,2150.0,-1510.0,5330.470790803339,8900.0,1943.2937215274947,-350.0,-1320.0,-300.0
t283,-0.0,-1600.0,-600.0,-418.2824722706078,1930.0,-1000.0,1021.5602741684494,-425.23031590531855,144.62832300159758,2150.0,-1510.0,5330.470790803339,8900.0,2580.0,-350.0,-1320.0,-300.0
t284,-0.0,-1600.0,-126.0827961883674,-0.0,1930.0,-1000.0,1071.8278792864357,-503.9908038526679,374.88271020375703,2150.0,-1510.0,5330.470790803339,8900.0,2331.262166711138,-81.64367356429497,-663.8032025405558,-300.0
t285,-0.0,-629.0876870663569,600.0,760.0,-0.0,621.8306109801895,-711.6811331791167,-577.8902893351145,-1359.9127667830385,791.9917961684583,447.59222405734886,5330.470790803339,8900.0,2580.0,350.0,1076.2236057141968,-300.0
t286,-0.0,-1600.0,151.9598009952188,760.0,1382.1766578426334,-1000.0,560.4521403678608,-513.7366181138459,157.75858403390663,2150.0,-1510.0,5330.470790803339,8099.706643451969,2580.0,350.0,686.3786319706018,-300.0
t287,-0.0,-1600.0,-0.0,516.674010634897,1295.056759823737,-1000.0,560.2748746578814,-475.3694517465496,854.1038318641778,2150.0,-1510.0,4941.628166323541,7603.842007225005,2580.0,350.0,671.3583159329963,-300.0
t288,-0.0,-665.2808412411121,-0.0,760.0,1213.640132600551,-1000.0,570.0690273390967,-429.626249713016,1128.4883858858668,2150.0,-1510.0,3143.9048296275764,6135.184276921613,2580.0,350.0,1053.1032794003706,-300.0
t289,-0.0,-1600.0,-600.0,-760.0,659.9987243517726,-373.63395593541765,-0.0,-423.9374647596049,-0.0,1774.4395510484187,-631.2766220554919,-0.0,2762.617020601752,1899.7223785180643,-0.0,-1320.0,-300.0
t290,-0.0,-1584.853048755803,-0.0,-0.0,556.553873214595,-346.30027091980867,-0.0,-509.3848765251634,-0.0,2150.0,-529.721478665268,-0.0,5912.306219739129,999.4800586661955,-0.0,-1320.0,-300.0
t291,-0.0,-1600.0,-0.0,-0.0,524.2571398200289,-78.16974307938567,-0.0,-474.0356271876724,-0.0,2024.609491713362,-0.0,-0.0,4805.670286554284,906.7982286329546,-0.0,-1320.0,-300.0
t292,-0.0,-379.3413343487115,-0.0,-0.0,499.86606671041926,-52.537892615879805,-0.0,-479.9352230320341,-0.0,1107.1889242106831,-0.0,-0.0,3759.3090408388675,1118.5496819702626,-0.0,-1061.2138844574308,-300.0
t293,-0.0,-1287.4564868184666,-0.0,-0.0,489.04393888300723,-0.0,-0.0,-448.3586772756872,-0.0,1400.1213499478222,-0.0,-0.0,3675.2374253729035,1517.314324202271,-0.0,-612.8704598604075,-300.0
t294,-0.0,-0.0,-0.0,-0.0,483.6684283571017,-1.1372624367735251,-0.0,-517.2637963949289,-0.0,733.6299881746525,-0.0,-0.0,3297.1293328447405,1225.874524247199,-0.0,-879.1236281154719,-300.0
t295,-0.0,-1600.0,-600.0,-760.0,470.66240843856355,1000.0,-24.695131342513832,-452.39129611171796,1045.481468203226,-2150.0,1510.0,5330.470790803339,4277.432287984505,2580.0,242.09505597450385,-304.22566441276734,-0.0
t296,-0.0,-1600.0,-600.0,407.39555331784334,1338.9904385826496,1000.0,812.4694091835227,-385.7207998559957,-2321.0591077316067,1561.6456402925141,1510.0,5330.470790803339,6489.8974034101475,2580.0,350.0,1320.0,-300.0
t297,-0.0,-1600.0,-600.0,760.0,1882.8914541911859,1000.0,1300.0,-411.2786633337323,-2065.34367802772,2150.0,1510.0,5330.470790803339,7124.106137078192,2580.0,350.0,1320.0,-0.0
t298,-0.0,-1600.0,-600.0,760.0,1930.0,1000.0,1283.3130265903003,-458.8488150778526,-1432.2711137554716,1034.369357435241,1510.0,5330.470790803339,7779.3623391910205,2580.0,350.0,1317.8244520020942,-29.18327663256241
t299,-0.0,-1600.0,-600.0,760.0,1930.0,1000.0,1214.7180396474307,-375.7395323379653,-1024.573627652011,681.0315133359345,1510.0,5330.470790803339,7300.185000355695,2580.0,-324.3604267650898,451.9061389590555,300.0
t300,-0.0,-1600.0,-600.0,-436.35433278121116,1481.5191253037622,1000.0,700.6245687449699,-291.070249598078,-3250.0,2150.0,1510.0,5330.470790803339,7903.959225390251,2580.0,350.0,-324.2269871415033,-300.0
t301,-0.0,-1600.0,-600.0,760.0,1537.7461598278899,1000.0,714.1040027104976,-349.2053944381532,-3250.0,2150.0,1510.0,5330.470790803339,8382.759698137574,2580.0,350.0,819.8029914972478,-300.0
t302,-0.0,-764.642377362108,-600.0,760.0,1496.9619844852155,1000.0,665.3667854034326,-411.10727051504347,-3250.0,2150.0,1510.0,5330.470790803339,8900.0,1415.651693152819,350.0,-371.2839465355079,-300.0
t303,-0.0,-1600.0,-198.97840995426304,-760.0,1440.6013573527657,1000.0,599.0648558154944,-401.87893948305805,-3250.0,2150.0,1510.0,5330.470790803339,8596.868208731657,2580.0,-128.3492905951695,-1320.0,-300.0
t304,-0.0,-1600.0,-600.0,-4.017328068353121,-66.48483212201997,1000.0,-911.0037243959378,-473.1215739670656,-3250.0,2150.0,137.25510660623166,5330.470790803339,8133.536990178148,2531.4081710636347,-350.0,-786.7032916350691,-300.0
t305,-0.0,-1600.0,-600.0,-329.0939483384415,1930.0,1000.0,1085.4811077260822,-405.3247739670659,-2671.611569045765,2150.0,1296.7997245834952,5330.470790803339,8121.55081343586,2580.0,350.0,-358.714968951719,-300.0
t306,-0.0,-1600.0,-535.0988101557676,760.0,444.6534074210066,1000.0,-400.85961509846004,-329.3279739670659,-3250.0,2150.0,229.26843909423246,5330.470790803339,7978.8664999513985,2580.0,350.0,686.1720908419612,-300.0
t307,-0.0,-1600.0,-600.0,-760.0,1396.475688190606,-370.19436536874395,564.1186596441058,-405.6173876325313,-164.6809670484715,2150.0,-1510.0,5330.470790803339,7747.852576895523,2580.0,-0.0,-1320.0,-300.0
t308,-0.0,-1600.0,-600.0,-760.0,807.457981949815,-544.8543259980964,-0.0,-476.1908786322531,-0.0,2038.9641726684388,-1510.0,5330.470790803339,7778.146628820712,2565.18314216512,-0.0,-846.6801389266795,-300.0
t309,-0.0,-1600.0,-600.0,-760.0,779.0744264452751,-362.5410131773847,-0.0,-455.12382827241277,-0.0,1527.2428950345325,-1510.0,5330.470790803339,8004.2230393817035,2580.0,-0.0,-868.1345905048203,-300.0
t310,-0.0,-1600.0,-600.0,-760.0,783.9200974640883,-822.6304187084744,-0.0,-517.430549683582,-0.0,1603.0125282438237,-1510.0,5330.470790803339,7114.139291690875,2563.886819665095,-0.0,-1320.0,-300.0
t311,-0.0,-1600.0,-600.0,-760.0,733.4731250490202,-234.33508416501292,-0.0,-464.5092854411133,-0.0,1836.623666738422,-1510.0,3021.392523020035,6082.488874542113,2197.0485471691422,-0.0,-1320.0,-300.0
t312,-0.0,-1600.0,-600.0,-760.0,658.2684134942629,-176.2063637240999,-0.0,-486.9088300455889,-0.0,681.4077925562913,-225.18093122840332,1793.5268108673254,3143.3041866174362,2133.509806738808,-0.0,-1320.0,-300.0
t313,-0.0,-0.0,-0.0,168.6338021247577,365.4534163972965,-0.0,123.42247229496051,-525.6908665061129,-0.0,2047.6631535489162,-0.0,1569.2643592438174,6740.937170064382,665.6203952324297,-0.0,-1250.3557580166666,-0.0
t314,-0.0,-1060.8978302755108,-0.0,-0.0,1414.0524879186075,-1000.0,1211.5900131029123,-469.77298293013257,2371.426041659851,2150.0,-1510.0,1580.707094965514,6710.097932431255,802.3207988015793,-0.0,-1320.0,-300.0
t315,-0.0,-409.87868637566373,-0.0,-0.0,1216.1702370870519,-1000.0,1047.6092890638688,-477.16975028137654,2281.363950682035,2150.0,-1510.0,1099.236438714719,6389.203758040965,715.4759269920031,-0.0,-1320.0,-300.0
t316,-0.0,-626.5815263227254,-0.0,-0.0,1241.269389655995,-1000.0,1091.3211669721827,-481.26462231606615,2403.9778025579762,2150.0,-1510.0,950.2475859807278,6331.927543970071,667.960268240522,-0.0,-1320.0,-300.0
t317,-0.0,-194.1406720924335,-0.0,-0.0,1133.7990293178416,-1000.0,834.1237318459791,-447.3003688352779,2036.6331794106434,2150.0,-1510.0,1003.5724971152748,6364.915780473099,677.685207824172,-0.0,-1320.0,-300.0
t318,-0.0,-0.0,-0.0,329.3387887112876,1316.2651874448347,-1000.0,1001.7886244824964,-511.7609139230113,1687.7638615168494,2150.0,-1510.0,865.9967883469966,6435.699404842978,368.9274549804968,-0.0,-1320.0,-300.0
t319,-0.0,-1600.0,-251.09395157503738,498.24773715503,777.9831448279239,1000.0,255.41007458955232,-475.0426881370541,-1742.8836865169574,966.503035943445,1510.0,5330.470790803339,6688.052517580937,2580.0,350.0,1320.0,300.0
t320,-0.0,-1600.0,-198.02960327002813,333.683173427813,1905.0709327690968,1000.0,1300.0,-393.61502912891905,-2529.5215099242973,2150.0,1510.0,5330.470790803339,7256.63995975788,2580.0,350.0,771.6624462752136,-300.0
t321,-0.0,-1600.0,-600.0,-88.85989518558601,1041.5389677520914,1000.0,360.2521659937314,-309.6381102719626,-3250.0,2150.0,1510.0,5330.470790803339,7831.096290438918,2580.0,350.0,489.66435763987647,-300.0
t322,-0.0,-1600.0,-600.0,-450.2893228899619,1930.0,1000.0,1186.0829927720633,-228.78752635088543,-2175.11562171667,2150.0,691.3551206133383,5330.470790803339,8402.153212007288,2580.0,350.0,-0.0,-300.0
t323,-0.0,-1600.0,-600.0,-265.1276453086253,1930.0,1000.0,1131.30193587096,-283.05434015897555,263.60186539385285,2150.0,-1510.0,5330.470790803339,8740.76627560186,2580.0,313.5190148282133,-0.0,-300.0
t324,-0.0,-1600.0,-575.1493661191688,-0.0,1500.1702678882061,-799.7966985243762,664.7932780697768,-341.14063051504326,-3250.0,2150.0,1510.0,5330.470790803339,8746.052277235154,2580.0,2.3467923839304476,-149.24960041270253,-300.0
t325,-0.0,-1600.0,-314.0833118583978,-0.0,-441.7580145339474,1000.0,-1300.0,-375.9687282197097,-3250.0,2150.0,-459.0817936010836,5330.470790803339,8890.2924955683,2580.0,-0.0,-211.76504625122618,-300.0
t326,-0.0,-1600.0,-600.0,-760.0,1930.0,-1000.0,1050.881279377422,-439.70886615573977,185.53865133326127,2150.0,-1510.0,5330.470790803339,8900.0,2271.5891027349207,-0.0,-1320.0,-300.0
t327,-0.0,-1600.0,-600.0,-760.0,1877.6043665336133,1000.0,981.5854317367049,-368.4554040917698,6.234596915810836,2150.0,-1510.0,5330.470790803339,8900.0,2294.8618686452755,-4.434689445742824,-1320.0,-300.0
t328,-0.0,-1600.0,-600.0,-760.0,1930.0,-1000.0,1021.0573720109568,-321.276936743171,-2780.712909154223,2150.0,1214.3541133303113,5330.470790803339,8900.0,2580.0,-236.1365004406821,-1320.0,-300.0
t329,-0.0,-1600.0,-600.0,-530.9351905667087,1830.6825540366344,1000.0,909.8103631010055,-377.41124019519356,-3079.0604530025103,2150.0,1370.877621912161,5330.470790803339,8900.0,2580.0,-350.0,-1320.0,-300.0
t330,-0.0,-1600.0,-600.0,-760.0,1833.197787017323,1000.0,921.8162466042188,-378.8588738288339,-3250.0,2150.0,1510.0,5330.470790803339,8900.0,2580.0,-78.5710832821907,-1320.0,-0.0
t331,-0.0,-1600.0,-600.0,-760.0,1288.3091335519696,768.6007038203028,509.78443414425215,-404.17740234522677,-1859.3195128943803,2150.0,-0.0,5330.470790803339,8900.0,2580.0,-350.0,-1320.0,-300.0
t332,-0.0,-1600.0,-600.0,-760.0,1276.7093912456742,-938.2732565199926,559.997212957017,-474.4663109977254,-0.0,2150.0,-1510.0,5330.470790803339,8623.23583420397,2183.802454681012,-0.0,-1320.0,-300.0
t333,-0.0,-1600.0,-600.0,-760.0,713.3092846635676,-177.82675956894758,5.996561343225851,-542.5605894816288,-0.0,2150.0,-1510.0,5330.470790803339,8821.41187814544,2300.5275960985364,-0.0,-1320.0,-300.0
t334,-0.0,-1600.0,-600.0,-760.0,1090.9055090440265,-426.13855719738234,336.4450640208238,-524.3733695143388,145.31474319257904,2150.0,-1510.0,5330.470790803339,8559.416762083381,1962.729309743893,-0.0,-1320.0,-300.0
t335,-0.0,-1600.0,-600.0,-760.0,764.355300320586,-148.55504278290172,261.3524246292309,-615.6307117799201,-0.0,2150.0,-0.0,5330.470790803339,8358.533861246247,2129.145563781132,-0.0,-1320.0,-300.0
t336,-0.0,-1600.0,-600.0,-760.0,431.6416765776822,-0.0,159.6324456739432,-569.3135522681561,-0.0,2150.0,-0.0,5330.470790803339,7808.1539523492675,2580.0,-0.0,-647.6074167326891,-300.0
t337,-0.0,-1600.0,-419.3827581369627,-0.0,632.8383858236797,-634.9483781150301,-0.0,-365.3152001814034,-0.0,1995.199863601871,-1510.0,780.8856056373887,3238.2645614684943,2580.0,-0.0,73.70244311968581,-300.0
t338,-0.0,-83.41135846595677,-0.0,234.22171879630025,590.1663625819127,-535.5017651319997,-0.0,-345.95850575367473,-0.0,2150.0,-1309.855019458743,-0.0,3501.3023128523023,2580.0,-0.0,420.27956617138625,-300.0
t339,-0.0,415.087684246211,600.0,760.0,562.2105772202858,-266.429531285087,-0.0,-419.4519517713909,-0.0,2150.0,-814.3856932959777,-0.0,4722.89851133842,2418.3451999475888,-0.0,781.0452578663708,-300.0
t340,-0.0,1394.5801546300056,600.0,760.0,545.0271331259613,-20.806244136352653,-0.0,-490.2085716681332,-0.0,2150.0,-1079.3448152614037,451.8437192019876,4753.572696560531,2580.0,-0.0,1052.4020506294762,-300.0
t341,-0.0,1381.1960456050483,600.0,760.0,541.4214642602499,-0.0,-0.0,-557.037095749706,-0.0,2150.0,-771.4621021111809,419.6878576757703,4621.877880347897,2507.8428982960977,-0.0,990.2447690729318,-300.0
t342,-0.0,-0.0,308.5302127733463,760.0,570.0257562173379,-258.26921069222317,-0.0,-516.9526174629934,-0.0,2150.0,-1510.0,580.9316408834732,5837.228005213932,2580.0,-0.0,993.8142299890105,-300.0
t343,-0.0,-1038.7121726419134,-0.0,760.0,1530.9356725631333,-0.0,900.4366681509342,-444.58074831051596,-0.0,2150.0,-963.0739110035211,4244.1830656873535,7304.330866358861,2580.0,350.0,1238.981155295047,-300.0
t344,-0.0,-1600.0,-600.0,-0.0,1930.0,-541.4920090266796,1200.4065552186455,-381.6377445407208,533.0266591076106,2150.0,-1510.0,4649.768136489282,7277.173937017899,2580.0,350.0,350.96577926913693,-300.0
t345,-0.0,-1600.0,-600.0,422.52225716579073,1930.0,-1000.0,1119.4822514268135,-303.24164430185124,-339.714927319463,2150.0,-1510.0,5216.552731986082,7685.182074287265,2580.0,350.0,571.0852774480664,-300.0
t346,-0.0,-1600.0,-600.0,-760.0,1930.0,-1000.0,1072.1845739102698,-223.87109259394893,-116.86212671502744,2150.0,-1510.0,5330.470790803339,6722.1360576325305,2580.0,350.0,-949.8207853901326,-300.0
t347,-0.0,-1600.0,-600.0,-760.0,1930.0,-1000.0,1032.6981870810519,-282.23446123679565,-5.381700707970424,2150.0,-1510.0,5330.470790803339,7071.019092590013,2580.0,350.0,-982.4779096480362,-300.0
t348,-0.0,-1600.0,-600.0,-760.0,542.4221792336158,554.6146336667786,-368.5087092465251,-340.1140136312525,-1559.3863974486308,2150.0,-1510.0,5330.470790803339,6782.477283380733,2580.0,350.0,-1320.0,-300.0
t349,-0.0,-1600.0,-600.0,-760.0,1261.5563130964092,-1000.0,363.54911780840325,-375.3020677751554,-763.2356423764936,2150.0,-1510.0,5330.470790803339,7306.174924745039,2580.0,350.0,-1186.672666758559,-300.0
t350,-0.0,-1600.0,-600.0,-760.0,402.82334661460266,-1000.0,-462.37755057029176,-395.01539190309586,588.444839623694,158.7437163651066,-1510.0,5330.470790803339,6299.01060779566,2580.0,350.0,-785.2862433600594,-300.0
t351,-0.0,-1600.0,-600.0,-760.0,619.8315813226669,-1000.0,-234.43388316119035,-394.7637229350808,965.2609715745075,-125.65545490740078,-1366.0376856192333,5330.470790803339,5981.664281527571,2580.0,350.0,-739.5987334851275,-300.0
t352,-0.0,-1600.0,-600.0,-760.0,483.4615130194801,-658.5376754443948,-379.75112367431666,-421.1737919030959,913.2685171385478,-117.8605470158609,-1510.0,5330.470790803339,5942.9930049943605,2580.0,350.0,-830.5019417826182,-300.0
t353,-0.0,-1600.0,-600.0,-760.0,1347.9417007488241,-1000.0,468.8229801262462,-351.36032983912594,-955.302617010404,2150.0,-1510.0,5330.470790803339,6569.597585902693,2580.0,350.0,-859.1272714284676,-300.0
t354,-0.0,-1600.0,-600.0,-760.0,1047.2465484556683,-1000.0,167.13369758754152,-375.638729839126,-954.1079685827103,2150.0,-1510.0,4583.975731979554,6987.331964371033,2580.0,350.0,-860.0486240003175,-300.0
t355,-0.0,-1600.0,-600.0,-760.0,1930.0,-1000.0,1088.8952460440196,-398.9762175406023,129.6149671956687,2150.0,-1510.0,4929.0358099535115,7002.147867184891,2580.0,350.0,-1016.1024820172105,-300.0
t356,-0.0,-1600.0,-600.0,-760.0,819.0601936811977,-791.809094958166,18.61669840666692,-472.59663831234053,-0.0,1388.347628392319,-1510.0,4807.5884283297655,5912.962999446833,2580.0,350.0,-531.0182322208343,-300.0
t357,-0.0,-1600.0,-600.0,-215.30669275595722,805.2885337029019,-579.167618631815,-0.0,-538.3554011472127,-0.0,1820.599183132795,-1510.0,5330.470790803339,7220.236722007521,2580.0,350.0,-0.0,-300.0
t358,-0.0,-1600.0,-600.0,-17.48915131400432,790.3362087422757,-390.3752679414528,-0.0,-530.0039922591492,-0.0,1530.1210431425047,-1510.0,5330.470790803339,6757.78039674346,2580.0,350.0,-0.0,-300.0
t359,-0.0,-1600.0,-600.0,-167.56746903484154,734.5141955559378,-463.74068488829226,-0.0,-476.0952281249572,-0.0,1424.933830651989,-1510.0,3348.5628673661126,4812.138992257278,2580.0,350.0,-0.0,-300.0
t360,-0.0,-1600.0,-600.0,-359.80974025458977,662.7430357449322,-499.89184283396713,-0.0,-425.1489636659353,-0.0,1756.3552797244781,-1510.0,1696.573967861881,3917.1455929652834,2580.0,350.0,-0.0,-300.0
t361,-0.0,731.1582919703259,600.0,760.0,-0.0,-106.08868307363149,-506.42934011726214,-277.56675775522933,-0.0,334.9422329067368,-0.0,5077.554465711921,6972.334289696124,2580.0,275.14683935312087,1320.0,-300.0
t362,-0.0,175.76598559950966,600.0,760.0,459.08034863957624,-305.9280298153091,-0.0,-354.7482912000527,-0.0,842.4734780410133,-0.0,3297.753567570662,6564.629535923927,2580.0,114.30773420877826,1320.0,-300.0
t363,-0.0,505.02126789674827,600.0,760.0,428.5934902786279,-29.540374064227965,-0.0,-408.09972174134657,-0.0,901.2087901488309,-0.0,3488.2473742311695,6128.03679600235,2580.0,25.064060921148865,1320.0,-300.0
t364,-0.0,1600.0,600.0,760.0,407.2638765531426,-0.0,-0.0,-479.68983936277255,-0.0,981.491244828577,-0.0,3210.015621604636,5989.71264447558,2569.2949347434296,-1.1436758105570592e-13,1320.0,-300.0
t365,-0.0,948.456413176833,600.0,760.0,396.2027274658304,-0.0,-0.0,-549.2320333146197,-0.0,1030.256391241737,-0.0,2726.5428642874385,5690.1935459715405,2462.5477257042016,-0.0,1320.0,-300.0
t366,-0.0,512.0824820615574,600.0,760.0,393.19359538208465,-0.0,-0.0,-541.3526786104262,-0.0,1461.046841003327,-0.0,210.06907979389524,5524.911810674638,2437.946964964709,-0.0,1320.0,-300.0
t367,-0.0,1600.0,600.0,760.0,-673.7761214769442,1000.0,-1071.6589796353628,-511.7867370961211,-623.1489432951189,-0.0,714.7485087050463,2164.112400098437,4840.57819473831,2190.2708139464244,-0.0,1320.0,-300.0
t368,-0.0,-1600.0,-600.0,694.6822696689587,749.1038956686936,1000.0,314.459939607056,-456.00378475548564,-3017.159652375454,2150.0,1510.0,4480.830005870047,5535.197878329049,2580.0,88.53682591416293,1320.0,-0.0
t369,-0.0,-1065.834981584891,-600.0,760.0,1790.0542869689057,675.9860256780098,1300.0,-422.8449862784495,748.415446202226,-395.7366413500404,1510.0,5330.470790803339,6175.479095957068,2008.3101197782319,350.0,1320.0,-0.0
t370,-0.0,-1600.0,600.0,-760.0,1858.9819019571976,-176.38838369292264,1300.0,-473.4493035385623,91.59215190929129,-270.4176606559122,1510.0,5330.470790803339,5980.5209280998615,2446.4129224872427,-350.0,-929.8879854454839,-0.0
t371,-0.0,-549.9963490890237,-600.0,86.42874633591475,1913.8572450610395,736.0863880763617,1300.0,-456.3709863146681,-2054.3188974810164,2150.0,1510.0,5330.470790803339,7210.791065261926,2580.0,350.0,827.0118995923676,-0.0
t372,-0.0,-1421.3076073780744,-600.0,675.8746604678153,1930.0,1000.0,1268.4245031526164,-515.0319656387508,1089.726298317295,1981.334070252883,-1510.0,5330.470790803339,7576.136277081925,2580.0,350.0,1320.0,-0.0
t373,-0.0,1600.0,600.0,2.778273185975807,1930.0,106.1431379783125,1234.624074803956,-484.06999814504127,-567.2019777502594,476.27162376818796,1510.0,5330.470790803339,7185.695176760471,2580.0,-350.0,-156.55447349320903,300.0
t374,-0.0,-1600.0,600.0,760.0,1930.0,857.1511565333931,1209.770818665235,-438.8710139308478,698.0783120006075,2150.0,-1510.0,5330.470790803339,7133.784825182562,2580.0,-294.63380823688266,649.9422093236018,-0.0
t375,-0.0,-1600.0,-600.0,-349.1423291136098,1078.4346134218636,1000.0,340.3110876672199,-367.33755186687785,-39.80125136325796,1903.7143319701618,-1510.0,5330.470790803339,7363.887617666495,2580.0,-350.0,-567.5976835570074,300.0
t376,-0.0,-1600.0,-600.0,760.0,1930.0,-1000.0,1179.9469112987701,-384.3978642006615,-235.63889420627027,-113.55388939452496,1510.0,5330.470790803339,7082.920884692981,787.7750819562956,-350.0,-1320.0,300.0
t377,-0.0,-1600.0,-600.0,229.45339249020776,1135.8658971257614,-1000.0,374.84882572349443,-416.163524286915,-358.7153920888482,2150.0,-1510.0,4333.6314065501565,8391.067369003284,1075.2146387700893,350.0,-1019.2044493106991,-300.0
t378,-0.0,758.2902346151535,600.0,760.0,1029.0466631349123,-1000.0,272.0061127148408,-405.0795442869161,-474.46816040109206,2066.9682629060253,-1510.0,5330.470790803339,8873.855174196106,2580.0,350.0,1255.467159089747,-300.0
t379,-0.0,-0.0,600.0,760.0,731.7241216196635,-656.2050713165181,-0.0,-479.49640561299833,-0.0,-0.0,-0.0,5330.470790803339,8017.091104031056,2580.0,350.0,903.4187986865079,-300.0
t380,-0.0,-0.0,600.0,760.0,706.8035800186199,-183.40601200288103,-0.0,-418.6751422367429,-0.0,-0.0,-0.0,5330.470790803339,6543.185843610709,2580.0,350.0,1022.7009981699246,-300.0
t381,-0.0,-0.0,139.7899096956506,760.0,725.743191635413,-336.76106378333077,-0.0,-458.70324162017255,-0.0,10.97602102716407,-0.0,3730.9004553444056,4368.147062374925,2580.0,350.0,1002.9925459289543,-300.0
t382,-0.0,-0.0,600.0,760.0,429.4647167322229,-188.94887831314722,-271.9168720243464,-419.6626421284658,-0.0,-0.0,-0.0,1994.0727279396008,3155.4139883456696,2580.0,350.0,1044.7604595482203,-300.0
t383,-0.0,-0.0,600.0,760.0,645.0006368480316,-539.0402367528745,-0.0,-379.45328716992066,-0.0,111.4655920785744,-0.0,1775.1161013155345,3170.674143141002,2580.0,350.0,1320.0,-300.0
t384,-0.0,241.44224062962596,600.0,760.0,574.2262987010677,-808.9906254205132,-0.0,-328.50702271089887,-0.0,224.60324688919803,-0.0,1046.0817696175752,2716.717418296381,2580.0,350.0,1320.0,-300.0
t385,-0.0,-0.0,1.684166279022508e-12,327.4260111081125,-0.0,505.1932367314101,-435.3492776723167,-514.6165736375972,-31.400322814623475,-0.0,221.5912159051272,1899.5202426706196,4849.151019118013,2573.129994071057,-0.0,899.6066475410897,-0.0
t386,-0.0,369.6272613977482,-0.0,760.0,1302.9217991506146,-1000.0,867.3294318825903,-450.17534714599736,-0.0,-0.0,1421.4627293630986,717.2698302173975,3524.2752719735863,945.4305144837772,-0.0,-298.05883027232585,-246.5323490469849
t387,-0.0,1.8494168895728962,-0.0,760.0,417.86292242792166,45.54035338744837,-0.0,-481.7253949901985,-3139.566084718497,2150.0,1510.0,-2789.4055903853823,1361.5261640631816,1760.715238472049,-0.0,555.5187467219062,-0.0
t388,-0.0,-0.0,-0.0,-0.0,374.0645331254961,-67.03696773040215,11.006380815326793,-461.8238529937407,-0.0,-846.2744875870461,1510.0,-501.82717051182226,677.6220818962368,1870.4575111743734,-0.0,89.249585742587,-0.0
t389,-0.0,-0.0,-0.0,760.0,-0.0,314.01436830139625,-344.9770162725865,-532.0120002352143,-3250.0,2150.0,1492.3047531159173,-2811.708422363558,1072.3634490519853,2165.275569591686,-0.0,1154.6563322747647,300.0
t390,-0.0,707.8176207232959,-176.01296073130823,-92.10760720346252,315.7819354406578,-0.0,-35.97279112716933,-497.8961074609641,-0.0,1061.64856353908,-296.54797426511857,-0.0,2243.108198580342,2580.0,-0.0,709.6288637400689,-0.0
t391,-0.0,-1600.0,-600.0,-760.0,-939.5422198596981,1000.0,-1300.0,-503.88165404060226,-3250.0,1085.4923115458075,1510.0,-300.32291761018973,1993.0143813722595,2580.0,350.0,562.8534153190237,227.6343485661646
t392,-0.0,-1600.0,-600.0,-51.808660408720584,1680.8316981110493,1000.0,1300.0,-441.009110197274,-1730.980055233253,2150.0,1510.0,3077.116071809821,4230.819836587087,2580.0,350.0,1320.0,-0.0
t393,-0.0,-1600.0,-600.0,50.57970147920821,671.1547247668875,1000.0,245.3515487385487,-365.5668626540042,-3250.0,2150.0,1510.0,4185.755476632521,5255.034758334499,2580.0,350.0,1320.0,-300.0
t394,-0.0,-1600.0,-600.0,-760.0,489.3464479928368,1000.0,5.714582276401018,-286.7947500579658,-3250.0,2150.0,1510.0,3216.6487514723494,6041.883720130974,2580.0,350.0,387.4883623116199,-0.0
t395,-0.0,-1600.0,-600.0,291.52697341872795,-774.0493467928065,1000.0,-1300.0,-218.6291166778893,-3250.0,702.6609613502768,1510.0,4884.197976427521,6170.292788078032,2580.0,350.0,1320.0,-300.0
t396,-0.0,-1600.0,-600.0,-760.0,1854.7804303281093,1000.0,1300.0,-279.7409235819344,-2088.6806998859056,2150.0,1510.0,3640.1516522215616,6310.770627023387,2580.0,350.0,193.46891375908285,-300.0
t397,-0.0,-1600.0,-600.0,-0.0,676.622145703565,1000.0,102.95324071002753,-343.48106151796446,-3250.0,2150.0,1510.0,1377.8208631396874,4556.822634513729,2580.0,350.0,922.8028313123232,-300.0
t398,-0.0,-1600.0,-600.0,-760.0,592.1927350066373,1000.0,6.594267066513877,-412.735364969987,-3250.0,2150.0,1510.0,2352.7880790142485,5563.138558938897,2580.0,350.0,178.67192387503587,-300.0
t399,-0.0,-1600.0,-600.0,-760.0,693.0936028446027,1000.0,101.53035343118628,-342.87023393800206,-3250.0,2150.0,1510.0,2493.7622928304636,5671.948395105414,2580.0,350.0,151.62384085312237,-0.0
t400,-0.0,-1600.0,-600.0,-760.0,740.5282246310286,1000.0,144.52819022429227,-398.67870290601707,-3250.0,2150.0,1510.0,2860.2405919764983,5830.985665096515,2580.0,350.0,24.48722853779424,-300.0
t401,-0.0,-1600.0,-600.0,741.5228733543665,921.3607005940379,1000.0,314.885497497389,-373.89505734665244,-3250.0,2150.0,1510.0,4704.037673313024,7067.53065926304,2580.0,350.0,1320.0,-300.0
t402,-0.0,-1600.0,-600.0,-760.0,1914.9621112954637,1000.0,1300.0,-433.49769183065996,-2264.2429906797256,2150.0,1510.0,5330.470790803339,6535.689104557067,2580.0,350.0,-262.89424236305746,-0.0
t403,-0.0,-140.06951990256837,-0.0,760.0,1902.2938755785156,179.55021841993835,1300.0,-442.181299093762,1403.236793447505,1599.859445702244,-1510.0,-0.0,2410.474514644725,2580.0,350.0,1257.2336651667135,-300.0
t404,-0.0,1600.0,600.0,760.0,-594.0230357898296,1000.0,-1205.3888704275817,-505.96506214518746,-2271.859320835114,-0.0,1510.0,-0.0,2495.204585280795,2580.0,350.0,1308.3777358084778,-0.0
t405,-0.0,1600.0,600.0,760.0,-380.0417093508366,1000.0,-981.3450109729174,-503.21285411786084,-2269.819984054941,-0.0,1510.0,1268.3973971107903,2666.961235534483,2580.0,350.0,1269.813679794679,-0.0
t406,-0.0,1600.0,600.0,760.0,-530.1491114605432,1000.0,-1092.8704339241228,-445.6087315122371,-2379.505885724784,-0.0,1510.0,-0.0,2922.8125177860234,2580.0,325.8778390962154,1320.0,-0.0
t407,-0.0,1600.0,600.0,760.0,-548.2188253302936,1000.0,-1054.8303609857664,-500.3428715598625,-1747.549671280577,-0.0,1510.0,1356.711926398235,2964.014279846338,2580.0,150.93250735461,1320.0,-0.0
t408,-0.0,1600.0,600.0,760.0,-259.05643343896423,602.2869985117488,-696.1400565504729,-448.281886788179,-1743.4040976351077,-0.0,1510.0,184.7694969522946,1947.852371273769,2580.0,78.9156162385758,1320.0,-7.310287730801511
t409,-0.0,-0.0,600.0,760.0,474.06062868761853,-334.8152650140702,76.69441136512647,-419.6841261691181,-0.0,2150.0,-1510.0,1836.782441411516,5791.6644799681,2580.0,-0.0,1320.0,-300.0
t410,-0.0,291.54117657385314,600.0,760.0,362.10949535440085,-11.302358522312039,-0.0,-485.2580966391373,5.900518945406932,2150.0,-1510.0,1178.6935263699513,5426.902258743206,2374.1994578278313,-0.0,1320.0,-300.0
t411,-0.0,-0.0,600.0,760.0,361.43685965779304,-0.0,-0.0,-463.55771816201025,195.59394166727117,2150.0,-1510.0,927.2058147872757,5254.91523917761,2349.6907307325455,-0.0,1320.0,-300.0
t412,-0.0,-0.0,565.744494265123,760.0,340.42101526331356,-0.0,13.613798416434454,-533.3067458978296,267.7733308899489,2150.0,-1510.0,897.9121991164914,5289.0201537160865,2279.0490010130566,-0.0,1320.0,-300.0
t413,-0.0,-0.0,103.89904050380137,760.0,530.9892241556662,-0.0,199.5968253661346,-568.5836117799969,337.69198291500817,2150.0,-1402.701789935279,1460.0729129163358,5382.8968241900175,2284.274350793781,-0.0,1320.0,-300.0
t414,-0.0,-0.0,514.6966956282243,760.0,362.05232731180445,-0.0,-0.0,-494.5221961345067,79.62983370394687,2150.0,-1510.0,-0.0,5612.093967154372,2372.2210303266147,-0.0,1320.0,-300.0
t415,-0.0,1600.0,600.0,760.0,-811.9889964342963,1000.0,-1253.2319149700247,-498.06046746788587,-1940.3943463100752,-0.0,1510.0,3011.5155067675946,5598.053796180988,2316.8251822621814,-0.0,1320.0,-227.49326279708276
t416,-0.0,-1600.0,-600.0,-760.0,-242.87884106419034,1000.0,-777.1136142342377,-409.71381287812767,-2172.436181282198,662.2448551302596,749.443453495826,5330.470790803339,6659.588591333962,2434.546454882996,350.0,-263.3555973860596,-0.0
t417,-0.0,-1600.0,407.52564985063293,-760.0,-696.4478310284782,1000.0,-1300.0,-415.17198498303304,-3250.0,411.7353161951552,1510.0,5330.470790803339,7138.056189166028,2580.0,350.0,83.65600447967633,-0.0
t418,-0.0,-1600.0,-600.0,760.0,-294.8044977714678,1000.0,-932.0977384801306,-473.4889404160602,-3250.0,1103.374839871021,1510.0,5330.470790803339,7353.252845757018,2580.0,350.0,1320.0,-0.0
t419,-0.0,-1600.0,-600.0,-760.0,-165.00263355816116,1000.0,-848.4797622432368,-408.28090254995374,-3250.0,1044.8783699410508,1510.0,5330.470790803339,7715.425419278727,2580.0,350.0,-127.63096275519297,-0.0
t420,-0.0,-1600.0,-600.0,-760.0,83.88256603101036,1000.0,-622.9997918660708,-470.0644504788253,-3250.0,1279.435126487905,1510.0,5330.470790803339,8057.008515557833,2580.0,350.0,-306.4947045987212,-0.0
t421,-0.0,-1600.0,-600.0,760.0,1078.7534311681507,1000.0,353.9767288511906,-399.4909884148553,-3250.0,2150.0,1510.0,5330.470790803339,7375.24622100307,2580.0,-350.0,572.2888946223422,-0.0
t422,-0.0,-1600.0,-600.0,-760.0,1050.1272759837188,1000.0,307.45622924687996,-433.9127263508854,-3250.0,2150.0,1510.0,5330.470790803339,8049.563038226659,2580.0,350.0,-239.81658701427133,-0.0
t423,-0.0,-1600.0,-600.0,114.87318926303924,417.4967835941384,1000.0,-340.0862168259332,-463.3686298029081,-3250.0,1486.7721530948793,1510.0,5330.470790803339,8207.675096784878,2580.0,350.0,580.378107306744,-0.0
t424,-0.0,-533.0364686234735,-600.0,760.0,650.9088534613877,1000.0,-121.58610064191635,-385.8751677389381,-3250.0,1774.3227551253458,1510.0,5330.470790803339,8554.70867796314,2107.6034524601273,350.0,635.515765929076,-0.0
t425,-0.0,-1600.0,-600.0,494.8953632053064,1495.9523065066978,-1000.0,713.5160499479057,-403.285236706953,-122.41985150637026,2150.0,-1510.0,5192.521440815058,8900.0,1559.3541036402912,132.64058060915974,-590.055838471025,-300.0
t426,-0.0,-545.1651475461452,-0.0,760.0,1178.8112199388884,-1000.0,411.713705196517,-403.7683315013044,125.66112130566626,2150.0,-1510.0,5330.470790803339,8900.0,2580.0,350.0,1185.363045522671,-300.0
t427,-0.0,-642.5152176246348,-0.0,760.0,1302.8748504719504,-1000.0,580.2279127365707,-480.29006496038045,-0.0,2150.0,-1510.0,5330.470790803339,8701.756616247441,2580.0,350.0,1025.0359245355835,-300.0
t428,-0.0,-0.0,-0.0,760.0,1051.5141417381928,-978.8276173717983,344.5830146201311,-417.49380180067834,-0.0,2150.0,-1510.0,5330.470790803339,8502.870521702664,2580.0,350.0,1012.9410275461809,-300.0
t429,-0.0,-0.0,-0.0,760.0,1207.7549276295551,-1000.0,502.63360084168085,-479.7769792205772,-0.0,2150.0,-1510.0,5330.470790803339,8004.91996044611,2580.0,350.0,1038.5739004828033,-300.0
t430,-0.0,-0.0,-0.0,760.0,1058.2679266715904,-638.5531007521317,414.9818011174247,-431.4581498272908,-0.0,2150.0,-1510.0,3876.987359138144,7553.775119981427,2580.0,350.0,1320.0,-300.0
t431,-0.0,-0.0,-0.0,760.0,993.7343709875286,-761.1554628345136,424.06874891347104,-448.5393033650877,-0.0,2150.0,-1510.0,3367.1172909939087,6339.395419061691,2580.0,350.0,1320.0,-300.0
t432,-0.0,-0.0,-0.0,760.0,688.9528607810719,-714.1133335879841,198.85137904177006,-466.4812785601917,-0.0,2150.0,-1510.0,2413.8402991388275,5569.956410367405,2580.0,207.84280971263257,1320.0,-300.0
t433,-0.0,1600.0,600.0,545.087693927534,-0.0,464.3525534174073,-320.06809360632883,-432.93433413072876,-0.0,473.7421083937784,265.7268414007626,2027.5534122418012,4433.079870659414,2580.0,-0.0,1320.0,-300.0
t434,-0.0,260.18483928534596,600.0,387.4196770599133,470.83925740565087,-0.0,179.32380517079173,-516.9958712052699,-0.0,2150.0,-615.6023191143004,-0.0,4255.155559543311,2546.6808199163897,-0.0,1320.0,-300.0
t435,-0.0,-0.0,-0.0,738.8454208672345,1188.2796318192256,-1000.0,909.366836764103,-587.3141833265418,2430.0734081006362,-0.0,-0.0,1664.2395330556476,3565.789610078116,2160.596181642777,-0.0,1320.0,-0.0
t436,-0.0,1600.0,-0.0,760.0,653.6771673415238,-0.0,383.32606503443327,-656.5326879297804,-0.0,1622.547872696946,456.24833624078974,-0.0,3611.5721047223547,2119.6833466748635,-0.0,1320.0,-300.0
t437,-0.0,1600.0,24.056112154185264,318.4474928772793,654.8538666571153,-0.0,377.1624316883317,-615.3504773117775,-0.0,879.4176998493235,994.3802167155068,1183.279515815722,3591.968204159176,2580.0,-0.0,1320.0,-300.0
t438,-0.0,-0.0,348.88667292709835,760.0,-0.0,64.87544668297996,-310.1589832045722,-540.017991562193,-0.0,-0.0,1045.2513370291545,-0.0,2759.6176386862116,1620.6902522914068,-0.0,704.7287813536541,-0.0
t439,-0.0,-506.1398992265172,-0.0,760.0,1021.0905183779182,-489.177232832898,628.6231092061838,-521.2337883726223,-1779.9197919456565,2150.0,1510.0,-1224.966288015843,3058.6715441459764,1996.347624236083,-0.0,1079.1706232507374,300.0
t440,-0.0,-1600.0,-600.0,168.7373789599253,574.4990739545798,1000.0,80.29280798930097,-439.0515747128127,-3250.0,2150.0,1510.0,3027.181412070721,5686.153749411838,2580.0,350.0,1320.0,-0.0
t441,-0.0,-1600.0,-600.0,266.9471096622797,1831.2448960661623,1000.0,1300.0,-363.8915622584469,-1943.6941478173028,2150.0,1510.0,4868.586565858008,5732.280340557804,2580.0,350.0,1320.0,-0.0
t442,-0.0,-1600.0,-600.0,-314.1025640101275,1087.710192302825,1000.0,537.7291132024595,-291.75081555951374,-3250.0,2150.0,1510.0,3370.6616847683026,6058.6978919568155,2580.0,350.0,668.127309832727,-0.0
t443,-0.0,-1600.0,-600.0,-635.1962981027209,1871.8519445024397,1000.0,1300.0,-217.82016797955137,-1261.7796499461401,1215.914734745088,1510.0,5330.470790803339,6445.260712718025,2580.0,350.0,277.90285035700197,-0.0
t444,-0.0,-1600.0,-600.0,424.7591980236561,1884.7756376945747,1000.0,1300.0,-232.0591642769922,-1333.4478072613501,1263.4054113113189,1510.0,5330.470790803339,7030.810555466411,2580.0,350.0,1290.8912844059141,-0.0
t445,-0.0,-1600.0,-600.0,460.6669797976417,1888.75215867677,1000.0,1300.0,-165.41934427699218,-1380.7777600742356,1240.1303314578608,1510.0,5330.470790803339,7006.0785864437785,2580.0,350.0,1320.0,-0.0
t446,-0.0,-1600.0,-600.0,-32.06470257844012,1891.7630994134163,1000.0,1300.0,-236.2189587609997,-1069.5642635794748,1035.362827810578,1510.0,5330.470790803339,6839.54399362732,2580.0,350.0,874.5154405620601,300.0
t447,-0.0,-1600.0,-600.0,392.6175717667952,1892.7572296589653,1000.0,1300.0,-277.07712163377334,-2151.5755197056005,2150.0,1510.0,5330.470790803339,6074.056752164079,2580.0,350.0,1320.0,300.0
t448,-0.0,-1600.0,-600.0,-760.0,1818.4851690969026,1000.0,1222.745548701291,-335.9167361177809,-1790.3064579303891,1704.735213743744,1510.0,5330.470790803339,7316.2822275012395,2580.0,350.0,36.9025554352354,-0.0
t449,-0.0,-1600.0,-600.0,-0.0,892.8853408457162,1000.0,288.1985482401649,-385.6421850857959,-3250.0,2124.891962529308,1510.0,5330.470790803339,7099.692951694177,2580.0,350.0,680.3607495291642,-0.0
t450,-0.0,-105.58859520944725,-600.0,183.62133284702122,535.0055713094455,1000.0,-74.65187252385,-446.36179956980345,-3106.9397386549535,2150.0,1510.0,1294.2452921544145,4018.0788653622585,2580.0,350.0,540.4287704072593,-0.0
t451,-0.0,1600.0,600.0,760.0,-457.873973311591,1000.0,-1019.6813768239161,-530.0706949122145,-1354.6048920538162,-0.0,1510.0,759.4416728779752,4114.601298509037,2580.0,294.8051374621961,1320.0,-0.0
t452,-0.0,1600.0,600.0,760.0,-292.9357738729697,1000.0,-881.4530495613814,-590.1601475532292,-1351.3463272394852,-0.0,1510.0,449.271208051637,3744.933473562419,2580.0,350.0,1318.963714292441,-0.0
t453,-0.0,1600.0,600.0,760.0,-464.7468318766603,1000.0,-1031.050492126417,-529.3675662499143,-1508.4902341570948,-0.0,1510.0,308.336779259107,2304.7639970560626,2580.0,309.1963929607479,1320.0,-0.0
t454,-0.0,1600.0,600.0,760.0,-605.7792091892479,1000.0,-1126.9122771907757,-472.42282922737354,-1633.933466669617,-0.0,1510.0,216.98817511010895,1899.9382206430325,2580.0,205.67618847596347,1320.0,-0.0
t455,-0.0,1548.3387898902724,600.0,760.0,-778.4029039808689,1000.0,-1300.0,-410.5344020695502,-1886.2763191245685,-0.0,1510.0,-38.68650344843221,1676.6770449291666,2580.0,-0.0,1158.1305006983607,300.0
t456,-0.0,1600.0,-503.5375519168706,760.0,-878.9619881882815,973.4327231641607,-1300.0,-350.9349441122679,-1961.0675519366596,-0.0,1510.0,-43.438830431050505,642.8512444788472,2580.0,-350.0,1124.5058841186742,300.0
t457,-0.0,-1600.0,600.0,398.2796520136893,-0.0,-0.0,-410.58637699947326,-397.1403301033174,-0.0,-106.06977566785008,1005.9520426172512,-2414.802817572857,154.9914117896883,1726.3116495341033,-0.0,232.6542181239065,-0.0
t458,-0.0,-290.25663664411013,-600.0,760.0,316.731616532315,-293.90458863815184,-11.818419163698099,-480.2619350560455,-0.0,-0.0,1510.0,-995.7782308203841,-32.89987809024751,2329.6647302932815,-0.0,1320.0,-0.0
t459,-0.0,-89.70105338675467,-600.0,-760.0,-318.89547306810385,342.9512184724081,-636.7763319644057,-472.757051259572,-0.0,-621.0180353899941,1510.0,-771.2997692336958,-607.095318898765,2580.0,-0.0,119.72074977118541,-0.0
t460,-0.0,-502.6299743474632,-600.0,-760.0,-178.51379917646017,861.8910748080639,-487.3296473973431,-550.2852923340498,-0.0,-339.2389495428415,1510.0,-1163.7857155519723,-585.0482494801358,2465.068552076348,-0.0,22.90404315273645,-0.0
t461,-0.0,-0.0,-600.0,-14.806752999004402,-553.5562006323452,1000.0,-833.069663767873,-618.7934902392533,-0.0,204.67766680440855,680.6271976956814,-1506.7065617227254,-427.56933377668395,2580.0,350.0,1320.0,-0.0
t462,-0.0,-1600.0,-600.0,345.8694131281101,58.036159423172876,599.3060580191466,-227.84463262203406,-608.0859886712874,-0.0,-0.0,1510.0,-1549.3887182180633,-702.277758734821,2580.0,-0.0,1320.0,-0.0
t463,-0.0,-848.4888551914977,-600.0,388.48298077689043,-0.0,478.0690193782827,-297.5583738724123,-545.5092424348088,-0.0,-0.0,1254.8086540172562,-1467.6933237923877,-621.502045472869,2580.0,-0.0,1320.0,-0.0
t464,-0.0,-1600.0,-564.6749470357906,432.5239377871218,-388.69188683604887,850.901298353069,-714.0358398461927,-468.4654720614502,-740.8052629530822,-0.0,1510.0,-1324.4238049808127,-492.65218630879434,2580.0,-0.0,1320.0,-0.0
t465,-0.0,-1600.0,-600.0,149.44777812220832,665.1640841404821,1000.0,283.2992500417996,-459.08070511425854,-2439.9410029895485,2150.0,1510.0,-1168.5854260297701,1656.3539442349145,2580.0,350.0,1320.0,-0.0
t466,-0.0,-1600.0,-600.0,187.9303858864207,1149.9245235281107,1000.0,721.4683679055538,-456.08457712219416,1935.9424252539404,-2150.0,1510.0,5330.470790803339,2177.1644491594298,2580.0,350.0,1320.0,-0.0
t467,-0.0,-1600.0,-600.0,-760.0,1753.6697650365797,1000.0,1300.0,-449.5729011328632,2473.547672088138,-2150.0,1510.0,5330.470790803339,4138.373016460521,2580.0,350.0,321.8208434949963,-0.0
t468,-0.0,-1600.0,-600.0,-0.0,1772.433655904698,1000.0,1300.0,-382.51360458488574,-2249.2068518097135,2150.0,1510.0,3714.775113868015,5938.804075473853,2580.0,350.0,1092.0460295016007,-0.0
t469,-0.0,-1600.0,-600.0,-0.0,1775.540630438654,1000.0,1300.0,-318.1226390688932,-1942.619701263562,2150.0,1510.0,4657.768211624391,5846.396099460462,2580.0,350.0,1121.0589233274532,-0.0
t470,-0.0,-1600.0,-600.0,-760.0,1772.5582397020073,1000.0,1300.0,-388.75943906889324,2463.0851386946324,-2150.0,1510.0,5330.470790803339,4452.6024999332285,2580.0,350.0,398.42358112384613,-0.0
t471,-0.0,-1600.0,-600.0,-0.0,1763.2328376046526,1000.0,1292.662858393743,-321.383033858412,2367.4130791158054,-2150.0,1510.0,4490.594373447521,2162.6480044552536,2580.0,350.0,1133.8762484938109,-0.0
t472,-0.0,-1600.0,-600.0,-0.0,1771.5641094564587,1000.0,1300.0,-376.1856683424195,-1550.905394323692,2150.0,1510.0,-1378.03705050868,1317.5196048367088,2580.0,350.0,995.1138234199075,-0.0
t473,-0.0,-654.9894404390958,-600.0,-0.0,1780.644351661433,1000.0,1300.0,-438.94406487254486,-0.0,485.2942199930338,1510.0,314.07003340977553,1232.4277876547146,2580.0,350.0,842.0790595710037,-0.0
t474,-0.0,-708.5511977676724,-0.0,-0.0,-0.0,312.15091875524445,-486.3323138403726,-427.81164076245705,-0.0,1507.1403657197802,-1510.0,-1577.7419681145843,974.8079897588748,2580.0,-0.0,455.7252224253741,-0.0
t475,-0.0,1600.0,600.0,757.9279865492795,-765.5055488990731,1000.0,-1276.1751514928842,-431.74663957252426,-1873.9626366103214,-582.9194171667041,1510.0,-0.0,1141.038793550117,2404.7837264373366,-0.0,986.4147916009607,300.0
t476,-0.0,1600.0,600.0,760.0,-602.2755641551231,1000.0,-1140.586501443206,-491.8294404128686,-2112.904171020704,-0.0,1510.0,-0.0,1556.5081528919018,2580.0,233.8492443879147,1320.0,-0.0
t477,-0.0,732.6972027109954,600.0,760.0,-515.294854066655,1000.0,-1036.293394928588,-514.099838465121,-1825.005567112949,-0.0,1510.0,-0.0,2312.5075718153935,2580.0,190.81097771011258,1320.0,-0.0
t478,-0.0,1074.38093559814,600.0,760.0,-657.461034641738,1000.0,-1133.0095888405724,-457.0441069710555,-1651.4575119346257,-0.0,1510.0,735.5417442751198,4162.330230271584,2580.0,69.54748446777623,1320.0,-0.0
t479,-0.0,1600.0,600.0,760.0,-789.7498380900622,1000.0,-1213.207574103549,-403.02710847120346,-1238.7059632583039,-0.0,1510.0,1455.5114344223641,5174.9048716709785,2513.1957734103007,-0.0,1320.0,-0.0
t480,-0.0,1600.0,600.0,760.0,-0.0,50.30440259160469,-396.62037142010826,-338.7403499037677,-0.0,-712.7129864641337,1124.9872061176636,1964.8143349512632,3142.6284535193777,2580.0,-116.53620544383723,1320.0,-300.0
t481,-0.0,-1600.0,-600.0,-0.0,1749.2315755423092,-1000.0,1300.0,-419.2168686844001,1481.0899555716537,2150.0,-1510.0,3779.959376728962,6476.667942884254,2580.0,350.0,968.5144020727694,-300.0
t482,-0.0,-1600.0,-600.0,-0.0,1725.3653816436508,-863.0548363275445,1300.0,-497.8131301116758,1599.010783976388,2150.0,-1510.0,3283.0642088845852,6099.120030892851,2580.0,350.0,1103.7137068668558,-300.0
t483,-0.0,-1600.0,-600.0,-0.0,1666.972774973815,-1000.0,1300.0,-572.8310233011889,1875.748681644949,2150.0,-1510.0,2922.4386530165884,5814.710172256254,2580.0,350.0,1190.0688766957114,-300.0
t484,-0.0,-1600.0,-600.0,-0.0,1619.564023814154,-643.2024480652656,1300.0,-643.4126639034747,1713.3916350891993,2150.0,-1510.0,2664.177755323614,5600.219270600238,2580.0,350.0,1239.0272403713238,-300.0
t485,-0.0,-1600.0,-600.0,-0.0,1607.7590781616236,-886.3069758002885,1300.0,-579.4194167734543,1667.8578585489568,2150.0,-1510.0,673.1647130704323,5259.769908211533,2580.0,350.0,1266.1267137335683,-300.0
t486,-0.0,-1600.0,-600.0,-0.0,1607.3441867572008,-620.4486228299961,1300.0,-590.2018335676689,1778.5093456345094,2150.0,-1510.0,2567.2518117865675,5530.725609006457,2580.0,350.0,1320.0,-300.0
t487,-0.0,-1600.0,-600.0,-0.0,1619.4315403156268,-608.6467997255622,1300.0,-523.4605886475647,2093.5743544666398,2150.0,-1510.0,535.8955418095532,5370.446922755034,2580.0,350.0,1320.0,-300.0
t488,-0.0,-0.0,241.87909909438767,760.0,1642.7262157046055,-866.7914197840163,1300.0,-454.1314852146723,1511.3065448379396,2150.0,-1510.0,568.1156479520465,4799.470171543331,2254.1423700309383,-0.0,1320.0,-300.0
t489,-0.0,-1600.0,-600.0,-0.0,1692.6993362172418,1000.0,1300.0,-434.3365069157877,859.9889968243313,-479.2379568346514,1510.0,5330.470790803339,5508.436000299639,2580.0,350.0,752.9194187300563,-0.0
t490,-0.0,-1600.0,-600.0,-0.0,1744.0932713058637,1000.0,1300.0,-366.3975869543669,-2306.826406888136,2150.0,1510.0,4488.28164640691,5397.262098264693,2580.0,350.0,1074.4169549703329,-300.0
t491,-0.0,-1600.0,-600.0,15.14189650239738,1781.023387475542,1000.0,1300.0,-290.0515601159738,-2013.6110277572816,2150.0,1510.0,5330.470790803339,6172.908317061872,2580.0,350.0,750.4778511961322,300.0
t492,-0.0,-1600.0,-600.0,381.38011435766975,1795.7351168229236,1000.0,1300.0,-303.7256078309383,-2035.9951165943567,2150.0,1510.0,3944.639561089215,6615.017705815353,2580.0,350.0,1320.0,-300.0
t493,-0.0,-1600.0,-600.0,-0.0,1798.7175075595703,1000.0,1300.0,-233.80880783093832,-917.9484306416928,936.7353863809922,1510.0,5330.470790803339,6753.901432741295,2580.0,350.0,918.6160430761379,-300.0
t494,-0.0,-1600.0,-600.0,-760.0,1793.746856331826,1000.0,1300.0,-306.4397733469308,-718.877445821563,673.8449786526153,1510.0,5330.470790803339,6546.563549302932,2580.0,350.0,215.93357793438986,-300.0
t495,-0.0,-1600.0,-600.0,-0.0,1395.1261120656393,1000.0,912.3146884348504,-368.5849043789158,-1099.1950294503847,874.3304680757983,1510.0,5330.470790803339,6700.745960281978,2580.0,350.0,929.1686476508935,-300.0
t496,-0.0,-1600.0,-600.0,-760.0,294.896793082706,1000.0,-186.6445003025342,-345.69593179444195,-3250.0,1856.9411809225103,1510.0,5330.470790803339,6795.5706956215745,2580.0,350.0,88.86508618182302,-0.0
t497,-0.0,-1600.0,-600.0,-760.0,809.5716362542438,-0.0,325.8452482233729,-416.943596998708,-0.0,-0.0,844.0413756227999,3654.103872260574,4566.900148205896,2580.0,246.7140865892344,-54.005080160912804,-300.0
t498,-0.0,-1600.0,-600.0,-0.0,1813.314410150208,-1000.0,1300.0,-476.63889512441256,1171.7421252831512,2150.0,-1510.0,2730.2485189325134,5246.024201597478,2580.0,350.0,1104.7625378626794,-300.0
t499,-0.0,-1600.0,-600.0,-0.0,1846.7223866187776,-1000.0,1300.0,-397.0551338054133,926.8325403634624,2150.0,-1510.0,2707.713077985533,5094.877230981012,2580.0,350.0,592.5221748716971,-300.0
t500,-0.0,-1600.0,-600.0,-0.0,1847.8008830763827,-1000.0,1300.0,-330.3088710788178,913.8333603409518,2150.0,-1510.0,1571.8438339221018,3965.1205436558366,2580.0,350.0,587.5878936748325,-300.0
t501,-0.0,-1600.0,-600.0,-0.0,1831.5027837117655,-1000.0,1300.0,-401.00513337230666,1229.6878170461832,2150.0,-1510.0,1043.6917389372454,3486.242115304012,2580.0,350.0,640.8781306009688,-300.0
t502,-0.0,-1600.0,-600.0,-0.0,1796.9611474990481,-1000.0,1300.0,-407.9176326143702,1303.24973418651,2150.0,-1510.0,1968.7300110936255,4467.480343554004,2580.0,350.0,715.8792047933088,-300.0
t503,-0.0,-1600.0,-600.0,-0.0,1771.5605604465054,-1000.0,1300.0,-472.5116440440656,1445.1588874312183,2150.0,-1510.0,2751.8767496289984,5315.021719552869,2580.0,350.0,801.7356976187501,-300.0
t504,-0.0,-1600.0,-600.0,-0.0,1765.9538759298284,-1000.0,1300.0,-415.64038023470357,1408.0736809886184,2150.0,-1510.0,2013.7875687826358,5529.194794972709,2580.0,350.0,978.801543107695,-300.0
t505,-0.0,-1600.0,-0.0,-0.0,433.19210568252817,349.1680080578123,-0.0,-531.3897853818794,-0.0,612.8314619511322,-0.0,2942.6922940867125,5443.117018159874,1998.2387852673705,-0.0,-0.0,-0.0
t506,-0.0,-0.0,-0.0,-0.0,380.0555031513137,673.7057823487517,-0.0,-610.5916648350368,-0.0,796.8771385813056,-0.0,-0.0,3707.041205481615,1862.1153886056904,-0.0,-0.0,-0.0
t507,-0.0,-818.3363361470382,-0.0,-0.0,-0.0,886.7455897552804,-382.4577270875348,-543.4022158687739,340.38098541407237,-0.0,-0.0,-0.0,1482.3711932321517,2580.0,-0.0,700.742580136929,-0.0
t508,-0.0,-461.45839086882796,-0.0,-0.0,-0.0,1000.0,-337.022438932609,-486.4930004230706,-0.0,-0.0,409.1445704783691,-0.0,1524.4149318678742,2580.0,-0.0,822.4370638640266,-0.0
t509,-0.0,-1527.449873997465,-0.0,-0.0,-0.0,829.7017750601221,-331.41759015016265,-440.6096527603083,348.9181726037552,30.8745518453039,-0.0,-0.0,1591.8455667070498,2580.0,-0.0,834.2170916812746,-0.0
t510,-0.0,-0.0,-0.0,-0.0,-0.0,895.1645279641921,-340.20905791381347,-505.6512290019134,122.55865570196835,-0.0,293.42429142494495,-0.0,1495.7867638072955,2580.0,350.0,1158.4051873388164,-0.0
t511,-0.0,-1600.0,-0.0,-0.0,-0.0,814.6024457497947,-373.735430374761,-566.0533547368602,-0.0,392.4687531961419,-0.0,-0.0,2230.9989928449118,2212.3963398192586,-0.0,369.1764340770708,-0.0
t512,-0.0,-1600.0,-0.0,-0.0,449.68503475968816,168.7474365709853,-0.0,-498.48381103048484,-0.0,1050.9779743899014,-0.0,-0.0,4142.725778952507,1570.3663972537322,-0.0,-0.0,-0.0
t513,-0.0,-1600.0,-600.0,-102.0556682889553,684.3756959814204,1000.0,109.67425679689309,-408.70238359097056,-3250.0,2150.0,1510.0,487.9144569543451,5135.531221865819,976.7643867600235,350.0,-1320.0,300.0
t514,-0.0,-1600.0,-600.0,-0.0,1246.1163010014516,1000.0,656.3846133545337,-334.24383503940606,-3250.0,2150.0,1510.0,4866.054595294899,6535.002775935218,2580.0,350.0,747.902665995648,-0.0
t515,-0.0,-1600.0,-600.0,-0.0,1894.1540111322581,1000.0,1300.0,-277.03230101402136,-687.3545774607344,220.1919821001611,1510.0,5330.470790803339,5819.755244185683,2580.0,350.0,697.9627445257995,-0.0
t516,-0.0,-1600.0,-600.0,-0.0,1898.1305321144534,1000.0,1300.0,-348.3767140752686,-2176.711532189793,2150.0,1510.0,5330.470790803339,5928.1394495357135,2580.0,350.0,442.71881320125794,-0.0
t517,-0.0,-1600.0,-600.0,-0.0,1898.1305321144534,1000.0,1300.0,-282.6199140752685,-2236.224378999271,2150.0,1510.0,5330.470790803339,6026.566442742956,2580.0,350.0,744.3576014719524,-0.0
t518,-0.0,-1600.0,-600.0,-0.0,925.6534653012021,1000.0,336.47010539668804,-217.65144510725355,-3250.0,2150.0,1510.0,3931.645350589276,6429.690709409335,2580.0,350.0,747.3520559286256,-0.0
t519,-0.0,-1600.0,-600.0,-0.0,1885.2068389223186,1000.0,1300.0,-273.72241062324605,-631.7087019833763,459.37563657850205,1510.0,5330.470790803339,6027.759929419412,2580.0,350.0,628.1966782896073,-0.0
t520,-0.0,-1600.0,-600.0,-0.0,1888.1892296589651,1000.0,1300.0,-334.92504510725354,-2287.817004968255,2150.0,1510.0,470.5441304750084,3686.971258289789,2580.0,350.0,554.1649371804453,300.0
t521,-0.0,-1600.0,-600.0,-444.1446851248731,1898.1305321144534,340.1022444411799,1300.0,-382.9702628626452,-357.7252083327118,2150.0,-413.5558059823406,1033.0060546362429,3722.7114545275417,2580.0,350.0,78.78015764105065,-300.0
t522,-0.0,-1600.0,-0.0,-0.0,630.1995411887142,232.8747251958359,-0.0,-448.0013982644354,-0.0,136.387112652097,-0.0,2388.9123195582088,3407.5839256203203,2500.0725524920313,-0.0,-0.0,-0.0
t523,-0.0,-1600.0,-0.0,-0.0,681.0374460548433,-0.0,-0.0,-372.33459869069065,-0.0,-0.0,-0.0,2495.539022201491,5133.193294269524,2580.0,-0.0,-0.0,-0.0
t524,-0.0,-1600.0,-0.0,-0.0,664.0914777661336,-0.0,-0.0,-383.62692076499627,-0.0,0.13036912499511194,-0.0,4340.20523784071,5139.438730227724,2580.0,-0.0,-0.0,-0.0
t525,-0.0,-1600.0,-0.0,-0.0,642.1614011572151,-0.0,-0.0,-319.87619553520994,-0.0,-0.0,-0.0,2794.1163188553564,3841.310588028209,2393.325724207249,-0.0,-0.0,-0.0
t526,-0.0,-0.0,-0.0,-0.0,602.8594872672361,87.67515106574545,-0.0,-397.8284528789081,-0.0,135.3125501848102,-0.0,1085.0737242651633,3278.669390635893,2411.1385869552546,-0.0,-0.0,-0.0
t527,-0.0,-244.4933297378473,-0.0,-0.0,563.5369164509937,1.1892550142312708,-0.0,-368.7777606711593,-0.0,378.3994319649432,-0.0,-0.0,1748.0617942608337,2264.9210844028153,-0.0,-0.0,-0.0
t528,-0.0,-1600.0,-0.0,-0.0,502.80573754943435,-0.0,-0.0,-449.86852977203625,-0.0,377.0458976974398,-0.0,-0.0,1825.7608051637703,2316.985178636729,-0.0,-0.0,-0.0
t529,-0.0,-1176.1454242803738,-0.0,-0.0,501.6874915499471,-0.0,-0.0,-402.09162679363453,-0.0,1485.1736141656281,-0.0,350.8646236072308,6665.5589829417395,819.0131929260868,-0.0,-1320.0,-0.0
t530,-0.0,-1600.0,-0.0,-0.0,439.4073514183855,-0.0,-0.0,-465.5566997924359,-0.0,865.7209030913881,-0.0,566.3579459801746,6184.20387424499,669.2903705857658,-0.0,-1320.0,-0.0
t531,-0.0,-1600.0,-0.0,-0.0,544.8492827092217,-0.0,110.33227571457223,-540.2029616528182,-0.0,1159.8746246875673,-0.0,1266.2150394935873,5832.6315102256085,579.4566771815732,-0.0,-1320.0,-0.0
t532,-0.0,-1150.7218036568354,-0.0,-0.0,844.1397310118746,-0.0,479.80798575063386,-478.3911986331633,-0.0,1499.3276176713384,-0.0,649.9163757710859,5666.482685720368,520.5657003943803,-0.0,-1320.0,-0.0
t533,-0.0,-0.0,-0.0,-0.0,886.3690631965602,-0.0,536.8192355671849,-548.1474032521352,-0.0,1748.9558652696837,-0.0,311.96625761731997,5641.514805782726,486.05444400642654,-0.0,-1320.0,-0.0
t534,-0.0,-0.0,-0.0,-0.0,1090.4496333542725,-0.0,733.4608517976711,-615.972044113701,-0.0,1866.0268386698888,-0.0,-0.0,5593.8046756844105,344.5185635485825,-0.0,-1320.0,-0.0
t535,-0.0,-0.0,-0.0,-0.0,866.2822582411255,-0.0,503.19826080834343,-568.3830959865176,-0.0,1763.6577749679886,-0.0,440.4335316055337,5727.469089797023,517.7536033652965,-0.0,-1320.0,-0.0
t536,-0.0,-0.0,-0.0,-0.0,637.3212073981636,-0.0,253.54206557978597,-496.4974654262077,-0.0,1281.0416446478087,-0.0,-0.0,5821.015621714632,209.80402028710608,-0.0,-1320.0,-0.0
t537,-0.0,-0.0,550.2429758177461,760.0,641.1213171306629,-0.0,226.38751844265727,-423.6842289497833,-0.0,1099.4198114494232,-0.0,769.8522558983823,6159.280147344416,168.87324332575417,-0.0,-1040.9681649462525,-0.0
t538,-0.0,-0.0,-0.0,557.6384890809672,1799.629961229373,-557.3639615915719,1300.0,-383.53877150749236,1317.9136986828005,2150.0,-1510.0,1948.7212775866744,6576.21315821807,1532.8734860087566,-0.0,-0.0,-300.0
t539,-0.0,-0.0,-0.0,272.43346709255525,1852.5669204702735,-633.3376543505638,1300.0,-306.54406483537514,1287.9330528833787,2150.0,-1510.0,3457.9316413889783,6996.073620723746,2580.0,-0.0,635.1095078802513,-300.0
t540,-0.0,-996.0685517064339,-0.0,720.1095540196673,1860.7072049935375,-247.62463252941615,1300.0,-227.80376459088183,648.2619428805167,2150.0,-1510.0,4852.937138010584,6779.696858943466,2580.0,-0.0,737.0424966394228,-300.0
t541,-0.0,-876.5908713238215,-0.0,93.81203968381821,1872.3984691366113,-940.5666285162032,1300.0,-198.0202997105866,740.6991231697433,2150.0,-1510.0,4545.428492164656,6553.953197166189,2580.0,-0.0,-0.0,-300.0
t542,-0.0,-0.0,-0.0,153.66800290499444,1861.6156852390861,-1000.0,1300.0,-272.43354949947854,1099.7425259700058,2150.0,-1510.0,1824.4845345088324,5758.536945896751,1433.028899724913,-0.0,-570.5508620762586,-300.0
t543,-0.0,-0.0,-0.0,26.852568268607573,1856.616484011342,-2.8830123815246043,1300.0,-335.2266073906978,1188.4033186218226,2150.0,-1510.0,1736.3985455168515,5881.381046549265,2176.9151641858484,-0.0,-0.0,-300.0
t544,-0.0,-1600.0,-600.0,-363.7824345923524,1851.3354827835979,81.47871716029931,1300.0,-394.5318624351403,1139.1685117221125,2150.0,-1510.0,2251.725638057723,5098.496616670183,2580.0,82.18478642142095,-0.0,-300.0
t545,-0.0,-1600.0,-600.0,-0.0,1858.4846945024397,-742.4472300245034,1300.0,-391.3692788424062,1118.1921210090431,2150.0,-1510.0,-0.0,4432.662893397349,920.2598073375815,-0.0,-1320.0,-300.0
t546,-0.0,-1600.0,-600.0,-0.0,579.463281743193,-0.0,-0.0,-449.2250427918153,-0.0,920.5080258779421,-0.0,1011.6770426679478,2494.835648172791,2339.2132857930537,-0.0,-0.0,-0.0
t547,-0.0,-1600.0,-600.0,-0.0,644.2758942214932,-0.0,-0.0,-505.10880670945403,-0.0,847.332870086728,-0.0,-0.0,2380.790896977038,1372.15867397776,-0.0,-1235.22110770588,-0.0
t548,-0.0,-1600.0,-600.0,-0.0,602.62889117987,-0.0,-0.0,-442.64277782909926,-0.0,289.41868958991506,-0.0,475.6477632766784,2458.380814731092,1163.00616123684,-0.0,-1320.0,-0.0
t549,-0.0,-1600.0,-0.0,-0.0,584.1873639627856,-0.0,-0.0,-378.7969622485135,-0.0,160.35893169688174,-0.0,-0.0,2113.144973171721,1602.4084703607311,-0.0,-877.2638486114543,-0.0
t550,-0.0,-1600.0,-86.87964770071697,-0.0,561.2690275436877,-0.0,-0.0,-325.37532822857514,-0.0,191.9678296930415,-0.0,-0.0,1749.9370457080838,1947.1643199302052,-0.0,-440.8333191462572,-0.0
t551,-0.0,-1600.0,-0.0,-0.0,511.7551324811529,-0.0,-0.0,-264.11794437682573,-0.0,234.90301261706978,-0.0,-0.0,1548.6540772886415,2328.7646424545505,-0.0,-0.0,-0.0
t552,-0.0,-1600.0,-0.0,-0.0,484.91872361895605,-0.0,-0.0,-315.95867582871267,-0.0,240.17373499540423,-0.0,-0.0,1700.8129284635872,2168.0486702711946,-0.0,-193.62310047206262,-0.0
t553,-0.0,1600.0,600.0,760.0,-156.966728915555,1000.0,-614.9003530607131,-465.0457186872236,-1180.2293360498393,-217.61670207977468,1510.0,-0.0,1404.456015596255,2580.0,185.14048018609734,1320.0,300.0
t554,-0.0,1338.7964907312446,-0.0,760.0,-675.2405360054335,1000.0,-1083.4926643856436,-532.6017645493484,-1634.283515599006,-0.0,1510.0,-1008.6064897950912,238.45155566822947,2580.0,-83.09439688050233,1320.0,300.0
t555,-0.0,948.7507890607312,-0.0,565.8194095686174,-566.9519649259895,1000.0,-938.1189118769354,-479.8988847298741,-1468.4560564636474,-0.0,1510.0,-1254.7500910271074,-0.0,2580.0,57.21119353738925,1320.0,300.0
t556,-0.0,503.1207881490008,-0.0,497.51524995610686,-344.2719921362659,1000.0,-666.5040811792753,-552.2690315997451,-1077.5075430686786,-0.0,1510.0,-1605.5818877689853,-248.55486031720358,2580.0,-0.0,1320.0,300.0
t557,-0.0,-0.0,-0.0,478.2462421537889,-531.4779873268319,1000.0,-845.5553579371283,-486.9622137848793,-1345.5027185961208,-0.0,1510.0,-1727.180279163174,-329.33499636852144,2580.0,-0.0,1320.0,300.0
t558,-0.0,555.7757222954272,-0.0,760.0,-0.0,1000.0,-316.78288639042427,-552.4677764047774,-684.1897103317979,-0.0,1510.0,-1920.7178994508731,-277.31421688283046,2317.554293097197,-0.0,1320.0,300.0
t559,-0.0,1600.0,-0.0,536.6540861907743,-328.34941864596465,1000.0,-677.761063201251,-558.1712313517719,-1107.9565845191364,-0.0,1510.0,-1321.3272949719899,-0.0,2580.0,44.63989437409302,1320.0,300.0
t560,-0.0,1316.2470340181835,600.0,749.2907926524763,-176.1101724557441,1000.0,-609.5020750652636,-475.43687039844326,-1182.2701938990988,-0.0,1510.0,-1222.3694800579594,542.8009333886793,2580.0,-0.0,1320.0,300.0
t561,-0.0,-1600.0,600.0,-235.21240870121358,-296.6844221592634,1000.0,-873.575584470015,-383.738209598621,220.4890932285853,-2150.0,1510.0,1904.740786503882,2082.817350472601,2070.0075687671124,350.0,-170.61422985306427,300.0
t562,-0.0,-1600.0,-600.0,-577.7140601185866,1444.2510868169852,1000.0,865.2192565604911,-307.1775348967015,-3209.087923045268,2150.0,1510.0,2770.212117721253,3753.74038559911,2580.0,350.0,-0.0,300.0
t563,-0.0,-1600.0,-600.0,760.0,1893.8539345699417,1000.0,1300.0,-239.8709318306601,-2456.193449079025,2150.0,1510.0,897.3909675481891,3892.6126019858134,2580.0,350.0,1293.2547977474374,300.0
t564,-0.0,-1600.0,-600.0,740.370985143196,1770.1857247198468,1000.0,1164.4022272033187,-172.6314520671568,1531.6529536102971,-2150.0,1510.0,5330.470790803339,3747.0821801757224,2580.0,350.0,1320.0,300.0
t565,-0.0,-1600.0,-600.0,-0.0,1680.4050220461063,1000.0,1075.6156547751273,-220.75981941663727,-2612.60968419586,2150.0,1510.0,2044.8654817826564,4429.565657007635,2580.0,350.0,670.5683789650257,-113.39752306236915
t566,-0.0,-1600.0,-600.0,430.9006748711681,948.3591320229559,1000.0,349.5345462252699,-290.1849504486222,-3250.0,2150.0,1510.0,1885.4658394762582,3989.576284717938,2580.0,350.0,1087.5475468304503,-0.0
t567,-0.0,-1600.0,-600.0,-760.0,931.2480322726055,1000.0,334.41170696601716,-351.4217504486222,-3250.0,2150.0,1510.0,1357.6215792858047,4188.283694513359,2580.0,350.0,-120.89660774107126,300.0
t568,-0.0,-1600.0,-600.0,664.7385149885604,1805.1811618382712,1000.0,1205.3624457950364,-302.71356631466756,-2673.770436665125,2150.0,1510.0,2252.34999805777,4531.472697572764,2580.0,350.0,1159.897499970673,300.0
t569,-0.0,-1276.6608857442152,600.0,760.0,724.1973367676183,1000.0,110.46079728669964,-365.0937042506976,-3250.0,1941.9541394099942,1510.0,-1757.8113980211665,1915.8416814886175,2580.0,-233.20226882087294,460.75808009090906,300.0
t570,-0.0,733.0299302655973,-0.0,760.0,-593.3526857248074,1000.0,-1261.7663887109118,-353.1637180587878,-2661.6181628362865,-0.0,1510.0,2294.8402450958,2904.468762995226,2580.0,350.0,1161.0737823114816,300.0
t571,-0.0,-0.0,-79.72552027387232,760.0,-573.9267427720632,1000.0,-1300.0,-340.2395663508855,-2815.81900429004,-0.0,1510.0,3076.8084022560824,3462.6538405232645,2580.0,350.0,906.8997001893368,300.0
t572,-0.0,-1600.0,-600.0,598.1371211339497,-593.4415345575392,1000.0,-1300.0,-376.8204628988629,-2948.9826926819105,-0.0,1510.0,2885.6441951180195,3279.938938712058,2580.0,350.0,767.88173272535,300.0
t573,-0.0,-0.0,-98.07372028626213,760.0,-630.851912459054,1000.0,-1300.0,-315.58865599481777,-3250.0,465.7581096836728,1510.0,2052.8199672672554,2976.3488910095048,2580.0,350.0,1011.992522284613,300.0
t574,-0.0,31.33146639874056,-0.0,760.0,-645.5217615655009,1000.0,-1290.095185088122,-366.0902010959172,-2639.6797918079897,-0.0,1510.0,2098.261159771109,2774.8686096968117,2580.0,350.0,1112.5804838840963,300.0
t575,-0.0,855.797814678939,-0.0,760.0,-494.27295970953054,1000.0,-1086.2251969805857,-377.74053442171737,-2002.7266373519974,-0.0,1510.0,-0.0,2246.84818145632,2580.0,350.0,1244.3268462844085,300.0
t576,-0.0,1600.0,377.3079441398468,759.9999999999998,-379.4177980477082,1000.0,-905.253489814607,-391.72570455173417,-1867.4323171115575,-0.0,1510.0,-0.0,1699.195479941225,2489.8684833255193,350.0,1320.0,300.0
