Line,New_Trans_Capacity,Cost_Trans_Capacity
1,-0.0,-0.0
2,800.0,1.3364e7
3,0.0,0.0
4,0.0,0.0
5,1329.0321414044215,6.840528431808557e6
6,500.0,1.206e7
7,1300.0,1.16571e7
8,1600.0,2.04832e7
9,0.0,0.0
10,1691.2355098943615,2.0145997393861633e7
11,755.0,2.672247e7
12,954.354984233059,1.017342413192441e7
13,1109.50955629472,6.905587478378337e6
14,1290.0,9.92139e6
15,175.0,803600.0
16,660.0,9.22548e6
17,0.0,0.0
