Status,Solve,Objval
OPTIMAL,29.38464903831482,3.627414822332625e10
