Status,Solve,Objval
OPTIMAL,31.886874198913574,3.3360385834349487e10
