Status,Solve,Objval
OPTIMAL,30.490796089172363,3.1969770404753983e10
