Line,New_Trans_Capacity,Cost_Trans_Capacity
1,-0.0,-0.0
2,800.0,1.3364e7
3,126.42683257486775,3.0087057616167027e6
4,0.0,0.0
5,93.6127794297036,481824.9757246844
6,500.0,1.206e7
7,0.0,0.0
8,0.0,0.0
9,0.0,0.0
10,2150.0,2.56108e7
11,755.0,2.672247e7
12,2752.226760155208,2.9338737263254516e7
13,3056.1715661683565,1.902161182783185e7
14,1290.0,9.92139e6
15,175.0,803600.0
16,660.0,9.22548e6
17,300.0,9.3117e6
