Status,Solve,Objval
OPTIMAL,741.4320199489594,4.1009645519475685e10
