Line,New_Trans_Capacity,Cost_Trans_Capacity
1,-0.0,-0.0
2,800.0,1.3364e7
3,0.0,0.0
4,0.0,0.0
5,1234.7419557952994,6.355216846478406e6
6,500.0,1.206e7
7,1300.0,1.16571e7
8,1600.0,2.04832e7
9,0.0,0.0
10,2150.0,2.56108e7
11,755.0,2.672247e7
12,358.4886730975467,3.821489255219848e6
13,1056.2678057532917,6.574210823008487e6
14,907.750938323969,6.981512466649645e6
15,175.0,803600.0
16,660.0,9.22548e6
17,123.9385702520147,3.846929282052284e6
