Status,Solve,Objval
OPTIMAL,30.768687963485718,3.370740029413195e10
