Status,Solve,Objval
OPTIMAL,30.634784936904907,3.1969770404753983e10
