Status,Solve,Objval
OPTIMAL,31.82311201095581,3.3360385834349487e10
