Status,Solve,Objval
OPTIMAL,31.69673204421997,3.3360385834349487e10
