Line,New_Trans_Capacity,Cost_Trans_Capacity
1,-0.0,-0.0
2,800.0,1.3364e7
3,0.0,0.0
4,0.0,0.0
5,1325.8486241631726,6.8241428685678495e6
6,500.0,1.206e7
7,1300.0,1.16571e7
8,1600.0,2.04832e7
9,0.0,0.0
10,2150.0,2.56108e7
11,755.0,2.672247e7
12,483.2979367493116,5.151956005747662e6
13,1120.6711392002599,6.975057170382418e6
14,1009.6733141886685,7.76539745942505e6
15,175.0,803600.0
16,660.0,9.22548e6
17,0.0,0.0
