Status,Solve,Objval
OPTIMAL,30.778827905654907,3.3342890062673534e10
