Line,New_Trans_Capacity,Cost_Trans_Capacity
1,-0.0,-0.0
2,800.0,1.3364e7
3,0.0,0.0
4,0.0,0.0
5,1312.7851346377133,6.75690508798031e6
6,500.0,1.206e7
7,1300.0,1.16571e7
8,0.0,0.0
9,0.0,0.0
10,2150.0,2.56108e7
11,755.0,2.672247e7
12,2640.687142327438,2.814972493721049e7
13,2622.973682682972,1.6325388201018818e7
14,1290.0,9.92139e6
15,175.0,803600.0
16,660.0,9.22548e6
17,300.0,9.3117e6
