Status,Solve,Objval
OPTIMAL,32.70328903198242,3.3360385834349487e10
