Status,Solve,Objval
OPTIMAL,32.911421060562134,3.1969770404753983e10
