Status,Solve,Objval
OPTIMAL,29.703824043273926,3.600313855865387e10
