Status,Solve,Objval
OPTIMAL,30.298382997512817,3.3713426120650814e10
