Line,New_Trans_Capacity,Cost_Trans_Capacity
1,-0.0,-0.0
2,800.0,1.3364e7
3,0.0,0.0
4,0.0,0.0
5,1326.0468972906629,6.8251633803550415e6
6,500.0,1.206e7
7,1300.0,1.16571e7
8,1600.0,2.04832e7
9,0.0,0.0
10,2150.0,2.56108e7
11,755.0,2.672247e7
12,489.2819896774201,5.215746009961298e6
13,1122.2623841442928,6.984961078914079e6
14,1006.7153071551397,7.74264742733018e6
15,175.0,803600.0
16,660.0,9.22548e6
17,0.0,0.0
