Status,Solve,Objval
OPTIMAL,31.193541049957275,3.3346044599106426e10
