Status,Solve,Objval
OPTIMAL,32.78862690925598,3.6736982510501335e10
