Line,New_Trans_Capacity,Cost_Trans_Capacity
1,-0.0,-0.0
2,800.0,1.3364e7
3,0.0,0.0
4,0.0,0.0
5,1299.3908462163492,6.68796468547555e6
6,500.0,1.206e7
7,1300.0,1.16571e7
8,1600.0,2.04832e7
9,0.0,0.0
10,2150.0,2.56108e7
11,755.0,2.672247e7
12,506.9357450810539,5.403935042564034e6
13,1110.5084001497607,6.911804282532111e6
14,965.0697226247124,7.422351236706663e6
15,175.0,803600.0
16,660.0,9.22548e6
17,300.0,9.3117e6
