Status,Solve,Objval
OPTIMAL,29.75938391685486,3.460133781104977e10
