Status,Solve,Objval
OPTIMAL,29.93484091758728,3.196757604817637e10
