BalanceComponent,Generation,Storage_Discharge,Storage_Charge,Flexible_Demand_Defer,Flexible_Demand_Stasify,Demand_Response,Nonserved_Energy,Transmission_NetExport,Transmission_Losses,Demand,Generation,Storage_Discharge,Storage_Charge,Flexible_Demand_Defer,Flexible_Demand_Stasify,Demand_Response,Nonserved_Energy,Transmission_NetExport,Transmission_Losses,Demand,Generation,Storage_Discharge,Storage_Charge,Flexible_Demand_Defer,Flexible_Demand_Stasify,Demand_Response,Nonserved_Energy,Transmission_NetExport,Transmission_Losses,Demand,Generation,Storage_Discharge,Storage_Charge,Flexible_Demand_Defer,Flexible_Demand_Stasify,Demand_Response,Nonserved_Energy,Transmission_NetExport,Transmission_Losses,Demand,Generation,Storage_Discharge,Storage_Charge,Flexible_Demand_Defer,Flexible_Demand_Stasify,Demand_Response,Nonserved_Energy,Transmission_NetExport,Transmission_Losses,Demand,Generation,Storage_Discharge,Storage_Charge,Flexible_Demand_Defer,Flexible_Demand_Stasify,Demand_Response,Nonserved_Energy,Transmission_NetExport,Transmission_Losses,Demand,Generation,Storage_Discharge,Storage_Charge,Flexible_Demand_Defer,Flexible_Demand_Stasify,Demand_Response,Nonserved_Energy,Transmission_NetExport,Transmission_Losses,Demand,Generation,Storage_Discharge,Storage_Charge,Flexible_Demand_Defer,Flexible_Demand_Stasify,Demand_Response,Nonserved_Energy,Transmission_NetExport,Transmission_Losses,Demand,Generation,Storage_Discharge,Storage_Charge,Flexible_Demand_Defer,Flexible_Demand_Stasify,Demand_Response,Nonserved_Energy,Transmission_NetExport,Transmission_Losses,Demand,Generation,Storage_Discharge,Storage_Charge,Flexible_Demand_Defer,Flexible_Demand_Stasify,Demand_Response,Nonserved_Energy,Transmission_NetExport,Transmission_Losses,Demand,Generation,Storage_Discharge,Storage_Charge,Flexible_Demand_Defer,Flexible_Demand_Stasify,Demand_Response,Nonserved_Energy,Transmission_NetExport,Transmission_Losses,Demand
Zone,1,1,1,1,1,1,1,1,1,1,2,2,2,2,2,2,2,2,2,2,3,3,3,3,3,3,3,3,3,3,4,4,4,4,4,4,4,4,4,4,5,5,5,5,5,5,5,5,5,5,6,6,6,6,6,6,6,6,6,6,7,7,7,7,7,7,7,7,7,7,8,8,8,8,8,8,8,8,8,8,9,9,9,9,9,9,9,9,9,9,10,10,10,10,10,10,10,10,10,10,11,11,11,11,11,11,11,11,11,11
AnnualSum,1.0122011502166106e8,4.542320053998248e6,-5.762603046406089e6,2.8113104827842494e6,-2.8113104827842503e6,0.0,0.0,1.7354752594324503e7,-192866.6235776782,-1.1716171799999999e8,1.6228112967020115e7,119553.0411656484,-159413.4071407501,180076.12128232224,-180076.12128232242,0.0,0.0,-5.87792049714036e6,-55599.10390465489,-1.0254732999999993e7,1.4042390205999995e6,0.0,7.247535904753022e-13,138695.5381271135,-138695.53812711354,0.0,0.0,6.389502009116818e6,-30055.029716818717,-7.7636859999999935e6,1.1302875213620005e7,0.0,0.0,277873.11649928556,-277873.1164992854,0.0,0.0,4.265695794552714e6,-185359.0081727122,-1.5383212000000007e7,7.327599591459999e6,0.0,0.0,32229.032482811614,-32229.03248281161,0.0,0.0,-5.533274665225497e6,-37554.92623450312,-1.7567699999999998e6,4.425015155800569e7,3.3383008369443864e6,-4.079338735821997e6,168064.0018254273,-168064.00182542735,0.0,0.0,-3.3777156064873815e7,-228858.59425423222,-9.503098999999998e6,5.313335147010583e7,0.0,0.0,302515.09236526384,-302515.0923652639,0.0,0.0,-3.584427207366372e7,-358889.3964421897,-1.6930190000000007e7,2.4103930526577212e7,0.0,0.0,1.1366146861931127e6,-1.1366146861931127e6,0.0,0.0,4.068401431500115e7,-136346.8415783707,-6.4651597999999985e7,6.610730537999995e6,0.0,0.0,386962.3314979744,-386962.3314979746,7493.871807940143,0.0,1.3643512349684399e7,-139275.75949234146,-2.0122461e7,1.566195584387278e8,4.9104680226228405e6,-5.94152735982834e6,3.2346947752955793e6,-3.2346947752955775e6,211495.69074252213,0.0,-2.2153029142637504e6,-69614.87800099989,-1.5351507700000003e8,5.74819329094835e8,1.2759310476448531e6,-1.701341208877392e6,1.1371690399965603e7,-1.1371690399965605e7,0.0,0.0,910449.1524875299,-137756.08608996705,-5.75166612e8
t1,10380.904946279597,0.0,-0.0,92.71425921442216,-882.9146736816422,0.0,0.0,1308.914471140661,-11.518447346037817,-10888.100555607001,2125.81765,0.0,-0.0,7.198725768638713,-29.97522481236755,0.0,0.0,-1110.0842671436149,-7.99722752128776,-984.9596562913684,135.9085499999999,0.0,-0.0,5.46158713978552,-22.7138287613762,0.0,0.0,628.8011712937799,-1.7361328160010445,-745.721346856188,1893.35806,0.0,-0.0,10.792845858523739,-117.19757328421261,0.0,0.0,-299.29435147781226,-10.19379451839453,-1477.465186578104,823.9412618995339,0.0,-0.0,1.2467256314117716,-13.526249971643637,0.0,0.0,-638.8698318403883,-4.312371364922621,-168.47953435399106,2298.8575533333337,0.0,-0.0,6.6040129623689054,-71.6801469087016,0.0,0.0,-1308.914471140661,-11.518447346037817,-913.3485009003024,5360.608811041911,0.0,-0.0,12.216899700939042,-132.59827178109796,0.0,0.0,-3595.0294881491373,-20.901823795931804,-1624.2961270166847,2429.4388,0.0,-0.0,43.77115367484636,-475.1034181226722,0.0,0.0,4232.433293948494,-13.96702987003003,-6216.572799630637,661.6660999999999,0.0,-0.0,14.903407558069102,-62.03608239916775,0.0,0.0,1322.572497446713,-8.790164394116701,-1928.3157582114977,15120.615201374878,0.0,-0.0,111.70438415341303,-541.8270114715328,0.0,0.0,-1040.5290240780344,-7.647888326973552,-13642.315661651748,59493.47937360394,0.0,-0.0,487.9350079707611,-4805.348262594221,0.0,0.0,500.0,-6.35,-55669.71611898048
t2,10288.520482203106,0.0,-1304.6469497475819,70.09230708719676,-291.49706994402106,0.0,0.0,1317.9309093259155,-11.597792002068058,-10068.801886922549,2067.7268771692557,0.0,-0.0,5.022561057243464,-41.86628959755777,0.0,0.0,-1102.7460553756491,-7.977414349514252,-920.1596789037784,135.8799999999999,0.0,-0.0,3.811604871012329,-43.93962898207282,0.0,0.0,602.746055375649,-1.6274143495142523,-696.870616915074,1877.1965820000003,0.0,-0.0,4.7137036620699,-0.0,0.0,0.0,-490.28058868835217,-10.867697371373529,-1380.7619996023443,756.7535218995339,0.0,-0.0,0.870037411620348,-0.0,0.0,0.0,-596.0865641867364,-4.023584308260471,-157.51341081615732,2276.0992933333337,0.0,-0.0,4.608307132126513,-0.0,0.0,0.0,-1416.0353490705181,-12.147176864637833,-852.525074530304,3704.837815638814,0.0,-0.0,8.52505274276472,-0.0,0.0,0.0,-2176.209823162434,-18.485991493115474,-1518.667053726029,2429.4388,0.0,-0.0,30.543571657378042,-0.0,0.0,0.0,3357.688221979958,-11.080371132533863,-5806.590222504803,661.6660999999999,0.0,-0.0,10.398919378057728,-45.71444158930798,0.0,0.0,1185.166386602285,-8.701095401979641,-1802.8158689890554,14877.878171413118,0.0,-0.0,78.86302708876947,-609.2345565434246,0.0,0.0,-1182.1731928001177,-8.688972967080865,-13156.644476191263,53401.202383506876,0.0,-0.0,310.6832135436632,-0.0,0.0,0.0,500.0,-6.35,-54205.53559705053
t3,10237.200084034233,0.0,-1304.6469497475819,27.493863804673012,-57.934945935794865,0.0,0.0,681.3054643847048,-5.995488086585403,-9577.42202845365,2085.535619999999,0.0,-0.0,1.9729036296822806,-0.0,0.0,0.0,-1202.9654381207315,-8.248006682925975,-876.2950788260251,135.8799999999999,0.0,-0.0,1.0399580634542747,-2.9139295703982917,0.0,0.0,532.6720176672665,-2.7069004300799335,-663.9711457302423,1912.866762,0.0,-0.0,2.9579214330918893,-6.391052886804562,0.0,0.0,-580.2085442095846,-14.261131480752166,-1314.963954855951,823.9563618995339,0.0,-0.0,0.3416823394918428,-0.7391013542563101,0.0,0.0,-668.5115215495017,-4.512452770459136,-150.5349685648086,2298.9134533333336,0.0,-0.0,0.7829702416159527,-0.0,0.0,0.0,-1476.6063897889098,-10.449173268848952,-812.6408605171904,2323.437700494656,0.0,-0.0,3.3482062799846,-0.0,0.0,0.0,-857.3334952841888,-23.52990823817574,-1445.9225032522756,2429.4388,0.0,-0.0,11.99607385067159,-25.93376222434641,0.0,0.0,3127.0392455816423,-10.269377305606792,-5532.2709799023605,661.6660999999999,0.0,-0.0,4.084475500663746,-66.55330299976555,0.0,0.0,1126.7818541194206,-8.821912179914538,-1717.157214440404,14830.402171413118,0.0,-281.6056146734328,31.891626681778455,-471.56597261570334,0.0,0.0,-1182.1731928001177,-8.688972967080865,-12918.26004503856,53364.477517800326,0.0,-0.0,135.90739795138091,-290.16280140185256,0.0,0.0,500.0,-6.35,-53703.872114349855
t4,10438.0370971922,0.0,-1584.9733974138132,36.1083757799608,-20.863996076207243,0.0,0.0,488.15239181671757,-4.295741047987115,-9352.164730250868,1883.4395200000001,0.0,-0.0,2.6042955779134265,-18.374026277931762,0.0,0.0,-1008.5746272064952,-7.723151493457537,-851.372010600029,135.85144999999991,0.0,-0.0,1.9761002441198987,-0.0,0.0,0.0,508.57462720649517,-1.373151493457537,-645.0290259571573,1890.2975820000001,0.0,-0.0,3.904667893189746,-12.501743376236488,0.0,0.0,-592.9786465653552,-11.641627828419152,-1277.080232123179,756.7686218995339,0.0,-0.0,0.4510771104558501,-1.7668856200267273,0.0,0.0,-605.813207284093,-4.089239149167628,-145.55036695670233,2291.5785600000004,0.0,-0.0,2.3893085661877187,-12.252150226667544,0.0,0.0,-1482.146174648028,-9.862106231842453,-789.70743745965,2073.115151408362,0.0,-0.0,4.420043300079241,-24.564617230541117,0.0,0.0,-625.4855537822623,-22.41904879163483,-1405.0659749040033,2429.4388,0.0,-0.0,15.836220496425142,-45.47527262772118,0.0,0.0,2982.56190170046,-9.694592635497822,-5372.667056933667,661.6660999999999,0.0,-0.0,5.391822238465766,-6.509400295239388,0.0,0.0,1017.8824815626788,-9.083270674050718,-1669.3477328318545,14877.877661413118,0.0,-673.8971652749536,43.02673591286559,-40.94861355661918,0.0,0.0,-1182.1731928001177,-8.688972967080865,-13015.19645272721,54046.94786267219,0.0,-0.0,161.40597311239074,-570.1251786543908,0.0,0.0,500.0,-6.35,-54131.8786571302
t5,10446.574627882768,0.0,-1969.4096146087904,42.52430376599377,-87.04052066558995,0.0,0.0,876.3958179222471,-7.7122831977157755,-9301.332331098913,1852.4262606918628,0.0,-0.0,3.105964441036995,-5.615163433174776,0.0,0.0,-1001.806324044215,-7.704877074919381,-840.4058605805907,135.82289999999992,0.0,-0.0,2.359268914277299,-2.577172976824131,0.0,0.0,501.80632404421493,-1.3548770749193806,-636.0564429067485,1958.322962,0.0,-0.0,2.447475345581364,-0.0,0.0,0.0,-687.4801620814188,-13.158024363539536,-1260.1322509006231,823.9744818995339,0.0,-0.0,0.5384362137709697,-0.0,0.0,0.0,-676.3907542089347,-4.565637590910309,-143.55652631345984,2314.3927200000007,0.0,-0.0,2.8511882502687347,-0.0,0.0,0.0,-1527.1481334793893,-11.356496164835772,-778.7392786060439,2073.1215514083624,0.0,-0.0,5.274607087870649,-0.0,0.0,0.0,-670.1707760719291,-21.096419965883324,-1387.1289624584203,2429.4388,0.0,-0.0,18.897254867354086,-0.0,0.0,0.0,2859.794007919425,-9.2798202261341,-5298.850242560645,661.6660999999999,0.0,-0.0,6.432350733017184,-17.73158593793976,0.0,0.0,1007.1731928001177,-9.108972967080865,-1648.4310846281141,14925.353661413117,0.0,-344.2075349788696,51.33993435020292,-70.33451608683312,0.0,0.0,-1182.1731928001177,-8.688972967080865,-13371.289378930418,54829.36413244831,0.0,-0.0,212.32783938021532,-0.0,0.0,0.0,500.0,-6.35,-55535.341971828515
t6,10332.97210784969,0.0,-1619.4855361663435,94.07622517980536,-80.41379726402877,0.0,0.0,789.4436003348653,-6.947103682946816,-9509.645496251043,2054.5235606918627,0.0,-0.0,6.715240843595996,-2.1274675568892243,0.0,0.0,-1203.4776247079885,-8.249389586711569,-847.3843196838695,135.7943499999999,0.0,-0.0,5.0975229515775915,-1.6098789734178527,0.0,0.0,504.60326010848644,-2.8440428185592053,-641.0412112680867,1922.6904720000002,0.0,-0.0,10.069291688956259,-10.834111292503849,0.0,0.0,-635.4846528761632,-15.342407828602935,-1271.0985916916886,851.1058905023303,0.0,-0.0,1.1635045962907964,-1.5085673780450264,0.0,0.0,-700.4822058742228,-4.728254889651004,-145.55036695670233,2337.2180600000006,0.0,-0.0,6.162249916672029,-7.986533177885433,0.0,0.0,-1539.5243103716234,-11.147555659152662,-784.7219107080108,2073.127951408362,0.0,-0.0,11.399805388199479,-2.626814882882014,0.0,0.0,-659.2207995793643,-23.593171578839375,-1399.0869707554757,2429.4388,0.0,-0.0,40.842855960000634,-52.932967117874014,0.0,0.0,2934.0775639774806,-9.682455961125687,-5341.743796858482,661.6660999999999,0.0,-0.0,13.904532413046693,-0.0,0.0,0.0,995.0815495492643,-7.280634331524943,-1663.371547630786,14972.829661413118,0.0,-0.0,118.7281731572698,-0.0,0.0,0.0,-985.0163805607343,-7.239870397121396,-14099.30158361253,57543.7976014268,0.0,-0.0,429.9508154841575,-281.40197200326895,0.0,0.0,500.0,-6.35,-58185.99644490769
t7,10224.239917084027,0.0,-354.3631660611417,230.60265118484347,-39.651224956074884,0.0,0.0,0.0,-0.0,-10060.828177251653,1897.7857360685903,0.0,-0.0,16.551797845296424,-7.150333973742895,0.0,0.0,-1022.1354327167436,-7.759765668335207,-877.292001555065,136.11779999999987,0.0,-0.0,12.563391753710032,-5.435713071875975,0.0,0.0,522.1354327167436,-1.4097656683352078,-663.9711457302423,1832.371462,0.0,-0.0,24.81839996592992,-0.0,0.0,0.0,-529.5314647009618,-12.69444240901738,-1314.963954855951,869.6262200000002,0.0,-0.0,2.867625356055921,-0.0,0.0,0.0,-717.1183280767295,-4.840548714517924,-150.5349685648086,2360.4562200000005,0.0,-0.0,15.188108451129967,-0.0,0.0,0.0,-1554.2993913424223,-8.704076591517564,-812.6408605171904,2525.2643021930094,0.0,-0.0,28.097070954388965,-12.148271496206037,0.0,0.0,-1062.3571858712762,-29.943910453376454,-1448.9120053265397,2432.2527999999998,0.0,-0.0,100.66557693268149,-16.60588328370322,0.0,0.0,3013.9341748075954,-9.945982776865065,-5520.300685679708,662.6261,0.0,-0.0,34.27125770494805,-0.0,0.0,0.0,1032.0144507724403,-4.782377969070915,-1724.1294305083175,15020.305661413118,0.0,-0.0,302.5741134765536,-0.0,0.0,0.0,-182.64225558864624,-1.3424205785765497,-15138.895098722447,60497.54604757605,0.0,-0.0,1125.3321627971814,-213.84239164743383,0.0,0.0,500.0,-6.35,-61902.6858187258
t8,11086.611131254502,0.0,-993.9527098350076,366.5444390143462,-172.3309373839539,0.0,0.0,521.0935909038076,-4.585623599953507,-10803.379890353743,1966.71062419635,0.0,-0.0,19.982247709963044,-0.0,0.0,0.0,-1045.7496734068186,-7.82352411819841,-933.1196743812964,181.70179999999988,0.0,-0.0,15.15378624546208,-0.0,0.0,0.0,510.62796594864557,-1.6403522286247316,-705.8431999654828,1880.776368,0.0,-0.0,38.33866015689166,-0.0,0.0,0.0,-508.29211186944576,-12.115995390630882,-1398.706920896815,812.7954600000002,0.0,-0.0,4.4289121425444105,-0.0,0.0,0.0,-653.3072964322272,-4.409824250917533,-159.5072514593998,2392.5947800000004,0.0,-0.0,23.459660831937406,-0.0,0.0,0.0,-1542.2570683742397,-10.304139073787926,-863.4932333839103,2175.7137514083624,0.0,-0.0,43.39860469480138,-0.0,0.0,0.0,-654.7881080570733,-22.737678417369708,-1541.5865696287185,2796.6657999999998,0.0,-0.0,155.48954370611173,-0.0,0.0,0.0,2927.888786504939,-9.61233851877047,-5870.431791692281,786.9460999999999,0.0,-0.0,52.94049670374025,-11.271380760398946,0.0,0.0,1015.0687840451957,-7.999112393603669,-1835.6848875949331,16509.685661413117,0.0,-0.0,468.29083737779115,-77.42934810988476,0.0,0.0,-1070.2848692627836,-7.866593789081458,-15822.395687629158,64501.20167172228,0.0,-0.0,620.6678820133263,-684.9362858521436,0.0,0.0,500.0,-6.35,-64930.583267883456
t9,12083.189178331028,0.0,-1876.2825326431337,357.92070958855857,-726.4148243017673,0.0,0.0,1600.0,-14.08,-11424.332530974683,2013.098006366735,0.0,-0.0,24.642805961021534,-19.6,0.0,0.0,-1027.4010187438594,-7.77398275060842,-982.9658108332887,214.9546499999999,0.0,-0.0,18.692707190669633,-14.9,0.0,0.0,527.4010187438593,-1.4239827506084202,-744.7243931839204,2048.5280079999998,0.0,-0.0,36.9445827679515,-30.98549799659121,0.0,0.0,-563.1278127075651,-16.884913701436112,-1474.474366362359,753.2907200000001,0.0,-0.0,3.8978229199873926,-3.5466275037221195,0.0,0.0,-581.2390176928475,-3.9233633694267205,-168.47953435399106,4843.988495006995,0.0,-0.0,22.604713077339532,-11.081463180594257,0.0,0.0,-3918.0932379220585,-27.06132213236353,-910.3571848493189,2463.0174111453866,0.0,-0.0,41.81675657572006,-35.093228417197224,0.0,0.0,-815.0476891712161,-30.39712311600822,-1624.2961270166847,3062.5888,0.0,-0.0,149.82359444753587,-73.44588969079736,0.0,0.0,3062.7753405338017,-10.107158623761544,-6191.634686666778,877.6660999999999,0.0,-0.0,51.014971217917655,-42.78915904792493,0.0,0.0,1051.6660803850098,-5.258110876125876,-1932.299881678877,19058.249099889123,0.0,-2242.782150246868,452.2618685296452,-636.946724390807,0.0,0.0,-302.6858335050262,-2.2247408762619427,-16325.871519399803,65459.40191790416,0.0,-0.0,1696.6459238005643,-1411.4,0.0,0.0,965.7521700799022,-15.036277971990176,-66695.36373381263
t10,12352.306855472345,0.0,-1744.9226212917092,258.99128003540426,-258.5,0.0,0.0,1600.0,-14.08,-12193.795514216043,2162.7949963740016,0.0,-0.0,16.89073622688841,-58.46758774316941,0.0,0.0,-1089.4370221739284,-7.941479959869607,-1023.8396427239225,219.2942999999999,0.0,-0.0,12.80166191111363,-44.31154710095537,0.0,0.0,589.4370221739284,-1.591479959869607,-775.6299570242169,2022.3900463999998,0.0,-0.0,25.317491685361773,-91.63799317999182,0.0,0.0,-406.2364971310471,-13.548396953230704,-1536.284650821092,687.34958,0.0,-0.0,2.9228085200837874,-4.819147360906982,0.0,0.0,-506.57587738151176,-3.4193871723252043,-175.4579766053398,7418.373675830041,0.0,-1355.6294079020229,15.48683050983476,-20.44680492574831,0.0,0.0,-5075.0,-33.54,-949.2442935121046,2652.6999429262974,0.0,-0.0,28.648775177697217,-103.3373547253205,0.0,0.0,-846.9546540430783,-39.99503599368491,-1691.0616733419104,3093.5427999999997,0.0,-0.0,88.0633525507592,-371.52765657154583,0.0,0.0,3662.9756302771507,-12.087819579914596,-6460.96630667645,888.2260999999999,0.0,-0.0,34.95870515502896,-126.53442955311303,0.0,0.0,1217.273841883638,-4.929959059628733,-2008.9942584259252,19594.35356577735,0.0,-2242.782150246868,319.6095947593196,-835.898777015969,0.0,0.0,0.0,-0.0,-16835.282233273836,68179.59308360492,0.0,-0.0,999.0717178623614,-1588.941963229915,0.0,0.0,854.5175563948485,-12.961752426763926,-68431.27864220545
t11,12327.412717408195,0.0,-691.3668582858584,317.16365095398123,-491.1503473656585,0.0,0.0,1600.0,-14.08,-13047.979162710659,2179.3309,0.0,-0.0,20.549450403337815,-0.0,0.0,0.0,-1109.2273528134683,-7.994913852596364,-1082.6580837372733,197.19934999999987,0.0,-0.0,14.714129643120817,-0.0,0.0,0.0,609.2273528134683,-1.6449138525963645,-819.4959186039927,2053.9686664,0.0,-0.0,30.80281466858088,-20.110465475084347,0.0,0.0,-423.66860189681955,-16.977036547060464,-1624.0153771496164,615.2852399999999,0.0,-0.0,3.556417768087358,-0.0,0.0,0.0,-430.5085452659896,-2.9059326805454297,-185.4271798215523,8096.382784982728,0.0,-1752.9183323037116,16.64269704280495,-18.0,0.0,0.0,-5304.321095758432,-34.698071533580084,-1003.087982429808,2682.3815399045516,0.0,-0.0,34.85773279901616,-21.57454579009474,0.0,0.0,-868.7121492889884,-40.22683790613134,-1786.7257397183532,2914.8538,0.0,-0.0,124.89334334445095,-119.3,0.0,0.0,3917.543506174709,-12.927893570376538,-6825.062755948783,827.2660999999999,0.0,-0.0,42.533151506816296,-27.7715951798784,0.0,0.0,1288.6221387156984,-6.115956062716258,-2124.53383897992,19865.303921375853,0.0,-2179.116548091806,379.2518951296061,-490.4416329135245,0.0,0.0,-271.82921239929686,-1.9979447111348319,-17301.170478389697,68587.23173144711,0.0,-0.0,1344.034827876479,-577.1698003544079,0.0,0.0,992.8739597191195,-15.54209934876158,-70331.42861933955
t12,12770.236902946232,0.0,-990.0389543786783,380.3503961156182,-126.37551308580672,0.0,0.0,1600.0,-14.08,-13620.092831597369,2292.024505135906,0.0,-0.0,24.467960597348224,-36.522609965691416,0.0,0.0,-1140.3835227957893,-8.07903551154863,-1131.5072974602258,205.24334999999988,0.0,-0.0,17.565714508723087,-5.080347315068611,0.0,0.0,640.3835227957893,-1.7290355115486313,-856.383204477895,1904.5589264000002,0.0,-0.0,36.67514029272979,-55.750456521001674,0.0,0.0,-174.1465836245743,-14.545024147739053,-1696.792002399415,678.4248174672879,0.0,-0.0,4.234050073773504,-2.3619463743137237,0.0,0.0,-483.6298771017882,-3.2645016704370704,-193.40254239452227,8557.429404657261,0.0,-1735.824537528166,22.434477287007397,-54.6,0.0,0.0,-5703.769231253384,-36.71528461782958,-1048.9548285448886,2719.5771855507896,0.0,-0.0,37.235428659392355,-33.3,0.0,0.0,-809.1280955285536,-46.942222958152875,-1867.4422957234767,2978.1688,0.0,-0.0,148.6969834929895,-224.21807530399659,0.0,0.0,4245.658320970838,-14.010672459203763,-7134.295356700628,848.8661,0.0,-0.0,50.6415174321902,-0.0,0.0,0.0,1325.015466537461,-5.366312639476717,-2219.1567713301743,19061.00137994148,0.0,-1750.8655001409252,443.92570189103554,-262.9748759935202,0.0,0.0,0.0,-0.0,-17491.086705698075,69794.99216062436,0.0,-0.0,1565.7945972439902,-625.1897627430774,0.0,0.0,500.0,-6.35,-71229.24699512529
t13,13339.879121081594,0.0,-1437.0886625293651,393.51807847580636,-0.0,0.0,0.0,1600.0,-14.08,-13882.228537028039,2291.2987048640944,0.0,-0.0,24.758427244344777,-0.0,0.0,0.0,-1151.5176687166825,-8.109097705535042,-1156.430365686222,206.22759999999988,0.0,-0.0,19.339153239832726,-0.0,0.0,0.0,651.5176687166825,-1.7590977055350427,-875.32532425098,1959.8997864,0.0,-0.0,38.256020902780115,-10.412817081933513,0.0,0.0,-239.79614766040868,-13.271117428251358,-1734.675725132187,745.7228574672878,0.0,-0.0,4.28273924459179,-10.3,0.0,0.0,-537.6890516108775,-3.6294010983734233,-198.38714400262853,8337.026683704686,0.0,-1752.9183323037116,16.36523503140084,-0.0,0.0,0.0,-5492.9347642703815,-35.65057055956542,-1071.8882516024291,2647.5559985287714,0.0,-0.0,41.98325070093112,-0.0,0.0,0.0,-735.4843939581942,-45.75603119975812,-1908.298824071749,2985.2038,0.0,-0.0,150.4269081919735,-0.0,0.0,0.0,4172.036291238434,-13.767719761086834,-7293.899279669322,851.2660999999999,0.0,-0.0,37.07068261766892,-0.0,0.0,0.0,1385.7389176136978,-6.113416425797966,-2267.9622838055684,18585.738454563714,0.0,-1179.2397683096722,457.8964835029718,-141.18960057073787,0.0,0.0,-151.87085135226985,-1.1162507574391833,-17570.218467076567,69831.3905204923,0.0,-0.0,1609.7294327798477,-519.389880240058,0.0,0.0,500.0,-6.35,-71415.3800730321
t14,14065.229507551436,0.0,-1304.6469497475819,404.29081356785883,-893.482677065221,0.0,0.0,1600.0,-14.08,-13857.310694306492,2210.064209999999,0.0,-0.0,6.672782046411729,-8.49480103499462,0.0,0.0,-1034.0506612494232,-7.7919367853734425,-1166.3995929766204,215.0124499999999,0.0,-0.0,2.972896572740492,-5.478642423787724,0.0,0.0,672.8957002005598,-2.1014507203913415,-883.3009536291211,1747.8322263999999,0.0,-0.0,0.0,-0.0,0.0,0.0,15.269147843007204,-13.47154803209467,-1749.6298262109126,814.9189174672878,0.0,-0.0,4.46874842105318,-1.473587934641924,0.0,0.0,-614.3829288596467,-4.147084769802615,-199.38406432424978,8311.899164405919,0.0,-1621.731073290013,17.55270730720427,-7.801347889280775,0.0,0.0,-5582.952092710263,-36.10515806818683,-1080.8621997553796,2660.1994212108184,0.0,-0.0,43.80621425439788,-0.0,0.0,0.0,-736.3442348162268,-43.418565514499534,-1924.2428351344897,3055.5537999999997,0.0,-0.0,156.95839857407248,-0.0,0.0,0.0,4157.952368580488,-13.721242816315609,-7356.743324338245,875.2660999999999,0.0,-0.0,53.460447993176786,-17.596373572488858,0.0,0.0,1381.5436891902973,-6.783024202210719,-2285.8908394087744,19353.6796912426,0.0,-1846.4778075986585,466.1480920810091,-0.0,0.0,0.0,-359.9309881787924,-2.6454927631141243,-17610.773494783043,74164.12614736389,0.0,-0.0,489.69381998856824,-3988.893819988568,0.0,0.0,500.0,-6.35,-71158.57614736388
t15,12351.948123023521,0.0,-0.0,441.80842685006405,-600.1095248583198,0.0,0.0,1600.0,-14.08,-13779.567025015267,1967.75581,0.0,-0.0,28.314869544792696,-59.746078835549206,0.0,0.0,-761.8710332139055,-7.057051789677545,-1167.3965157056602,184.3782999999999,0.0,-0.0,14.449916049788193,-58.482820275348985,0.0,0.0,746.9637537391221,-3.011242212172324,-884.2979073013887,1893.5649899999999,0.0,-0.0,42.43612452408736,-70.27932834493396,0.0,0.0,-84.45709361942454,-29.640986204985772,-1751.6237063547428,748.7336599999999,0.0,-0.0,4.897734184934817,-13.700000000000001,0.0,0.0,-535.9328627157325,-3.6175468233311947,-200.38098464587102,8256.497345353206,0.0,-0.0,25.954719656550218,-67.17574675482905,0.0,0.0,-7089.7027641900595,-43.714248959159804,-1081.8593051057076,2578.731131992078,0.0,-0.0,21.441925719205994,-134.3,0.0,0.0,-485.54290771246383,-54.094313481487696,-1926.2358365173322,2812.1428,0.0,-0.0,172.03055611985928,-481.2,0.0,0.0,4877.847059663712,-16.096895296890246,-7364.72352048668,792.2260999999999,0.0,-0.0,13.985690916396697,-163.9,0.0,0.0,1654.6610031676335,-8.093862074721223,-2288.8789320093088,19619.70111851422,0.0,-503.3358757781353,517.4941990892415,-1481.3,0.0,0.0,-421.9651551188812,-3.101443890123777,-17727.492842816315,69250.05159823758,0.0,-0.0,1768.3955403917973,-496.8534148942537,0.0,0.0,500.0,-6.35,-71015.24372373513
t16,10924.813839471046,0.0,-0.0,541.4877265110166,-541.4877265110166,0.0,0.0,2960.0,-31.49,-13853.323839471046,2125.8587599999996,0.0,-0.0,34.4503332932292,-34.4503332932292,0.0,0.0,-945.9236368297005,-7.5539938194401905,-1172.3811293508595,151.1252999999999,0.0,-0.0,26.088648858424158,-26.088648858424158,0.0,0.0,738.7584273928068,-2.594959074614946,-887.2887683181916,1803.35404,0.0,-0.0,51.627155615235914,-51.627155615235914,0.0,0.0,-29.42735370413402,-15.32439943771799,-1758.602286858148,808.22512,0.0,-0.0,5.957332465814254,-5.957332465814254,0.0,0.0,-603.7686966517298,-4.075438702399176,-200.38098464587102,6878.4397946013205,0.0,-0.0,31.57294434226926,-31.57294434226926,0.0,0.0,-5754.622867264289,-36.97209547968466,-1086.8448318573467,5337.732344703264,0.0,-0.0,58.40511260073735,-58.40511260073735,0.0,0.0,-3343.442276728219,-59.0857252349222,-1935.2043427401238,2547.6268,0.0,-0.0,209.2697392331153,-209.2697392331153,0.0,0.0,4861.068934490018,-16.04152748381706,-7392.654207006201,701.9861,0.0,-0.0,71.28543502587667,-71.28543502587667,0.0,0.0,1617.3574692952475,-19.508297750645752,-2299.8352715446013,18071.716004812748,0.0,-0.0,649.4751708692869,-649.4751708692869,0.0,0.0,0.0,-0.0,-18071.716004812748,73055.5943591273,0.0,-0.0,2139.714178728541,-3931.1732305994856,0.0,0.0,500.0,-6.35,-71757.78530725636
t17,10492.324642280635,650.899425311783,-0.0,675.4036956654311,-579.8491054953174,0.0,0.0,2960.0,-31.49,-14167.288657762532,2132.72421,0.0,-0.0,43.37926817890439,-43.37926817890439,0.0,0.0,-935.8685491726967,-7.526845082766281,-1189.328815744537,135.9387499999999,0.0,-0.0,32.84824464167932,-32.84824464167932,0.0,0.0,767.0604225389269,-2.750006481255874,-900.2491660576708,1533.0307400000002,0.0,-0.0,65.0070027367693,-65.0070027367693,0.0,0.0,268.04738678446165,-17.55233812843729,-1783.5257886560244,804.7774599999998,0.0,-0.0,7.500973233072022,-7.500973233072022,0.0,0.0,-597.3734436446634,-4.032270744601478,-203.37174561073476,4807.6542908831325,0.0,-0.0,39.754728550325254,-39.754728550325254,0.0,0.0,-3680.400691309022,-25.452187461847355,-1101.8014121122642,8778.869989380535,0.0,-0.0,73.54005786494298,-73.54005786494298,0.0,0.0,-6771.983902589251,-43.77972469136412,-1963.1063620999196,2429.4388,0.0,-0.0,263.49994967147046,-263.49994967147046,0.0,0.0,5083.7342554603165,-17.773823043019043,-7495.399232417298,661.6660999999999,0.0,-0.0,89.75978482095051,-0.0,0.0,0.0,1604.84335039623,-22.56891419985664,-2333.700321017324,16818.95536412582,1008.37782132753,-0.0,863.9460251769824,-0.0,0.0,0.0,598.2498798905181,-7.097136617195309,-19282.43195390365,71175.00253290271,0.0,-0.0,2780.3238946146294,-0.0,0.0,0.0,703.6912916451804,-20.648842589182614,-74638.36887657334
t18,10296.083087715317,1830.0,-0.0,821.1451252974807,-290.12594753983393,0.0,0.0,2960.0,-31.49,-15585.612265472964,2142.9552999999996,0.0,-0.0,0.0,-0.0,0.0,0.0,-879.7481097007212,-10.075319896191948,-1253.131870403087,135.5373999999999,0.0,-0.0,0.0,-0.0,0.0,0.0,818.9546312453722,-6.389088918854855,-948.1029423265171,1574.74119,0.0,-0.0,11.088476617606903,-0.0,0.0,0.0,325.0276444182573,-31.625275475995196,-1879.2320355598692,871.9067199999998,0.0,-0.0,8.886665460152807,-0.0,0.0,0.0,-661.987103363878,-4.4684129477061765,-214.3378691485685,2315.4369800000004,452.48478454633704,-0.0,47.09916659688087,-40.31030336161134,0.0,0.0,-1600.0,-14.08,-1160.6306277816068,8951.118057041811,0.0,-0.0,12.559396985248632,-0.0,0.0,0.0,-6848.064407279277,-45.881110665785975,-2069.7319360819965,2429.4388,0.0,-0.0,243.5330659859253,-0.0,0.0,0.0,5237.724114393498,-18.281989577498543,-7892.413990801925,661.6660999999999,0.0,-0.0,106.3430685248029,-152.05032056006033,0.0,0.0,1865.883691699988,-20.650267691274017,-2461.192271973456,20803.00570177109,0.0,-0.0,137.55900232344595,-0.0,0.0,0.0,337.2095385867601,-5.178490108612687,-21272.595752572684,81380.93104277865,0.0,-0.0,594.9592662167237,-0.0,0.0,0.0,-1555.0,-25.33575,-80395.5545589954
t19,10450.64376989353,2663.15115357245,-0.0,682.5511112360967,-0.0,0.0,0.0,2960.0,-31.49,-16724.856034702076,2345.0526,0.0,-0.0,49.44861612253096,-0.0,0.0,0.0,-1021.2504692580642,-10.457376266996773,-1362.7933705974704,135.5088499999999,0.0,-0.0,37.46148619185708,-0.0,0.0,0.0,866.0960742484336,-7.219359643292519,-1031.847050796998,1813.61471,0.0,-0.0,74.11068764297994,-11.088476617606903,0.0,0.0,202.1340093664803,-34.04684289408603,-2044.7240874977674,939.1095599999999,0.0,-0.0,8.553688627877548,-1.2823408333286896,0.0,0.0,-708.320389903329,-4.7811626318474705,-233.27935525937224,2338.2623200000003,1046.5739439207102,-0.0,45.32816558816337,-0.0,0.0,0.0,-2150.665330145015,-17.163725848812085,-1262.3353735150467,8951.124457041811,0.0,-0.0,83.85088268402058,-12.559396985248632,0.0,0.0,-6718.436178624201,-52.88470219571175,-2251.095061920669,2429.4388,0.0,-0.0,300.4395304521844,-44.99507688709196,0.0,0.0,5922.349054028948,-20.541251878295526,-8586.691055715744,661.6660999999999,0.0,-0.0,102.33147597538823,-0.0,0.0,0.0,1932.93346655578,-20.59610331923871,-2676.334939211929,18044.193968215568,2242.782150246868,-0.0,938.0495414970432,-253.07463800150475,0.0,0.0,270.1597637309683,-5.124325736577384,-21236.986459952364,81419.1269124261,0.0,-0.0,3184.15439470818,-1099.5071768183616,0.0,0.0,-1555.0,-25.33575,-81923.43838031591
t20,10354.06182763892,2721.2896265383647,-0.0,521.1414145365394,-134.04592648047037,0.0,0.0,2960.0,-31.49,-16390.95694223335,2435.283211870199,0.0,-0.0,28.276822127050607,-0.0,0.0,0.0,-1092.1118069790161,-10.648701878843344,-1360.7995251393907,135.48029999999991,0.0,-0.0,21.422696107742404,-0.0,0.0,0.0,881.6206359581804,-7.6735349411923135,-1030.8500971247304,1528.3349400000002,0.0,-0.0,50.76339711785953,-0.0,0.0,0.0,496.09380500527254,-33.458874841109775,-2041.7332672820223,998.4623,0.0,-0.0,5.860994398041761,-7.604324626824118,0.0,0.0,-758.3209481120888,-5.1186663997565995,-233.27935525937224,2361.07648,1305.5443629972533,-0.0,25.489050999423,-18.0,0.0,0.0,-2394.2438602147554,-18.52776561720263,-1261.3382681647188,8951.13085704181,0.0,-0.0,57.445823482401956,-0.0,0.0,0.0,-6708.259429158752,-53.20819221047572,-2247.109059154984,2429.4388,0.0,-0.0,205.82528354016824,-0.0,0.0,0.0,5967.128373214412,-20.68902363160756,-8581.703433122973,661.6660999999999,0.0,-0.0,70.09511233184664,-0.0,0.0,0.0,1960.3914923547204,-20.797919808860925,-2671.3547848777052,19436.16147778755,1348.7944482373377,-0.0,469.5009661222362,-748.4303894989235,0.0,0.0,242.70173793202767,-5.326142226199597,-20743.402098354032,84318.62687713871,0.0,-0.0,1562.5719654715008,-3499.2,0.0,0.0,-1555.0,-25.33575,-80801.66309261024
t21,10571.125460259205,2249.7404330061318,-0.0,446.5763114358651,-258.5,0.0,0.0,2960.0,-31.49,-15937.452204701203,2233.187011870199,0.0,-0.0,29.18645882886411,-19.6,0.0,0.0,-893.7930044864363,-10.113241112113379,-1338.867225100514,135.48029999999991,0.0,-0.0,22.130006502069207,-14.9,0.0,0.0,876.4154092115133,-6.220784689669262,-1012.904931023913,1324.9887200000003,0.0,-0.0,43.75198949061187,-29.4,0.0,0.0,698.1265044664988,-29.629909120200445,-2007.8373048369106,958.503981899534,0.0,-0.0,5.052216811109053,-3.4,0.0,0.0,-725.9642659426429,-4.90025879511284,-229.29167397288725,2342.5882500000002,1728.0374782863887,-0.0,26.766582237178007,-51.98115128580269,0.0,0.0,-2784.3000232994536,-20.712080130476938,-1240.3990558078342,8951.13725704181,0.0,-0.0,49.51540726351088,-33.3,0.0,0.0,-6704.550705848733,-52.56342488419126,-2210.2385335723966,2429.4388,0.0,-0.0,177.40942198092276,-75.20548923731275,0.0,0.0,5925.972855612506,-20.553210423521268,-8437.062377932594,661.6660999999999,0.0,-0.0,60.41413810557178,-25.593821148657984,0.0,0.0,1950.7742117088917,-20.727232796114084,-2626.53339586969,17539.10881142323,2242.782150246868,-0.0,519.5213601525703,-331.3,0.0,0.0,252.31901857785653,-5.255455213452755,-20217.17588518707,80419.14500311506,0.0,-0.0,1891.161400558647,-1411.4,0.0,0.0,-1555.0,-25.33575,-79318.57065367371
t22,10403.0469815351,2136.5604695779316,-0.0,356.24922690358585,-514.8441098983883,0.0,0.0,2960.0,-31.49,-15309.52256811823,2435.284311870199,0.0,-0.0,23.379753562679554,-0.0,0.0,0.0,-1149.8660339313842,-10.804638291614737,-1297.9933932098802,135.45174999999992,0.0,-0.0,17.72951700770127,-0.0,0.0,0.0,838.1254598666055,-8.310406018422437,-982.9963208558842,1163.1987100000001,0.0,-0.0,35.04855694370117,-27.400456633117543,0.0,0.0,808.5704241477893,-31.396333936365465,-1948.0209005220077,891.3162418995339,0.0,-0.0,4.047500217892477,-3.168760290904751,0.0,0.0,-665.3903651402862,-4.491384964696932,-222.3132317215385,2319.8188100000007,1307.3454786097664,-0.0,21.442817671420045,-0.0,0.0,0.0,-2426.393146813328,-18.707801622154633,-1203.5061578457041,8951.14365704181,0.0,-0.0,39.66710535209526,-31.035211084449465,0.0,0.0,-6764.545911987403,-50.76015138346195,-2144.4694879385925,2429.4388,0.0,-0.0,142.1231475823193,-119.3,0.0,0.0,5751.406343571258,-19.97714093378515,-8183.691150219792,661.6660999999999,0.0,-0.0,46.767575976926786,-42.30714042521633,0.0,0.0,1903.0932302867482,-20.37677758266133,-2548.842988255797,16693.665396843266,2242.782150246868,-0.0,406.91808224430235,-331.3,0.0,0.0,300.0,-4.905,-19307.16062933443,78460.69078042793,0.0,-0.0,1514.491554960473,-1411.4,0.0,0.0,-1555.0,-25.33575,-76983.44658538842
t23,10408.175038169675,968.3051010427472,-0.0,258.3450103730442,-258.5,0.0,0.0,2960.0,-31.49,-14304.83514958547,2352.11611,0.0,-0.0,17.18862209844002,-12.678002229031383,0.0,0.0,-1106.763516179196,-10.688261493683829,-1239.1749521965294,135.4231999999999,0.0,-0.0,13.038060600333726,-9.637869041457531,0.0,0.0,807.4450383085342,-8.135024263569472,-938.1334056038407,1206.78801,0.0,-0.0,25.769097816772394,-0.0,0.0,0.0,657.2371502542169,-31.49796402133603,-1858.2962940496532,824.128501899534,0.0,-0.0,2.9763350316301063,-0.0,0.0,0.0,-610.6389952081828,-4.121813217655234,-212.344028505326,2342.6441500000005,811.9416425333977,-0.0,15.766833930433005,-9.936741097711005,0.0,0.0,-1996.4475210210571,-16.30010611771792,-1147.668258227345,8951.15005704181,0.0,-0.0,29.1672592382123,-0.0,0.0,0.0,-6885.364624879696,-48.140271221021884,-2046.8124201793069,2429.4388,0.0,-0.0,104.50229979391031,-234.51870653944314,0.0,0.0,5526.439238438632,-19.234749486847484,-7806.626882206252,661.6660999999999,0.0,-0.0,35.583261683945196,-145.66637581938443,0.0,0.0,1903.0932302867482,-20.37677758266133,-2434.299438568647,15852.389501193853,1485.447081784992,-0.0,286.4557811803138,-0.0,0.0,0.0,300.0,-4.905,-17919.387364159156,73839.36651046283,0.0,-0.0,1109.2535845111875,-0.0,0.0,0.0,-1555.0,-25.33575,-73368.28434497402
t24,10365.96387183687,312.4140829676379,-0.0,168.23203329487438,-679.2985673633542,0.0,0.0,2960.0,-31.49,-13095.821420736029,2150.02001,0.0,-0.0,11.199529122709443,-47.9129852996902,0.0,0.0,-951.5915047192548,-10.269297062741988,-1151.4457520410228,135.3946499999999,0.0,-0.0,8.494306155944832,-36.29409337245262,0.0,0.0,770.8952510461068,-7.152604267689441,-871.3375095619094,1254.2679399999997,0.0,-0.0,16.789867623479555,-71.8072414087188,0.0,0.0,557.409726793046,-29.96008845093997,-1726.7002045568665,756.9377418995339,0.0,-0.0,1.939120456978015,-8.287303689221499,0.0,0.0,-549.4902756258087,-3.709059360474209,-197.39022368100728,2319.8747100000005,304.65226187464975,-0.0,10.272585520884506,-0.0,0.0,0.0,-1553.5824237848583,-14.314408759886465,-1066.9027248507898,8951.15645704181,0.0,-0.0,19.003340607577876,-81.24187725541867,0.0,0.0,-6943.0090521037,-43.589048367048655,-1902.3198199232215,2429.4388,0.0,-0.0,68.08661344977648,-291.09255304581177,0.0,0.0,5061.275048107721,-17.69970765875548,-7250.008200852931,661.6660999999999,0.0,-0.0,23.184212230408033,-6.445649430500509,0.0,0.0,1607.129577104985,-22.55211043354729,-2262.9821294713447,15899.865501193854,639.0182795334739,-0.0,185.40360557966693,-726.1643746890487,0.0,0.0,595.9636531817632,-7.08033285088596,-16587.00633194882,71589.66209369035,0.0,-0.0,732.8032381307876,-1060.6736890759175,0.0,0.0,-1555.0,-25.33575,-69681.45589274523
t25,10024.868990411089,0.0,-488.2756593492054,91.47426048230137,-1236.9,0.0,0.0,2960.0,-31.49,-11319.677591544187,2223.4918372066018,0.0,-0.0,7.0818627066644115,-47.90088509349526,0.0,0.0,-1177.570645038321,-8.179440741603466,-996.9227290398466,133.6245499999999,0.0,-0.0,5.328175609879336,-60.0,0.0,0.0,677.570645038321,-1.829440741603467,-754.6939299065966,1346.3714769031703,0.0,-0.0,10.528905162607602,-60.08371938135247,0.0,0.0,205.7602153274873,-7.16677013933769,-1495.410107872575,862.1077437990681,0.0,-0.0,1.2162631013050658,-13.700000000000001,0.0,0.0,-674.597101468229,-4.553530434910545,-170.47337499723355,2312.212850666667,0.0,-0.0,6.44258192230596,-51.22956742251835,0.0,0.0,-1327.6538573923776,-15.455348020168492,-924.3166597539085,8612.52295704181,0.0,-0.0,12.018934900707631,-87.91831373394893,0.0,0.0,-6860.718366727001,-31.679070636457187,-1644.2261408451102,2429.4388,0.0,-0.0,42.70117211542843,-481.2,0.0,0.0,4320.690592473271,-14.258278955161794,-6297.372285633538,661.6660999999999,0.0,-0.0,14.538960882303435,-82.9662105231888,0.0,0.0,1376.5185177868498,-18.53289999703674,-1951.2244681489278,15911.146347261,0.0,-1001.2122484220704,116.41639371048448,-1373.1542137081226,0.0,0.0,0.0,-0.0,-13653.19627884129,56931.780116127724,0.0,-0.0,464.77149899308347,-3756.3322298846592,0.0,0.0,500.0,-6.35,-54133.86938523615
t26,9979.868051258165,0.0,-2375.3062045173383,55.01788249875235,-0.0,0.0,0.0,2960.0,-31.49,-10588.08972923958,2012.035037206602,0.0,-0.0,3.932519153103022,-10.17269610663681,0.0,0.0,-1068.7771784062343,-7.885698381696832,-929.131983465137,133.6245499999999,0.0,-0.0,2.9832625964104174,-0.0,0.0,0.0,568.7771784062342,-1.5356983816968324,-703.8492926209475,1224.9699469031707,0.0,-0.0,5.8957741097626,-70.38107703676651,0.0,0.0,239.74320132055456,-6.505624759481406,-1393.7222205372398,794.9200037990681,0.0,-0.0,0.6810066331312035,-0.0,0.0,0.0,-631.8289138046184,-4.264845168181174,-159.5072514593998,2289.409870666667,0.0,-0.0,3.6074501423830294,-0.0,0.0,0.0,-1416.5116821205038,-15.006616005291455,-861.4990226832546,7396.292405509458,0.0,-0.0,6.673482301419412,-0.0,0.0,0.0,-5841.997795902264,-28.350028502687472,-1532.618063405927,2429.4388,0.0,-0.0,23.910078966102304,-0.0,0.0,0.0,3425.3941398319607,-11.303800661445468,-5867.439218136618,661.6660999999999,0.0,-0.0,8.141210985883223,-97.17790368010427,0.0,0.0,1265.2010506748709,-18.082064255233227,-1819.7483937254167,15396.330108522148,0.0,-2242.782150246868,67.39107403600553,-0.0,0.0,0.0,0.0,-0.0,-13220.939032311286,51705.855601390474,0.0,-0.0,270.11508726724026,-0.0,0.0,0.0,500.0,-6.35,-52469.62068865771
t27,9964.8392706595,0.0,-2661.4485754102993,27.290162303741006,-43.87205542770049,0.0,0.0,2960.0,-31.49,-10215.318802125243,2135.740839988099,0.0,-0.0,1.9555480329953459,-31.985403045528155,0.0,0.0,-1207.1995491602515,-8.259438782732678,-890.251997032583,133.6245499999999,0.0,-0.0,1.4838005356611026,-2.5020773084683388,0.0,0.0,544.0189558267925,-2.6845466010666086,-673.9406824529185,1210.5911741936593,0.0,-0.0,2.9319697163392666,-4.9369847563066545,0.0,0.0,135.4605330238387,-8.146995811363334,-1335.899696366167,727.732263799068,0.0,-0.0,0.3387033459293708,-0.5709438153551913,0.0,0.0,-571.1161799072174,-3.8550342143737177,-152.5288092080511,2266.595710666667,0.0,-0.0,1.7940899489110813,-32.32470759220734,0.0,0.0,-1395.3483722316885,-15.113490720229974,-825.6032300714523,6840.164602772444,0.0,-0.0,3.3189311721701253,-66.74630248769363,0.0,0.0,-5279.740962493399,-28.154249808557328,-1468.842019154965,2429.4388,0.0,-0.0,11.891145039129874,-20.033410932904218,0.0,0.0,3211.349104510911,-10.597452044886005,-5622.04818657225,661.6660999999999,0.0,-0.0,4.048652973391606,-6.817740853947285,0.0,0.0,1102.5764704310145,-17.423434705245608,-1744.0500478452132,15487.521804615651,0.0,-2242.782150246868,34.17249069689135,-235.03042883876196,0.0,0.0,0.0,-0.0,-13043.881716226913,52854.640780280955,0.0,-0.0,142.7370647879312,-1827.6520393229725,0.0,0.0,500.0,-6.35,-51663.37580574591
t28,10095.13245946205,0.0,-2978.6428987826375,36.98473902977831,-22.152836166396412,0.0,0.0,2960.0,-31.49,-10059.831463542792,1933.6441399881,0.0,-0.0,2.6411406597585163,-2.797394261267168,0.0,0.0,-1056.3192048108558,-7.85206185298931,-869.3166197227462,133.6245499999999,0.0,-0.0,2.0043366248585808,-7.303229922561305,0.0,0.0,531.2847425431005,-1.6209755487611488,-657.9894236966364,1157.1595360000001,0.0,-0.0,3.9600443724031233,-2.4717551818611168,0.0,0.0,151.98152977962621,-6.631740905283024,-1303.9976140648853,727.9219003348863,0.0,-0.0,0.4575108138875315,-1.9537709283501523,0.0,0.0,-574.0099451689671,-3.8745671298905275,-148.54112792156607,2276.9623840000004,0.0,-0.0,2.4232925092172724,-1.5133194990986432,0.0,0.0,-1457.4111603047625,-14.80007364046095,-805.6611230648955,6688.003150557934,0.0,-0.0,4.482924480328489,-2.7996410733324897,0.0,0.0,-5227.64054700699,-27.08489131129915,-1434.9609956466418,2429.4388,0.0,-0.0,16.061433119000338,-68.63391228638112,0.0,0.0,3117.8122626458644,-10.288780466731353,-5484.3898030117525,661.6660999999999,0.0,-0.0,5.468315253845333,-0.0,0.0,0.0,1054.3023223229845,-17.227924405408086,-1704.208813171422,15314.007029683085,0.0,-2242.782150246868,47.08475298373236,-27.938006383172613,0.0,0.0,0.0,-0.0,-13090.371626036776,51067.75313045804,0.0,-0.0,180.606435473092,-0.0,0.0,0.0,500.0,-6.35,-51742.009565931134
t29,9883.210000623454,0.0,-2682.833794363832,35.079920555242964,-91.17738505687025,0.0,0.0,2960.0,-31.49,-10072.788741757995,2086.835969999999,0.0,-0.0,2.5336451503602087,-0.0,0.0,0.0,-1219.735092510155,-8.293284749777419,-861.3412378904275,133.62454999999989,0.0,-0.0,1.9243060930340037,-1.2526922520316546,0.0,0.0,520.6007108845276,-2.8891730624991485,-652.0077016630306,1119.4416860000001,0.0,-0.0,3.799612006988826,-3.460079363318764,0.0,0.0,182.56014658995502,-9.310091959805368,-1293.0312732738198,795.1277603348864,0.0,-0.0,0.35103905298434657,-0.0,0.0,0.0,-643.5903568789927,-4.344234908933201,-147.54420759994483,2299.7430040000004,0.0,-0.0,2.3256643743226797,-0.0,0.0,0.0,-1488.745447270438,-14.641835491284288,-798.6813856126006,6297.055469230915,0.0,-0.0,4.302393520641808,-0.0,0.0,0.0,-4851.172577600475,-28.17879849291812,-1422.0064866581652,2429.4388,0.0,-0.0,15.414186326367329,-0.0,0.0,0.0,2999.559135906158,-9.89854514849032,-5434.513577084035,661.6660999999999,0.0,-0.0,5.246920253736668,-0.0,0.0,0.0,1040.5234808794198,-17.17212009756165,-1690.2643810355949,15141.493349204642,0.0,-1724.9597836213231,45.59159579179149,-35.443549479748704,0.0,0.0,0.0,-0.0,-13426.681611895361,51698.91527343476,0.0,-0.0,190.45874261390483,-0.0,0.0,0.0,500.0,-6.35,-52383.024016048665
t30,9932.660003659334,0.0,-2519.297087534476,78.04863636719062,-30.17785131598003,0.0,0.0,2960.0,-31.49,-10389.743701176068,2288.9326699999992,0.0,-0.0,5.439833494952156,-3.4718830213857985,0.0,0.0,-1407.7983316102727,-8.801055495347736,-874.3012333679454,133.6530999999999,0.0,-0.0,4.12850805336126,-1.8755691215438715,0.0,0.0,530.315299352462,-4.244099898572339,-661.977238385707,1139.182076,0.0,-0.0,8.156447271131507,-2.949553367976704,0.0,0.0,179.74945820669961,-12.165293469648878,-1311.9731346402057,862.3336203348864,0.0,-0.0,0.9423638418868474,-0.34020604356282264,0.0,0.0,-708.6145814651335,-4.783148424889651,-149.53804824318732,2322.512444,0.0,-0.0,4.991316554433941,-0.0,0.0,0.0,-1503.285809425828,-14.56840666239957,-809.6495444662069,6219.219949043745,0.0,-0.0,9.233605328573116,-11.019005509516225,0.0,0.0,-4743.146258068905,-30.358788924464243,-1443.9295018694331,2429.4388,0.0,-0.0,33.082107634634184,-48.49629396100151,0.0,0.0,3107.553277153694,-10.25492581460719,-5511.32296501272,661.6660999999999,0.0,-0.0,11.263036141791753,-23.645698427948723,0.0,0.0,1085.2269458572835,-17.353169130721994,-1717.157214440404,15897.414615470316,0.0,-1308.864875932707,106.55603221528463,-135.85082512788716,0.0,0.0,0.0,-0.0,-14559.254946625006,57009.32109089147,0.0,-0.0,415.8222389849286,-786.8874170719254,0.0,0.0,500.0,-6.35,-57131.90591280448
t31,9928.65952827586,0.0,-1335.6361582738841,239.71900186035495,-314.99213929268876,0.0,0.0,2960.0,-31.49,-11446.260232569644,2491.2613699999993,0.0,-0.0,5.0238465681497315,-10.518746063927402,0.0,0.0,-1546.4621165952383,-9.175447714807069,-930.1289061941768,133.8290999999999,0.0,-0.0,12.475778868586502,-16.653023893437894,0.0,0.0,580.2344205889041,-5.040029270837157,-704.8462462932151,1138.716376,0.0,-0.0,24.64283047419321,-32.885179717859714,0.0,0.0,287.7243988006726,-22.4823248759364,-1395.71610068107,929.5825003348865,0.0,-0.0,2.8475574636100043,-3.800754314918376,0.0,0.0,-763.9652863413739,-5.156765682804274,-159.5072514593998,2345.493884,0.0,-0.0,15.081254294004978,-5.046336271632555,0.0,0.0,-1479.3404486045713,-14.689330734546916,-861.4990226832546,8075.27035353181,0.0,-0.0,27.899477516632672,-0.0,0.0,0.0,-6534.949991889383,-29.622771604605447,-1538.5970675544547,2430.8458,0.0,-0.0,99.95716890113378,-4.977315177683668,0.0,0.0,3338.6657937542413,-12.015097119388995,-5852.476350358303,662.1460999999999,0.0,-0.0,34.028969840978185,-23.635676521299292,0.0,0.0,1185.8062386459414,-25.648836971221257,-1832.6967949943987,15982.073125470317,0.0,-0.0,340.7988168653808,-227.31203456345366,0.0,0.0,606.3493390629807,-7.085890008207386,-16694.823356827015,62806.72743636458,0.0,-0.0,1311.315368567602,-981.0571609527461,0.0,0.0,1365.9376525778262,-22.244580619647458,-64480.67871593761
t32,10867.347570022279,0.0,-0.0,413.5755560192323,-413.5755560192323,0.0,0.0,2590.0503109334704,-26.68065404213511,-13430.717226913615,2696.6060699999994,0.0,-0.0,26.976606002574975,-0.0,0.0,0.0,-1656.3754467849783,-9.472213706319371,-1057.7350155112772,136.2930999999999,0.0,-0.0,20.47211511694787,-0.0,0.0,0.0,649.319314050767,-5.530730336806874,-800.5537988309077,1149.7382659999998,0.0,-0.0,40.44780181890685,-0.0,0.0,0.0,418.70025414167947,-21.75772747182701,-1587.1285944887595,997.3483603348866,0.0,-0.0,4.672981928729198,-0.0,0.0,0.0,-815.0800533683123,-5.501790360236108,-181.4394985350673,2371.242504,0.0,-0.0,24.75139175324089,-0.0,0.0,0.0,-1401.7553060267367,-15.08113570456498,-979.1574540219399,8618.424357041811,0.0,-0.0,45.788364025000085,-0.0,0.0,0.0,-6884.157563836937,-30.199943094108026,-1749.855214135766,2450.5438,0.0,-0.0,164.05071590769174,-0.0,0.0,0.0,4049.2640205619355,-13.362571267854385,-6650.495965201773,668.8661,0.0,-0.0,55.85322971468935,-0.0,0.0,0.0,1376.8212078617778,-17.843964137183473,-2083.696573439284,16921.917635470316,0.0,-0.0,536.0261993235305,-0.0,0.0,0.0,492.7614424497902,-3.6217966020059573,-17947.083480641628,65978.71262373212,0.0,-0.0,2039.6683927382192,-0.0,0.0,0.0,1180.4518200175435,-19.040426443327185,-69179.79241004455
t33,11124.896620676764,235.4027449999984,-0.0,390.8634001046715,-193.43572118310567,0.0,0.0,2960.0,-31.49,-14486.237044598329,2528.149969999999,0.0,-0.0,15.102880594768212,-42.07948659734319,0.0,0.0,-1322.2160966437073,-8.569983460937896,-1170.3872838927798,161.8436999999999,0.0,-0.0,11.438368868625586,-31.91048398557345,0.0,0.0,747.4951377784201,-2.5749080155480106,-886.291814645924,1162.079046,0.0,-0.0,38.45842955464889,-0.0,0.0,0.0,576.2211722978091,-22.144121281969944,-1754.614526570488,1008.35664,0.0,-0.0,3.4699145367818662,-4.197502885091179,0.0,0.0,-801.8356761915268,-5.412390814292806,-200.38098464587102,4296.529907415073,0.0,-0.0,21.85366048653401,-19.377195339230063,0.0,0.0,-3192.4054517218533,-22.74740503415983,-1083.8535158063632,8711.248854181744,0.0,-0.0,43.5299840808336,-19.385912023627252,0.0,0.0,-6762.323951779203,-39.85763310246606,-1933.211341357281,2654.5588,0.0,-0.0,155.96195553482988,-64.4743155856416,0.0,0.0,4636.971635973312,-16.29950639871193,-7366.718569523789,738.4660999999999,0.0,-0.0,53.10533413271783,-0.0,0.0,0.0,1531.3727604478606,-23.108923035977153,-2299.8352715446013,17480.501914451168,0.0,-0.0,475.3173946987814,-0.0,0.0,0.0,114.9144435087656,-6.930923983813317,-18063.8028286749,65813.58384079616,0.0,-0.0,1795.421490998668,-0.0,0.0,0.0,1511.806026330122,-24.629528530497495,-69096.18182959444
t34,11316.139001598875,257.70890999896164,-0.0,294.473143130966,-108.26112723151539,0.0,0.0,2960.0,-31.49,-14688.569927497287,2422.035832322148,0.0,-0.0,19.350967912299446,-0.0,0.0,0.0,-1220.832513934372,-8.296247787622804,-1212.2580385124534,183.6414999999999,0.0,-0.0,14.669612339471566,-0.0,0.0,0.0,720.8325139343721,-1.9462477876228046,-917.1973784862205,1235.491616,0.0,-0.0,29.006720985125163,-25.171085653546776,0.0,0.0,593.4807580767531,-14.389318235280278,-1818.4186911730512,1013.5704999999999,0.0,-0.0,3.3491498055385582,-0.0,0.0,0.0,-804.1323296829587,-5.427893225359971,-207.35942689721978,6223.213672107084,0.0,-959.0982285225574,17.744720770491657,-18.0,0.0,0.0,-4113.083069014146,-28.036470871723708,-1122.740624469149,7768.684163479023,0.0,-0.0,27.411917243329363,-58.502206264700206,0.0,0.0,-5690.944305695454,-46.67268107969229,-1999.976887682507,2826.2128,0.0,-0.0,106.49601194527781,-119.3,0.0,0.0,4845.944193968283,-16.32014475022021,-7643.03286116334,797.0260999999999,0.0,-0.0,40.053142144539706,-34.76007066442175,0.0,0.0,1595.7022851869424,-21.491808375411136,-2376.5296482916497,17893.051749563077,0.0,-0.0,355.52367363947815,-317.0221077137954,0.0,0.0,190.02759599890692,-1.3967028305919658,-18120.184208657072,67952.53731330759,0.0,-0.0,1306.1956665127123,-1399.7871180229558,0.0,0.0,923.0048711616728,-14.239040847165196,-68767.71169211184
t35,11055.49266301907,745.1588872569295,-0.0,256.5364244850131,-99.77873290907837,0.0,0.0,2960.0,-31.49,-14885.919241851936,2209.4624823221484,0.0,-0.0,20.399742667501943,-0.0,0.0,0.0,-989.5679368222826,-5.107026886998215,-1235.18726128037,175.6468999999999,0.0,-0.0,15.46138471843482,-0.0,0.0,0.0,746.0485910644774,-2.014331195874089,-935.1425445870378,1187.876316,0.0,-0.0,30.577235931045642,-88.86895150079073,0.0,0.0,728.6453493680573,-4.918356108234434,-1853.3115936900779,944.78076,0.0,-0.0,3.530053659996499,-3.4,0.0,0.0,-728.6453493680573,-4.918356108234434,-211.34710818370476,6712.289925979031,0.0,-446.40594874414097,18.70431566130424,-31.37135071983349,0.0,0.0,-5075.0,-33.54,-1144.6769421763615,6777.538164367384,0.0,-0.0,34.60074616639212,-33.3,0.0,0.0,-4686.236940471645,-53.76155541419512,-2038.8404146479368,2760.0838,0.0,-0.0,123.97326923824812,-211.71644049216246,0.0,0.0,5135.272259620042,-16.946398456746135,-7790.666489909382,774.4660999999999,0.0,-0.0,42.22144427235689,-40.6,0.0,0.0,1665.9646808516022,-19.705156957448988,-2422.3470681665094,18732.734101707727,0.0,-298.35537008768137,372.9421783989652,-533.818913691109,0.0,0.0,0.0,-0.0,-18273.501996327897,71596.30113792744,0.0,-0.0,1295.0403080520387,-4560.143122370855,0.0,0.0,243.51934575780524,-3.0926956911241263,-68571.62497367528
t36,11197.570189326307,638.8742719545025,-0.0,374.21181424871764,-116.69725556351464,0.0,0.0,2960.0,-31.49,-15022.46901996601,2169.5636936856276,0.0,-0.0,24.742376148775215,-14.653774275168963,0.0,0.0,-924.3445150559855,-4.169755558241425,-1251.1380249450074,184.59584999999987,0.0,-0.0,18.75176271399939,-11.139859015307017,0.0,0.0,756.9419782969592,-2.04374334140179,-947.1059886542495,1202.5029935000002,0.0,-0.0,37.085945217712755,-21.523780898894596,0.0,0.0,663.6526530050045,-4.479655407783753,-1877.238155416039,879.62542,0.0,-0.0,4.28133543185792,-1.436577870501127,0.0,0.0,-663.6526530050045,-4.479655407783753,-214.3378691485685,7304.625234092135,0.0,-1752.9183323037116,22.685389231330213,-7.605412255594201,0.0,0.0,-4377.51924854105,-29.634107791829877,-1159.633522431279,7397.745571745863,0.0,-0.0,41.96520817741589,-0.0,0.0,0.0,-5325.252024383195,-49.709322915194946,-2064.74943262489,2830.4338,0.0,-0.0,150.36016306225468,-84.5145283200147,0.0,0.0,5014.678042637496,-16.548437540703738,-7894.4090398390335,798.4660999999999,0.0,-0.0,51.20866358532712,-105.58322211756072,0.0,0.0,1728.0932302867482,-19.956777582661328,-2452.227994171853,18213.98172616723,0.0,-0.0,449.6223921342772,-416.80909143884446,0.0,0.0,0.0,-0.0,-18246.79502686266,67507.94365190524,0.0,-0.0,1485.567991541151,-2292.2218170638344,0.0,0.0,167.40253675902636,-2.1260122168396345,-66866.56635092475
t37,11232.596193250374,726.2687079094901,-0.0,270.89774622513426,-95.93507906451586,0.0,0.0,2960.0,-31.49,-15062.337568320487,2285.9083606943705,0.0,-0.0,14.393045679640029,-0.0,0.0,0.0,-1036.6356684459151,-5.549253879808954,-1258.1164840482863,182.62704999999988,0.0,-0.0,10.91507490199106,-0.0,0.0,0.0,761.6019109454169,-2.0563251595526255,-953.0877106878552,1324.2048135,0.0,-0.0,38.49173246051661,-58.50270355039697,0.0,0.0,586.9758003776188,-3.962086652548919,-1887.2075561351896,812.12988,0.0,-0.0,4.442796500357552,-10.3,0.0,0.0,-586.9758003776188,-3.962086652548919,-215.33478947018975,7461.108309587508,0.0,-1752.9183323037116,23.54307028912038,-6.229870618687658,0.0,0.0,-4528.4108164982645,-30.47910057239028,-1166.6132598835738,7205.781953072365,0.0,-0.0,43.55150911918214,-11.998895257052396,0.0,0.0,-5110.30976573039,-50.31736028216123,-2076.7074409219454,2814.9568,0.0,-0.0,156.0456368861702,-0.0,0.0,0.0,4984.74486434013,-16.449658052322427,-7939.297643173979,793.1860999999999,0.0,-0.0,53.14920974892188,-54.31999967231713,0.0,0.0,1693.9757178885243,-19.81860165744852,-2466.17242630768,18563.92791041748,0.0,-803.2355647506292,465.4312919061509,-111.8743110193107,0.0,0.0,0.0,-0.0,-18114.249326553687,66989.18968712361,0.0,-0.0,1547.8267399370097,-1547.8267399370097,0.0,0.0,275.0337575004983,-3.4929287202563284,-67260.73051590387
t38,12762.46058646533,0.0,-0.0,407.71187215205714,-1085.1838620311328,0.0,0.0,2960.0,-31.49,-15013.498596586254,2089.7208106943704,0.0,-0.0,26.675417291559093,-67.88144890053591,0.0,0.0,-794.2353958425716,-2.144435568774952,-1252.1349476740472,187.1956499999999,0.0,-0.0,20.21192330874036,-51.39559125601964,0.0,0.0,794.2353958425716,-2.144435568774952,-948.1029423265171,1317.5287634999997,0.0,-0.0,39.981017584571006,-20.722030279749113,0.0,0.0,546.1306667556481,-3.686382000600625,-1879.2320355598692,759.5399997767423,0.0,-0.0,4.614918128074843,-0.0,0.0,0.0,-546.1306667556481,-3.686382000600625,-214.3378691485685,7317.448259594999,0.0,-1752.9183323037116,24.454584221173377,-54.6,0.0,0.0,-4344.305771410953,-29.448112319901334,-1160.6306277816068,7798.769536143587,0.0,-0.0,45.23776997389398,-115.07001267284927,0.0,0.0,-5611.835411291367,-50.359448145534046,-2066.7424340077328,2851.5388,0.0,-0.0,162.0870418148671,-361.9,0.0,0.0,5268.047952415571,-17.384558242971384,-7902.389235987468,805.6660999999999,0.0,-0.0,55.2057655495947,-113.79223148129365,0.0,0.0,1728.0932302867482,-19.956777582661328,-2455.2160867723874,19956.364630929118,0.0,-1379.3358217851753,484.14374352966144,-1037.9247517051795,0.0,0.0,0.0,-0.0,-18023.247800968424,65447.73428325899,0.0,-0.0,1606.0490479355292,-543.5573112357329,0.0,0.0,-0.0,-0.0,-66510.2260199588
t39,11746.668406262159,0.0,-0.0,431.37883148093704,-88.07507261253109,0.0,0.0,2960.0,-31.49,-15018.482165130565,2267.785360694371,0.0,-0.0,27.933480042674297,-6.7836368959043405,0.0,0.0,-1032.3279661730007,-5.469212723132557,-1251.1380249450074,169.0316499999999,0.0,-0.0,21.159207545136304,-5.15694845658034,0.0,0.0,764.1352447264552,-2.063165160761429,-947.1059886542495,1316.0458935,0.0,-0.0,41.863740045600274,-74.22218437343173,0.0,0.0,597.5844009502847,-4.033694706414422,-1877.238155416039,822.6012597767424,0.0,-0.0,4.831458367610601,-11.476753339085448,0.0,0.0,-597.5844009502847,-4.033694706414422,-214.3378691485685,6386.238507339167,0.0,-1752.9183323037116,5.685969553733987,-12.609393163778556,0.0,0.0,-3442.3659795088815,-24.397249485249738,-1159.633522431279,8567.187939825537,0.0,-0.0,10.519043674407877,-11.525260644572171,0.0,0.0,-6456.313329104096,-45.11896112638762,-2064.74943262489,2706.6178,0.0,-0.0,37.68534265335914,-41.29019804496876,0.0,0.0,5210.586078326229,-17.19493405847655,-7896.404088876142,756.2260999999999,0.0,-0.0,57.80488291660779,-69.93944144884092,0.0,0.0,1728.0932302867482,-19.956777582661328,-2452.227994171853,18783.11710802339,0.0,-0.0,416.85881758259416,-1251.903297947127,0.0,0.0,0.0,-0.0,-17948.072627658858,66592.26432868357,0.0,-0.0,1646.1223612779613,-2708.6140979777574,0.0,0.0,268.1927214465455,-3.4060475623711275,-65794.55926586795
t40,11682.700568052454,0.0,-0.0,533.408503296908,-73.31107964911983,0.0,0.0,2960.0,-31.49,-15071.307991700243,2144.9004195869666,0.0,-0.0,34.30852904499606,-78.48469871583686,0.0,0.0,-846.3042806842313,-2.2850215578474247,-1252.1349476740472,137.56024999999988,0.0,-0.0,25.9796582443156,-59.4562250441821,0.0,0.0,846.3042806842313,-2.2850215578474247,-948.1029423265171,1208.7537300000001,0.0,-0.0,51.41387736205644,-58.31576470337365,0.0,0.0,681.948220308523,-4.568027407336921,-1879.2320355598692,882.4709197767426,0.0,-0.0,5.932512019982682,-8.314286284251965,0.0,0.0,-661.2875851640474,-4.46369119985732,-214.3378691485685,5777.613371154698,0.0,-573.1246442330688,31.44194566257018,-59.33369749362264,0.0,0.0,-3988.521987528142,-27.44435978082813,-1160.6306277816068,8820.844188822852,0.0,-0.0,58.16270785521107,-133.0847177161922,0.0,0.0,-6628.81462074674,-50.365124207393926,-2066.7424340077328,2456.1718,0.0,-0.0,208.40164253374772,-476.84615085710897,0.0,0.0,5733.582742843659,-19.91832305138407,-7901.391711468914,670.7861,0.0,-0.0,70.99079898466125,-0.0,0.0,0.0,1735.0510752102011,-21.611887422473952,-2455.2160867723874,17517.700266928456,0.0,-0.0,641.4438943235499,-377.2186206777724,0.0,0.0,468.0421550765471,-6.140109839812621,-18243.827585810966,65479.190996311845,0.0,-0.0,1966.5557987628922,-1590.1467221862924,0.0,0.0,-300.0,-4.905,-65550.69507288845
t41,10936.509242628821,1830.0,-0.0,673.2013588629076,-1060.6914607912272,0.0,0.0,2960.0,-31.49,-15307.529140700504,2314.78885,0.0,-0.0,43.606497092305915,-43.606497092305915,0.0,0.0,-1044.476231059056,-6.214598518419043,-1264.0980204225255,134.1295999999999,0.0,-0.0,33.01791574767592,-33.01791574767592,0.0,0.0,828.434360706678,-5.488435329752011,-957.0755253769257,1307.17546,0.0,-0.0,65.34637166735814,-65.34637166735814,0.0,0.0,618.6149843018941,-28.613487447553958,-1897.17695685434,899.1146600000002,0.0,-0.0,7.539818772116048,-7.539818772116048,0.0,0.0,-678.2050660126041,-4.577884195585078,-216.331709791811,3730.1518755494126,0.0,-0.0,39.96142218492078,-39.96142218492078,0.0,0.0,-2539.213493351431,-19.339595562768015,-1171.5987866352132,8773.315817324408,0.0,-0.0,73.92229364499335,-73.92229364499335,0.0,0.0,-6636.956217356083,-49.68715213216715,-2086.672447836158,2429.4388,0.0,-0.0,264.87021318553724,-264.87021318553724,0.0,0.0,5564.131334727983,-19.359133404602343,-7974.2110013233805,661.6661,0.0,-0.0,90.22815630804682,-117.10871937998276,0.0,0.0,1865.9808749101228,-20.649553394679526,-2480.1168584435068,16956.525769050946,1068.1028803314166,-0.0,847.9834047906495,-86.3130846943283,0.0,0.0,337.11235537662526,-5.177775812018196,-19118.233549043285,68449.60532178302,0.0,-0.0,2521.687242858456,-2898.0963194350556,0.0,0.0,-1275.4229022441293,-21.785120858500445,-66775.9882221038
t42,12696.164120266092,607.8318215406808,-0.0,794.9781982869573,-978.4,0.0,0.0,2960.0,-31.49,-16049.084140093732,2525.5693499999998,0.0,-0.0,51.803139268351565,-44.750040695191586,0.0,0.0,-1215.6713608566483,-10.98231267431295,-1305.968775042199,133.7167999999999,0.0,-0.0,39.224660688459245,-33.862866364985585,0.0,0.0,858.6028367299314,-8.703388163914855,-988.97804288949,1189.6155899999999,0.0,-0.0,77.62962494162936,-67.0499770818894,0.0,0.0,791.8539447657902,-33.06194131245755,-1958.9872413130731,965.9643200000003,0.0,-0.0,8.95714466375361,-0.0,0.0,0.0,-746.5719519449656,-5.039360675628518,-223.31015204315975,2313.9300200000002,1008.1431470777532,-0.0,43.66153471317341,-4.233534128162761,0.0,0.0,-2133.9451793603466,-17.07009300441794,-1210.485895297999,8952.19325704181,0.0,-0.0,11.983070535011597,-0.0,0.0,0.0,-6759.230538535867,-49.51479349672707,-2155.4309955442263,2429.4388,0.0,-0.0,223.7341514389071,-0.0,0.0,0.0,5596.8690189153585,-19.467167762420683,-8230.574802591846,661.6661,0.0,-0.0,62.47687219109132,-44.07200450355372,0.0,0.0,1903.0932302867482,-20.37677758266133,-2562.787420391624,17674.827226430232,2242.782150246868,-0.0,414.8332465107388,-177.91218895144925,0.0,0.0,300.0,-4.905,-20449.625434236386,71421.87162574171,0.0,-0.0,534.5754540848409,-372.15748391660225,0.0,0.0,-1555.0,-25.33575,-70003.95384590994
t43,13450.523413318262,0.0,-0.0,727.9151212826823,-258.5,0.0,0.0,2960.0,-31.49,-16848.448534600946,2384.492384728283,0.0,-0.0,47.997819731149576,-7.05309857315998,0.0,0.0,-1048.1261038921346,-10.529940480508763,-1366.7810615136298,133.7101999999999,0.0,-0.0,36.3607872598844,-5.361794323473657,0.0,0.0,877.4941610862272,-7.365442208836823,-1034.837911813801,1152.2894000000001,0.0,-0.0,71.93555107465588,-27.8827787272298,0.0,0.0,885.0923567689533,-30.72880118712176,-2050.7057279292576,1001.83866,0.0,-0.0,8.302430118274899,-0.0,0.0,0.0,-770.662840364819,-5.201974172462528,-234.27627558099348,2326.379821866667,1752.9183323037116,-0.0,28.0095543034979,-0.0,0.0,0.0,-2820.0715130842464,-20.91240047327178,-1266.323794916358,8952.19325704181,0.0,-0.0,61.79030728917995,-11.983070535011597,0.0,0.0,-6692.973864981144,-52.94906343705966,-2256.0775653777755,2429.4388,0.0,-0.0,291.6181160084527,-42.930339784591105,0.0,0.0,5961.154574180416,-20.669310094795375,-8618.611840309482,661.6660999999999,0.0,-0.0,99.32791747984507,-0.0,0.0,0.0,1939.9728882682894,-20.647843068825658,-2680.319062679308,17561.82355303309,2242.782150246868,-0.0,809.3769800093977,-331.3,0.0,0.0,263.1203420184587,-5.176065486164329,-20540.62695982165,71658.10591060486,0.0,-0.0,2925.2155769263913,-0.0,0.0,0.0,-1555.0,-25.33575,-73002.98573753126
t44,13237.355997429577,0.0,-0.0,490.2167913610276,-0.0,0.0,0.0,2960.0,-31.49,-16656.082788790605,2586.589084728283,0.0,-0.0,32.82446725923366,-0.0,0.0,0.0,-1239.5917472981032,-11.04689771770488,-1368.7749069717092,133.7101999999999,0.0,-0.0,24.881768531916386,-0.0,0.0,0.0,885.994382156281,-8.751485202128535,-1035.8348654860686,1182.9382725,0.0,-0.0,49.20234062078626,-0.0,0.0,0.0,854.3964630189923,-32.8405279947758,-2053.696548145003,1001.84772,0.0,-0.0,3.5391076106151242,-3.224539036482359,0.0,0.0,-762.7375346343574,-5.148478358781858,-234.27627558099348,2349.149261866667,1544.4577741984288,-0.0,30.09863773414849,-18.0,0.0,0.0,-2617.609057460452,-19.77861072177853,-1268.3180056170138,8952.19325704181,0.0,-0.0,55.67904378136828,-0.0,0.0,0.0,-6695.674109283522,-53.1311240876177,-2259.0670674520393,2429.4388,0.0,-0.0,199.49509971165463,-0.0,0.0,0.0,6024.195346752703,-20.55206289511566,-8632.577183569243,661.6660999999999,0.0,-0.0,67.93954461574022,-0.0,0.0,0.0,1975.8918706392146,-21.194329108266498,-2684.3031861466875,17243.265698123363,2242.782150246868,-0.0,589.7459465709386,-204.89583477177192,0.0,0.0,170.13438610924237,-5.859512262097069,-20035.172834016543,73513.46411138187,0.0,-0.0,2117.9494968125973,-1411.4,0.0,0.0,-1555.0,-25.33575,-72639.67785819445
t45,10194.671482275156,3134.646949747582,-0.0,426.4678305234952,-430.8858121358212,0.0,0.0,2960.0,-31.49,-16253.410450410414,2384.4922847282833,0.0,-0.0,28.66942996440428,-19.6,0.0,0.0,-1045.1694547932723,-10.521957527941836,-1337.870302371474,133.7101999999999,0.0,-0.0,21.73945494142829,-14.9,0.0,0.0,879.6882692417963,-7.332993159311346,-1012.904931023913,1144.9524925,0.0,-0.0,42.977645201076285,-0.0,0.0,0.0,848.7355331951633,-30.8222462031584,-2005.8434246930806,1001.8567800000001,0.0,-0.0,4.962993051680895,-7.733647972491164,0.0,0.0,-764.6331771604694,-5.161273945833159,-229.29167397288725,2326.335101866667,1713.0034167225276,-0.0,26.293374799861304,-18.0,0.0,0.0,-2787.4999432493532,-20.72999968219638,-1239.4019504575062,8952.19325704181,0.0,-0.0,48.6400934051904,-33.3,0.0,0.0,-6706.342830735024,-52.944987522420995,-2208.245532189554,2429.4388,0.0,-0.0,174.27282847526,-117.0786981996898,0.0,0.0,5967.128373214412,-20.68902363160756,-8433.072279858376,661.6660999999999,0.0,-0.0,59.3450338975758,-23.894799769390726,0.0,0.0,1947.1294126641064,-20.70044352313491,-2623.5453032691557,16540.78166874198,2242.782150246868,-0.0,505.3112077127248,-0.0,0.0,0.0,255.96381762264178,-5.228665940473583,-19539.610178383744,74760.84365401187,0.0,-0.0,1831.8312117981518,-3507.376278009968,0.0,0.0,-1555.0,-25.33575,-71504.96283780006
t46,10851.013589034827,1830.0,-0.0,354.19432150155944,-258.5,0.0,0.0,2960.0,-31.49,-15705.217910536388,2586.5889847282833,0.0,-0.0,24.30804281879,-17.156749699728365,0.0,0.0,-1284.578522626374,-11.16836201109121,-1297.9933932098802,133.7101999999999,0.0,-0.0,18.435562206636927,-13.042631149283297,0.0,0.0,853.1359042469244,-9.242714448393595,-982.9963208558842,1155.2695325,0.0,-0.0,36.44116180784462,-29.4,0.0,0.0,819.8057153340317,-34.09550911986847,-1948.0209005220077,1001.86886,0.0,-0.0,4.2085962851683245,-2.2335192620773583,0.0,0.0,-776.2907427877353,-5.239962513817213,-222.3132317215385,2349.115721866667,1065.803712564033,-0.0,22.295558512307863,-54.6,0.0,0.0,-2161.8822942495062,-17.226540847797235,-1203.5061578457041,8952.19645704181,0.0,-0.0,41.24469300573551,-0.0,0.0,0.0,-6800.334631466423,-50.63003202537313,-2142.47648655575,2429.4388,0.0,-0.0,147.77488448243096,-106.64988543182008,0.0,0.0,5742.051341262334,-19.946269426165703,-8192.66887088678,661.6660999999999,0.0,-0.0,50.31952774981584,-50.83924653232882,0.0,0.0,1903.0932302867482,-20.37677758266133,-2543.862833921573,18841.62676836764,0.0,-0.0,414.4118074824118,-958.1370929565011,0.0,0.0,300.0,-4.905,-18592.996482893555,69183.44892325385,0.0,-0.0,1540.8461308835044,-0.0,0.0,0.0,-1555.0,-25.33575,-69143.95930413736
t47,10475.793931912938,1304.6469497475819,-0.0,256.65197722270875,-258.0953709175678,0.0,0.0,2960.0,-31.49,-14707.507487965662,2525.06501,0.0,-0.0,17.86916507957023,-0.0,0.0,0.0,-1298.5347155253617,-11.206043731918477,-1233.1934158222903,133.7387499999999,0.0,-0.0,13.555435612635328,-0.0,0.0,0.0,796.4672694031341,-9.615864100999058,-934.1455909147702,1144.2447225,0.0,-0.0,26.789923558621425,-8.431993682102707,0.0,0.0,723.2918541152196,-35.5737330174055,-1850.3207734743328,996.7097237990682,0.0,-0.0,3.094392775967397,-0.0,0.0,0.0,-783.1706067954615,-5.286401595869365,-211.34710818370476,2326.301561866667,425.9492744031327,-0.0,16.391837562698402,-10.882837006464415,0.0,0.0,-1600.0,-14.08,-1143.6798368260336,8952.19645704181,0.0,-0.0,30.32351708491865,-9.550523456259189,0.0,0.0,-6890.517577351737,-47.5974614364795,-2034.8544118822517,2429.4388,0.0,-0.0,108.64468234916674,-180.803811654316,0.0,0.0,5444.3705458674585,-18.963922801362614,-7782.686293760948,661.6661,0.0,-0.0,36.99297556938503,-163.9,0.0,0.0,1901.9966448814466,-20.384837485390296,-2416.370882965441,15953.394505470316,1040.2766848930062,-0.0,295.60937475890296,-288.2502003040222,0.0,0.0,301.0965854053016,-4.913059902728967,-17297.213890320774,66486.007180797,0.0,-0.0,1142.7797602428689,-849.1196288524831,0.0,0.0,-1555.0,-25.33575,-65199.33156218739
t48,10261.84876633015,621.1265686117058,-0.0,164.722114471051,-566.4212103853896,0.0,0.0,2960.0,-31.49,-13409.786239027517,2322.9683099999997,0.0,-0.0,11.639036121588763,-48.31259944875094,0.0,0.0,-1127.0966019935522,-10.743160825382592,-1148.4549838539033,133.7387499999999,0.0,-0.0,8.828130799053966,-36.600084086020125,0.0,0.0,771.8324709521698,-8.455665447829158,-869.3436022173743,1078.01528,0.0,-0.0,17.4489886296818,-72.40772065105791,0.0,0.0,732.4568086104648,-32.80091231988221,-1722.7124442692063,929.5219837990682,0.0,-0.0,2.0153073782077335,-8.35703476316493,0.0,0.0,-721.914033329749,-4.872919724975806,-196.39330335938604,2334.5798106666666,99.11608309526264,-0.0,10.67602651006542,-0.0,0.0,0.0,-1365.194744934106,-15.265766538082765,-1063.9114087998064,8952.19645704181,0.0,-0.0,19.749692488350895,-81.92355575113912,0.0,0.0,-6952.213211300494,-43.4615680866765,-1894.3478143918512,2429.4388,0.0,-0.0,70.76056322067501,-293.5340966365059,0.0,0.0,5054.036081708518,-17.67581906963811,-7243.02552922305,661.6661,0.0,-0.0,24.094400383331752,-0.0,0.0,0.0,1586.9734855256859,-22.700257706655137,-2250.0337282023625,15958.635097261,130.47591541204417,-0.0,190.88209831687328,-895.3662540168391,0.0,0.0,616.1197447610623,-7.2284801239938075,-15993.518121610145,62270.94236211307,0.0,-0.0,753.2163781900758,-0.0,0.0,0.0,-1555.0,-25.33575,-61443.82299030315
t49,10281.284408218577,0.0,-0.0,96.41664339404753,-436.9337464459756,0.0,0.0,2328.1330515807585,-23.27572967054986,-12245.624627076859,2271.0179314326597,0.0,-0.0,6.802233656009859,-29.226577929880158,0.0,0.0,-1184.6538517059862,-8.198565399606162,-1055.7411700531975,133.7387499999999,0.0,-0.0,5.160878648151872,-22.14806979589165,0.0,0.0,684.6538517059862,-1.8485653996061628,-799.55684515864,1043.05898,0.0,-0.0,10.198447053358654,-43.80619426845411,0.0,0.0,582.0956044493846,-7.409062961274884,-1584.1377742730144,900.61508,0.0,-0.0,1.1780779774207608,-5.056859847000508,0.0,0.0,-711.4911546232671,-4.802565293707053,-180.44257821344604,2315.2898800000003,0.0,-0.0,6.24034465504365,-26.795379867437603,0.0,0.0,-1300.8190829806863,-15.755413135308157,-978.160348671612,8612.53895704181,0.0,-0.0,11.54414726876514,-49.56808549212294,0.0,0.0,-6800.798463340343,-29.84034549087206,-1743.876209987238,2429.4388,0.0,-0.0,41.360761764192404,-177.60168017866903,0.0,0.0,4378.730566114307,-14.449810868177337,-6657.478636831654,661.6660999999999,0.0,-0.0,14.082635753560785,-60.4878544418907,0.0,0.0,1465.8609741698617,-8.381621577540441,-2072.7402339039913,15934.926207260998,0.0,-0.0,115.00308518992951,-518.7830809071713,0.0,0.0,-378.85336445471654,-5.4845722287421665,-15146.808274860297,57823.252747439954,0.0,-0.0,470.2742968293741,-571.0015801122872,0.0,0.0,937.141869084701,-13.812695858429674,-58645.85463738331
t50,10146.13151643909,0.0,-42.6403076826507,53.998299106817775,-840.7803035593835,0.0,0.0,2200.0,-21.61,-11495.099204303875,2256.6367388158337,0.0,-0.0,3.790666921463236,-37.158390677777994,0.0,0.0,-1226.0114369721668,-8.31023087982485,-988.9473472075279,133.7387499999999,0.0,-0.0,2.875553527401114,-18.970743493480562,0.0,0.0,633.4684578696324,-2.399810030561889,-748.7122078729909,1044.0764100000001,0.0,-0.0,5.683057049039451,-37.428164516085985,0.0,0.0,477.3371952194593,-6.221670742818314,-1483.4468270095942,833.42734,0.0,-0.0,0.6564233776017321,-5.501531196889266,0.0,0.0,-654.6866426670972,-4.419134838002906,-169.4764546756123,2292.4757200000004,0.0,-0.0,3.477260234236512,-34.06263307904496,0.0,0.0,-1330.1075734498277,-15.44295675407837,-916.3398169512859,7892.033861780152,0.0,-0.0,6.432637100022008,-97.56358094049736,0.0,0.0,-6140.775614923217,-26.862669776984607,-1633.264633239476,2429.4388,0.0,-0.0,23.047194885759364,-349.5752131249505,0.0,0.0,4143.295284605897,-13.67287443919946,-6232.533191927506,661.6660999999999,0.0,-0.0,7.847470528072499,-119.07391516028272,0.0,0.0,1397.4803303173203,-5.659795337785147,-1942.2601903473249,15887.450717261,0.0,-312.14703022594585,66.4570069113457,-590.6519610647078,0.0,0.0,-300.0,-4.905,-14746.20373288169,57697.96346170846,0.0,-0.0,271.485380329074,-1523.765431776359,0.0,0.0,800.0,-11.254999999999999,-57234.428410261164
t51,10102.566648679973,0.0,-1190.4612026298378,26.849262595092487,-0.0,0.0,0.0,2200.0,-21.61,-11117.344708645229,2054.540038815834,0.0,-0.0,1.89414145865247,-0.0,0.0,0.0,-1096.4126598598118,-7.9603141816214915,-952.0612062330534,133.7387499999999,0.0,-0.0,1.4371595078149562,-9.180750136507967,0.0,0.0,596.4126598598119,-1.6103141816214923,-720.7975050494972,1055.00011,0.0,-0.0,2.839879310999571,-18.263079688053637,0.0,0.0,394.2168419636604,-5.178628532339631,-1428.6151230542666,775.77264,0.0,-0.0,0.32805872930494795,-0.9263428097044653,0.0,0.0,-607.5782698522132,-4.101153321502439,-163.49493274588482,2282.4965600000005,0.0,-0.0,1.7377223624232307,-0.0,0.0,0.0,-1386.638572111447,-15.157475210837191,-882.4382350401393,6973.269363457939,0.0,-0.0,3.2146530827850635,-0.0,0.0,0.0,-5379.79520756059,-24.210717917355954,-1572.4780910627783,2429.4388,0.0,-0.0,11.517548662244655,-0.0,0.0,0.0,3569.9368976859096,-11.780791762363501,-5999.112454585791,661.6660999999999,0.0,-0.0,3.9214842148129057,-0.0,0.0,0.0,1209.8583098746801,-4.899926154992454,-1870.5459679345004,15070.905740508879,0.0,-0.0,33.716977709479146,-451.61288007348134,0.0,0.0,-65.96932361354828,-1.0785984410815144,-14585.961916090246,57479.77107842035,0.0,-0.0,143.95388828858646,-1267.3491426260216,0.0,0.0,565.9693236135483,-7.428598441081514,-56914.91654925538
t52,10109.030626162617,0.0,-1304.6469497475819,36.58700678815564,-36.57232525431492,0.0,0.0,2200.0,-21.61,-10982.788357948877,2108.8315291494873,0.0,-0.0,2.5775969732769353,-23.868384813584015,0.0,0.0,-1147.3202250492914,-8.097764607633087,-932.1227516522565,133.7672999999999,0.0,-0.0,1.9560509646180257,-18.07798671216012,0.0,0.0,590.2168413930253,-2.0190056800003493,-705.8431999654828,1076.0225,0.0,-0.0,3.8647386953243967,-35.77045971635484,0.0,0.0,363.672776231821,-9.082634313975534,-1398.706920896815,842.9785,0.0,-0.0,0.44649174991071106,-4.127980374266571,0.0,0.0,-675.2319442922716,-4.557815623972833,-159.5072514593998,2305.2660000000005,0.0,-0.0,2.364949333356239,-21.876684925426186,0.0,0.0,-1407.207428538138,-15.053602485882404,-863.4932333839103,6778.538813512492,0.0,-0.0,4.374990590249942,-1.8684473338596947,0.0,0.0,-5216.8119826021175,-23.64330522946801,-1540.5900689372972,2429.4388,0.0,-0.0,15.674745215593418,-6.693866874758606,0.0,0.0,3446.37773342742,-11.373046520310485,-5873.4243652479445,661.6660999999999,0.0,-0.0,5.336704528859214,-0.0,0.0,0.0,1170.4342491746972,-4.740258709157524,-1832.6967949943987,14937.345086933272,0.0,-0.0,46.50164877670081,-0.0,0.0,0.0,-300.0,-4.905,-14678.941735709972,57248.642953740105,0.0,-0.0,182.709070009159,-994.0235498699005,0.0,0.0,975.8699802548543,-14.534975131753033,-57398.66347900246
t53,10146.199358392303,0.0,-1304.6469497475819,34.71043102289678,-56.913776085813424,0.0,0.0,2200.0,-21.61,-10997.739063581805,2310.928129149487,0.0,-0.0,2.4774080382655574,-0.0,0.0,0.0,-1379.536496099308,-8.72474853946813,-925.1442925489777,133.7672999999999,0.0,-0.0,1.8815518581746447,-0.0,0.0,0.0,568.0668554064617,-3.854229332759151,-699.861477931877,1147.20012,0.0,-0.0,3.7152551125470175,-0.0,0.0,0.0,257.6597783187641,-20.83457332556157,-1387.7405801057496,910.1873800000001,0.0,-0.0,0.4294221708792285,-0.0,0.0,0.0,-747.0637904475795,-5.042680585521162,-158.51033113777856,2328.0354400000006,0.0,-0.0,2.2740163951380223,-0.0,0.0,0.0,-1458.951318355365,-14.844642108158043,-856.5134959316154,6795.013942512847,0.0,-0.0,4.20684463652021,-0.0,0.0,0.0,-5246.635002360305,-23.953724148819653,-1528.632060640242,2429.4388,0.0,-0.0,15.071875283796755,-0.0,0.0,0.0,3390.2252072202577,-11.187743183826848,-5823.548139320227,661.6660999999999,0.0,-0.0,5.130427165926584,-5.5719606876900665,0.0,0.0,1161.2347663170747,-4.703000803584152,-1817.756331991727,15412.517832936717,0.0,-11.269002432441912,45.00583819562673,-80.59718433871393,0.0,0.0,-300.0,-4.905,-15060.752484361188,57396.80490652301,0.0,-0.0,196.65913780129685,-49.26711416065884,0.0,0.0,1555.0,-25.33575,-59073.86118016365
t54,10266.233838422082,0.0,-1159.2316613381959,77.86803916870642,-30.625346493201995,0.0,0.0,2200.0,-21.61,-11332.634869759391,2351.7521222995542,0.0,-0.0,5.391364026486731,-0.0,0.0,0.0,-1410.231573052305,-8.807625247241223,-938.1042880264956,133.7672999999999,0.0,-0.0,4.091591928201461,-0.0,0.0,0.0,576.0172659324128,-4.045143206060713,-709.8310146545533,1171.36923,0.0,-0.0,8.083709711252064,-0.0,0.0,0.0,249.100453354333,-21.870951593449696,-1406.6824414721355,977.3932400000002,0.0,-0.0,0.9339429384500944,-0.0,0.0,0.0,-812.3397180605206,-5.483293096908514,-160.50417178102106,2335.8778200000006,0.0,-0.0,4.946758847190874,-0.0,0.0,0.0,-1457.54642817392,-14.799390537721694,-868.4787601355495,7403.141129941847,0.0,-0.0,9.151170234455314,-6.042988690023556,0.0,0.0,-5829.590075079714,-26.10416055505399,-1550.55507585151,2429.4388,0.0,-0.0,32.78679683608217,-21.649506027621932,0.0,0.0,3474.238998691797,-11.464988695682928,-5903.350100804574,661.6660999999999,0.0,-0.0,11.162582681542752,-0.0,0.0,0.0,1184.124202960898,-11.307689379059653,-1845.645196263381,15942.303590642014,0.0,-0.0,106.36666111995763,-64.05384964798945,0.0,0.0,271.2268734270191,-9.103517519688591,-16246.739758021313,61775.59710986312,0.0,-0.0,425.9082241824071,-0.0,0.0,0.0,1555.0,-25.33575,-63731.16958404553
t55,10825.313885327667,0.0,-672.8574085333413,79.6690980066059,-74.19000021764246,0.0,0.0,2200.0,-21.61,-12336.325574583288,2493.576905128632,0.0,-0.0,16.216836962238155,-5.3695811604603,0.0,0.0,-1504.4210314798079,-9.061936784995481,-990.9411926656074,144.3272999999999,0.0,-0.0,12.310429427343898,-4.081977514839718,0.0,0.0,602.7701418159212,-4.619778510898945,-750.7061152175261,1211.64744,0.0,-0.0,24.316763924695266,-8.05437174069045,0.0,0.0,281.11985081173384,-22.592035770399384,-1486.4376472253396,1004.35342,0.0,-0.0,2.8098321494785106,-0.9314579564063785,0.0,0.0,-831.1451100247925,-5.61022949266735,-169.4764546756123,2325.7836600000005,0.0,-0.0,14.881575981000559,-4.931248004504356,0.0,0.0,-1403.3238511230545,-15.073214551828572,-917.3369223016138,8394.215915942481,0.0,-0.0,27.53006641298483,-0.0,0.0,0.0,-6750.8299329447,-29.679410639920725,-1641.2366387708464,2513.8588,0.0,-0.0,98.63375993954148,-56.725775058890164,0.0,0.0,3681.934118006394,-12.150382589420587,-6225.550520297626,690.4660999999999,0.0,-0.0,10.470042510199402,-12.766141147654306,0.0,0.0,1286.722622138188,-18.688001017581,-1956.2046224831518,16274.842100642014,273.7393300420594,-0.0,338.4405482409742,-0.0,0.0,0.0,1482.1731928001177,-13.593972967080866,-18355.601198758082,70188.60134655793,0.0,-0.0,1325.793816334583,-1394.973311356159,0.0,0.0,955.0,-25.33575,-71049.08610153636
t56,12796.035397915517,0.0,-1121.091404308877,410.8629500633957,-0.0,0.0,0.0,2229.0553611034343,-21.98771969434464,-14292.874585079127,2577.349112302656,0.0,-0.0,26.85432546351455,-0.0,0.0,0.0,-1478.6576057061366,-8.99237553540657,-1116.5534565246282,204.8712999999999,0.0,-0.0,20.378656755191933,-0.0,0.0,0.0,624.4914222346554,-4.324664906896105,-845.4167140829511,1434.8793500000002,0.0,-0.0,40.26414071966875,-0.0,0.0,0.0,222.69555090581616,-21.982780736286053,-1675.856260889199,986.06232,0.0,-0.0,4.6516768245595,-0.0,0.0,0.0,-793.9461585033819,-5.359136569897828,-191.40870175127978,2421.4811000000004,0.0,-0.0,24.638769642211276,-0.0,0.0,0.0,-1396.9985424249078,-15.12307892733254,-1033.9982482899711,8497.452857038674,0.0,-0.0,42.8398931514332,-7.1276842205692486,0.0,0.0,-6654.484701498788,-29.175081192855565,-1849.5052832778938,2997.8668,0.0,-0.0,149.8597755592658,-20.71262407408753,0.0,0.0,3901.4507750651987,-12.874787557715155,-7015.589938992662,855.5861,0.0,-0.0,45.775085239491574,-0.0,0.0,0.0,1318.49748181691,-14.646327862054115,-2205.2123391943474,18371.528610642014,0.0,-0.0,530.6919173496274,-0.0,0.0,0.0,472.8964170071997,-10.585788665002918,-19364.531156333836,72005.79557495072,0.0,-0.0,2065.4260908518772,-0.0,0.0,0.0,1555.0,-25.33575,-75600.88591580262
t57,14410.555022445744,0.0,-2186.6659172852696,392.6990476539313,-258.5,0.0,0.0,2960.0,-31.49,-15286.598152814406,2431.003412302656,0.0,-0.0,25.58285686129475,-21.098170827624724,0.0,0.0,-1208.984265931619,-8.26425751801537,-1218.2395748866925,247.2590499999999,0.0,-0.0,19.404739208609335,-16.033682958487837,0.0,0.0,673.6342108769624,-2.08217027952499,-922.1821468475587,1712.4465599999999,0.0,-0.0,38.35341081290906,-18.213328539330934,0.0,0.0,121.15309099442356,-25.351641375800284,-1828.3880918922016,928.72798,0.0,-0.0,4.429748331007699,-2.1058524801699705,0.0,0.0,-716.8598046291287,-4.838803681246619,-209.35326754046227,6848.78764944571,0.0,-0.0,23.466343737593505,-11.149800258258203,0.0,0.0,-5695.706369189522,-36.67456716440708,-1128.723256571116,4188.7746812650375,0.0,-0.0,43.41064846664468,-47.78497214813986,0.0,0.0,-2120.344183838678,-49.13177569103864,-2014.924398053826,3334.1398,0.0,-0.0,155.53458226149132,-119.3,0.0,0.0,4307.82230740593,-14.215813614439568,-7663.980876052981,970.3060999999999,0.0,-0.0,52.96025788848717,-39.07257668456914,0.0,0.0,1437.3670845493712,-22.122507524209492,-2399.4383582290798,20450.42588746892,0.0,-0.0,470.70040258117564,-410.19752038110136,0.0,0.0,-1313.0820702377396,-12.351153216247386,-19185.495546215003,71509.99809451398,0.0,-0.0,1820.6727158733609,-0.0,0.0,0.0,1555.0,-25.33575,-74860.33506038734
t58,14213.907562726992,0.0,-1735.8141646525053,272.054391727406,-258.5,0.0,0.0,2960.0,-31.49,-15420.157789801895,2441.5166076973433,0.0,-0.0,19.24956735230908,-8.07112184379962,0.0,0.0,-1194.3292619825327,-8.224689007352838,-1250.1411022159675,246.1948499999999,0.0,-0.0,14.592265448080777,-6.135699769010932,0.0,0.0,694.3292619825327,-1.8746890073528386,-947.1059886542495,1527.7885199999998,0.0,-0.0,28.85449439201699,-25.538096758363242,0.0,0.0,390.41454991073715,-45.278252200267126,-1876.241215344124,929.1077200000001,0.0,-0.0,3.3315111510641104,-2.8648868374443466,0.0,0.0,-710.440998425678,-4.795476739373327,-214.3378691485685,8854.829525392483,0.0,-0.0,17.651428425478194,-15.634939851760203,0.0,0.0,-7651.6574766282765,-46.5521202569728,-1158.636417080951,2802.5101334176106,0.0,-0.0,29.7360220633485,-33.3,0.0,0.0,-673.016475130516,-60.183747034132004,-2065.745933316311,3322.8838,0.0,-0.0,116.99437827959025,-119.3,0.0,0.0,4570.95958686211,-15.084166636644962,-7876.453598505055,966.4660999999999,0.0,-0.0,39.84290051536697,-40.6,0.0,0.0,1513.3731218380897,-22.87000471422422,-2456.212117639232,21057.405064933417,0.0,-1080.944678199337,330.80414720695677,-310.2613448188146,0.0,0.0,-1146.3162335696836,-8.425424316737175,-18842.2615312358,71811.59559741689,0.0,-0.0,1306.482210011413,-1447.0089294519742,0.0,0.0,1246.6839251432175,-20.275655203921005,-72897.47714791563
t59,14037.931785261486,0.0,-1179.3498670730269,308.0141168551692,-635.0796968872575,0.0,0.0,2960.0,-31.49,-15460.02633815637,2225.1780576973433,0.0,-0.0,20.240336517926753,-74.63363479304073,0.0,0.0,-893.2933106866109,-7.411891938853849,-1270.0795567967646,235.33564999999987,0.0,-0.0,15.340091510684768,-30.18000176029212,0.0,0.0,743.2919859620158,-2.7243856464120233,-961.0633400659963,1333.47705,0.0,-0.0,30.338072901701715,-32.37934133088179,0.0,0.0,623.6608916430987,-49.94419578425807,-1905.1524774296604,859.7283800000001,0.0,-0.0,3.5023807096693385,-12.999111601033379,0.0,0.0,-628.6595669185037,-4.2434520766999,-217.32863011343227,10004.182161781484,0.0,-457.31268464670023,18.55784978661773,-13.890513534547763,0.0,0.0,-8325.0,-49.9525,-1176.5843133868523,2916.8099420177405,0.0,-0.0,34.32977891772396,-0.0,0.0,0.0,-792.9027153194445,-60.60305017422766,-2097.6339554417923,3234.2428,0.0,-0.0,123.00253852329365,-0.0,0.0,0.0,4659.274430421446,-15.37560562039077,-8001.144163324348,936.2260999999999,0.0,-0.0,41.89116126898076,-40.6,0.0,0.0,1580.8014776981165,-23.26141752091776,-2495.057321446179,21261.20163752871,0.0,-1473.9333305324892,365.4779283193178,-331.3,0.0,0.0,-1182.1731928001177,-8.688972967080865,-18630.58406954834,71394.43442428632,0.0,-0.0,1280.3254062378755,-2541.7264820350147,0.0,0.0,1255.0,-20.43075,-71367.60259848917
t60,13740.359642858086,0.0,-1522.2694666940529,374.1122116059656,-114.5085898921674,0.0,0.0,2960.0,-31.49,-15406.20379787783,2315.1821555758947,0.0,-0.0,24.72725011824579,-0.9566793877155639,0.0,0.0,-1055.0430169895494,-7.848616145871783,-1276.0610931710037,230.7852499999999,0.0,-0.0,18.739726938601073,-39.664344828730634,0.0,0.0,758.6532410275163,-2.4657647100521265,-966.0481084273345,1391.9246500000002,0.0,-0.0,37.06299824684709,-9.017945246705589,0.0,0.0,543.156902417752,-48.004727269081464,-1915.121878148811,791.4914600000001,0.0,-0.0,4.278611516840384,-2.7651398260433675,0.0,0.0,-570.8263037057299,-3.8530775500136767,-218.32555043505351,11133.879293891783,0.0,-1752.9183323037116,22.671150569523164,-16.025592763897812,0.0,0.0,-8155.940822749989,-49.098751154887445,-1182.5669454888193,3051.753475172279,0.0,-0.0,41.93884086056569,-9.680819252263973,0.0,0.0,-915.4195133132578,-60.9930211113182,-2107.598962356005,3197.6608,0.0,-0.0,150.26585255846135,-86.95479319571358,0.0,0.0,4800.903890133985,-15.842982837442152,-8046.032766659293,923.7461,0.0,-0.0,51.17692578268948,-0.0,0.0,0.0,1554.219748795941,-23.129113597158565,-2506.0136609814713,21297.98509743667,0.0,-2242.782150246868,438.2356897156002,-0.0,0.0,0.0,-1174.7041256166688,-8.634075323282515,-18310.10043596545,68283.3940817801,0.0,-0.0,1489.6211398242326,-1350.0173161305875,0.0,0.0,1255.0,-20.43075,-69657.56715547376
t61,13789.845416976405,0.0,-1830.0,383.29203020507447,-0.0,0.0,0.0,2960.0,-31.49,-15271.647447181478,2172.7305003919373,0.0,-0.0,25.259583905119417,-6.870938905633931,0.0,0.0,-911.5844650808601,-7.4612780557183225,-1272.0734022548443,236.4002499999999,0.0,-0.0,18.914387062790393,-11.390547074070145,0.0,0.0,721.7175677150423,-2.5844102932306874,-963.0572474105315,1396.3685850000002,0.0,-0.0,37.85750008842449,-25.79770407198324,0.0,0.0,549.6983512521242,-48.98649455124493,-1909.1402377173206,733.3489124018639,0.0,-0.0,4.431348233349917,-1.1481440001216283,0.0,0.0,-514.8314538863061,-3.4751123137325663,-218.32555043505351,11450.264347366754,0.0,-1827.3758254904453,0.0,-68.36039243847401,0.0,0.0,-8325.0,-49.9525,-1179.575629437836,2926.121241577477,0.0,-0.0,43.439584360145965,-29.194535336519408,0.0,0.0,-779.2245386887257,-60.51829439632088,-2100.623457516056,3242.6848,0.0,-0.0,155.6447557603522,-59.15257210201344,0.0,0.0,4698.41998049127,-15.504785935621188,-8022.0921782139885,939.1061,0.0,-0.0,53.01301361007497,-0.0,0.0,0.0,1527.9777509975738,-23.04748142778056,-2497.049383179868,21430.67241641565,0.0,-2242.782150246868,452.7806972733481,-333.97476869334474,0.0,0.0,-1374.4863898338133,-11.833293738581789,-17920.376511176386,65587.9197341339,0.0,-0.0,1514.1573478417668,-481.7331826407098,0.0,0.0,1447.3131970336956,-23.575070771500926,-68044.08202559718
t62,15181.506997315963,0.0,-3134.646949747582,403.24158050033634,-381.0604508242525,0.0,0.0,2960.0,-31.49,-14997.551177244464,2180.945927421691,0.0,-0.0,26.556809587519304,-8.112599527371094,0.0,0.0,-933.7525216251651,-7.5211318083879455,-1258.1164840482863,285.3012499999999,0.0,-0.0,20.121496018456757,-0.0,0.0,0.0,648.8609076390851,-2.192896641954066,-952.0907570155875,1489.0911750000002,0.0,-0.0,39.802980535879804,-93.90652094345289,0.0,0.0,498.9894061660634,-46.76948462330064,-1887.2075561351896,805.4897000000001,0.0,-0.0,4.594294661863884,-1.2742085857516168,0.0,0.0,-589.4958992857438,-3.9790973201787705,-215.33478947018975,10558.310169799717,0.0,-1366.0173301258817,24.345489747796428,-0.0,0.0,0.0,-8002.69730350568,-48.324871382703684,-1165.6161545332461,3032.2717278995083,0.0,-0.0,40.827985406435914,-134.3,0.0,0.0,-802.4719620497983,-59.62031033420017,-2076.7074409219454,3633.8307999999997,0.0,-0.0,146.28869867093596,-450.5524666965533,0.0,0.0,4614.984815906544,-15.229449892491596,-7929.322397988435,1072.5461,0.0,-0.0,49.82947080849591,-163.9,0.0,0.0,1532.7557495548115,-23.066832321937373,-2468.1644880413696,22947.685877527292,0.0,-2950.939675076411,444.2996699293281,-1301.8633602613381,0.0,0.0,-1482.1731928001177,-13.593972967080866,-17643.41534635167,67624.85768259727,0.0,-0.0,1559.0016941429526,-4013.1830726627313,0.0,0.0,1555.0,-25.33575,-66700.34055407751
t63,14703.90310833443,0.0,-1830.0,260.60331098579275,-1236.9,0.0,0.0,2960.0,-31.49,-14826.116419320224,2273.49316,0.0,-0.0,10.76895591648659,-79.2,0.0,0.0,-949.3516098121066,-7.563249346492688,-1248.1472567578878,276.6925999999999,0.0,-0.0,20.96411691875285,-60.0,0.0,0.0,709.9062482701298,-2.4508838791682983,-945.1120813097142,1470.16786,0.0,-0.0,41.478491405698,-118.69999999999999,0.0,0.0,525.4594713151382,-46.15236766437215,-1872.2534550564637,870.7369600000001,0.0,-0.0,1.8649769316013936,-11.33959108466694,0.0,0.0,-642.5870143514934,-4.33746234687258,-214.3378691485685,9423.192624914947,0.0,-286.17573284106936,25.368265138319803,-49.71375488611622,0.0,0.0,-7908.181628720746,-47.84756722503977,-1156.6422063802956,2986.010216601567,0.0,-0.0,10.181877388061498,-65.88290858997904,0.0,0.0,-811.0165537740866,-58.5292017663585,-2060.7634298592047,3564.8878,0.0,-0.0,168.14371306745002,-398.37741658846056,0.0,0.0,4551.832928096011,-15.021048662716835,-7871.465975912283,1049.0261,0.0,-0.0,12.413940599258162,-80.41331829427233,0.0,0.0,1491.1113517772712,-22.898172510938338,-2449.2399015713186,22695.70564295433,0.0,-3042.2840244380022,489.6654063242588,-1245.2563849261153,0.0,0.0,-1482.1731928001177,-13.593972967080866,-17402.063474147275,64396.1249855763,0.0,-0.0,1594.5627080479098,-1967.6661426297997,0.0,0.0,1555.0,-25.33575,-65552.68580099441
t64,12076.45955588677,0.0,-286.49821712362274,519.238846563153,-519.238846563153,0.0,0.0,2960.0,-31.49,-14718.471338763144,2382.78901,0.0,-0.0,33.96390032683051,-33.96390032683051,0.0,0.0,-1130.5768865645473,-8.052557593724277,-1244.1595658417286,206.35219999999987,0.0,-0.0,25.718245006986983,-25.718245006986983,0.0,0.0,737.9817509926695,-2.212730699757858,-942.1212202929113,1352.39924,0.0,-0.0,50.89721047228425,-50.89721047228425,0.0,0.0,539.3998283850678,-25.527253760093622,-1866.2718146249736,921.8054200000001,0.0,-0.0,5.872836580342666,-5.872836580342666,0.0,0.0,-703.7143989799381,-4.750072193114582,-213.34094882694725,8024.102606346476,0.0,-0.0,31.125821908610472,-31.125821908610472,0.0,0.0,-6829.050864501757,-42.397956865733875,-1152.6537849789843,3217.658184573279,0.0,-0.0,57.577906529133216,-11.827397427728336,0.0,0.0,-1150.0768225917468,-58.54744537225931,-2054.784425710677,3003.4948,0.0,-0.0,206.3063800984815,-0.0,0.0,0.0,4650.076887541723,-15.345253728887688,-7844.532813911316,857.5060999999998,0.0,-0.0,70.2773592202094,-70.2773592202094,0.0,0.0,1608.1336985186463,-23.372113015240906,-2442.267685503405,20369.588819552002,0.0,-1718.3035056208926,612.2979185498755,-612.2979185498755,0.0,0.0,-1182.1731928001177,-8.688972967080865,-17460.42314816391,64356.656210142144,0.0,-0.0,496.0685165018501,-360.05107179378683,0.0,0.0,500.0,-6.35,-64986.323654850195
t65,10192.530088950818,1533.7979840479495,-0.0,650.5115429765791,-572.9242852881408,0.0,0.0,2960.0,-31.49,-14732.425330687209,2299.4346100000002,0.0,-0.0,43.226592485281145,-43.226592485281145,0.0,0.0,-1042.5535463782248,-5.743038676768126,-1251.1380249450074,136.15919999999988,0.0,-0.0,32.72974289533758,-32.72974289533758,0.0,0.0,813.2728695553795,-2.3260809011298105,-947.1059886542495,1257.8643000000002,0.0,-0.0,64.77681845140033,-64.77681845140033,0.0,0.0,623.3149290485172,-4.938013704393729,-1876.241215344124,905.82276,0.0,-0.0,7.474034711652723,-7.474034711652723,0.0,0.0,-686.848662380364,-4.636228471067457,-214.3378691485685,6004.741872413829,0.0,-0.0,39.612939256882456,-39.612939256882456,0.0,0.0,-4814.026904666744,-32.078550666133765,-1158.636417080951,7851.5090359448905,0.0,-0.0,73.27763059758041,-119.02813969898529,0.0,0.0,-5685.230423754536,-54.782169772639044,-2065.745933316311,2444.9157999999998,0.0,-0.0,220.18091918346877,-426.4872992819503,0.0,0.0,5662.3657587347125,-19.533957538403516,-7881.441221097827,666.9460999999999,0.0,-0.0,89.44168828497735,-89.44168828497735,0.0,0.0,1810.0710421141114,-20.80502447487844,-2456.212117639232,17903.504465343147,0.0,-0.0,796.2963191683017,-796.2963191683017,0.0,0.0,66.82052757245519,-0.4911308776575456,-17969.833862037944,66989.44644430699,0.0,-0.0,2434.4045951461676,-3903.4569799362707,0.0,0.0,292.814410154692,-3.718743008964588,-65809.48972666262
t66,10121.903352216492,1830.0,-0.0,437.9232276787066,-77.58725768843831,0.0,0.0,2960.0,-31.49,-15240.74932220676,2433.7552076943475,0.0,-0.0,50.74797382092383,-44.01495929373845,0.0,0.0,-1153.6123756363118,-10.814753414218043,-1276.0610931710037,133.8243999999999,0.0,-0.0,38.425087006929495,-33.30662188167122,0.0,0.0,835.4562383683176,-8.350995066241014,-966.0481084273345,1195.2672900000002,0.0,-0.0,76.04811012854391,-0.0,0.0,0.0,676.2153108433231,-33.40577289497125,-1914.124938076896,972.2628200000001,0.0,-0.0,8.774584000486891,-7.606612092709835,0.0,0.0,-750.0424549021343,-5.062786570589407,-218.32555043505351,2329.09128,460.3751794502598,-0.0,6.183380688231474,-0.0,0.0,0.0,-1600.0,-14.08,-1181.5698401384916,9000.701273690382,0.0,-0.0,86.02836314348971,-0.0,0.0,0.0,-6933.024583927452,-46.10609055041309,-2107.598962356005,2429.4388,0.0,-0.0,308.2474048016308,-0.0,0.0,0.0,5316.91463496751,-18.543318295392893,-8036.057521473749,661.6660999999999,0.0,-0.0,105.00475196744792,-0.0,0.0,0.0,1761.7544574439246,-21.41561756305608,-2507.009691848316,16514.044330449055,1391.8689973950227,-0.0,981.6787209036245,-0.0,0.0,0.0,441.3387728428236,-5.9438399803947535,-19322.986981610127,67423.78280141621,0.0,-0.0,2954.1255622849653,-0.0,0.0,0.0,-1555.0,-25.33575,-68797.57261370118
t67,10231.162983722012,2450.6824205744374,-0.0,704.0726495068515,-65.00445822833484,0.0,0.0,2960.0,-31.49,-16249.423595574966,2635.7598576943474,0.0,-0.0,46.517680030471624,-17.66094980087609,0.0,0.0,-1333.3907396780558,-11.30015499713075,-1319.925693248757,133.8243999999999,0.0,-0.0,35.23862691382375,-13.425926124135392,0.0,0.0,852.9178799035378,-9.607401081059711,-998.9475796121662,1142.9162500000002,0.0,-0.0,53.32490279833114,-10.099521790778072,0.0,0.0,828.3546262604611,-34.573274444724944,-1979.9229828232892,1002.06516,0.0,-0.0,6.150576694544354,-1.167971907777056,0.0,0.0,-775.5121448013348,-5.234706977409019,-226.30091300802349,2306.27712,924.6021385113296,-0.0,40.423904798470815,-0.0,0.0,0.0,-2032.350839108858,-16.501164699009607,-1222.451159501933,8952.20925704181,0.0,-0.0,78.8778192195521,-30.00559328414152,0.0,0.0,-6771.969726718102,-49.764744120781394,-2179.347012138337,2429.4388,0.0,-0.0,282.62162778763707,-0.0,0.0,0.0,5623.857713855604,-19.556230455723494,-8316.361911187518,661.6660999999999,0.0,-0.0,61.2367214894921,-13.946958663455433,0.0,0.0,1903.0932302867482,-20.37677758266133,-2591.6723155301224,16753.393147527902,2032.0001730797878,-0.0,869.6844638417385,-115.79679493080049,0.0,0.0,300.0,-4.905,-19834.375989518623,70710.70667549256,0.0,-0.0,2829.4732845182334,-0.0,0.0,0.0,-1555.0,-25.33575,-71959.8442100108
t68,10209.467705438654,2680.7304686801813,-0.0,474.4427262710819,-91.56956284032,0.0,0.0,2960.0,-31.49,-16201.581337549596,2579.9387108811093,0.0,-0.0,27.459472585624518,-0.0,0.0,0.0,-1266.3840260572247,-11.119236870354506,-1329.8949205391552,133.8529499999999,0.0,-0.0,20.80470910051364,-0.0,0.0,0.0,861.3337754505303,-9.068225560736305,-1006.9232089903073,1220.6736600000002,0.0,-0.0,47.683548884579764,-0.0,0.0,0.0,760.6672464829519,-34.147371465516784,-1994.8770839020149,1002.0772400000001,0.0,-0.0,5.505261401246335,-0.0,0.0,0.0,-774.0628236900725,-5.2249240599079485,-228.294753651266,2329.05774,1249.0918440470987,-0.0,29.169270448739034,-18.0,0.0,0.0,-2338.6800333041233,-18.21660818650309,-1232.4222130052115,8952.20925704181,0.0,-0.0,46.56580957560699,-0.0,0.0,0.0,-6750.156623700574,-52.33091902434627,-2196.287523892499,2429.4388,0.0,-0.0,193.3352994202947,-119.3,0.0,0.0,5899.189254531763,-20.46482453995482,-8382.198529412104,661.6660999999999,0.0,-0.0,65.84229653082613,-0.0,0.0,0.0,1904.4714437880887,-20.38690745189618,-2611.592932867018,15912.256607260997,2576.246955934945,-0.0,565.5054372155406,-0.0,0.0,0.0,298.6217864986595,-4.915129869234852,-19347.715657040906,73406.79430575826,0.0,-0.0,2020.6444318123858,-2895.5625632260935,0.0,0.0,-1555.0,-25.33575,-70951.54042434455
t69,10125.241834097109,2450.468506286558,-0.0,410.7364426923133,-152.92619113446514,0.0,0.0,2960.0,-31.49,-15762.030591941515,2377.842010881109,0.0,-0.0,27.640112284848442,-19.6,0.0,0.0,-1083.2455034709458,-10.624762859371554,-1292.011856835641,133.8529499999999,0.0,-0.0,20.958231799793925,-14.9,0.0,0.0,845.877630948605,-7.777260253852672,-978.011552494546,1276.2263099999998,0.0,-0.0,41.43427799177558,-0.0,0.0,0.0,653.3886247955666,-32.99771298448508,-1938.051499802857,1002.0863,0.0,-0.0,4.029733970664261,-3.4,0.0,0.0,-776.1606382624753,-5.239084308271686,-221.31631139991725,2314.9209400000004,1053.5781962425892,-0.0,25.348903756640258,-18.0,0.0,0.0,-2162.0938938005374,-17.22772580528301,-1196.5264203934091,8952.20925704181,0.0,-0.0,46.89288290623477,-33.3,0.0,0.0,-6781.989545631466,-50.304613983620655,-2133.507980332958,2429.4388,0.0,-0.0,153.32590558283874,-119.3,0.0,0.0,5696.130095134506,-19.794729313944046,-8139.800071403401,661.6660999999999,0.0,-0.0,57.21383333426208,-40.6,0.0,0.0,1880.1521102015301,-20.545394815287683,-2537.886648720504,15865.124317260997,2679.8636438232697,-0.0,287.4373652373168,-184.3879207844845,0.0,0.0,322.941120085218,-5.0736172326263524,-18965.90490838969,70094.42950504072,0.0,-0.0,1400.2773261012376,-0.0,0.0,0.0,-1555.0,-25.33575,-69914.37108114197
t70,10036.83488910871,2513.3643268323394,-0.0,342.75457493909903,-539.8492066100517,0.0,0.0,2960.0,-31.49,-15281.614584270097,2579.9387108811093,0.0,-0.0,23.442048882032886,-0.0,0.0,0.0,-1335.951053328948,-11.30706784398816,-1256.1226385902066,133.8529499999999,0.0,-0.0,17.77816898772724,-0.0,0.0,0.0,809.2963619834723,-9.833677627879169,-951.0938033433199,1256.1015999999997,0.0,-0.0,35.14262194601902,-17.613893539627767,0.0,0.0,647.9341421044101,-36.350794519441834,-1885.2136759913594,1002.09536,0.0,-0.0,4.058547741504161,-0.0,0.0,0.0,-785.5168793357979,-5.302238935516584,-215.33478947018975,2337.6903800000005,521.6477608758569,-0.0,21.500865485866942,-0.0,0.0,0.0,-1701.5711586901411,-14.64879848866479,-1164.6190491829182,8694.903241388012,0.0,-0.0,39.77455601115082,-0.0,0.0,0.0,-6612.394225059392,-48.5656334920912,-2073.7179388476816,2429.4388,0.0,-0.0,142.50773045819187,-0.0,0.0,0.0,5370.109582039649,-18.718861620730838,-7923.337250877109,661.6660999999999,0.0,-0.0,48.52639194887765,-128.72858007897304,0.0,0.0,1903.0932302867482,-20.37677758266133,-2464.1803645739906,15912.486427261,2083.810654243255,-0.0,362.867265685204,-331.3,0.0,0.0,300.0,-4.905,-18322.959347189455,69891.47771863751,0.0,-0.0,1478.7823787601053,-1411.4,0.0,0.0,-1555.0,-25.33575,-68378.52434739763
t71,9934.071635237358,1615.3770563077126,-0.0,250.01603185864673,-232.76725542563253,0.0,0.0,2960.0,-31.49,-14495.207467978085,2377.842010881109,0.0,-0.0,17.23053351155375,-0.0,0.0,0.0,-1182.8868613739387,-10.893794525709634,-1201.2918884930152,133.8529499999999,0.0,-0.0,13.070526116923178,-0.0,0.0,0.0,771.172709737141,-8.874436745984424,-909.2217491080795,1280.1973599999997,0.0,-0.0,25.832255232270413,-84.2627074306472,0.0,0.0,616.0974258720191,-35.39668365123214,-1802.4676500224102,1002.10442,0.0,-0.0,2.9837179424910794,-0.0,0.0,0.0,-794.360617520252,-5.361934168261655,-205.36558625397728,2360.4710000000005,599.3705423371331,-0.0,15.805715014407038,-37.275329527514586,0.0,0.0,-1809.3528754055562,-15.252376102271114,-1113.7666763161983,8612.55175704181,0.0,-0.0,29.239218273147003,-74.58910887026148,0.0,0.0,-6535.606894754303,-48.558595762050004,-1983.036375928345,2429.4388,0.0,-0.0,104.75992724255624,-267.26533168463,0.0,0.0,5326.843883158142,-18.57608481442187,-7575.201193901646,661.6660999999999,0.0,-0.0,35.670534361695296,-0.0,0.0,0.0,1681.279505056165,-22.007108463106118,-2356.609030954754,15959.963447260998,1420.9096135408313,-0.0,290.6838895551768,-865.881925972824,0.0,0.0,521.8137252305833,-6.535330880444787,-17320.95341873432,70655.09072716745,0.0,-0.0,1097.8845203575133,-4910.6,0.0,0.0,-1555.0,-25.33575,-65262.03949752497
t72,9963.82832979874,951.5399025637007,-0.0,162.90329564510682,-551.1464583723863,0.0,0.0,2960.0,-31.49,-13455.635069635162,2321.50667,0.0,-0.0,11.25700701599628,-46.842772928757846,0.0,0.0,-1142.631578635657,-10.785105262316275,-1132.5042201892657,133.8529499999999,0.0,-0.0,8.538070262703926,-35.48576386201073,0.0,0.0,759.1067499480521,-8.631848198582396,-857.3801581501626,1287.2482800000002,0.0,-0.0,16.87611769582413,-70.20444505629654,0.0,0.0,499.69596186012245,-34.83003195640472,-1698.7858825432452,955.1022075981364,0.0,-0.0,1.949103997974142,-8.102632601928107,0.0,0.0,-749.490157713473,-5.059058564565943,-194.39946271614355,2337.6568400000006,0.0,-0.0,10.325416103277423,-5.663112014580266,0.0,0.0,-1277.656480771706,-15.707834772102885,-1048.9548285448886,8612.554957041812,0.0,-0.0,19.101080508246206,-79.43014541919143,0.0,0.0,-6638.434326971821,-44.35626805272391,-1869.4352971063192,2429.4388,0.0,-0.0,68.43675505551732,-284.60038201036906,0.0,0.0,4941.316601997734,-17.30384478659282,-7137.287930256291,661.6660999999999,0.0,-0.0,23.30332580315327,-55.89065337278586,0.0,0.0,1615.5562657721848,-22.49017427184337,-2222.1448639307087,15967.767991146482,155.96225585877767,-0.0,189.2107525759132,-685.2965430572539,0.0,0.0,587.5369645145634,-7.01839668918204,-16208.1630243493,62760.92016851172,0.0,-0.0,724.0921283200278,-0.0,0.0,0.0,-1555.0,-25.33575,-61904.67654683175
t73,10018.08988227784,0.0,-0.0,85.52341321764479,-434.6450947011545,0.0,0.0,640.6962484055866,-5.638126985969163,-10304.026322213947,1962.955821090085,0.0,-0.0,5.74843851643517,-29.39534456004519,0.0,0.0,-1041.2455550153509,-7.811362998541447,-890.251997032583,127.7146999999999,0.0,-0.0,4.358785386438903,-22.272438716243677,0.0,0.0,565.7172392815295,-1.5776034988057959,-673.9406824529185,1131.2491100000002,0.0,-0.0,8.61727688443997,-44.057457156089896,0.0,0.0,247.14259470872014,-8.048768142818536,-1334.902756294252,900.5879,0.0,-0.0,0.9950916423603279,-5.085403974791929,0.0,0.0,-738.9806590111916,-4.988119448325543,-152.5288092080511,2305.26749,0.0,-0.0,5.271930499704877,-26.94782787876518,0.0,0.0,-1446.838732303363,-10.152524895796711,-826.6003354217802,3336.867843017065,0.0,-0.0,9.752533335432744,-0.0,0.0,0.0,-1865.9383793392017,-17.818982006857986,-1462.8630150064375,2429.4388,0.0,-0.0,34.942439352982525,-4.3238909408389645,0.0,0.0,3194.428508507667,-10.492130939364346,-5643.9937259804465,661.6660999999999,0.0,-0.0,11.899024099424192,-60.83447708527124,0.0,0.0,1127.1919275657212,-8.820928003643417,-1731.101646576231,14949.899582292677,0.0,-0.0,96.79489738495292,-503.44516751276115,0.0,0.0,-1281.3364304172947,-10.310291902121707,-13251.602589845452,58519.64503251277,0.0,-0.0,393.18736880306835,-3285.8626078268785,0.0,0.0,599.1632376171768,-7.971318935040841,-56218.1617121711
t74,10019.264368468386,0.0,-0.0,45.504497920458704,-334.61318444061305,0.0,0.0,-209.89173948684137,-2.644736539452427,-9517.619205921937,1899.3334016290237,0.0,-0.0,3.1539875726794966,-22.731756269135204,0.0,0.0,-1027.587594929508,-7.774486506309671,-844.3935514967501,127.7146999999999,0.0,-0.0,2.390655216812031,-17.221159716458693,0.0,0.0,527.587594929508,-1.4244865063096717,-639.0473039235515,1170.00971,0.0,-0.0,4.727609481974914,-34.068996218224285,0.0,0.0,135.49344864683442,-9.05094050655666,-1267.1108314040284,900.09912,0.0,-0.0,0.5458128306925193,-3.9321592400726004,0.0,0.0,-747.1162919846424,-5.043034970896336,-144.5534466350811,2282.4980500000006,0.0,-0.0,2.891977487462276,-20.837528813663308,0.0,0.0,-1471.5896857257242,-8.240902240064054,-784.7219107080108,2072.3023514083625,0.0,-0.0,5.349821164100778,-38.54656448672927,0.0,0.0,-627.1086001340236,-23.871544801868197,-1388.1254631498416,2429.4388,0.0,-0.0,19.168170896546428,-138.11319265828013,0.0,0.0,3059.143132290754,-9.937672336559487,-5359.69923819246,661.6660999999999,0.0,-0.0,6.527961308052152,-47.042206551742396,0.0,0.0,1030.7181014502685,-9.415056779532824,-1642.4548994270453,14988.14767655777,0.0,-0.0,54.410374326871406,-925.27494524822,0.0,0.0,-1482.1731928001177,-13.593972967080866,-12621.515939869221,54140.963147206596,0.0,-0.0,213.5674948120204,-1780.16490485743,0.0,0.0,812.5248277434927,-11.488588037416136,-53375.401976867266
t75,10027.331543102131,0.0,-61.826962104130516,19.339618294342948,-260.44580233894175,0.0,0.0,-632.5333608112361,-7.816293575138878,-9084.048742567027,1796.1499999999999,0.0,-0.0,1.371830255717798,-15.747674444720603,0.0,0.0,-955.720150861956,-7.580444407327281,-818.473560541714,127.7146999999999,0.0,-0.0,1.0396284411070185,-11.925321298614653,0.0,0.0,503.73775134532997,-1.4585280096233078,-619.1082304781988,1151.2766000000001,0.0,-0.0,2.0561877030743037,-23.59935353537771,0.0,0.0,117.73833904873891,-20.238544689009046,-1227.2332285274265,900.0151400000001,0.0,-0.0,0.23736655600113915,-2.7231475158727436,0.0,0.0,-752.8785835740289,-5.081930439124695,-139.56884502697486,2281.7540800000006,0.0,-0.0,1.2577460121253667,-14.432304353469716,0.0,0.0,-1500.0090462002147,-8.776198508626056,-759.7942769498148,2072.2991514083624,0.0,-0.0,2.3266743543816895,-26.697547240748655,0.0,0.0,-679.4559736073207,-24.192872187369975,-1344.2794327273052,2429.4388,0.0,-0.0,8.336424528037018,-95.65927630678283,0.0,0.0,2859.2772858975386,-9.278115043461876,-5192.115119075331,661.6660999999999,0.0,-0.0,2.8392006031973924,-32.58536285710193,0.0,0.0,967.0169315632667,-9.271605825090111,-1589.665263484272,15035.626736557768,0.0,-1336.0220568095776,23.99791303024051,-0.0,0.0,0.0,-1482.1731928001177,-13.593972967080866,-12227.835427011232,49878.571099205954,0.0,-0.0,96.89548276676845,-128.41987348435123,0.0,0.0,1555.0,-25.33575,-51376.71095848838
t76,10028.916304715687,0.0,-217.84174370251964,22.153972542925146,-348.96624243233305,0.0,0.0,-600.0,-7.53,-8876.732291123759,1795.9064100000003,0.0,-0.0,1.597305914221852,-10.4446223732126,0.0,0.0,-971.9274788259038,-7.62420419282994,-807.5074105222757,127.7146999999999,0.0,-0.0,1.2102034316231596,-16.816158440942303,0.0,0.0,500.433463730504,-1.4096076211267912,-611.1326011000577,1148.0449,0.0,-0.0,2.394001252163406,-16.29792045661897,0.0,0.0,96.97505909010465,-19.833852508863142,-1211.2821873767857,832.8123,0.0,-0.0,0.2016347743828775,-1.8060600378949618,0.0,0.0,-688.9822402311951,-4.6506301215605665,-137.57500438373233,2259.0283800000007,0.0,-0.0,1.464276801527074,-20.394491341253186,0.0,0.0,-1482.080614912299,-8.194327101438944,-749.8232234465364,2072.2991514083624,0.0,-0.0,2.70871632090821,-36.24147520658613,0.0,0.0,-688.6166254001188,-23.807346840843362,-1326.3424202817223,2429.4388,0.0,-0.0,9.705358023482706,-135.17807995770184,0.0,0.0,2827.495560058942,-9.173235348194506,-5122.288402776528,661.6660999999999,0.0,-0.0,3.305628849336367,-20.69335654159191,0.0,0.0,933.8760692900838,-9.405826317296501,-1568.7486152805316,15013.294932059574,0.0,-1455.3963970168097,28.404496786614047,-7.115903566691811,0.0,0.0,-1482.1731928001177,-13.593972967080866,-12083.419962495487,48843.14415815506,0.0,-0.0,101.10735428269157,-0.0,0.0,0.0,1555.0,-25.33575,-50473.915762437755
t77,10044.53158071362,0.0,-775.2289264857154,35.89139584882798,-5.477525043154671,0.0,0.0,-468.92829664770665,-5.885050122928718,-8824.903178262943,1708.8959587849586,0.0,-0.0,2.8246564485231054,-11.381952340433081,0.0,0.0,-881.4636097084008,-7.379951746212682,-811.4951014384351,127.8906999999999,0.0,-0.0,2.145230251923768,-1.6934769792503868,0.0,0.0,487.31374875085186,-1.5327399066643248,-614.1234621168607,1144.9099199999998,0.0,-0.0,4.235983002556999,-20.395322764438244,0.0,0.0,109.27801997131758,-20.76477240116031,-1217.2638278082761,899.6952533333334,0.0,-0.0,0.4896030220024674,-2.3534462420178888,0.0,0.0,-754.1688456994927,-5.090639708471576,-138.57192470535358,2282.0433600000006,0.0,-0.0,2.592723060173762,-2.04581111587295,0.0,0.0,-1520.3832584713373,-8.395368625116635,-753.8116448478478,2072.6921514083624,0.0,-0.0,4.796437494298694,-5.269688571784618,0.0,0.0,-716.0794903510481,-21.82498416673626,-1334.3144258130926,2430.8458,0.0,-0.0,17.184226005204774,-13.559181451313497,0.0,0.0,2721.579383150892,-8.823711964397942,-5147.226515740385,662.1460999999999,0.0,-0.0,5.849500018725827,-29.971796921177393,0.0,0.0,950.0255418050416,-9.340420953610924,-1578.7089239489794,14978.216502059573,0.0,-1120.3529158161127,47.858031183287366,-181.12987763108723,0.0,0.0,-1482.1731928001177,-13.593972967080866,-12228.824574028462,49219.942072118916,0.0,-0.0,202.99698339666458,-167.13859449585576,0.0,0.0,1555.0,-25.33575,-50785.464711019726
t78,10058.352547099816,0.0,-316.5874347549492,73.81346637965505,-0.0,0.0,0.0,-743.6665583302857,-8.794265713306515,-9063.117754680929,1873.8353221467353,0.0,-0.0,5.907428580467598,-2.65822588247687,0.0,0.0,-1013.987058271205,-7.737765057332253,-855.3597015161884,129.9741499999999,0.0,-0.0,4.482612617559881,-0.0331225297399239,0.0,0.0,513.987058271205,-1.3877650573322537,-647.0229333016925,1081.3264,0.0,-0.0,8.857185063230965,-0.0,0.0,0.0,213.2364003202606,-20.358112828822534,-1283.0618725546692,967.3690333333335,0.0,-0.0,1.0232233590211512,-0.0,0.0,0.0,-816.3347101207162,-5.510259293314834,-146.54728727832358,2307.3903400000004,0.0,-0.0,5.419858588326399,-0.0,0.0,0.0,-1508.6804765483485,-10.433863179017116,-793.6958588609614,2077.404951408362,0.0,-0.0,10.026342607656794,-0.0,0.0,0.0,-656.2380045246418,-25.130813895952606,-1406.0624755954245,2447.7298,0.0,-0.0,35.922541798817505,-0.0,0.0,0.0,2945.4608884387508,-9.562520931847878,-5419.55070930572,667.9060999999999,0.0,-0.0,12.230596933515063,-0.0,0.0,0.0,993.3956535650982,-9.164772000982694,-1664.3675784976306,15028.862691300357,0.0,-379.23349351365033,104.8826943307624,-148.59015996887047,0.0,0.0,-1482.1731928001177,-13.593972967080866,-13110.1545663814,52310.509390234554,0.0,-0.0,419.1863781946413,-616.2051113109815,0.0,0.0,1555.0,-25.33575,-53643.15490711822
t79,10287.075446108072,0.0,-171.1505834644571,230.6620992753406,-319.3017747302217,0.0,0.0,-47.56913530478937,-0.6183987589622618,-9979.09765312498,1864.1439090683066,0.0,-0.0,19.226082762200964,-0.0,0.0,0.0,-921.8260099126104,-7.488930226764047,-954.0550516911331,171.2031499999999,0.0,-0.0,14.593583717399259,-0.0,0.0,0.0,537.6869949098667,-1.6892699055010156,-721.7944587217648,1168.84671,0.0,-0.0,28.828477273307108,-0.0,0.0,0.0,254.5136477085996,-21.579831783810114,-1430.6090031980966,909.6598133333334,0.0,-0.0,3.3310084275268537,-0.0,0.0,0.0,-744.4707117109267,-5.025177304048755,-163.49493274588482,3503.961198193219,0.0,-0.0,17.642265936314637,-0.0,0.0,0.0,-2622.6934323242695,-14.477586064468696,-884.432445740795,2291.1885608300636,0.0,-0.0,32.637127295182644,-0.0,0.0,0.0,-729.9832264557535,-22.360871298135113,-1571.481590371357,2775.5607999999997,0.0,-0.0,116.93150239201735,-0.0,0.0,0.0,3146.772737785094,-10.226850034690809,-6029.038190142421,779.7461,0.0,-0.0,39.808726354568044,-0.0,0.0,0.0,1054.742328104907,-9.727371726043128,-1864.5697827334318,16865.53782783758,0.0,-795.201674692431,341.5443576938376,-219.36696305165646,0.0,0.0,-1482.1731928001177,-13.593972967080866,-14696.746382020132,56919.10443966478,0.0,-0.0,1329.0111502829036,-959.7272213992644,0.0,0.0,1555.0,-25.33575,-58818.05261854842
t80,11016.501311962804,0.0,-0.0,385.93514225725846,-407.0003290308604,0.0,0.0,581.52747649015,-5.11744179311332,-11571.84615988624,1724.4868550000003,0.0,-0.0,29.62868439131775,-21.69511860401056,0.0,0.0,-663.905170399791,-6.792543960079436,-1061.7227064274366,151.0187499999999,0.0,-0.0,22.480137235756075,-16.937153424365935,0.0,0.0,650.734864716673,-2.754985008084625,-804.5416135199782,1134.07613,0.0,-0.0,44.42202885144193,-33.433654119642526,0.0,0.0,475.7995251835707,-27.753794995119804,-1593.11023492025,871.28768,0.0,-0.0,5.131527762266158,-3.8652478995780295,0.0,0.0,-686.4807164913046,-4.633744836316306,-181.4394985350673,6230.443307978523,0.0,-0.0,27.18173361355121,-20.466265564753435,0.0,0.0,-5221.557844750585,-30.46084515282852,-985.1400861239069,2439.998558916154,0.0,-0.0,50.28410741151626,-37.862139597803974,0.0,0.0,-667.035522675755,-34.53328922692284,-1750.8517148271872,2612.3487999999998,0.0,-0.0,130.3885372516304,-135.64691406381442,0.0,0.0,4116.842593686383,-13.585580559165065,-6710.3474363150335,724.0660999999999,0.0,-0.0,61.34070694046082,-39.60117985926678,0.0,0.0,1341.247987040777,-9.333225883755535,-2077.720388238215,17103.93039293083,0.0,-0.0,507.61577683991936,-125.2283234451005,0.0,0.0,-1482.1731928001177,-13.593972967080866,-15990.55068055845,60836.47366313515,0.0,-0.0,686.1933867796887,-0.0,0.0,0.0,1555.0,-25.33575,-63052.33129991485
t81,11012.641386671981,0.0,-0.0,377.8817337219733,-0.0,0.0,0.0,1434.8583605985714,-12.626753573267429,-12812.75472741926,1953.507155,0.0,-0.0,27.02861510254732,-0.0,0.0,0.0,-843.7442087368122,-7.278109363589392,-1129.513452002146,171.21694999999988,0.0,-0.0,20.49721268925552,-0.0,0.0,0.0,666.131537290592,-2.459449174219847,-855.3862508056274,1192.77663,0.0,-0.0,40.51887862640561,-0.0,0.0,0.0,487.76316150341427,-27.257487946150064,-1693.8011821836699,943.3904600000001,0.0,-0.0,4.679314119403271,-0.0,0.0,0.0,-749.6073818970758,-5.0598498278052615,-193.40254239452227,7003.23403112421,0.0,-0.0,24.789811710310516,-0.0,0.0,0.0,-5942.763196644659,-37.30292299530017,-1047.957723194561,2576.6381322238585,0.0,-0.0,45.858747261332915,-0.0,0.0,0.0,-726.4698592502608,-35.56022935140281,-1860.466790883528,2771.3397999999997,0.0,-0.0,164.30697344195494,-0.0,0.0,0.0,4220.556616240702,-13.927836833594315,-7142.2755528490625,778.3060999999999,0.0,-0.0,55.950062097909594,-0.0,0.0,0.0,1380.4481636956457,-9.491986599207753,-2205.2123391943474,18033.432855792184,0.0,-0.0,458.16574474971117,-352.44372284369905,0.0,0.0,-1482.1731928001177,-13.593972967080866,-16643.387711931,63975.43024364757,0.0,-0.0,1716.2912742082938,-1583.098658305391,0.0,0.0,1555.0,-25.33575,-65638.28710955048
t82,11281.500317965572,0.0,-0.0,298.66950767993654,-0.0,0.0,0.0,1702.4521272112622,-15.36577419650134,-13267.25617866027,1779.6854644334867,0.0,-0.0,20.624091696992345,-16.89900629436947,0.0,0.0,-611.3572151077383,-6.650664480790893,-1165.4026702475805,171.23214999999988,0.0,-0.0,15.631480791598051,-10.599645307959822,0.0,0.0,709.1803387915043,-3.1403243182887812,-882.3039999568534,1199.66,0.0,-0.0,30.91354090897223,-20.914736379464347,0.0,0.0,574.9860723913489,-37.00893085377401,-1747.6359460670826,909.80252,0.0,-0.0,3.5688865985841964,-2.418711009870027,0.0,0.0,-706.7977464757531,-4.770884788711333,-199.38406432424978,8220.848529439947,0.0,-0.0,18.910056088869002,-12.804940640488377,0.0,0.0,-7102.313511897865,-43.77793323508422,-1080.8621997553796,2616.3337093654964,0.0,-0.0,34.981344100756026,-23.689140184903497,0.0,0.0,-668.3014996652332,-42.05708332157568,-1917.2673302945407,2769.9328,0.0,-0.0,125.33692207085778,-35.097448797428115,0.0,0.0,4532.476237538334,-14.957171583876502,-7377.691339227887,777.8260999999999,0.0,-0.0,42.68582380067284,-35.45049902618578,0.0,0.0,1496.8483900142583,-9.963407515798135,-2271.9464072729475,18589.0614890861,0.0,-434.5036310341099,349.5922690044931,-0.0,0.0,0.0,-1482.1731928001177,-13.593972967080866,-17008.382961289284,66094.51700705843,0.0,-0.0,1229.1055164873446,-1411.4,0.0,0.0,1555.0,-25.33575,-67441.88677354578
t83,11450.959524806525,0.0,-0.0,306.16573108972216,-501.42287354309633,0.0,0.0,2329.8794874673054,-23.298433337074968,-13562.283436483382,1694.016783135728,0.0,-0.0,23.255878066888847,-19.6,0.0,0.0,-500.0,-6.35,-1191.3226612026167,192.1583499999999,0.0,-0.0,15.673751303534779,-16.2400658615345,0.0,0.0,714.0427409798604,-3.3917030196543365,-902.243073402206,1244.0494400000002,0.0,-0.0,34.85809546365598,-42.44197697603585,0.0,0.0,597.329090248282,-46.2810997922176,-1787.5135489436846,847.5248999999999,0.0,-0.0,4.024209234116057,-3.807654169454283,0.0,0.0,-639.0591399377261,-4.313649194579651,-204.368665932356,9178.469960896591,0.0,-0.0,21.32279357121015,-20.16096287885474,0.0,0.0,-8025.402425824956,-48.43953225041602,-1105.7898335135756,2674.5482764737653,0.0,-0.0,39.44459594307105,-48.05072423941345,0.0,0.0,-651.252368627024,-53.576418833321334,-1961.113360717077,2935.9588,0.0,-0.0,141.32873910663417,-133.6233052354859,0.0,0.0,4611.842682734117,-15.219080853022588,-7540.287835752243,834.4660999999999,0.0,-0.0,42.81381845130832,-31.183752905802525,0.0,0.0,1489.7931257602575,-12.149278956886988,-2323.740012348876,19400.46148388725,0.0,-353.0830840740859,390.751685793134,-586.7893555016954,0.0,0.0,-1482.1731928001177,-13.593972967080866,-17355.57356433741,66920.94507035578,0.0,-0.0,1387.1187287069029,-0.0,0.0,0.0,1555.0,-25.33575,-69837.7280490627
t84,11299.755330344196,0.0,-0.0,332.27336932970417,-3.9404045193646198,0.0,0.0,2200.0,-21.61,-13806.478295154539,1735.3241532285563,0.0,-0.0,25.758774066628447,-48.45642515697058,0.0,0.0,-500.0,-6.35,-1206.2765021382143,214.64154999999988,0.0,-0.0,19.516705020295838,-14.9,0.0,0.0,697.2633094969649,-3.312000720110632,-913.2095637971499,1298.7820175,0.0,-0.0,38.6068298451641,-22.898999883167257,0.0,0.0,537.3813414056035,-42.4249583417839,-1809.4462305258157,785.5234599999999,0.0,-0.0,4.456209912766309,-5.907578029447971,0.0,0.0,-573.8361910183459,-3.8733942893738345,-206.36250657559853,9715.871099974127,0.0,-817.4321795111006,23.613815718018266,-31.29775046568622,0.0,0.0,-7725.079879257271,-46.922903390249225,-1118.7522030678376,2727.420274344678,0.0,-0.0,43.68242595285594,-25.936622316648624,0.0,0.0,-709.2362517647161,-50.90044890498044,-1985.0293773111878,3114.6477999999997,0.0,-0.0,156.51443369053604,-131.45111387214962,0.0,0.0,4507.222806903638,-14.873835262782006,-7632.060091459242,895.4260999999999,0.0,-0.0,53.30822573764976,-79.61779861729116,0.0,0.0,1493.4580570342455,-9.949676667229083,-2352.624907487375,20443.415296655807,0.0,-1851.1158667521534,430.1637341819413,-0.0,0.0,0.0,-1482.1731928001177,-13.593972967080866,-17526.695998318395,69559.77765119706,0.0,-0.0,1504.1002352603111,-1056.7276489620244,0.0,0.0,1555.0,-25.33575,-71536.81448749534
t85,11525.757019710312,0.0,-0.0,403.4537515749752,-247.29993585221246,0.0,0.0,2200.0,-21.61,-13860.300835433078,1689.9369126332222,0.0,-0.0,26.67728042115168,-0.0,0.0,0.0,-500.0,-6.35,-1210.2641930543737,215.8497499999999,0.0,-0.0,20.2059053532988,-47.741302639116675,0.0,0.0,731.3600322529727,-3.47396015320162,-916.2004248139528,1304.1027174999997,0.0,-0.0,39.980240892744575,-86.38331461959501,0.0,0.0,601.9237262536046,-43.19855899753299,-1816.424811029221,853.20024,0.0,-0.0,2.8603107803569063,-0.9388433855564902,0.0,0.0,-643.4192008915626,-4.343079606018048,-207.35942689721978,10084.719477168286,0.0,-1180.677417334309,24.451484819978617,-4.970347335299066,0.0,0.0,-7753.715061787481,-47.06751106202678,-1122.740624469149,2707.7881013660763,0.0,-0.0,45.23167894306215,-60.974740204164945,0.0,0.0,-648.3890393466377,-50.65461791577757,-1993.0013828425579,3123.0897999999997,0.0,-0.0,162.06733299595425,-108.93316251678185,0.0,0.0,4500.61388234845,-14.852025811749884,-7661.985827015873,898.3060999999999,0.0,-0.0,34.21253821302809,-0.0,0.0,0.0,1438.7988539707721,-9.728306894822015,-2361.589185288978,20654.269592443725,0.0,-2072.9937291155543,442.1764477746551,-0.0,0.0,0.0,-1482.1731928001177,-13.593972967080866,-17527.68514533563,73437.24188579469,0.0,-0.0,1532.0908080111087,-3887.189279094726,0.0,0.0,1555.0,-25.33575,-72611.80766471109
t86,11897.95011772779,0.0,-0.0,404.74556637822917,-711.567932316233,0.0,0.0,2212.2013177742683,-21.76861713106549,-13781.560452432992,1550.3964946685367,0.0,-0.0,26.728059940074033,-0.0,0.0,0.0,-356.13423306735933,-6.73843757071813,-1214.251883970533,229.6645999999999,0.0,-0.0,20.243086258206603,-48.9434611782938,0.0,0.0,722.7318369399562,-4.504776189112965,-919.1912858307558,1363.3992275,0.0,-0.0,40.05572710505581,-105.00197617171584,0.0,0.0,570.7689387278876,-47.81240577243213,-1821.4095113887963,789.0930199999999,0.0,-0.0,4.622400330501628,-11.17703140981201,0.0,0.0,-570.3322986857198,-3.849743016128609,-208.35634721884102,11214.704133975869,0.0,-1752.9183323037116,14.524745822820565,-54.6,0.0,0.0,-8245.430825953454,-49.550675671064944,-1126.7290458704604,2903.731031234536,0.0,-0.0,8.589748807864671,-118.78489137816794,0.0,0.0,-740.4968776845362,-54.058623988610414,-1998.9803869910857,3232.8358,0.0,-0.0,30.77348446781548,-361.9,0.0,0.0,4800.0573201498555,-15.840189156494521,-7685.9264154611765,935.7460999999998,0.0,-0.0,55.308125467923695,-144.98368137998855,0.0,0.0,1533.8080145992194,-10.321126463418503,-2369.557432223736,21780.150751758207,0.0,-2242.782150246868,441.66140680997336,-798.3033214787366,0.0,0.0,-1482.1731928001177,-13.593972967080866,-17684.959521075376,71107.41823641687,0.0,-0.0,1533.036574685567,-355.9116203944931,0.0,0.0,1555.0,-25.33575,-73814.20744070795
t87,11850.18548191878,0.0,-0.0,447.94379588972623,-1045.4991426683664,0.0,0.0,2545.0589465088483,-26.095766304615026,-13771.593315344373,1755.9422212833686,0.0,-0.0,29.475999827625294,-60.82864622430138,0.0,0.0,-500.0,-6.35,-1218.2395748866925,248.67339999999993,0.0,-0.0,22.32182764726022,-22.32182764726022,0.0,0.0,676.7231819618778,-3.214435114318917,-922.1821468475587,1372.5194975,0.0,-0.0,44.17271112513116,-7.3019767631774,0.0,0.0,463.2302809352916,-45.229360976959185,-1827.3911518202865,793.939992401863,0.0,-0.0,5.097173771938495,-0.8444462923402437,0.0,0.0,-585.8816713807997,-3.954701281820398,-208.35634721884102,9433.423563230164,0.0,-313.8882795967299,27.014182521773286,-54.6,0.0,0.0,-7914.350384790572,-47.878719443192395,-1129.7203619214438,2806.114894737201,0.0,-0.0,49.972108803649895,-49.972108803649895,0.0,0.0,-746.0484894546493,-54.11051345151776,-2005.9558918310345,3386.1988,0.0,-0.0,179.05363261311336,-352.31906940748576,0.0,0.0,4510.82182821541,-14.88571203311085,-7708.869479387927,988.0661,0.0,-0.0,60.99254610302746,-133.3836821967688,0.0,0.0,1477.6195008047112,-15.768785552475329,-2377.5256791584943,21055.610276045412,0.0,-595.7759667407947,99.51950880620461,-1231.2442257008302,0.0,0.0,-1482.1731928001177,-13.593972967080866,-17832.342426642816,71693.09848809564,0.0,-0.0,1656.642274542668,-339.57717730973377,0.0,0.0,1555.0,-25.33575,-74539.82783532857
t88,11577.859526526998,0.0,-0.0,567.7004804705768,-629.1036472355705,0.0,0.0,2200.0,-21.61,-13694.846359762008,1801.091846625908,0.0,-0.0,4.488652695273168,-74.01246533120968,0.0,0.0,-500.0,-6.35,-1225.2180339899714,240.42039999999992,0.0,-0.0,28.64468572072794,-28.64468572072794,0.0,0.0,690.0241298255685,-3.2776146166714852,-927.1669152088969,1368.00718,0.0,-0.0,56.694237365148396,-93.56497172710216,0.0,0.0,548.4520595977631,-41.23101262445745,-1838.3574926113522,857.65118,0.0,-0.0,0.778643834894325,-11.078643834894326,0.0,0.0,-633.7203004316241,-4.277612027913462,-209.35326754046227,8771.662016259666,0.0,-24.265905865576826,34.669653168926686,-43.10640023977091,0.0,0.0,-7556.189258195618,-46.07000575388787,-1136.7000993737388,2767.199525374484,0.0,-0.0,64.1332635967448,-64.1332635967448,0.0,0.0,-699.5441009632196,-49.74152428317496,-2017.9139001280898,3321.4768,0.0,-0.0,229.79581128973751,-229.79581128973751,0.0,0.0,4442.9529293153955,-14.661744666740805,-7749.767984648654,965.9860999999999,0.0,-0.0,78.28138537897719,-78.28138537897719,0.0,0.0,1435.1977336518516,-9.713722357530388,-2391.470111294321,20363.702367446618,0.0,-607.8491495280421,629.5644811907677,-777.3795008229192,0.0,0.0,-1482.1731928001177,-13.593972967080866,-18112.271032519224,75059.31616707754,0.0,-0.0,2059.9597577256905,-3744.8090960848936,0.0,0.0,1555.0,-25.33575,-74904.13107871835
t89,10671.835141956308,0.0,-0.0,721.2047654633724,-674.5458056830397,0.0,0.0,2960.0,-31.49,-13647.00410173664,1890.8586500000001,0.0,-0.0,49.148267716916536,-49.148267716916536,0.0,0.0,-650.9077831631691,-6.757451014540557,-1233.1934158222903,201.99619999999987,0.0,-0.0,37.21039959537728,-37.21039959537728,0.0,0.0,735.3328610492699,-3.1834701344995353,-934.1455909147702,1366.3319000000001,0.0,-0.0,73.64923106280955,-73.64923106280955,0.0,0.0,527.3843756830537,-43.39550220872069,-1850.3207734743328,915.8377399999999,0.0,-0.0,8.497347670511246,-8.497347670511246,0.0,0.0,-699.7672031947307,-4.723428621564432,-211.34710818370476,9227.365246226384,0.0,-0.0,45.037608029223236,-45.037608029223236,0.0,0.0,-8034.204322222797,-48.48398182722512,-1144.6769421763615,4037.281714540134,0.0,-0.0,56.78828193705891,-0.0,0.0,0.0,-1995.7793937317024,-65.42919224608069,-2032.861410499409,3016.1578,0.0,-0.0,298.5163307799503,-219.4064753336474,0.0,0.0,4719.952398043612,-15.575842913543921,-7799.644210576372,861.8260999999999,0.0,-0.0,101.69214375101029,-74.75219234219048,0.0,0.0,1540.82699568809,-19.198349332536765,-2410.3946977643723,18238.8435816177,83.98182425731204,-0.0,820.1276659650191,-737.8945222203876,0.0,0.0,0.0,-0.0,-18405.05854961964,75802.5681065559,0.0,-0.0,2647.8678130108383,-3942.9768181507907,0.0,0.0,897.1620718483729,-13.757072639972154,-75390.86410062436
t90,10501.188800838489,0.0,-0.0,839.00235068858,-538.9698119548965,0.0,0.0,2960.0,-31.49,-13729.731339572174,1867.4961099999998,0.0,-0.0,58.208500104836,-58.208500104836,0.0,0.0,-627.6081521668591,-6.694542010850519,-1233.1934158222903,184.5891999999999,0.0,-0.0,44.06828860261871,-44.06828860261871,0.0,0.0,751.8692193223419,-3.309782079839063,-933.1486372425026,1404.41485,0.0,-0.0,87.22529439865767,-87.22529439865767,0.0,0.0,478.34810031290226,-33.43911691048472,-1849.3238334024177,935.7259237990684,0.0,-0.0,10.063481458730122,-10.063481458730122,0.0,0.0,-719.522041832991,-4.85677378237269,-211.34710818370476,8734.343734445163,0.0,-0.0,53.33898825816864,-53.33898825816864,0.0,0.0,-7544.652154240217,-46.011743378913096,-1143.6798368260336,4466.1289221037,0.0,-0.0,96.56035775832413,-101.0,0.0,0.0,-2363.730474650892,-66.09389540314409,-2031.8649098079877,2879.6787999999997,0.0,-0.0,345.98719396433677,-361.9,0.0,0.0,4945.214753669263,-16.319208687108567,-7792.661538946491,815.2660999999999,0.0,-0.0,117.8671752137449,-123.3,0.0,0.0,1620.0807495864533,-19.519327035825135,-2410.3946977643723,16955.084267952643,1471.4947907006813,-0.0,90.25310391343429,-0.0,0.0,0.0,0.0,-0.0,-18516.832162566756,73841.13284041519,0.0,-0.0,3074.553191827528,-3074.553191827528,0.0,0.0,500.0,-6.35,-74334.7828404152
t91,10144.968232111405,0.0,-0.0,702.6083888565253,-266.62901105422793,0.0,0.0,2960.0,-31.49,-13509.457609913703,1792.45147,0.0,-0.0,48.33576350142481,-9.217249216692897,0.0,0.0,-633.5367737928747,-6.710549289240761,-1191.3226612026167,127.9681999999999,0.0,-0.0,36.608416553831304,-22.53604393805826,0.0,0.0,763.5556396886791,-3.3531389022458327,-902.243073402206,1307.04392,0.0,-0.0,72.43801016105543,-72.43801016105543,0.0,0.0,498.1001987169015,-17.630569773216898,-1787.5135489436846,989.9081037990685,0.0,-0.0,8.3593249598277,-1.5989105784059106,0.0,0.0,-786.9876853718741,-5.31216687626015,-204.368665932356,5108.605099364247,0.0,-0.0,44.30158043985142,-44.30158043985142,0.0,0.0,-3976.786432681305,-27.025938519693106,-1104.7927281632478,8274.752674663643,0.0,-0.0,81.95136030461695,-134.3,0.0,0.0,-6216.181729782799,-43.115943085541275,-1963.1063620999196,2429.4388,0.0,-0.0,293.63634521426764,-119.3,0.0,0.0,4943.849673794508,-16.314703923521876,-7531.310115085254,661.6660999999999,0.0,-0.0,100.02094068125145,-40.6,0.0,0.0,1627.1812099019517,-19.548083900102903,-2328.7201666831,16357.016396066303,1445.7824594649942,-0.0,811.7735429738543,-221.13589439947083,0.0,0.0,-300.0,-4.905,-18088.53150410568,68288.60854455372,0.0,-0.0,2663.09793789653,-598.0889886937488,0.0,0.0,1120.8058995268134,-17.238030026175068,-71457.18536325714
t92,10094.859824712952,423.90149202260466,-0.0,451.49593057014914,-0.0,0.0,0.0,2200.0,-21.61,-13148.647247305707,1994.42522,0.0,-0.0,30.016026766661426,-0.0,0.0,0.0,-859.6927878242742,-7.32117052712554,-1157.427288415262,127.6575999999999,0.0,-0.0,22.7442838631101,-0.0,0.0,0.0,728.6440832404903,-2.723689180352567,-876.3222779232476,1195.55438,0.0,-0.0,44.98848046601425,-0.0,0.0,0.0,520.9563031763792,-25.826498438291154,-1735.672665204102,1001.7994,0.0,-0.0,5.193073337164132,-0.0,0.0,0.0,-803.1838384251655,-5.421490909369936,-198.38714400262853,2305.3186800000003,942.9763189274072,-0.0,27.517842150147438,-0.0,0.0,0.0,-2184.8966506884935,-17.03372808597689,-1073.8824623030848,8610.532557041812,0.0,-0.0,50.90445200937498,-0.0,0.0,0.0,-6726.749187001914,-29.37850005178634,-1905.3093219974853,2429.4388,0.0,-0.0,182.39043995473867,-0.0,0.0,0.0,4723.593535865351,-15.587858668355658,-7319.834917151735,661.6660999999999,0.0,-0.0,62.12017594183344,-0.0,0.0,0.0,1542.7681920864975,-7.556462024365589,-2258.998006003965,15904.603112069874,2242.782150246868,-0.0,526.6234673793273,-242.25740502022686,0.0,0.0,-696.4396504288711,-7.818831430652203,-17727.492842816315,65459.30964019817,0.0,-0.0,1838.4596450923304,-0.0,0.0,0.0,1555.0,-25.33575,-68827.4335352905
t93,10327.22140373948,494.6966491139963,-0.0,397.30012352607605,-237.06166544563973,0.0,0.0,2165.7431108175942,-21.18007604076081,-13126.719545710746,2196.2022699999998,0.0,-0.0,27.845903429349626,-19.6,0.0,0.0,-1021.3187153598992,-7.757560531471728,-1175.371897537979,127.6575999999999,0.0,-0.0,21.108955261723764,-0.0,0.0,0.0,743.9782674773004,-2.4651934040293835,-890.2796293349945,1174.6941399999998,0.0,-0.0,41.740216958545915,-29.4,0.0,0.0,601.0173110232238,-24.464680764046467,-1763.5869872177234,1001.79336,0.0,-0.0,4.819307216844489,-3.4,0.0,0.0,-796.4586662521502,-5.376095997202014,-201.37790496749227,2328.1216600000002,1137.4257974683755,-0.0,25.534194573043898,-0.0,0.0,0.0,-2382.2181968884747,-18.030201894286797,-1090.833253258658,8610.532557041812,0.0,-0.0,47.23539614158335,-0.0,0.0,0.0,-6693.292372429152,-28.274737322697753,-1936.200843431545,2429.4388,0.0,-0.0,169.24164960795258,-0.0,0.0,0.0,4855.884303453143,-16.024418201395367,-7438.540334859701,661.6660999999999,0.0,-0.0,57.63579709790084,-0.0,0.0,0.0,1582.9917148547365,-7.438494742259543,-2294.8551172103776,16041.557084442487,2242.782150246868,-0.0,475.13706968761517,-0.0,0.0,0.0,-611.3267566963217,-7.193251661717964,-18140.95629601893,66889.26661271998,0.0,-0.0,1614.859487277276,-1375.5687037129285,0.0,0.0,1555.0,-25.33575,-68658.22164628432
t94,10316.054957405673,387.088673456563,-0.0,355.8211365321759,-0.0,0.0,0.0,2200.0,-21.61,-13237.354767394414,2159.806483723992,0.0,-0.0,24.242433529812924,-0.0,0.0,0.0,-1026.824584293271,-7.772426377591832,-1149.4519065829431,127.62904999999989,0.0,-0.0,18.38307182758787,-14.9,0.0,0.0,741.6713827322311,-2.442948670176892,-870.3405558896419,1147.95417,0.0,-0.0,36.341492163016184,-0.0,0.0,0.0,564.6281144520931,-24.217452202072984,-1724.7063244130363,1001.79034,0.0,-0.0,4.196728173490799,-0.0,0.0,0.0,-804.1656466988873,-5.428118115217488,-196.39330335938604,2321.03188,1089.7145591198955,-0.0,22.233613717330016,-18.0,0.0,0.0,-2330.3092661921655,-17.768061794270437,-1066.9027248507898,8610.532557041812,0.0,-0.0,41.12996956389021,-33.3,0.0,0.0,-6696.4180166166825,-28.593196288588093,-1893.35131370043,2429.4388,0.0,-0.0,147.36462114614577,-119.3,0.0,0.0,4836.395571612628,-15.960105386321672,-7277.938887372452,661.6660999999999,0.0,-0.0,50.181649533364606,-40.6,0.0,0.0,1579.263273593483,-7.44951099239872,-2243.061512134449,15994.08465444249,1796.984550256847,-0.0,400.6957759706377,-0.0,0.0,0.0,-619.2408285894287,-7.251420090132301,-17565.27273199041,64212.734966471624,0.0,-0.0,1439.6975392470076,-0.0,0.0,0.0,1555.0,-25.33575,-67182.09675571864
t95,10340.648259425878,0.0,-0.0,256.05366312833297,-240.42031990741322,0.0,0.0,2200.0,-21.61,-12534.6716026468,1957.709683723993,0.0,-0.0,17.05859375189377,-0.0,0.0,0.0,-891.6811138345392,-7.407539007353256,-1075.6796246339945,127.62904999999989,0.0,-0.0,12.937078624840503,-0.0,0.0,0.0,676.3547604465746,-2.409738828760424,-814.5111502426545,1077.6587800000002,0.0,-0.0,25.57303019018518,-0.0,0.0,0.0,536.5439516428332,-25.729785402552544,-1614.045976430466,1001.78732,0.0,-0.0,2.9533816035845524,-0.0,0.0,0.0,-814.8104714215581,-5.499970682095517,-184.43025949993105,2305.56935,290.96706629143443,-0.0,15.646039386733847,-0.0,0.0,0.0,-1600.0,-14.08,-998.1024556781688,8610.52935704181,0.0,-0.0,28.94368682169207,-0.0,0.0,0.0,-6838.398975138545,-31.288840760766252,-1769.7852279641913,2429.4388,0.0,-0.0,103.70193959308337,-0.0,0.0,0.0,4293.121498559741,-14.167300945247144,-6812.094937207577,661.6660999999999,0.0,-0.0,35.31230636974992,-0.0,0.0,0.0,1405.0911855311651,-6.420648059493932,-2095.648943841421,15206.179817413959,1926.1761564503677,-0.0,288.86908153002014,-645.7443414271065,0.0,0.0,-521.220835785671,-6.530973143024682,-16247.728905038544,59922.58160013999,0.0,-0.0,1039.6954879485163,-0.0,0.0,0.0,1555.0,-25.33575,-62491.9413380885
t96,10171.5110460611,0.0,-0.0,178.3974735972538,-732.6308713364231,0.0,0.0,1848.0794376335118,-18.100139676938657,-11447.256946278507,1760.856821090085,0.0,-0.0,11.828700779131466,-50.15470131944077,0.0,0.0,-731.5927864639943,-6.975300523452784,-983.9627335623286,127.62904999999989,0.0,-0.0,8.970693229895492,-22.462127045220083,0.0,0.0,633.1193285978336,-2.532551598588521,-744.7243931839204,1095.7612900000001,0.0,-0.0,17.73270670048378,-16.554280552063286,0.0,0.0,385.7529781227209,-7.2213878368675175,-1475.4713064342739,967.70014,0.0,-0.0,2.0479063617665845,-8.674854989483531,0.0,0.0,-787.2795202565602,-5.314136761731781,-168.47953435399106,2282.78873,0.0,-0.0,10.849159186914914,-10.135273807385687,0.0,0.0,-1358.2019374298447,-11.952177049382634,-913.3485009003024,7745.783897267177,0.0,-0.0,20.069910048971245,-68.60018215098131,0.0,0.0,-6053.425014449662,-25.511487847349414,-1618.317122868157,2429.4388,0.0,-0.0,71.90822987585807,-478.99635823020753,0.0,0.0,4225.122950537182,-13.942905736772701,-6233.53071644606,661.6660999999999,0.0,-0.0,24.486053163865527,-103.78874044714166,0.0,0.0,1338.4245637088125,-5.42061948302069,-1915.3673569425157,14997.454632292676,0.0,-0.0,201.59875312893678,-358.8386505967512,0.0,0.0,-41.89044821877627,-0.6849088283769921,-14797.639377777708,58774.856702418016,0.0,-0.0,731.4035192752721,-2802.7058946106126,0.0,0.0,541.8904482187763,-7.034908828376992,-57238.40986647308
t97,9901.650094880615,906.1356660669861,-0.0,159.28750138945028,-748.6870731046897,0.0,0.0,759.1218767253544,-6.680272515183119,-10970.827793442535,1933.9660665454912,0.0,-0.0,10.065083259142476,-0.0,0.0,0.0,-943.5485306481962,-7.54758103275013,-992.9350381236871,125.6305499999999,0.0,-0.0,7.625402271392243,-4.375609457139024,0.0,0.0,624.881639374742,-2.0589132992012225,-751.7030688897937,1258.1694400000001,0.0,-0.0,15.085079397489817,-56.90757890121554,0.0,0.0,285.3505120504669,-12.268985105656414,-1489.4284674410846,899.2289,0.0,-0.0,1.741119252437899,-0.0,0.0,0.0,-726.5890882312644,-4.904476345561035,-169.4764546756123,2289.3606333333337,935.526034051171,-0.0,9.226545800829275,-54.6,0.0,0.0,-2243.2349924952473,-14.952876987161508,-921.325343702925,5550.603984254108,0.0,-0.0,17.067855182411762,-101.0,0.0,0.0,-3804.214972497385,-26.202731625394705,-1636.25413531374,2429.4388,0.0,-0.0,61.15442250567069,-0.0,0.0,0.0,3802.3689638932906,-12.547817580847857,-6280.414368818114,661.6660999999999,0.0,-0.0,20.829386693443297,-153.57648981444828,0.0,0.0,1416.0882583139667,-5.735157446171565,-1939.2720977467905,15627.413909974699,0.0,-0.0,175.2985135480787,-772.7278271980019,0.0,0.0,-177.99928533580982,-2.9102883152404906,-14849.075022673725,58203.836568728,0.0,-0.0,677.4662137597322,-2924.9088573459194,0.0,0.0,1007.7756188500823,-15.410616935281672,-56948.75892705662
t98,10044.758806113492,0.0,-0.0,58.99203382515205,-454.990907836896,0.0,0.0,322.2093121728722,-2.8354419471212755,-9968.1338023275,1731.8693665454912,0.0,-0.0,3.883183469583932,-68.10221183100688,0.0,0.0,-722.5950435400144,-6.951006617558039,-938.1042880264956,125.6305499999999,0.0,-0.0,2.941395498618303,-51.563416136836864,0.0,0.0,636.3859523996811,-2.5665134346414558,-710.8279683268208,1348.5656000000001,0.0,-0.0,5.819675157221931,-102.05331774651033,0.0,0.0,162.63469887394047,-7.287274740601794,-1407.6793815440506,862.31114,0.0,-0.0,0.6716358897048584,-11.77487348088895,0.0,0.0,-686.0727396352569,-4.630990992537984,-160.50417178102106,2266.5688333333337,0.0,-0.0,3.559319449369697,-3.1514012958865454,0.0,0.0,-1386.7100293370434,-8.796645963240634,-871.470076186533,4670.910514413428,0.0,-0.0,6.584230976618542,-49.31583322355451,0.0,0.0,-3063.4294733020306,-21.169867852901298,-1543.579571011561,2429.4388,0.0,-0.0,23.591568361547303,-20.886787477736938,0.0,0.0,3525.734999717668,-11.634925499068304,-5946.243655102411,661.6660999999999,0.0,-0.0,8.035722827181912,-1.2023178818952829,0.0,0.0,1165.4339959201552,-6.216860205267535,-1827.7166406601748,14893.077659383747,0.0,-0.0,67.50483319808895,-615.0436515710292,0.0,0.0,-453.59167326997175,-3.333898798534292,-13888.6132689423,56493.9019812127,0.0,-0.0,271.0320587348814,-4185.772735185484,0.0,0.0,500.0,-6.35,-53072.8113047621
t99,9933.404134234035,0.0,-0.0,47.75487451635665,-446.94470645808644,0.0,0.0,-155.11523131282337,-2.016498007066704,-9377.082572972415,1667.0474000000002,0.0,-0.0,3.210238201680517,-0.0,0.0,0.0,-761.9821393733512,-7.057351776308048,-901.2181470520213,125.6305499999999,0.0,-0.0,2.431684651360145,-10.235758443557636,0.0,0.0,566.242423750356,-2.1525881270988214,-681.9163118310596,1297.8783899999999,0.0,-0.0,4.8111531349134005,-0.0,0.0,0.0,57.4790787669171,-8.317884385022769,-1351.8507375168078,862.31114,0.0,-0.0,0.555247867953965,-2.337656584670592,0.0,0.0,-701.2724921102456,-4.733589321744158,-154.52264985129358,2289.3606333333337,898.8447592702087,-0.0,2.942515183949726,-0.0,0.0,0.0,-2341.4643186778376,-13.112200184595888,-836.5713889250586,2071.6527514083623,0.0,-0.0,5.443232673546255,-0.0,0.0,0.0,-569.3221423942564,-25.977313544210503,-1481.7965281434417,2429.4388,0.0,-0.0,19.5033177193974,-152.28778438710083,0.0,0.0,3425.3195900384176,-11.146054647126778,-5710.827868723587,661.6660999999999,0.0,-0.0,6.643172582955197,-58.992890777896584,0.0,0.0,1155.7715466332745,-11.077571924672018,-1754.010356513661,14911.308267452201,0.0,-0.0,56.4498007409988,-506.1402666616817,0.0,0.0,-1175.656315320451,-8.641073917605315,-13277.32041229346,52471.30334516761,0.0,-0.0,200.08315665075378,-2661.2598177912832,0.0,0.0,500.0,-6.35,-50503.776684027085
t100,10022.597525449044,0.0,-0.0,36.24262234170702,-340.1627559863641,0.0,0.0,-688.7356613497224,-8.68595154593411,-9021.25577890873,1667.0474000000002,0.0,-0.0,2.494030627138428,-13.526634218093896,0.0,0.0,-766.6681771305277,-7.070004078252425,-882.2766152002642,125.6305499999999,0.0,-0.0,1.8897397515568835,-0.0,0.0,0.0,542.4687273595968,-2.0300566918405023,-667.9589604193128,1367.53936,0.0,-0.0,3.73805189134863,-20.267255632144035,0.0,0.0,-19.145560794113806,-8.925120033819454,-1322.9394754312714,862.31114,0.0,-0.0,0.4314770080174576,-0.0,0.0,0.0,-707.4324792085512,-4.77516923465772,-150.5349685648086,2303.87782,0.0,-0.0,2.2864034890517244,-0.0,0.0,0.0,-1479.256892273165,-8.283838596729725,-818.6234926191574,2089.976125011889,0.0,-0.0,4.229547049809789,-34.03552732750225,0.0,0.0,-581.4241974702932,-28.837441245942273,-1449.908506017961,2429.4388,0.0,-0.0,15.154472847287696,-121.95502316656496,0.0,0.0,3281.1520275443486,-10.67030169089635,-5593.119975534175,661.6660999999999,0.0,-0.0,5.16150136436544,-41.5503021730795,0.0,0.0,1101.215406122546,-10.331521740272432,-1716.1611835735594,14887.570267452202,0.0,-0.0,43.521622274100665,-571.4677648682541,0.0,0.0,-1482.1731928001177,-13.593972967080866,-12863.856959090848,48051.77450025809,0.0,-0.0,158.58151996430163,-103.83264580699418,0.0,0.0,800.0,-11.254999999999999,-48895.26837441539
t101,10247.602190449044,0.0,-0.0,9.717453140735081,-240.30666240142205,0.0,0.0,-1213.8164303317997,-13.17835240377984,-8790.018198452777,1667.9754000000003,0.0,-0.0,0.6883174729385952,-14.887639518007445,0.0,0.0,-777.36058465362,-7.098873578564774,-869.3166197227462,126.33454999999991,0.0,-0.0,0.5220829778435394,-11.268107459520278,0.0,0.0,544.4182958852284,-2.0173977069149136,-657.9894236966364,1345.77508,0.0,-0.0,1.031909935362508,-22.307662154175045,0.0,0.0,-1.65458851277333,-18.847125203529068,-1303.9976140648853,862.47114,0.0,-0.0,0.11918243496154592,-2.57332225651382,0.0,0.0,-706.7056093934757,-4.770262863405961,-148.54112792156607,2281.93402,0.0,-0.0,0.6313655550049263,-13.64026873883983,0.0,0.0,-1446.2810605447153,-15.985827856227113,-806.6582284152233,2073.2247514083624,0.0,-0.0,1.1679696493545753,-25.232117454570083,0.0,0.0,-592.6201926999952,-27.558419405037917,-1428.981991498114,2435.0668,0.0,-0.0,4.1846827257265735,-90.41022269219461,0.0,0.0,3175.7969083323474,-10.322629797496745,-5514.315538568382,663.5860999999999,0.0,-0.0,1.4249106204443427,-30.801286379987232,0.0,0.0,1065.9274349096424,-9.872778114504685,-1690.2643810355949,14959.834267452201,0.0,-782.3678742828986,11.687604138252576,-73.84918570559728,0.0,0.0,-1482.1731928001177,-13.593972967080866,-12619.537645834758,46343.200112709455,0.0,-0.0,56.73563542356144,-0.0,0.0,0.0,1434.4690198092785,-23.087847219443045,-47811.31692072286
t102,10075.406747798497,0.0,-520.0471897728854,36.38353542199815,-130.47047855907093,0.0,0.0,-724.6272261540564,-9.420153940002734,-8727.22523479448,1582.561459614246,0.0,-0.0,2.6514013177369122,-8.186689978609085,0.0,0.0,-707.7770124004253,-6.9109979334811475,-862.3381606194673,126.7749499999999,0.0,-0.0,2.0120772468866486,-6.1974400326194194,0.0,0.0,532.518588541181,-2.103520420149738,-653.0046553352983,1350.5280699999998,0.0,-0.0,3.9754067414264043,-12.267489476689729,0.0,0.0,-26.171519912285703,-22.03625400671588,-1294.028213345735,795.45714,0.0,-0.0,0.45927962719109106,-1.4152755201004752,0.0,0.0,-642.619256525598,-4.337679981547786,-147.54420759994483,4163.192758896654,0.0,-0.0,2.432677015843867,-7.501490747278206,0.0,0.0,-3338.976105600437,-18.472243251525864,-800.6755963132563,2189.684457332809,0.0,-0.0,4.500282955793258,-13.876503333342294,0.0,0.0,-733.3711846242967,-28.916568438483697,-1418.02048389248,2436.4737999999998,0.0,-0.0,16.123638220995833,-49.72114095630167,0.0,0.0,3078.70541487494,-10.1597278690873,-5471.421984270546,664.0660999999999,0.0,-0.0,5.48952450288809,-16.938429183766996,0.0,0.0,1039.4437460951467,-13.74893078081063,-1678.3120106334575,14920.87093762141,0.0,-2271.1047380687137,44.58533260510322,-145.6098829570918,0.0,0.0,-32.12544429416846,-6.873877984437861,-12509.742326922104,45745.83845662297,0.0,-0.0,171.510970710111,-0.0,0.0,0.0,1555.0,-25.33575,-47447.013677333074
t103,12732.713736739937,0.0,-3134.646949747582,86.54880422054094,-51.720949621280674,0.0,0.0,-958.0897712440436,-12.366026629112746,-8662.438843718459,1461.2662596142459,0.0,-240.0,6.610482848610035,-3.3904462456534152,0.0,0.0,-347.4107628250442,-6.761990940372381,-870.313542451786,187.87994999999995,0.0,-0.0,5.018189170216661,-2.5668146498139857,0.0,0.0,472.0340041853354,-3.378951336833764,-658.9863773689041,1423.51839,0.0,-0.0,9.912300579090466,-5.0805693213261485,0.0,0.0,-98.83644844303205,-24.519118677932063,-1304.9945541368004,742.1611399999999,0.0,-0.0,1.1453888577656783,-0.5253048568585648,0.0,0.0,-590.255868963835,-3.9842271155058864,-148.54112792156607,6923.0491678595945,0.0,-2919.6183323037117,6.066240089694471,-3.106805672290652,0.0,0.0,-3181.299451288693,-17.4354849190423,-807.6553337655512,2499.8974681568716,0.0,-0.0,11.222201796552314,-5.747080489022311,0.0,0.0,-1044.774433195368,-29.623163388076687,-1430.9749928809565,2924.7028,0.0,-0.0,40.206490123034094,-20.592407605684507,0.0,0.0,2576.5060770682494,-8.502470054325386,-5512.320489531274,830.6261,0.0,-0.0,13.687762953253582,-7.015052863325847,0.0,0.0,880.1339843585092,-22.188259078618273,-1695.2445353698188,15759.530585208278,0.0,-3732.782150246868,108.49841434770234,-296.5563576773931,0.0,0.0,736.9926703479221,-12.526896127057228,-12563.156265852585,48023.89946766538,0.0,-2294.997945295494,436.1350480987411,-228.7752261289929,0.0,0.0,1555.0,-25.33575,-47465.92559433965
t104,12778.415450862722,0.0,-3134.646949747582,181.30725082952068,-291.58598168207817,0.0,0.0,-409.46553002758776,-28.01493316162539,-9096.00930707337,1284.7370596142457,0.0,-240.0,14.154649759083572,-28.044170568445466,0.0,0.0,-107.26516676753727,-7.410384049727649,-916.171987987619,207.29455,0.0,-0.0,10.748758849880371,-21.280810713291977,0.0,0.0,504.35264181141065,-7.235384049727649,-693.8797558982711,1323.34291,0.0,-0.0,21.22637150253001,-42.04776929655753,0.0,0.0,119.72709696488164,-47.468250000000076,-1374.780359170854,679.2807399999999,0.0,-0.0,2.453225782987732,-0.7785558756043867,0.0,0.0,-513.6389194128471,-10.800000000000068,-156.51649049453607,8592.450798595104,0.0,-2919.6183323037117,12.99162106482588,-25.729950262790666,0.0,0.0,-4760.607878614106,-49.9525,-849.5337584793206,2628.357160115504,0.0,-0.0,24.03393865631834,-47.59855933055167,0.0,0.0,-1044.7100922621105,-49.387398984501495,-1510.695048194659,3082.2868,0.0,-0.0,86.10688478918487,-170.5367061048106,0.0,0.0,2813.0418751551674,-20.26902363160756,-5790.629830207934,884.3860999999999,0.0,-0.0,29.311541001380427,-58.06244587503458,0.0,0.0,961.3927803526108,-24.172415158349416,-1792.8555603206075,16271.425240029286,0.0,-3732.782150246868,227.6183195014035,-168.59313653225337,0.0,0.0,882.1731928001177,-13.593972967080866,-13466.247492584607,52150.16909466294,0.0,-2626.868758835353,952.5575631171429,-1303.6680183751193,0.0,0.0,1555.0,-25.33575,-50701.85413056961
t105,12973.780944269154,0.0,-3134.646949747582,253.73601943345687,-335.80143123394953,0.0,0.0,314.7623163153694,-23.96,-10047.870899036448,1404.374,0.0,-240.0,19.334995392541202,-19.334995392541202,0.0,0.0,-158.1845237161072,-7.272901785966511,-998.9165744979263,232.99054999999998,0.0,-0.0,14.676319644618514,-14.676319644618514,0.0,0.0,527.7536888994518,-5.053355320587397,-755.6908835788643,1319.8400800000002,0.0,-0.0,28.991817443852455,-28.991817443852455,0.0,0.0,230.52216278616106,-51.96131469784091,-1498.4009280883201,741.2711641339545,0.0,-0.0,1.8307402718103902,-5.97067744664974,0.0,0.0,-561.8683204770404,-3.7926111632200223,-171.4702953188548,9677.32125712764,0.0,-2919.6183323037117,17.742248981572196,-17.742248981572196,0.0,0.0,-5792.679219710351,-38.7128346590119,-926.3108704545642,2744.5316686623714,0.0,-0.0,32.82209305141263,-32.82209305141263,0.0,0.0,-1054.4928231760528,-41.82670187552298,-1648.2121436107955,3287.7088,0.0,-0.0,117.59417451168846,-117.59417451168846,0.0,0.0,3025.633222378713,-9.984589633849753,-6303.357432744864,954.4660999999999,0.0,-0.0,40.034285871042094,-40.034285871042094,0.0,0.0,1031.3803038997385,-28.645750549742193,-1957.2006533499964,17693.08104905189,0.0,-3732.782150246868,314.59542192518245,-295.3876649067439,0.0,0.0,882.1731928001177,-13.593972967080866,-14848.085875656496,55180.11838477045,0.0,-0.0,1326.7247747917472,-1866.1231719340176,0.0,0.0,1555.0,-25.33575,-56170.38423762818
t106,13865.70072123105,0.0,-3134.646949747582,360.9980727066728,-360.9980727066728,0.0,0.0,508.3768712746798,-4.473716467217183,-11234.95692629093,1627.8098,0.0,-240.0,26.28404286889996,-26.28404286889996,0.0,0.0,-293.2589016519879,-6.908200965539632,-1087.6426973824725,248.97635000000002,0.0,-0.0,19.941709481464997,-19.941709481464997,0.0,0.0,578.7968897018399,-4.289506408776429,-823.4837332930632,1348.8629099999998,0.0,-0.0,39.40707575163681,-39.40707575163681,0.0,0.0,321.88565963225665,-38.75767190731973,-1631.9908977249368,812.8363641339545,0.0,-0.0,4.552113916389802,-4.552113916389802,0.0,0.0,-622.2123307581633,-4.199933232617602,-186.42410014317355,10109.719394112786,0.0,-2919.6183323037117,24.11283029974351,-24.11283029974351,0.0,0.0,-6147.16669753778,-34.86085508984584,-1008.0735091814472,2801.988856043563,0.0,-0.0,44.606837199354175,-44.606837199354175,0.0,0.0,-961.9011980893697,-44.39341201304835,-1795.6942459411446,3407.3037999999997,0.0,-0.0,159.81891148203312,-159.81891148203312,0.0,0.0,3460.100547831812,-11.418331807844979,-6855.986016023968,995.2660999999998,0.0,-0.0,54.415678218600725,-54.415678218600725,0.0,0.0,1152.4220678689337,-13.19402022056586,-2134.4941476483677,19742.85447128885,0.0,-3732.782150246868,435.06356920505164,-513.2965091926403,0.0,0.0,447.957091727779,-10.402484624199175,-16369.393988157974,60019.19696632556,0.0,-0.0,662.3874588232715,-0.0,0.0,0.0,1555.0,-25.33575,-62211.24867514883
t107,14365.362915027361,0.0,-3134.646949747582,413.6921763637765,-235.8353699702802,0.0,0.0,825.3776179733723,-7.263323038165677,-12226.687066608483,1828.6444000000001,0.0,-0.0,28.785064733480358,-28.785064733480358,0.0,0.0,-653.4865478860077,-6.76441367929222,-1168.3934384347,247.8479499999999,0.0,-0.0,21.827288986810334,-21.827288986810334,0.0,0.0,639.171373904268,-2.721416602878957,-884.2979073013887,1292.0852399999999,0.0,-0.0,43.15106277700056,-43.15106277700056,0.0,0.0,509.5264998488244,-48.991093422166536,-1752.620646426658,879.8431641339546,0.0,-0.0,4.983038736600074,-4.983038736600074,0.0,0.0,-674.9065602066885,-4.555619281395147,-200.38098464587102,10415.535209796617,0.0,-1949.4508699989651,26.39952342192037,-0.0,0.0,0.0,-7368.407683246072,-42.21687486779281,-1081.8593051057076,2835.2072680279302,0.0,-0.0,48.83646489823068,-48.83646489823068,0.0,0.0,-850.3623026451205,-54.6231260997926,-1930.2218392830173,3397.4548,0.0,-0.0,174.97636602181245,-174.97636602181245,0.0,0.0,3972.3974358766377,-13.108911538392903,-7356.743324338245,991.9060999999999,0.0,-0.0,59.58450872572079,-59.58450872572079,0.0,0.0,1320.976736957327,-17.031688880104607,-2295.851148077222,20871.641584499877,0.0,-3732.782150246868,485.91328687037515,-485.91328687037515,0.0,0.0,724.7134294234593,-12.436643706262425,-17851.136219970205,64436.03073685534,0.0,-0.0,1668.297048915092,-0.0,0.0,0.0,1555.0,-25.33575,-67633.99203577044
t108,14402.860976182126,0.0,-1830.0,363.3011072797467,-309.39148820653656,0.0,0.0,290.8288046065768,-19.127293480537876,-12898.47210638138,1817.7806500000006,0.0,-0.0,30.24377174140722,-30.24377174140722,0.0,0.0,-585.9804687444191,-6.582147265609931,-1225.2180339899714,239.6887499999999,0.0,-0.0,22.92066619440934,-22.92066619440934,0.0,0.0,690.582170558122,-3.1040053492250204,-927.1669152088969,1289.6941199999999,0.0,-0.0,45.33165904503865,-45.33165904503865,0.0,0.0,597.9720053741992,-50.3055728347627,-1837.360552539437,889.09094,0.0,-0.0,5.233185449542656,-5.233185449542656,0.0,0.0,-674.1899698414865,-4.550782296430033,-210.35018786208352,10553.481192016243,0.0,-1615.1291212729066,27.72909842727677,-10.426682410415673,0.0,0.0,-7775.828804606577,-45.11979348053788,-1134.705888673083,2824.605174322457,0.0,-0.0,51.29543223375481,-51.29543223375481,0.0,0.0,-746.0998646362896,-53.61590471812865,-2024.889404968039,3331.3258,0.0,-0.0,183.7902353531012,-183.7902353531012,0.0,0.0,4392.037402817224,-14.493723429296837,-7708.869479387927,969.3461,0.0,-0.0,62.59438657323011,-62.59438657323011,0.0,0.0,1465.2199378135865,-25.167370916058353,-2409.3986668975276,21097.79390681346,0.0,-2739.2946260371355,528.1545386761898,-528.1545386761898,0.0,0.0,790.4587866590637,-12.919872081944117,-19136.038195353445,70163.50708155753,0.0,-0.0,2070.246315326412,-1411.4,0.0,0.0,1555.0,-25.33575,-72352.01764688395
t109,14141.045908910934,0.0,-1561.4139829027476,510.16356937987155,-177.8568063934963,0.0,0.0,491.2987706511176,-28.33620042832847,-13374.901259217351,1821.2470000000003,0.0,-0.0,33.44905111710743,-33.44905111710743,0.0,0.0,-544.6967619459815,-6.470681257254149,-1270.0795567967646,242.3379499999999,0.0,-0.0,25.339227901755756,-25.339227901755756,0.0,0.0,722.0635636312559,-3.338173565259203,-961.0633400659963,1314.3292800000002,0.0,-0.0,50.130880725404076,-50.130880725404076,0.0,0.0,639.6744549158086,-49.848197558063085,-1904.1555373577455,889.7539400000001,0.0,-0.0,5.7858308457250835,-5.7858308457250835,0.0,0.0,-667.9168710072687,-4.508438879299064,-217.32863011343227,10466.520638810774,0.0,-878.7063750381243,30.661007501078952,-67.93556323721374,0.0,0.0,-8325.0,-49.9525,-1175.5872080365245,2821.8896392927218,0.0,-0.0,56.71859428197035,-56.71859428197035,0.0,0.0,-664.6292491275512,-57.63343334053576,-2099.626956824635,3352.4308,0.0,-0.0,203.22430654832212,-203.22430654832212,0.0,0.0,4647.09084630172,-15.335399792795675,-7984.186246508924,976.5460999999999,0.0,-0.0,69.22022653503286,-69.22022653503286,0.0,0.0,1546.821352649452,-23.32997686904877,-2500.0374757804025,21091.69718191078,0.0,-1490.0,598.9704881442965,-598.9704881442965,0.0,0.0,600.2938939314466,-11.522160120396133,-20190.46891572183,75971.5878954578,0.0,-0.0,2273.6905982635944,-3499.2,0.0,0.0,1555.0,-25.33575,-76275.74274372139
t110,14132.84108736444,0.0,-556.0175677617118,457.55992194459213,-623.7973236588134,0.0,0.0,240.0,-31.49,-13619.096117888508,1841.2304500000002,0.0,-0.0,34.20505302092131,-34.20505302092131,0.0,0.0,-539.7704447763433,-6.457380200896127,-1295.0026250227606,257.6013499999999,0.0,-0.0,25.911716244832718,-25.911716244832718,0.0,0.0,726.7716996730044,-3.3706361616552667,-981.0024135113489,1337.66793,0.0,-0.0,51.26381356047495,-51.26381356047495,0.0,0.0,655.085174116592,-49.71690395416032,-1943.0362001624324,893.25174,0.0,-0.0,5.916559127155058,-5.916559127155058,0.0,0.0,-666.4400380218143,-4.498470256647247,-222.3132317215385,10257.7600518884,0.0,-707.1860355592414,31.353853711461145,-7.457633596229388,0.0,0.0,-8325.0,-49.9525,-1199.5177364443928,2845.6035701015426,0.0,-0.0,58.00025276911241,-58.00025276911241,0.0,0.0,-640.7219034993968,-61.40867935497407,-2143.472987247171,3474.8397999999997,0.0,-0.0,207.81658693639577,-207.81658693639577,0.0,0.0,4680.4056099161235,-15.445338512723206,-8139.800071403401,1018.3060999999999,0.0,-0.0,70.78454901762598,-70.78454901762598,0.0,0.0,1560.6554618350806,-25.138419245059076,-2553.823142590021,21253.066204464747,0.0,-994.8374632650437,620.0005708222595,-620.0005708222595,0.0,0.0,754.0144407567545,-12.652006139562145,-20999.591175816895,79144.82856328128,0.0,-0.0,2032.310858188993,-3796.332279517363,0.0,0.0,1555.0,-25.33575,-78910.47139195292
t111,14092.602232015262,0.0,-229.36107340049148,519.9694538973569,-917.8052406362173,0.0,0.0,240.0,-31.49,-13673.91537187591,1831.0717000000002,0.0,-0.0,33.18098648966312,-33.18098648966312,0.0,0.0,-514.7254752584436,-6.389758783197798,-1309.9564659583584,250.1597499999999,0.0,-0.0,25.131767261323056,-25.131767261323056,0.0,0.0,744.3175212356149,-3.5053210015893614,-990.9719502340251,1665.4865600000003,0.0,-0.0,49.727017470424855,-49.727017470424855,0.0,0.0,350.0091901833284,-51.52380851067935,-1963.9719416726484,891.4609399999999,0.0,-0.0,5.738644941730816,-5.738644941730816,0.0,0.0,-662.6807724213747,-4.47309521384428,-224.307072364781,9906.58560253852,0.0,-288.8293927219859,30.412446583800666,-60.736050401679094,0.0,0.0,-8325.0,-49.9525,-1212.4801059986546,2829.389941825013,0.0,-0.0,56.25857995362424,-56.25857995362424,0.0,0.0,-597.2017206892083,-63.80271660310211,-2168.385504532703,3415.7457999999997,0.0,-0.0,201.57731216425066,-201.57731216425066,0.0,0.0,4823.764754652317,-15.918423690352643,-8223.592130961964,998.1460999999999,0.0,-0.0,68.6621741707639,-68.6621741707639,0.0,0.0,1612.133109235523,-25.57910977331344,-2584.700099462209,20953.162794151765,0.0,-0.0,615.3283094240406,-615.3283094240406,0.0,0.0,774.3833930622436,-12.801717939007489,-21714.744469275,78544.37725990584,0.0,-0.0,2329.9245167484128,-1760.5658184674535,0.0,0.0,1555.0,-25.33575,-80643.40020818681
t112,13767.403150743014,0.0,-1.2237971537619723,539.0201728718891,-539.0201728718891,0.0,0.0,-25.23291038801608,-29.15595038858546,-13711.79049281266,1823.9507568044805,0.0,-0.0,34.130291726862446,-27.81766436642659,0.0,0.0,-500.0,-6.35,-1323.9133841649164,222.96994999999993,0.0,-0.0,25.84882909405211,-0.0,0.0,0.0,757.715765091369,-3.5991498841840026,-1002.9353943012368,1592.51176,0.0,-0.0,51.14876365679296,-41.67982261613917,0.0,0.0,435.81646349910125,-50.89560121306004,-1986.9015633266945,885.1525399999997,0.0,-0.0,5.902462753914637,-0.0,0.0,0.0,-659.3068481989269,-4.450321225342757,-227.29783332964473,9332.828015553487,0.0,-0.0,31.38343298284726,-31.38343298284726,0.0,0.0,-8059.7670896119835,-47.61845038858546,-1225.4424755529164,3252.129461533825,0.0,-0.0,30.042718112076113,-0.0,0.0,0.0,-1024.6259946901432,-64.24816313752254,-2193.298021818235,3200.4748,0.0,-0.0,208.01331029857667,-0.0,0.0,0.0,4919.119271893418,-16.233093597248278,-8311.374288594747,924.7060999999999,0.0,-0.0,70.8555317193343,-70.8555317193343,0.0,0.0,1719.1081496050647,-27.241162403821853,-2616.5730872012423,20154.45365573598,228.68415287975836,-0.0,644.4863118150911,-0.0,0.0,0.0,1293.089304612524,-10.50245139521371,-22310.21097364814,80200.06544351071,0.0,-0.0,1370.9601499751725,-569.3586982809593,0.0,0.0,1144.0838881875936,-22.244228428132843,-82123.50655496439
t113,12881.402593908932,0.0,-0.0,582.6939050477577,-582.6939050477577,0.0,0.0,971.4790377601272,-16.501925248664712,-13836.379706420394,1810.3969456931247,0.0,-0.0,36.81412486546892,-0.0,0.0,0.0,-500.0,-6.35,-1340.8610705585936,188.2053499999999,0.0,-0.0,27.878483509185017,-0.0,0.0,0.0,803.6291972183183,-3.817238686787012,-1015.895792040716,1411.43618,0.0,-0.0,55.1694180894911,-0.0,0.0,0.0,591.6634240161225,-46.44395698104291,-2011.8250651245708,910.6409400000002,0.0,-0.0,6.366049926345974,-0.0,0.0,0.0,-682.1141252861561,-4.604270345681553,-230.2885942945085,8989.27245792405,0.0,-0.0,33.73916022798146,-0.0,0.0,0.0,-7735.628191837325,-45.987265156544495,-1241.396161158162,5435.409585215019,0.0,-0.0,62.412269500894475,-0.0,0.0,0.0,-3217.2392332188497,-57.38957893619108,-2223.1930425608734,2924.7028,0.0,-0.0,59.319000812334785,-39.10034495948636,0.0,0.0,5485.304288750208,-19.099004152875686,-8411.126740450181,830.6261,0.0,-0.0,76.17647846478063,-76.17647846478063,0.0,0.0,1845.7324097974374,-23.928311389782685,-2652.430198407654,19859.788031701355,1879.1637003295803,-0.0,697.3892627841254,-1128.820995884096,0.0,0.0,1482.1731928001177,-13.593972967080866,-22776.099218764004,79934.6735920232,0.0,-0.0,2592.956543931077,-0.0,0.0,0.0,955.0,-25.33575,-83457.29438595429
t114,12065.797692313876,201.2337429728101,-0.0,561.0714848121343,-108.89895719545557,0.0,0.0,1279.9400111569576,-18.240779854959552,-13980.903194205364,1647.8080475023955,0.0,-0.0,35.314993770056056,-78.44174599596083,0.0,0.0,-255.8139997882858,-7.009302200571628,-1341.8579932876335,178.43094999999988,0.0,-0.0,6.272687396762875,-60.0,0.0,0.0,897.2733889430101,-6.081234299056568,-1015.895792040716,1386.96996,0.0,-0.0,52.925532102058156,-117.56389123220305,0.0,0.0,725.7894265794018,-35.299022252771096,-2012.8220051964859,840.9685400000001,0.0,-0.0,1.4314873197393885,-13.700000000000001,0.0,0.0,-594.3992381675997,-4.0121948576312985,-230.2885942945085,8558.44392080309,0.0,-0.0,32.3688868398533,-66.10804706783476,0.0,0.0,-7238.841201350129,-44.467398066818156,-1241.396161158162,7013.981886926068,0.0,-0.0,59.877744798426015,-21.03937949069907,0.0,0.0,-4778.761705841187,-49.86900314031357,-2224.1895432522947,2848.7248,0.0,-0.0,214.54474588428928,-361.9,0.0,0.0,5726.6600993380425,-19.89547832781554,-8408.134166894517,804.7060999999999,0.0,-0.0,73.07869508321824,-0.0,0.0,0.0,1800.980026329673,-23.346530404701745,-2655.4182910081886,19028.832943191985,2099.5936916074916,-0.0,665.6894458367767,-331.3,0.0,0.0,1482.1731928001177,-13.593972967080866,-22931.395300469292,81532.21185151023,0.0,-0.0,2545.6738386148772,-1062.5271682118223,0.0,0.0,955.0,-25.33575,-83945.02277191328
t115,10398.959884853522,3134.646949747582,-0.0,654.107979678575,-452.17252761667874,0.0,0.0,456.25646803346956,-14.54295984532131,-14177.255794851151,1786.3807475023955,11.99168161670218,-0.0,35.87864596197775,-0.0,0.0,0.0,-500.0,-6.35,-1327.9010750810755,130.4103499999999,0.0,-0.0,27.179458811024674,-0.0,0.0,0.0,852.3852765707262,-4.048830063710949,-1005.9262553180397,1276.3988999999997,0.0,-0.0,61.15804246942825,-0.0,0.0,0.0,685.1776032291755,-30.848282012334202,-1991.8862636862698,897.0973400000001,0.0,-0.0,7.057946958195423,-0.0,0.0,0.0,-671.3290621375014,-4.531471169428134,-228.294753651266,5674.524760604259,0.0,-0.0,7.803583464151551,-0.0,0.0,0.0,-4426.989687868345,-26.904864596165865,-1228.4337916039,8804.336390911201,0.0,-0.0,69.19173732890495,-72.59885459867746,0.0,0.0,-6558.541034394346,-40.12171120605701,-2202.2665280410265,2466.0208,0.0,-0.0,196.19676788444818,-80.8767120357144,0.0,0.0,5762.015879370587,-20.01215240192294,-8323.344582817399,674.1460999999999,0.0,-0.0,84.44601808099354,-68.45416707416356,0.0,0.0,1963.8513643961155,-25.463857799565503,-2628.5254576033794,16697.72243105865,3732.782150246868,-0.0,770.3165730182935,-56.51041323598287,0.0,0.0,1482.1731928001177,-13.593972967080866,-22612.889960920867,79522.88872982972,0.0,-0.0,2893.260632191087,-0.0,0.0,0.0,955.0,-25.33575,-83345.81361202081
t116,10202.507691191451,2442.703942019322,-0.0,656.0933337856618,-0.0,0.0,0.0,828.8761836216643,-15.718319425247753,-14114.462831192854,1902.4124040470565,240.0,-0.0,40.74967613369259,-8.49723532763169,0.0,0.0,-861.3703698124248,-7.325699998493547,-1305.968775042199,125.63194999999989,0.0,-0.0,30.86554114945941,-51.55963297865878,0.0,0.0,887.515072052825,-3.474887334135448,-988.97804288949,1341.527066,0.0,-0.0,61.07045616469046,-12.745852991447531,0.0,0.0,596.4545222063355,-27.318950066505536,-1958.9872413130731,963.2169400000002,0.0,-0.0,7.04786009092382,-1.474010209895293,0.0,0.0,-739.492145533894,-4.9915719823537845,-224.307072364781,2677.9604807113265,2828.8787527758464,-0.0,37.35035909490146,-7.803583464151551,0.0,0.0,-4300.548228408315,-27.34609611226496,-1208.4916845973432,8609.94606704181,0.0,-0.0,69.09275852198286,-26.886235650925016,0.0,0.0,-6448.274725417223,-40.4748634200497,-2163.4030010755964,2429.4388,0.0,-0.0,247.5624935429059,-199.72571225961363,0.0,0.0,5732.314855069554,-19.91413902172953,-8189.676297331118,661.6660999999999,0.0,-0.0,76.9036248672087,-0.0,0.0,0.0,1867.3516434213602,-24.20936142689368,-2581.7120068616746,15922.538371910077,3719.1816825681344,-0.0,765.6761587724305,-0.0,0.0,0.0,1482.1731928001177,-13.593972967080866,-21875.975433083677,82157.49211749122,0.0,-0.0,2912.766936429511,-4910.6,0.0,0.0,955.0,-25.33575,-81089.32330392074
t117,10103.864001751554,2484.467859367581,-0.0,547.0809857913272,-255.84733409159566,0.0,0.0,1019.7261453994508,-18.05983489913841,-13881.231823319178,2104.5091040470556,240.0,-0.0,34.117036326380045,-59.6,0.0,0.0,-1011.3083691088825,-7.730532596593982,-1299.98723866796,125.6305499999999,0.0,-0.0,25.83824614274044,-0.0,0.0,0.0,835.444658355929,-2.920179970517454,-983.9932745281518,1628.038906,0.0,-0.0,51.12863740953697,-48.412189477980725,0.0,0.0,343.35366021527534,-24.094233480994106,-1950.0147806658376,981.5107475981364,0.0,-0.0,5.900069066400035,-0.0,0.0,0.0,-758.9775660505355,-5.1230985708411145,-223.31015204315975,2306.318708888889,2919.6183323037117,-0.0,31.268777702141186,-0.0,0.0,0.0,-4026.9169734359275,-26.782687613110586,-1203.5061578457041,8609.905357041811,0.0,-0.0,57.84254704095789,-101.0,0.0,0.0,-6375.2493024937685,-40.05360881045989,-2151.4449927785413,2429.4388,0.0,-0.0,207.25345731119899,-89.38700647893948,0.0,0.0,5639.034295748076,-19.60631317596865,-8166.733233404368,661.6660999999999,0.0,-0.0,70.5972769788781,-40.6,0.0,0.0,1897.7202585702653,-24.604153423829445,-2564.7794821253133,15875.062371910077,3732.782150246868,-0.0,639.5369299604112,-322.6889832755089,0.0,0.0,1482.1731928001177,-13.593972967080866,-21393.271688674882,72769.59287891357,3691.183465963151,-0.0,2433.939961923538,-1195.5971918399855,0.0,0.0,955.0,-25.33575,-78628.78336496027
t118,10124.495683303072,2586.1439724519223,-0.0,548.1012089385808,-0.0,0.0,0.0,736.6913023204578,-15.525686517532083,-13979.906480496502,1902.4124040470565,0.0,-0.0,29.99418014625804,-19.6,0.0,0.0,-594.2517929359495,-6.6044798409270635,-1311.9503114164381,125.6305499999999,0.0,-0.0,26.318512915869075,-6.485366981825297,0.0,0.0,851.3528716091416,-3.850709964624726,-992.9658575785604,1744.7236659999999,0.0,-0.0,52.06124745698058,-12.796630152057968,0.0,0.0,211.6532252343909,-27.68180657900509,-1967.9597019603086,1000.50986,0.0,-0.0,5.186755303166178,-10.603608314992304,0.0,0.0,-764.6277768083155,-5.161237493456129,-225.30399268640224,2283.526908888889,2919.6183323037117,-0.0,26.55734600861093,-7.8346715216681435,0.0,0.0,-3981.9374726210453,-25.45612635918765,-1214.4743166993103,8609.905357041811,0.0,-0.0,50.85043526322365,-33.3,0.0,0.0,-6417.379186894719,-39.698099494771434,-2170.3785059155457,2429.4388,0.0,-0.0,211.06024855987576,-0.0,0.0,0.0,5625.598120125252,-19.56197379641333,-8246.535194888715,661.6660999999999,0.0,-0.0,71.8860883790579,-20.001358301883183,0.0,0.0,1895.7275171706697,-24.5782477856347,-2584.700099462209,15870.15093993646,3265.2849783372167,-0.0,624.8181770697565,-188.6871116530968,0.0,0.0,1482.1731928001177,-13.593972967080866,-21040.14620352337,78327.73355382124,0.0,-0.0,2375.017759688298,-4253.809449089053,0.0,0.0,955.0,-25.33575,-77378.60611442049
t119,10279.192717409684,1830.0,-0.0,476.9731848372743,-235.44828412274921,0.0,0.0,1274.72649087656,-18.30855561860472,-13607.135553382164,1700.3157040470564,14.58244395635461,-0.0,29.62988146407863,-0.0,0.0,0.0,-500.0,-6.35,-1238.1780294674895,125.6305499999999,0.0,-0.0,22.454608842087154,-14.9,0.0,0.0,807.7882874548969,-3.83699436541076,-937.1364519315731,1635.326466,0.0,-0.0,44.41112365420953,-29.4,0.0,0.0,235.29270608093975,-28.330941757411118,-1857.299353977738,1000.50986,0.0,-0.0,5.126810615273643,-3.94830612569433,0.0,0.0,-784.05198508493,-5.292350899323278,-212.344028505326,2306.318708888889,2919.6183323037117,-0.0,27.16572575750169,-59.90753704148712,0.0,0.0,-4019.4528569871186,-27.071220044479865,-1146.6711528770172,8609.905357041811,0.0,-0.0,50.253222797187284,-0.0,0.0,0.0,-6578.260059978496,-36.08260037261638,-2045.8159194878856,2429.4388,0.0,-0.0,180.05625648588705,-116.873697492097,0.0,0.0,5320.590678227961,-18.55544923815227,-7794.6565879836,661.6660999999999,0.0,-0.0,61.32322818116394,-71.46913005423971,0.0,0.0,1806.1935466100704,-23.41430616834691,-2434.299438568647,15917.62693993646,2086.5695799611613,-0.0,519.8095207550342,-539.0308726010536,0.0,0.0,1482.1731928001177,-13.593972967080866,-19453.554387884637,69966.36731368056,0.0,-0.0,2013.3899528708107,-0.0,0.0,0.0,955.0,-25.33575,-72909.42151655137
t120,10184.987342542914,2343.492651513409,-0.0,306.3657593321138,-526.7259823842683,0.0,0.0,-61.69313319576675,-0.8020107315449677,-12245.624627076859,1731.8693665454912,213.38363442694367,-0.0,19.253771185807842,-9.545550486661458,0.0,0.0,-813.2673342218368,-7.195821802398959,-1134.4980656473454,125.6305499999999,0.0,-0.0,14.58725857432773,-0.0,0.0,0.0,720.9415777070566,-2.7822744589537534,-858.3771118224303,1519.349476,0.0,-0.0,28.856859655875652,-0.0,0.0,0.0,177.60654684013844,-24.036179737024092,-1701.7767027589903,933.31306,0.0,-0.0,3.3307124437853175,-1.6558607987065797,0.0,0.0,-735.6229937213163,-4.965455207618885,-194.39946271614355,2312.1524333333336,306.5070753469188,-0.0,12.993229068516339,-0.0,0.0,0.0,-1572.2317624217944,-8.471936081429826,-1050.9490392455443,8609.905357041811,0.0,-0.0,32.65008605343504,-24.83268745864845,0.0,0.0,-6713.66189467651,-32.63256247092554,-1871.4282984891618,2429.4388,0.0,-0.0,116.98570779263278,-392.76392024874883,0.0,0.0,5018.142630207515,-17.5573706796848,-7154.245847071715,661.6660999999999,0.0,-0.0,39.84541626328807,-0.0,0.0,0.0,1542.6131706823971,-19.987761281287163,-2224.136925664398,15870.15093993646,738.2433215729635,-0.0,336.2488847153095,-623.0840722907668,0.0,0.0,1182.1731928001177,-8.688972967080865,-17495.043293767,64056.16260584047,0.0,-0.0,1308.0815648333269,-0.0,0.0,0.0,1255.0,-20.43075,-66598.8134206738
t121,11628.400850067766,0.0,-0.0,191.25073340453946,-131.35504301307532,0.0,0.0,2960.0,-31.49,-14616.806540459233,1741.3178896653299,0.0,-0.0,12.08110213275646,-22.229121183257885,0.0,0.0,-468.07726885678824,-8.963808625913328,-1254.128793132127,123.6034999999999,0.0,-0.0,9.154343356821828,-16.869318915353162,0.0,0.0,836.4504077733757,-3.239036216059538,-949.0998959987847,1335.52401,0.0,-0.0,18.107356826968918,-0.0,0.0,0.0,553.2549614846586,-25.660412607928013,-1881.2259157036992,897.1424199999999,0.0,-0.0,2.090157899128169,-0.8358844711419106,0.0,0.0,-678.4821494490155,-4.579754508780855,-215.33478947018975,3790.7584828567674,0.0,-0.0,11.075633375736732,-0.0,0.0,0.0,-2620.412075477893,-19.7943076226762,-1161.6277331319347,8948.92285704181,0.0,-0.0,20.488492107896377,-14.240378395018865,0.0,0.0,-6834.680052850117,-48.76598043973228,-2071.724937464839,2429.4388,0.0,-0.0,73.4101725826938,-275.77925779517864,0.0,0.0,5691.606553713784,-19.279606069494392,-7899.396662431805,661.6660999999999,0.0,-0.0,25.002674404449316,-18.657895432535284,0.0,0.0,1815.3396236619951,-20.16616892676192,-2463.184333707146,16736.91174117175,0.0,-0.0,208.25973270110944,-75.59828386105943,0.0,0.0,300.0,-4.905,-17164.668190011802,66844.73412449082,0.0,-0.0,774.1989663962956,-3889.0612370228887,0.0,0.0,-1555.0,-25.33575,-62149.53610386423
t122,10350.246774602849,0.0,-0.0,75.2134967283986,-0.0,0.0,0.0,2960.0,-31.49,-13353.97027133125,1868.3314386169268,0.0,-0.0,4.885331642436057,-0.0,0.0,0.0,-677.3498780312609,-9.528844670684403,-1186.3380475574174,123.6034999999999,0.0,-0.0,3.7017667455242043,-0.0,0.0,0.0,776.0350819198252,-5.085089952213725,-898.2552587131355,1256.615325,0.0,-0.0,7.322193217084898,-0.0,0.0,0.0,543.5806523011563,-27.980142149877366,-1779.5380283683642,829.9456199999998,0.0,-0.0,0.8452048627733045,-0.0,0.0,0.0,-623.2123955818608,-4.2066836701775605,-203.37174561073476,2849.7225826514946,0.0,-0.0,4.4787110946133915,-3.2698141732262256,0.0,0.0,-1736.2811039789908,-14.843174182282349,-1099.8072014116085,8948.92285704181,0.0,-0.0,8.285035100377856,-0.0,0.0,0.0,-6955.6552020523,-43.428831447075396,-1958.123858642813,2429.4388,0.0,-0.0,29.685256190164896,-221.30092700254724,0.0,0.0,5264.975276456444,-17.374418412306262,-7485.423987231755,661.6660999999999,0.0,-0.0,10.110494586151681,-29.097313816257778,0.0,0.0,1702.907568966988,-19.8547756543163,-2325.7320740825658,15714.382885936287,0.0,-0.0,83.94408441420163,-0.0,0.0,0.0,300.0,-4.905,-16093.421970350488,59681.79844705461,0.0,-0.0,333.37476109746916,-0.0,0.0,0.0,-1555.0,-25.33575,-58434.83745815207
t123,9695.827698607303,0.0,-0.0,52.1513972063554,-184.6761826479219,0.0,0.0,2960.0,-31.49,-12491.812913165739,1666.2347386169267,0.0,-0.0,3.4339998667820133,-31.51396762647448,0.0,0.0,-488.65579818056244,-9.019370655087519,-1140.4796020215845,123.6034999999999,0.0,-0.0,2.6003827543011186,-23.859414393175562,0.0,0.0,764.7503334352707,-3.732921612627654,-863.3618801837684,1227.802795,0.0,-0.0,5.146119995497773,-47.22404958852965,0.0,0.0,550.9036238054256,-25.879325806168147,-1710.7491634062258,829.05506,0.0,-0.0,0.5938016852819883,-5.448522237807626,0.0,0.0,-624.5879874941241,-4.215968915585338,-195.3963830377648,2443.4623642746296,135.04774799460608,-0.0,3.1471005489107,-0.0,0.0,0.0,-1510.1920111268255,-14.533530343809531,-1056.9316713475114,8948.92285704181,0.0,-0.0,5.821648035017271,-53.42002591436483,0.0,0.0,-6981.306792335899,-39.62088211461004,-1880.3968047119533,2429.4388,0.0,-0.0,20.859421703593476,-191.40940114270308,0.0,0.0,4957.6032450730645,-16.36009070874111,-7200.131974925214,661.6660999999999,0.0,-0.0,7.105617173844498,-65.20523003155388,0.0,0.0,1648.243876170199,-19.70519071333291,-2232.1051725991565,15687.013457260999,0.0,-0.0,60.232236730394135,-576.8698997185107,0.0,0.0,278.24151065345194,-5.0649248966971285,-15443.552380029636,58062.50396296044,0.0,-0.0,209.2267670729167,-554.853120206406,0.0,0.0,-1555.0,-25.33575,-56136.541859826946
t124,9574.812189402419,0.0,-0.0,36.215559397039534,-622.8286456470167,0.0,0.0,2960.0,-31.49,-11916.709103152443,1621.6727,0.0,-0.0,2.4247964528797357,-23.571947820358172,0.0,0.0,-482.9435264188812,-9.003947521330979,-1108.5780746923094,123.6034999999999,0.0,-0.0,1.836034453025978,-17.842142410361244,0.0,0.0,735.6661152311534,-3.828515224472687,-839.4349920493453,1184.3619099999999,0.0,-0.0,3.6336850746970812,-35.32076410111921,0.0,0.0,537.1153478121869,-25.897198759546463,-1663.8929800262183,829.05506,0.0,-0.0,0.41926708901326204,-4.0746032962061545,0.0,0.0,-631.7207476382118,-4.264115046557929,-189.4148611080373,2238.5433800000005,0.0,-0.0,2.222126662744932,-21.59765813009238,0.0,0.0,-1173.9234403681808,-16.231686626140643,-1029.0127215383318,8609.265357041812,0.0,-0.0,4.110583365615872,-39.95195177772908,0.0,0.0,-6710.165839477746,-35.675881085324605,-1827.5822680666256,2429.4388,0.0,-0.0,14.728580622493608,-143.1531487201987,0.0,0.0,4724.180355151039,-15.58979517199843,-7009.604791881336,661.6660999999999,0.0,-0.0,5.01727755941549,-48.769215638799274,0.0,0.0,1569.6646266113846,-20.215622277755163,-2167.3631662542457,15687.013457260999,0.0,-0.0,42.60755004166639,-726.6726029453795,0.0,0.0,27.127109097255698,-6.910615748135171,-15023.164897706405,58068.76056451342,0.0,-0.0,146.7682659799093,-2089.242977324465,0.0,0.0,-1555.0,-25.33575,-54545.95010316885
t125,9689.986134929242,0.0,-928.6278170008059,8.521804839603455,-183.3566442869287,0.0,0.0,2960.0,-31.49,-11515.033478481113,1622.1367,0.0,-0.0,0.5887576654098037,-25.1861867638138,0.0,0.0,-496.2475508516828,-8.664409022241493,-1092.6273110276718,123.9554999999999,0.0,-0.0,0.4461768204495353,-19.061674070267664,0.0,0.0,725.9238167930636,-3.792271561111591,-827.4715479821338,1222.06217,0.0,-0.0,0.8824643526785491,-37.738462228966284,0.0,0.0,481.03129098386603,-26.271044807321474,-1639.9664183002571,829.1350600000001,0.0,-0.0,0.10187080393257877,-4.295427229434751,0.0,0.0,-633.2460721228736,-4.2744109868293965,-187.4210204647948,2238.9673800000005,0.0,-0.0,0.5397904764215274,-23.07519228297614,0.0,0.0,-1186.2061781094844,-16.16965880054711,-1014.0561412834143,8610.051357041812,0.0,-0.0,0.99854516683621,-34.486894700490794,0.0,0.0,-6740.279494609893,-36.603264191434725,-1799.6802487068298,2432.2527999999998,0.0,-0.0,3.577768158217782,-101.20819994371232,0.0,0.0,4596.383183428035,-15.168064505312515,-6915.837487137228,662.6261,0.0,-0.0,1.2185132212349192,-34.479817546891354,0.0,0.0,1523.2605262384454,-19.127205131265704,-2133.498116781523,15705.604457260999,0.0,-1030.952714199363,10.07611403730896,-143.60674564922238,0.0,0.0,300.0,-4.905,-14836.216111449721,56725.26976260627,0.0,-0.0,46.836084224995446,-1527.5185536003794,0.0,0.0,-1530.6195217494774,-25.02611792621836,-53688.94165355519
t126,9928.389011091354,0.0,-1570.92996467992,33.708545132751375,-0.0,0.0,0.0,2960.0,-31.49,-11319.677591544187,1617.8807000000002,0.0,-0.0,2.4137242252984503,-0.0,0.0,0.0,-528.6517629158716,-3.999963926954375,-1087.6426973824725,127.8274999999999,0.0,-0.0,1.830652485739838,-0.0,0.0,0.0,695.7039815575288,-1.8784007502053282,-823.4837332930632,1160.7391499999999,0.0,-0.0,3.618534812544585,-0.0,0.0,0.0,491.25006052228866,-23.616847609896638,-1631.9908977249368,830.05606,0.0,-0.0,0.41791177413016556,-0.0,0.0,0.0,-639.7316827722439,-4.318188858712646,-186.42410014317355,2243.6313800000007,0.0,-0.0,2.213922233914823,-0.0,0.0,0.0,-1220.7796248074178,-15.99506289472254,-1009.070614531775,8618.697357041812,0.0,-0.0,4.095550980202113,-8.198129231339635,0.0,0.0,-6789.215012079854,-34.668024226782045,-1790.7117424840383,2463.2068,0.0,-0.0,14.673863272929514,-51.73857086792225,0.0,0.0,4472.533972246895,-14.759362108414752,-6883.916702543489,673.1860999999999,0.0,-0.0,4.996633498199076,-17.627426880394523,0.0,0.0,1480.9422868903316,-18.95581626190584,-2122.54177724623,15773.771457260998,0.0,-1258.2317152435116,40.41857469070251,-0.0,0.0,0.0,300.0,-4.905,-14851.053316708189,54922.690993316755,0.0,-0.0,145.65711520095533,-80.50653617737416,0.0,0.0,-1222.0522186416572,-21.10731317674905,-53744.68204052193
t127,12645.438509641626,0.0,-3134.646949747582,77.70387592656596,-189.80053617803136,0.0,0.0,1790.9421000545976,-16.476323355685203,-11173.160676341493,1453.3462000000002,0.0,-0.0,5.755802186368723,-4.838505025752899,0.0,0.0,-369.610542230281,-0.9979484640217589,-1083.6550064663131,175.7648999999999,0.0,-0.0,4.367006143181123,-9.631273399596914,0.0,0.0,652.333120242255,-2.3408807095786353,-820.4928722762603,1144.44572,0.0,-0.0,8.629582393020142,-19.06936290074642,0.0,0.0,497.27987346783686,-6.273495738579127,-1625.0123172215315,773.7996599999998,0.0,-0.0,0.9968575865307812,-2.166935963631832,0.0,0.0,-583.2653606171805,-3.937041184165968,-185.4271798215523,5890.23300188163,0.0,-786.3549690288592,5.280390201539152,-11.659663496852723,0.0,0.0,-4064.642772302077,-27.773794124917185,-1005.0821931304637,6317.541510939539,0.0,-0.0,9.768309784194138,-6.181967311197552,0.0,0.0,-4497.735941556855,-38.659173520168785,-1784.7327383355107,2844.5038,0.0,-0.0,34.99821437594773,-104.61668638961119,0.0,0.0,4086.606292654956,-13.485800765761356,-6848.005819875532,803.2660999999999,0.0,-0.0,11.916257421497733,-16.03029575903058,0.0,0.0,1335.9584982458566,-18.54496786316188,-2116.565592045162,17589.846197458293,0.0,-3732.782150246868,95.9572472825143,-132.87175958179316,0.0,0.0,1152.1347320408915,-8.468190280500552,-14963.816076672538,53905.596550300834,0.0,-0.0,364.3868586610539,-199.81732311630503,0.0,0.0,-0.0,-0.0,-54070.16608584559
t128,12818.13927494464,0.0,-3134.646949747582,174.67625751512435,-234.63186869102339,0.0,0.0,1916.526163777391,-18.05240335540626,-11522.010474443146,1286.59195,0.0,-0.0,13.341234124772356,-2.9083635864472512,0.0,0.0,-173.02573542477137,-0.4671694856468827,-1123.531915627907,202.5494999999999,0.0,-0.0,10.128210478161412,-3.413900845771036,0.0,0.0,644.8429276328015,-2.7083011486350266,-851.3984361165568,1168.57895,0.0,-0.0,20.005197680120677,-6.736153346689156,0.0,0.0,512.2406210418397,-8.262953766921768,-1685.8256616083495,814.1594381004656,0.0,-0.0,2.311715784221343,-0.8694285681517154,0.0,0.0,-619.0177335422243,-4.178369701410014,-192.40562207290102,7971.976944774224,0.0,-2919.6183323037117,12.243191921433828,-4.124175518381117,0.0,0.0,-3992.223960993574,-27.275682137724807,-1040.977985742266,5465.914615746002,0.0,-0.0,22.6492397039488,-12.558327431004606,0.0,0.0,-3585.7366114090564,-33.78812849204741,-1856.4807881178426,3056.9608,0.0,-0.0,81.14670783092305,-24.079041969992005,0.0,0.0,3982.5355075684006,-13.142367174975721,-7083.421606254356,875.7461,0.0,-0.0,22.920607805307753,-0.0,0.0,0.0,1313.8588213491932,-5.321128226464232,-2207.2044009280366,19145.521076696357,0.0,-3549.54604026939,220.17059522635844,-18.478619454943555,0.0,0.0,0.0,-0.0,-15797.66701219838,55985.72403006039,0.0,-0.0,867.1642716863159,-223.64123569587238,0.0,0.0,-0.0,-0.0,-56629.247066050826
t129,13157.922748055526,0.0,-3134.646949747582,225.56790391150088,-225.56790391150088,0.0,0.0,2641.405589008739,-27.348272657113604,-12637.333114659572,1200.0921685575456,0.0,-0.0,16.593327124592015,-16.390529918162088,0.0,0.0,0.0,-0.0,-1200.2949657639754,209.51589999999987,0.0,-0.0,12.588477059668342,-0.0,0.0,0.0,689.3950448391297,-3.274626462985866,-908.2247954358119,1182.69092,0.0,-0.0,24.877578339169357,-0.0,0.0,0.0,603.6321358678251,-10.726864328413871,-1800.4737698785802,748.7726381004657,0.0,-0.0,2.873621345966888,-0.0,0.0,0.0,-542.6180016811077,-3.662671511347477,-205.36558625397728,8268.912256148387,0.0,-1752.9183323037116,15.222051135861406,-0.0,0.0,0.0,-5384.582572010202,-34.86093735479292,-1111.7724656155426,6086.53211360119,0.0,-0.0,24.505225022712608,-6.295608216386608,0.0,0.0,-4073.1093236889355,-47.59953009881546,-1984.0328766197663,3110.4267999999997,0.0,-0.0,87.79933538917932,-0.0,0.0,0.0,4368.447872565181,-14.415877979465222,-7552.258129974895,893.9860999999999,0.0,-0.0,34.35238678309699,-76.87488065426354,0.0,0.0,1524.7989349223524,-15.669386629052536,-2360.593154422133,20129.073411506037,0.0,-2774.461535882429,280.4175949001343,-646.6685029218111,0.0,0.0,172.63032017701858,-1.2688328533010864,-17159.722454925646,61718.844559767065,0.0,-0.0,1020.2559395573451,-873.2431505587736,0.0,0.0,-0.0,-0.0,-61865.85734876563
t130,13204.660404872839,0.0,-2314.4064219889556,344.53782004320067,-0.0,0.0,0.0,2960.0,-31.49,-14163.301802927084,1364.7276274579842,0.0,-0.0,12.51420292223584,-0.0,0.0,0.0,-88.97742541212547,-0.2402390486127388,-1288.0241659194817,193.3504999999999,0.0,-0.0,18.92391401972356,-14.117987042640095,0.0,0.0,780.3887071374678,-3.5244426368081143,-975.0206914777431,1166.7030499999998,0.0,-0.0,37.40607703874109,-27.85696772171938,0.0,0.0,767.2409909828531,-11.423290928508044,-1932.0698593713669,678.1082381004657,0.0,-0.0,4.320069380305657,-3.4,0.0,0.0,-454.64315478604817,-3.068841294805825,-221.31631139991725,8923.424102070001,0.0,-2919.6183323037117,22.8860104384476,-17.05528636023635,0.0,0.0,-4785.730608459884,-31.367886392518166,-1192.5379989920978,8472.767367207754,0.0,-0.0,42.33698653424389,-33.3,0.0,0.0,-6302.657214794558,-47.63215999732265,-2131.5149789501156,2979.5758,0.0,-0.0,151.68836788532965,-241.40548183187855,0.0,0.0,5221.285475045546,-18.22774206765,-8092.916419031347,849.3461,0.0,-0.0,51.65194871657738,-51.65194871657738,0.0,0.0,1711.3228693230938,-21.78628973574419,-2538.8826795873492,20415.12943885268,0.0,-1942.5935554114146,434.1212059309738,-434.1212059309738,0.0,0.0,491.77036096365447,-6.314512153082861,-18957.99173225184,67487.42933288909,0.0,-0.0,742.1140063507673,-0.0,0.0,0.0,-300.0,-4.905,-67924.63833923989
t131,13036.52506532633,0.0,-0.0,353.3778311639211,-697.9156512071218,0.0,0.0,2960.0,-31.49,-15620.49724528313,1561.3956774579842,0.0,-0.0,28.059162956086254,-19.6,0.0,0.0,-190.59609669089733,-0.5146094610654228,-1378.7441342621078,189.12569999999988,0.0,-0.0,21.269499176349825,-0.0,0.0,0.0,837.0003252345077,-3.585029546647572,-1043.8104948642097,1151.03232,0.0,-0.0,42.059348743216916,-0.0,0.0,0.0,886.2353755830211,-11.67333517442405,-2067.6537091518135,744.4830381004656,0.0,-0.0,4.8560074897835985,-1.9448632798797219,0.0,0.0,-507.69711058965333,-3.42695549648016,-236.27011622423598,9576.7147466171,0.0,-2408.3522184291082,25.729024845380795,-0.0,0.0,0.0,-5880.310683159485,-37.486021454247776,-1276.2948484196365,8136.683952630226,0.0,-0.0,29.195334394579465,-33.3,0.0,0.0,-5794.086869498953,-55.509333479702434,-2282.98308404615,2944.4008,0.0,-0.0,170.53311810865338,-225.68300541221487,0.0,0.0,5786.361828834712,-20.09249403515507,-8655.520247495993,837.3461,0.0,-0.0,58.07635860903052,-58.07635860903052,0.0,0.0,1905.1985104788628,-20.392251392073373,-2722.152359086789,20646.351908612967,0.0,-44.584562621044505,503.27505196738133,-503.27505196738133,0.0,0.0,297.8947198078854,-4.920473809412043,-20894.741591990394,75823.75127154335,0.0,-0.0,1864.6670982179687,-3627.037044126081,0.0,0.0,-300.0,-4.905,-73756.47632563525
t132,13827.770277793468,0.0,-0.0,482.3503624456148,-327.38914197984064,0.0,0.0,2960.0,-31.49,-16911.241498259245,1456.8906500000005,0.0,-0.0,31.637840003005792,-23.052078314431768,0.0,0.0,0.0,-0.0,-1465.4764116885744,178.0200999999999,0.0,-0.0,23.97109512170348,-9.305090272126922,0.0,0.0,921.2995050332046,-4.376172648907722,-1109.6094372338732,1153.2845100000002,0.0,-0.0,47.41827099324893,-18.360379463122918,0.0,0.0,1030.9257105307743,-15.015253488215517,-2198.252858572685,707.8746600000001,0.0,-0.0,5.473272424726813,-0.0,0.0,0.0,-459.02558865276586,-3.0984227234061694,-251.22392104855473,9254.60319743584,0.0,-1307.0219041567061,29.00331684473707,-11.241048650891578,0.0,0.0,-6568.199626911213,-41.08065811590163,-1356.0632764458637,8231.340456988473,0.0,-0.0,53.65228726163761,-44.959655232447666,0.0,0.0,-5755.221603501161,-57.33580121426889,-2427.4756843022355,2902.731760525304,0.0,-0.0,192.23651963469024,-192.23651963469024,0.0,0.0,6317.128373214412,-20.68902363160756,-9199.171110108107,806.6261,0.0,-0.0,65.47504298853238,-0.0,0.0,0.0,2047.3703009815172,-24.00971405226788,-2895.461729917781,22074.109673029856,0.0,-0.0,577.3968901950209,-0.0,0.0,0.0,-194.2770706947689,-8.537936469606551,-22448.6915560605,79521.94852027,0.0,-0.0,2062.35084258437,-2062.35084258437,0.0,0.0,-300.0,-4.905,-79217.04352027
t133,14169.76572759459,415.2484427386081,-0.0,576.6365649730369,-128.38298790658885,0.0,0.0,2960.0,-31.49,-17961.777747399647,1664.0966000000008,0.0,-0.0,36.63778183596926,-0.0,0.0,0.0,-171.19560271946665,-7.23777187265744,-1522.3010072438458,181.91109999999992,0.0,-0.0,26.15972940300399,-11.01277424889956,0.0,0.0,962.441580253219,-7.021190265942763,-1152.4784451413814,1259.44427,0.0,-0.0,54.90804411099435,-118.69999999999999,0.0,0.0,1124.422119781552,-37.08166920708154,-2282.9927646854644,775.94846,0.0,-0.0,5.651960782307965,-13.700000000000001,0.0,0.0,-503.3099543258413,-3.397342191699429,-261.1931242647672,9333.637504722112,0.0,-133.81854636753272,33.581442697618115,-36.11934477772388,0.0,0.0,-7742.358142989463,-47.01015862209679,-1407.9127546629115,8300.36411120284,0.0,-0.0,62.12080612629755,-27.784262626452048,0.0,0.0,-5755.221603501161,-57.33580121426889,-2522.143249987257,3181.1374,0.0,-0.0,222.58168634034837,-155.84384239524388,0.0,0.0,6317.128373214412,-20.68902363160756,-9544.31459352791,817.1860999999999,0.0,-0.0,75.81613164985706,-0.0,0.0,0.0,2140.7027244530136,-24.69570736478338,-3009.009248738086,24605.229528501215,0.0,-0.0,678.547501655274,-1127.7284035760115,0.0,0.0,-287.6094941662652,-9.223929782122049,-23859.21520263209,80020.99190033521,0.0,-0.0,2277.7045034342327,-0.0,0.0,0.0,955.0,-25.33575,-83228.36065376946
t134,13831.513439782231,1171.7143231008458,-0.0,580.2259518083195,-0.0,0.0,0.0,2960.0,-31.49,-18511.963714691396,1772.5616711859282,0.0,-0.0,35.23683004969838,-0.0,0.0,0.0,-269.5741110640496,-5.954155637332707,-1532.270234534244,180.8280999999999,0.0,-0.0,4.059237528192421,-47.84068330765492,0.0,0.0,1029.521850711932,-6.114430412946848,-1160.4540745195225,1249.12255,0.0,-0.0,8.386999229995164,-70.14416895064417,0.0,0.0,1147.9364598581337,-36.358034301378886,-2298.943805836105,842.75486,0.0,-0.0,6.093224098904521,-12.535008026337065,0.0,0.0,-569.2834478912915,-3.8426632732662176,-263.1869649080097,9100.823936298817,0.0,-0.0,32.2933563592573,-66.43239543354916,0.0,0.0,-7602.497228056649,-46.30386100168608,-1417.88380816619,8303.39599300412,0.0,-0.0,59.73773518790962,-9.499560352341462,0.0,0.0,-5755.221603501161,-57.33580121426889,-2541.076763124261,3172.6954,0.0,-0.0,214.04479582674912,-77.0184317312769,0.0,0.0,6317.128373214412,-20.68902363160756,-9606.161113678278,814.3060999999999,0.0,-0.0,72.9124124688319,-18.018092105250016,0.0,0.0,2188.7625160115185,-25.048946832738388,-3032.913989542361,24901.015939658817,0.0,-0.0,95.7524787502536,-0.0,0.0,0.0,-335.66928572477013,-9.577169250077059,-24651.521963434225,85695.2393245759,0.0,-0.0,2325.7346293070477,-2589.301530027843,0.0,0.0,888.8964764419247,-24.496235250812447,-86296.07266504622
t135,15198.731499300919,0.0,-0.0,578.7936902398587,-116.32780555815512,0.0,0.0,2960.0,-31.49,-18589.707383982623,1550.4788351571112,0.0,-0.0,34.76362426359825,-40.01222940894729,0.0,0.0,0.0,-0.0,-1545.2302300117622,148.9356999999999,0.0,-0.0,26.321793665604826,-16.04542158108636,0.0,0.0,1016.0377183196994,-4.826179162018572,-1170.4236112421988,1227.24902,0.0,-0.0,49.196903165513866,-0.0,0.0,0.0,1075.7216767622522,-34.28193272527382,-2317.8856672024913,851.8230407580065,0.0,-0.0,5.6765096095255245,-0.7828734848055197,0.0,0.0,-587.5697753478762,-3.9660959835981644,-265.1808055512522,8834.877706533514,0.0,-0.0,31.85741213133767,-58.74462433132334,0.0,0.0,-7334.189619734076,-44.94890757965708,-1428.8519670197961,8375.557183050958,0.0,-0.0,7.667555012948178,-7.667555012948178,0.0,0.0,-5755.221603501161,-57.33580121426889,-2562.9997783355293,3198.815843131106,0.0,-0.0,211.1556912532974,-27.430480434462865,0.0,0.0,6317.128373214412,-20.68902363160756,-9678.980403532745,727.4260999999999,0.0,-0.0,71.9306050834922,-27.439061436462186,0.0,0.0,2314.8609807152957,-25.975770548311154,-3060.8028538140147,25263.69115536258,0.0,-0.0,672.8082756640692,-128.21598827428332,0.0,0.0,-461.7677504285475,-10.503992965649825,-25336.01169935817,85562.23336729742,0.0,-0.0,2307.4650707104374,-0.0,0.0,0.0,455.0,-18.98575,-88305.71268800786
t136,14739.599741307431,1593.0901534992702,-0.0,418.5448482621312,-1067.1129437823865,0.0,0.0,2960.0,-31.49,-18612.631799286446,1609.8148436569613,0.0,-0.0,4.992908747264958,-64.59290874726496,0.0,0.0,0.0,-0.0,-1550.2148436569614,170.9704999999999,0.0,-0.0,3.7956296088901977,-48.8956296088902,0.0,0.0,1052.5435541411723,-4.99958188217056,-1173.4144722590017,1286.6075999999998,0.0,-0.0,54.362013029878355,-103.55891619539221,0.0,0.0,1109.778825949188,-22.32527507777821,-2324.8642477058966,824.0092792419936,0.0,-0.0,6.272480698785142,-11.166116823505146,0.0,0.0,-549.2306106226969,-3.7073066217032036,-266.17772587287345,8408.902117142523,0.0,-0.0,4.585324359733124,-17.808431180082604,0.0,0.0,-6918.989370231071,-42.85214631966691,-1433.8374937714352,8432.511829914209,0.0,-0.0,61.49670942504798,-109.48285006550628,0.0,0.0,-5755.221603501161,-57.33580121426889,-2571.968284558321,3278.026669686038,0.0,-0.0,220.3480921054229,-91.89311939621481,0.0,0.0,6317.128373214412,-20.68902363160756,-9702.92099197805,787.9060999999999,0.0,-0.0,75.06135342799148,-49.447507807165465,0.0,0.0,2285.9949144232364,-25.763604961064598,-3073.751255082997,25896.761757845197,0.0,-0.0,697.4968018927128,-720.0952352106647,0.0,0.0,-432.90168413648826,-10.29182737840327,-25430.969813012358,88565.18458703537,0.0,-0.0,2424.0141935343686,-1222.6117834852532,0.0,0.0,-69.10239923659321,-9.211240254237538,-89688.27335759366
t137,15121.91039895691,0.0,-0.0,658.4481177509417,-72.3155884087227,0.0,0.0,2960.0,-31.49,-18636.55292829913,1645.65925,0.0,-0.0,4.750221476131992,-64.35022147613199,0.0,0.0,-36.74212533367753,-0.09920373840092933,-1549.2179209279216,168.13249999999988,0.0,-0.0,29.514116313132597,-25.902978558317972,0.0,0.0,1006.3757981886492,-4.704963684462045,-1173.4144722590017,1243.22429,0.0,-0.0,58.414378450512714,-51.28904623631473,0.0,0.0,1089.5000494427304,-15.982364022946925,-2323.8673076339815,839.5810599999999,0.0,-0.0,5.761451780267766,-0.0,0.0,0.0,-575.2816348720082,-3.8831510353860557,-266.17772587287345,7856.729021692923,0.0,-0.0,30.535640895666145,-0.0,0.0,0.0,-6415.192420610474,-40.22895890733453,-1431.8432830707795,8570.371974274314,0.0,-0.0,66.07941702514319,-109.07052934465283,0.0,0.0,-5898.881270316379,-56.531307080103666,-2571.968284558321,3548.5557397412126,0.0,-0.0,236.76894629375556,-390.8133378623748,0.0,0.0,6317.128373214412,-20.68902363160756,-9690.950697755397,780.7060999999999,0.0,-0.0,9.83974448627341,-152.83062875610077,0.0,0.0,2464.1047827126613,-27.07271249299179,-3074.7472859498416,25504.911008372954,0.0,-0.0,746.9540898551801,-164.65179929367878,0.0,0.0,-611.0115524259132,-11.600934910330462,-25464.600811598215,92184.79830545816,0.0,-0.0,2616.1854454550794,-3889.0843724213446,0.0,0.0,-300.0,-4.905,-90606.99437849192
t138,13803.77265058044,1304.6469497475819,-0.0,619.0726419975745,-80.24885026704288,0.0,0.0,2960.0,-31.49,-18575.753392058556,1603.4266000000011,0.0,-0.0,36.42325556081664,-36.42325556081664,0.0,0.0,-53.068471470070314,-0.14328487296918985,-1550.2148436569614,129.1336999999999,0.0,-0.0,27.580729942027276,-31.1918676968419,0.0,0.0,1053.7855547044162,-4.896691018332333,-1174.4114259312694,1171.03145,0.0,-0.0,54.58281959141041,-61.708151805608395,0.0,0.0,1178.6575886350715,-16.702518643061246,-2325.8611877778117,830.54946,0.0,-0.0,6.298131857560513,-12.059583637828279,0.0,0.0,-554.8649439750271,-3.745338371831433,-266.17772587287345,7701.789266561239,0.0,-0.0,33.379801892836504,-63.91544278850265,0.0,0.0,-6199.469687345671,-38.94354989879385,-1432.8403884211075,8944.290486819473,0.0,-0.0,51.624061355686706,-110.16303981407708,0.0,0.0,-6255.261644049879,-54.53557698719606,-2575.954287324006,3173.2652907523366,0.0,-0.0,221.24605742025645,-0.0,0.0,0.0,6317.128373214412,-20.68902363160756,-9690.950697755397,675.1061,0.0,-0.0,11.171754247793677,-134.47175424779368,0.0,0.0,2556.670441234035,-27.753070083123887,-3080.7234711509104,24236.262359029875,1171.9298785843457,-0.0,690.1678750015565,-0.0,0.0,0.0,-703.5772109472869,-12.281292500462557,-25382.50160916803,87854.73447363316,0.0,-0.0,2486.8213025026216,-0.0,0.0,0.0,-300.0,-4.905,-90036.6507761358
t139,13600.301762980629,1928.3902432027378,-0.0,287.45129894822236,-77.20225185773967,0.0,0.0,2960.0,-31.49,-18667.45105327385,1741.7525896653299,0.0,-0.0,43.55124386447524,-43.55124386447524,0.0,0.0,-192.2908652335966,-8.21918533613071,-1541.2425390956028,123.8704999999999,0.0,-0.0,32.97990765012987,-32.97990765012987,0.0,0.0,1046.115147228736,-3.549850675607623,-1166.4357965531283,1266.0051799999999,0.0,-0.0,65.26541129577814,-65.26541129577814,0.0,0.0,1066.0856423259997,-20.186795554998817,-2311.9040267710006,896.41406,0.0,-0.0,7.530978312862864,-7.530978312862864,0.0,0.0,-627.9912339412655,-4.238940829103542,-264.18388522963096,6097.480976595772,0.0,-0.0,39.913264833463174,-39.913264833463174,0.0,0.0,-4641.525195164077,-31.0922358132099,-1424.8635456184847,8840.326972619283,0.0,-0.0,73.83339449181341,-73.83339449181341,0.0,0.0,-6225.615098716957,-54.701597641060424,-2560.0102762612655,3508.978434055197,0.0,-0.0,264.5505890853379,-436.8740970440921,0.0,0.0,6317.128373214412,-20.68902363160756,-9633.094275679245,661.6660999999999,0.0,-0.0,90.1167195035156,-88.38539081575034,0.0,0.0,2425.1881310967096,-26.786675103614545,-3061.79888468086,23090.188611290578,2242.782150246868,-0.0,823.6018605334999,-461.6874972933284,0.0,0.0,-572.0949008099615,-11.314897520953217,-25111.475326446704,89156.30027378905,0.0,-0.0,1238.3791952903016,-0.0,0.0,0.0,-1555.0,-25.33575,-88814.34371907938
t140,14790.774292443295,1659.6914452164633,-0.0,97.01907273586677,-1066.6926077170008,0.0,0.0,2960.0,-31.49,-18409.302202678624,1943.41458966533,0.0,-0.0,42.39952895429243,-0.0,0.0,0.0,-463.5338744760501,-8.951541461085334,-1513.3287026824871,123.6228999999999,0.0,-0.0,32.10520295270548,-0.0,0.0,0.0,992.5108485708383,-2.7391820880355797,-1145.499769435508,1337.6477599999998,0.0,-0.0,63.538239422959975,-0.0,0.0,0.0,890.2448425345661,-22.39523827887263,-2269.035603678654,963.48726,0.0,-0.0,7.331346325518183,-0.0,0.0,0.0,-705.8578618151201,-4.764540567252061,-260.196203943146,2495.6529731964133,2767.435142842502,-0.0,38.85610690578709,-33.33548862935359,0.0,0.0,-3843.028965598039,-26.64096220734902,-1398.9388065099608,8948.92285704181,0.0,-0.0,61.66454856345628,-0.0,0.0,0.0,-6445.556592717356,-53.849070506288236,-2511.181742381623,2913.521968199975,0.0,-0.0,257.54388781644496,-0.0,0.0,0.0,6317.128373214412,-20.68902363160756,-9467.505205599226,661.6660999999999,0.0,-0.0,87.7316536777107,-0.0,0.0,0.0,2277.343263452044,-25.700015326426264,-3001.041001803328,22212.928457260994,3248.968155486301,-0.0,770.087441152739,-1394.2597208817613,0.0,0.0,-424.25003316529614,-10.228237743764936,-24403.246062109214,87980.37964432783,0.0,-0.0,488.25189443520907,-433.9602392934073,0.0,0.0,-1555.0,-25.33575,-86454.33554946964
t141,13382.84801550887,1326.2068304884592,-0.0,612.6586422896846,-113.02412812767881,0.0,0.0,2960.0,-31.49,-18137.199360159335,2145.5112896653295,0.0,-0.0,37.24865664111119,-71.24495240388754,0.0,0.0,-594.8617010016017,-9.306126592704324,-1507.347166308248,123.6034999999999,0.0,-0.0,28.206159826982958,-53.95254034785329,0.0,0.0,1046.8390693603083,-3.1842340930004682,-1141.5119547464374,1264.73937,0.0,-0.0,41.57367074199443,-9.017009851508037,0.0,0.0,986.4162359372348,-22.652183724387548,-2261.0600831033335,999.31394,0.0,-0.0,0.0,-7.331346325518183,0.0,0.0,-727.8701862954626,-4.913123757494418,-259.1992836215247,2692.967889804044,2529.4998720641333,-0.0,33.12291838373512,-5.520618276433492,0.0,0.0,-3828.5597423098943,-26.55993455693541,-1394.9503851086495,8948.92285704181,0.0,-0.0,61.27209447230286,-0.0,0.0,0.0,-6457.1852791917445,-53.78593823780128,-2499.2237340845677,2962.4408006224503,0.0,-0.0,226.26152067357611,-36.58943113213976,0.0,0.0,6317.128373214412,-20.68902363160756,-9448.552239746692,661.6660999999999,0.0,-0.0,77.07457459419042,-0.0,0.0,0.0,2271.0213517481798,-25.653549275402852,-2984.1084770669668,21173.74892297835,3732.782150246868,-0.0,709.8296326798834,-1150.0,0.0,0.0,-417.9281214614317,-10.181771692741524,-24038.250812750925,87743.05420749607,0.0,-0.0,2492.8635174475894,-4530.39830944145,0.0,0.0,-1555.0,-25.33575,-84125.18366550222
t142,14517.198740594193,1346.1533296892828,-0.0,561.8485282136938,-1164.6821254770155,0.0,0.0,2960.0,-31.49,-18189.028473020153,1943.41458966533,0.0,-0.0,34.016309898236905,-0.0,0.0,0.0,-465.1156120190269,-8.955812152451372,-1503.3594753920886,123.6034999999999,0.0,-0.0,25.761705201811285,-4.608970318695206,0.0,0.0,996.5198410870432,-2.75498224052445,-1138.5210937296347,1273.1353199999999,0.0,-0.0,50.977562996173276,-0.0,0.0,0.0,953.0867486249813,-22.121188949311943,-2255.078442671843,972.6329558660453,0.0,-0.0,5.882602019643964,-0.0,0.0,0.0,-715.4836797474902,-4.829514838295559,-258.2023632999035,2809.4429856967276,2203.3138879075595,-0.0,31.17629435189069,-54.57118608009958,0.0,0.0,-3573.2697078050323,-25.130310363708183,-1390.961963707338,8948.92285704181,0.0,-0.0,57.67145436587956,-0.0,0.0,0.0,-6464.595490252299,-50.74709260219356,-2491.251728553197,2927.5169541657133,0.0,-0.0,206.64049466419573,-0.0,0.0,0.0,6317.128373214412,-20.68902363160756,-9430.596798412715,661.6660999999999,0.0,-0.0,70.38865330877604,-159.98035792361534,0.0,0.0,2428.9027196975294,-27.824977551015383,-2973.1521375316743,21997.246212464124,1414.1093667650216,-0.0,620.6628438115807,-131.65907752913438,0.0,0.0,-882.1731928001177,-13.593972967080866,-23004.592179744395,85414.97510163397,0.0,-0.0,2064.778410058153,-3499.2,0.0,0.0,-1555.0,-25.33575,-82400.21776169215
t143,13648.775328939713,568.9088356490599,-0.0,373.0426960762068,-0.0,0.0,0.0,2960.0,-31.49,-17519.23686066498,1741.3178896653299,0.0,-0.0,31.153206997140423,-6.062806593719868,0.0,0.0,-337.18300706788614,-8.610394119083292,-1420.6148888817813,123.6034999999999,0.0,-0.0,23.605446580466115,-0.0,0.0,0.0,931.211093325113,-2.70702752880512,-1075.7130123767738,1396.19001,0.0,-0.0,46.69265286629257,-118.69999999999999,0.0,0.0,829.3484858421677,-22.073274954083335,-2131.457873754377,905.4361558660453,0.0,-0.0,5.389719684015319,-2.614195201846338,0.0,0.0,-659.5144788189803,-4.4517227320281165,-244.24547879720598,3663.923038441255,1546.637841609842,-0.0,28.560039006729138,-18.0,0.0,0.0,-3879.0960242396623,-26.842937735742108,-1315.1819570824223,8948.92285704181,0.0,-0.0,52.83235639950709,-134.3,0.0,0.0,-6459.987672541913,-53.73290776234439,-2353.734633137061,2655.8381240887256,0.0,-0.0,189.29826197479676,-222.70901525198846,0.0,0.0,6317.128373214412,-20.68902363160756,-8918.866720394339,661.6660999999999,0.0,-0.0,64.47325250499108,-0.0,0.0,0.0,2105.1097291126366,-24.43409884903161,-2806.8149827685957,22212.928457260994,0.0,-0.0,401.13080391600556,-1184.3451253213266,0.0,0.0,-252.01649882588856,-8.962321266370282,-21168.735315763417,78920.28199499042,0.0,-0.0,2042.30148095169,-1411.4,0.0,0.0,-1555.0,-25.33575,-77970.84772594212
t144,13898.939563920154,0.0,-0.0,339.4883715894905,-1074.9951059348514,0.0,0.0,2960.0,-31.49,-16091.942829574791,1539.2211896653298,0.0,-0.0,20.6254687025827,-0.0,0.0,0.0,-230.6014185600037,-8.32262383011201,-1320.9226159777968,123.6034999999999,0.0,-0.0,15.624357380064602,-0.0,0.0,0.0,863.3197116265476,-2.6030357221780935,-999.9445332844339,1354.73873,0.0,-0.0,30.911681509285422,-7.227942191638872,0.0,0.0,625.1689250329001,-22.671471455342186,-1980.9199228952043,838.2393558660452,0.0,-0.0,3.5676035637707963,-0.0,0.0,0.0,-611.3792365749119,-4.126809846880656,-226.30091300802349,3835.8563933333335,879.337922441606,-0.0,18.906034074966776,-4.4252707295748195,0.0,0.0,-3482.601352046936,-24.622567571462838,-1222.451159501933,8948.92285704181,0.0,-0.0,34.973510884229675,-8.186750849713418,0.0,0.0,-6739.1282329787555,-52.251868502127174,-2184.3295155954434,2429.4388,0.0,-0.0,125.31118086837826,-259.30653411893337,0.0,0.0,6027.497259482875,-20.544138304563248,-8302.396567927757,661.6660999999999,0.0,-0.0,42.68250845671061,-0.0,0.0,0.0,1918.0696963370199,-20.785680595159715,-2601.6326241985703,18789.531558888255,0.0,-0.0,356.5757643588273,-99.68672797808404,0.0,0.0,224.65464768126554,-5.458788339542698,-19265.61645461072,72159.54040807909,0.0,-0.0,1361.7276349251206,-0.0,0.0,0.0,-1555.0,-25.33575,-71940.93229300423
t145,10284.702935872243,0.0,-0.0,89.92493630705079,-0.0,0.0,0.0,2960.0,-31.49,-13303.137872179297,1486.952232,0.0,-0.0,5.742367535373781,-29.390353993889374,0.0,0.0,-303.33947691279707,-8.519016587664552,-1151.4457520410228,122.80409999999989,0.0,-0.0,4.353384565549476,-22.26361063739894,0.0,0.0,769.769065348621,-2.3284760425943887,-872.3344632341771,1021.0065399999999,0.0,-0.0,8.607792999327835,-44.04755290220826,0.0,0.0,764.5470959186545,-22.41673138699248,-1727.6971446287816,820.5868266666666,0.0,-0.0,0.993892168974557,-5.083600515595299,0.0,0.0,-614.9559420303339,-4.1509526087047535,-197.39022368100728,2883.783146889054,174.24045744271825,-0.0,5.265846756029655,-6.2039508730861685,0.0,0.0,-1974.0083287230764,-16.17444664084923,-1066.9027248507898,8948.67645704181,0.0,-0.0,9.741240668281579,-11.477309115209412,0.0,0.0,-7006.65924087933,-39.95432917517348,-1900.326818540379,2429.4388,0.0,-0.0,34.90220571500087,-178.56111046781461,0.0,0.0,4993.675252680798,-16.47912833384663,-7262.976019594137,661.6660999999999,0.0,-0.0,11.885855417408376,-60.82033913378747,0.0,0.0,1665.9715745974645,-19.705184877119727,-2258.998006003965,16943.97305345298,0.0,-0.0,101.66830562596294,-0.0,0.0,0.0,300.0,-4.905,-17340.736359078943,67188.47146777582,0.0,-0.0,390.03123143468434,-3382.800468552786,0.0,0.0,-1555.0,-25.33575,-62615.366480657714
t146,9607.800399388534,0.0,-0.0,48.19586240756926,-360.3712595787147,0.0,0.0,2838.3751552189287,-29.90887701784607,-12104.091280418474,1689.0488320000002,0.0,-0.0,3.2294622653173586,-23.687582533020706,0.0,0.0,-570.710174150578,-9.240917470206561,-1088.6396201115124,122.80409999999989,0.0,-0.0,2.447225795749938,-17.94414071564966,0.0,0.0,721.7221126475766,-4.548610762345818,-824.4806869653308,1038.39364,0.0,-0.0,4.840434521590502,-35.50098601239195,0.0,0.0,652.4144692966396,-27.15972000898607,-1632.9878377968519,887.7836266666667,0.0,-0.0,0.5587553184463749,-4.097287419898636,0.0,0.0,-693.1422840050071,-4.678710417033798,-186.42410014317355,2256.5322200000005,0.0,-0.0,2.9607697162823627,-8.764905458979609,0.0,0.0,-1224.685023745113,-15.975340630087178,-1010.0677198821029,8948.67645704181,0.0,-0.0,5.477048087483817,-40.16595912055732,0.0,0.0,-7082.113009955285,-38.173291495149726,-1793.701244558302,2429.4388,0.0,-0.0,19.624200801850286,-143.91584271739123,0.0,0.0,4591.90788984161,-16.130918938242743,-6880.9241289878255,661.6660999999999,0.0,-0.0,6.683693600980115,-49.01938301003857,0.0,0.0,1531.573816458035,-22.38626460167755,-2128.517962447299,15687.292937260998,0.0,-0.0,56.240415780326686,-425.3295696749526,0.0,0.0,789.6570483931932,-8.50397930568997,-16099.356852453875,60050.012910149155,0.0,-0.0,204.04767071752838,-0.0,0.0,0.0,-1555.0,-25.33575,-58673.72483086668
t147,9622.442607040253,0.0,-182.37665491185112,19.210698518028487,-274.13365591232315,0.0,0.0,2200.0,-21.61,-11363.532994734109,1891.1455320000002,0.0,-0.0,1.3109871718625234,-16.818514115600948,0.0,0.0,-829.6199339299318,-2.239973821610816,-1043.7780973047193,122.80409999999989,0.0,-0.0,0.9929760234955606,-12.734831054949572,0.0,0.0,681.4687553871072,-2.9436919196892326,-789.5873084359638,1035.6783900000003,0.0,-0.0,1.9647312773957797,-25.20342873111117,0.0,0.0,558.8807175162583,-6.124497155914959,-1565.1959129066283,820.5838066666666,0.0,-0.0,0.22673777210753776,-2.908058440389656,0.0,0.0,-635.1663753942697,-4.2873730339113205,-178.44873757020355,2275.2462100000007,0.0,-0.0,1.201611367909086,-15.412786408385426,0.0,0.0,-1277.080832714423,-15.764907076767772,-968.1892951683336,8609.018957041812,0.0,-0.0,2.2228060825920086,-28.511220611284006,0.0,0.0,-6834.046686534592,-29.720163276820855,-1718.9636927017061,2429.4388,0.0,-0.0,7.964421333845864,-102.15820315433335,0.0,0.0,4280.497888645628,-14.125643032530206,-6601.617263792611,661.6660999999999,0.0,-0.0,2.7128671010897905,-34.80009825871728,0.0,0.0,1419.0182582480045,-10.717973525953303,-2037.8791535644239,15687.293957260998,0.0,-600.6555123357618,23.092156166677796,-550.40170422651,0.0,0.0,736.048208776218,-8.109954334505202,-15287.267151307116,56936.29500851111,0.0,-0.0,85.76198408289348,-444.2452575091247,0.0,0.0,-300.0,-4.905,-56272.90673508487
t148,9634.494315012264,0.0,-698.5403327456947,23.44270650768046,-317.3755873164448,0.0,0.0,2292.8172068509416,-22.81662368906224,-10912.021684619685,1689.0487320000002,0.0,-0.0,1.6303799803003525,-21.110881526079588,0.0,0.0,-647.6883988581417,-2.0278797883162363,-1019.851951807763,122.80409999999989,0.0,-0.0,1.2347835291147449,-16.412192050415673,0.0,0.0,665.8131463515969,-1.7976954951493553,-771.6421423351463,1068.808527,0.0,-0.0,2.443341918101846,-18.850609414519283,0.0,0.0,500.44737476224697,-23.542563948143076,-1529.3060703176866,815.6182600000001,0.0,-0.0,0.2819570783250618,-3.649000593376761,0.0,0.0,-633.5139410988128,-4.276219102416986,-174.46105628371856,2252.4544100000007,0.0,-0.0,1.4942866869082205,-19.34206991154441,0.0,0.0,-1272.6203822445784,-15.733267069664878,-946.2529774611211,8609.018957041812,0.0,-0.0,2.7642075655453393,-35.779453210587604,0.0,0.0,-6862.4517915022825,-35.444755541051,-1678.1071643534337,2429.4388,0.0,-0.0,9.904319976000842,-131.67686906233698,0.0,0.0,4160.045509796679,-14.725650182328463,-6452.986110528014,661.6660999999999,0.0,-0.0,3.3737144483599435,-43.67662975621469,0.0,0.0,1388.1028306356889,-20.392374238804436,-1989.0736410890295,15687.294467260997,0.0,-2242.782150246868,28.820137769784484,-48.32503616782378,0.0,0.0,1482.1731928001177,-13.593972967080866,-14893.586638449127,57071.427289376305,0.0,-0.0,93.38738002162827,-1083.5868808674538,0.0,0.0,-1073.1247474934553,-19.21593429316688,-54988.88710674385
t149,9737.624074154617,0.0,-1385.1157121206795,28.25330598051935,-7.94154110539025,0.0,0.0,2345.4184084890912,-23.500439310358185,-10694.738096087798,1569.0109000000002,0.0,-0.0,2.065228523229812,-0.570757635136864,0.0,0.0,-551.6943366034176,-2.9467733930719433,-1015.8642608916036,123.5080999999999,0.0,-0.0,1.5675647976295553,-0.0,0.0,0.0,646.3176277880095,-1.745057595027626,-769.6482349906112,1087.078077,0.0,-0.0,3.09667526125195,-13.63808806960985,0.0,0.0,465.42215567802043,-17.6374499115512,-1524.3213699581113,815.77524,0.0,-0.0,0.3578012142692005,-0.0,0.0,0.0,-638.3599754180998,-4.308929834072173,-173.46413596209732,2234.2589000000003,0.0,-0.0,1.8950658569024266,-0.524165175125691,0.0,0.0,-1276.6552482754305,-15.712890996209085,-943.2616614101375,8610.58775704181,0.0,-0.0,3.5057550829102118,-0.9697055739825291,0.0,0.0,-6907.364464788407,-33.63118155742589,-1672.1281602049062,2435.0668,0.0,-0.0,12.560347795974948,-0.0,0.0,0.0,4000.605495013049,-14.199498133542802,-6434.033144675483,663.5860999999999,0.0,-0.0,4.276138689615976,-1.1822836727835033,0.0,0.0,1335.5016289975392,-21.07618986010038,-1981.1053941542712,15712.083487261,0.0,-2242.782150246868,34.555290513889155,-92.6972671531641,0.0,0.0,1482.1731928001177,-13.593972967080866,-14879.738580207892,56586.323141953435,0.0,-0.0,135.63997756367684,-421.9899250755922,0.0,0.0,-901.3644836804729,-15.557439038092497,-55383.05127172295
t150,9987.116270435788,0.0,-1407.1517735806538,64.95966767584478,-0.0,0.0,0.0,2200.0,-21.61,-10823.314164530979,1577.1308000000001,0.0,-0.0,4.852873525427764,-0.0,0.0,0.0,-529.7538057439274,-3.4671568315819306,-1048.7627109499185,129.6680999999999,0.0,-0.0,3.679517729866943,-0.0,0.0,0.0,662.0149457486889,-1.7874403535214602,-793.5751231250342,1142.514736,0.0,-0.0,7.274671365997489,-0.0,0.0,0.0,428.7007387885286,-5.318712672577285,-1573.171433481949,817.0942799999999,0.0,-0.0,0.8400262335795309,-0.0,0.0,0.0,-634.2077460558776,-4.280902285877173,-179.4456578918248,2257.2761800000003,0.0,-0.0,4.450472240463981,-0.0,0.0,0.0,-1272.7522718971127,-15.799558423379128,-973.1748219199728,8624.34275704181,0.0,-0.0,8.232909752643948,-0.0,0.0,0.0,-6876.600567723823,-30.03590152897541,-1725.9391975416552,2484.3118,0.0,-0.0,29.497823431131014,-0.0,0.0,0.0,4137.371850134881,-13.653327105445108,-6637.528146460567,680.3860999999999,0.0,-0.0,10.045091139302407,-0.0,0.0,0.0,1366.3806132815596,-12.956465655369334,-2043.8553387654924,15836.023997260998,0.0,-1354.3284560476095,84.73465073294511,-0.0,0.0,0.0,951.1073834718436,-9.690639268518051,-15507.846936149659,58027.098034238305,0.0,-0.0,305.1072355768108,-0.0,0.0,0.0,-432.2611400047615,-6.584716478060471,-57893.35941333229
t151,12607.734660434478,0.0,-3134.646949747582,229.8660136200694,-391.75030899758127,0.0,0.0,2155.106692542807,-21.04658899141223,-11445.263518860782,1452.6562500000002,0.0,-77.4690058517406,17.83571770037606,-18.658103049121607,0.0,0.0,-254.5782583932908,-3.2331438815947933,-1116.5534565246282,208.0308999999999,0.0,-0.0,13.533477579370324,-14.694414871935967,0.0,0.0,641.5943244164953,-3.0475730409783526,-845.4167140829511,1235.354836,0.0,-0.0,26.741418874585044,-29.022016732891586,0.0,0.0,452.33023499535295,-9.5482122478474,-1675.856260889199,767.75568,0.0,-0.0,3.0892368287672385,-1.2536603324119813,0.0,0.0,-574.3059893171844,-3.876565427890995,-191.40870175127978,6483.505623263014,0.0,-2919.6183323037117,16.363365100047055,-6.119145243096553,0.0,0.0,-2519.1973369522457,-18.941714873380512,-1035.9924589906268,8481.810542699668,0.0,-0.0,30.27100966748915,-25.050667287961463,0.0,0.0,-6614.110485567951,-32.383622456142746,-1840.5367770551022,3109.0198,0.0,-0.0,108.4555843708181,-89.74830802758552,0.0,0.0,3942.9276552348433,-13.168762806133454,-7057.485968771944,893.5061,0.0,-0.0,36.926310317097624,-60.7865326060478,0.0,0.0,1333.4817118477658,-18.83189856820892,-2184.2956909906065,18669.483016785965,0.0,-3583.9100974929497,268.2404444715097,-62.429380663343395,0.0,0.0,1251.0341118941965,-9.814848994269052,-16532.60324600111,60717.01187933188,0.0,-0.0,1122.7639423078176,-0.0,0.0,0.0,185.717339299212,-4.359019908782981,-62021.134141030125
t152,13558.543835467408,0.0,-3134.646949747582,312.19429942169927,-312.19429942169927,0.0,0.0,2191.0788655119977,-21.498039762175573,-12593.47771146965,1267.53495,0.0,-62.38448616492815,24.05526107105912,-0.0,0.0,0.0,0.0,-0.0,-1229.2057249061309,227.98689999999988,0.0,-0.0,18.23860618206747,-0.0,0.0,0.0,687.1964531963149,-3.2641831526824956,-930.1577762256998,1198.8479659999998,0.0,-0.0,36.05968795976862,-0.0,0.0,0.0,619.13751906228,-10.702980051121337,-1843.3421929709273,705.28446,0.0,-0.0,3.9529794195404695,-0.36221725273133865,0.0,0.0,-495.1825520781977,-3.342482226527834,-210.35018786208352,8572.910600947112,0.0,-2919.6183323037117,20.943917148263708,-1.9176207497541453,0.0,0.0,-4503.729503031637,-29.89475193587795,-1138.6943100743945,7564.793089124449,0.0,-0.0,40.80925757182702,-9.881818268448793,0.0,0.0,-5524.649285070136,-44.18883700680853,-2026.8824063508814,3266.6038,0.0,-0.0,146.21626246730688,-6.331369560380978,0.0,0.0,4365.651315266068,-15.389351894460425,-7756.750656278535,947.2660999999998,0.0,-0.0,49.79229220219094,-49.79229220219094,0.0,0.0,1478.3239943431918,-19.179520046197943,-2406.410574296993,19741.54116145562,0.0,-2796.189576849361,413.7393985398035,-822.2270483208338,0.0,0.0,1482.1731928001177,-13.593972967080866,-18005.443154658264,66615.03997100692,0.0,-0.0,743.983283068606,-1013.7040671221274,0.0,0.0,-300.0,-4.905,-66040.4141869534
t153,13675.959110902586,0.0,-2730.1563650135095,318.07847123948176,-0.0,0.0,0.0,2845.700743925156,-30.004109671027027,-14079.577851382688,1076.2872103622888,0.0,-0.0,23.45408381436194,-0.0,0.0,0.0,234.28365060379016,-1.1392560541662273,-1332.8856887262748,234.4788999999999,0.0,-0.0,17.775344507611482,-7.773761466220413,0.0,0.0,769.4594948940324,-5.022861600580575,-1008.9171163348426,1211.992396,0.0,-0.0,35.15492237632702,-0.0,0.0,0.0,765.6200351409345,-13.902509327586614,-1998.864844189675,639.8126599999999,0.0,-0.0,4.058405078836221,-3.4,0.0,0.0,-409.4127751950039,-2.7635362325662762,-228.294753651266,9633.579059453015,0.0,-2919.6183323037117,21.50417042575591,-18.0,0.0,0.0,-5447.147447574578,-34.90392094428805,-1235.4135290561949,8313.632779244175,0.0,-0.0,39.780094953126834,-33.3,0.0,0.0,-6072.785579328114,-50.0432702852695,-2197.28402458392,3315.8487999999998,0.0,-0.0,142.53097699125476,-371.17938211803664,0.0,0.0,5347.55841092579,-18.644442756055398,-8416.114363042952,964.0660999999999,0.0,-0.0,48.54228264441049,-0.0,0.0,0.0,1617.8241719864195,-21.827714364345876,-2608.6048402664837,20592.602469253725,0.0,-2242.782150246868,277.48358726983355,-0.0,0.0,0.0,699.5683143751726,-7.841827110657518,-19319.030393541205,69209.31762988893,0.0,-0.0,1364.8570037156333,-0.0,0.0,0.0,-350.6690197535994,-5.548496550870713,-70217.95711730012
t154,13560.922516585606,0.0,-1059.1807915825466,285.8124142316796,-603.8908854711614,0.0,0.0,2960.0,-31.49,-15112.17325376358,1275.6135603622888,0.0,-240.0,20.45912730462056,-10.92173162759281,0.0,0.0,375.244929805799,-4.765610608533647,-1415.630275236582,232.24549999999988,0.0,-0.0,15.502706521995924,-0.0,0.0,0.0,827.9095615832277,-3.9325704175203318,-1071.7251976877033,1217.310656,0.0,-0.0,30.66447652046696,-15.338831349455042,0.0,0.0,904.3166308171433,-13.470578809098395,-2123.4823531790566,706.71224,0.0,-0.0,3.5396430162543076,-0.0,0.0,0.0,-464.86242350364114,-3.137821358649578,-242.25163815396348,9915.529378355544,0.0,-2541.7363486524146,18.75637910002672,-0.0,0.0,0.0,-6042.100057522486,-38.25871024923271,-1312.1906410314386,8112.687310248487,0.0,-0.0,34.69687989140304,-10.240299062884995,0.0,0.0,-5747.704124574369,-54.638646502579846,-2334.8011200000565,3296.1508,0.0,-0.0,124.31876262590754,-124.31876262590754,0.0,0.0,5659.347182913377,-19.673345703614288,-8935.824637209762,957.3461,0.0,-0.0,42.34156958798506,-90.88385223239555,0.0,0.0,1883.669626146531,-20.519541073091926,-2771.953902429028,20558.378014802325,0.0,-75.41539572247845,351.3234374695554,-628.8070247393889,0.0,0.0,319.42360414021704,-5.047763490430596,-20519.854872459797,77749.06715857252,0.0,-0.0,1207.9186150952373,-3909.417199354866,0.0,0.0,-675.2449298057991,-9.670610608533647,-74362.65303389856
t155,13422.244149224089,0.0,-0.0,329.426603183602,-329.426603183602,0.0,0.0,2587.7070781000584,-26.650192015300757,-15983.301035308848,1472.2112603622888,0.0,-0.0,23.25015386888915,-11.043470690846306,0.0,0.0,0.0,-0.0,-1484.4179435403316,228.01189999999988,0.0,-0.0,16.880103722817502,-16.9921538870149,0.0,0.0,900.94337350624,-4.27948102415464,-1124.5637423178878,1217.7065160000002,0.0,-0.0,26.60927250184541,-33.542557474732384,0.0,0.0,1052.3202110094562,-35.929321378346685,-2227.1641206582217,733.5995962009315,0.0,-0.0,3.071776265558802,-3.877808980848192,0.0,0.0,-475.3701330739743,-3.2087483982493263,-254.21468201341847,9938.572223789566,0.0,-936.1580779857372,21.314791178104212,-21.903383303902444,0.0,0.0,-7579.631779737935,-46.18839048767657,-1376.0053834524206,7964.888683597944,0.0,-0.0,39.42958768498839,-11.39204319052616,0.0,0.0,-5483.483275204947,-59.047752682535034,-2450.395200204925,3260.9757999999997,0.0,-0.0,141.2761766287232,-141.2761766287232,0.0,0.0,6125.0918160754245,-20.30991136874113,-9365.757704706682,945.3461,0.0,-0.0,48.11741024334407,-48.11741024334407,0.0,0.0,1982.2038398133093,-16.15171602601156,-2911.3982237872974,20998.2680930488,0.0,-0.0,400.9082723863346,-0.0,0.0,0.0,435.218869512368,-5.898858690915905,-21828.496376256582,78256.59534562108,0.0,-0.0,1342.3853323225508,-880.6593430112389,0.0,0.0,455.0,-18.98575,-79154.33558493241
t156,13484.356870384621,0.0,-0.0,372.7887005580307,-0.0,0.0,0.0,2960.0,-31.49,-16785.65557094265,1673.5471603622889,0.0,-0.0,25.737566281023568,-12.831515028428186,0.0,0.0,-147.32730664109909,-1.8710567943419583,-1537.2548481794433,227.3786999999999,0.0,-0.0,19.495057367206044,-9.650655785329644,0.0,0.0,930.6423852845509,-4.420551330101617,-1163.4449355363254,1222.25419,0.0,-0.0,38.572363804133076,-10.856804649286257,0.0,0.0,1098.6681496296833,-42.71551244501935,-2305.9223863395105,800.6785762009315,0.0,-0.0,4.451501768531779,-1.2522406258415282,0.0,0.0,-537.0656791016758,-3.6251933339363114,-263.1869649080097,10120.505123389958,0.0,-533.8526053457058,23.590763916275726,-0.0,0.0,0.0,-8136.379768511061,-48.99996783098086,-1424.8635456184847,7593.950224964278,0.0,-0.0,43.63951468336987,-95.95093663072475,0.0,0.0,-4941.086690802657,-62.46485116426946,-2538.0872610499973,3393.5138236540392,0.0,-0.0,156.36227082248797,-156.36227082248797,0.0,0.0,6317.128373214412,-20.68902363160756,-9689.953173236843,943.4260999999999,0.0,-0.0,53.260124183345255,-0.0,0.0,0.0,2043.2748531332381,-23.97961251058303,-3015.9814648059996,22768.522309966967,0.0,-0.0,394.20429984536446,-0.0,0.0,0.0,-190.18162284648992,-8.507834927921701,-22964.03715203792,81885.49868304413,0.0,-0.0,1278.8578471566343,-461.725989311312,0.0,0.0,602.3273066410991,-20.85680679434196,-83284.1010407362
t157,14758.732743761526,0.0,-0.0,404.90481771319145,-715.4407611769789,0.0,0.0,2960.0,-31.49,-17376.706800297736,1725.608996570073,0.0,-0.0,4.396229180233496,-76.18359411215425,0.0,0.0,-85.57233295893506,-1.0867686285784752,-1567.162530050639,228.08809999999988,0.0,-0.0,20.72924786300432,-13.806876082453133,0.0,0.0,955.9049467148254,-4.540548496895421,-1186.3748699984808,1229.96525,0.0,-0.0,41.02180348494809,-52.34365135199662,0.0,0.0,1177.9554231743175,-44.817195659666034,-2351.781629647603,867.9545762009316,0.0,-0.0,4.733527590377259,-6.039903355799355,0.0,0.0,-593.473765679436,-4.005947918336194,-269.1684868377372,10207.444303245056,0.0,-339.0038953581916,25.087065539503026,-65.79247799870274,0.0,0.0,-8325.0,-49.9525,-1452.7824954276643,7394.8903383844945,0.0,-0.0,46.40721598943394,-7.469103658253845,0.0,0.0,-4781.449086330751,-63.47056807244247,-2588.9087963124825,3556.8064,0.0,-0.0,166.28049109588167,-143.03598247218235,0.0,0.0,6317.128373214412,-20.68902363160756,-9876.490258206504,945.3461,0.0,-0.0,56.6418138436966,-0.0,0.0,0.0,2100.1450733357515,-24.397608629071506,-3077.735378550376,23729.771336427086,0.0,-0.0,491.24925065456546,-104.83856333692299,0.0,0.0,-247.05184304900354,-8.925831046410176,-23860.20434964932,85044.93467397748,0.0,-0.0,1589.5272412177897,-0.0,0.0,0.0,521.4132115788193,-19.715201014839316,-87136.15992575926
t158,14420.847836502611,0.0,-0.0,403.11003203604577,-0.0,0.0,0.0,2960.0,-31.49,-17752.467868538657,1616.1550930676378,0.0,-0.0,3.7774181531567868,-24.856144757040084,0.0,0.0,0.0,-0.0,-1595.0763664637545,230.31569999999988,0.0,-0.0,5.223117305171126,-47.971608698063065,0.0,0.0,1024.6105888058212,-4.866900296827651,-1207.3108971161012,1228.93798,0.0,-0.0,40.5058443950464,-0.0,0.0,0.0,1162.1312585711607,-39.915850442001855,-2391.659232524205,812.4515037990683,0.0,-0.0,4.67373323182262,-0.0,0.0,0.0,-540.3218961079401,-3.6471727987285956,-273.1561681242222,10190.054539570529,0.0,-355.10087860496606,17.708968220297816,-0.0,0.0,0.0,-8325.0,-49.9525,-1477.7101291858603,7207.616608842109,0.0,-0.0,45.82213970811007,-6.417756352046989,0.0,0.0,-4547.327630838265,-64.94553324204513,-2634.7478281178614,3604.6998072155816,0.0,-0.0,164.18468011183722,-23.244508623699318,0.0,0.0,6317.128373214412,-20.68902363160756,-10042.079328286523,951.5861,0.0,-0.0,41.68504651846608,-151.58698454550793,0.0,0.0,2318.829918226591,-26.004942239019172,-3134.5091379605287,25911.09879869213,0.0,-0.0,489.5297510639286,-1367.7948473798156,0.0,0.0,-465.7366879398427,-10.533164656357844,-24556.56384978004,89636.96937450168,0.0,-0.0,1597.2573158594644,-966.4424042338883,0.0,0.0,95.68607606806279,-12.284545318669371,-90351.18581687669
t159,14893.87444987472,0.0,-0.0,448.83105441691515,-62.25275709424329,0.0,0.0,2960.0,-31.49,-18208.96274719739,1673.0498499999999,0.0,-0.0,29.59843120096247,-26.265768493577728,0.0,0.0,-59.338005047672624,-1.0327638861208126,-1616.0117437735912,229.82069999999987,0.0,-0.0,22.40911048850236,-47.63350379285881,0.0,0.0,1024.6650152822488,-5.002212433240974,-1224.2591095446508,1228.81665,0.0,-0.0,44.35357672007864,-95.89434377035023,0.0,0.0,1290.966312676428,-43.68394072875459,-2424.5582548974016,840.20434,0.0,-0.0,5.117333340045812,-11.062611184326219,0.0,0.0,-553.3798984306057,-3.7353143144065886,-277.14384941070716,10112.550395812495,0.0,-177.83924880369977,3.060608608822721,-65.16701942520154,0.0,0.0,-8325.0,-49.9525,-1497.6522361924171,7772.516583549276,0.0,-0.0,7.2028413355305645,-5.662125926322034,0.0,0.0,-5040.601034458801,-61.83791079923575,-2671.618353700449,3721.5282236133535,0.0,-0.0,179.77465818419466,-22.992142126102276,0.0,0.0,6317.128373214412,-20.68902363160756,-10174.75008925425,950.6261,0.0,-0.0,59.98215029013491,-54.338410323123064,0.0,0.0,2248.549064969109,-25.48837796757668,-3179.330526968544,25037.1560972057,0.0,-0.0,540.1296323593772,-0.0,0.0,0.0,-395.4558346823609,-10.016600384915353,-25171.813294497802,91092.1743123733,0.0,-0.0,1745.984598097514,-242.31110504135606,0.0,0.0,532.4660064772421,-19.969568282260976,-93108.34424362447
t160,16425.841591477034,0.0,-0.0,598.8054816472315,-1138.7241107623743,0.0,0.0,2698.9897357936097,-28.09686656531693,-18556.815831590182,1662.9564500000004,0.0,-0.0,39.25611031521609,-42.58877302260083,0.0,0.0,-20.243461663032974,-4.427050004233906,-1634.9532756253484,214.9020999999999,0.0,-0.0,29.719501428758793,-29.719501428758793,0.0,0.0,1029.223503823806,-6.9060965396757235,-1237.21950728413,1191.9998,0.0,-0.0,5.9932039634039596,-105.95832525421625,0.0,0.0,1400.5893103458657,-40.151412144030516,-2452.4725769110228,836.68714,0.0,-0.0,0.6930916148154239,-12.226472988582833,0.0,0.0,-541.3649349398178,-3.6542133108437698,-280.13461037557096,9686.092861300393,0.0,-0.0,35.97184208833313,-35.97184208833313,0.0,0.0,-8123.551753149326,-48.9351863534041,-1513.6059217976626,8423.828894445076,0.0,-0.0,66.54199164848235,-107.78822081569224,0.0,0.0,-5620.894225757882,-58.18206369405154,-2703.50637582593,3746.6186830364622,0.0,-0.0,238.4271801202982,-0.0,0.0,0.0,6317.128373214412,-20.68902363160756,-10281.485212739564,910.7860999999999,0.0,-0.0,81.22325941827141,-86.86699938528326,0.0,0.0,2333.837056571759,-20.803685829256125,-3218.1757307754906,25207.05716787114,0.0,-0.0,719.4409435535224,-0.0,0.0,0.0,-219.73356207862105,-8.725041681277865,-25698.039507664762,92146.81976631412,0.0,-0.0,2289.6315361223487,-0.0,0.0,0.0,746.0199578392269,-22.681703464558183,-95159.78955681116
t161,13470.248167722431,2878.754644564233,-0.0,768.4364002698389,-49.35225609224517,0.0,0.0,1800.5913088454265,-26.802312985009454,-18841.875952324674,1842.0004257826265,0.0,-0.0,49.950729892663844,-0.0,0.0,0.0,-235.04017229284653,-7.003866821497757,-1649.9071165609462,179.2158999999999,0.0,-0.0,37.811372538922086,-0.0,0.0,0.0,1039.0352835468436,-6.879604734423522,-1249.1829513513417,1128.417874,0.0,-0.0,74.84857097532374,-74.84857097532374,0.0,0.0,1384.6477336026983,-38.66034910954465,-2474.405258493154,895.6901399999998,0.0,-0.0,8.634862258732127,-8.634862258732127,0.0,0.0,-608.4576793241274,-4.10708933543786,-283.1253713404347,9205.792055915677,0.0,-0.0,45.768699391173875,-45.768699391173875,0.0,0.0,-7631.925033555368,-46.30162565805684,-1527.5653967022524,8916.698435816888,0.0,-0.0,6.365239178559631,-107.36523917855963,0.0,0.0,-6029.486624224364,-55.79991709821895,-2730.4118944943043,4234.620877546137,0.0,-0.0,231.81401410990625,-44.60439538505414,0.0,0.0,5967.128373214412,-20.68902363160756,-10368.269845853793,1109.9779999999998,0.0,-0.0,103.34754584903337,-0.0,0.0,0.0,2062.748543164034,-23.037277898008846,-3253.036811115058,22815.00667945389,2242.782150246868,-0.0,916.7259483613957,-1203.925947072215,0.0,0.0,1299.7533782772875,-12.253187330338063,-26058.089021936892,98195.63653760191,0.0,-0.0,1181.9745580691813,-3499.2,0.0,0.0,951.004888746003,-25.285012087074236,-96804.13097233004
t162,13779.431496883193,3134.646949747582,-0.0,66.4618877992399,-0.0,0.0,0.0,2039.5224509064687,-23.696208138215905,-18996.366577198263,1990.9522257826268,0.0,-0.0,59.12657619462789,-41.2254454231467,0.0,0.0,-361.1937677273845,-6.724776827136061,-1640.9348119995875,139.1180999999999,0.0,-0.0,3.4249881351079865,-41.236360674030074,0.0,0.0,1147.3817177742496,-6.484169589858671,-1242.2042756454682,1042.596754,0.0,-0.0,88.59821794517231,-88.59821794517231,0.0,0.0,1457.844022975522,-38.99573941726269,-2461.4450375582583,953.57254,0.0,-0.0,10.221114633994215,-10.221114633994215,0.0,0.0,-667.9324651629578,-4.508544139849965,-281.1315306971922,8025.996174338183,1006.166054697284,-0.0,54.176474895336085,-54.176474895336085,0.0,0.0,-7468.186043372603,-45.38473711356389,-1518.5914485493017,8964.479438615537,0.0,-0.0,100.21731392169478,-100.21731392169478,0.0,0.0,-6193.135067987987,-54.88348581314266,-2716.460884814406,3996.902857509179,0.0,-0.0,359.09102053722364,-0.0,0.0,0.0,5967.128373214412,-20.68902363160756,-10302.433227629206,1001.018,0.0,-0.0,122.33246357251997,-0.0,166.53048462089208,0.0,1967.0934936896774,-18.87809377070316,-3238.096348112386,21857.394103553168,2242.782150246868,-0.0,73.12918494703334,-1214.8502710962177,1954.3566766452668,0.0,1156.477285690602,-11.200108049825925,-26058.089021936892,92820.75106108957,0.0,-0.0,3484.509294648219,-284.4751176200638,0.0,0.0,955.0,-25.33575,-96950.44948811774
t163,15789.410778654677,1304.6469497475819,-0.0,726.9784356169877,-873.760806509579,0.0,0.0,1721.1001240127407,-27.83569838783437,-18640.539783134576,2171.671225782626,0.0,-0.0,4.632683773142063,-72.48454443728708,0.0,0.0,-510.55616423518984,-5.165293522816357,-1588.0979073604756,123.02229999999989,0.0,-0.0,35.07835750529614,-35.07835750529614,0.0,0.0,1084.1833518747594,-4.8795231199961435,-1202.326128754763,1021.535324,0.0,-0.0,69.43243840049331,-69.43243840049331,0.0,0.0,1378.6735303306837,-17.522082453714116,-2382.6867718769695,998.90166,0.0,-0.0,8.010562202224849,-8.010562202224849,0.0,0.0,-721.8697911074239,-4.872621089975155,-272.15924780260093,5741.4596191290575,1752.9183323037116,-0.0,42.45824946615508,-42.45824946615508,0.0,0.0,-5985.891577428743,-37.755982270460436,-1470.7303917335655,9136.631242939122,0.0,-0.0,78.54076448968358,-78.54076448968358,0.0,0.0,-6453.44014087338,-53.42577740498446,-2629.765324660755,4190.7030444760485,0.0,-0.0,281.4201686814356,-440.3248036412423,0.0,0.0,5967.128373214412,-20.68902363160756,-9978.237759099045,957.8179999999999,0.0,-0.0,95.86956346219871,-7.760621941427058,0.0,0.0,2112.8687365278874,-24.286540088129684,-3134.5091379605287,19877.075846715237,2242.782150246868,-0.0,856.4535295324848,-133.90765428635024,1175.9633745042113,0.0,1329.1243697461202,-12.469064117633984,-25335.02255234094,92205.7427453108,0.0,-0.0,2893.2186819417057,-599.3830801613251,0.0,0.0,78.67918793813448,-9.714225686814308,-94568.5433093425
t164,13594.927506597809,3134.646949747582,-0.0,394.2874144424834,-0.0,0.0,0.0,780.619517951938,-23.43745175797705,-17881.043936981838,1969.2514757826266,0.0,-0.0,27.540364460612,-4.905423639638677,0.0,0.0,-454.6762471182957,-8.927625867219398,-1528.282543618085,122.80409999999989,0.0,-0.0,20.857241043223794,-3.7291230729906264,0.0,0.0,1020.4209085414661,-2.889913008979458,-1157.4632135027196,1003.258064,0.0,-0.0,41.272568602292196,-7.358135459458012,0.0,0.0,1271.3579756204804,-16.565247430614694,-2291.9652253327,981.8528758660456,0.0,-0.0,4.762683963904325,-0.8509408354475253,0.0,0.0,-718.7231928563336,-4.851381551780252,-262.19004458638847,2299.154839873296,2919.6183323037117,-0.0,25.24101728322934,-0.0,0.0,0.0,-3802.900776337401,-26.220921007629727,-1414.8924921152063,8948.67005704181,0.0,-0.0,0.0,-0.0,0.0,0.0,-6377.587249308277,-42.96055359774903,-2528.1222541357847,3646.3026042151723,0.0,-0.0,167.3007149923049,-361.9,0.0,0.0,6172.80539391498,-20.342648481288926,-9604.16606464117,957.8179999999999,0.0,-0.0,56.9882179577129,-9.332518005730485,0.0,0.0,2035.243016786062,-28.71937539942356,-3011.9973413386206,18457.020611405274,2242.782150246868,-0.0,450.6349903116436,-0.0,1569.5841875732358,0.0,1482.1731928001177,-13.593972967080866,-24188.601159370057,93458.50902795716,0.0,-0.0,1835.9339659845884,-3128.701614803087,0.0,0.0,-1408.7325399947374,-22.607861870901854,-90734.40097727304
t165,15771.842853919072,496.8093048676148,-0.0,277.1734670047191,-144.11749286853703,0.0,0.0,958.5457381335157,-22.418905404264294,-17337.83496565212,1767.1453257826265,0.0,-0.0,24.744283115535172,-0.0,0.0,0.0,-265.1603595995566,-8.415932970918803,-1518.3133163276864,122.80409999999989,0.0,-0.0,18.747448811540764,-0.0,0.0,0.0,1011.1705165293735,-3.2344812163354333,-1149.4875841245785,1005.1829740000001,0.0,-0.0,37.086036886163654,-0.0,0.0,0.0,1254.870459148788,-20.128345780977142,-2277.0111242539742,914.6560758660455,0.0,-0.0,4.28059262298788,-0.0,0.0,0.0,-654.3237790373851,-4.416685508502349,-260.196203943146,2802.2459282144114,2490.756862841277,-0.0,22.683411147916374,-0.0,0.0,0.0,-3882.9534750414896,-26.81418319985967,-1405.9185439622559,8948.67005704181,0.0,-0.0,41.96127184493139,-0.0,0.0,0.0,-6438.824965500891,-42.6176223870704,-2509.1887409987803,3175.740050692705,0.0,-0.0,109.97340165638875,-29.858012255555813,0.0,0.0,6317.128373214412,-20.68902363160756,-9552.294789676343,661.6660999999999,0.0,-0.0,51.20826278810428,-9.596273530079987,0.0,0.0,2307.4106194110577,-23.59213900158061,-2987.096569667501,21639.05517738914,2238.8554806364664,-0.0,437.96258523943334,-1307.0885198441283,0.0,0.0,947.1368727421747,-9.661456014654984,-23946.26014014843,92040.88929066122,0.0,-0.0,1422.6354245606956,-3841.247751253137,0.0,0.0,-1555.0,-25.33575,-88041.9412139688
t166,15756.063119532531,0.0,-0.0,335.45949161196415,-222.55603999600712,0.0,0.0,1546.2652056807817,-13.60713380999088,-17401.62464301928,1566.86495,44.873405458852815,-0.0,22.031289198271036,-14.156355573909048,0.0,0.0,-112.2384607632248,-8.003043844060707,-1499.3717844759292,122.80409999999989,0.0,-0.0,16.697603949428355,-10.761719288328816,0.0,0.0,1009.3325350765135,-3.539240697048829,-1134.5332790405641,1002.79477,0.0,-0.0,33.02259135511629,-21.234533360863566,0.0,0.0,1255.0133681700681,-21.496333995883383,-2248.0998621684375,847.4592758660455,0.0,-0.0,3.812315342485487,-2.4556943342495288,0.0,0.0,-587.6438578554747,-3.9665960405244545,-257.20544297828224,3226.270680207071,1166.7,-0.0,20.200028831245703,-51.18981837242643,0.0,0.0,-2951.7057418183917,-21.30739584081616,-1388.9677530066824,8948.67005704181,0.0,-0.0,37.36761909357552,-24.051359214855673,0.0,0.0,-6453.575536513616,-32.1065622250382,-2476.3042181818782,3013.2382854697144,0.0,-0.0,133.8869821014017,-0.0,0.0,0.0,6317.128373214412,-20.68902363160756,-9443.564617153921,661.6660999999999,0.0,-0.0,45.59798950139103,-162.78511408520598,0.0,0.0,2414.5973076090486,-14.809040632057034,-2944.2672423931754,22245.534607260994,1420.8181708299821,-0.0,386.3352080742084,-0.0,0.0,0.0,-882.1731928001177,-13.593972967080866,-23156.92082039799,89403.01473739461,0.0,-0.0,1372.06003485638,-3865.164852645972,0.0,0.0,-1555.0,-25.33575,-85329.57416960504
t167,14388.088529646351,0.0,-0.0,255.41360304088846,-978.4,0.0,0.0,2930.388039400278,-31.10504451220362,-16564.385127575315,1364.7682499999999,240.0,-0.0,16.56793228511551,-0.0,0.0,0.0,-208.40935181806276,-8.26270524990877,-1404.664125217144,122.80409999999989,0.0,-0.0,12.560737834283149,-0.0,0.0,0.0,931.3564343672969,-2.971703892017631,-1063.7495683095622,986.11544,0.0,-0.0,24.835434469431316,-0.0,0.0,0.0,1115.6086127474618,-19.028175188477356,-2107.5313120284154,794.9343933333333,0.0,-0.0,2.867645086058875,-0.0,0.0,0.0,-553.806050070694,-3.7381908379771844,-240.257797510721,3828.40302,1166.7,-0.0,15.19327207318836,-0.0,0.0,0.0,-3682.351896231009,-25.72480831401935,-1302.2195875281602,8948.67005704181,0.0,-0.0,28.105906939574268,-0.0,0.0,0.0,-6611.836402861612,-47.078952873877036,-2317.860608245895,2795.5376050855257,0.0,-0.0,100.70147260866597,-331.66812895880867,0.0,0.0,6317.128373214412,-20.68902363160756,-8861.010298318188,661.6660999999999,0.0,-0.0,34.29341637050193,-114.64022948080007,0.0,0.0,2199.0954340520466,-26.38937411592592,-2754.025346825822,22213.216607260994,0.0,-0.0,281.6848645364731,-326.5385534575866,0.0,0.0,-882.1731928001177,-13.593972967080866,-21272.595752572684,80872.12847336997,0.0,-0.0,973.3429175631967,-1411.4,0.0,0.0,-1555.0,-25.33575,-78853.7356409332
t168,12102.325855223547,0.0,-0.0,191.25637988380916,-211.58377964768914,0.0,0.0,2960.0,-31.49,-15010.508455459669,1284.854832,0.0,-0.0,12.453702847692789,-0.0,0.0,0.0,1.4026122059522095,-7.696212947043929,-1291.0149341066012,122.80409999999989,0.0,-0.0,9.443335785980382,-0.0,0.0,0.0,848.7736669817511,-3.0095502731855204,-978.011552494546,987.3308,0.0,-0.0,18.669015275818417,-0.0,0.0,0.0,950.4563521705082,-19.401607715384543,-1937.0545597309422,753.3749266666666,0.0,-0.0,2.1558619038100866,-0.0,0.0,0.0,-530.6327064023436,-3.5817707682158195,-221.31631139991725,3820.8789800000004,269.8025842344373,-0.0,11.42153172303276,-0.0,0.0,0.0,-2883.3212213329944,-21.25834888073904,-1197.523525743737,8948.67005704181,0.0,-0.0,21.12867978803853,-0.0,0.0,0.0,-6798.87949287988,-40.40076569127483,-2130.5184782586944,2429.4388,0.0,-0.0,75.70206657443529,-299.01393508663347,0.0,0.0,5965.329019903933,-19.685585765682976,-8151.770365626053,661.6660999999999,0.0,-0.0,25.778823191231005,-56.91992992571444,0.0,0.0,1924.0449621531907,-24.65155363296081,-2529.918401785746,20034.586014629367,0.0,-0.0,210.87510221320002,-0.0,0.0,0.0,-882.1731928001177,-13.593972967080866,-19349.69395107537,72922.80485985565,0.0,-0.0,775.6379845785443,-0.0,0.0,0.0,-1555.0,-25.33575,-72118.10709443422
t169,10168.533675432252,403.9340138674552,-0.0,171.94096886733905,-0.0,0.0,0.0,2960.0,-31.49,-13672.918658167047,1874.8725287845834,0.0,-0.0,10.839990138091217,-0.0,0.0,0.0,-670.921451594196,-9.51148791930433,-1205.2795794091744,122.06179999999989,0.0,-0.0,8.214934390391708,-0.0,0.0,0.0,787.9136045992885,-4.98077519253014,-913.2095637971499,1013.662955,0.0,-0.0,16.24765336875737,-0.0,0.0,0.0,805.4004853915733,-26.86180330642987,-1808.4492904539006,888.48592,0.0,-0.0,1.875624719276852,-0.0,0.0,0.0,-679.4130003910387,-4.586037752639512,-206.36250657559853,2270.6188200000006,688.929033543557,-0.0,9.93848275267471,-0.0,0.0,0.0,-1837.3193555380371,-15.408988391013008,-1116.757992367182,8948.44605704181,0.0,-0.0,18.38495990861027,-0.0,0.0,0.0,-6934.711061436857,-42.108074745268766,-1990.011880768294,2429.4388,0.0,-0.0,65.87293256196037,-0.0,0.0,0.0,5122.730108179087,-16.905009356990988,-7601.136831384058,661.6660999999999,0.0,-0.0,22.43488668287838,-0.0,0.0,0.0,1701.320670790179,-19.848348716700222,-2365.573308756357,15746.953865009937,1047.8048971182016,-0.0,190.5446288997054,-0.0,0.0,0.0,300.0,-4.905,-17280.398391027844,60038.79769835991,0.0,-0.0,646.2555174460481,-0.0,0.0,0.0,-1555.0,-25.33575,-59104.71746580595
t170,9985.376865834278,96.45509279117243,-0.0,63.735996247300164,-529.4392151373341,0.0,0.0,2960.0,-31.49,-12544.638739735417,1673.8466554581548,0.0,-0.0,4.106527979548244,-25.404378540116078,0.0,0.0,-507.98226440730195,-9.071552113899715,-1135.4949883763852,122.06179999999989,0.0,-0.0,3.1113871788855905,-19.22378308992007,0.0,0.0,757.3367795725972,-3.9121181668645635,-859.3740654946979,995.365865,0.0,-0.0,6.1547900529225785,-38.06394301396587,0.0,0.0,764.2443419608948,-24.9274111689463,-1702.7736428309054,821.2891199999999,0.0,-0.0,0.7104173758074315,-0.0,0.0,0.0,-623.3921774617966,-4.207897197867127,-194.39946271614355,2260.6783000000005,404.9076297719828,-0.0,3.7645639305568395,-0.0,0.0,0.0,-1602.3142837672435,-14.092959989096563,-1052.9432499462,8948.44605704181,0.0,-0.0,6.963943079890173,-43.051044170330954,0.0,0.0,-7002.162852963824,-38.76780449838417,-1871.4282984891618,2429.4388,0.0,-0.0,24.951860275794992,-154.259137477651,0.0,0.0,4885.198346595652,-16.12115454376565,-7169.2087148500295,661.6660999999999,0.0,-0.0,8.498519231864556,-52.55637372477037,0.0,0.0,1624.0721104710224,-19.535492047407637,-2222.1448639307087,15699.477865009938,485.89213241244505,-0.0,72.52485610447678,-474.40508843483894,0.0,0.0,300.0,-4.905,-16078.58476509202,58527.03920724468,0.0,-0.0,286.11064349636945,-1562.1026177075828,0.0,0.0,-1555.0,-25.33575,-55670.71148303346
t171,9912.180944520996,0.0,-0.0,58.75282755461616,-444.9658469994485,0.0,0.0,2352.537921101158,-23.592992974315056,-11854.912853203008,1471.7499554581548,0.0,-0.0,3.9064139912669544,-65.34076914797507,0.0,0.0,-307.9795656505013,-7.714878165193765,-1094.6211564857515,122.06179999999989,0.0,-0.0,2.960940987293993,-49.465139242175255,0.0,0.0,754.9492629191644,-2.0383630098817442,-828.4685016544014,988.19897,0.0,-0.0,5.85542674378976,-39.777342305310476,0.0,0.0,708.0073654473945,-20.324121441786296,-1641.9602984440874,802.5127170415686,0.0,-0.0,0.6760169042176811,-7.637410074170666,0.0,0.0,-604.0529460211778,-4.077357385642951,-187.4210204647948,2237.8865000000005,0.0,-0.0,3.581873664524667,-23.292927528528207,0.0,0.0,-1186.9563289635205,-16.16587053873424,-1015.0532466337421,8608.788557041811,0.0,-0.0,6.626046855059568,-43.08823687493268,0.0,0.0,-6737.873664089697,-30.786451459726585,-1803.666251472515,2429.4388,0.0,-0.0,23.740841333269866,-154.38893190960465,0.0,0.0,4635.335959937018,-15.296608667792157,-6918.830060692891,661.6660999999999,0.0,-0.0,8.085266599879066,-52.592451533844226,0.0,0.0,1531.1171830627354,-8.801796146178825,-2139.4743019825914,15687.115457260998,0.0,-173.30643929022045,68.02616889705988,-497.672362958224,0.0,0.0,300.0,-4.905,-15379.257823909613,58122.920283348314,0.0,-0.0,242.5293011755734,-3416.8478252987397,0.0,0.0,-1445.0851877425746,-23.60136905265047,-53479.91520242991
t172,9816.676645161258,0.0,-0.0,40.734289682473474,-530.7591732369405,0.0,0.0,2112.5408465644873,-20.84035944976749,-11418.352248721512,1418.9867367649663,0.0,-0.0,2.752306539361604,-0.0,0.0,0.0,-347.88492936985944,-6.149871132792512,-1067.7042428016757,122.06179999999989,0.0,-0.0,2.0860626568999687,-0.0,0.0,0.0,686.2343984279044,-1.852832875755342,-808.5294282090488,992.74892,0.0,-0.0,4.12545639332553,-26.419971070972764,0.0,0.0,635.9207553437026,-4.2924650985700055,-1602.0826955674852,822.1733629584315,0.0,-0.0,0.4762763405296532,-0.0,0.0,0.0,-635.9207553437026,-4.2924650985700055,-182.43641885668853,2237.8865000000005,0.0,-0.0,2.5235830374277226,-17.187273684617573,0.0,0.0,-1218.1381821065324,-14.959014370732035,-990.125612875546,8608.788557041811,0.0,-0.0,4.668328277669599,-31.793497753152714,0.0,0.0,-6793.098768934545,-29.740898273225376,-1758.8237203585572,2429.4388,0.0,-0.0,16.726448372841013,-113.92033390206926,0.0,0.0,4436.634494492477,-14.64089383182517,-6754.238515131425,661.6660999999999,0.0,-0.0,5.696486749693948,-38.81024290724347,0.0,0.0,1462.0616099841134,-5.921349520435659,-2084.6926043061285,15687.115457260998,0.0,-392.84470272647906,47.83103511021115,-680.3047420928106,0.0,0.0,300.0,-4.905,-14956.892047551919,52617.04902988211,0.0,-0.0,175.63448482000973,-0.0,0.0,0.0,-638.3494690580449,-9.20203825703717,-52145.13200738704
t173,9699.720217239877,0.0,-609.925942121888,15.219194145091453,-187.02916318977685,0.0,0.0,2270.728849347677,-22.529475041519806,-11166.183680379461,1621.0834367649663,0.0,-0.0,1.0624891346318082,-0.9622707721038026,0.0,0.0,-571.3177761597748,-3.097013475880537,-1046.7688654918388,122.06179999999989,0.0,-0.0,0.8065403109480882,-0.7315221685891151,0.0,0.0,672.2564437084205,-1.8150923980127356,-792.5781694527666,985.57202,0.0,-0.0,1.593172476177334,-33.157718779369496,0.0,0.0,620.3605734401166,-4.187433870720838,-1570.1806132662036,807.6351187652485,0.0,-0.0,0.18409172152516717,-3.825545284111483,0.0,0.0,-620.3605734401166,-4.187433870720838,-179.4456578918248,2226.4906000000005,0.0,-0.0,0.9749993909711516,-20.276287900911854,0.0,0.0,-1219.7995779070218,-16.20912236372068,-971.1806112193171,8608.788557041811,0.0,-0.0,1.8036927507195928,-37.50781746047468,0.0,0.0,-6820.077886710638,-30.0568501540268,-1722.9496954673914,2429.4388,0.0,-0.0,6.462210249505221,-134.39446572998253,0.0,0.0,4338.367921860533,-14.316614142139757,-6625.5578522379155,661.6660999999999,0.0,-0.0,2.1999884240981515,-45.78291611205841,0.0,0.0,1430.780693409449,-7.000588689686166,-2041.863277031803,15687.115457260998,0.0,-1165.436612011223,17.99136635312037,-15.364599446102122,0.0,0.0,300.0,-4.905,-14819.400612156793,53135.75964054903,0.0,-0.0,82.35265010504115,-1017.2182053415889,0.0,0.0,-400.9386675486458,-6.186921077867802,-51793.76849668597
t174,9647.50195469074,0.0,-916.9035208650291,36.514747080142705,-0.0,0.0,0.0,2411.469032388311,-24.359097421048045,-11154.223115873117,1536.7922710119133,0.0,-0.0,2.595261328652465,-0.0,0.0,0.0,-473.18139124699576,-4.48343466613319,-1061.7227064274366,122.06179999999989,0.0,-0.0,1.9693746876057923,-0.0,0.0,0.0,681.353138634418,-1.8396534743129287,-803.5446598477106,990.82592,0.0,-0.0,3.891184887100065,-0.0,0.0,0.0,602.8041662026887,-4.411036169538708,-1593.11023492025,817.0509612347515,0.0,-0.0,0.44953645473167225,-0.0,0.0,0.0,-631.7963736323971,-4.26462552201868,-181.4394985350673,2249.2824000000005,0.0,-0.0,2.3811038939055345,-0.0,0.0,0.0,-1250.5021756678248,-16.02124210217384,-985.1400861239069,8608.788557041811,0.0,-0.0,4.404871493137375,-0.0,0.0,0.0,-6835.268536953033,-30.062678828991366,-1747.8622127529234,2429.4388,0.0,-0.0,15.78182579931225,-0.0,0.0,0.0,4289.25660248948,-14.154546788215157,-6720.322681500577,661.6660999999999,0.0,-0.0,5.373215871542255,-0.0,0.0,0.0,1414.0372851727745,-9.33239800717044,-2071.7442030371462,15687.115457260998,0.0,-972.7702145227342,44.388212502308036,-0.0,0.0,0.0,300.0,-4.905,-15053.828455240571,52831.506463772675,0.0,-0.0,168.19608946311865,-239.3136119717585,0.0,0.0,-508.1717473874222,-7.548781191820263,-52244.66841268479
t175,11689.50924049137,0.0,-3053.3758971199854,91.23287035615806,-163.76715055025534,0.0,0.0,2960.0,-31.49,-11492.10906317729,1372.613571011913,0.0,-0.0,6.584639913738686,-3.709140749759148,0.0,0.0,-284.08856547950586,-0.7670391267946659,-1090.633465569592,170.28579999999988,0.0,-0.0,4.998301385281927,-2.809291784811229,0.0,0.0,655.5342371041397,-2.5314060670116767,-825.4776406375985,1083.95405,0.0,-0.0,9.8734199793536,-5.558709208238934,0.0,0.0,555.230285408456,-7.520388166973675,-1635.978658012597,823.3204400000001,0.0,-0.0,1.1408608435294838,-0.6414828563542206,0.0,0.0,-633.1221433762123,-4.273574467789433,-186.42410014317355,4483.520191664642,0.0,-0.0,6.042350271335685,-3.399616474628076,0.0,0.0,-3450.8149908775167,-24.28310935140281,-1011.0648252324307,7258.156729743229,0.0,-0.0,11.177994012845577,-6.28879028642196,0.0,0.0,-5427.34566167016,-39.009525166927254,-1796.690746632566,2814.9568,0.0,-0.0,40.04818082853422,-79.20516524630614,0.0,0.0,4131.726830688074,-13.634698541270645,-6893.891947729032,793.1860999999999,0.0,-0.0,13.63404856363032,-25.38457869572478,0.0,0.0,1368.9892156714097,-19.914761358326196,-2130.5100241809887,17610.114146000695,0.0,-2242.782150246868,111.53129452919408,-66.30043285709883,0.0,0.0,123.89079253131482,-0.9105973251051638,-15535.54305263213,53415.16916063311,0.0,-0.0,430.0446492395527,-0.0,0.0,0.0,-0.0,-0.0,-53845.213809872665
t176,12262.444918306295,0.0,-3134.646949747582,163.68570678027672,-203.61320130035904,0.0,0.0,2960.0,-31.49,-12016.380474038631,1153.067971011913,0.0,-0.0,11.81170040668983,-25.615896869443496,0.0,0.0,-4.705943420375159,-0.05976548143876452,-1134.4980656473454,157.0191999999999,0.0,-0.0,8.967424205808058,-3.091073579254938,0.0,0.0,698.8008653060812,-3.3193041102038854,-858.3771118224303,1064.19276,0.0,-0.0,17.71184419763669,-25.440513450637106,0.0,0.0,656.4219379450648,-11.109325933074338,-1701.7767027589903,753.3720400000001,0.0,-0.0,2.046755747373481,-0.7057115896315882,0.0,0.0,-556.5568626189206,-3.756758822677714,-194.39946271614355,7614.911374717075,0.0,-659.8238447937129,10.839793777199406,-3.7390808225982965,0.0,0.0,-5873.665940632225,-37.57326300019274,-1050.9490392455443,5673.896282638411,0.0,-0.0,20.053047846579094,-14.519583943369462,0.0,0.0,-3756.462763746518,-50.542183614520646,-1872.4247991805832,2706.6178,0.0,-0.0,71.84507580844229,-20.651506468545755,0.0,0.0,4406.987438203671,-14.543058546072116,-7150.255748997497,756.2260999999999,0.0,-0.0,23.320656056845333,-0.0,0.0,0.0,1464.4753255428463,-18.88912506844853,-2225.1329565312426,18428.045307617842,0.0,-2242.782150246868,199.60123108524576,-140.10292446936535,0.0,0.0,0.0,-0.0,-16244.761463986852,54789.99723847476,0.0,-0.0,790.4667580637029,-0.0,0.0,0.0,4.705943420375159,-0.05976548143876452,-55585.11017447739
t177,12729.295341706496,0.0,-2978.2452100913065,249.81009974090682,-0.0,0.0,0.0,2960.0,-31.49,-12929.370231356097,1209.0848398934927,0.0,-0.0,18.127039554558646,-0.0,0.0,0.0,0.0,-0.0,-1227.2118794480511,152.5773999999999,0.0,-0.0,13.757936190582683,-4.756350917845928,0.0,0.0,771.2452522287823,-3.6634149480867158,-929.1608225534321,1057.450335,0.0,-0.0,27.179840213516805,-2.682050235169825,0.0,0.0,776.1480779766345,-16.747890127883842,-1841.3483128270973,685.47784,0.0,-0.0,3.1403300605233975,-1.085603863161617,0.0,0.0,-473.98299313163966,-3.1993852036385677,-210.35018786208352,9461.428798758605,0.0,-1752.9183323037116,16.632843227468214,-5.749434627832235,0.0,0.0,-6541.746704821441,-40.94707085934828,-1136.7000993737388,6390.465554083763,0.0,-0.0,30.76968805898408,-5.32446483954452,0.0,0.0,-4331.620809995937,-56.411060264964085,-2027.8789070423027,2668.6288,0.0,-0.0,79.66160548561106,-119.3,0.0,0.0,5115.713895610362,-16.881855855514193,-7727.822445240459,743.2660999999999,0.0,-0.0,37.532023319938226,-71.71742979562981,0.0,0.0,1724.2432821332386,-19.941185292639616,-2413.3827903649067,20106.336483252267,0.0,-2242.782150246868,308.4789604167529,-481.13889024338704,0.0,0.0,0.0,-0.0,-17690.894403178765,59501.035530227455,0.0,-0.0,1194.0739893589828,-1275.8570130395915,0.0,0.0,-0.0,-0.0,-59419.25250654685
t178,12571.023006401703,0.0,-1421.2653644517409,316.3687634126384,-223.36089276462087,0.0,0.0,2960.0,-31.49,-14171.27551259798,1302.0662284811112,0.0,-0.0,22.04931802753768,-15.156003279329948,0.0,0.0,0.0,-0.0,-1308.9595432293186,159.5703999999999,0.0,-0.0,13.706741541460628,-24.39694803027873,0.0,0.0,846.1107829418171,-4.019026218973631,-990.9719502340251,1080.260995,0.0,-0.0,28.57288387647364,-10.282569324229264,0.0,0.0,888.2367540851101,-23.813062036621098,-1962.9750016007333,711.3582544803733,0.0,-0.0,3.1293789873795044,-4.58600743605332,0.0,0.0,-482.33876698973756,-3.2557866771807285,-224.307072364781,10244.574623003795,0.0,-1752.9183323037116,16.580780523767597,-24.286990874612744,0.0,0.0,-7227.062060942822,-44.40791340776126,-1212.4801059986546,6443.152475266141,0.0,-0.0,30.672534301970934,-33.3,0.0,0.0,-4215.231163446311,-60.89434435478197,-2164.3995017670177,2722.0948,0.0,-0.0,134.04232490401807,-0.0,0.0,0.0,5395.84271869579,-18.412467452301723,-8233.567376147508,761.5061,0.0,-0.0,45.64357828991339,-45.64357828991339,0.0,0.0,1834.4417356561544,-20.212013995547903,-2575.7358216606062,21493.87456619995,0.0,-2242.782150246868,386.5807260715895,-513.504710878002,0.0,0.0,0.0,-0.0,-19124.16843114667,62278.68332340198,0.0,-0.0,1018.5075335453422,-0.0,0.0,0.0,-0.0,-0.0,-63297.19085694732
t179,12759.947969616396,0.0,-60.37358577324676,411.6994293676818,-796.5900981960732,0.0,0.0,2949.444678339519,-31.352780818413752,-15232.775612535865,1350.9961007120617,0.0,-0.0,27.409578969249445,-19.6,0.0,0.0,0.0,-0.0,-1358.805679681311,169.38499999999988,0.0,-0.0,20.78427513031238,-14.9,0.0,0.0,857.660803466348,-4.073888816465153,-1028.856189780195,1099.326335,0.0,-0.0,31.068691344223183,-29.4,0.0,0.0,960.7874386798205,-23.0400179577666,-2038.7424470662772,781.0174544803733,0.0,-0.0,3.5891556168138044,-3.4,0.0,0.0,-544.2535434197316,-3.6737114180831885,-233.27935525937224,10183.781581433544,0.0,-1752.9183323037116,19.0113275686642,-18.0,0.0,0.0,-7129.611834818927,-43.91578976583558,-1258.3469521137354,7215.499309483017,0.0,-0.0,46.50282477881929,-33.3,0.0,0.0,-4916.543405365679,-62.060167666910026,-2250.098561229248,2799.4798,0.0,-0.0,166.61515842529565,-318.64820220037797,0.0,0.0,5908.867311171421,-20.496762126866017,-8535.817305269473,787.9060999999999,0.0,-0.0,56.73727816261673,-56.73727816261673,0.0,0.0,1913.648551947229,-20.239558401075083,-2681.315093546153,21237.630737924857,0.0,-1198.8305047045114,491.43188628279415,-491.43188628279415,0.0,0.0,300.0,-4.905,-20333.895233220344,67613.89067599767,0.0,-0.0,874.4210898942205,-1411.4,0.0,0.0,-300.0,-4.905,-66772.0067658919
t180,12385.428122880723,262.7408653448765,-0.0,419.5793252984553,-0.0,0.0,0.0,2960.0,-31.49,-15996.258313524053,1383.8331880717205,0.0,-0.0,26.63807423107697,-17.770209834131702,0.0,0.0,0.0,-0.0,-1392.7010524686657,177.64539999999988,0.0,-0.0,20.18329221544061,-5.649832465310121,0.0,0.0,866.715021862872,-4.1168963538486425,-1054.7769852591537,1116.633475,0.0,-0.0,39.92488638042891,-29.4,0.0,0.0,992.0978539405717,-29.669824587055388,-2089.586390733945,850.1012544803733,0.0,-0.0,4.608395032787959,-1.2892235155741216,0.0,0.0,-610.0417668820337,-4.117781926453727,-239.26087718909974,9482.89543378585,0.0,-507.9457843861618,24.42013250265616,-6.825300964804172,0.0,0.0,-7656.709629335498,-46.57763362814427,-1289.2572179738984,6816.655709925368,0.0,-0.0,45.174022633295245,-110.14740778662053,0.0,0.0,-4380.1853335039505,-65.59439131925333,-2305.9025999488395,2865.6088,0.0,-0.0,161.8587306902702,-182.66050102347427,0.0,0.0,5925.03062363129,-20.550101057983255,-8749.287552240101,810.4660999999999,0.0,-0.0,55.128228817509154,-55.128228817509154,0.0,0.0,1959.369500661515,-20.790408169915867,-2749.0451924915983,21404.906374869086,0.0,-254.98552031833793,498.2478446421596,-498.2478446421596,0.0,0.0,243.72372962523315,-5.318630587254536,-21388.325953588726,67729.6496203267,0.0,-0.0,1727.1775962344482,-0.0,0.0,0.0,-300.0,-4.905,-69151.92221656117
t181,13032.161997879819,0.0,-0.0,474.1403475434531,-0.0,0.0,0.0,2960.0,-31.49,-16434.812345423274,1415.650941572064,0.0,-0.0,17.72922349009977,-12.76527618038272,0.0,0.0,0.0,-0.0,-1420.6148888817813,155.68139999999988,0.0,-0.0,22.23305596391951,-49.15438259018491,0.0,0.0,951.4724330600746,-4.519494057035354,-1075.7130123767738,1095.598835,0.0,-0.0,41.64281548427954,-0.0,0.0,0.0,1009.5487211915294,-15.332497921431713,-2131.457873754377,777.9136544803733,0.0,-0.0,5.07683154369262,-0.9251611279616562,0.0,0.0,-535.2041384857407,-3.6126279347787498,-243.24855847558473,9587.649797130263,0.0,-1752.9183323037116,26.905795805265196,-4.89791185391465,0.0,0.0,-6500.817015765863,-40.74037592961761,-1315.1819570824223,8124.584982599046,0.0,-0.0,49.77169149176417,-9.061136929742101,0.0,0.0,-5755.221603501161,-57.33580121426889,-2352.7381324456396,2689.7338,0.0,-0.0,178.33504061017487,-74.05404335430194,0.0,0.0,6142.128373214412,-20.26902363160756,-8915.874146838676,750.4660999999999,0.0,-0.0,60.746634842197025,-0.0,0.0,0.0,2016.6841378125296,-22.07792075297582,-2805.8189519017506,21305.001173542365,297.16209569084856,-0.0,562.2167316469731,-0.0,0.0,0.0,11.409092474218653,-7.0261431703144925,-22168.76295018409,70011.24225267832,0.0,-0.0,1853.309519511064,-1015.2102455126674,0.0,0.0,-300.0,-4.905,-70544.43652667674
t182,13393.302926313758,0.0,-0.0,500.89391833335765,-191.54189857805824,0.0,0.0,2960.0,-31.49,-16631.16494606906,1412.3564929572165,0.0,-0.0,30.675666678475558,-6.466507089273038,0.0,0.0,0.0,-0.0,-1436.565652546419,183.63679999999988,0.0,-0.0,23.23521235620933,-4.915865083171851,0.0,0.0,889.9475600813346,-4.227250910386339,-1087.6764564439854,1189.307345,0.0,-0.0,45.972880622429436,-89.3,0.0,0.0,1024.0819044943073,-14.677694636398552,-2155.384435480338,716.9972544803733,0.0,-0.0,5.305538739931597,-11.421741025690222,0.0,0.0,-461.526429356013,-3.1153033981530878,-246.23931944044847,8989.367208082718,0.0,-1059.4257903732241,28.116818784544144,-60.53862895953647,0.0,0.0,-6527.503035219629,-40.87514032785913,-1329.141431987012,8166.015546842985,0.0,-0.0,39.16497394444427,-10.986463575142457,0.0,0.0,-5755.221603501161,-57.33580121426889,-2381.6366524968566,2913.4467999999997,0.0,-0.0,186.36150458090603,-167.71179056497147,0.0,0.0,6096.924924955724,-20.37751190742841,-9008.64392706423,826.7860999999999,0.0,-0.0,63.478621927110396,-11.047512292718599,0.0,0.0,1984.0733277035663,-21.614474229794432,-2841.676063108163,21565.831061750458,932.9949215428578,-0.0,113.39403758717958,-0.0,0.0,0.0,89.22335084186997,-6.454208371312256,-22694.989163351052,73204.69329149048,0.0,-0.0,1971.9911272635686,-3499.2,0.0,0.0,-300.0,-4.905,-71372.57941875406
t183,13420.80983223845,0.0,-0.0,278.85497270402357,-0.0,0.0,0.0,2960.0,-31.49,-16628.174804942475,1414.9372834978085,0.0,-0.0,29.74918272234619,-5.130045486616401,0.0,0.0,0.0,-0.0,-1439.5564207335385,171.70119999999991,0.0,-0.0,22.529463553648934,-3.899881517886958,0.0,0.0,903.6318329593157,-4.29225120655675,-1089.6703637885207,1191.9976,0.0,-0.0,7.6950682299246,-5.6482360546897326,0.0,0.0,987.0963401847927,-21.768576592028836,-2159.372195767998,690.1178400000001,0.0,-0.0,0.8899058497191715,-0.8899058497191715,0.0,0.0,-439.9121929356149,-2.9694073023154006,-247.23623976206972,8533.638321559956,0.0,-0.0,4.7112662632191435,-4.7112662632191435,0.0,0.0,-7158.441300305743,-44.06137856654401,-1331.1356426876678,7529.812930766607,0.0,-0.0,50.436192600524365,-8.715842586955416,0.0,0.0,-5122.596283403909,-61.321340730881566,-2387.615656645384,2817.7708,0.0,-0.0,180.7162621803065,-100.72971499478263,0.0,0.0,6142.128373214412,-20.26902363160756,-9019.616696768328,794.1460999999999,0.0,-0.0,61.55839563205244,-0.0,0.0,0.0,2017.016206737286,-22.08036145957278,-2850.6403409097657,22598.483551268713,0.0,-0.0,585.1451277036799,-205.83532029685972,0.0,0.0,11.077023549462183,-7.028583876911453,-22981.84179834808,71691.2087635338,0.0,-0.0,411.2512641700088,-493.65572860521985,0.0,0.0,-300.0,-4.905,-71303.8992990986
t184,13469.4407949496,483.29393171568347,-0.0,514.5838713340204,-801.5420591581353,0.0,0.0,2960.0,-31.49,-16594.28653884117,1502.147188920658,0.0,-0.0,5.712149002869011,-65.312149002869,0.0,0.0,0.0,-0.0,-1442.547188920658,149.09039999999987,0.0,-0.0,4.34239898687491,-49.44239898687491,0.0,0.0,992.3877127687076,-4.713841635651361,-1091.664271133056,1156.9532,0.0,-0.0,46.95422227155129,-115.26305236813766,0.0,0.0,1095.6913078723076,-20.975721720062666,-2163.3599560556586,751.94164,0.0,-0.0,5.418383408016472,-11.290882990293605,0.0,0.0,-495.48835426436864,-3.344546391284488,-247.23623976206972,8506.092564236198,0.0,-0.0,28.71590188310987,-59.84585112508378,0.0,0.0,-7097.084131392043,-43.751524863529816,-1334.1269587386512,7835.952613273865,0.0,-0.0,53.120119939658366,-110.704824581405,0.0,0.0,-5325.728138485763,-60.04161004386589,-2392.598160102491,2637.6748,0.0,-0.0,190.33264630594394,-0.0,0.0,0.0,6225.045092962594,-20.4680237590032,-9032.584515509534,732.7060999999999,0.0,-0.0,64.83335733862822,-35.853738984571066,0.0,0.0,2119.5694041013667,-23.642565477743553,-2857.6125569776796,20364.234176187707,2242.782150246868,-0.0,616.95897427786,-0.0,0.0,0.0,-174.3928935628008,-8.391787767686587,-23041.190619381945,68668.56931610509,0.0,-0.0,1996.6298607707859,-0.0,0.0,0.0,-300.0,-4.905,-70360.2941768759
t185,13145.747868275344,0.0,-0.0,568.1553805297415,-80.02154864749969,0.0,0.0,2960.0,-31.49,-16562.39170015759,1506.0898000000002,0.0,-0.0,29.916781925050103,-65.80682372866058,0.0,0.0,-39.50896781111938,-0.10667421309002234,-1430.5841161721798,134.84919999999988,0.0,-0.0,26.141082092186387,-26.141082092186387,0.0,0.0,952.28484772533,-4.442359642682522,-1082.6916880826473,1116.8189300000001,0.0,-0.0,51.72799173090217,-51.72799173090217,0.0,0.0,1043.775613623509,-15.179508862321025,-2145.4150347611876,815.6778400000001,0.0,-0.0,5.969223455457104,-5.969223455457104,0.0,0.0,-566.6108178606137,-3.824623020559142,-245.24239911882722,7828.65867597432,0.0,-0.0,31.635300849004835,-31.635300849004835,0.0,0.0,-6464.940675677106,-40.55920041216939,-1323.158799885045,8239.246761984063,0.0,-0.0,58.52055654197609,-111.54526684512228,0.0,0.0,-5755.221603501161,-57.33580121426889,-2373.6646469654866,2525.1148,0.0,-0.0,209.6828273606087,-0.0,0.0,0.0,6239.485131033507,-20.50267985037339,-8953.780078543741,694.3060999999999,0.0,-0.0,71.42484566899282,-0.0,0.0,0.0,2094.5645331524065,-23.599570047460098,-2836.6959087739388,22970.552395317765,0.0,-0.0,246.93307874675628,-301.8859099383523,0.0,0.0,-163.82806068475355,-8.31413624603294,-22743.457367195377,69959.92726756164,0.0,-0.0,2134.28058941126,-3910.4512641700085,0.0,0.0,-300.0,-4.905,-67878.85159280291
t186,11833.904410921374,1304.6469497475819,-0.0,521.6225678813657,-88.08847834216357,0.0,0.0,2960.0,-31.49,-16500.595450208155,1515.3299499999996,0.0,-0.0,31.5927073786013,-31.5927073786013,0.0,0.0,-106.66551879825988,-7.987996900755301,-1400.6764343009845,122.5481999999999,0.0,-0.0,23.92713987488139,-20.316205050832323,0.0,0.0,937.8105080684995,-3.21093559978894,-1060.7587072927595,1069.09982,0.0,-0.0,47.34593855825773,-47.34593855825773,0.0,0.0,1052.2433338803726,-19.793482283446615,-2101.5496715969252,812.5848400000002,0.0,-0.0,5.463646633364712,-5.463646633364712,0.0,0.0,-568.489736766108,-3.837305723171229,-240.257797510721,5495.249454825487,0.0,-0.0,28.955627477562043,-28.955627477562043,0.0,0.0,-4171.561802876028,-28.44780187359428,-1295.2398500758654,9096.332116013524,0.0,-0.0,53.56359858252536,-53.56359858252536,0.0,0.0,-6718.558387009636,-51.94111522662143,-2325.832613777265,2429.4388,0.0,-0.0,191.92152625631428,-34.768335512360856,0.0,0.0,6200.061541547179,-20.4080632356062,-8766.245469055526,661.6660999999999,0.0,-0.0,65.37427276909035,-124.84404732166024,0.0,0.0,2200.7252644747,-23.99547142518725,-2778.9261184969414,21324.564050717116,1070.8754670888525,-0.0,596.9011952811647,-1150.0,0.0,0.0,-230.56520252071903,-8.804654238527284,-21602.970856327884,70624.76596893075,0.0,-0.0,1985.104531064239,-4836.829862936023,0.0,0.0,-1555.0,-25.33575,-66192.70488705896
t187,12389.77596632382,1830.0,-0.0,600.6749076775992,-1165.6381859577302,0.0,0.0,2960.0,-31.49,-16583.32268804369,1716.7133499999998,0.0,-0.0,35.57821314931534,-0.0,0.0,0.0,-389.7182578170974,-8.752239296106163,-1353.8210660361117,122.17079999999989,0.0,-0.0,27.06602590877681,-0.0,0.0,0.0,878.0890273232997,-2.457478140951703,-1024.8683750911246,1068.34721,0.0,-0.0,53.55959181229524,-0.0,0.0,0.0,930.4343318451681,-21.574207166506696,-2030.7669264909568,879.5398400000003,0.0,-0.0,6.180468177671669,-0.0,0.0,0.0,-649.0567402432788,-4.3811329966421315,-232.282434937751,3127.54081304517,1752.9183323037116,-0.0,32.755141623402075,-0.0,0.0,0.0,-3635.371884407832,-25.47808255268386,-1252.3643200117683,8948.44605704181,0.0,-0.0,60.59205140656563,-0.0,0.0,0.0,-6709.59808020142,-52.330969091971774,-2247.109059154984,2429.4388,0.0,-0.0,217.10537448524732,-114.02511635617711,0.0,0.0,5967.128373214412,-20.68902363160756,-8478.958407711876,661.6660999999999,0.0,-0.0,73.95379708035398,-0.0,0.0,0.0,1969.5485129767671,-20.86522391043297,-2684.3031861466875,21002.47037297364,0.0,-0.0,670.8708350239872,-1353.941490037563,0.0,0.0,233.54471730998097,-5.39344632777164,-20547.55098894227,64212.55108799185,0.0,-0.0,1893.254760329755,-0.0,0.0,0.0,-1555.0,-25.33575,-64525.4700983216
t188,13156.58606414463,0.0,-0.0,564.0097286839402,-0.0,0.0,0.0,2960.0,-31.49,-16649.105792828574,1918.6864999999998,0.0,-0.0,36.989631594931815,-0.0,0.0,0.0,-599.5148346086555,-9.318690053443369,-1346.8426069328327,122.06179999999989,0.0,-0.0,28.016297952461105,-4.693734664551259,0.0,0.0,878.5176700270825,-4.018426585205842,-1019.8836067297865,1098.69174,0.0,-0.0,55.43478879199952,-0.0,0.0,0.0,890.6850886113353,-25.011031703443535,-2019.8005856998911,946.7366400000003,0.0,-0.0,6.397313370394994,-1.0710535476157235,0.0,0.0,-715.9447580895452,-4.83262711710443,-231.28551461612975,3497.4681890335014,1099.9171286128937,-0.0,33.90318273766634,-59.86873744081768,0.0,0.0,-3302.4216193156035,-23.613561068167378,-1245.3845825594733,8948.44605704181,0.0,-0.0,62.71592220464291,-0.0,0.0,0.0,-6726.543150125775,-52.4572803370129,-2232.161548783665,2429.4388,0.0,-0.0,224.7143481514037,-162.53259528306174,0.0,0.0,5967.128373214413,-20.689023631607565,-8438.059902451148,661.6660999999999,0.0,-0.0,76.54334478887588,-116.72256094970412,0.0,0.0,2065.4619031657876,-21.57018732832227,-2665.3785996766364,19244.70783316458,0.0,-0.0,678.7150238212905,-0.0,0.0,0.0,137.63132712096052,-6.09840974566094,-20054.955774361166,63450.116162560866,0.0,-0.0,2294.409721409978,-463.87683556762045,0.0,0.0,-1555.0,-25.33575,-63700.31329840323
t189,13199.493328292057,1304.6469497475819,-0.0,548.0433171308101,-1236.9,0.0,0.0,2960.0,-31.49,-16743.79359517045,1904.4271268361763,0.0,-0.0,32.036533795868934,-19.6,0.0,0.0,-579.6974025640466,-9.265182986922925,-1327.9010750810755,122.06179999999989,0.0,-0.0,24.264043685434007,-3.6109348240490675,0.0,0.0,866.1439546489072,-3.9295618645198376,-1004.9293016457721,1068.1527,0.0,-0.0,47.76956240967112,-29.4,0.0,0.0,930.5572978351751,-25.193296558576428,-1991.8862636862698,983.316567598137,0.0,-0.0,5.54054475352765,-0.0,0.0,0.0,-755.4629835613594,-5.099375139039176,-228.294753651266,2765.0105606822126,1752.9183323037116,-0.0,29.362902974107286,-23.67468477626335,0.0,0.0,-3271.7415668057565,-23.441752774112235,-1228.4337916039,8948.44605704181,0.0,-0.0,54.04307055912241,-33.3,0.0,0.0,-6716.838257143931,-52.077343798817964,-2200.273526658184,2429.4388,0.0,-0.0,194.62091320948974,-193.145689684923,0.0,0.0,5918.945727304262,-20.530020900104063,-8329.329729928724,661.6660999999999,0.0,-0.0,66.29325393232742,-0.0,0.0,0.0,1917.0614240102025,-20.479443806528717,-2624.5413341360004,16445.087415554906,2242.782150246868,-0.0,574.6882046817208,-222.57322296050444,0.0,0.0,286.03180627654575,-5.007666223867389,-19321.008687575664,64495.23647678463,0.0,-0.0,2032.1843948765138,-1304.5029383306155,0.0,0.0,-1555.0,-25.33575,-63642.58218333053
t190,11114.478072990503,1830.0,-0.0,392.38294192625096,-0.0,0.0,0.0,2960.0,-31.49,-16265.371014916756,1702.3304268361762,0.0,-0.0,28.265135687779065,-0.0,0.0,0.0,-461.5390775083167,-8.946155509272455,-1260.110329506366,122.06179999999989,0.0,-0.0,21.41068715241568,-10.328849792200595,0.0,0.0,824.1895925626721,-3.248565562764267,-954.0846643601228,1021.14037,0.0,-0.0,42.36091300322347,-0.0,0.0,0.0,851.2913284115647,-24.594235063853453,-1890.1983763509347,955.6827200000001,0.0,-0.0,4.832505685318102,-3.4,0.0,0.0,-735.8167528120259,-4.966763081481175,-216.331709791811,2259.2393960000004,1752.9183323037116,-0.0,25.60982341293945,-18.0,0.0,0.0,-2833.1656694345716,-20.9857277488336,-1165.6161545332461,8948.44605704181,0.0,-0.0,47.92653365091994,-0.0,0.0,0.0,-6861.208909943352,-48.49123291321843,-2086.672447836158,2429.4388,0.0,-0.0,171.72252966862214,-321.5480872884132,0.0,0.0,5650.159796916188,-19.403607160493657,-7910.369432135903,661.6660999999999,0.0,-0.0,58.49139595141431,-73.88214415752343,0.0,0.0,1861.0896918078429,-20.275969090311953,-2487.0890745114207,15687.115457260998,2242.782150246868,-0.0,503.3075908660197,-468.64626028722114,0.0,0.0,300.0,-4.905,-18259.653938086663,62083.61491056867,0.0,-0.0,1797.0595509176685,-1010.7971493946977,0.0,0.0,-1555.0,-25.33575,-61289.54156209164
t191,11607.50441843763,1304.6469497475819,-0.0,405.39922416081765,-978.4,0.0,0.0,2960.0,-31.49,-15267.66059234603,1500.2337268361762,0.0,-0.0,22.810723249095364,-0.0,0.0,0.0,-333.09166866765065,-8.599347505402656,-1181.3534339122182,122.06179999999989,0.0,-0.0,17.27921849737142,-0.0,0.0,0.0,757.5346687815553,-2.6082432548616095,-894.267444024065,1045.209275,0.0,-0.0,34.18649923974497,-0.0,0.0,0.0,716.2146865235468,-24.04795297024811,-1771.5625077930438,888.4859200000001,0.0,-0.0,3.9454902157805583,-4.390354009449593,0.0,0.0,-681.0690150655252,-4.597215851692295,-202.37482528911352,2926.925412211507,0.0,-0.0,20.908773354531,-0.0,0.0,0.0,-1838.5934926972916,-15.416123559104832,-1093.8245693096414,8948.44605704181,0.0,-0.0,38.678272142492546,-0.0,0.0,0.0,-6992.752422482596,-40.23405082457914,-1954.137855877128,2429.4388,0.0,-0.0,138.5856067143289,-89.11593262375203,0.0,0.0,4962.0412536463955,-16.374736137033103,-7424.57499159994,661.6660999999999,0.0,-0.0,47.204292162714864,-66.00014654868079,0.0,0.0,1704.7159899615658,-19.86209975934434,-2327.7241358162555,15734.591457260998,549.565751442602,-0.0,404.402077154906,-0.0,0.0,0.0,300.0,-4.905,-16983.654285858505,57756.61721206603,0.0,-0.0,1449.325021015311,-0.0,0.0,0.0,-1555.0,-25.33575,-57625.606483081334
t192,9768.730621587702,961.3992627317837,-0.0,300.451056271666,-86.82954065173035,0.0,0.0,2960.0,-31.49,-13872.261399939422,1672.7758287845834,0.0,-0.0,17.342821743520915,-76.04993257309465,0.0,0.0,-504.40413393339884,-9.061891161620178,-1100.6026928599906,122.06179999999989,0.0,-0.0,13.140744859681206,-57.60530588464849,0.0,0.0,758.7378832209436,-3.87880585250434,-832.4563163434718,1023.0700049999999,0.0,-0.0,25.993412891538476,-113.97489885964197,0.0,0.0,739.8245032008987,-24.977203213387426,-1649.9358190194077,821.28912,0.0,-0.0,3.000375715690058,-12.054114094451988,0.0,0.0,-619.6349052245563,-4.182535610265755,-188.41794078641604,2259.2393960000004,367.2697201176214,-0.0,15.8990382998247,-9.286486382392876,0.0,0.0,-1600.0,-14.08,-1019.0416680350535,8948.44605704181,0.0,-0.0,29.411138882301408,-128.94809972877815,0.0,0.0,-6991.418222684261,-38.87711166724029,-1818.613761843834,2429.4388,0.0,-0.0,105.38015066715593,-462.02637530460163,0.0,0.0,4868.0873205996395,-16.06468815797881,-6924.815207804217,661.6660999999999,0.0,-0.0,35.89169975998306,-157.37486032998177,0.0,0.0,1643.8075548207344,-19.61542059702397,-2164.3750736537113,15699.477865009938,0.0,-0.0,303.0851843760806,-732.4405862369532,0.0,0.0,300.0,-4.905,-15565.217463149065,57139.17815048052,0.0,-0.0,1097.6771968817325,-3094.98454258818,0.0,0.0,-1555.0,-25.33575,-53561.53505477407
t193,9687.261852984368,1329.004188576282,-0.0,170.85678577194602,-0.0,0.0,0.0,1278.0619097017673,-11.246944805375552,-12453.937792228988,1680.4250461890867,0.0,-0.0,10.183823692886827,-45.535938411353456,0.0,0.0,-615.5835223202733,-1.6620755102647382,-1027.8273336400819,122.06179999999989,0.0,-0.0,7.717646433206556,-34.50669260344942,0.0,0.0,685.3414900683308,-1.9934258570680115,-778.6208180410198,1044.5482450000002,0.0,-0.0,15.26413987920364,-55.535960267342936,0.0,0.0,542.4536453761128,-4.463778735391422,-1542.2662912525823,798.9154703031472,0.0,-0.0,1.7620853846353604,-7.878617248063118,0.0,0.0,-612.2116131241703,-4.132428388588149,-176.45489692696106,2240.9894800000006,0.0,-0.0,9.336872502276565,-7.78478308171792,0.0,0.0,-1278.0619097017673,-11.246944805375552,-953.232714913416,5878.264165784154,0.0,-0.0,17.272054563198985,-14.40184870117815,0.0,0.0,-4172.20039275913,-13.886302779448716,-1695.0476761075954,2429.4388,0.0,-0.0,61.88542173856255,-0.0,0.0,0.0,4014.8117483010174,-13.248878769393357,-6492.887091270188,661.6660999999999,0.0,-0.0,21.076841612209485,-0.0,0.0,0.0,1339.5618372582312,-9.326396977136223,-2012.9783818933042,14710.8103074522,1136.4526250021186,-0.0,179.01979187747526,-443.33145785165016,0.0,0.0,-1182.1731928001177,-8.688972967080865,-14392.089100712945,49407.58851194488,0.0,-0.0,661.2140809310237,-0.0,0.0,0.0,-0.0,-0.0,-50068.8025928759
t194,9733.06183762999,886.7556923263559,-0.0,63.178926858489696,-67.96026663758045,0.0,0.0,737.0419267527635,-6.485968955424319,-11345.592147974596,1554.7461144369533,0.0,-0.0,3.8717489387361943,-59.6,0.0,0.0,-523.6106084609148,-1.41374864284447,-973.9935062719301,122.06179999999988,0.0,-0.0,2.9334948926957947,-45.1,0.0,0.0,659.9116009424833,-2.0611783571319204,-737.7457174780469,1054.157515,0.0,-0.0,5.802903817654983,-103.60345524656326,0.0,0.0,510.16827915420055,-5.011097297828891,-1461.5141454274633,826.9488330573913,0.0,-0.0,0.6697998726677719,-10.3,0.0,0.0,-646.469271635769,-4.3636675835414405,-166.48569371074856,2218.1976800000007,2919.6183323037117,-0.0,3.5493308014994787,-0.0,0.0,0.0,-4212.041926752763,-25.94596895542432,-903.377447397024,2070.5359514083625,0.0,-0.0,6.565790023729106,-0.0,0.0,0.0,-440.305392505162,-32.430235738669914,-1604.366113188259,2429.4388,0.0,-0.0,23.525277049931937,-127.5548890634868,0.0,0.0,3849.001467967996,-12.701704844294387,-6161.708951110148,661.6660999999999,0.0,-0.0,8.012634873818918,-6.77939267611284,0.0,0.0,1248.4771173372835,-8.957503861456386,-1902.4189556735334,14710.8103074522,0.0,-0.0,68.1399381955263,-89.19873572729307,0.0,0.0,-1182.1731928001177,-8.688972967080865,-13498.889344153235,47439.49147764924,0.0,-0.0,265.0109097454015,-329.15492187594253,0.0,0.0,-0.0,-0.0,-47375.347465518695
t195,9694.773890497769,1214.6972042918708,-0.0,57.68392383165278,-852.8700635475759,0.0,0.0,542.3672836289572,-4.772832095934824,-10651.879406606738,1413.876501976813,0.0,-0.0,3.6383774502251782,-2.3668167385400354,0.0,0.0,-474.7649864694949,-1.2818654634676363,-939.1012107555355,122.06179999999985,0.0,-0.0,2.7577699469490637,-14.90557293513638,0.0,0.0,602.8040221981871,-1.8900508831789242,-710.8279683268208,993.285475,0.0,-0.0,5.453656051608514,-47.44497230227695,0.0,0.0,461.97292904859233,-4.590766181957958,-1408.6763216159657,759.7520330573913,0.0,-0.0,0.6296309382869024,-5.882946675125796,0.0,0.0,-590.0119647772846,-3.9825807622466707,-160.50417178102106,2240.9894800000006,2553.9979001322126,-0.0,3.336100348857191,-2.1736072088632974,0.0,0.0,-3901.09807257166,-23.58172451401396,-871.470076186533,2070.5359514083625,0.0,-0.0,6.171394633012879,-78.53621805019567,0.0,0.0,-420.3222873355571,-31.279767569797393,-1546.569073085825,2429.4388,0.0,-0.0,22.111844118795872,-276.8768127356979,0.0,0.0,3779.05307627826,-12.470875151718259,-5941.256032509639,661.6660999999999,0.0,-0.0,7.5304945238919005,-9.98401936253006,0.0,0.0,1182.1731928001177,-8.688972967080865,-1832.6967949943987,14710.8103074522,0.0,-0.0,63.45198566101202,-490.5978496037978,0.0,0.0,-1332.496406579396,-11.146757512372064,-12940.021279417646,45444.49857947844,0.0,-0.0,224.2433498434497,-0.0,0.0,0.0,150.32321377927826,-2.4577845452911995,-45816.60735855588
t196,9678.796462061198,462.73853082117466,-0.0,39.66818081875435,-32.66419006963035,0.0,0.0,0.0,-0.0,-10148.538983631497,1615.973201976813,0.0,-0.0,2.5452136891598673,-31.66540144698436,0.0,0.0,-666.9111839925786,-5.763687696870569,-914.1781425295393,122.06179999999988,0.0,-0.0,1.929094767727797,-0.0,0.0,0.0,570.0479341837147,-2.152980397706433,-691.8858485537359,1009.257035,0.0,-0.0,3.815040471950163,-3.2943608551900367,0.0,0.0,366.935251466132,-5.920367199698655,-1370.7925988831937,826.9488330573912,0.0,-0.0,0.44043867722154617,-0.0,0.0,0.0,-666.3747516663288,-4.498029573747719,-156.51649049453607,2263.7812800000006,0.0,-0.0,2.333696570083224,-0.0,0.0,0.0,-1410.6756451784192,-7.899783612999148,-847.5395477786649,3472.9328393437804,0.0,-0.0,4.317060648475,-0.0,0.0,0.0,-1953.532186488624,-19.00166945750039,-1504.7160440461312,2429.4388,0.0,-0.0,15.467870948358058,-13.367933674291546,0.0,0.0,3364.207831667043,-11.101885844501242,-5784.644683096608,661.6660999999999,0.0,-0.0,5.267859687590295,-58.5189587353122,0.0,0.0,1182.1731928001177,-8.688972967080865,-1781.8992207853148,14710.8103074522,0.0,-0.0,44.877557347384204,-662.1442875767116,0.0,0.0,-1482.1731928001177,-13.593972967080866,-12597.776411455674,41772.055099532554,3693.0,-0.0,162.04849870568034,-1623.6130527368794,0.0,0.0,696.3027500090607,-9.938044925115072,-44689.85525058531
t197,9768.877569374712,0.0,-0.0,14.721717016848729,-0.0,0.0,0.0,64.49975500772308,-0.5675978440679632,-9847.531443555215,1574.2084478864062,0.0,-0.0,0.9882248556658063,-0.8882968625359882,0.0,0.0,-667.2854807585067,-6.801670798047968,-900.2212243229815,122.0617999999999,0.0,-0.0,0.7501638633045111,-11.530548268616409,0.0,0.0,572.0120646355681,-2.3741220714640097,-680.919358158792,1024.3186050000002,0.0,-0.0,1.4818142778944912,-0.0,0.0,0.0,330.94467033442635,-6.8882322393435835,-1349.8568573729776,894.1456330573913,0.0,-0.0,0.17122396258529,-0.15409231288889588,0.0,0.0,-735.6712542114877,-4.965780965927542,-153.52572952967233,2270.8385000000007,1316.87547590366,-0.0,0.9068489823486305,-17.227167936326087,0.0,0.0,-2721.370405239912,-15.44607348536822,-834.5771782244029,2070.5359514083625,0.0,-0.0,1.6776183167845444,-1.5091982409412448,0.0,0.0,-564.3956894698681,-25.508654562317044,-1480.8000274520205,2429.4388,0.0,-0.0,6.01051556765163,-0.0,0.0,0.0,3275.16531992539,-10.759536473552787,-5699.855099019489,661.6660999999999,0.0,-0.0,2.046215335072542,-29.157840878579115,0.0,0.0,1128.2742125767845,-8.818330519616865,-1754.010356513661,14710.8103074522,0.0,-745.1454932646682,16.770643384554248,-99.58019501944318,0.0,0.0,-1482.1731928001177,-13.593972967080866,-12387.088096785443,40559.844651251165,3482.641854599872,-0.0,75.72868987546849,-701.8472389412536,0.0,0.0,800.0,-11.254999999999999,-44205.11295678525
t198,9820.863992188697,0.0,-0.0,35.14400445632237,-119.11177477347076,0.0,0.0,0.0,-0.0,-9736.896221871548,1553.3315721108584,0.0,-0.0,2.4109755961821877,-0.0,0.0,0.0,-645.7869304846308,-6.743624712308503,-903.211992510101,122.06179999999993,0.0,-0.0,1.8295263673029736,-0.0,0.0,0.0,562.3913886971098,-2.3724958888177783,-683.9102191755949,1080.842915,0.0,-0.0,3.614874678979744,-0.0,0.0,0.0,277.0447715308497,-6.661003477276743,-1354.841557732553,852.4363974672882,0.0,-0.0,0.417614428101457,-0.0,0.0,0.0,-693.6492297433286,-4.682132300767468,-154.52264985129358,2248.0467000000003,1244.148036142395,-0.0,2.212021359567857,-0.0,0.0,0.0,-2642.04282341545,-14.795439811126519,-837.5684942753865,2070.5359514083625,0.0,-0.0,4.092080643671181,-0.0,0.0,0.0,-563.471862867048,-25.37363827585876,-1485.782530909127,2429.4388,0.0,-0.0,14.661156711148788,-0.0,0.0,0.0,3285.478219104378,-10.770110943504754,-5718.8080648720215,661.6660999999999,0.0,-0.0,4.991667182344687,-0.0,0.0,0.0,1102.209659978238,-8.880885445853377,-1759.9865417147296,14710.8103074522,0.0,-829.421565455657,41.03240124534369,-0.0,0.0,0.0,-1482.1731928001177,-13.593972967080866,-12426.653977474689,43358.68794002403,0.0,-0.0,153.23496584706453,-0.0,0.0,0.0,800.0,-11.254999999999999,-44300.667905871094
t199,10109.615703629124,0.0,-1830.0,86.89057895840922,-56.75623257478033,0.0,0.0,1551.434012855593,-13.65261931312922,-9847.531443555215,1562.0506924770298,0.0,-0.0,6.029707814019881,-3.489389423338693,0.0,0.0,-647.6518991266893,-6.748660127642061,-910.1904516133799,190.0048,0.0,-0.0,4.577048089520213,-2.6428236284395368,0.0,0.0,499.02363896773966,-2.06767589188705,-688.8949875369331,1232.1343900000002,0.0,-0.0,9.041314077051878,-5.229364544558738,0.0,0.0,153.06164275779997,-23.200083766674723,-1365.8078985236184,800.6889974672882,0.0,-0.0,1.0447104323181242,-0.6034722016294314,0.0,0.0,-641.282011944437,-4.32865358062495,-155.51957017291483,4778.42615286918,0.0,-69.70872262893928,5.533112390374498,-3.1981843077670886,0.0,0.0,-3840.3734298010017,-26.130696794163583,-844.5482317276814,2377.502676164992,0.0,-0.0,10.235933157795028,-5.916169010324186,0.0,0.0,-863.8457883497721,-18.24311137366517,-1499.7335405890249,2972.5407999999998,0.0,-0.0,36.67299712646584,-21.1979561220278,0.0,0.0,2780.70957071166,-9.018841583348477,-5759.706570132749,846.9460999999999,0.0,-0.0,12.48500560279013,-7.220604449066978,0.0,0.0,936.0974567292254,-9.396829698167979,-1778.9111281847804,16420.920699249007,0.0,-2392.124994053325,102.24271298661148,-62.2235163902018,0.0,0.0,-1482.1731928001177,-13.593972967080866,-12573.047736024895,43645.772543282656,0.0,-0.0,392.88672404059525,-228.4955401436059,0.0,0.0,1555.0,-25.33575,-45339.82797717964
t200,10457.53845537846,0.0,-3134.646949747582,154.3244329117246,-268.8721687058351,0.0,0.0,2926.396248121526,-31.053151225579832,-10103.686866732714,1402.64199247703,0.0,-240.0,10.967803177780336,-3.794535023868595,0.0,0.0,-235.33863104909153,-8.335414303832547,-926.1412152780175,222.3818,0.0,-0.0,8.326717224768426,-2.8764815718106407,0.0,0.0,481.18681025501917,-8.160414303832546,-700.8584316041446,1267.1841200000001,0.0,-0.0,16.446395704330655,-5.68789241207364,0.0,0.0,155.72745198407483,-43.93561502675233,-1389.7344602495796,740.842797467288,0.0,-0.0,1.9005194862586885,-0.6567194969801481,0.0,0.0,-579.6635374410608,-3.9127288777271607,-158.51033113777856,7654.196196002484,0.0,-2919.6183323037117,10.065321324197654,-3.4795103654684887,0.0,0.0,-3842.893831876205,-39.76213614902517,-858.507706632271,2677.572466951823,0.0,-0.0,18.62031354353168,-6.436703163743787,0.0,0.0,-1106.5848208283762,-55.53569655441459,-1527.6355599488206,3231.4287999999997,0.0,-0.0,66.71195177992264,-23.06233384000299,0.0,0.0,2584.9306791409945,-8.53027124116528,-5851.478825839748,935.2660999999998,0.0,-0.0,22.710678056010938,-7.853963783581835,0.0,0.0,887.2559128909838,-24.60254950591001,-1812.776177657503,16603.812129599275,0.0,-3732.782150246868,180.77881592394166,-402.8756027008201,0.0,0.0,244.34409175809924,-13.593972967080866,-12879.683311366547,52091.177345071934,0.0,-3693.0,600.8545924112364,-976.825268582334,0.0,0.0,-1515.3603729559636,-25.33575,-46481.51054594487
t201,10931.133419381724,0.0,-3134.646949747582,233.22578589432916,-310.32970375718,0.0,0.0,2960.0,-31.49,-10647.89255177129,1214.00129247703,0.0,-240.0,13.663163647352665,-33.5761771208388,0.0,0.0,45.42718299701181,-7.577346605908068,-991.9381153946473,232.58980000000003,0.0,-0.0,10.365973380775035,-25.47593268707768,0.0,0.0,534.8348658618163,-1.6085913379875016,-750.7061152175261,1195.60717,0.0,-0.0,20.484743998422033,-50.340815719646045,0.0,0.0,349.6244730546757,-27.94098403619708,-1487.4345872972544,675.965997467288,0.0,-0.0,2.3662625106727626,-5.815346046050999,0.0,0.0,-499.667702266002,-3.3727569902955135,-169.4764546756123,10029.47470363248,0.0,-2919.6183323037117,12.53433197834307,-30.803679040231515,0.0,0.0,-6133.37111712314,-38.88477414147186,-919.3311330022693,2837.4370410864117,0.0,-0.0,23.18751401267398,-56.98446122826709,0.0,0.0,-1118.7065579549328,-48.67940060214493,-1636.25413531374,3313.0348,0.0,-0.0,83.07710062229319,-204.16541107435503,0.0,0.0,3076.675368578289,-10.153028716308354,-6258.468829409919,963.1061,0.0,-0.0,28.286550955419575,-69.51380266777556,0.0,0.0,1046.7212596070924,-25.343886680567163,-1943.2562212141695,17393.717277592958,0.0,-3732.782150246868,282.3706373511534,-282.3706373511534,0.0,0.0,166.09694125372243,-13.593972967080866,-13813.438095632733,52702.83441040839,0.0,-3693.0,1113.793025285025,-0.0,0.0,0.0,-427.6347140085329,-25.33575,-49670.65697168489
t202,11768.0159725452,0.0,-3134.646949747582,296.74343766681295,-296.74343766681295,0.0,0.0,2960.0,-31.49,-11561.87902279762,1028.1672999999998,0.0,-240.0,21.09821317933305,-0.0,0.0,0.0,263.43361340806143,-6.988729243798234,-1065.710397343596,239.24420000000006,0.0,-0.0,16.000859759262184,-2.126271865965564,0.0,0.0,556.572444663121,-2.158758019636351,-807.5324745367811,1314.39178,0.0,-0.0,31.629022585408304,-5.203981828740209,0.0,0.0,297.6897601333435,-39.41470553827126,-1599.09187535174,638.1272400000001,0.0,-0.0,3.652799296655038,-0.48518955330757896,0.0,0.0,-455.7819030411314,-3.076527845527637,-182.43641885668853,10502.384409088898,0.0,-2919.6183323037117,19.351264876591095,-0.0,0.0,0.0,-6572.881637218932,-41.10430226795561,-988.1314021748904,2900.339672918277,0.0,-0.0,35.7980103033344,-35.7980103033344,0.0,0.0,-1080.5298447091523,-61.98260854198849,-1757.827219667136,3358.0588,0.0,-0.0,128.26015266380006,-128.26015266380006,0.0,0.0,3383.4043364779427,-12.162734310377273,-6729.300402167566,978.4660999999999,0.0,-0.0,43.67468886868933,-43.67468886868933,0.0,0.0,1135.2351315152946,-26.02053460863151,-2087.680696906663,17584.88579922621,0.0,-3732.782150246868,358.7578060815289,-358.7578060815289,0.0,0.0,1067.8580987714536,-10.548757025970183,-14909.412990724826,59179.70498787887,0.0,-3693.0,1350.3445118264954,-2165.9858919896724,0.0,0.0,-1555.0,-25.33575,-53090.72785771569
t203,12533.60261369894,0.0,-3134.646949747582,386.3077387033412,-354.5234127675876,0.0,0.0,2960.0,-31.49,-12359.249989887112,1235.0556000000001,0.0,-240.0,14.922711951396758,-36.02092513072981,0.0,0.0,159.8337458804824,-7.268448886122697,-1126.5226838150265,242.75200000000007,0.0,-0.0,20.56962829911584,-34.444216192412455,0.0,0.0,625.7931543443117,-2.2751766621904697,-852.3953897888244,1357.22911,0.0,-0.0,36.4693921813862,-62.894432938054294,0.0,0.0,399.3297943572935,-40.32044170461579,-1689.8134218960097,706.2170400000001,0.0,-0.0,4.6959252185560505,-7.863534961903511,0.0,0.0,-506.22983646598493,-3.417051396145398,-193.40254239452227,10675.104655810946,0.0,-2919.6183323037117,22.30980395058674,-41.661068827177836,0.0,0.0,-6650.6686302546095,-41.49712658278578,-1043.9693017932495,2910.327799527288,0.0,-0.0,46.022637064073706,-46.022637064073706,0.0,0.0,-988.7664257326005,-62.0910836025785,-1859.4702901921066,3384.7918,0.0,-0.0,164.8947102840187,-164.8947102840187,0.0,0.0,3732.89389551776,-12.318549855208403,-7105.367145662552,987.5861,0.0,-0.0,56.15145887920767,-56.15145887920767,0.0,0.0,1242.771935778206,-21.161573116479367,-2209.1964626617264,17358.699813006348,0.0,-2309.0264768740662,461.1888266208093,-268.52035334654147,0.0,0.0,578.1005944366345,-6.949039369109265,-15813.493364474078,61944.96519493145,0.0,-3693.0,1700.7515075569522,-2422.9547927041817,0.0,0.0,-1553.0582278614925,-25.29953594961684,-55951.40414597312
t204,13126.867049754463,0.0,-2265.062108186098,389.94762857244103,-0.0,0.0,0.0,1600.0,-14.08,-12837.672570140807,1436.6607000000001,0.0,-240.0,26.752287783900567,-0.0,0.0,0.0,-58.45639839690888,-0.5508418684511183,-1164.4057475185407,242.30820000000017,0.0,-0.0,20.26977857031287,-0.0,0.0,0.0,621.509084034698,-2.7800163204253145,-881.3070462845858,1480.7983199999999,0.0,-0.0,40.096043734625695,-28.922431514063035,0.0,0.0,271.1387370423821,-16.471663267777252,-1746.6390059951675,773.1706400000002,0.0,-0.0,4.3292276392716404,-0.0,0.0,0.0,-574.2396854383134,-3.876117876708615,-199.38406432424978,9570.953542045389,0.0,-2388.038919635126,24.524802982748273,-0.0,0.0,0.0,-6089.90616022913,-38.665276109157105,-1078.867989054724,2879.3390692929033,0.0,-0.0,45.36764672396179,-0.0,0.0,0.0,-960.8974632033639,-42.55591975327476,-1921.2533330602257,3380.5708,0.0,-0.0,162.55250139972304,-117.2119592938344,0.0,0.0,3929.8350947853874,-12.968455812791776,-7342.777981078484,986.1460999999999,0.0,-0.0,55.36455793044023,-39.9343315306156,0.0,0.0,1286.536894832487,-5.210474424071571,-2282.90274680824,17518.87276802873,0.0,-1490.0,465.1537443003648,-0.0,0.0,0.0,0.0,-0.0,-16494.026512329096,61919.77111444311,0.0,-3693.0,1664.7154418274517,-1664.7154418274517,0.0,0.0,-25.520103427237938,-0.3241053135259218,-58200.92690570235
t205,13373.085993827488,0.0,-2166.2902975365405,442.35553922530033,-474.1699346312572,0.0,0.0,2025.9835929041026,-19.42609409094649,-13181.53879969815,1641.7961500000001,0.0,-240.0,20.851388030725776,-0.0,0.0,0.0,-232.69045804945534,-0.6282642367335295,-1189.328815744537,244.67440000000013,0.0,-0.0,15.797363310823346,-0.0,0.0,0.0,642.3515572045676,-2.574154457720313,-900.2491660576708,1461.8604099999998,0.0,-0.0,44.691463853057634,-0.0,0.0,0.0,299.6577352730301,-21.686880398148283,-1784.5227287279395,840.9186400000001,0.0,-0.0,5.157253253717272,-0.0,0.0,0.0,-638.394981517738,-4.309166125244731,-203.37174561073476,9007.56904160265,0.0,-1410.2016528001657,19.03847080712072,-0.0,0.0,0.0,-6473.999500022231,-40.60494747511227,-1101.8014121122642,2890.6422329956295,0.0,-0.0,35.35891344934087,-0.0,0.0,0.0,-911.2872535765086,-51.60753076854075,-1963.1063620999196,3398.8617999999997,0.0,-0.0,181.16013310346582,-45.34054210588863,0.0,0.0,3977.834794315179,-13.126854821240089,-7499.3893304915155,992.3860999999999,0.0,-0.0,50.511608360800174,-15.43022639982463,0.0,0.0,1310.5445134690535,-5.307705279549666,-2332.704290150479,18643.60070694663,0.0,-1490.0,527.2770546289381,-648.7552718727406,0.0,0.0,0.0,-0.0,-17032.12248970283,62953.357547601554,0.0,-3693.0,1809.0215165416976,-1044.9452133860477,0.0,0.0,-0.0,-0.0,-60024.433850757196
t206,14123.1206056481,0.0,-2592.6556174254347,376.0632101040046,-101.59951976752957,0.0,0.0,1600.0,-14.08,-13390.848678559141,1772.1031,0.0,-240.0,31.47076636826945,-12.854702639945543,0.0,0.0,-345.50364720074714,-0.9328598474420173,-1204.2826566801348,266.90160000000014,0.0,-0.0,23.837408553820282,-50.762817077768155,0.0,0.0,674.7331184848717,-2.496699836041609,-912.2126101248823,1500.28925,0.0,-0.0,24.175430098258772,-29.21166327434369,0.0,0.0,326.3759013952191,-15.173507909063561,-1806.4554103100706,879.5546400000001,0.0,-0.0,5.443046600190796,-12.529897396725248,0.0,0.0,-661.6392179069948,-4.466064720872215,-206.36250657559853,8965.743102918897,0.0,-1902.5407814427447,28.84556178011627,-61.44098707381388,0.0,0.0,-5877.254623317846,-37.59138584775512,-1115.760887016854,2947.8741241745997,0.0,-0.0,53.36011965784173,-134.08667983114438,0.0,0.0,-835.7245779805514,-42.40760594387128,-1989.0153800768728,3576.1438,0.0,-0.0,191.19170250297515,-0.0,0.0,0.0,3835.485661861127,-12.657102684141718,-7590.1640616799605,1052.8661,0.0,-0.0,33.38207913248397,-0.0,0.0,0.0,1283.5273846649218,-5.198285907892933,-2364.5772778895125,21149.76645676786,0.0,-3732.782150246868,556.3926964426021,-566.367793730162,0.0,0.0,0.0,-0.0,-17407.00920923343,65355.43516794448,0.0,-3693.0,1930.1409245810046,-2590.6947417443553,0.0,0.0,-0.0,-0.0,-61001.88135078113
t207,14225.199780382785,0.0,-1830.0,462.1135869166972,-1126.4948363554101,0.0,0.0,1691.202153989427,-15.224587032567308,-13406.796097900931,1566.03475,0.0,-240.0,5.335659520318993,-59.6,0.0,0.0,-58.35788199743287,-0.15756628139306877,-1213.2549612414932,263.9050000000001,0.0,-0.0,23.485632310399176,-32.627365667587526,0.0,0.0,666.4771985506975,-3.046133035021076,-918.1943321584881,1489.7493399999998,0.0,-0.0,46.47464638294311,-97.30348928047849,0.0,0.0,409.25742295940154,-27.765348744985324,-1820.4125713168812,811.66864,0.0,-0.0,5.362896301965864,-0.0,0.0,0.0,-604.5941783790661,-4.081010704058696,-208.35634721884102,9481.703529383809,0.0,-1166.7,28.42221393019076,-39.39006242636215,0.0,0.0,-7136.348142946283,-43.949808121878725,-1123.7377298194767,2930.568521887422,0.0,-0.0,52.57678769055028,-52.57678769055028,0.0,0.0,-875.0492632795849,-51.55636815964433,-2003.962890448192,3552.2248,0.0,-0.0,95.22012908325836,-467.5719646896993,0.0,0.0,4478.937916412497,-14.780495124161236,-7644.030385681895,1044.7060999999999,0.0,-0.0,64.17106770920215,-148.06475520248628,0.0,0.0,1428.474774690343,-5.785322837495889,-2383.501864359563,21270.873535269453,0.0,-3732.782150246868,553.2863667538294,-416.3097008733516,0.0,0.0,0.0,-0.0,-17675.068050903064,65441.40901499691,0.0,-3693.0,1913.7602293920215,-2017.2827153843207,0.0,0.0,-0.0,-0.0,-61644.886529004616
t208,13541.686596841104,0.0,-1830.0,479.8080672870682,-479.8080672870682,0.0,0.0,1778.205802373357,-16.31648281978563,-13473.575916394675,1612.1767000000004,0.0,-240.0,32.616390274865765,-44.57178933813501,0.0,0.0,-135.63397793537393,-0.3662117404255097,-1224.2211112609316,222.35520000000008,0.0,-0.0,24.701917121583328,-24.701917121583328,0.0,0.0,707.8961723729005,-3.084457164003761,-927.1669152088969,1422.35696,0.0,-0.0,48.8798148360127,-48.8798148360127,0.0,0.0,440.3990164224972,-25.395423883060168,-1837.360552539437,835.73584,0.0,-0.0,5.640585232386244,-13.403111630806567,0.0,0.0,-613.4821214199119,-4.141004319584405,-210.35018786208352,9300.54012752059,0.0,-1193.2140656750626,29.893524578246673,-29.893524578246673,0.0,0.0,-6929.713868138345,-42.906305034098644,-1134.705888673083,2823.013223184972,0.0,-0.0,55.29854341212774,-55.29854341212774,0.0,0.0,-749.3510249118509,-49.76929399650305,-2023.8929042766176,3221.5798,0.0,-0.0,198.13808436695712,-198.13808436695712,0.0,0.0,4505.149245453586,-14.866992509996834,-7711.862052943589,931.9060999999999,0.0,-0.0,67.49216894948688,-67.49216894948688,0.0,0.0,1483.1128329922471,-7.612327828408652,-2407.406605163838,20888.954781030887,0.0,-1799.2478931784585,582.5820040613919,-1245.9275729851392,0.0,0.0,-486.5820772091067,-3.576378267486934,-17936.202863452083,66242.67245316118,0.0,-3693.0,2020.9290323931366,-2020.9290323931366,0.0,0.0,-0.0,-0.0,-62549.6724531612
t209,11783.271707623468,268.84197073341545,-0.0,534.9581382679087,-534.9581382679087,0.0,0.0,1600.0,-14.08,-13638.033678356884,1525.8341000000005,0.0,-0.0,36.10212033736247,-36.10212033736247,0.0,0.0,-288.97075558182087,-3.669928595889125,-1233.1934158222903,156.96460000000005,0.0,-0.0,27.341509246170148,-27.341509246170148,0.0,0.0,779.8885076538585,-3.7044704113558278,-933.1486372425026,1246.84563,0.0,-0.0,54.103474334431795,-54.103474334431795,0.0,0.0,627.9294111659872,-25.451207763569197,-1849.3238334024177,820.6646400000001,0.0,-0.0,6.243338889937853,-6.243338889937853,0.0,0.0,-605.2322143693025,-4.085317446992792,-211.34710818370476,8261.893844448501,0.0,-0.0,33.08805730316174,-33.08805730316174,0.0,0.0,-7076.560338613128,-43.647879709996296,-1141.685626125378,2919.3688817938782,0.0,-0.0,61.207935393688025,-48.72402068293724,0.0,0.0,-847.4141770761964,-45.59820478049509,-2038.8404146479368,2700.9898,0.0,-0.0,219.3118890104425,-179.88663506350247,0.0,0.0,5035.946800328342,-16.61862444108353,-7759.743229834198,754.3060999999999,0.0,-0.0,74.70485385771784,-59.63995282311678,0.0,0.0,1667.6152037105564,-10.655013111268142,-2426.331191633889,17996.710033271873,1321.3262190140558,-0.0,651.1399342026889,-545.3670520999956,0.0,0.0,-1182.1731928001177,-8.688972967080865,-18232.94696862142,62968.106550085606,0.0,-0.0,2253.753458381101,-2200.0163379755527,0.0,0.0,288.97075558182087,-3.669928595889125,-63307.1444974771
t210,10214.19608821755,1830.0,-0.0,502.9024816496548,-282.6848715227457,0.0,0.0,1600.0,-14.08,-13850.33369834446,1486.8527000000001,179.9049600000003,-0.0,33.5426929515288,-0.0,0.0,0.0,-461.87219129657876,-1.2470549165007627,-1237.1811067384497,127.52620000000002,0.0,-0.0,24.286541590156435,-0.0,0.0,0.0,788.1204444604459,-2.7967341190291313,-937.1364519315731,1143.3794699999999,0.0,-0.0,50.268231970999075,-50.268231970999075,0.0,0.0,720.8656070885846,-7.942663182761521,-1856.302413905823,865.68376,0.0,-0.0,5.800868335069522,-4.718167998294048,0.0,0.0,-650.0346976224974,-4.387734208951883,-212.344028505326,6653.298459927924,0.0,-0.0,30.742814095987434,-30.742814095987434,0.0,0.0,-5472.079162629954,-35.54524977128127,-1145.6740475266893,4256.0608657875755,0.0,-0.0,56.86962533194734,-0.0,0.0,0.0,-2228.432839864832,-38.681731766804226,-2045.8159194878856,2468.8348,0.0,-0.0,203.76722849820754,-39.42525394694004,0.0,0.0,5169.561646197795,-17.059553432452724,-7785.67886731661,675.1061,0.0,-0.0,69.40930939684748,-13.417144260232739,0.0,0.0,1716.044386467155,-10.851151301432365,-2436.2915003023368,16502.610381903483,2433.763354939153,-0.0,610.0896276826452,-0.0,0.0,0.0,-1182.1731928001177,-8.688972967080865,-18355.601198758082,63082.7400193192,0.0,-0.0,2151.7096094614963,-1669.5058415824315,0.0,0.0,-0.0,-0.0,-63564.94378719828
t211,10000.933299928978,2447.8451215085843,-0.0,92.72168797049576,-0.0,0.0,0.0,1600.0,-14.08,-14127.420109408058,1681.7565500000003,240.0,-0.0,37.97081931706374,-6.6478116898898065,0.0,0.0,-723.9131127746318,-1.954565404491506,-1227.2118794480511,122.19179999999987,0.0,-0.0,28.755811549675688,-0.0,0.0,0.0,780.4362613640479,-2.223050360291232,-929.1608225534321,1057.9441275000001,0.0,-0.0,56.903500998865056,-0.0,0.0,0.0,731.9781226274574,-5.477438299225053,-1841.3483128270973,931.51616,0.0,-0.0,6.5663292374930915,-1.0827003367754746,0.0,0.0,-721.7776022236246,-4.87199881500942,-210.35018786208352,2363.798976506499,2919.6183323037117,-0.0,34.800139240890864,-0.0,0.0,0.0,-4153.176259641318,-28.34108903604509,-1136.7000993737388,5740.70519642307,0.0,-0.0,61.78180356992937,-122.60879654054807,0.0,0.0,-3616.171905238495,-34.83089048023418,-2028.875407733724,2429.4388,0.0,-0.0,230.65989271891934,-0.0,0.0,0.0,5078.497647647451,-16.75904223723659,-7721.837298129133,661.6660999999999,0.0,-0.0,78.57098176476974,-0.0,0.0,0.0,1684.1365554169524,-8.99878508312553,-2415.374852098596,15152.178136221153,3245.14468777232,-0.0,688.9267334012522,-316.0417754705194,0.0,0.0,-660.0097071778398,-4.851071347757123,-18105.34700339861,58043.28161344397,3693.0,-0.0,2395.4212342070914,-1041.5477137230675,0.0,0.0,-0.0,-0.0,-63090.155133928
t212,9877.673377610947,2370.0286118343765,-0.0,591.7250957355043,-220.2176101269091,0.0,0.0,1495.456091529188,-13.160013605456854,-14101.50555297765,1748.7144637883255,240.0,-0.0,39.30922054797768,-12.786394185894306,0.0,0.0,-769.0014204734019,-2.0763038352781855,-1244.1595658417286,122.06179999999988,0.0,-0.0,29.77311626853621,-8.602872845709804,0.0,0.0,801.1180346225719,-2.228857752486743,-942.1212202929113,1027.2092175,0.0,-0.0,58.91102917241853,-21.576573904557904,0.0,0.0,807.4582092452526,-5.73006738813969,-1866.2718146249736,998.7129600000001,0.0,-0.0,6.798472312579564,-0.0,0.0,0.0,-786.859183993675,-5.311299491957357,-213.34094882694725,2284.531886666667,1166.7,-0.0,36.02918399569039,-56.79933259746092,0.0,0.0,-2260.3932847998108,-17.41466828610193,-1152.6537849789843,7763.864248669434,0.0,-0.0,66.6487102270724,-0.0,0.0,0.0,-5748.792683468465,-25.93934902594366,-2055.7809264020984,2429.4388,0.0,-0.0,238.80574542299797,-439.7273891008771,0.0,0.0,5621.599115930559,-18.55127708257084,-7831.56499517011,661.6660999999999,0.0,-0.0,81.3432685429498,-26.48610224220963,0.0,0.0,1738.742197050878,-10.009685247678274,-2445.2557781039395,14746.464853409274,3732.782150246868,-0.0,711.0727395103752,-0.0,0.0,0.0,-899.3270756430964,-6.610054005976758,-18284.382613517442,56810.566664929946,3693.0,-0.0,2466.149418587769,-0.0,0.0,0.0,-0.0,-0.0,-62969.71608351771
t213,9972.282032012376,2428.4747908120617,-0.0,536.4659420481232,-92.72168797049576,0.0,0.0,1600.0,-14.08,-14430.421076902065,1937.5076769544564,240.0,-0.0,34.94855046934717,-0.0,0.0,0.0,-947.4042796890859,-3.944695499311819,-1261.107252235406,122.06179999999988,0.0,-0.0,26.46951424867306,-0.0,0.0,0.0,808.7338852739573,-2.183581490239685,-955.0816180323905,1014.6753974999999,0.0,-0.0,52.37549916678347,-10.11290141389683,0.0,0.0,840.7387698474452,-5.484508605566831,-1892.192256494765,947.5638371513055,0.0,-0.0,5.779383292055085,-3.4,0.0,0.0,-728.6928340219017,-4.918676629647837,-216.331709791811,2286.5730800000006,737.2848190661232,-0.0,30.304077963849764,-0.0,0.0,0.0,-1870.0239973254254,-15.530509120318333,-1168.6074705842295,8608.788557041811,0.0,-0.0,59.124742700848174,-33.3,0.0,0.0,-6527.967288292887,-23.959566379299336,-2082.686445070473,2429.4388,0.0,-0.0,200.8597373635374,-0.0,0.0,0.0,5337.585909014287,-17.614033499747144,-7950.270412878076,661.6660999999999,0.0,-0.0,72.3190556994177,-123.3,0.0,0.0,1873.7742026447359,-9.322654234869818,-2475.136704109283,14793.940853409274,3732.782150246868,-0.0,627.4504628475936,-0.0,0.0,0.0,-825.4147618662539,-8.766798499716966,-18319.991906137762,57512.649602363716,3693.0,-0.0,2197.0335627854274,-0.0,0.0,0.0,438.6703944151286,-6.666114009072134,-63834.687445555195
t214,9936.462598935177,2350.867946311401,-0.0,490.87141294203064,-205.80372380583285,0.0,0.0,1600.0,-14.08,-14158.318234382776,1778.4395613477175,240.0,-0.0,28.956000485451234,-40.2534322614039,0.0,0.0,-800.6975894002492,-2.161883491380673,-1204.2826566801348,122.06179999999988,0.0,-0.0,23.359085281718293,-31.743981065704304,0.0,0.0,800.6975894002492,-2.161883491380673,-912.2126101248823,991.6261374999999,0.0,-0.0,46.21588399984879,-0.0,0.0,0.0,773.6675418587816,-5.0541530485597805,-1806.4554103100706,880.3670371513055,0.0,-0.0,5.333765258176021,-0.0,0.0,0.0,-674.7835071605491,-4.554788673333706,-206.36250657559853,2263.7812800000006,555.1770746932825,-0.0,28.2659313970299,-18.0,0.0,0.0,-1698.8840346982324,-14.579364375226074,-1115.760887016854,7828.474802269928,0.0,-0.0,52.287956746891425,-101.0,0.0,0.0,-5772.201618346692,-19.54226128467559,-1988.0188793854516,2429.4388,0.0,-0.0,187.3496834358583,-119.3,0.0,0.0,5113.540359504685,-16.87468318636546,-7594.154159754177,661.6660999999999,0.0,-0.0,9.98401936253006,-139.53883465028588,0.0,0.0,1840.8344516421253,-11.356551065390995,-2361.589185288978,14746.464853409274,3423.06721668732,-0.0,549.1683845081894,-237.5484276374305,0.0,0.0,-1182.1731928001177,-8.688972967080865,-17290.289861200155,57623.98579717792,2978.6457174001243,-0.0,1926.1120663484935,-1411.4,0.0,0.0,-0.0,-0.0,-61117.34358092653
t215,10019.719693792234,1146.3486406903023,-0.0,348.8166547978011,-0.0,0.0,0.0,1600.0,-14.08,-13100.804989280337,1576.3428613477174,240.0,-0.0,24.676922625890192,-0.0,0.0,0.0,-713.5673909321041,-1.9266319555166813,-1125.5257610859867,122.06179999999988,0.0,-0.0,18.69283081223719,-0.0,0.0,0.0,713.5673909321041,-1.9266319555166813,-852.3953897888244,989.544405,0.0,-0.0,36.98335787986678,-0.0,0.0,0.0,666.7895483959002,-4.500829451672326,-1688.8164818240946,866.0556466477631,0.0,-0.0,4.2682723918299,-6.627919119119303,0.0,0.0,-666.7895483959002,-4.500829451672326,-192.40562207290102,2240.9894800000006,1166.7,-0.0,5.133114625098047,-59.73311462509805,0.0,0.0,-2291.1696282883363,-17.950549918414684,-1043.9693017932495,6072.549337796482,0.0,-0.0,0.0,-11.722946846640639,0.0,0.0,-4184.1365561092725,-20.20904672272644,-1856.4807881178426,2429.4388,0.0,-0.0,149.92345045002384,-0.0,0.0,0.0,4541.990989998076,-14.98857026699365,-7106.364670181106,661.6660999999999,0.0,-0.0,51.066155918107754,-13.96543528585753,0.0,0.0,1515.4883871996508,-10.038899504398975,-2204.2163083275022,14710.8103074522,2453.9901339592057,-0.0,434.781222221107,-507.19204885766584,0.0,0.0,-1182.1731928001177,-8.688972967080865,-15901.527449007648,54957.42228881343,3693.0,-0.0,1522.8161596213833,-3499.2,0.0,0.0,-0.0,-0.0,-56674.03844843482
t216,10012.28670739557,2703.989205952117,-0.0,286.7145728664859,-1195.9198910365362,0.0,0.0,0.0,-0.0,-11807.070595177638,1478.3283461890867,240.0,-0.0,18.326822036784716,-31.425874131404523,0.0,0.0,-666.6297555530331,-1.7999003399931897,-1036.7996382014405,122.06179999999988,0.0,-0.0,13.88629103726396,-29.025720148567025,0.0,0.0,679.5413998362673,-1.8612306503385518,-784.6025400746256,981.964975,0.0,-0.0,27.468214819448672,-57.436072328221115,0.0,0.0,607.4783575187591,-4.248962822508817,-1555.226512187478,798.858846647763,0.0,-0.0,3.170604914976133,-0.0,0.0,0.0,-620.3900018019933,-4.187632512163455,-177.4518172485823,2218.1976800000007,1166.7,-0.0,14.859295682826229,-0.0,0.0,0.0,-2424.967599410091,-13.57981855669651,-961.2095577160387,3913.101019767509,0.0,-0.0,31.07982895152696,-0.0,0.0,0.0,-2206.186098195675,-28.996064735867172,-1708.9986857874933,2429.4388,0.0,-0.0,111.35907967450497,-427.59622761644084,0.0,0.0,4453.235061509811,-14.695675702982044,-6551.741037864894,661.6660999999999,0.0,-0.0,37.92810270576658,-22.357643262594287,0.0,0.0,1360.0918288960731,-9.409543443269484,-2027.918844895976,14710.8103074522,2085.875956845689,-0.0,319.4942092516005,-1432.3362113117714,0.0,0.0,-1182.1731928001177,-8.688972967080865,-14492.98209647052,55654.9129334935,0.0,-0.0,1132.4425416466524,-4475.002306852884,0.0,0.0,-0.0,-0.0,-52312.35316828726
t217,9834.761912031132,0.0,-0.0,82.17009730193561,-1075.1630495500624,0.0,0.0,1343.5107612692077,-11.822894699169028,-10173.456826353044,1299.5466014408082,0.0,-0.0,5.475537400871065,-73.74017536149684,0.0,0.0,-330.2310718797327,-3.820435464587817,-897.2304561358619,120.77704999999987,0.0,-0.0,4.151698532141934,-22.85660561180293,0.0,0.0,579.5295057206928,-2.676197826774909,-678.9254508142567,1309.2212860000002,0.0,-0.0,8.208104727703729,-45.215063828804546,0.0,0.0,80.43275658865184,-6.777986402233861,-1345.8690970853174,784.6117320292245,0.0,-0.0,0.9478212614071343,-5.218842934597612,0.0,0.0,-622.6123474808658,-4.202633345495844,-153.52572952967233,2250.48095,0.0,-0.0,5.021548824110383,-67.5858753319869,0.0,0.0,-1343.5107612692077,-11.822894699169028,-832.5829675237472,5461.258564870369,0.0,-0.0,9.289345187243919,-84.67830897126353,0.0,0.0,-3896.9194957270256,-13.132581364410091,-1475.8175239949142,2429.4388,0.0,-0.0,33.28292336030558,-303.4166338287154,0.0,0.0,3533.2567910458174,-11.659747410451198,-5680.902133166956,661.6660999999999,0.0,-0.0,11.334011028999843,-111.2006587170899,0.0,0.0,1193.809129174668,-7.574410173985822,-1748.0341713125922,14772.632628428779,0.0,-0.0,93.1920545791169,-931.2918801197826,0.0,0.0,-830.1464244934596,-6.101576220026928,-13098.284802174627,54324.23217309418,0.0,-0.0,358.0158127170465,-2821.3007245160093,0.0,0.0,292.88115705125387,-3.719590694550924,-52150.10882765192
t218,9922.132990726785,0.0,-1304.6469497475819,38.47787368783312,-0.0,0.0,0.0,746.6265322576219,-6.570313483867073,-9396.02013344079,1357.1151758761973,0.0,-0.0,2.60068018191136,-0.0,0.0,0.0,-500.0,-6.35,-853.3658560581086,120.77704999999987,0.0,-0.0,1.9703586903359867,-28.00668821328067,0.0,0.0,553.9163618712582,-2.6311027188884766,-646.0259796294249,1313.269506,0.0,-0.0,3.89780693022258,-36.275640881277496,0.0,0.0,6.590846738901178,-6.414526377007052,-1281.0679924108392,717.4149320292245,0.0,-0.0,0.44989240889799664,-8.023825213142143,0.0,0.0,-560.5072086101594,-3.7834236581185756,-145.55036695670233,2238.862265174106,0.0,-0.0,2.3840515830913653,-0.0,0.0,0.0,-1438.104970508492,-10.442592738071944,-792.6987535106335,3729.9381057671935,0.0,-0.0,4.410174094454579,-7.5836009746233275,0.0,0.0,-2307.9283822212587,-13.770321761762897,-1405.0659749040033,2429.4388,0.0,-0.0,15.801713883439254,-27.168876764941846,0.0,0.0,2999.406820472129,-9.898042507558026,-5407.580415083068,661.6660999999999,0.0,-0.0,5.382073695517953,-0.0,0.0,0.0,1004.7039790481163,-7.384574246003654,-1664.3675784976306,14820.10862842878,0.0,-761.1620274946379,45.5119802870337,-452.06029473044106,0.0,0.0,-1004.7039790481163,-7.384574246003654,-12640.309733196613,49904.38091800488,0.0,-0.0,172.49799825226822,-224.01975260050685,0.0,0.0,500.0,-6.35,-50346.509163656636
t219,9926.237719156816,0.0,-1304.6469497475819,30.681881265216163,-27.31200617089618,0.0,0.0,358.58542407368856,-3.1555517318484596,-8980.390516845393,1349.74305967098,0.0,-0.0,2.1924852950041673,-16.14583440483173,0.0,0.0,-500.0,-6.35,-829.4397105611523,120.77704999999987,0.0,-0.0,1.6637095645851683,-7.131139884588379,0.0,0.0,515.218481636384,-2.4472877877728236,-628.0808135286076,1289.6135860000002,0.0,-0.0,3.287273936876525,-33.26319187682148,0.0,0.0,-9.596220257995924,-5.860238052076943,-1244.1812097499824,650.2181320292245,0.0,-0.0,0.37976528368511514,-0.0,0.0,0.0,-505.6222613783881,-3.4129502643041194,-141.56268567021735,2261.654065174106,0.0,-0.0,2.0115484470127685,-14.79586384661799,0.0,0.0,-1469.7264776893119,-9.37794163209595,-769.7653304530933,3095.736499467447,0.0,-0.0,3.721219226410649,-2.252673540387994,0.0,0.0,-1715.4524487568203,-15.550148458076555,-1366.2024479385734,2429.4388,0.0,-0.0,13.332435364014895,-8.070388990038671,0.0,0.0,2826.5935023724437,-9.327758557829064,-5251.966590188591,661.6660999999999,0.0,-0.0,4.539291816519063,-4.1665250899676245,0.0,0.0,963.5937056326189,-7.082413736399749,-1618.5501586227706,14772.632628428779,0.0,-1501.7549177073977,36.498698795346606,-20.83077860290553,0.0,0.0,-963.5937056326189,-7.082413736399749,-12315.869511544803,49040.1580182321,0.0,-0.0,143.25179299039272,-87.02732782878564,0.0,0.0,500.0,-6.35,-49590.032483393705
t220,9798.210431962058,0.0,-1304.6469497475819,20.88200905913315,-290.2491373498501,0.0,0.0,588.9454109044925,-5.182719615959535,-8807.95904521229,1186.7879679693476,0.0,-0.0,1.4627997615293693,-0.0,0.0,0.0,-363.1710889020275,-4.612272829055749,-820.4674059997938,120.77704999999987,0.0,-0.0,1.1082315556879843,-0.0,0.0,0.0,501.5994536719883,-2.382597404941944,-621.1021378227341,1237.437006,0.0,-0.0,2.192376653193487,-0.0,0.0,0.0,-2.6579412241418936,-5.750452613964907,-1231.2209888150867,642.6220888997493,0.0,-0.0,0.25304410571609953,-0.0,0.0,0.0,-498.9415124478464,-3.367855209022963,-140.5657653485961,2284.445865174106,0.0,-0.0,1.3409320813915149,-0.0,0.0,0.0,-1513.6373153243167,-10.36099428071055,-761.7884876504705,3902.0495314154714,0.0,-0.0,2.480542051664246,-0.0,0.0,0.0,-2536.1558322139117,-17.11930368596944,-1351.2549375672543,2429.4388,0.0,-0.0,8.88782521467945,-2.2904276597294335,0.0,0.0,2767.2057495309423,-9.131778973452109,-5194.11016811244,661.6660999999999,0.0,-0.0,3.0272205231528035,-0.7794749621543587,0.0,0.0,942.340975941139,-4.637187615728152,-1601.6176338864093,14725.156628428778,0.0,-2242.782150246868,25.66228575256096,-0.0,0.0,0.0,-248.69898883834512,-1.8279375679618366,-12257.509837528165,49101.82476581109,0.0,-0.0,94.81115965544095,-0.0,0.0,0.0,363.1710889020275,-4.612272829055749,-49555.1947415395
t221,9722.891218433171,0.0,-1304.6469497475819,36.546450611476665,-5.005156550686532,0.0,0.0,339.23101379232355,-2.9852329213724476,-8786.03134361733,1184.4238038977226,0.0,-0.0,2.763156092020151,-0.37629825759175944,0.0,0.0,-353.8736781870628,-4.4941957129756975,-828.4427878321125,120.77704999999987,0.0,-0.0,2.098611933995059,-11.324527794154697,0.0,0.0,517.9931933850789,-2.460467668579125,-627.0838598563399,1234.4605890000003,0.0,-0.0,3.83861017005825,-11.138633975880067,0.0,0.0,22.130003733015315,-6.106299249126261,-1243.1842696780673,687.4388709532607,0.0,-0.0,0.3824429299972791,-2.489599514399217,0.0,0.0,-540.1231971180943,-3.645831580547136,-141.56268567021735,2291.6069572388406,0.0,-0.0,2.5363301730053966,-0.0,0.0,0.0,-1515.8010372563099,-9.574025052770772,-768.7682251027654,3037.346447707522,0.0,-0.0,4.69211711450901,-7.501666813328168,0.0,0.0,-1654.3964698934942,-15.930981559478008,-1364.209446555731,2429.4388,0.0,-0.0,16.81045140403804,-26.879734848945184,0.0,0.0,2830.9664933574804,-9.342189428079685,-5240.993820484494,661.6660999999999,0.0,-0.0,5.722207960526446,-9.157975426567951,0.0,0.0,966.4270339212889,-7.103238699321473,-1617.554127755926,14772.632628428779,0.0,-1289.3952440468777,45.535977953444075,-0.0,0.0,0.0,-966.4270339212889,-7.103238699321473,-12555.243089714735,50646.35744934499,0.0,-0.0,184.29242089820016,-272.1348631813087,0.0,0.0,353.8736781870628,-4.4941957129756975,-50907.89448953596
t222,9827.26107007105,0.0,-1304.6469497475819,64.26842700629238,-38.18695991261385,0.0,0.0,519.9948355252654,-4.575954552622336,-9064.11446838979,1386.5205038977226,0.0,-0.0,4.976871155897196,-3.867682582395159,0.0,0.0,-500.0,-6.35,-881.2796924712244,120.7770499999999,0.0,-0.0,3.7756746178817497,-5.737737988319983,0.0,0.0,551.7648568598355,-2.6208830700842185,-667.9589604193128,1322.2202490000002,0.0,-0.0,7.461577378150059,-22.305332837608844,0.0,0.0,22.39153337124629,-6.828551480516177,-1322.9394754312714,754.6356709532606,0.0,-0.0,0.8618887156511679,-1.3096078740062012,0.0,0.0,-599.6056451254999,-4.047338104597125,-150.5349685648086,2268.8151572388406,0.0,-0.0,4.565572745703172,-2.3702778971737053,0.0,0.0,-1443.6357213055485,-9.748343512991921,-817.6263872688296,3668.428607167939,0.0,-0.0,8.445936643981293,-8.151663362461921,0.0,0.0,-2200.0998262003413,-15.725046156892057,-1452.8980080922247,2429.4388,0.0,-0.0,30.26047176979502,-23.332377553953012,0.0,0.0,3149.1899668750425,-10.392326890687638,-5575.164534200197,661.6660999999999,0.0,-0.0,10.303372692550894,-7.940440307548121,0.0,0.0,1066.946423468967,-7.842056212496907,-1723.1333996414728,14820.10862842878,0.0,-184.29329612641277,86.23145747681465,-173.09764137526076,0.0,0.0,-1066.946423468967,-7.842056212496907,-13474.160668722456,53860.896796672976,0.0,-0.0,335.1626540956223,-158.68980839441414,0.0,0.0,500.0,-6.35,-54531.01964237419
t223,10067.560861646976,0.0,-229.36107340049148,220.6197881343568,-283.24770583951204,0.0,0.0,323.98910434761075,-2.851104118258975,-10096.709870770681,1601.1452038977227,0.0,-0.0,18.059896493092243,-4.958846169459797,0.0,0.0,-603.0176761795841,-6.330467169605819,-1004.8981108721654,130.28104999999988,0.0,-0.0,13.707820562245107,-9.07429600565932,0.0,0.0,628.4741186972644,-2.713041313647652,-760.6756519402024,1332.461189,0.0,-0.0,27.079570849268986,-0.0,0.0,0.0,154.57643628064335,-6.74380739435675,-1507.3733887355556,823.9924709532606,0.0,-0.0,3.1288554341686945,-0.0,0.0,0.0,-650.2648231904179,-4.389287556535321,-172.46721564047607,2257.4713572388405,0.0,-0.0,16.571780927036173,-0.0,0.0,0.0,-1334.2382416723958,-8.508499287277772,-931.2963972062034,5645.220196866111,0.0,-0.0,27.889732704689926,-0.0,0.0,0.0,-3990.8344978766877,-23.101780477683818,-1659.1736512164296,2505.4168,0.0,-0.0,100.54183641794668,-0.0,0.0,0.0,3746.671218534592,-12.364015021164153,-6340.265839931374,687.5860999999999,0.0,-0.0,34.22693910644329,-0.0,0.0,0.0,1254.4124166668812,-5.080370287500869,-1971.1450854858235,15168.775098008944,0.0,-0.0,309.39742762378165,-0.0,0.0,0.0,0.0,-0.0,-15478.172525632725,59640.66553647355,0.0,-0.0,1157.6595976106341,-226.8614042001318,0.0,0.0,470.23194439209425,-5.971945693779596,-61035.723728582365
t224,10468.6582906947,0.0,-0.0,369.9439715540151,-369.9439715540151,0.0,0.0,1510.1793625827029,-13.289578390727787,-11965.548074886676,1661.690802796687,0.0,-0.0,27.736923044984508,-0.0,0.0,0.0,-575.3291302457765,-5.520520903585112,-1108.5780746923094,145.86424999999988,0.0,-0.0,21.0425278762306,-0.0,0.0,0.0,675.3700593496659,-2.841845176550982,-839.4349920493453,1433.188659,0.0,-0.0,41.584634396002514,-11.559718018920137,0.0,0.0,207.7946915917849,-7.115286942649019,-1663.8929800262183,894.9128709532607,0.0,-0.0,4.803461073966481,-0.0,0.0,0.0,-704.5488458878258,-4.755704709742824,-190.41178142965853,2552.417110901316,0.0,-0.0,25.444735218510253,-2.5293445358328257,0.0,0.0,-1533.8945022232747,-13.422383172714989,-1028.015616188004,7578.171190907662,0.0,-0.0,47.07068513709654,-33.3,0.0,0.0,-5742.131388909541,-20.235217685750428,-1829.5752694494681,2629.2327999999998,0.0,-0.0,168.64689234935915,-119.3,0.0,0.0,4332.354049152975,-14.296768362204817,-6996.636973140129,729.8260999999999,0.0,-0.0,57.4224474665798,-40.6,0.0,0.0,1433.4924793971377,-5.805644541558407,-2174.335382322159,16235.386819915813,0.0,-0.0,477.24118322136235,-0.0,0.0,0.0,0.0,-0.0,-16712.628003137175,62770.250489317696,0.0,-0.0,1746.7598021680442,-0.0,0.0,0.0,396.7132251921515,-5.038257959940324,-64908.68525871795
t225,10881.757260015098,0.0,-0.0,353.4466923086279,-0.0,0.0,0.0,1875.1605927244104,-17.53326543869135,-13092.831279609443,1834.73040097688,0.0,-0.0,24.890925193266504,-19.6,0.0,0.0,-679.6409816596558,-5.943824282348205,-1154.4365202281424,169.23384999999988,0.0,-0.0,18.872856147942066,-14.9,0.0,0.0,703.9142960189911,-2.7926315882206763,-874.3283705787123,1351.6316000000002,0.0,-0.0,37.31269159186038,-29.4,0.0,0.0,380.5813117933635,-7.443758396866971,-1732.681844988357,941.0777669503104,0.0,-0.0,4.30862523224525,-3.4,0.0,0.0,-739.6038425642397,-4.9923259373086175,-197.39022368100728,8047.34643290591,0.0,-1752.9183323037116,12.938124129497298,-51.42047446320658,0.0,0.0,-5151.130146775173,-33.924457241214625,-1070.8911462521012,4153.024566840826,0.0,-0.0,42.2277572487436,-33.3,0.0,0.0,-2217.134613254443,-41.50139022048407,-1903.3163206146428,2812.1428,0.0,-0.0,151.298446092387,-119.3,0.0,0.0,4467.493335138554,-14.742728005957229,-7296.8918532249845,792.2260999999999,0.0,-0.0,51.52253673199017,-40.6,0.0,0.0,1462.4692007689907,-7.615862363860203,-2258.0019751371206,17540.878562991104,0.0,-0.0,373.9472590753617,-446.0652597938218,0.0,0.0,-512.9885153775125,-3.7704655880247167,-16952.001581307108,64373.197679298406,0.0,-0.0,1561.1336652048585,-1411.4,0.0,0.0,410.8793631867134,-5.2181679124712605,-64928.5925397775
t226,11404.909143234401,0.0,-0.0,287.69530496144347,-385.7391567461225,0.0,0.0,2111.459195981012,-20.498812909561696,-13397.825674521173,1618.8222509768798,0.0,-0.0,19.89083914139713,-18.474469841080683,0.0,0.0,-440.8242964834231,-2.048580797714373,-1177.3657429960588,158.71644999999987,0.0,-0.0,15.074835625768195,-0.0,0.0,0.0,720.1784178740327,-2.693120492538509,-891.276583007262,1442.2198300000002,0.0,-0.0,29.814035061562343,-0.0,0.0,0.0,300.7738467099811,-6.229904338074882,-1766.5778074334685,871.5995669503104,0.0,-0.0,3.441834353913101,-3.2047549724323634,0.0,0.0,-665.9634878215037,-4.49525354279515,-201.37790496749227,5466.768600472567,0.0,-0.0,18.237163274034078,-7.077378378930696,0.0,0.0,-4356.581172194396,-29.516854564288618,-1091.8303586089858,5545.359573807744,0.0,-0.0,33.73652969190971,-77.71334952050412,0.0,0.0,-3521.4418269348716,-41.747082229890616,-1938.1938448143876,2726.3158,0.0,-0.0,120.87705099580585,-0.0,0.0,0.0,4617.558195613517,-15.237942045524605,-7449.513104563798,762.9460999999999,0.0,-0.0,41.167529627770215,-0.0,0.0,0.0,1500.9699911129576,-7.2404109298155985,-2297.843209810912,17343.72490288142,0.0,-0.0,345.5636451192302,-331.3,0.0,0.0,-351.9643835782183,-2.5869382192999044,-17003.43722620313,63836.8299759655,0.0,-0.0,1234.6781349441278,-447.6364354606212,0.0,0.0,85.83551972091304,-1.0901111004555957,-64708.61708406947
t227,11718.036660007416,0.0,-0.0,249.3691897331646,-504.77203025711344,0.0,0.0,2200.0,-21.61,-13641.02381948347,1420.2349509768799,0.0,-0.0,20.959645128789163,-0.0,0.0,0.0,-242.87846890678048,-4.002697809152158,-1194.3134293897363,161.32044999999988,0.0,-0.0,15.880815291293583,-4.970071373529565,0.0,0.0,734.5514731154481,-2.5456862864704597,-904.2369807467413,1455.57282,0.0,-0.0,31.414106597360103,-16.15198674270088,0.0,0.0,326.0219291320711,-5.355559755385684,-1791.5013092313447,805.1571669503103,0.0,-0.0,3.6260229137563025,-0.0,0.0,0.0,-600.3620798924367,-4.052444039273947,-204.368665932356,5829.097673553902,0.0,-0.0,19.214493846350052,-24.08879633654086,0.0,0.0,-4685.0828628177,-31.35646403177912,-1107.7840442142312,5175.760164970333,0.0,-0.0,35.54427750616523,-21.220213377519578,0.0,0.0,-3180.0917040539653,-43.89666087082992,-1966.0958641741834,2747.4208,0.0,-0.0,127.3553129151122,-437.9231668449876,0.0,0.0,5138.346875705925,-16.956544689829553,-7558.2432770862215,770.1460999999999,0.0,-0.0,43.37655461619755,-149.17209198580466,0.0,0.0,1676.9487074049769,-10.58704161857964,-2330.71222841679,17986.89240785964,0.0,-0.0,368.00289241215575,-0.0,0.0,0.0,-1150.1210162392374,-8.453389469358395,-17196.3208945632,64452.36853547095,0.0,-0.0,1244.8704286818158,-888.9679498064838,0.0,0.0,-217.332853448302,-2.760127238793435,-64588.178033659184
t228,11233.421600476966,0.0,-0.0,360.82759719542673,-320.83995277019784,0.0,0.0,2567.4293413609294,-26.38658143769208,-13814.452004825433,1216.1619009768797,0.0,-0.0,24.50471078420258,-78.07257138468628,0.0,0.0,48.26138782756436,-7.569694252865576,-1203.285733951095,159.8224499999999,0.0,-0.0,18.56388948110895,-59.14292416488905,0.0,0.0,794.8215794839905,-2.849338347595462,-911.2156564526147,1668.7862699999998,0.0,-0.0,33.315211111975714,-36.883441176876644,0.0,0.0,164.27497976031952,-24.034549457263267,-1805.4584702381555,737.4417669503102,0.0,-0.0,4.238766766565965,-13.504425648363945,0.0,0.0,-518.3149754089037,-3.4986260840101,-206.36250657559853,5558.4814650253975,0.0,-0.0,22.462466910451013,-16.964606373691474,0.0,0.0,-4417.364094267078,-29.857238927895636,-1116.757992367182,4545.185186022487,0.0,-0.0,41.552456046944954,-10.164308413809646,0.0,0.0,-2548.582977241592,-46.94698186852723,-1981.0433745455025,2734.7578,0.0,-0.0,148.88349041039783,-36.41447428731204,0.0,0.0,4786.66392302237,-15.795990945973818,-7618.094748199482,765.8260999999999,0.0,-0.0,50.71092217972876,-12.392520168188335,0.0,0.0,1559.9840282625182,-16.48377712090743,-2347.644753153151,18044.55491022733,0.0,-174.15788318137896,431.38416981954526,-186.9427551387803,0.0,0.0,-882.1731928001177,-13.593972967080866,-17219.071275959515,65175.98453860087,0.0,-0.0,1427.2334414260808,-891.5762966844595,0.0,0.0,-1555.0,-25.33575,-64131.3059333425
t229,11012.643741921642,0.0,-0.0,380.2004193699823,-420.1880637952112,0.0,0.0,2960.0,-31.49,-13901.166097496414,1001.1442509768796,0.0,-0.0,25.392100209580107,-45.28799876954528,0.0,0.0,227.13028430846788,-7.086748232367136,-1201.2918884930152,149.88444999999987,0.0,-0.0,19.2295873574402,-34.285040797950764,0.0,0.0,777.52662108156,-3.133868532969769,-909.2217491080795,1762.3616000000002,0.0,-0.0,38.05279784091634,-25.012942173161928,0.0,0.0,49.76262883022673,-23.693374547485654,-1801.4707099504953,667.9627669503103,0.0,-0.0,4.39104397522058,-7.829429129040065,0.0,0.0,-456.08025382916657,-3.0785417133468744,-205.36558625397728,5630.9483935729695,0.0,-0.0,23.27165808537047,-0.0,0.0,0.0,-4510.076944453203,-30.37643088893794,-1113.7666763161983,5039.751116365369,0.0,-0.0,20.935057894133642,-7.343034022234869,0.0,0.0,-3027.6706568982986,-48.61511155915022,-1977.0573717798175,2655.9658,0.0,-0.0,154.24762722073348,-26.307025791369966,0.0,0.0,4834.180750951388,-15.95279647813958,-7602.134355902613,738.9460999999999,0.0,-0.0,52.54236797584564,-8.95276820728936,0.0,0.0,1582.4007628091435,-23.26789462561742,-2341.6685679520824,18140.101408844097,0.0,-0.0,452.4604112070128,-516.3001119964106,0.0,0.0,-882.1731928001177,-13.593972967080866,-17180.4945422875,65506.94768377012,0.0,-0.0,1474.1211896128723,-1706.3920092976405,0.0,0.0,-1555.0,-25.33575,-63694.34111408536
t230,10783.07137682606,79.80361012423168,-0.0,385.85308587704884,-326.90437448288003,0.0,0.0,2960.0,-31.49,-13850.33369834446,801.2333099999997,0.0,-0.0,25.769141445954546,-25.769141445954546,0.0,0.0,404.672118315484,-6.6073852805481925,-1199.2980430349355,145.4544499999999,0.0,-0.0,19.514680676677987,-19.514680676677987,0.0,0.0,766.2144418772758,-3.4440964414638024,-908.2247954358119,1839.7688500000004,0.0,-0.0,38.61762230908294,-27.550082313193457,0.0,0.0,-29.262819159829178,-23.093681101310203,-1798.47988973475,599.7299669503103,0.0,-0.0,4.456163162316019,-4.456163162316019,0.0,0.0,-391.7202688813837,-2.6441118149493397,-205.36558625397728,5960.541139286335,0.0,-0.0,23.61692723097814,-0.0,0.0,0.0,-4839.169148320845,-32.21934723059673,-1112.7695709658706,6396.416195708983,0.0,-0.0,43.68770639132466,-108.23694794395684,0.0,0.0,-4302.701574654127,-55.09750979666961,-1974.0678697055537,2620.7907999999998,0.0,-0.0,156.5361664481698,-387.82696365507655,0.0,0.0,5218.8839002763325,-17.222316870911897,-7591.161586198515,726.9460999999999,0.0,-0.0,53.322223215429034,-132.1234260217612,0.0,0.0,1711.2264172679943,-20.69083911011435,-2338.680475351548,18111.49106812054,0.0,-0.0,120.37043858393237,-1150.0,0.0,0.0,56.856933279099366,-6.69210154039862,-17132.026338443175,66490.80138374526,0.0,-0.0,1497.106676469291,-3095.450992472573,0.0,0.0,-1555.0,-25.33575,-63312.121317741985
t231,10941.144923234213,0.0,-0.0,431.0523347404089,-436.41956770609636,0.0,0.0,2960.0,-31.49,-13864.287690268526,986.3702099999998,0.0,-0.0,28.676411210718182,-28.676411210718182,0.0,0.0,214.06831221770875,-7.122015557012186,-1193.3165066606964,132.69724999999988,0.0,-0.0,21.71603668773263,-21.71603668773263,0.0,0.0,773.6313661035119,-3.0885890290379847,-903.2400270744737,1591.9153300000003,0.0,-0.0,6.987118865920992,-96.28711886592099,0.0,0.0,309.8907918735763,-22.00175271414644,-1790.5043691594296,657.4253909497669,0.0,-0.0,4.95885326962504,-4.95885326962504,0.0,0.0,-450.0190961186104,-3.03762889880062,-204.368665932356,6247.614947335092,0.0,-0.0,26.281199108397985,-58.56920757958642,0.0,0.0,-5075.0,-33.54,-1106.7869388639035,4784.380553130717,0.0,-0.0,48.61618842906533,-7.9139815726248,0.0,0.0,-2810.4261758178004,-50.55372137801754,-1964.1028627913408,2518.0798,0.0,-0.0,174.19535057409212,-28.352492540965116,0.0,0.0,4905.521216474689,-16.188220014366475,-7553.25565449345,691.9060999999999,0.0,-0.0,59.33781017051583,-9.648878433890895,0.0,0.0,1609.5067780670424,-23.37767398741191,-2327.7241358162555,17762.743369688473,0.0,-270.6960556474472,511.18532766382003,-68.41895711419902,0.0,0.0,-882.1731928001177,-13.593972967080866,-17039.04651882345,66942.06527658185,0.0,-1886.0501308565545,1649.5318234905053,-2352.57721818765,0.0,0.0,-1555.0,-25.33575,-62772.634001028164
t232,10448.337642849649,400.45721382716636,-0.0,551.100686801195,-484.0521273867208,0.0,0.0,2960.0,-31.49,-13844.35341609129,1200.2051099999999,0.0,-0.0,36.882789497800964,-36.882789497800964,0.0,0.0,0.8092117888666621,-7.69781512817006,-1193.3165066606964,141.62704999999988,0.0,-0.0,27.926632207057377,-27.926632207057377,0.0,0.0,765.2213912392954,-2.61146049255383,-904.2369807467413,1343.48526,0.0,-0.0,55.27046924035562,-96.60296857353188,0.0,0.0,510.32996820209513,-21.978359709489332,-1790.5043691594296,726.531390949767,0.0,-0.0,6.377206645117093,-6.377206645117093,0.0,0.0,-518.6617581498992,-3.5009668675118197,-204.368665932356,5864.646550292896,0.0,-463.3552760535978,33.79959871392283,-67.26089687968582,0.0,0.0,-4231.231038046244,-28.81489381305897,-1107.7840442142312,7133.739479020569,0.0,-0.0,62.523886120122654,-109.27172971083712,0.0,0.0,-5069.582948471997,-52.30932347509589,-1965.099363482762,2589.8368,0.0,-0.0,224.0287627554248,-391.5341547898759,0.0,0.0,5147.912357307014,-16.988110779113146,-7553.25565449345,716.3860999999999,0.0,-0.0,76.31565466404427,-133.38505183963926,0.0,0.0,1690.20281613087,-19.803321405330024,-2329.716197549945,17495.804304574765,0.0,-0.0,662.2866431847077,-1352.8123138676979,0.0,0.0,300.0,-4.905,-17100.373633891777,66446.26320792704,0.0,-0.0,1499.806913018447,-3828.0062864200386,0.0,0.0,-1555.0,-25.33575,-62537.728084525465
t233,10049.835093666661,340.55269278125206,-0.0,678.9772198787731,-120.63003784295555,0.0,0.0,2960.0,-31.49,-13877.24496848373,1408.10611,0.0,-0.0,46.64124380448259,-46.64124380448259,0.0,0.0,-192.59327368911664,-5.248643256509592,-1210.2641930543737,126.65844999999987,0.0,-0.0,35.31183005761822,-35.31183005761822,0.0,0.0,792.281031495613,-2.739056681659953,-916.2004248139528,1427.8531100000002,0.0,-0.0,69.89219258031521,-69.89219258031521,0.0,0.0,393.4135460485061,-5.838785091200175,-1815.427870957306,790.2333909497671,0.0,-0.0,8.063811896659946,-8.063811896659946,0.0,0.0,-578.9659439310129,-3.9080201215343373,-207.35942689721978,4275.29995072075,0.0,-0.0,42.73994989507642,-42.73994989507642,0.0,0.0,-3129.970386484618,-22.588939766982413,-1122.740624469149,8905.005330095262,0.0,-0.0,79.0619399932505,-79.0619399932505,0.0,0.0,-6869.255615787721,-42.748331464982435,-1993.0013828425579,2471.6488,0.0,-0.0,283.2871472007518,-283.2871472007518,0.0,0.0,5200.536165271859,-17.181809885866787,-7655.003155385993,676.0660999999999,0.0,-0.0,96.50451868207173,-96.50451868207173,0.0,0.0,1707.656415069035,-20.141268046367504,-2363.5812470226674,17086.159268029736,0.0,-0.0,843.8511685218612,-843.8511685218612,0.0,0.0,323.9526995106346,-5.081052341403164,-17405.030915198968,60959.50491216171,0.0,-0.0,2621.0935824905782,-0.0,0.0,0.0,-607.0546375031804,-8.80459389629039,-62964.73926325283
t234,9999.080403624259,977.7030115925551,-0.0,784.0237528722034,-593.7918973645393,0.0,0.0,2960.0,-31.49,-14095.525270724478,1611.86711,0.0,-0.0,55.229102463291724,-0.0,0.0,0.0,-425.0551477420978,-8.847648898903664,-1233.1934158222903,120.99604999999987,0.0,-0.0,41.81304101437036,-4.472641689716196,0.0,0.0,779.0005498291066,-3.191408238990373,-934.1455909147702,1398.0870400000001,0.0,-0.0,82.76085901794278,-8.82521246158766,0.0,0.0,404.6805989198033,-26.382512001825837,-1850.3207734743328,856.0585909497671,0.0,-0.0,9.54845453214446,-0.0,0.0,0.0,-649.8732925733368,-4.386644724870023,-211.34710818370476,2282.04622,431.2851051373196,-0.0,50.60908494217288,-5.183467903131168,0.0,0.0,-1600.0,-14.08,-1144.6769421763615,8958.00701474178,0.0,-0.0,93.61852767532034,-9.99590391057378,0.0,0.0,-6967.402109815959,-41.36611819115869,-2032.861410499409,2429.4388,0.0,-0.0,335.44508729136675,-35.81115124719074,0.0,0.0,5087.359761745957,-16.788287213761656,-7799.644210576372,661.6660999999999,0.0,-0.0,114.27303489582677,-12.187198161240103,0.0,0.0,1666.3496753326808,-19.706914302894663,-2410.3946977643723,15930.019925505978,572.4508299293428,-0.0,1003.1844436146188,-0.0,0.0,0.0,299.93996430384595,-4.9054412623667325,-17800.689722091418,67846.99760798004,0.0,-0.0,1616.9132396655828,-4238.0068221561605,0.0,0.0,-1555.0,-25.33575,-63645.56827548946
t235,10176.833228540874,824.7045460195341,-0.0,667.6837028286463,-255.02120686683506,0.0,0.0,2960.0,-31.49,-14342.71027052222,1813.69921,0.0,-0.0,46.955474260109135,-14.223031878384397,0.0,0.0,-587.0056349513884,-9.284915214368748,-1250.1411022159675,120.77704999999987,0.0,-0.0,35.56087044508832,-6.339765197422961,0.0,0.0,801.3993783398578,-4.291544933273519,-947.1059886542495,1491.6495300000001,0.0,-0.0,70.36841958251921,-12.509335355988929,0.0,0.0,355.7472148025656,-29.014613684972282,-1876.241215344124,923.2553909497672,0.0,-0.0,8.120214017666989,-2.46726063196464,0.0,0.0,-709.7794638062092,-4.791011380691912,-214.3378691485685,2296.0302250000004,434.64819370882225,-0.0,43.035103722456626,-0.0,0.0,0.0,-1600.0,-14.08,-1159.633522431279,8948.01085704181,0.0,-0.0,79.6084627057803,-14.168736984844603,0.0,0.0,-6910.110312439952,-43.57334115501139,-2059.7669291677835,2429.4388,0.0,-0.0,285.2422222045101,-50.76067033909794,0.0,0.0,5262.81885798328,-17.367302231344823,-7909.371907617348,661.6660999999999,0.0,-0.0,97.16309526964187,-17.274796443984716,0.0,0.0,1720.7685667753099,-20.055280097561436,-2442.267685503405,15870.328820456143,1210.2130378263098,-0.0,849.9442709918443,-0.0,0.0,0.0,261.1613932965356,-5.190463759270464,-18186.45705881156,63491.03579663701,0.0,-0.0,2456.5071672611675,-0.0,0.0,0.0,-1555.0,-25.33575,-64367.207213898175
t236,10283.850675878577,1304.6469497475819,-0.0,332.7703389199033,-16.684549263803547,0.0,0.0,2960.0,-31.49,-14833.093415282257,1940.8467014408084,0.0,-0.0,33.16517691429206,-0.0,0.0,0.0,-703.3057007277298,-9.59892539196487,-1261.107252235406,120.77704999999987,0.0,-0.0,25.134961165563602,-0.0,0.0,0.0,813.2742280815935,-5.101574887034018,-954.0846643601228,1406.174316,0.0,-0.0,49.71061102884238,-0.0,0.0,0.0,465.632927250123,-30.322537856115375,-1891.1953164228498,990.4521909497672,0.0,-0.0,5.738736148207429,-0.0,0.0,0.0,-774.6304616897578,-5.228755616405865,-216.331709791811,2318.8220250000004,452.4547800257445,-0.0,30.407770908812772,-18.0,0.0,0.0,-1600.0,-14.08,-1169.6045759345575,8948.01085704181,0.0,-0.0,56.25066074704406,-0.0,0.0,0.0,-6884.5411757753045,-44.00940178302593,-2075.710940230524,2429.4388,0.0,-0.0,201.5446176477925,-0.0,0.0,0.0,5362.920269602384,-17.697636889687868,-7976.206050360489,661.6660999999999,0.0,-0.0,68.6409096412403,-0.0,0.0,0.0,1751.384292165882,-20.499029833665553,-2461.192271973456,15822.852820456144,2132.0472129595696,-0.0,512.3110768662017,-331.3,0.0,0.0,164.2656210928089,-5.902647684967855,-18294.274083689754,64212.24980708579,1414.4546119366587,-0.0,2053.767361109594,-0.0,0.0,0.0,-1555.0,-25.33575,-66100.13603013205
t237,10412.78877872551,993.2485509324631,-0.0,414.8221340798897,-0.0,0.0,0.0,2960.0,-31.49,-14749.369463737861,1738.7500014408083,0.0,-0.0,27.50526006166048,-0.0,0.0,0.0,-532.8953328428615,-9.138817398675727,-1224.2211112609316,120.77704999999987,0.0,-0.0,20.84883260242733,-0.0,0.0,0.0,789.4860441265479,-3.945011520078216,-927.1669152088969,1335.906686,0.0,-0.0,41.22869264368764,-0.0,0.0,0.0,487.0026994522084,-27.774465628373953,-1836.363612467522,923.2553909497672,0.0,-0.0,4.759999163201136,-0.0,0.0,0.0,-713.843677747709,-4.8184448247970355,-209.35326754046227,2296.0302250000004,428.5321634896613,-0.0,25.22060553374936,-0.0,0.0,0.0,-1600.0,-14.08,-1135.7029940234108,8948.01085704181,0.0,-0.0,46.655200492556006,-0.0,0.0,0.0,-6936.746165977918,-41.998992811200615,-2015.9208987452473,2429.4388,0.0,-0.0,167.16338163673728,-0.0,0.0,0.0,5168.22589944297,-17.0551454681618,-7747.772935611546,661.6660999999999,0.0,-0.0,56.929299851034735,-0.0,0.0,0.0,1689.87374813081,-19.987129288057137,-2388.4820186937873,15775.376820456144,1289.8614645660518,-0.0,482.0348050219983,-0.0,0.0,0.0,243.89678541595214,-5.317358627192752,-17785.85251683295,66371.25267389903,0.0,-0.0,1675.4868506066225,-1411.4,0.0,0.0,-1555.0,-25.33575,-65055.00377450565
t238,10348.540751658888,564.3370818217365,-0.0,345.73268137660045,-143.42435699356267,0.0,0.0,2960.0,-31.49,-14043.696157863662,1536.6533014408083,0.0,-0.0,22.63677161495414,-11.021188727247324,0.0,0.0,-381.11566089978396,-8.729012284429416,-1158.4242111443018,120.77704999999987,0.0,-0.0,17.16176837148614,-8.3783526548972,0.0,0.0,750.7569818886587,-2.9982160097322614,-877.3192315955152,1252.595866,0.0,-0.0,33.93267612386041,-16.531783090870984,0.0,0.0,493.05808388980836,-25.38829757486581,-1737.666545347932,856.0585909497671,0.0,-0.0,3.9180696745768393,-1.9118388608490253,0.0,0.0,-655.2547084786355,-4.42296928223079,-198.38714400262853,2273.2384250000005,128.93373975207905,-0.0,20.75859095851559,-0.0,0.0,0.0,-1332.6209237219784,-15.430264335204008,-1074.8795676534126,8948.01085704181,0.0,-0.0,38.40114514339676,-18.72477472537428,0.0,0.0,-7023.399956971565,-37.98144779935963,-1906.3058226889066,2429.4388,0.0,-0.0,137.5885734891615,-67.08305179390845,0.0,0.0,4850.861305543088,-16.00784230829231,-7334.79778493005,661.6660999999999,0.0,-0.0,46.855127733222325,-22.8296052207266,0.0,0.0,1592.7148787504088,-19.408495258939155,-2258.998006003965,15822.852820456144,232.90552333407038,-0.0,391.4490698638962,-0.0,0.0,0.0,300.0,-4.905,-16742.30241365411,62320.97046089645,0.0,-0.0,1381.0311994844,-0.0,0.0,0.0,-1555.0,-25.33575,-62121.665910380856
t239,10189.045166959662,229.94344701141983,-0.0,257.199543351217,-707.2227646497794,0.0,0.0,2960.0,-31.49,-12897.475392672519,1334.5566014408082,0.0,-0.0,16.825597106971994,-59.44920806392855,0.0,0.0,-216.93993259321405,-8.285737818001678,-1066.7073200726359,120.77704999999987,0.0,-0.0,12.76014705203228,-45.021182516895294,0.0,0.0,720.9713470382601,-1.9548870366156466,-807.5324745367811,1234.8043260000002,0.0,-0.0,25.223628143937155,-89.09101741889803,0.0,0.0,453.3952558644625,-23.246437093931497,-1601.0857554955703,788.861790949767,0.0,-0.0,2.912999848885023,-10.280513666948808,0.0,0.0,-595.0413293022247,-4.016528972790017,-182.43641885668853,2250.48095,0.0,-0.0,15.432188035170707,-54.48469212643119,0.0,0.0,-1205.2292406987222,-16.073592334471453,-990.125612875546,8822.428971227782,0.0,-0.0,28.548071113413727,-100.78840096619822,0.0,0.0,-6959.368416391426,-34.98600669927595,-1755.8342182842935,2429.4388,0.0,-0.0,102.28455867584739,-361.13175046258993,0.0,0.0,4602.826331887615,-15.18932689522913,-6758.228613205642,661.6660999999999,0.0,-0.0,34.829816481337815,-123.01468221143163,0.0,0.0,1525.4699460576785,-19.238730355679614,-2079.712449971905,15782.061827260997,0.0,-0.0,284.1648168288769,-1070.4381802831113,0.0,0.0,268.91603813757035,-5.133467119688858,-15259.571034824645,58468.493502895784,0.0,-0.0,1038.1049992920314,-262.8324350933344,0.0,0.0,-1555.0,-25.33575,-57663.430317094484
t240,10447.887105917374,0.0,-0.0,151.74293433394607,-691.290044195282,0.0,0.0,1606.0868412954342,-15.340778212150871,-11499.086059139323,1106.809901440808,0.0,-0.0,9.847188159701215,-47.85383502287848,0.0,0.0,-101.51411928690506,-0.27408812207464367,-967.0150471686512,120.77704999999987,0.0,-0.0,7.46454396920661,-36.243807963724194,0.0,0.0,642.6105053950472,-2.844295956088319,-731.7639954444411,1263.523386,0.0,-0.0,14.760536117417052,-71.71596072667325,0.0,0.0,251.79090475201667,-7.8110615063630755,-1450.5478046363976,721.664990949767,0.0,-0.0,1.70421271503877,-8.276052109167793,0.0,0.0,-545.9194220675546,-3.6849560989559933,-165.48877338912732,2227.68915,0.0,-0.0,9.029535165829795,-43.86012891275501,0.0,0.0,-1284.1631056284875,-11.30063532953069,-897.3948152950569,7623.861463699091,0.0,-0.0,16.703615444571643,-134.3,0.0,0.0,-5891.796181305599,-24.05379432970242,-1590.4151035083612,2429.4388,0.0,-0.0,59.848143277581144,-481.2,0.0,0.0,4133.346216716885,-13.64004251516572,-6127.7931174793,661.6660999999999,0.0,-0.0,20.38164585316931,-163.9,0.0,0.0,1371.5016176516265,-6.154994301313214,-1883.4943692034826,14953.54170741396,0.0,-0.0,169.48259434132706,-1046.1847572615786,0.0,0.0,-181.94325752246274,-1.3372829427901012,-13893.559004028455,57687.899294401475,0.0,-0.0,611.0424151544952,-4910.6,0.0,0.0,-0.0,-0.0,-53388.34170955598
t241,10120.708191914144,0.0,-0.0,171.7316064043875,-581.1459517342373,0.0,0.0,1152.0598559448545,-10.13812673231472,-10853.215575796836,2046.051419439173,0.0,-0.0,10.230822319666949,-66.08633131457853,0.0,0.0,-1019.416130639044,-7.752423552725419,-963.0273562524918,125.23084999999988,0.0,-0.0,7.753227341784422,-57.454880509685005,0.0,0.0,655.2917704373061,-2.047832841767164,-728.7731344276383,1105.46245,0.0,-0.0,11.254452499260733,-113.67808637481471,0.0,0.0,446.10110036560945,-4.573752285147878,-1444.5661642049074,761.7459599999997,0.0,-0.0,1.7702107062041335,-13.11923447872007,0.0,0.0,-581.9767401638716,-3.928342996106133,-164.49185306750607,2284.7485714285717,1166.7,-0.0,9.379938975130237,-42.48055291479696,0.0,0.0,-2508.2061231170082,-17.73254582847878,-892.4092885434177,4037.0571565139007,0.0,-0.0,17.351720445500586,-78.58124257132772,0.0,0.0,-2368.4239920813443,-19.978040872632285,-1587.4256014340974,2429.4388,0.0,-0.0,62.170873299423995,-0.0,0.0,0.0,3601.1836980112585,-11.883906203437153,-6080.909465107246,661.6660999999999,0.0,-0.0,21.17408445731889,-93.72481902239221,0.0,0.0,1305.5597540423573,-9.188688540111935,-1885.4864309371721,14975.96644174254,0.0,-0.0,164.13296987462135,-260.18395569553985,0.0,0.0,-1482.1731928001177,-13.593972967080866,-13384.148290154422,57022.236965341704,629.2464821426802,-0.0,577.2498922538323,-4741.271894926274,0.0,0.0,800.0,-11.254999999999999,-54276.206444811934
t242,10062.801912306775,83.47225830400139,-0.0,67.70925745109517,-548.7705533739637,0.0,0.0,375.9996844833761,-3.30879722345371,-10037.903761947831,1843.955319439173,0.0,-0.0,4.175304307141207,-70.84187114557045,0.0,0.0,-849.8345204916379,-7.294553205327422,-920.1596789037784,125.23084999999988,0.0,-0.0,3.1646560971429025,-45.1,0.0,0.0,615.7829189157735,-2.207808097842066,-696.870616915074,1197.2285599999998,0.0,-0.0,6.258427669721539,-89.3,0.0,0.0,271.2074410626731,-5.629369201965417,-1379.7650595304292,764.98436,0.0,-0.0,0.7225314200384714,-10.3,0.0,0.0,-593.8847584841135,-4.008722119767754,-157.51341081615732,2307.573911428572,1752.9183323037116,-0.0,3.828363135020335,-4.365626872150184,0.0,0.0,-3188.3718242586538,-19.058081206195265,-852.525074530304,2071.7807514083624,0.0,-0.0,7.082018920688591,-8.07640971347784,0.0,0.0,-525.8059383181408,-27.309869262823963,-1517.6705530346078,2429.4388,0.0,-0.0,25.37459682944916,-28.934404769306497,0.0,0.0,3394.9069970907235,-11.203193090399388,-5809.5827960604665,661.6660999999999,0.0,-0.0,8.64172796466493,-41.97220967549131,0.0,0.0,1182.1731928001177,-8.688972967080865,-1801.8198381222105,14928.49248174254,0.0,-12.692303171643362,67.2029854819873,-643.1619795394594,0.0,0.0,-1482.1731928001177,-13.593972967080866,-12844.074018746225,55090.2670639921,0.0,-0.0,294.85361957898203,-3499.2,0.0,0.0,800.0,-11.254999999999999,-52674.66568357108
t243,9924.57620351849,36.529132382481976,-0.0,49.26418920375971,-419.9902184358782,0.0,0.0,0.0,-0.0,-9590.379306668854,1641.8593194391729,0.0,-0.0,3.1048728446422977,-14.762213960126864,0.0,0.0,-729.9882448429098,-6.970968261075856,-893.2427652197025,125.25939999999987,0.0,-0.0,2.3526953158676234,-1.8192413193308736,0.0,0.0,552.293654759095,-2.151918958177736,-675.9345897974538,1213.1581800000001,0.0,-0.0,4.653638257302543,-3.5896439455253475,0.0,0.0,133.13847517134326,-7.473192829293539,-1339.8874566538273,832.1781400000001,0.0,-0.0,0.5371769386918854,-0.41512889165939404,0.0,0.0,-675.2136864554075,-4.557692383574022,-152.5288092080511,2284.804471428572,835.6272412458025,-0.0,2.8464692116588535,-0.0,0.0,0.0,-2282.8965205985733,-12.78422051535201,-827.597440772108,2525.3588028428726,0.0,-0.0,5.265600940602789,-0.0,0.0,0.0,-1030.9701106797015,-25.829770491701957,-1473.8245226120716,2429.4388,0.0,-0.0,18.866621955082053,-361.9,0.0,0.0,3564.335359083775,-11.734677651182597,-5639.006103387675,661.6660999999999,0.0,-0.0,6.425753591577626,-60.777236517261635,0.0,0.0,1151.4742663624968,-8.762650390531155,-1750.0262330462817,14881.01903174254,0.0,-0.0,52.02934446917617,-810.8195354891398,0.0,0.0,-1482.1731928001177,-13.593972967080866,-12626.461674955377,51256.343402140556,0.0,-0.0,205.52274171576468,-190.08508097236768,0.0,0.0,800.0,-11.254999999999999,-52060.526062883946
t244,9911.325179833228,0.0,-0.0,41.30789036405704,-362.5167213106809,0.0,0.0,-154.21628283224365,-2.0048116768191675,-9433.895254377541,1843.956619439173,0.0,-0.0,2.661113359966768,-2.057361894887149,0.0,0.0,-954.7060493706874,-7.577706333300856,-882.2766152002642,125.25939999999987,0.0,-0.0,2.0176779223509165,-11.17073573157252,0.0,0.0,553.549832531851,-1.6972143033163833,-667.9589604193128,1173.1980800000003,0.0,-0.0,3.9891185256014534,-18.038437729484777,0.0,0.0,171.4788326310919,-6.69117792402247,-1323.9364155031863,764.97832,0.0,-0.0,0.46063234259371966,-2.551187983042066,0.0,0.0,-607.2568914557952,-4.098984017326643,-151.53188888642984,2268.089372857143,596.4125815839253,-0.0,2.440442882683479,-1.8894139851004423,0.0,0.0,-2036.0248568713423,-11.401739198479516,-817.6263872688296,2071.7935514083624,0.0,-0.0,4.5145641815295665,-3.495415872435818,0.0,0.0,-593.6110827055145,-23.314106845453125,-1455.8875101664885,2429.4388,0.0,-0.0,16.175308459133532,-8.79277941892048,0.0,0.0,3141.5702152403965,-10.209681710293307,-5568.181862570316,661.6660999999999,0.0,-0.0,5.5082967230974935,-88.34050286901747,0.0,0.0,1161.3894756323614,-11.113784643900033,-1729.1095848425414,14849.321875229978,0.0,-727.0043782642509,44.792048201828024,-80.48999706529915,0.0,0.0,-1482.1731928001177,-13.593972967080866,-12590.852382335057,51261.26407895306,0.0,-0.0,182.87561384967415,-86.7573213627238,0.0,0.0,800.0,-11.254999999999999,-52146.127371440016
t245,9918.912628878727,0.0,-0.0,9.632753465499604,-218.67850781689458,0.0,0.0,-428.0578508076063,-5.394535342358857,-9276.414488377366,1917.0119774977293,0.0,-0.0,0.6296764895536832,-0.0,0.0,0.0,-1037.532927174047,-7.801338903369927,-872.3073879098657,125.28794999999988,0.0,-0.0,0.4776913938505428,-0.8669449510881139,0.0,0.0,537.532927174047,-1.451338903369927,-660.9802847134393,1110.05603,0.0,-0.0,0.9440385486717198,-1.7106162122141304,0.0,0.0,207.23481707268928,-7.5419549846865985,-1308.9823144244606,832.1751200000001,0.0,-0.0,0.10904495170793907,-0.19782636467782463,0.0,0.0,-677.9719794823371,-4.576310861505817,-149.53804824318732,2290.903532857143,0.0,-0.0,0.5776329342129514,-6.3699553573119445,0.0,0.0,-1468.236646100005,-8.222125218160027,-808.652439115879,2071.799951408362,0.0,-0.0,1.0685733097280796,-11.783250752536745,0.0,0.0,-595.5945189675244,-25.54725589428083,-1439.943499103748,2429.4388,0.0,-0.0,3.828533835076227,-3.729836604550785,0.0,0.0,3087.8277011216783,-10.032331413701538,-5507.332866938502,661.6660999999999,0.0,-0.0,1.303581579468793,-0.0,0.0,0.0,1056.9716699632231,-9.756353170201237,-1710.1849983724906,14801.847915229977,0.0,-249.28222137402125,10.658288889549254,-467.70211148817003,0.0,0.0,-1482.1731928001177,-13.593972967080866,-12599.754705490137,51446.54148162873,0.0,-0.0,58.23277434075452,-32.92501843705722,0.0,0.0,800.0,-11.254999999999999,-52260.59423753243
t246,9880.620409160114,0.0,-0.0,29.73675914877763,-136.77044536162546,0.0,0.0,-487.047301913277,-6.138077821175889,-9280.401343212814,1839.0186336239253,0.0,-0.0,1.9460131991629102,-0.0,0.0,0.0,-958.0796756019777,-7.586815124125339,-875.2981560969853,125.28794999999988,0.0,-0.0,1.476354457035341,-0.0,0.0,0.0,537.825495368958,-1.6156077680184966,-662.9741920579746,1092.6511,0.0,-0.0,2.917572511743515,-0.0,0.0,0.0,224.84021868608068,-6.441876413788478,-1313.9670147840359,764.9753000000001,0.0,-0.0,0.3370125253034406,-0.0,0.0,0.0,-611.6456561034181,-4.128608178698072,-149.53804824318732,2310.9103,85.32694077013889,-0.0,1.7852055718423443,-0.0,0.0,0.0,-1577.5444422982491,-8.834248876870195,-811.6437551668625,2071.8063514083624,0.0,-0.0,3.302485579208252,-0.0,0.0,0.0,-604.3836436620832,-25.79919076463358,-1444.9260025608544,2429.4388,0.0,-0.0,11.832283518121956,-0.0,0.0,0.0,3094.0701562700497,-10.052931515691162,-5525.28830827248,661.6660999999999,0.0,-0.0,4.028753032978978,-3.8221955060716652,0.0,0.0,1064.1380420540343,-9.84951600738178,-1716.1611835735594,14849.325955229979,0.0,-540.2031848953939,33.805393540908256,-17.9241846205355,0.0,0.0,-1482.1731928001177,-13.593972967080866,-12829.236813487758,52614.139143724,0.0,-0.0,136.93568711365327,-313.722461917023,0.0,0.0,800.0,-11.254999999999999,-53226.09736892064
t247,11364.583074081096,0.0,-709.6394892282586,69.18653809918717,-50.19808415255756,0.0,0.0,-1149.8533572952697,-12.439757835430727,-9511.638923668766,1856.8643599999998,0.0,-0.0,4.592639339532532,-3.0450292671080237,0.0,0.0,-949.629822499654,-7.564000520749065,-901.2181470520213,157.70049999999986,0.0,-0.0,3.485037695428928,-2.305416398342165,0.0,0.0,525.6080412661306,-1.574897059889834,-682.9132655033272,1168.71835,0.0,-0.0,6.88592990810694,-4.563015109671761,0.0,0.0,202.51083248866144,-20.704419698373894,-1352.8476775887227,772.2513200000001,0.0,-0.0,0.7955077849669642,-0.4664654719980028,0.0,0.0,-613.9137943498142,-4.14391811186124,-154.52264985129358,2327.1488600000002,0.0,-0.0,4.213649991842885,-2.7903554451939403,0.0,0.0,-1477.2815663877607,-15.716304584157355,-835.5742835747308,2144.1215514083624,0.0,-0.0,7.794949574790153,-5.161704694509761,0.0,0.0,-633.2229020978025,-25.75636189887102,-1487.7755322919695,2688.3268,0.0,-0.0,27.92784256954789,-18.49491252965537,0.0,0.0,2998.8663090582827,-9.73875881989233,-5686.887280278283,749.9860999999999,0.0,-0.0,9.508564330015899,-6.300443953167627,0.0,0.0,1024.0894526173443,-9.32888434470481,-1767.954788649488,16086.628505229977,0.0,-1328.793644272881,79.07920279997214,-48.98928043794187,0.0,0.0,-1482.1731928001177,-13.593972967080866,-13292.157617551928,52178.58520071709,1099.7743616655812,-0.0,333.17595942962174,-221.98814877687283,0.0,0.0,1555.0,-25.33575,-54919.21162303542
t248,12984.706896160535,0.0,-1958.5533552551906,173.90813723625817,-51.50387570886601,0.0,0.0,-1182.7167979164983,-12.657907821665185,-9953.183096694573,1944.1659000000002,0.0,-240.0,11.480225584132103,-3.271351904554276,0.0,0.0,-769.1875247942177,-7.0768063169443876,-936.1104425684159,222.82049999999987,0.0,2.2648549702353193e-14,8.716404626357688,-2.479253376719076,0.0,0.0,481.5117561485246,-1.7353464158773457,-708.8340609822857,1360.80248,0.0,-0.0,17.215097431909975,-4.903356847170509,0.0,0.0,52.87579520446593,-21.301454460900054,-1404.6885613283055,786.9703599999999,0.0,-0.0,1.9894355004826019,-0.6260537881398998,0.0,0.0,-623.6201340266417,-4.209435904679822,-160.50417178102106,2793.15276680506,0.0,-1166.7,10.536005080876016,-2.999358144231079,0.0,0.0,-754.1117303175993,-12.396028638883472,-867.4816547852216,2388.306225894873,0.0,-0.0,19.491085305191813,-5.5484454658614055,0.0,0.0,-834.2800017812331,-21.399790867145384,-1546.569073085825,3208.9168,0.0,-0.0,69.8315232285844,-19.87993582485242,0.0,0.0,2654.0802025879366,-8.60096466854019,-5904.347625323128,927.5861,0.0,-0.0,23.772231511820788,-6.770603072823867,0.0,0.0,902.6216276953805,-9.53240680575505,-1837.6769493286226,17970.88729449372,0.0,-2920.3740410906953,200.3323339802698,-0.0,0.0,0.0,-1482.1731928001177,-13.593972967080866,-13755.078421616096,55174.386542534165,0.0,-0.0,876.7643081631747,-0.0,0.0,0.0,1555.0,-25.33575,-57580.81510069735
t249,13223.15832968489,0.0,-3134.646949747582,190.14095613464485,-335.71361960463355,0.0,0.0,577.4726715348514,-5.081759509506693,-10515.329628492664,1961.7147899999998,0.0,-240.0,18.860255510099055,-32.96468767976599,0.0,0.0,-724.6664068019583,-6.956599298365287,-975.9873517300098,234.93324999999987,0.0,-0.0,14.317495221593173,-16.050732971262804,0.0,0.0,507.4926830103394,-1.950024110355098,-738.7426711503145,1286.1750000000002,0.0,-0.0,28.280704325019904,-31.678502313387323,0.0,0.0,204.3646880337692,-22.63692440219353,-1464.5049656432084,722.8977399999999,0.0,-0.0,3.267923917824433,-2.195934578921986,0.0,0.0,-552.7560122240204,-3.7311030825121634,-167.4826140323698,6452.08137244242,0.0,-2520.819542872645,17.307605875631943,-30.24348904891314,0.0,0.0,-2995.7067127325386,-18.24468091660377,-904.3745527473518,2605.9079373291347,0.0,-0.0,32.018102975906224,-35.87702949218499,0.0,0.0,-970.1253743493379,-18.589017052467394,-1613.3346194110507,3301.7788,0.0,-0.0,114.71322402841284,-128.5339304279381,0.0,0.0,2874.100167395088,-9.32703055240379,-6152.731230443159,959.2660999999999,0.0,-0.0,29.45030341369568,-68.24875823683132,0.0,0.0,1006.9974889339245,-9.109684567738947,-1918.35544954305,18070.288643064574,0.0,-2415.727319414772,329.24806147388523,-246.3034652626728,0.0,0.0,-1482.1731928001177,-13.593972967080866,-14241.738754093813,56216.52775155982,0.0,-0.0,1465.0294179147177,-0.0,0.0,0.0,1555.0,-25.33575,-59211.22141947455
t250,13171.307106005082,0.0,-3134.646949747582,390.8404298853129,-531.2786600541467,0.0,0.0,1600.0,-14.08,-11482.14192608867,1779.3065112444651,0.0,-240.0,24.67763240345964,-18.840659988404497,0.0,0.0,-500.0,-6.35,-1038.7934836595202,227.29044999999985,0.0,-0.0,18.723459877131635,-15.67321108558006,0.0,0.0,558.9105738534133,-2.654825225803713,-786.5964474191609,1304.50675,0.0,-0.0,36.99887730078336,-16.056099215205737,0.0,0.0,258.2522284314905,-25.484424113845236,-1558.217332403223,654.3131199999999,0.0,-0.0,2.9960870459850053,-0.5101151067056497,0.0,0.0,-476.13337441340656,-3.2139002772904632,-177.4518172485823,7812.390003138481,0.0,-1980.8402372783767,22.639464327854725,-4.257114805998318,0.0,0.0,-4856.014586814761,-31.710865500833336,-962.2066630663666,2668.4369937429474,0.0,-0.0,41.88125187609064,-32.49084433242707,0.0,0.0,-940.5221204385475,-22.327590912042247,-1714.977689936021,3238.4638,0.0,-0.0,150.05343854397637,-6.961047555290563,0.0,0.0,3172.6093697666556,-10.404719038883602,-6543.760841716459,937.6660999999999,0.0,-0.0,51.09034078595681,-51.09034078595681,0.0,0.0,1110.071102415273,-8.862017984004492,-2038.8751844312685,19518.884275107062,0.0,-3539.9719979502306,235.36250500958405,-0.0,0.0,0.0,-1482.1731928001177,-13.593972967080866,-14718.507616399218,59103.82580226296,0.0,-743.951641177959,1834.2957531056677,-1361.9718994740936,0.0,0.0,1555.0,-25.33575,-60361.862264716576
t251,12971.844220865683,0.0,-2979.689283260048,435.38232230295375,-0.0,0.0,0.0,1737.2080990517686,-15.801961643099697,-12148.943397317258,1903.8134417626563,0.0,-240.0,27.286635729726115,-12.761659774621561,0.0,0.0,-598.0379361143374,-6.6147024275087105,-1073.6857791759148,219.5295999999999,0.0,-0.0,20.692680875504344,-3.5239450338541634,0.0,0.0,578.3651638155588,-2.5462567590895127,-812.5172428981192,1325.0205200000003,0.0,-0.0,40.905582829563826,-0.0,0.0,0.0,268.9667828329782,-24.834669519735975,-1610.0582161428058,699.5634908006213,0.0,-0.0,4.723946105452867,-2.2709930845713693,0.0,0.0,-515.1061382102736,-3.476966432919346,-183.4333391783098,8284.85879439664,0.0,-1947.0034160777163,25.02632933359189,-0.0,0.0,0.0,-5333.327984641118,-34.4425833842121,-995.1111396271853,2647.522787946534,0.0,-0.0,46.29627219064246,-34.61870480486398,0.0,0.0,-857.9025250453556,-28.523100248501535,-1772.7747300384553,3175.1488,0.0,-0.0,165.8746359283677,-28.215210908644405,0.0,0.0,3464.8345383107785,-11.433953976425569,-6766.208809354077,916.0660999999999,0.0,-0.0,56.48401995224998,-38.43302554172834,0.0,0.0,1182.1731928001177,-8.688972967080865,-2107.6013142435586,18696.083839016766,0.0,-2508.0265229540146,463.35619694739296,-331.3,0.0,0.0,-1482.1731928001177,-13.593972967080866,-14824.346347242948,60634.224633237056,0.0,-3693.0,1925.2672969497476,-481.212375257144,0.0,0.0,1555.0,-25.33575,-59914.943804929666
t252,13155.335245444505,0.0,-2728.1900628094654,364.12565401158326,-0.0,0.0,0.0,1600.0,-14.08,-12377.190836646625,1702.6652917626561,0.0,-240.0,30.994561767562125,-0.0,0.0,0.0,-401.323854192983,-1.7025337676432635,-1090.633465569592,220.2837499999999,0.0,-0.0,23.496147443993216,-14.9,0.0,0.0,598.7459592681043,-2.148216074498934,-825.4776406375985,1305.83238,0.0,-0.0,46.46011518971551,-29.4,0.0,0.0,316.98465468600114,-4.895431935034814,-1634.9817179406818,632.2688708006211,0.0,-0.0,3.6891633175903524,-3.4,0.0,0.0,-443.1427206109143,-2.9912133641236713,-186.42410014317355,8663.870859973089,0.0,-2760.7549279751483,28.421658511691227,-18.0,0.0,0.0,-4871.144698303511,-32.325172324094325,-1010.0677198821029,2647.057386777997,0.0,-0.0,52.576895500465994,-0.0,0.0,0.0,-869.1281293924937,-30.8259041791386,-1799.6802487068298,3180.7768,0.0,-0.0,133.47343102480812,-393.70829567051805,0.0,0.0,3967.489762739248,-13.092716217039516,-6874.938981876499,917.9860999999999,0.0,-0.0,64.15316336453522,-56.607828242971394,0.0,0.0,1221.7962824744452,-8.849446480261891,-2138.478271115747,18201.92416625432,0.0,-1972.546104694681,354.77345427879027,-331.3,0.0,0.0,-1482.1731928001177,-13.593972967080866,-14757.08435007123,61722.62479522982,0.0,-3693.0,2093.050643007268,-1285.5754294594844,0.0,0.0,361.8959361322209,-5.691078388879206,-59193.30486652095
t253,13490.332615639056,0.0,-2492.2222715709513,530.8694024250691,-928.3978105341193,0.0,0.0,1934.4258645280559,-18.2770445998271,-12516.730755887285,1499.6005917626562,0.0,-240.0,32.71475852693882,-34.493712734059116,0.0,0.0,-157.78983487043504,-0.42603255415017466,-1099.6057701309508,219.53614999999988,0.0,-0.0,24.784108585241555,-50.70026743905851,0.0,0.0,641.5602673055058,-2.723942108216761,-832.4563163434718,1277.47582,0.0,-0.0,49.03092764872554,-11.05019212807516,0.0,0.0,341.80136205799636,-7.322098559239049,-1649.9358190194077,699.2492708006212,0.0,-0.0,5.835164234386323,-10.3,0.0,0.0,-502.97143704851396,-3.3950572000774693,-188.41794078641604,9187.267235052066,0.0,-2919.6183323037117,29.988658456350798,-38.365368639124824,0.0,0.0,-5205.142053875092,-34.09136530510601,-1020.0387733853813,2669.5265115614748,0.0,-0.0,57.19997958410694,-134.3,0.0,0.0,-742.0454211411288,-34.75681023488204,-1815.6242597695702,3175.1488,0.0,-0.0,204.94803015540862,-119.3,0.0,0.0,3690.161253043612,-12.177532135043919,-6938.780551063977,916.0660999999999,0.0,-0.0,66.85650688591593,-0.0,0.0,0.0,1182.1731928001177,-8.688972967080865,-2156.4068267189527,16331.411548293432,0.0,-663.3443811702282,574.8928785429149,-0.0,0.0,0.0,-1482.1731928001177,-13.593972967080866,-14747.19287989892,62236.10817887594,0.0,-3693.0,2205.413631519917,-2584.8906149723266,0.0,0.0,300.0,-4.905,-58458.72619542354
t254,14338.379030700764,0.0,-3134.646949747582,541.3356188451114,-723.5559964045813,0.0,0.0,1600.0,-14.08,-12607.431703393715,1531.27699,0.0,-240.0,34.52435155862964,-79.2,0.0,0.0,-142.62279895434253,-0.3850815571767249,-1103.5934610471102,205.67509999999987,0.0,-0.0,26.156051750430827,-34.29105357173957,0.0,0.0,640.6578271225595,-2.750747940975755,-835.4471773602747,1281.4406900000001,0.0,-0.0,51.743531653749905,-89.7259872790551,0.0,0.0,419.24239366771263,-7.780108663424563,-1654.920519378983,648.7572799999999,0.0,-0.0,5.972246331605216,-2.096376620786581,0.0,0.0,-460.1125290318165,-3.1057595709647616,-189.4148611080373,9498.569625828099,0.0,-2881.071333935458,31.64812459145906,-72.6,0.0,0.0,-5517.748376828535,-35.76795021919753,-1023.0300894363648,2741.96338002234,0.0,-0.0,52.233945780335446,-76.72564103648992,0.0,0.0,-863.0638438928029,-33.80107764670635,-1820.6067632266765,3063.9957999999997,0.0,-0.0,209.76676920192676,-416.06538810187027,0.0,0.0,4118.615389193563,-13.591430784338757,-6962.721139509282,878.1460999999999,0.0,-0.0,71.44716358199855,-163.9,0.0,0.0,1387.2051315237793,-9.519352318911695,-2163.379042786866,18290.704421477138,0.0,-1053.1881278339715,140.60654676448854,-1150.0,0.0,0.0,-1482.1731928001177,-13.593972967080866,-14732.355674640454,63118.062213797515,0.0,-3693.0,2241.134822300118,-4005.2246874277594,0.0,0.0,300.0,-4.905,-57956.06734866988
t255,13020.438494887778,0.0,-1830.0,554.9831174914864,-774.7423081375033,0.0,0.0,1600.0,-14.08,-12556.599304241761,1687.13919,0.0,-240.0,35.96965746983483,-45.507089970041946,0.0,0.0,-333.108902416159,-0.8993940365236295,-1103.5934610471102,170.60989999999987,0.0,-0.0,27.253795449625354,-34.50419056457872,0.0,0.0,674.6091928915099,-2.521520416281546,-835.4471773602747,1211.73849,0.0,-0.0,15.093851249689326,-118.69999999999999,0.0,0.0,556.201275814236,-8.416157613027503,-1655.917459450898,707.9594599999999,0.0,-0.0,4.743021490831489,-13.700000000000001,0.0,0.0,-506.170966359865,-3.4166540229290945,-189.4148611080373,9053.481746135742,0.0,-2395.660958324889,32.97480980012832,-41.733676381951184,0.0,0.0,-5589.89162906588,-36.1402027267827,-1023.0300894363648,2658.8230303465507,0.0,-0.0,60.99905130306121,-60.99905130306121,0.0,0.0,-802.3043126359231,-34.915453792529185,-1821.6032639180978,2784.0027999999998,0.0,-0.0,218.55985421648376,-218.55985421648376,0.0,0.0,4192.553766940183,-13.8354274309022,-6962.721139509282,782.6261,0.0,-0.0,74.44026890331787,-74.44026890331787,0.0,0.0,1390.2847676320162,-9.531824845150053,-2163.379042786866,17702.631831116283,0.0,-1157.2166431401806,505.3151009487409,-790.9547439657968,0.0,0.0,-1482.1731928001177,-13.593972967080866,-14764.00837919185,64021.59045360325,0.0,-3693.0,767.9260831182364,-3878.481191626612,0.0,0.0,300.0,-4.905,-57513.130345094876
t256,10753.336290703935,0.0,-128.51664343725975,539.1970464415026,-539.1970464415026,0.0,0.0,1600.0,-14.08,-12210.739647266693,1836.9660900000001,0.0,-0.0,34.6068006105183,-34.6068006105183,0.0,0.0,-747.7568657170941,-2.5634496294732747,-1086.6457746534327,131.05244999999988,0.0,-0.0,26.210383262906007,-26.210383262906007,0.0,0.0,693.306256513382,-1.8719268925861314,-822.4867796207956,1129.4226399999998,0.0,-0.0,51.86319559362635,-51.86319559362635,0.0,0.0,510.5345132858545,-9.96013570474759,-1629.9970175811068,766.00226,0.0,-0.0,5.98499396058234,-5.98499396058234,0.0,0.0,-575.6922372553527,-3.8859226014736303,-186.42410014317355,7691.956005603777,0.0,-1074.813502614118,31.718442371660224,-31.718442371660224,0.0,0.0,-5574.006118261332,-36.05998089721973,-1007.0764038311194,2473.9651926082565,0.0,-0.0,58.6744178553563,-58.6744178553563,0.0,0.0,-643.5788668170705,-38.67808261572575,-1791.7082431754595,2468.8348,0.0,-0.0,210.2337554051166,-210.2337554051166,0.0,0.0,4401.676749296646,-14.525533272678933,-6855.986016023968,675.1061,0.0,-0.0,71.61165004412189,-71.61165004412189,0.0,0.0,1463.2391525513724,-9.827290104073446,-2128.517962447299,16762.46257406978,0.0,-677.7660511606445,619.8850936047222,-619.8850936047222,0.0,0.0,-1482.1731928001177,-13.593972967080866,-14588.929357141938,58941.16233012978,0.0,-3154.4699208226507,2252.207031097586,-2252.207031097586,0.0,0.0,354.4506092037121,-5.5965227368871435,-56135.54649577397
t257,9935.040545978365,217.37641629760378,-0.0,574.0674832946339,-0.0,0.0,0.0,1600.0,-14.08,-12312.404445570604,1932.2973761605463,240.0,-0.0,35.508787728694244,-30.54437222231667,0.0,0.0,-1063.0429339256457,-6.637705778008268,-1107.5811519632696,125.79064999999989,0.0,-0.0,28.20643375270357,-0.0,0.0,0.0,686.2939482847431,-1.8529936603688066,-838.4380383770776,1061.8681900000001,0.0,-0.0,55.814897889989886,-45.76530938679327,0.0,0.0,593.9907590024583,-4.009437623266593,-1661.8990998823883,780.9742189156495,0.0,-0.0,6.440838818112643,-0.0,0.0,0.0,-593.9907590024583,-4.009437623266593,-189.4148611080373,5208.722738240371,0.0,-0.0,34.13473417590111,-27.98192488822971,0.0,0.0,-4159.444149453426,-28.412887236939184,-1027.018510837676,3896.99805630335,0.0,-0.0,63.14413333074887,-51.76143614855679,0.0,0.0,-2051.0565588387954,-29.74192658012113,-1827.5822680666256,2429.4388,0.0,-0.0,226.24939070894803,-0.0,0.0,0.0,4351.318033868729,-14.359349511766805,-6992.646875065911,661.6660999999999,0.0,-0.0,77.06795442966569,-0.0,0.0,0.0,1441.3558672236102,-9.738662798496009,-2170.3512588547796,15786.451049339152,640.1725865751044,-0.0,694.0909837797876,-580.0213218413556,0.0,0.0,-1482.1731928001177,-13.593972967080866,-15044.92613208549,54234.885375448735,0.0,-0.0,2198.1096141372027,-0.0,0.0,0.0,676.7489856409024,-9.689712117639463,-57100.054263109196
t258,9939.486718529775,2598.9682943072585,-0.0,547.248883013315,-469.3017690768788,0.0,0.0,0.0,-0.0,-12616.402126773472,2133.7464761605456,240.0,-0.0,30.577872077327243,-4.964415506377577,0.0,0.0,-1255.4751614192785,-8.389782935832052,-1135.4949883763852,125.48779999999988,0.0,-0.0,24.5956383169302,-44.14475130567848,0.0,0.0,755.4751614192785,-2.039782935832052,-859.3740654946979,1039.55358,0.0,-0.0,52.04410671325242,-37.292956622228374,0.0,0.0,652.8758245556315,-4.4069118157505125,-1702.7736428309054,848.0411989156496,0.0,-0.0,6.006016970849628,-2.3650167989736173,0.0,0.0,-652.8758245556315,-4.4069118157505125,-194.39946271614355,2308.021111428572,2210.3567484461882,-0.0,28.02828472111232,-0.0,0.0,0.0,-3475.0,-19.46,-1051.9461445958723,3291.1285648779763,0.0,-0.0,51.84835962474684,-0.0,0.0,0.0,-1433.6478250041016,-35.90779962661687,-1873.4212998720045,2429.4388,0.0,-0.0,174.5828497939455,-0.0,0.0,0.0,4576.298752866324,-15.10178588445887,-7165.218616775812,661.6660999999999,0.0,-0.0,71.86155060682289,-13.87800317108104,0.0,0.0,1514.522264937895,-10.034986709238863,-2224.136925664398,14903.976127078397,1631.399297386069,-0.0,669.3532769071634,-114.06966193843199,0.0,0.0,-1482.1731928001177,-13.593972967080866,-15594.891873665998,58801.30276623869,0.0,-0.0,2430.5863645224126,-3499.2,0.0,0.0,800.0,-11.254999999999999,-58521.43413076112
t259,9992.252275460827,1830.0,-0.0,706.4267949953004,-428.05072637767057,0.0,0.0,1157.879614722999,-10.189340609562391,-13248.318618191894,2086.60467521992,240.0,-0.0,44.1678750186258,-59.6,0.0,0.0,-1113.582777258046,-6.267111777883678,-1191.3226612026167,125.48779999999988,0.0,-0.0,33.45101624369332,-42.10833700764861,0.0,0.0,787.5389493293508,-2.126355163189247,-902.243073402206,1030.2020499999999,0.0,-0.0,66.19148362104812,-17.699698508870195,0.0,0.0,713.6367619748369,-4.817048143330148,-1787.5135489436846,915.2379989156497,0.0,-0.0,7.584477134873582,-0.0,0.0,0.0,-713.6367619748369,-4.817048143330148,-204.368665932356,2330.846451428572,1166.7,-0.0,40.19569935419466,-67.1206771710368,0.0,0.0,-2348.9693025868823,-16.859442861600137,-1104.7927281632478,6525.083100880358,0.0,-0.0,74.35601091457106,-124.16325276641807,0.0,0.0,-4483.420635040124,-25.75935981420386,-1966.0958641741834,2429.4388,0.0,-0.0,0.0,-82.9842659169272,0.0,0.0,5190.012327460147,-17.12704068061848,-7519.339820862602,661.6660999999999,0.0,-0.0,17.010253488819817,-0.0,0.0,0.0,1666.6711882439777,-10.651189848628498,-2334.696351884169,14856.502167078395,3012.457138392302,-0.0,135.6715778840638,-0.0,0.0,0.0,-1482.1731928001177,-13.593972967080866,-16508.863717587563,56786.828475234535,2255.941499067623,-0.0,2497.704743549751,-1411.4,0.0,0.0,626.0438279286954,-9.045756614694431,-60746.072789165904
t260,9885.985673343173,2525.110153323851,-0.0,581.1459517342372,-223.4909433727012,0.0,0.0,1600.0,-14.08,-14354.670835028563,2288.70197521992,201.1247638507892,-0.0,47.64609003570655,-16.886049304570278,0.0,0.0,-1276.951748799717,-8.447769721759277,-1235.18726128037,125.51634999999987,0.0,-0.0,34.77221550908036,-0.0,0.0,0.0,776.951748799717,-2.0977697217592777,-935.1425445870378,1022.0576399999999,0.0,-0.0,71.40882096910747,-0.0,0.0,0.0,764.9086055239417,-5.063472802971306,-1853.3115936900779,922.836330721218,0.0,-0.0,8.241750973447164,-8.678641508219156,0.0,0.0,-706.284908867883,-4.76742313485821,-211.34710818370476,2308.088191428572,1166.7,-0.0,37.02922695135172,-0.0,0.0,0.0,-2348.898885478046,-18.241590725516225,-1144.6769421763615,7278.765258962606,0.0,-0.0,68.4992556945898,-0.0,0.0,0.0,-5285.445119875245,-23.975480825435323,-2037.8439139565155,2429.4388,0.0,-0.0,289.4847459831179,-361.9,0.0,0.0,5455.636642922123,-18.003600921643006,-7794.6565879836,661.6660999999999,0.0,-0.0,98.60069294125275,-31.373333270188436,0.0,0.0,1702.2568585752263,-10.795311813470054,-2420.35500643282,14903.980207078397,3381.0136629359613,-0.0,647.6335656852033,-258.34402167932217,0.0,0.0,-1482.1731928001177,-13.593972967080866,-17178.51624825304,56800.81276225519,3693.0,-0.0,3118.4918294442177,-0.0,0.0,0.0,800.0,-11.254999999999999,-64401.04959169941
t261,9847.74860120698,3134.646949747582,-0.0,638.7252483864961,-0.0,0.0,0.0,210.13106448476648,-1.8491533674659453,-13829.40271045836,2086.60597521992,240.0,-0.0,40.548980657786096,-19.6,0.0,0.0,-1147.3073344926827,-6.931114724327773,-1193.3165066606964,125.51634999999987,0.0,-0.0,30.717550575951208,-14.9,0.0,0.0,763.9688423729297,-2.0627158744069103,-903.2400270744737,1044.26007,0.0,-0.0,60.77161264078774,-0.0,0.0,0.0,689.1273561004049,-4.651609653677733,-1789.5074290875148,892.8062220596239,0.0,-0.0,5.341409626814636,-0.0,0.0,0.0,-689.1273561004049,-4.651609653677733,-204.368665932356,2285.318751428572,430.0459244389459,-0.0,31.209681570663747,-72.6,0.0,0.0,-1558.7829201653285,-9.401603759277092,-1105.7898335135756,6141.991038092331,0.0,-0.0,57.7327250711388,-134.3,0.0,0.0,-4071.581185532117,-25.753712074327154,-1968.0888655570259,2429.4388,0.0,-0.0,235.76727943091578,-119.3,0.0,0.0,5000.909512527123,-16.503001391339506,-7530.3125905667,661.6660999999999,0.0,-0.0,83.91282539044185,-0.0,0.0,0.0,1601.4967214856738,-10.387233258257368,-2336.6884136178583,14856.506247078396,2554.048814411005,-0.0,698.9254056918613,-0.0,0.0,0.0,-1482.1731928001177,-13.593972967080866,-16613.713301414064,56778.120207458014,2829.956187236192,-0.0,2567.635545143397,-0.0,0.0,0.0,683.338492119753,-9.773398849920863,-62849.277033107435
t262,9740.296396355563,3134.646949747582,-0.0,536.7737472231074,-258.5,0.0,0.0,435.82602750297735,-3.835269042026201,-13585.207851787203,1884.5098752199206,0.0,-0.0,26.096414065362833,-0.0,0.0,0.0,-751.9462995483065,-2.229624050755032,-1156.430365686222,125.54489999999988,0.0,-0.0,19.747454267581606,-0.0,0.0,0.0,732.0093953508459,-1.976425367447284,-875.32532425098,1046.94827,0.0,-0.0,54.04279783040677,-17.548343553162084,0.0,0.0,655.6581190397236,-4.42511818478158,-1734.675725132187,851.893026023449,0.0,-0.0,6.237932829464764,-0.0,0.0,0.0,-655.3204021358681,-4.423412714417109,-198.38714400262853,2308.1440914285718,1166.7,-0.0,33.05525798867689,-0.0,0.0,0.0,-2421.0587114867812,-14.952386328038381,-1071.8882516024291,5181.760626879759,0.0,-0.0,61.14784868608826,-0.0,0.0,0.0,-3306.637772883834,-28.968379301685914,-1907.3023233803278,2429.4388,0.0,-0.0,173.5068036453708,-60.6318416862886,0.0,0.0,4770.320147753488,-15.74205648758651,-7296.8918532249845,661.6660999999999,0.0,-0.0,74.62219016015413,-163.9,0.0,0.0,1703.3857850104123,-10.799883965532558,-2264.974191205034,14903.984797078398,2358.7173106949745,-0.0,598.9774393013265,-307.1105565600984,0.0,0.0,-1482.1731928001177,-13.593972967080866,-16058.8018247474,56348.020148185715,3693.0,-0.0,2354.4595892564894,-906.1136654753356,0.0,0.0,319.9369041974605,-5.158198683307749,-61804.14477748102
t263,9840.604884160488,1932.5830103768812,-0.0,421.7673381707598,-466.35546612919734,0.0,0.0,713.6775412535736,-6.280362363031449,-12435.996945469475,1682.4137752199206,38.7907561492111,-0.0,26.760630687345703,-0.0,0.0,0.0,-670.4752542360453,-1.8102831864373226,-1075.6796246339945,125.57344999999988,0.0,-0.0,20.272729193046832,-0.0,0.0,0.0,670.4752542360453,-1.8102831864373226,-814.5111502426545,1021.3534299999999,0.0,-0.0,40.10692875019176,-37.7513993609808,0.0,0.0,594.3488719267608,-4.0118548855056355,-1614.045976430466,784.693206023449,0.0,-0.0,4.628959847076112,-6.5311795583275964,0.0,0.0,-594.3488719267608,-4.0118548855056355,-184.43025949993105,2285.3746514285717,2919.6183323037117,-0.0,24.53027021216303,-18.0,0.0,0.0,-4188.6775412535735,-25.74036236303145,-997.1053503278409,3154.1859790771264,0.0,-0.0,45.37759816441893,-33.3,0.0,0.0,-1355.9020321210883,-35.593813699159234,-1774.7677314212979,2429.4388,0.0,-0.0,162.58911716058455,-361.9,0.0,0.0,4575.119374574893,-15.097893936097146,-6790.149397799381,661.6660999999999,0.0,-0.0,55.379279268202566,-37.67502264081355,0.0,0.0,1437.9558503463127,-9.724892730142955,-2107.6013142435586,14951.462837078396,1985.8978919759163,-0.0,441.5157512285256,-934.1304431015685,0.0,0.0,-1482.1731928001177,-13.593972967080866,-14948.97887141407,56700.974192402995,1264.4211845860082,-0.0,1745.0053296394663,-1411.4,0.0,0.0,300.0,-4.905,-58594.095706628475
t264,9810.355609852902,1830.0,-0.0,312.860457465057,-430.20887916595495,0.0,0.0,0.0,-0.0,-11523.007188152007,1843.968919439173,240.0,-0.0,20.271635986085798,-0.0,0.0,0.0,-1080.9523444066058,-7.423950127049241,-1015.8642608916036,125.57344999999988,0.0,-0.0,15.362439353813112,-0.0,0.0,0.0,630.4144646914652,-1.7021190546669562,-769.6482349906112,1025.8017399999999,0.0,-0.0,30.384327389473263,-64.94519676718394,0.0,0.0,536.7032462479963,-3.622746912173975,-1524.3213699581113,717.4933860234489,0.0,-0.0,3.5075408301689013,-6.213877409729062,0.0,0.0,-536.7032462479963,-3.622746912173975,-174.46105628371856,2308.199991428572,2128.524564631238,-0.0,0.0,-0.0,0.0,0.0,-3475.0,-19.46,-942.2645560598097,2314.521086271142,0.0,-0.0,0.0,-0.0,0.0,0.0,-604.3917410273434,-33.018681581786176,-1677.1106636620125,2429.4388,0.0,-0.0,123.1870103195281,-78.97246020496763,0.0,0.0,3950.4732924994196,-13.036561865248084,-6411.090080748732,661.6660999999999,0.0,-0.0,28.515085045141365,-0.0,0.0,0.0,1311.0916413280415,-9.211092683618956,-1992.0617336895639,14928.54042174254,537.3605234087051,-0.0,329.83555439615964,-98.78560739286877,0.0,0.0,-1482.1731928001177,-13.593972967080866,-14201.183726387337,56575.354662157086,1306.2424662536396,-0.0,1300.8985300310069,-3499.2,0.0,0.0,750.5378797151405,-10.626831072382284,-56423.20670708448
t265,9747.478201032824,0.0,-0.0,99.37382226182858,-1131.544116179794,0.0,0.0,2119.941317631522,-20.905483595157396,-10814.343741151222,1712.6184789096608,0.0,-0.0,7.226147505031403,-42.01217289146748,0.0,0.0,-696.6132132091941,-2.241120396901415,-978.9781199171293,136.45099999999988,0.0,-0.0,5.482421610245996,-60.0,0.0,0.0,660.586741085535,-1.7835842009309446,-740.7365784948498,1126.0026779999998,0.0,-0.0,10.833972868719986,-48.24798564109082,0.0,0.0,384.4432020541172,-4.539141350877675,-1468.4927259308686,724.7093658010343,0.0,-0.0,1.2514802939806473,-5.569466552525608,0.0,0.0,-549.2016543433023,-3.7071111668172905,-167.4826140323698,2300.6361200000006,0.0,-0.0,6.629188654363743,-29.511955384146383,0.0,0.0,-1355.182865342337,-14.207513779217779,-908.3629741486632,7955.311982792792,0.0,-0.0,12.263474171690213,-134.3,0.0,0.0,-6193.912016055294,-27.025322189559073,-1612.3381187196294,2429.4388,0.0,-0.0,43.93801387214825,-481.2,0.0,0.0,4213.361967286676,-13.90409449204617,-6191.634686666778,661.6660999999999,0.0,-0.0,14.960200935122437,-139.20585766424637,0.0,0.0,1380.550048768618,-5.5912276975129025,-1912.3792643419813,15068.874468051661,0.0,-291.00349325995876,119.89092177907997,-1472.069431692652,0.0,0.0,0.0,-0.0,-13425.69246487813,54581.400775007685,0.0,-0.0,503.77457746333766,-4910.6,0.0,0.0,36.02647212365907,-0.4575361959704702,-50210.14428839871
t266,9798.531286710722,0.0,-1997.5337546008009,59.51294354676753,-0.0,0.0,0.0,2200.0,-21.61,-10038.900475656692,1501.1616789096608,0.0,-0.0,4.339603125031946,-40.59415299165222,0.0,0.0,-553.2229753960913,-1.4937020335694466,-910.1904516133799,136.5080999999999,0.0,-0.0,3.2923994900652667,-2.634785315653845,0.0,0.0,553.2229753960913,-1.4937020335694466,-688.8949875369331,1108.385598,0.0,-0.0,6.506241536623978,-38.393705749456785,0.0,0.0,293.6674074781052,-4.35764274165405,-1365.8078985236184,657.5125658010343,0.0,-0.0,0.7515617692901363,-4.432046746811564,0.0,0.0,-494.9714533405493,-3.3410573100487078,-155.51957017291483,2277.8443200000006,0.0,-0.0,3.981089238070561,-23.484637941228264,0.0,0.0,-1398.6959541375559,-15.096585431605343,-844.5482317276814,5459.682336668861,0.0,-0.0,7.3646987753381445,-8.040459125997886,0.0,0.0,-3940.7186641375242,-18.554371591653563,-1499.7335405890249,2429.4388,0.0,-0.0,26.386512851983248,-28.8056088207672,0.0,0.0,3340.7186641375242,-11.024371591653562,-5756.713996577087,661.6660999999999,0.0,-0.0,8.984207236114267,-65.22339888437065,0.0,0.0,1182.1731928001177,-8.688972967080865,-1778.9111281847804,14921.0899480899,0.0,-891.309044766271,74.39557239597289,-0.0,0.0,0.0,-1182.1731928001177,-8.688972967080865,-12913.314309952404,48100.66272562096,0.0,-0.0,286.96998177589904,-0.0,0.0,0.0,-0.0,-0.0,-48387.63270739685
t267,9710.032971450632,0.0,-2025.571728136497,32.87561363470405,-276.4428527229899,0.0,0.0,2200.0,-21.61,-9619.284004225849,1688.629097314717,0.0,-0.0,2.41411502726494,-4.732522488575331,0.0,0.0,-812.8585418977955,-5.132450961904765,-868.3196969937063,136.5366499999999,0.0,-0.0,1.832239655921784,-0.9628975965794409,0.0,0.0,521.998801176241,-1.4153695389467111,-657.9894236966364,1103.5391980000002,0.0,-0.0,3.619740760255727,-44.26086585511052,0.0,0.0,244.03128536356644,-3.9286842757414857,-1303.0006739929704,593.6343473454356,0.0,-0.0,0.41821987550122497,-5.108111603389433,0.0,0.0,-437.450536574106,-2.9527911218752156,-148.54112792156607,2255.0525200000006,0.0,-0.0,2.215115891930026,-27.070161085684617,0.0,0.0,-1409.4942979459775,-15.042053795372814,-805.6611230648955,5225.454997124531,0.0,-0.0,4.097821222006379,-26.615146293486255,0.0,0.0,-3754.0243986565283,-17.938280515566543,-1430.9749928809565,2429.4388,0.0,-0.0,14.681629965885952,-95.3665489466602,0.0,0.0,3154.0243986565283,-10.408280515566542,-5492.369999160187,661.6660999999999,0.0,-0.0,4.998416901183303,-0.0,0.0,0.0,1039.2062772066386,-7.6381661374687155,-1698.2326279703532,14873.614458089902,0.0,-1134.1535893642065,41.9039123430459,-65.52534102831675,0.0,0.0,-1039.2062772066386,-7.6381661374687155,-12668.994996696316,47524.83755757857,0.0,-0.0,170.1002412963433,-295.0976617119348,0.0,0.0,293.7732898780717,-3.7309207814515104,-47689.88250625959
t268,9798.768391747417,0.0,-2586.440844734845,41.18427994724577,-0.0,0.0,0.0,2200.0,-21.61,-9431.901826959818,1486.532297314717,0.0,-0.0,3.015824469354847,-0.0,0.0,0.0,-637.4711153383628,-5.689609490879134,-846.3873969548298,136.5651999999999,0.0,-0.0,2.2889547166843576,-2.5776056598774986,0.0,0.0,506.6780970692056,-1.9134348579255214,-641.0412112680867,1150.523768,0.0,-0.0,4.521965327895656,-0.0,0.0,0.0,120.42527486424136,-5.369356572363426,-1270.1016516197737,660.8281273454355,0.0,-0.0,0.5224663641412357,-0.0,0.0,0.0,-513.3321550280563,-3.4649920464393795,-144.5534466350811,2269.8191350000006,0.0,-0.0,2.7672487815500335,-0.0,0.0,0.0,-1473.1438495135833,-14.720623559956405,-784.7219107080108,5935.768626132058,0.0,-0.0,5.1192331082539,-0.0,0.0,0.0,-4524.562204578769,-21.224686671752266,-1395.1009679897904,2429.4388,0.0,-0.0,18.341123301038486,-21.430528886274665,0.0,0.0,2933.0536757220348,-9.679077129882444,-5349.723993006916,661.6660999999999,0.0,-0.0,6.244281381163218,-0.0,0.0,0.0,991.5085288567342,-4.015609541869821,-1655.4033006960276,14856.088095661518,0.0,-2094.7583823642794,53.34717241418513,-197.1175339111263,0.0,0.0,0.0,-0.0,-12617.559351800297,47791.59577096738,0.0,-0.0,201.3101972147902,-684.8736537404308,0.0,0.0,396.8437479465554,-5.039915598921254,-47699.83614678937
t269,9887.476814265763,0.0,-2540.2468888561198,39.831037737133514,-113.61486200972448,0.0,0.0,2200.0,-21.61,-9451.836101137054,1688.628797314717,0.0,-0.0,2.96446353171282,-7.993400403786503,0.0,0.0,-836.9312083286055,-7.259714262487234,-839.4089378515508,136.62229999999988,0.0,-0.0,2.251691295000639,-6.0541485566117546,0.0,0.0,504.94437698195054,-1.7077768135906237,-636.0564429067485,1154.941028,0.0,-0.0,4.445779678929314,-23.168879054117085,0.0,0.0,130.2431215838009,-6.328799307989867,-1260.1322509006231,728.0249273454356,0.0,-0.0,0.4195799181583131,-2.578738976718604,0.0,0.0,-578.4050081682794,-3.904233805135886,-143.55652631345984,2292.6109350000006,0.0,-0.0,2.7212332264661745,-12.70079334915198,0.0,0.0,-1489.2528230275602,-14.639273243710822,-778.7392786060439,4699.948213280175,0.0,-0.0,5.0341899070984315,-5.3655874981987495,0.0,0.0,-3297.4196157796414,-18.057739525276276,-1384.1394603841566,2429.4388,0.0,-0.0,18.035942750872348,-0.0,0.0,0.0,2866.821156738335,-9.460509817236506,-5304.835389671971,661.6660999999999,0.0,-0.0,6.13923562925669,-3.233031369989038,0.0,0.0,985.1232510630913,-7.240655895313694,-1642.4548994270453,14903.564605661519,0.0,-1012.2464593628547,52.93680428416096,-0.0,0.0,0.0,-985.1232510630913,-7.240655895313694,-12951.891043624419,48245.37193452252,0.0,-0.0,219.94973928342955,-0.0,0.0,0.0,500.0,-6.35,-48958.97167380595
t270,9799.327822373747,0.0,-1830.0,92.11336928624203,-57.39111819820545,0.0,0.0,1820.4595895882876,-16.84676784933301,-9807.66289520074,1890.7252973147172,0.0,-0.0,6.637678208629069,-18.484585163769097,0.0,0.0,-1018.758808248238,-7.750648782270242,-852.3689333290688,136.6508499999999,0.0,-0.0,5.038634055723979,-14.018617564534203,0.0,0.0,518.758808248238,-1.4006487822702427,-645.0290259571573,1174.3503280000002,0.0,-0.0,9.952983542934211,-16.521242214321266,0.0,0.0,117.85044282176017,-7.555339955279041,-1278.0771721950941,795.2187073454356,0.0,-0.0,1.150063737615687,-1.9096582778441222,0.0,0.0,-644.5579794869678,-4.3507663615370324,-145.55036695670233,2315.3915550000006,0.0,-0.0,6.0910671544426185,-8.183011589348242,0.0,0.0,-1509.05289020096,-14.539282904485152,-789.70743745965,4258.061373870881,0.0,-0.0,11.268120858717907,-11.008666000545356,0.0,0.0,-2836.5926720937696,-15.665681039860276,-1406.0624755954245,2429.4388,0.0,-0.0,40.37106407550243,-22.512947760232976,0.0,0.0,2942.0616155796906,-9.708803331412978,-5379.649728563547,661.6660999999999,0.0,-0.0,13.743923222145458,-14.148902541614174,0.0,0.0,1015.1857824024679,-7.099170251144675,-1669.3477328318545,15039.202668590722,0.0,-0.0,128.5663822260483,-159.426668564137,0.0,0.0,-905.353888610509,-6.654351081287241,-14096.334142560836,52887.28671435001,0.0,-0.0,490.29072480357934,-852.1657932522754,0.0,0.0,500.0,-6.35,-53019.06164590131
t271,10183.74566549922,0.0,-1364.422161273844,227.45270578547067,-235.47429156120614,0.0,0.0,2105.5511973650655,-20.778850536812577,-10896.074265277895,2103.2618973147164,0.0,-0.0,15.941408455547176,-0.0,0.0,0.0,-1200.7707730695965,-8.242081087287911,-910.1904516133799,144.5993999999999,0.0,-0.0,12.099792404019144,-0.0,0.0,0.0,534.8758769766437,-2.680081843729436,-688.8949875369331,1215.7167980000002,0.0,-0.0,23.90301820124042,-0.0,0.0,0.0,145.00278211591365,-19.811639865450935,-1364.8109584517033,864.2155073454356,0.0,-0.0,2.7618199329107065,-0.0,0.0,0.0,-706.6876156994604,-4.770141405971358,-155.51957017291483,2347.7233550000005,0.0,-0.0,14.627819279231035,-0.0,0.0,0.0,-1505.5511973650655,-13.248850536812578,-843.5511263773535,6475.268369273518,0.0,-0.0,22.01986403330629,-0.0,0.0,0.0,-4970.7214505203265,-22.84723943178713,-1503.71954335471,2492.7538,0.0,-0.0,32.91293064873342,-42.30466930454337,0.0,0.0,3261.170734730758,-10.761863424611501,-5733.770932650336,683.2660999999999,0.0,-0.0,26.861488824453016,-0.0,0.0,0.0,1082.1304454660685,-4.382628304137577,-1787.8754059863836,16103.209808437761,0.0,-0.0,330.7264545330503,-0.0,0.0,0.0,-300.0,-4.905,-16129.03126297081,57937.35325692105,0.0,-0.0,1219.7509810001447,-870.3657242362949,0.0,0.0,1555.0,-25.33575,-59816.40276368489
t272,11706.45571084828,0.0,-718.9286928571865,370.51068843266205,-0.0,0.0,0.0,1434.448616427628,-12.623147824563148,-12779.863175026818,2364.2863973147164,0.0,-0.0,24.37380516221685,-0.0,0.0,0.0,-1349.199262640603,-8.642838009129628,-1030.8181018272014,189.3604999999999,0.0,-0.0,18.490187300035664,-0.0,0.0,0.0,576.3528963346027,-3.5888582490831284,-780.6147253855551,1223.845208,0.0,-0.0,36.5420306394936,-0.0,0.0,0.0,307.5595975976173,-20.69584462495333,-1547.2509916121576,941.5723073454358,0.0,-0.0,4.220866916449827,-0.0,0.0,0.0,-764.1800619169848,-5.158215417939647,-176.45489692696106,2379.9397400000003,0.0,-0.0,22.358949866262616,-0.0,0.0,0.0,-1434.448616427628,-12.623147824563148,-955.2269256140717,6464.102876324412,0.0,-0.0,41.36218954220267,-33.3,0.0,0.0,-4752.474514795182,-16.67086943246814,-1703.0196816389657,2850.1318,0.0,-0.0,148.19450904895683,-0.0,0.0,0.0,3512.135978060155,-11.590048727598512,-6498.872238381514,805.1860999999999,0.0,-0.0,50.459246672856565,-40.6,0.0,0.0,1214.8053673603943,-4.9199617378094445,-2024.9307522954416,17010.264894992306,0.0,-0.0,485.026117467507,-0.0,0.0,0.0,-300.0,-4.905,-17190.38601245981,60914.71665850649,0.0,-0.0,1760.5819647563485,-0.0,0.0,0.0,1555.0,-25.33575,-64204.96287326283
t273,12630.489859600628,0.0,-896.8092701515042,402.1570404521543,-0.0,0.0,0.0,1600.0,-14.08,-13721.75762990128,2256.9609263719226,0.0,-0.0,26.91084707294808,-10.521097135667342,0.0,0.0,-1131.7936904267458,-8.055842964152214,-1133.5011429183055,215.87524999999988,0.0,-0.0,20.41219534562491,-7.998180985787928,0.0,0.0,631.7936904267458,-1.705842964152214,-858.3771118224303,1325.4233280000003,0.0,-0.0,40.34439333950353,-15.781645703501008,0.0,0.0,371.72773975994346,-20.934052708870585,-1700.7797626870752,880.4942873454356,0.0,-0.0,4.659725142685829,-1.8250882786361713,0.0,0.0,-684.3103665193362,-4.619094974005519,-194.39946271614355,4594.180260593498,0.0,-0.0,24.684575887102802,-10.62940343395853,0.0,0.0,-3532.627012088684,-24.659381712414294,-1050.9490392455443,4547.455466801177,0.0,-0.0,45.664277664148315,-33.3,0.0,0.0,-2667.2051916265045,-22.18275504108054,-1870.4317977977405,3059.7748,0.0,-0.0,105.7437737799916,-0.0,0.0,0.0,3999.931999854131,-13.199775599518489,-7152.250798034605,876.7060999999999,0.0,-0.0,55.709518941234684,-40.6,0.0,0.0,1339.6560234205676,-9.326778431093686,-2222.1448639307087,18682.125669633177,0.0,-0.0,491.0929152416764,-491.02199471676715,0.0,0.0,-1482.1731928001177,-13.593972967080866,-17186.429424390888,61252.381244676246,0.0,-0.0,1796.1788984531518,-0.0,0.0,0.0,1555.0,-25.33575,-64578.22439312941
t274,12528.658316566094,0.0,-953.8073732783375,325.69134379084886,-258.5,0.0,0.0,2200.0,-21.61,-13820.432287078604,2059.7452263719224,0.0,-0.0,18.036006597725812,-13.242251278542748,0.0,0.0,-887.751690961769,-7.396929565596776,-1169.39036116374,219.68459999999988,0.0,-0.0,17.2822976716839,-14.9,0.0,0.0,665.5946469083156,-2.366683606342872,-885.2948609736563,1361.710188,0.0,-0.0,34.16481162552552,-26.994829654803272,0.0,0.0,391.46693446799,-5.732577868224666,-1754.614526570488,814.5050873454356,0.0,-0.0,3.771865255922546,-6.260473348936335,0.0,0.0,-607.5346358148008,-4.100858791749905,-200.38098464587102,7079.989682653497,0.0,-826.913973522232,20.902059438283292,-18.499927777392752,0.0,0.0,-5136.7752545997355,-33.85196503572867,-1084.850621156691,3535.7020469560503,0.0,-0.0,38.66674486001885,-0.0,0.0,0.0,-1604.231888050099,-41.908065865794796,-1928.2288379001748,3086.5078,0.0,-0.0,138.5390236233898,-119.3,0.0,0.0,4297.0977077441485,-14.18042243555569,-7388.664108931984,885.8261,0.0,-0.0,47.17604443371575,-0.0,0.0,0.0,1364.3073731060683,-9.426616397319965,-2287.882901142464,19315.870970393902,0.0,-1109.6777650379004,351.0588911657162,-331.3,0.0,0.0,-1182.1731928001177,-8.688972967080865,-17035.089930754522,63897.19438112964,0.0,-0.0,1361.8833673911245,-1411.4,0.0,0.0,500.0,-6.35,-64341.32774852076
t275,12446.131920243639,0.0,-721.6870717542066,367.7210293746755,-342.4785102284256,0.0,0.0,2200.0,-21.61,-13928.077367635686,1835.7263263719224,0.0,-0.0,14.049936199293422,-75.54865507352125,0.0,0.0,-574.3603279515291,-6.5507728854691285,-1193.3165066606964,203.02749999999986,0.0,-0.0,19.07778270929079,-14.9,0.0,0.0,699.2035224243984,-3.168778059215258,-903.2400270744737,1523.681718,0.0,-0.0,37.71666273943788,-29.4,0.0,0.0,265.8875942768067,-8.378545928729627,-1789.5074290875148,743.7124873454356,0.0,-0.0,4.355376311783921,-3.4,0.0,0.0,-536.6766304691963,-3.622567255667075,-204.368665932356,8106.184738264305,0.0,-1534.1922621935898,23.074514863647956,-24.89502564099034,0.0,0.0,-5429.05415828048,-35.32797349931642,-1105.7898335135756,4182.587017885583,0.0,-0.0,39.30022891259459,-128.11231816150413,0.0,0.0,-2083.0372323142205,-43.64533145684724,-1967.0923648656046,2951.4357999999997,0.0,-0.0,152.93825738059513,-119.3,0.0,0.0,4566.292445367143,-15.068765069711572,-7536.297737678026,839.7460999999998,0.0,-0.0,36.48595828503504,-106.17417766068974,0.0,0.0,1573.9179797471952,-10.275539354216528,-2333.700321017324,19468.44102078921,0.0,-1346.1491994667015,437.9277162509069,-331.3,0.0,0.0,-1182.1731928001177,-8.688972967080865,-17038.05737180622,63836.486843346676,0.0,-0.0,1557.9604163790268,-1411.4,0.0,0.0,500.0,-6.35,-64476.697259725704
t276,12340.668251607283,0.0,-803.4159557501474,258.28390238619727,-0.0,0.0,0.0,2200.0,-21.61,-13973.92619824333,1680.4357713339034,0.0,-0.0,27.206117159111834,-0.0,0.0,0.0,-500.0,-6.35,-1201.2918884930152,198.55184999999992,0.0,-0.0,20.621318501955486,-59.757729184143756,0.0,0.0,753.3848880083074,-3.57857821803946,-909.2217491080795,1587.268414,0.0,-0.0,38.852795487319796,-24.8000262194189,0.0,0.0,210.74578142377442,-10.596254741179962,-1801.4707099504953,675.4820673454354,0.0,-0.0,4.708087571610466,-3.3447167265831395,0.0,0.0,-468.3187007067152,-3.1611512297703275,-205.36558625397728,8451.402331790981,0.0,-1618.2380754174292,24.94581487794536,-17.70732384661661,0.0,0.0,-5689.990369721585,-36.645701367094006,-1113.7666763161983,4191.903999034366,0.0,-0.0,46.14683276186451,-0.0,0.0,0.0,-2213.839104860752,-45.16135377281953,-1979.05037316266,2914.8538,0.0,-0.0,126.63273839203512,-328.0947654299875,0.0,0.0,4895.9214029031555,-16.156540629580412,-7593.156635235623,827.2660999999999,0.0,-0.0,56.3095678500481,-20.247248266784613,0.0,0.0,1494.2692957539318,-9.952962184043812,-2347.644753153151,19369.112660158917,0.0,-1219.2586115945282,473.37859607080225,-410.1394593374705,0.0,0.0,-1182.1731928001177,-8.688972967080865,-17022.231019530518,64899.48625344386,0.0,-0.0,1503.7528034011175,-2447.0666265496666,0.0,0.0,500.0,-6.35,-64449.82243029531
t277,12626.479325518105,0.0,-87.31118223241846,335.85987964379024,-1129.3275101292384,0.0,0.0,2200.0,-21.61,-13924.090512800238,1699.5818144226948,0.0,-0.0,29.01229649347696,-19.95529969411684,0.0,0.0,-500.0,-6.35,-1202.288811222055,204.9483499999999,0.0,-0.0,21.98594230754315,-0.0,0.0,0.0,686.5455016054299,-3.2610911326257916,-910.2187027803471,1736.409204,0.0,-0.0,18.449812135077707,-29.4,0.0,0.0,100.15085907609887,-21.14834504493631,-1804.4615301662404,609.6678673454355,0.0,-0.0,5.019832033795295,-1.5896580614676814,0.0,0.0,-404.00847751891195,-2.7270572232526558,-206.36250657559853,9572.273005739617,0.0,-1752.9183323037116,15.481417216625166,-54.6,0.0,0.0,-6623.117211716506,-41.357991919168356,-1115.760887016854,2709.51625600863,0.0,-0.0,49.204984597375855,-0.0,0.0,0.0,-727.3930530775727,-50.28481298292988,-1981.0433745455025,2965.5058,0.0,-0.0,176.3006223683925,-0.0,0.0,0.0,4476.096576756068,-14.771118703295025,-7603.131880421167,844.5460999999999,0.0,-0.0,60.044567128033606,-18.98238743987878,0.0,0.0,1473.898997675512,-9.87046247682621,-2349.6368148868405,19505.83697222439,0.0,-1413.1440825272757,37.31194615318665,-0.0,0.0,0.0,-1182.1731928001177,-8.688972967080865,-16939.142670083103,62754.21014596374,0.0,-0.0,1710.8957622121725,-640.3215328736444,0.0,0.0,500.0,-6.35,-64318.43437530228
t278,13334.671054346865,0.0,-1304.6469497475819,411.67707122185305,-825.5734451729429,0.0,0.0,2200.0,-21.61,-13794.517730648195,1556.0333144226947,0.0,-0.0,27.0160178894821,-19.859604362558912,0.0,0.0,-362.2814783270484,-4.600974774753515,-1196.307274847816,249.50549999999987,0.0,-0.0,7.492672869016545,-0.0,0.0,0.0,651.3295770409371,-3.093815490944451,-905.233934419009,1844.952324,0.0,-0.0,36.27292911870941,-65.76931487806657,0.0,0.0,1.0910194549014705,-22.05482824845463,-1794.4921294470898,577.3164400000001,0.0,-0.0,4.744175763724801,-11.517961348983077,0.0,0.0,-363.71888600187316,-2.455102480512644,-204.368665932356,9583.627107713299,0.0,-1752.9183323037116,25.140390578358534,-14.863867467092245,0.0,0.0,-6689.513749172645,-41.69329443332185,-1109.778254914887,2791.8978705417203,0.0,-0.0,46.50629906082276,-104.83713478600066,0.0,0.0,-711.677775271835,-51.80739260483858,-1970.0818669398684,3321.4768,0.0,-0.0,166.63291018789306,-481.2,0.0,0.0,4574.409313782244,-15.095550735481405,-7566.223473234656,965.9860999999999,0.0,-0.0,27.34207342079204,-14.543891402562616,0.0,0.0,1365.831295101223,-8.923194368438695,-2335.6923827510136,20560.59953065736,0.0,-2242.782150246868,479.2584512924312,-844.3896327231964,0.0,0.0,-1027.7507949329522,-7.553968342757199,-16917.38143570402,67187.2241212341,0.0,-0.0,499.21964250169333,-3998.419642501693,0.0,0.0,362.2814783270484,-4.600974774753515,-64045.70462478643
t279,11984.89025468966,0.0,-384.628921733238,449.2245398178193,-449.2245398178193,0.0,0.0,2172.664649562725,-21.2669413520122,-13751.659041167135,1704.086714422695,0.0,-0.0,29.758773820662498,-31.188213395541464,0.0,0.0,-500.0,-6.35,-1196.307274847816,208.5416499999999,0.0,-0.0,22.230838513116392,-52.06644268113778,0.0,0.0,730.9970783816109,-3.4722361223126517,-906.2308880912766,1807.35205,0.0,-0.0,44.59936316948187,-118.69999999999999,0.0,0.0,72.46384781932011,-10.226191469797087,-1795.489069519005,635.1192200000002,0.0,-0.0,5.1471923225899125,-1.151043486866901,0.0,0.0,-430.84160176979964,-2.9081808119461474,-205.36558625397728,8553.071825652116,0.0,-1752.9183323037116,27.277228221837326,-60.69375963635419,0.0,0.0,-5620.6631083219745,-36.29559869702597,-1109.778254914887,3740.5247744123553,0.0,-0.0,49.76362467283156,-15.56929807260994,0.0,0.0,-1759.658789250363,-43.981944130924006,-1971.0783676312897,2995.0528,0.0,-0.0,180.79645981241902,-40.38808470094744,0.0,0.0,4449.435533457812,-14.68313726041078,-7570.213571308874,854.6261,0.0,-0.0,61.582206746139384,-137.04481340199888,0.0,0.0,1567.7755829207872,-10.250662647069577,-2336.6884136178583,19292.27164132531,0.0,-489.8273373493457,522.2573995327809,-1255.034835709541,0.0,0.0,-1182.1731928001177,-8.688972967080865,-16878.804702032005,61684.68938950067,0.0,-0.0,1693.1648696944085,-458.8511721023671,0.0,0.0,500.0,-6.35,-63412.653087092716
t280,10233.41366925664,27.863782202778225,-0.0,560.8748759988524,-0.0,0.0,0.0,2960.0,-31.49,-13750.662327458273,1637.9485900000002,0.0,-0.0,37.20991208948377,-79.2,0.0,0.0,-393.6548874421135,-4.999417070514841,-1197.3041975768558,147.24394999999987,0.0,-0.0,28.179352812875145,-38.250027584091654,0.0,0.0,772.7280712006967,-3.6704583382033094,-906.2308880912766,1597.44426,0.0,-0.0,55.76309423714341,-55.76309423714341,0.0,0.0,207.4631605278903,-9.418351008885358,-1795.489069519005,688.2026200000001,0.0,-0.0,1.101993676366702,-11.401993676366702,0.0,0.0,-469.3687943839313,-3.168239362091536,-205.36558625397728,6733.486891642019,0.0,-0.7694407235604834,34.10263197590494,-34.10263197590494,0.0,0.0,-5585.822437344656,-36.119653308590514,-1110.7753602652149,6930.702982614492,0.0,-0.0,63.08469176571591,-134.3,0.0,0.0,-4833.119940331686,-54.29286572580963,-1972.0748683227112,2506.8238,0.0,-0.0,226.03674694962245,-366.445122061094,0.0,0.0,5220.026710044938,-17.226088143148296,-7569.2160467903195,688.0660999999999,0.0,-0.0,76.99631606137287,-134.5183934139119,0.0,0.0,1728.0932302867482,-19.956777582661328,-2338.680475351548,17058.82945916807,0.0,-0.0,664.7549552443389,-664.7549552443389,0.0,0.0,0.0,-0.0,-17058.82945916807,64874.63116345198,0.0,-0.0,2075.5066308665046,-3941.0706383920274,0.0,0.0,393.6548874421135,-4.999417070514841,-63397.722626298055
t281,9963.672624938474,1133.3439875234178,-0.0,686.5449730451272,-754.0928066054802,0.0,0.0,2960.0,-31.49,-13957.97877890154,1852.2834900000003,0.0,-0.0,46.01912313667213,-46.01912313667213,0.0,0.0,-637.5136994758313,-8.493288385954685,-1206.2765021382143,137.1946999999999,0.0,-0.0,34.8460714380597,-34.8460714380597,0.0,0.0,780.3338208204136,-4.318957023263307,-913.2095637971499,1657.56047,0.0,-0.0,68.96246081896787,-68.96246081896787,0.0,0.0,179.9534856172927,-28.067725091477215,-1809.4462305258157,752.8012200000001,0.0,-0.0,7.957230465856066,-7.957230465856066,0.0,0.0,-542.7749822939176,-3.6637311304839435,-206.36250657559853,3097.159470903026,0.0,-0.0,42.173260503501744,-42.173260503501744,0.0,0.0,-1962.2983968130352,-16.108871022152996,-1118.7522030678376,8732.24485355075,0.0,-0.0,78.0139095428742,-78.0139095428742,0.0,0.0,-6698.894078176605,-46.32839668011572,-1987.0223786940303,2429.4388,0.0,-0.0,279.53045102161815,-279.53045102161815,0.0,0.0,5212.840970513502,-18.199875202694557,-7624.079895310808,661.6660999999999,0.0,-0.0,95.22126039075751,-95.22126039075751,0.0,0.0,1717.678537397,-21.73957557540098,-2357.6050618215986,16341.019518106781,510.1715278019532,-0.0,871.8630009910914,-110.70199663946234,0.0,0.0,485.4146928897483,-6.26779799273965,-18091.49894515737,64055.109613743094,0.0,-0.0,2638.6486500494993,-0.0,0.0,0.0,-1494.7403504785675,-24.57045245107781,-65174.44746086295
t282,9876.177617003643,2397.5720649610607,-0.0,110.25302728011097,-0.0,0.0,0.0,2960.0,-31.49,-15312.512709244815,2054.20534,0.0,-0.0,55.15733212400288,-47.16042744497976,0.0,0.0,-792.2528325248404,-9.839082647817069,-1260.110329506366,137.1076499999999,0.0,-0.0,41.766113097027805,-35.68683351960717,0.0,0.0,816.6459501219333,-5.748215339230878,-954.0846643601228,1351.5182499999999,0.0,-0.0,11.99535701853468,-0.0,0.0,0.0,556.1126423557585,-28.430932951443296,-1891.1953164228498,819.9950000000001,0.0,-0.0,9.442340835324078,-8.150208098712946,0.0,0.0,-600.8993523166628,-4.056070628137474,-216.331709791811,2316.5131000000006,994.43755162241,-0.0,7.344096133796743,-0.0,0.0,0.0,-2132.624579526628,-17.062697645349118,-1168.6074705842295,8949.70685704181,0.0,-0.0,13.586577847523975,-0.0,0.0,0.0,-6838.621834056386,-46.96765921958071,-2077.7039416133666,2429.4388,0.0,-0.0,48.67503715344175,-0.0,0.0,0.0,5504.59460854515,-18.47268956075408,-7964.235756137838,661.6660999999999,0.0,-0.0,114.13012931777041,-72.57896849487324,0.0,0.0,1782.0453974016762,-20.086262783737155,-2465.176395440835,16223.586175938797,2242.782150246868,-0.0,1096.6521917465063,-0.0,0.0,0.0,300.0,-4.905,-19858.11551793217,71264.9531842261,0.0,-0.0,594.0568903056433,-0.0,0.0,0.0,-1555.0,-25.33575,-70278.67432453175
t283,9963.643183810256,2824.3585264606654,-0.0,781.513073127378,-197.76878867137825,0.0,0.0,2960.0,-31.49,-16300.255994726922,2136.9000544594005,0.0,-0.0,51.817626299848264,-7.996904679023121,0.0,0.0,-815.0053501406544,-9.900514445379766,-1355.8149114941914,137.16474999999988,0.0,-0.0,39.253429309382945,-6.079279577420637,0.0,0.0,861.2323651554893,-5.705936124059301,-1025.8653287633922,1343.49898,0.0,-0.0,77.6598851016392,-11.99535701853468,0.0,0.0,651.9469215705665,-28.349623018884607,-2032.7608066347868,887.1918000000002,0.0,-0.0,8.962965121105713,-0.0,0.0,0.0,-659.4212368347206,-4.451093348634364,-232.282434937751,2314.773966666667,1752.9183323037116,-0.0,47.4979713574772,-7.344096133796743,0.0,0.0,-2829.5309540877597,-20.965373342891453,-1257.3498467634074,8949.70685704181,0.0,-0.0,87.86459157651949,-13.586577847523975,0.0,0.0,-6738.554721219207,-52.27210007651297,-2233.158049475086,2429.4388,0.0,-0.0,314.8215284005105,-79.21944168455815,0.0,0.0,5921.239745269539,-20.53759115938948,-8565.743040826103,661.6660999999999,0.0,-0.0,107.23192621690498,-2.1723731138711955,0.0,0.0,1903.0932302867482,-20.37677758266133,-2649.44210580712,16239.133569330234,2242.782150246868,-0.0,929.4201620622149,-94.61297099769712,0.0,0.0,300.0,-4.905,-19611.817910641617,70964.31869669352,0.0,-0.0,3021.3567390307253,-1064.6119166654678,0.0,0.0,-1555.0,-25.33575,-71340.72776905878
t284,10081.343050390544,2445.09050965765,-0.0,519.3870518808963,-0.0,0.0,0.0,2960.0,-31.49,-15974.330611929092,2111.52967232069,0.0,-0.0,29.457983899049133,-0.0,0.0,0.0,-791.2870334000056,-9.836474990180015,-1339.8641478295538,137.19329999999988,0.0,-0.0,26.436978823721226,-0.0,0.0,0.0,855.8265183093204,-5.55491243686077,-1013.9018846961807,1106.9523300000003,0.0,-0.0,52.281091093379544,-0.0,0.0,0.0,878.1477604467455,-27.54999655938432,-2009.8311849807408,954.3886000000002,0.0,-0.0,6.035880108232467,-3.4,0.0,0.0,-722.8535447085626,-4.879261426782797,-229.29167397288725,2414.9391756008795,1752.9183323037116,-0.0,31.981203620241523,-0.0,0.0,0.0,-2935.884491861916,-21.560953154426727,-1242.39326650849,8949.70365704181,0.0,-0.0,49.95104921113219,-0.0,0.0,0.0,-6741.910831328776,-51.49134411745509,-2206.2525308067115,2429.4388,0.0,-0.0,211.97308500144044,-0.0,0.0,0.0,5849.868392256446,-20.30206569444627,-8470.97821156344,661.6660999999999,0.0,-0.0,72.19053449715614,-0.0,0.0,0.0,1903.0932302867482,-20.37677758266133,-2616.5730872012423,15921.575614574975,2242.782150246868,-0.0,606.1676866359325,-47.29075115483147,0.0,0.0,300.0,-4.905,-19018.32970030294,69187.16387179897,0.0,-0.0,2123.40060954215,-0.0,0.0,0.0,-1555.0,-25.33575,-69730.22873134112
t285,10026.35688384732,2988.501962754768,-0.0,447.045459121506,-840.6837337696567,0.0,0.0,2960.0,-31.49,-15549.730571953938,2239.9836111229993,0.0,-0.0,30.167865788453334,-12.151234812477004,0.0,0.0,-935.8232080208813,-10.22672266165638,-1311.9503114164381,137.22184999999988,0.0,-0.0,22.872215906596935,-14.9,0.0,0.0,854.4102259982277,-6.638434326263985,-992.9658575785604,1116.35938,0.0,-0.0,45.22224553369336,-29.4,0.0,0.0,864.4562623175725,-28.678185890957636,-1967.9597019603086,902.7802018995342,0.0,-0.0,5.221741823900148,-0.0,0.0,0.0,-679.110872966132,-4.583998392521391,-224.307072364781,3029.551823437585,952.3000179493844,-0.0,27.665376584638416,-18.0,0.0,0.0,-2754.5034711332946,-20.54521943834645,-1216.468527399966,8949.70365704181,0.0,-0.0,51.17799136668239,-20.6446999620145,0.0,0.0,-6768.7451906106835,-51.078258834460286,-2160.4134990013326,2429.4388,0.0,-0.0,183.36686387628365,-119.3,0.0,0.0,5822.056767417325,-20.148534995730547,-8295.413896297878,661.6660999999999,0.0,-0.0,62.44413847053148,-34.22755934485008,0.0,0.0,1892.2594869978668,-20.35077659876801,-2561.7913895247793,15874.100124574974,1886.242879881169,-0.0,512.8105280173855,-196.82098143974696,0.0,0.0,300.0,-4.905,-18371.42755103378,69548.40558316692,0.0,-0.0,1325.1678517949158,-1411.4,0.0,0.0,-1555.0,-25.33575,-67881.83768496185
t286,9982.469937486716,1884.3501631952079,-0.0,375.00369760041906,-258.5,0.0,0.0,2960.0,-31.49,-14911.833798282345,2037.8867111229995,0.0,-0.0,25.80552838454706,-19.6,0.0,0.0,-757.2895418445228,-9.74468176298021,-1277.0580159000435,137.2789499999999,0.0,-0.0,19.569381565349758,-13.358595902338601,0.0,0.0,828.984457350916,-5.429130914324844,-967.0450620996021,1047.42133,0.0,-0.0,38.68519222758294,-26.358571780453342,0.0,0.0,881.4220736055853,-26.048145903903894,-1915.121878148811,835.5834018995341,0.0,-0.0,4.467511931288465,-2.162635464237249,0.0,0.0,-615.408719077757,-4.15400885377486,-218.32555043505351,2323.3943800000006,1453.0158649865891,-0.0,23.66783988275374,-16.13790109007347,0.0,0.0,-2579.8120799421185,-19.566947647675864,-1184.561156189475,8949.70045704181,0.0,-0.0,43.78319374817065,-33.3,0.0,0.0,-6810.151294577105,-47.41589731397584,-2102.6164588988986,2429.4388,0.0,-0.0,156.8705733044066,-0.0,0.0,0.0,5510.4483246523905,-18.80414670376431,-8077.953551253032,661.6660999999999,0.0,-0.0,53.418008247759744,-40.6,0.0,0.0,1836.806779832612,-20.2176901015714,-2491.0731979787997,15879.57787860401,1802.3267337661655,-0.0,420.5884584400771,-1092.461004351629,0.0,0.0,300.0,-4.905,-17305.127066458623,68894.40229573837,0.0,-0.0,1496.5401875191073,-4182.614137479217,0.0,0.0,-1555.0,-25.33575,-64627.99259577828
t287,10026.8345468858,610.9529712098307,-0.0,270.0821883247605,-0.0,0.0,0.0,2960.0,-31.49,-13836.379706420394,1835.7898111229995,0.0,-0.0,18.990888463862525,-0.0,0.0,0.0,-631.1247787138016,-9.404036902527263,-1214.251883970533,137.3074999999999,0.0,-0.0,14.40477409413484,-0.0,0.0,0.0,772.2377619686877,-4.758750232066555,-919.1912858307558,1037.2863899999998,0.0,-0.0,28.47087519906563,-0.0,0.0,0.0,780.8226879936052,-25.170441803874354,-1821.4095113887963,768.3835818995341,0.0,-0.0,3.288344071530541,-2.177767478276651,0.0,0.0,-558.365762697361,-3.7689688982071865,-207.35942689721978,2300.6025800000007,914.1884097913833,-0.0,17.419791552852153,-0.0,0.0,0.0,-2088.665210296117,-16.816525177658256,-1126.7290458704604,8949.70045704181,0.0,-0.0,32.22506862310366,-0.0,0.0,0.0,-6940.714362795765,-43.227276569485674,-1997.9838862996644,2429.4388,0.0,-0.0,115.4581140967511,-76.41401769364836,0.0,0.0,5232.716434254004,-17.26796423303821,-7683.931366424068,661.6660999999999,0.0,-0.0,39.3139786088567,-41.55116082289717,0.0,0.0,1728.0932302867482,-19.956777582661328,-2367.5653704900465,15927.05438860401,282.8964894340447,-0.0,296.1234084314989,-1019.3286265468716,0.0,0.0,300.0,-4.905,-15781.840659922682,60469.59417256947,0.0,-0.0,1097.351594174574,-0.0,0.0,0.0,-1555.0,-25.33575,-59986.610016744045
t288,9951.876383253011,0.0,-0.0,201.0827575562422,-594.6397961878245,0.0,0.0,2960.0,-31.49,-12486.82934462143,1633.6930111229992,0.0,-0.0,14.434455775224828,-51.70411172628255,0.0,0.0,-471.4662890433042,-5.412841416889606,-1119.5442247117478,137.3360499999999,0.0,-0.0,10.950665140001096,-39.167135067233495,0.0,0.0,740.2898238791928,-1.9987825244738209,-847.4106214274864,1028.0892,0.0,-0.0,21.640890665120853,-77.48961324129063,0.0,0.0,724.4917823136159,-17.885178632502086,-1678.8470811049442,701.186781899534,0.0,-0.0,2.499751165975505,-8.943273817527986,0.0,0.0,-499.95982865329205,-3.3747288434097213,-191.40870175127978,2277.8107800000007,0.0,-0.0,13.24159534767012,-47.39372327971276,0.0,0.0,-1188.5168873072491,-16.157989719098392,-1038.9837750416102,8610.039757041812,0.0,-0.0,24.495872093418086,-87.67173263265528,0.0,0.0,-6675.634154520606,-28.699963544022427,-1842.5297784379447,2429.4388,0.0,-0.0,87.76486975374746,-314.13059530732727,0.0,0.0,4897.507832172659,-16.16177584616977,-7084.419130772911,661.6660999999999,0.0,-0.0,29.882983680839967,-106.99678888594741,0.0,0.0,1623.1764322826998,-23.43303608698532,-2184.2956909906065,15893.731187260999,0.0,-0.0,220.85169243084556,-915.0151530926566,0.0,0.0,-921.1324550627398,-12.956989029086994,-14265.47828250736,56929.33548874877,0.0,-0.0,829.8849141365371,-1597.4397355412057,0.0,0.0,-1188.7562560609756,-19.97041044646769,-54953.05400083666
