Resource,NENG_Rest_hydroelectric_pumped_storage_1,NY_Z_A_hydroelectric_pumped_storage_1,NY_Z_F_hydroelectric_pumped_storage_1,PJM_EMAC_hydroelectric_pumped_storage_1,PJM_Rest_hydroelectric_pumped_storage_1,NENG_Rest_battery_advanced_0,NY_Z_A_battery_advanced_0,NY_Z_B_battery_advanced_0,NY_Z_C&E_battery_advanced_0,NY_Z_D_battery_advanced_0,NY_Z_F_battery_advanced_0,NY_Z_G-I_battery_advanced_0,NY_Z_J_battery_advanced_0,NY_Z_K_battery_advanced_0,PJM_EMAC_battery_advanced_0,PJM_Rest_battery_advanced_0,NENG_Rest_conventional_hydroelectric_1,NY_Z_A_conventional_hydroelectric_1,NY_Z_B_conventional_hydroelectric_1,NY_Z_C&E_conventional_hydroelectric_1,NY_Z_D_conventional_hydroelectric_1,NY_Z_F_conventional_hydroelectric_1,PJM_EMAC_conventional_hydroelectric_1,PJM_Rest_conventional_hydroelectric_1,NY_Z_A_res_water_heat_1,NY_Z_B_res_water_heat_1,NY_Z_C&E_res_water_heat_1,NY_Z_D_res_water_heat_1,NY_Z_F_res_water_heat_1,NY_Z_G-I_res_water_heat_1,NY_Z_J_res_water_heat_1,NY_Z_K_res_water_heat_1,PJM_EMAC_res_water_heat_1,PJM_Rest_res_water_heat_1,NENG_Rest_res_water_heat_1,NY_Z_A_trans_light_duty_1,NY_Z_B_trans_light_duty_1,NY_Z_C&E_trans_light_duty_1,NY_Z_D_trans_light_duty_1,NY_Z_F_trans_light_duty_1,NY_Z_G-I_trans_light_duty_1,NY_Z_J_trans_light_duty_1,NY_Z_K_trans_light_duty_1,PJM_EMAC_trans_light_duty_1,PJM_Rest_trans_light_duty_1,NENG_Rest_trans_light_duty_1,Total
Zone,1,2,6,10,11,1,2,3,4,5,6,7,8,9,10,11,1,2,3,4,5,6,10,11,2,3,4,5,6,7,8,9,10,11,1,2,3,4,5,6,7,8,9,10,11,1,0
AnnualSum,2.086325871097368e8,3.0655830294960257e7,1.4507172146718517e8,1.8789063751565424e8,4.810900881165576e8,3.1328563185351804e7,0.0,-2.000319909711834e-12,0.0,0.0,3.8090660292618416e7,0.0,0.0,0.0,5.1073158526149035e7,0.0,5.960972641908072e6,1.9276272384967282e7,0.0,359892.06459313363,8.212585872091468e6,1.6559935041730842e6,3.2648539959491864e6,6.572229080655249e6,58367.66861647221,44656.81454722082,90845.59731530097,9997.921635918527,52741.383811128224,91016.29167203362,341974.5561588701,114409.21696970219,896390.6180390295,3.6674861267833454e6,765131.8241479006,287607.90718438267,205001.40972457538,443569.52502724336,53384.439044375606,205758.6725281495,454363.3139532947,2.09185971159565e6,707032.60060043,6.188121712014726e6,1.9440849788873095e7,5.103610104972425e6,1.2604502232577667e9
t1,19338.483616444453,3720.0,18083.8,23095.0,57241.5,-0.0,-0.0,-0.0,-0.0,-0.0,938.2593002050946,-0.0,-0.0,-0.0,-0.0,-0.0,526.9186240003435,1773.7912771692559,0.0,38.13825000000048,685.299538100466,160.00026666666668,361.0289116873295,385.07099310228176,9.655617300061989,7.340239682189981,-0.0,-0.0,-0.0,-0.0,-0.0,20.000921550128403,145.4768088311097,-0.0,-0.0,46.05669798976227,34.8516288479577,11.221171167879262,1.2942672231708467,6.860872852925077,12.691358207791794,45.47527262772118,95.28172587479351,841.485525937854,570.1251786543908,424.27985749833306,128619.38792162196
t2,19338.483616444453,3720.0,18083.8,23095.0,57241.5,1200.2751937677754,-0.0,-0.0,-0.0,-0.0,938.2593002050946,-0.0,-0.0,-0.0,-0.0,-0.0,610.8598047424989,1791.59942,0.0,44.37709800000038,729.7197162009322,197.83099333333334,404.7890977264133,528.0814321841619,-0.0,2.0638444190871876,4.7137036620699,0.5451221922121654,2.885941017593817,5.33899088254856,19.127375744385684,14.948442315780884,-0.0,205.83109010081955,42.79297741046188,18.868586749509955,-0.0,11.221171167879262,1.6191824425790293,8.583238967457774,15.877420068007954,56.89146854071354,65.01868289789077,456.5908053143087,674.9773020972344,160.08211723104685,129692.55313582627
t3,19338.483616444453,3720.0,18083.8,23095.0,57241.5,2400.5503875355507,-0.0,-0.0,-0.0,-0.0,938.2593002050946,-0.0,-0.0,-0.0,259.0771654995582,-0.0,783.3300675174303,1793.0603600000002,0.0,45.38103600000028,707.1050143013983,212.92484000000002,496.025283765497,546.476407008768,1.1182328164897755,-0.0,-0.0,-0.0,2.885941017593817,7.238845616686801,-0.0,8.825739700825352,16.916459380383795,-0.0,-0.0,19.72325756270246,0.1898729121431697,12.501743376236488,1.7668856200267273,9.366209209073727,17.325771613854315,62.0811559114244,8.672558013744489,-0.0,726.5529887475823,172.43401251038688,130728.57315228692
t4,19581.24632012341,3720.0,18083.8,23095.0,57241.5,3600.825581303326,-0.0,-0.0,-0.0,-0.0,938.2593002050946,-0.0,-0.0,-0.0,879.0625575525156,-0.0,867.168311425728,1998.0789400000003,0.0,41.150064000000185,751.9299924018645,235.4695,539.7282698045808,690.6178692682897,2.664346080888799,1.175361614262523,2.3191698965985346,0.26820332137534075,1.41989993669298,2.626814882882014,9.410781247081811,5.519002596126796,-0.0,103.99139155814844,-0.0,2.4074135982851033,0.9906115420005454,1.5854979965912115,0.18287378908050922,0.9694086294947386,1.793228417197227,23.03132253304655,10.86171706166942,18.994581736630202,213.84239164743383,187.67839221414044,132855.56911638443
t5,21166.02632012341,3720.0,18083.8,23095.0,57241.5,3729.082426743413,-0.0,-0.0,-0.0,-0.0,938.2593002050946,-0.0,-0.0,-0.0,1195.7334897330757,-0.0,862.3140373668019,2235.3287293081376,0.0,31.684182000000096,729.8010505023307,235.27728,535.9552558436646,710.2200984190827,2.5625606870361226,1.9480690937162362,3.952451362443692,0.7127291548407906,3.773271996215949,6.980553192999507,25.00840828603127,-0.0,-0.0,281.40197200326895,34.67153037530674,-0.0,-0.0,2.399691876327418,0.2767841693860291,1.4672248202405043,2.7140971949503836,26.330950361451173,5.081484452873642,-0.0,248.7596505825286,108.49064493923753,135266.51424479389
t6,22568.500794443462,3720.0,18083.8,23095.0,57241.5,3729.082426743413,-0.0,-0.0,-0.0,-0.0,938.2593002050946,-0.0,-0.0,-0.0,1195.7334897330757,-0.0,768.767245340652,2271.9427586162747,0.0,27.484859999999998,680.7926400000001,212.37564,484.70624188274843,605.2163303570119,7.150333973742895,5.435713071875975,-0.0,-0.0,-0.0,12.148271496206037,-0.0,9.503244665321168,77.42934810988476,309.0540989695087,62.90692184226132,-0.0,-0.0,5.58732363522352,0.6444505424725897,3.4162135552430493,6.319369397061317,39.24924748960906,9.482772200599168,41.298825047385044,369.6563670971774,93.91768138805952,136676.36190980335
t7,22568.500794443462,3720.0,18083.8,23095.0,57241.5,4055.0965395196636,-0.0,-0.0,-0.0,-0.0,938.2593002050946,-0.0,-0.0,-0.0,1195.7334897330757,-0.0,763.7888155812349,2467.220152547685,0.0,28.5584279999999,613.5958400000001,166.73712,385.9812279218322,625.9039297604849,11.010903844530585,8.370534045076823,16.516355766795876,1.91005474854102,10.112054551099519,18.707300919534106,67.02045044145403,32.31154548613453,268.99445053413126,1109.8164542128222,212.83171761188416,5.540894000765837,4.192857708633209,13.889367834357564,1.602021149987491,8.492267455273497,15.709139431916176,56.28849069713329,20.94572908473386,152.30783609969214,480.3837830036115,134.94431184720526,138601.57415818784
t8,22568.500794443462,3720.0,18083.8,23095.0,57241.5,4969.533032567871,-0.0,-0.0,-0.0,-0.0,938.2593002050946,-0.0,-0.0,-0.0,1195.7334897330757,-0.0,847.3999669551841,2655.122198351335,0.0,27.52284,613.75776,143.94532,334.7322139609162,522.0225177474188,20.456799628856622,15.551342574998149,39.06816647806028,4.5180872797756795,23.919285598812415,44.25067835780297,158.53170955212897,53.95127751732135,451.09829040577796,424.8801683606787,250.0270531834934,16.077245926402846,12.165835424173963,29.676217279984822,3.4229007612972424,18.144697239498,33.564366688448686,120.26677529257007,40.97511299688834,361.06548549595186,1101.051665016938,291.9624779059883,140471.45507293023
t9,24153.28079444346,3720.0,18083.8,23095.0,57241.5,5012.112962599554,-0.0,-0.0,-0.0,-0.0,938.2593002050946,-0.0,-0.0,-0.0,3259.0930679601943,-0.0,842.3186003619094,2841.7028119846004,0.0,31.760142000000098,681.3593599999999,144.0277,330.902,543.8299085214887,13.802406135730813,10.492645480734136,29.086576238371556,3.4,25.696053349944293,32.94499961693106,170.307731369353,40.16717671013217,342.09786086112365,-0.0,173.49541637627294,27.77444538055019,21.017239709107606,45.616892291033835,4.892183457338195,27.8911793851114,51.59357358784344,184.8684582320845,62.985025974070254,285.38105917944426,1811.1777571781809,-0.0,144283.63532858965
t10,25664.38378448208,3720.0,18083.8,23095.0,57241.5,5012.112962599554,-0.0,-0.0,-0.0,-0.0,2185.4383554749556,-0.0,-0.0,-0.0,5322.452646187313,-0.0,748.5447158014107,2886.0161256105985,0.0,36.98821560000012,816.4006400000001,166.95680000000002,374.54778603908375,441.022131914242,-0.0,-0.0,8.38296703477534,1.0057050580875122,13.02037424570171,9.849993657151224,71.71188558065087,11.576478286118345,111.18973778391836,-0.0,-0.0,-0.0,-0.0,-0.0,5.390139558427489,35.60688407344043,-0.0,-0.0,-0.0,-0.0,1221.3075118106271,173.98669641167723,147458.1925372098
t11,26263.107483757634,3720.0,18083.8,23095.0,57241.5,5012.112962599554,-0.0,-0.0,-0.0,-0.0,3798.1232211943707,-0.0,-0.0,-0.0,7327.239870431775,-0.0,743.3996926082351,2886.0161256105985,0.0,47.48284920000013,1018.8816,212.76008000000002,398.71161586633474,463.9031580941314,7.818332293539338,5.080347315068611,-0.0,2.3619463743137237,-0.0,23.133180666072647,-0.0,-0.0,-0.0,-0.0,-0.0,12.731118109798478,9.633782328052206,19.075316228271877,7.590316010288635,47.2699553619471,-0.0,77.30522892510183,26.338034613056244,-0.0,1988.1725393326983,-0.0,152538.54875692085
t12,27120.48121824957,3720.0,18083.8,23095.0,57241.5,5012.112962599554,-0.0,-0.0,-0.0,-0.0,5395.0817957202835,-0.0,-0.0,-0.0,8938.036130561426,-0.0,826.7837514478357,2785.545010474692,0.0,52.74257280000015,1160.3815225327123,250.90202000000002,470.35144569358573,612.6002066553378,8.49480103499462,5.478642423787724,-0.0,1.473587934641924,7.801347889280775,-0.0,-0.0,17.596373572488858,141.18960057073787,-0.0,-0.0,-0.0,21.72085441298757,-0.0,10.350778149420215,7.303084759673723,27.068609325465,1.784137114094733,59.383178472757585,39.76122532677749,2928.7773738336114,253.97488302981148,158297.47711458552
t13,28365.0,3720.0,18083.8,23095.0,57241.5,5012.112962599554,-0.0,-0.0,-0.0,-0.0,7007.7666614396985,-0.0,-0.0,-0.0,10022.936717406325,-0.0,821.4752923202124,2688.3022456105973,0.0,52.76738640000016,1234.8465650654246,266.33454000000006,494.5152755208367,636.6820878352273,14.670306132391381,10.75588645510777,-0.0,2.5448490229658525,14.176542021076802,10.492057129760825,37.588661128542526,30.388491274239296,110.62554912966887,-0.0,96.22782685238377,18.582922146948015,35.78276362150025,27.8432038208466,3.262256305688075,17.293125659278534,58.5598028966353,114.62238417752569,83.66174338867607,387.03215970008046,4019.116926373401,551.2651346532341,164387.53232608782
t14,28365.0,3720.0,18083.8,23095.0,57241.5,6212.3881563673285,-0.0,-0.0,-0.0,-0.0,8499.75924886651,-0.0,-0.0,-0.0,11721.69630039709,-0.0,904.6959152253651,2685.3803656105974,0.0,58.06509000000018,1242.3576875981366,259.03018,494.51527552083667,713.1961486956452,12.848287143808491,8.250140604060539,-0.0,2.2287845045382078,6.375194131796027,21.828977647388914,78.20411511512003,26.614309083603302,219.6885667950967,-0.0,158.30109800825574,18.582922146948015,35.78276362150025,27.8432038208466,6.573481310526976,34.8458329664828,91.02909663340509,230.96532876502064,123.3,744.1172341156617,519.9169263734013,-0.0,165663.68063106897
t15,28365.0,3720.0,18083.8,23095.0,57241.5,6212.3881563673285,-0.0,-0.0,-0.0,-0.0,8499.75924886651,-0.0,0.0,-0.0,12184.765306112975,-0.0,964.2386995827349,2886.0161256105985,0.0,63.30000000000022,1309.3116075981366,274.6,541.9912755208364,915.4362950154813,-0.0,-0.0,-0.0,-0.0,-0.0,-0.0,-0.0,-0.0,-0.0,-0.0,-0.0,-0.0,-0.0,-0.0,-0.0,-0.0,-0.0,-0.0,-0.0,-0.0,1791.459051870945,-0.0,166148.56576654557
t16,28365.0,3720.0,18083.8,23095.0,57241.5,6212.3881563673285,-0.0,-0.0,-0.0,-0.0,8499.75924886651,0.0,-0.0,-0.0,12184.765306112975,-0.0,964.2386995827349,2886.0161256105985,0.0,63.30000000000022,1309.3116075981366,274.6,541.9912755208364,993.0701472464964,-0.0,-0.0,-0.0,-0.0,-0.0,-0.0,-0.0,-0.0,-0.0,-0.0,-0.0,-0.0,-0.0,-0.0,-0.0,-0.0,-0.0,-0.0,-0.0,-0.0,-0.0,-0.0,164434.74056690565
t17,27613.38403543674,3720.0,18083.8,23095.0,57241.5,6212.3881563673285,-0.0,-0.0,0.0,0.0,8499.75924886651,-0.0,-0.0,-0.0,11088.702456843921,-0.0,964.2386995827349,2886.0161256105985,0.0,63.30000000000022,1309.3116075981366,274.6,494.5152755208363,955.0360007193735,-0.0,-0.0,-0.0,-0.0,-0.0,-0.0,-0.0,13.437662373841281,115.51563567805881,504.5479106016379,95.55459017011361,-0.0,-0.0,-0.0,-0.0,-0.0,-0.0,-0.0,76.32212244710924,748.4303894989235,2275.7759840129916,-0.0,166331.13590132882
t18,25500.220063150366,3720.0,18083.8,23095.0,57241.5,6212.3881563673285,-0.0,-0.0,-0.0,-0.0,8007.927961316144,-0.0,-0.0,-0.0,11088.702456843921,-0.0,964.2386995827349,2886.0161256105985,0.0,58.06509000000023,1242.3576875981366,274.6,441.3936729691276,993.0701472464966,-0.0,-0.0,11.088476617606903,1.2823408333286896,6.788863235269532,12.559396985248632,44.99507688709196,-0.0,253.07463800150475,1099.5071768183616,111.7296580293721,-0.0,-0.0,-0.0,7.604324626824118,-0.0,-0.0,198.53798909883335,44.05253278569309,748.4303894989235,2275.7759840129916,514.8441098983883,165139.55101801426
t19,23387.056090863993,3720.0,18083.8,23095.0,57241.5,5306.789076397275,-0.0,-0.0,-0.0,-0.0,6870.347587489286,-0.0,-0.0,-0.0,8650.895771792977,-0.0,875.645960950058,2685.3803656105983,0.0,47.588940000000235,1108.3688875981368,251.89058000000003,435.74807041741883,906.6258130308938,12.355637795903855,9.392806283620788,18.533456693855783,2.14332492377924,18.135877537630215,20.991976459367258,75.20548923731275,25.593821148657984,211.8851668079945,900.056689645254,202.81615684668307,37.092978326627104,28.068679908236287,55.577230949124164,14.014688330922427,33.98115128580269,62.85890622465331,423.772030313705,120.79018761242334,1474.5947641879723,4559.873689075917,1106.3087223171742,162080.68057606323
t20,21751.21004376147,3720.0,18083.8,23095.0,57241.5,3888.694565802077,-0.0,-0.0,-0.0,-0.0,5451.277627709663,-0.0,-0.0,-0.0,7184.814849795871,-0.0,846.5594273936059,2395.975533740399,0.0,36.55575000000008,915.2792875981368,206.44428000000005,382.56926786571006,945.861111433974,19.6,14.9,37.783453289570474,4.369515006276858,6.356936728440568,42.79554403206451,153.31857066142032,52.17714978083541,278.9858595689805,1134.14995675509,258.5,58.12543824958156,43.984182299599475,87.090631471269,10.045168019642452,53.24914309441533,98.50116213435801,551.4842324297657,164.30197131209255,1128.564648050299,2389.1523874375825,1437.7203672199262,154170.69806264213
t21,20659.878076950212,3720.0,18083.8,23095.0,57241.5,2470.600055206879,-0.0,-0.0,-0.0,-0.0,3572.9760208766315,-0.0,-0.0,-0.0,4747.008164744928,-0.0,728.7803758699299,2309.8848518702,0.0,30.79544999999993,762.3999456986028,179.60213000000005,332.9404339328553,860.4901157482334,12.678002229031383,9.637869041457531,27.400456633117543,3.168760290904751,-0.0,31.035211084449465,155.2807174406098,52.84490467802814,156.45480003116958,634.8728511246875,187.04949702182,74.63389484941429,56.476319760211155,111.82561761833381,12.89813954612361,34.391510774231214,126.47690234548395,651.7260183941862,198.45453337181362,1439.3170677406802,3368.190893626632,1697.2471816339712,147837.71677013484
t22,19699.23890855489,3720.0,18083.8,23095.0,57241.5,1052.5055446116817,-0.0,-0.0,-0.0,-0.0,2151.9483267355813,-0.0,-0.0,-0.0,2309.2014796939843,-0.0,699.5909054796205,2023.1584100000002,0.0,30.30803999999977,676.9602837990689,175.60670000000002,330.7876,764.4430870659482,23.49800920209448,17.863282505673865,16.230010459594638,1.8769399851231898,9.936741097711005,18.382971030765354,101.83922927154997,47.04564943050051,-0.0,-0.0,346.3339549445684,87.19364143903074,65.98042330369609,130.64416410244036,15.068699778892897,45.89758734794025,147.76103666681385,727.9906541455654,208.71422417105174,1671.389950016152,4106.155299711792,1379.3678407164202,141223.21959526816
t23,19699.23890855489,3720.0,18083.8,23095.0,57241.5,-0.0,-0.0,-0.0,-0.0,-0.0,1269.4030631123228,-0.0,-0.0,-0.0,694.5850864494281,-0.0,581.7481973560436,1821.0617100000002,0.0,27.7887,658.960301899535,148.90185000000002,376.1107660671447,543.8299085214887,19.762771862476185,15.023739834229346,29.64415779371427,3.4282359353275016,8.212743265787532,33.57654607247228,120.29074914252085,24.96994812999905,139.42673811028263,626.1292494350678,218.17044998958391,95.43949864805768,72.2201575340168,142.9991145850931,16.493738860318693,53.45167801258573,161.7347208633192,579.5227275290616,120.70681133611396,1818.418993086183,4589.279634787912,1507.376356044449,138358.2072528194
t24,19338.483616444453,3720.0,18083.8,23095.0,57241.5,-0.0,-0.0,-0.0,-0.0,-0.0,938.2593002050946,-0.0,-0.0,-0.0,-0.0,-0.0,552.4275905997903,1822.52265,0.0,30.535920000000225,708.31904,145.04372,373.9579321342895,448.90553276416534,14.524361903696423,11.041479202299833,21.78654285554463,2.5195321669677475,13.338699707476309,24.676594458831165,88.40593750566241,30.086178229085448,225.74271662626018,1030.1437238296007,211.52800767429994,63.96445242985668,48.40263094943853,95.8393557380235,11.054259396434965,58.598307091781464,108.39613582911954,388.40159956988464,132.32914403693508,1191.3422454608235,3857.394709448249,1002.9522642912532,135131.22418054932
t25,21186.860614423225,3720.0,18083.8,23095.0,57241.5,449.21360660126896,-0.0,0.0,-0.0,-0.0,228.68127020906468,-0.0,-0.0,-0.0,921.1152685483048,-0.0,580.2571914120558,2059.729866095933,0.0,35.275513096829584,740.7707562009319,147.84280933333332,378.32740173068163,1013.011772123995,8.030930409125464,-0.0,-0.0,-0.0,-0.0,6.950960120473386,-0.0,-0.0,-0.0,-0.0,-0.0,29.388659030300893,4.5865997261311975,67.69795147327093,1.0474939507572376,26.92316750091323,49.8029288936307,36.80466609505282,93.4732073533517,133.46686410586506,1414.7998872678013,30.23192464457577,131784.59131034688
t26,22114.051529053835,3720.0,18083.8,23095.0,57241.5,1649.4888003690444,-0.0,-0.0,-0.0,-0.0,228.68127020906468,-0.0,-0.0,-0.0,2984.4748467754234,-0.0,658.7619920070472,2336.8710888893315,0.0,45.27533619365916,840.6621524018639,173.40623866666667,424.4306017306816,1136.3451822128636,-0.0,1.6281790251489323,3.212648546267021,0.3715307842621725,1.966927681387972,10.589776331041135,13.036359577199171,4.436514659130648,34.58283876087315,165.0289885646944,28.531517913975463,31.179412485892566,5.941683297392682,-0.0,1.3569697996262686,28.56368996190829,52.837594984482365,47.67838548395596,-0.0,166.27509938099746,1519.885985970347,56.718289229352656,136906.5714309474
t27,23513.261768309334,3720.0,18083.8,23095.0,57241.5,2611.562575064002,-0.0,-0.0,-0.0,-0.0,228.68127020906468,-0.0,-0.0,-0.0,5047.834425002542,-0.0,762.6158579727069,2490.3065089012325,0.0,52.263012,1007.9932286027959,221.70654800000003,483.3910781793172,1351.9983019525266,1.1495574733597562,-0.0,-0.0,-0.0,-0.0,-0.0,-0.0,-0.0,-0.0,-0.0,-0.0,-0.0,6.551585549734378,1.2076335062996333,1.4962601144626206,-0.0,-0.0,52.572479167380784,1.6674267785749697,-0.0,-0.0,68.66791401936864,140045.2274308027
t28,24962.94226017369,3720.0,18083.8,23095.0,57241.5,3811.8377688317773,-0.0,-0.0,-0.0,-0.0,228.68127020906468,-0.0,-0.0,-0.0,7111.194003229661,-0.0,777.5918855032287,2845.8386289131327,0.0,60.408456,1175.3866082679097,259.562904,494.9327546279528,1492.608510918836,-0.0,1.2526922520316546,-0.0,-0.0,-0.0,-0.0,-0.0,3.4133762035224944,-0.0,123.76558915142046,-0.0,0.9933038718511042,-0.0,2.69592269684164,-0.0,0.9099730101186291,1.6832834069959988,-0.0,3.7223658288978076,19.14674660055974,56.84084632167155,83.49981688275054,145659.20896690193
t29,26156.452067611364,3720.0,18083.8,23095.0,57241.5,5012.112962599553,-0.0,-0.0,-0.0,-0.0,228.68127020906468,-0.0,-0.0,-0.0,8698.157004161278,-0.0,880.9651930337507,3047.935328913133,0.0,63.3,1275.8260679330228,274.59999999999997,482.3424728372706,1507.8,2.0236368936744684,1.5383770263137537,3.035455340511702,0.35103905298434657,1.8584420452112465,3.4381177836408057,12.317340888538983,7.60519548327675,-0.0,280.21206443731234,27.402352381123258,1.5033121285368445,0.38592906672024985,-0.0,-0.0,1.3771953392300624,2.5475591439970016,3.0968454378283456,4.7774668028802205,29.294792912602524,90.85311364968447,-0.0,150242.0906031125
t30,27208.339086934815,3720.0,18083.8,23095.0,57241.5,6212.3881563673285,-0.0,-0.0,-0.0,-0.0,228.68127020906468,-0.0,-0.0,-0.0,9902.312690019367,-0.0,895.5211612297253,3047.935328913133,0.0,60.943974,1309.3116075981366,266.7903759999999,494.93275462795293,1397.4735713935681,5.494899495777671,4.177245024851392,8.242349243666505,0.9531968513083714,5.046336271632555,-0.0,-0.0,-0.0,-0.0,-0.0,75.27313743233384,-0.0,-0.0,-0.0,-0.0,3.180617667242695,4.2002767466947,-0.0,-0.0,-0.0,-0.0,-0.0,153271.4980360266
t31,28365.0,3720.0,18083.8,23095.0,57241.5,6212.3881563673285,-0.0,-0.0,-0.0,-0.0,228.68127020906468,-0.0,-0.0,-0.0,9902.312690019367,-0.0,984.4059803303156,2845.838628913133,0.0,53.334047999999996,1275.9241872632501,236.13403199999993,460.1042364186353,1161.730987580398,-0.0,-0.0,-0.0,-0.0,10.47887136412284,19.385912023627252,64.4743155856416,-0.0,-0.0,-0.0,-0.0,-0.0,-0.0,-0.0,-0.0,7.783000597124833,12.713842239700117,30.505538137808514,10.393293319678891,113.48678230192714,330.25820761485585,-0.0,154465.633980286
t32,28365.0,3720.0,18083.8,23095.0,57241.5,6212.3881563673285,-0.0,-0.0,-0.0,-0.0,228.68127020906468,-0.0,-0.0,-0.0,9902.312690019367,-0.0,984.4059803303155,2441.6452289131335,0.0,40.47022199999999,1175.5828469283636,182.65842799999996,377.85691820931766,800.5693870061253,16.780723769031187,12.756774701967585,25.171085653546776,2.9109418783013283,25.889740131600462,47.896019243460856,166.6141291389794,34.76007066442175,317.0221077137954,1399.7871180229558,-0.0,10.195882233543788,7.7153404149802824,15.27671616536007,1.7620400504278693,17.123523582888104,29.992099044866602,92.41644049216248,31.48645236994649,332.4908739116623,970.1394823301193,-0.0,156410.05868949706
t33,28365.0,3720.0,18083.8,23095.0,57241.5,5956.5156074542865,-0.0,-0.0,-0.0,-0.0,228.68127020906468,-0.0,-0.0,-0.0,9902.312690019367,-0.0,984.4059803303156,2239.305038913134,0.0,32.866626,1070.4967669283635,151.919704,343.14279999999997,564.1849656202144,-0.0,-0.0,45.22471873693247,0.8580187481849759,20.16747467244885,51.22391612040312,183.5139097046274,62.45318301766867,549.5548596851309,2467.0265623750433,-0.0,-0.0,-0.0,33.68151263662326,3.087374832234909,25.322254189343663,50.80827422513069,167.00429987570277,56.898674149417396,575.2755166391082,1698.3215289767,197.4276789215658,158166.98120698103
t34,28365.0,3720.0,18083.8,23095.0,57241.5,5676.397227020632,-0.0,-0.0,-0.0,-0.0,1111.0516404498176,-0.0,-0.0,-0.0,9902.312690019367,-0.0,940.2038499975895,2172.1708365909853,0.0,30.516930000000002,965.6535669283636,143.91786000000002,343.19999999999993,452.6763274732005,7.591361451198184,5.770983960349638,31.44067526018297,2.1748875713520075,9.139133148039019,33.3,110.4205128234,43.4180753593003,361.4319279885894,1682.2693419880948,-0.0,11.75960646110126,8.898628379121927,51.30119144495115,5.1196558146064355,36.09531648424515,37.641901324162966,227.29370870220797,81.22685328790372,801.9000142613324,2389.487297853405,383.6396948210164,158564.7216968645
t35,28365.0,3720.0,18083.8,23095.0,57241.5,4866.441914784839,-0.0,-0.0,-0.0,-0.0,1521.7451132944273,-0.0,-0.0,-0.0,10176.799630500034,-0.0,984.4059803303156,2307.1333342688367,0.0,33.42113400000001,928.2500469283636,158.68035600000005,373.4321509255905,465.96753829249604,14.653774275168963,11.139859015307017,12.634294496139141,-0.0,-0.0,11.998895257052396,34.10754598154868,17.447359066096915,148.67271532672672,806.6538255226835,-0.0,25.096936304632422,18.991138042599367,11.815856639249887,7.4245970459549415,32.567414573754924,60.24375223350269,215.86350429014493,108.819013853464,853.7824916310512,-0.0,540.3973863969511,155253.88755927692
t36,28365.0,3720.0,18083.8,23095.0,57241.5,4172.013358312554,-0.0,-0.0,-0.0,-0.0,3134.429979013842,-0.0,-0.0,-0.0,10176.799630500034,-0.0,939.7232915624518,2493.7573705832087,0.0,34.320310500000005,958.2862069283638,182.15316399999966,451.1975018511811,604.1230943797855,8.28144890053591,6.2955912560196445,3.532686948048404,-0.0,-0.0,26.06890792990167,-0.0,-0.0,-0.0,-0.0,-0.0,41.55786355287172,31.447309500579113,36.479628506158775,10.269354607311735,47.64739154949093,88.1389477380693,315.8166850139336,71.89181438732732,1035.2685076532107,-0.0,797.911945082154,156172.71199025703
t37,27526.352531282344,3720.0,18083.8,23095.0,57241.5,4172.013358312554,-0.0,-0.0,-0.0,-0.0,4747.114844733257,-0.0,-0.0,-0.0,10915.776350070613,-0.0,854.3967764354543,2561.364699888839,0.0,40.479717,1055.7620469283638,228.39031199999928,481.5440527767717,786.1011124961716,15.06508579644025,11.452539712599984,-0.0,1.1767533390854465,-0.0,25.595273317421444,41.29019804496876,-0.0,-0.0,-0.0,-0.0,49.16727233660741,37.205435945989834,20.00134436432681,3.2353977685838404,64.96059121992366,120.16519621267928,430.57212385513503,70.72102446393207,1388.8254885400509,-0.0,972.8746122427724,158761.9041390849
t38,27526.352531282344,3720.0,18083.8,23095.0,57241.5,4172.013358312554,-0.0,-0.0,-0.0,-0.0,6359.799710452672,-0.0,-0.0,-0.0,12184.765306112975,-0.0,680.2459413084566,2831.0687291944687,0.0,51.8930235,1207.2324871516216,251.78073999999887,464.47180370236237,998.3219255972435,14.32247593795287,10.888004667117233,11.308258563072794,2.484511132093865,6.923423610044568,24.33359432315462,87.17711119376415,-0.0,-0.0,-0.0,-0.0,8.703850586117973,6.586303044193297,27.952073106075904,6.542558103650264,27.891751831052456,51.59463250799081,184.87225252120672,12.134558532233129,835.0444803645328,1062.4917366997963,295.4026223636966,161544.89975570247
t39,27526.352531282344,3720.0,18083.8,23095.0,57241.5,4172.013358312554,-0.0,-0.0,-0.0,-0.0,7972.484576172087,-0.0,-0.0,-0.0,12184.765306112975,-0.0,594.4993668469117,2898.6760585000993,0.0,58.052429999999994,1291.749007374879,274.59999999999997,494.932754627953,1210.1834528177642,13.730228111669984,10.437775452238917,-0.0,2.381774264269283,-0.0,23.327377352990325,83.57225580215453,-0.0,-0.0,-0.0,-0.0,30.445941559170816,23.03879134762758,6.901887341317213,-0.0,27.891751831052456,51.59463250799081,184.87225252120672,-0.0,-0.0,-0.0,638.7063812321026,161915.50989137136
t40,27526.352531282344,3720.0,18083.8,23095.0,57241.5,4172.013358312554,-0.0,-0.0,-0.0,-0.0,8499.75924886651,-0.0,-0.0,-0.0,12184.765306112975,-0.0,597.0502930508196,3047.935328913133,0.0,63.3,1309.3116075981366,274.59999999999997,494.93275462795293,1421.7649930245022,-0.0,-0.0,-0.0,-0.0,-0.0,-0.0,-0.0,10.677117680059943,86.3130846943283,-0.0,-0.0,-0.0,-0.0,-0.0,-0.0,-0.0,-0.0,-0.0,60.31368130460131,177.91218895144925,376.4090765765998,1098.8038048798908,163542.51437587582
t41,25413.18855899597,3720.0,18083.8,23095.0,57241.5,4172.013358312554,-0.0,-0.0,-0.0,-0.0,8499.75924886651,-0.0,-0.0,-0.0,11023.783914448391,-0.0,688.0054799201803,3047.935328913133,0.0,63.3,1309.3116075981366,274.59999999999997,494.93275462795293,1507.8,-0.0,-0.0,-0.0,-0.0,-0.0,-0.0,-0.0,22.765167620898104,101.37892127513746,-0.0,-0.0,-0.0,-0.0,-0.0,-0.0,-0.0,-0.0,-0.0,21.345068291827218,924.5166724669613,-0.0,711.3137029515711,160416.24978428922
t42,25413.18855899597,3720.0,18083.8,23095.0,57241.5,3511.326595768336,-0.0,-0.0,-0.0,-0.0,7403.9514803037355,-0.0,-0.0,0.0,8585.97722939745,-0.0,867.3579467895411,2845.838628913133,0.0,58.046099999999996,1242.3576875981362,274.59999999999997,471.1661546279529,1468.4071169218987,7.05309857315998,5.361794323473657,10.579647859739968,1.2234966912624454,2.243801296167833,11.983070535011597,42.930339784591105,-0.0,227.96196748185395,162.41797016823864,97.0060891027073,-0.0,-0.0,-0.0,7.733647972491164,37.18419928884282,-0.0,180.803811654316,62.51510360026292,1034.8546838195343,-0.0,430.8858121358212,156605.25603360365
t43,25413.18855899597,3720.0,18083.8,23095.0,57241.5,3511.326595768336,-0.0,-0.0,-0.0,-0.0,5498.605466930136,-0.0,-0.0,-0.0,6148.170544346506,-0.0,957.8255945583112,2784.55814418485,0.0,47.53829999999999,1139.781367598136,262.11155813333335,494.9327546279529,1303.586549954058,11.53542057832656,8.769273806993152,-0.0,3.224539036482359,12.83755488850855,-0.0,70.21304464256932,23.894799769390726,-0.0,991.6572690846624,-0.0,36.46239915282302,27.591513452891245,54.632420207166035,14.03503574554615,54.6,61.79030728917995,402.20888302019944,137.94822131071726,1740.893631310786,2095.9762780099677,997.3070225212108,156447.50304892502
t44,25413.18855899597,3720.0,18083.8,23095.0,57241.5,3511.326595768336,-0.0,-0.0,-0.0,0.0,3819.8470167144524,-0.0,-0.0,-0.0,3710.363859295563,-0.0,959.4759029925342,2521.1809594565666,0.0,38.02905749999999,1037.4479275981362,226.77639626666667,471.2805546279528,1013.2684672741191,23.881168071282417,18.154561441944285,18.51862123943378,-0.0,6.175486259590455,20.975173036501527,145.3583342297955,49.468133861942135,-0.0,477.3156067794796,172.55865160268095,56.941118919100816,43.087994349856494,85.31613958851851,17.574143356161272,73.36070636306658,96.4941780340467,526.5586931446279,180.31443183390607,2125.743743109953,3316.867437127748,1314.9651622795575,153632.11478111948
t45,23300.0245867096,3720.0,18083.8,23095.0,57241.5,2093.232085173139,-0.0,-0.0,0.0,-0.0,1957.8867811464877,-0.0,-0.0,-0.0,1272.55717424462,-0.0,872.3018914267573,2459.656984728283,0.0,33.780044999999994,935.3573675981362,214.1781144,428.81583641863523,728.8954048715923,17.156749699728365,13.042631149283297,37.831993682102706,2.2335192620773583,-0.0,9.550523456259189,106.64988543182008,52.24418175147515,211.5326094409891,-0.0,353.1484160453691,72.73496725505915,55.039379583945774,108.98041234692587,12.569969173273646,87.82956742251835,123.25892101947944,622.4612722181736,212.98861807255813,2419.5223413816884,2118.6379776954113,1129.9574162245433,144204.35762402997
t46,21186.860614423225,3720.0,18083.8,23095.0,57241.5,2093.232085173139,-0.0,-0.0,-0.0,-0.0,799.4044848812343,-0.0,-0.0,-0.0,1272.55717424462,-0.0,696.310540526433,2196.03631,0.0,34.7849325,833.5906475981361,178.76057253333335,433.88431820931766,569.3221914353749,11.85020029592792,9.008570633128878,26.207294125994583,2.0556469901099454,10.882837006464415,29.68377191821836,72.12902527062248,40.6,189.32730652558743,849.1196288524831,258.0953709175678,85.19280977792123,64.46637115745382,127.64627371087862,14.722918468332026,44.6422889283618,144.37036556325577,698.107131429982,224.1130810415203,1898.0023588230008,2810.3644797264324,1320.7047828539041,141366.33638554194
t47,21186.860614423225,3720.0,18083.8,23095.0,57241.5,675.1375745779411,-0.0,-0.0,-0.0,-0.0,336.41614313869894,-0.0,-0.0,-0.0,141.82164718700452,-0.0,608.6166902915613,1993.93961,0.0,30.535919999999997,737.2350037990682,166.07991066666668,391.5912,534.6163909853749,21.480225178080076,16.329354854764954,32.22033776712011,3.726161510483278,8.843900401976468,36.49446420561564,130.74443182372207,19.94790868445803,339.46369326330364,682.945889771105,131.63925193642416,93.43194997533931,70.70102254845307,139.9911599462718,16.14679672392609,52.19022608908374,158.33266690451796,567.3325955717332,117.8581479264473,1755.2251465401653,3270.1983501981963,1445.7175081401888,138054.11189503092
t48,21186.860614423225,3720.0,18083.8,23095.0,57241.5,-0.0,-0.0,-0.0,-0.0,-0.0,228.68127020906468,-0.0,-0.0,-0.0,-0.0,-0.0,504.752142001709,1993.93961,0.0,30.535919999999997,708.31904,145.04372,344.1152,624.696139976416,15.567991593739606,11.834850752383678,23.351987390609406,2.7005699703425847,14.2971351371078,26.44970000364944,94.75823454760892,32.247982587032034,241.6457728130873,1119.033508759628,211.37020709320706,62.6706202325176,47.42357336386819,93.9007783014064,10.830660879109587,57.413017864017824,106.20356784369595,380.5452594320154,129.65247440720506,1148.5589112904158,3587.327109399749,964.2874570690673,136289.3150273419
t49,16459.037457927327,3720.0,18019.319810900288,21789.366960448093,57241.5,-0.0,-0.0,-0.0,-0.0,-0.0,3333.6442296231216,-0.0,-0.0,-0.0,-0.0,-0.0,452.71310785678344,2026.390525661489,0.0,30.542249999999953,708.56192,143.25882000000001,320.4058,708.2790587513011,9.53867041146117,7.251336180141401,14.308005617191753,1.654667316273876,8.760003439096993,16.206006362329433,58.05935612690395,19.758674423740995,151.08442313835326,707.0659462456647,130.3421329249253,44.21313142274749,33.45658099271664,66.24551402770722,7.640859960642603,40.503976102047176,74.92493747814594,268.4686621122872,91.46777020846922,809.5402914135565,2479.923839399797,678.7265800037619,130672.16130647638
t50,16459.037457927327,3720.0,18019.319810900288,21789.366960448093,57241.5,39.22908306803865,-0.0,-0.0,-0.0,-0.0,3333.6442296231216,-0.0,-0.0,0.0,287.17526780787017,-0.0,489.07833437731057,2057.4685068456547,0.0,30.54225,776.2444800000001,164.2108,344.2296,916.6505946854512,2.036440360844077,1.548110274315139,3.054660541266113,0.35326006259540077,1.8702003313874176,-0.0,-0.0,-0.0,-0.0,214.16540413625603,-0.0,18.34763771704982,23.06461693246345,45.75375163658632,4.097159395033544,16.80840636494831,-0.0,-0.0,-0.0,436.42976039854756,1720.5443300619206,22.286708476121483,128178.0578223725
t51,16459.037457927327,3720.0,18019.319810900288,21789.366960448093,57241.5,1134.4533894874894,-0.0,-0.0,-0.0,-0.0,3333.6442296231216,-0.0,-0.0,-0.0,287.17526780787017,-0.0,577.3440994653786,2290.6431880298205,0.0,35.79615000000005,901.8336800000001,195.10330000000002,403.6119669050817,1124.7390758875952,3.136187139932666,2.384142264540648,4.704280709898996,0.5440324630495438,2.8801718632034685,1.8684473338596947,6.693866874758606,2.2780468995406484,18.53385803454537,-0.0,14.909026717751383,19.1420323966137,14.48499431354493,28.680931090899374,3.3081029141798837,17.53615719555549,1.346205748925369,4.823681787486049,1.6434373152722574,-0.0,811.3144798607416,34.226944353462585,128508.00760375983
t52,16459.037457927327,3720.0,18019.319810900288,21789.366960448093,57241.5,2334.7285832552648,-0.0,-0.0,-0.0,-0.0,3333.6442296231216,-0.0,-0.0,-0.0,287.17526780787017,-0.0,692.3755763263114,2469.5263788803327,0.0,37.55378000000003,960.46896,203.14908000000003,467.65133352406536,1236.8715196224343,-0.0,-0.0,-0.0,-0.0,-0.0,2.7016583533343748,9.678914160744473,5.5719606876900665,45.829520890228906,-0.0,-0.0,0.987431696239284,0.747200830543485,1.4794907797679215,0.17064675287356756,0.9045934666890112,3.019537985840936,10.819512842334996,3.6862280559820535,19.205985921017273,-0.0,49.15065260505469,129406.32227334344
t53,16459.037457927327,3720.0,18019.319810900288,21789.366960448093,57241.5,3535.00377702304,-0.0,-0.0,-0.0,-0.0,3333.6442296231216,-0.0,-0.0,-0.0,297.54275004571673,-0.0,870.0777347614489,2446.069379730845,0.0,34.05751000000002,952.2312799999999,188.34814000000006,484.271900143049,1223.509012323583,1.9666689068801189,1.4950697302302944,2.950003360320178,0.34115685119349,1.8061245063184763,6.042988690023556,21.649506027621932,4.073814164251675,-0.0,111.78309418866385,26.947307542138038,1.4981708276247223,1.1336829584878352,2.244742531994761,0.2589120725593061,1.3724853555085572,3.8850522856719643,13.920796259254294,4.742841057656962,29.444160668158972,35.608929451974156,-0.0,130867.14545036308
t54,17462.932076646204,3720.0,18019.319810900288,21789.366960448093,57241.5,3535.00377702304,-0.0,-0.0,-0.0,-0.0,3333.6442296231216,-0.0,-0.0,-0.0,297.54275004571673,-0.0,958.955573196587,2381.78838743129,0.0,35.815140000000014,877.0396800000001,165.66618000000008,453.4736667620326,1084.7073831640885,5.3695811604603,4.081977514839718,8.05437174069045,0.9314579564063785,4.931248004504356,5.781478471643879,20.71262407408753,11.122703832382049,-0.0,411.17156746617684,74.19000021764246,3.4866226005312724,2.6383671020798722,5.2240838628765545,0.6025539057965119,3.194120704513551,7.254744048483399,25.99496902124893,8.856534071069339,71.75697214012715,162.12868035686824,-0.0,132194.2402734929
t55,18045.626592436078,3720.0,18019.319810900288,21789.366960448093,57241.5,3535.00377702304,-0.0,-0.0,-0.0,-0.0,3333.6442296231216,-0.0,-0.0,0.0,-0.0,-0.0,958.955573196587,2189.602612302657,0.0,35.80881,777.53984,165.7211,375.25663338101634,820.4082382924959,11.15589183970868,8.480754510798942,16.733837759563013,1.935205727296403,10.245206791569192,24.73511103604688,88.61557797598778,-0.0,223.53616907018483,-0.0,-0.0,8.547567723060748,6.468042018624828,12.807010028008806,1.4771803279786195,7.830489893944916,15.83117789706523,-0.0,17.68313926599648,186.66135131091653,504.1207528014691,79.6690980066059,132234.28774158822
t56,19016.491748567565,3720.0,18019.319810900288,21789.366960448093,57241.5,3535.00377702304,-0.0,-0.0,-0.0,-0.0,3333.6442296231216,-0.0,-0.0,-0.0,-0.0,-0.0,870.1312531965871,1993.4526299999998,0.0,30.55491,710.34304,142.9293,344.57280000000003,570.4813913016844,27.67112184379962,21.035699769010932,41.506682765699416,4.8000925647407495,25.41225475450985,44.27257535674587,158.61015735915262,24.38564782091891,533.7975138889994,1403.6114321663572,242.5323054759314,18.886663182484355,14.291753515604771,28.298305741541153,3.263970315093773,17.302211573215537,32.005922507230196,59.15257210201344,39.07257668456914,407.09192384172934,1165.9354114869889,247.99974259407023,135878.72838837077
t57,20601.271748567564,3720.0,18019.319810900288,21789.366960448093,57241.5,3863.136420925488,-0.0,-0.0,-0.0,-0.0,3333.6442296231216,-0.0,-0.0,-0.0,-0.0,-0.0,808.556506284707,1999.1558576973434,0.0,30.55491,710.5859200000001,142.90184,361.4221666189837,445.3339913016845,21.21278920139064,16.126048933710226,44.48534604252292,5.14456382804687,27.235926148483426,33.3,119.3,51.60767306164316,536.9760326478408,2472.17132025555,175.72105311478037,29.829681858563365,22.572460601026975,45.45972473829577,5.243394902625379,27.795083658577262,38.60417418248089,134.6973117226574,25.738232647762914,464.4162872829621,1918.0482392711567,449.0100426091526,139731.4457490765
t58,22104.486815156633,3720.0,18019.319810900288,21789.366960448093,57241.5,3863.136420925488,-0.0,-0.0,-0.0,-0.0,3333.6442296231216,-0.0,-0.0,-0.0,994.4691039433901,-0.0,835.3790393728268,1993.2091400000004,0.0,30.55491,710.8288,142.84692,389.4726082737295,445.0626714165389,20.556679387715565,15.6272715753552,30.835019081573336,3.5659545876649448,18.87858311116735,9.680819252263973,45.13321097927848,26.367340838329717,331.3,1664.3198038640521,-0.0,41.6642371807479,31.52780363845185,62.426449332899104,7.288628456627068,38.16891526961133,58.65937699356542,206.55847902296915,50.22146538644333,690.6351223189452,2585.3730362220936,638.285487451339,142190.35111401122
t59,23125.803800041875,3720.0,18019.319810900288,21789.366960448093,57241.5,3863.136420925488,-0.0,-0.0,-0.0,-0.0,3754.371899498086,-0.0,-0.0,-0.0,2350.48776803328,-0.0,773.323734025809,2189.359122302657,0.0,35.80881,778.51136,151.046476,370.1614499284756,569.5886358192954,7.827618293349495,5.950587376066709,11.741427440024232,1.3578521529279737,13.11975085937003,21.354404229693046,86.95479319571358,-0.0,113.54419616253193,770.3711416072374,-0.0,-0.0,26.364577588132995,79.47877254526813,-0.0,48.59508377347862,81.3155709338603,287.7394353298277,77.87996749375381,942.5688544757311,2217.9206226817687,311.2199074192507,143837.09081148135
t60,23610.660000000003,3720.0,18019.319810900288,21789.366960448093,57241.5,4748.53460284582,-0.0,-0.0,-0.0,-0.0,5367.0567652175005,-0.0,-0.0,0.0,4413.847346260399,-0.0,799.6264284448346,2289.337566726762,0.0,46.32294,913.71456,182.010372,344.8588,718.202543618941,14.983538433005025,11.390547074070145,22.47530764950753,-0.0,13.760392438474,25.456726011176897,49.37924100078426,16.804670449554404,244.86701699132655,-0.0,-0.0,16.6146505908747,-0.0,96.78994533592632,2.8713238437249906,54.6,109.47127076067817,388.6260468875048,112.2522228268889,1249.4817233625367,3127.895587982651,570.823529133049,150332.90243723436
t61,25195.440000000002,3720.0,18083.8,21789.366960448093,57241.5,4748.53460284582,-0.0,-0.0,-0.0,-0.0,6979.7416309369155,-0.0,-0.0,-0.0,6477.206924487517,-0.0,914.3333835293128,2539.3659663348244,0.0,54.81463499999991,1108.449847598136,235.71114799999998,367.0893500715244,741.3189357064887,14.374224956722943,4.76011320904809,21.56133743508441,-0.0,-0.0,25.028198446703772,89.66558782858141,30.514860568653848,237.14492770539158,-0.0,85.820099873451,35.612609066642264,14.154273853742302,109.76371156679068,6.154528076953279,-0.0,124.14484734877786,444.83188371804647,151.55504631786442,1376.0097412284751,4160.319753183708,868.2954594646724,157996.38458880797
t62,26780.22,3720.0,18083.8,22402.631376950478,57241.5,5948.809796613596,-0.0,-0.0,-0.0,-0.0,8236.477574652727,-0.0,-0.0,-0.0,8540.566502714635,-0.0,958.955573196587,2845.5951389131333,0.0,58.05242999999983,1242.3576875981366,266.56520399999994,436.8531001430488,889.3111110329334,13.607063158978818,10.344144952489,20.410594738468227,-0.0,6.745810159861501,-0.0,-0.0,-0.0,-0.0,-0.0,189.3365204558548,54.823980924534595,28.69173812875815,56.81091385583377,9.474614153065547,17.599679587934926,55.701031201917544,230.2337035210105,67.99937769501418,755.5909786018566,1706.1383746639294,786.9601685583524,161662.16419017315
t63,28365.0,3720.0,18083.8,23095.0,57241.5,5948.809796613596,-0.0,-0.0,-0.0,-0.0,8499.75924886651,-0.0,-0.0,-0.0,10603.926080941754,-0.0,914.7534428638608,3047.935328913133,0.0,63.3,1309.3116075981366,274.6,484.271900143049,1093.6349164693804,-0.0,-0.0,-0.0,-0.0,-0.0,-0.0,-0.0,-0.0,-0.0,-0.0,-0.0,-0.0,-0.0,-0.0,-0.0,-0.0,-0.0,-0.0,-0.0,-0.0,1333.0349400820396,-0.0,164078.63726249145
t64,28365.0,3720.0,18083.8,23095.0,57241.5,6212.3881563673285,-0.0,-0.0,-0.0,-0.0,8499.75924886651,-0.0,-0.0,-0.0,12184.765306112975,-0.0,958.955573196587,3047.935328913133,0.0,63.30000000000017,1309.3116075981366,274.6,484.2719001430489,1297.6025037435,-0.0,-0.0,-0.0,-0.0,-0.0,8.451488388005254,30.27815509576657,-0.0,-0.0,-0.0,-0.0,-0.0,-0.0,-0.0,-0.0,-0.0,37.29902071339963,176.02822500271492,-0.0,-0.0,1469.052384790103,-0.0,166559.29889893119
t65,26593.87068816634,3720.0,18083.8,23095.0,57241.5,6212.3881563673285,-0.0,-0.0,-0.0,-0.0,8499.75924886651,-0.0,-0.0,-0.0,12184.765306112975,-0.0,958.955573196587,3047.935328913133,0.0,63.3,1309.3116075981366,274.6,484.271900143049,1376.1513711324737,-0.0,-0.0,-0.0,-0.0,-0.0,-0.0,-0.0,-0.0,-0.0,-0.0,77.58725768843831,-0.0,-0.0,-0.0,-0.0,-0.0,-0.0,-0.0,-0.0,-0.0,-0.0,-0.0,163223.19643818494
t66,24480.706715879965,3720.0,18083.8,23095.0,57241.5,6212.3881563673285,-0.0,-0.0,-0.0,-0.0,7999.351445116228,-0.0,-0.0,-0.0,10671.864221987951,-0.0,958.955573196587,2936.022531218786,0.0,58.046099999999825,1242.3576875981366,257.93178,484.271900143049,1329.190987962489,6.733014527185383,5.118465125258275,10.099521790778072,1.167971907777056,6.183380688231474,11.439254273228228,40.98207311700083,13.946958663455433,115.79679493080049,497.0567342697583,91.56956284032,-0.0,-0.0,65.94858833776584,-0.0,-0.0,74.58910887026148,267.26533168463,91.05779330399248,865.881925972824,2457.068828015207,346.3536648383866,163739.64607262737
t67,23157.34012139168,3720.0,18083.8,23095.0,57241.5,4794.293645772131,-0.0,-0.0,-0.0,-0.0,6994.349120647392,-0.0,-0.0,-0.0,8463.168381683834,-0.0,870.1312531965871,2622.0130335244385,0.0,47.54462999999964,1145.8533675981366,264.00043999999997,436.85310014304906,1156.8032177787218,-0.0,-0.0,-0.0,-0.0,14.003257571933188,-0.0,107.49751587982232,22.636437352645032,184.3879207844845,1279.3065542792456,244.49575397478515,35.58974475678092,26.931165914946632,119.27349113609698,6.150576694544354,32.6040279147691,134.90058907890028,483.3715167094456,129.65807744083955,1551.1784690300778,4504.292292523953,832.495664982438,161801.42336776166
t68,21044.176149105308,3720.0,18019.319810900288,22294.08000152939,57241.5,3869.586614598021,-0.0,-0.0,-0.0,-0.0,5697.336076857447,-0.0,-0.0,-0.0,6416.809428141012,-0.0,692.4895938620398,2363.5810926433287,0.0,42.29705999999946,1049.6728875981366,247.2498399999999,436.9675001430491,990.9558742299479,7.39058727141243,5.61835460939006,17.613893539627767,2.0369808855351845,6.787274024766516,12.556456945818052,59.671580481101,46.96038557403576,376.2049895129637,838.4791352772045,317.02480678265545,55.658630070993006,42.11752040607021,149.343146481049,9.618857210255504,50.989281910674805,168.90994170868922,605.2327515284616,171.17642575027497,1924.8668375171392,4070.2015801122866,1142.8397756053296,154207.32112281368
t69,18931.012176818935,3720.0,18019.319810900288,21789.366960448093,57241.5,3195.16432515611,-0.0,-0.0,-0.0,-0.0,4552.142385289415,-0.0,-0.0,-0.0,3979.0027430900695,-0.0,562.5053549250222,2307.245851762219,0.0,40.14063999999965,953.7352875981366,244.5587599999999,484.271900143049,949.9725790732107,-0.0,-0.0,35.92801263250912,-0.0,-0.0,-0.0,-0.0,31.65131194039573,191.81706872847923,1372.1243776198435,335.35396646391564,71.08932962725387,53.794106815254196,172.46330537994322,12.28557206645495,65.12545969208158,195.05928156074205,698.9302375924013,203.0993327181771,2212.304202754456,4936.833663870885,1382.3208674819175,148940.11887214924
t70,16817.84820453256,3720.0,18019.319810900288,21789.366960448093,57241.5,2452.3770133818284,-0.0,-0.0,-0.0,-0.0,3985.133949554788,-0.0,-0.0,0.0,1713.9911623908793,-0.0,520.8648775528669,2048.8139108811097,0.0,32.73031999999981,858.0405675981366,219.0209599999999,484.271900143049,783.4920650803326,11.253028171976931,8.554597947064094,35.19366135084675,1.9520559073837533,10.33441362732575,19.118665210552642,68.49419698555346,17.290369235938797,-0.0,763.7588531710112,232.76725542563253,83.27835033730983,63.01767785591734,190.72638506799686,14.392063900575359,76.29191155062277,215.71517236134022,772.9437710650398,137.25808729253862,2435.688537168139,5612.581567079823,1287.812946849248,142745.19527002578
t71,16459.037457927327,3720.0,18019.319810900288,21789.366960448093,57241.5,1034.282502786631,-0.0,-0.0,-0.0,-0.0,3333.6442296231216,-0.0,-0.0,-0.0,169.52419115084527,-0.0,567.6216801807117,1992.4786700000002,0.0,30.580229999999997,762.5887275981365,170.6638999999999,436.91030014304897,741.8812318761222,20.410720787644998,15.516313251832162,30.616081181467493,3.5406352386731115,8.410125871531895,34.677398072886646,124.23464234520651,36.25987536839407,145.0947124201099,-0.0,126.58963582308405,91.35119123319552,69.12648866807245,136.87351303899933,15.78720251177708,56.746584793309076,154.80654890189174,554.697921263313,153.95911552177864,1715.3957883303824,2563.6249406083475,1411.2393428848106,133938.35867075104
t72,16459.037457927327,3720.0,18019.319810900288,21789.366960448093,57241.5,-0.0,-0.0,-0.0,-0.0,-0.0,3333.6442296231216,-0.0,-0.0,-0.0,-0.0,-0.0,598.8784380503529,1961.245204338511,0.0,30.535920000000043,708.31904,145.04372,381.80186625756494,825.007227469767,14.816574042174397,11.263620062673391,22.224861063261585,2.570222027724129,13.607057793833626,25.173056918592202,90.1845552669084,30.691474801646955,234.13669310447804,413.2675222962929,204.35831801573084,61.35957206590456,46.43148825792443,91.93640579673283,10.604087118772098,56.211956959704494,103.98182514524096,372.58438138675933,126.94018851889317,1130.2680171646734,2874.4495466320823,945.2274979648844,132095.98879741994
t73,28365.0,3720.0,18083.8,23095.0,57241.5,4793.163357896498,-0.0,-0.0,-0.0,-0.0,4737.711703423996,-0.0,-0.0,-0.0,-0.0,-0.0,627.0585574107362,1605.5166016290236,0.0,25.313670000000023,707.83328,121.44185000000002,439.1246228185099,765.103148883253,8.204825673554526,6.23734196612053,12.307238510331779,1.4232860862288457,7.535043985917417,13.939831373947221,49.940597084441556,16.995710323791513,129.74762767611494,-0.0,115.68922961363717,48.503739504975805,36.70333308178539,72.67422714420033,8.382357666128375,44.4346338418067,82.19593439601606,294.52186790018027,100.34414565375027,872.8097490809788,1658.1747906958321,746.8154358836786,148655.14773920542
t74,28365.0,3720.0,18083.8,23095.0,57241.5,4793.163357896498,-0.0,-0.0,-0.0,-0.0,4737.711703423996,-0.0,-0.0,-0.0,-0.0,-0.0,612.4622324670308,1502.3332999999998,0.0,25.31367,707.75232,120.68670000000002,454.1018237129418,937.2788923693354,3.6857768038750613,2.8019425702927743,5.5286652058125885,0.6393694455701633,3.3848970647832166,6.262059569848951,22.434345546035434,7.634823379455481,-0.0,91.5773806504225,50.70000672744811,33.445019678199564,25.30822797796648,50.11141371247015,5.779927897406976,30.639229436739868,56.676962877485835,203.08309767685267,69.19078735439606,131.69280583574516,-0.0,522.6959722497132,145719.37671153032
t75,28365.0,3720.0,18083.8,23095.0,57241.5,4850.0441630322985,-0.0,-0.0,-0.0,-0.0,4737.711703423996,-0.0,-0.0,-0.0,1229.1402922648115,-0.0,612.8642304342548,1502.0898100000002,0.0,25.307339999999996,707.67136,120.71416,421.94622460737367,984.5052851050348,1.587801530550184,1.2070532043468232,2.381702295825275,0.27543495938115437,1.4581850790766993,2.6976423962918936,9.66452666299168,3.2890174561396677,7.115903566691811,-0.0,-0.0,21.167150762521636,16.0174244864048,31.71521079015406,3.6580814237243806,19.391383081102035,35.87050716467593,128.5300647811506,43.79043102380734,148.57481529929387,60.052989932839736,332.2897949325626,146568.02968969732
t76,28365.0,3720.0,18083.8,23095.0,57241.5,5050.4585672386165,-0.0,-0.0,-0.0,-0.0,4737.711703423996,-0.0,-0.0,-0.0,2568.1049775202764,-0.0,658.2509084240429,1501.84632,0.0,30.554909999999992,774.6252800000001,143.50596,412.52639999999997,906.6546044563544,0.4305648896374348,-0.0,-0.0,-0.0,-0.0,1.48493800741966,-0.0,1.8104649579951417,6.9853226641491535,34.1466255238158,5.477525043154671,13.47707094444364,1.6185226814324762,20.19299388152377,2.3290911195934507,1.9193536204526218,3.550452667870239,12.721869509923152,27.88125582969633,169.99398942175876,127.01371869171551,-0.0,147720.57339051785
t77,28365.0,3720.0,18083.8,23095.0,57241.5,5763.669179605475,-0.0,-0.0,-0.0,-0.0,4737.711703423996,-0.0,-0.0,-0.0,3598.8296600711,-0.0,792.6896646150119,1588.6016912150417,0.0,30.554909999999992,774.6522666666667,143.53342,450.9829753926263,906.0795722205198,2.65822588247687,-0.0,-0.0,-0.0,-0.0,-0.0,-0.0,-0.0,43.707465638108054,197.01873311634012,27.58681266426253,2.6921140596942283,2.0702759541058575,4.033654119642524,0.4652478995780296,2.4662655647534337,4.562139597803975,16.34691406381443,5.569423885239903,-0.0,-0.0,8.30458318456545,149610.08689884082
t78,28365.0,3720.0,18083.8,23095.0,57241.5,6054.929619580028,-0.0,-0.0,-0.0,-0.0,4737.711703423996,-0.0,-0.0,-0.0,3947.7244741036584,-0.0,938.7880080424827,1512.9581090683066,0.0,25.301009999999994,707.4014933333334,120.79654000000001,488.77333154446984,780.4856542879012,3.54857532809136,2.6976414483959825,5.322862992137039,0.6155691895668685,3.2588957094716573,6.028957062522565,21.59923656333159,7.350620322474959,-0.0,-0.0,69.82913016465702,5.0509673120704655,3.822124593529832,7.5679761907364504,0.8729020690323124,4.627228443608175,8.559525142938204,30.670219299300342,10.449400496280006,-0.0,-0.0,39.87573206382601,150051.91750777618
t79,28365.0,3720.0,18083.8,23095.0,57241.5,6212.3881563673285,-0.0,-0.0,-0.0,-0.0,4737.711703423996,-0.0,-0.0,-0.0,4679.310014820695,-0.0,996.6775494371777,1501.1158500000001,0.0,25.294679999999996,707.2665599999999,120.85146000000002,479.4308876963132,780.1004989663086,16.42912357366815,12.489486798349766,24.64368536050222,2.849950007677128,15.087970628878912,27.912745663425987,99.99971644584744,34.03175597402688,-0.0,-0.0,-0.0,11.396501828694642,8.623862960975309,17.07563109567838,1.9695296784489067,10.440419460515558,19.312863837217428,69.20124180880184,23.57699119929613,122.17739464218111,369.28392888363913,21.065186773601923,151653.01534733322
t80,28365.0,3720.0,18083.8,23095.0,57241.5,6212.3881563673285,-0.0,-0.0,-0.0,-0.0,4737.711703423996,-0.0,-0.0,-0.0,4679.310014820695,-0.0,966.3582887990966,1602.042455,0.0,27.92163,740.7840000000001,132.26109000000002,423.0128438481566,654.6847231010712,13.943157586309566,10.599645307959822,20.914736379464347,2.418711009870027,12.804940640488377,23.689140184903497,35.097448797428115,35.45049902618578,152.12640406316643,-0.0,-0.0,21.816033603360417,16.056688262755394,31.792954808515656,3.667048538944136,19.438917497703866,35.95843712945221,128.84513264503713,43.89777522833127,352.43844397383356,1055.4773156633278,-0.0,152698.2083357074
t81,28365.0,3720.0,18083.8,23095.0,57241.5,6212.3881563673285,-0.0,-0.0,-0.0,-0.0,4737.711703423996,-0.0,-0.0,-0.0,4679.310014820695,-0.0,847.8695063621963,1500.62887,0.0,25.28835,707.02368,120.90638000000001,414.4712,654.495547143951,26.641532349298323,20.253001632884946,39.96229852394748,4.621490305490525,24.466713382008663,45.26341975671602,112.3890870231709,61.7542753209482,97.47596429027332,927.8769897389477,166.5600854202222,36.14627394291898,26.900544627085786,53.26427129043813,6.1435833627269085,32.5669564664941,60.2429048189726,215.86046786124928,73.54406103147844,512.8109056527388,260.7929418272829,211.3216483017511,153422.2528250452
t82,28365.0,3720.0,18083.8,23095.0,57241.5,6212.3881563673285,-0.0,-0.0,-0.0,-0.0,4737.711703423996,-0.0,-0.0,-0.0,5079.053355372076,-0.0,687.5112318501926,1572.9848855665132,0.0,25.28835,706.94272,120.93384000000003,439.0097771814899,529.348147143951,19.85487109627916,15.093754047681607,29.782306644418743,3.4442123330280174,18.23406529250127,33.733020791127345,120.851332744189,41.127947270863984,208.94048750636296,-0.0,262.4404045193646,46.65802059856101,37.09162769592735,73.44306769947475,8.471036923903586,44.90472000438211,83.0655077004138,297.6376954136608,101.40571385604972,750.9386514411423,1006.375448053575,414.1108368825452,154234.076895421
t83,28365.0,3720.0,18083.8,23095.0,57241.5,6212.3881563673285,-0.0,-0.0,-0.0,-0.0,4737.711703423996,-0.0,-0.0,-0.0,5403.889792720235,-0.0,616.1727359708658,1758.4951424307853,0.0,30.535919999999997,773.9776,142.47346400000004,416.4155543629798,529.4156122052067,8.180653703506485,9.513690884835981,12.27098055525973,1.4190929893837776,7.512845237914117,13.898763690141116,49.793468715730825,25.923211404318174,-0.0,555.1418072732141,79.94585258382136,61.98811605822253,42.10537630077326,83.37051227625389,10.7127113322096,56.78777075132467,94.29363650505763,376.40099331326724,128.24051526810132,763.8414692389439,1838.3523694872638,401.3482463647142,155747.81776541562
t84,28365.0,3720.0,18083.8,23095.0,57241.5,6212.3881563673285,-0.0,-0.0,-0.0,-0.0,5489.749308574209,-0.0,-0.0,-0.0,7106.916390132216,-0.0,616.6140141720465,1931.988439202229,0.0,32.16431250000002,908.0473600000001,186.85980800000002,441.6977315444697,654.7503244410411,-0.0,-0.0,-0.0,-0.0,-0.0,-0.0,-0.0,-0.0,107.8752895650506,-0.0,172.7651572211323,47.471118671386876,56.23577220590508,111.34932279351047,10.680436204911715,56.61668124157083,125.93820383140607,451.2577818473845,127.85415379277808,1086.1299138558347,2840.8667630587647,636.8619065377428,159918.37834576092
t85,28365.0,3720.0,18083.8,23095.0,57241.5,6212.3881563673285,-0.0,-0.0,-0.0,-0.0,6575.972532521773,-0.0,-0.0,-0.0,9014.070620918526,-0.0,706.0680903404514,2152.372636569007,0.0,39.04027500000005,974.8393600000002,208.48181200000002,488.7733315444702,655.0541192572738,5.412155987325651,-0.0,8.118233980988474,-0.0,-0.0,9.195142570303272,-0.0,11.21089454517456,189.11951526588084,-0.0,-0.0,68.7362431052129,28.700374920087203,56.82801508567156,12.60190359971213,76.09781872625038,101.0,504.39195232655686,150.8557974606316,1447.0621359296597,485.76829197514735,965.7808794816378,161653.24028947906
t86,28365.0,3720.0,18083.8,23095.0,57241.5,6212.3881563673285,-0.0,-0.0,-0.0,-0.0,8188.657398241188,-0.0,-0.0,-0.0,11077.430199145645,-0.0,851.3728198888148,2530.352311900471,0.0,51.17013750000008,1108.7472000000002,252.923076,488.7733315444702,780.5756406891267,10.467984114477229,-0.0,-0.0,-0.0,3.9661490525723497,-0.0,30.77348446781548,-0.0,156.7523605576348,-0.0,-0.0,90.40847491813537,-0.0,-0.0,6.04727252040175,32.056415496498595,-0.0,142.49195232655688,72.39113609374132,1122.7873759691424,1662.8932462662212,658.9585135436339,166037.6846366039
t87,28365.0,3720.0,18083.8,23095.0,57241.5,6212.3881563673285,-0.0,-0.0,-0.0,-0.0,8477.43461547018,-0.0,-0.0,-0.0,11625.544088547176,-0.0,908.4687474044022,2727.5139206171025,0.0,58.03977000000011,1241.9528875981373,274.6,488.7733315444702,864.8766733280024,9.923812635936512,-0.0,-0.0,-0.0,8.436747070844227,-0.0,-0.0,-0.0,147.8150196321516,-0.0,-0.0,59.6,-0.0,36.87073436195376,10.3,-0.0,-0.0,-0.0,-0.0,-0.0,2979.9583434991555,61.40316676499356,166699.20001484186
t88,28365.0,3720.0,18083.8,23095.0,57241.5,6212.3881563673285,-0.0,-0.0,-0.0,-0.0,8499.75924886651,-0.0,-0.0,-0.0,12184.765306112975,-0.0,996.6775494371777,2868.2666139911953,0.0,63.3000000000001,1309.3116075981366,274.6,488.77333154447024,1074.3928679040912,-0.0,-0.0,-0.0,-0.0,-0.0,-0.0,-0.0,-0.0,-0.0,67.73319675990865,-0.0,-0.0,-0.0,-0.0,-0.0,-0.0,-0.0,-0.0,-0.0,-0.0,1227.3758083800435,-0.0,165772.64368696185
t89,28365.0,3720.0,18083.8,23095.0,57241.5,6212.3881563673285,-0.0,-0.0,-0.0,-0.0,8499.75924886651,-0.0,-0.0,-0.0,12093.48071452894,-0.0,996.6775494371777,2868.2666139911953,0.0,63.3000000000001,1309.3116075981366,274.6,488.7733315444702,1247.8387517594526,-0.0,-0.0,-0.0,-0.0,-0.0,9.41004011192101,33.71224580637167,11.47290175807787,82.2331437446315,-0.0,46.65895978033272,-0.0,-0.0,-0.0,-0.0,-0.0,47.378241825137906,45.397609639931204,15.467049650741941,-0.0,-0.0,-0.0,164851.42616641035
t90,28365.0,3720.0,18083.8,23095.0,57241.5,6212.3881563673285,-0.0,-0.0,-0.0,-0.0,8499.75924886651,-0.0,-0.0,-0.0,10494.029855071678,-0.0,908.4757280698542,2868.2666139911953,0.0,63.3000000000001,1285.050843799068,274.6,464.8637315444702,1296.2952313498822,-0.0,-0.0,-0.0,-0.0,-0.0,17.64008168796564,63.197049410639664,21.50712662256472,172.4862476580658,-0.0,125.65834252020169,-0.0,-0.0,-0.0,-0.0,-0.0,34.70855800741741,-0.0,-0.0,-0.0,-0.0,221.0331559938145,163528.55997096063
t91,28365.0,3720.0,18083.8,23095.0,57241.5,6212.3881563673285,-0.0,-0.0,-0.0,-0.0,8499.75924886651,-0.0,-0.0,-0.0,8922.527181740163,0.0,909.3259849037117,2868.2666139911953,0.0,62.924420000000225,1193.5123199999994,274.6,488.7733315444702,1253.6652162331977,-0.0,-0.0,-0.0,-0.0,-0.0,-0.0,-0.0,-0.0,89.84090420859155,-0.0,-0.0,39.11851428473191,14.072372615773043,-0.0,6.76041438142179,-0.0,-0.0,237.53339462490732,80.92806730381616,673.2829920238578,2065.008949202781,782.6708763163135,165180.25895860879
t92,28365.0,3720.0,18083.8,23095.0,57241.5,5751.62566503841,-0.0,-0.0,-0.0,-0.0,7474.784989162807,-0.0,-0.0,-0.0,6484.7204966892195,-0.0,871.9427963615283,2665.9264239911954,0.0,57.29494000000036,1089.8835199999994,251.83566000000008,481.1087543629801,1085.998478122639,8.82245511584759,6.706866389088221,13.233682673771387,1.5304258874429493,8.10225469822738,14.989171191720654,53.69994363880703,18.27508559711287,-0.0,659.608248335543,132.61416761622638,60.31208593554574,30.10979008979492,31.75479779224287,10.423061831142974,19.415587451920057,35.91528081765432,366.22389094083894,124.77315764853674,1047.4899585915498,3243.8603459595683,1101.5526392702363,163709.83462120162
t93,28365.0,3720.0,18083.8,23095.0,57241.5,5213.911916001458,-0.0,-0.0,-0.0,-0.0,6238.452600610224,-0.0,-0.0,-0.0,4046.9138116382765,-0.0,746.3508057865687,2261.246043991195,0.0,46.40523000000049,986.0927999999994,206.30698000000012,426.3685771814901,793.2635399201964,-0.0,14.9,-0.0,-0.0,18.0,33.3,119.3,40.6,168.76029889989604,-0.0,142.98405932845247,77.38044448074295,43.025611740606905,57.328697424560175,13.372794935430413,35.052036723191335,64.83984815095833,469.86548418759855,160.08404034355044,1353.866729379269,4142.759377859459,1251.4212056384465,159677.45293422157
t94,28365.0,3720.0,18083.8,23095.0,57241.5,4793.163357896498,-0.0,-0.0,0.0,0.0,5053.980253740772,-0.0,-0.0,-0.0,2093.6697352721385,-0.0,709.7716131788335,1892.7178602672022,0.0,35.86578000000036,882.2211199999995,167.94536000000005,419.50480000000005,625.784114045472,11.036187034708862,8.38975442944704,16.554280552063286,1.9144406080617407,10.135273807385687,18.75025654366352,67.17434251228401,22.860673143325492,331.3,737.6969454078314,294.82781275693605,90.58669097584702,53.01892913874774,77.11590903551308,15.655082500859471,47.150376633135664,87.21956117118502,550.0557628214603,187.40501673358955,1592.0228042498027,4844.759971698635,1455.3985887421388,157700.95265489753
t95,28365.0,3720.0,18083.8,23095.0,57241.5,4793.163357896498,-0.0,-0.0,-0.0,-0.0,4737.711703423996,-0.0,-0.0,-0.0,-0.0,-0.0,621.1608131788335,1726.0428865432093,0.0,30.573900000000236,778.2684799999995,145.08491000000004,406.0370748404761,583.5221179104108,19.23795994394022,14.624775671668836,28.856939915910317,3.337197133132486,17.66751423423081,32.684901333327,117.09635823020753,39.850059883876156,129.23820094506917,1299.495700313015,267.60708517571527,99.44351181850944,59.72098652136644,90.38627986185124,17.18570757937328,55.26417559302439,102.22860320321361,603.8356866966202,205.7279363627888,1437.209343407647,5322.656704741968,1498.2526595442794,155788.47353190416
t96,28365.0,3720.0,18083.8,23095.0,57241.5,4793.163357896498,-0.0,-0.0,-0.0,-0.0,4737.711703423996,-0.0,-0.0,-0.0,-0.0,-0.0,621.5628111460574,1755.9771854531232,0.0,30.535920000000125,708.31904,145.04372,358.5610748404761,666.527368949928,13.865170633169347,10.540359307868533,20.79775594975401,2.405182660855907,12.733319969237154,9.621997153425255,34.471599411520515,28.720710597279357,219.15812135832823,957.8418612543026,196.06045199022122,66.490300588971,50.31396906984216,99.62388997642803,11.490773423932914,60.91225523754727,76.76123528110529,279.3723171609578,137.55459836610947,1190.0495255265737,3593.0081684653396,1015.5658949906042,152410.0616400835
t97,16571.20360244611,2888.6399999999994,11260.667079216986,11233.22017768348,52979.16343422269,-0.0,-0.0,-0.0,-0.0,-0.0,977.005173119792,-0.0,-0.0,-0.0,-0.0,-0.0,568.3086581740005,1438.105566545491,0.0,24.440130000000025,671.40128,136.7691066666667,302.54699193154556,368.98571110871393,7.658656465187073,5.822141904657517,11.48798469778061,1.328542448042655,2.376707592582635,4.396909046277875,15.75228976639491,5.360796014380831,121.86531695942023,615.6110699393682,38.53843717184185,94.78683219785714,71.72627738462009,142.02120998772887,16.380945832851154,19.843067276762973,114.22730835427217,405.76672783682545,139.4477932681362,1754.5541851773805,6160.459817791283,1542.7628428778387,110712.63277110696
t98,16571.20360244611,2888.6399999999994,11260.667079216986,11233.22017768348,52979.16343422269,-0.0,-0.0,-0.0,-0.0,-0.0,977.005173119792,-0.0,-0.0,-0.0,-0.0,-0.0,510.91479845058745,1373.2836,0.0,23.598240000000004,671.40128,151.28629333333336,320.7776,438.5028119662943,-0.0,-0.0,-0.0,-0.0,-0.0,-0.0,-0.0,7.108160700721873,54.194241700862435,-0.0,50.5601360606032,38.22646030162125,28.926398651059046,57.27555209622108,6.606250689709718,22.62769302282876,75.89261515361407,424.2237984870307,144.53383352708178,1274.6864420629981,2861.3302112800484,1134.7422699773333,105580.598154151
t99,16571.20360244611,2888.6399999999994,11260.667079216986,11233.22017768348,52979.16343422269,-0.0,-0.0,-0.0,-0.0,-0.0,-0.0,-0.0,-0.0,-0.0,-0.0,-0.0,510.91479845058757,1373.2836,0.0,26.225190000000005,671.40128,143.01168,320.7776,508.0199128238746,0.7045543076855818,0.5356050604344473,1.0568314615283725,0.12221860439443764,0.6470396703234934,1.1970233900984628,4.288435148310709,1.4594339230629902,24.424345566756443,52.248440793895625,18.18955033471478,40.732144195616186,20.586719798427108,61.029873769606105,4.7016233685986535,24.92316853645499,80.13882443706187,287.15089667101654,97.83284210979929,854.7658722764212,347.90510934562326,767.923023761492,101179.09193137503
t100,16571.20360244611,2888.6399999999994,11260.667079216986,11233.22017768348,52979.16343422269,-0.0,-0.0,-0.0,-0.0,-0.0,-0.0,-0.0,-0.0,-0.0,-0.0,-0.0,510.91479845058757,1373.2836,0.0,23.59824,671.40128,120.21988000000002,344.5156,452.38961368145493,1.4141315168532893,1.0750285510772453,2.1211972752799335,0.24530852843373385,1.2986922093550617,2.402580587306864,8.607443365336604,2.9292724277675273,11.266904060096941,-0.0,19.552532303397623,28.98996339549301,21.937036059341192,43.43630421505914,5.0100104525768145,26.557919486475146,49.12728696216101,176.0313381347134,59.97420279638069,339.9771711889272,454.9024242968263,462.6399081481521,100148.71396166233
t101,16571.20360244611,2888.6399999999994,11260.667079216986,11910.750756812471,52979.16343422269,-0.0,-0.0,-0.0,-0.0,-0.0,-0.0,-0.0,-0.0,-0.0,-0.0,-0.0,510.91479845058757,1373.2836,0.0,23.59824,671.40128,120.21988000000002,320.7776,396.75931453903524,1.0603953510570068,0.8061168740178264,1.5905930265855097,0.18394613232621543,0.9738324652564349,1.8015900607244044,6.454345172505148,2.196533227189514,16.84246172726526,28.70483264022774,14.472029026352489,15.144377516220443,11.459923254723872,22.691156244941023,2.617233027132059,13.873876046738872,25.66412968352796,91.95889636107681,31.33056623741581,272.2400319544141,482.93322708016,237.13120216451026,100309.51088096226
t102,17021.564468789427,2888.6399999999994,11260.667079216986,13201.090756812471,52979.16343422269,-0.0,-0.0,-0.0,-0.0,-0.0,-0.0,-0.0,-0.0,-0.0,718.6163590232168,-0.0,510.91479845058757,1459.0485403857542,0.0,26.32436,738.5980800000001,126.09632000000005,320.7776,466.27641539661556,1.9918592929644827,1.5142195645495298,2.987788939446723,0.3455266120448592,1.8292585343551369,3.384128288557003,12.123919063809323,4.125994249712142,31.769069134331716,144.4516860849763,26.561261016633196,8.677624913440795,6.566457778459398,13.001877596816485,1.499656654504031,7.949636246205831,14.705371078146324,52.691819734466804,17.952200534014274,156.28887419535909,538.6973443455224,130.95502703715675,102897.84881319324
t103,18606.344468789426,3096.4799999999996,12271.029279216986,14491.430756812471,54966.631654848585,1200.2751937677754,-0.0,-0.0,-0.0,-0.0,1612.6848657194148,-0.0,-0.0,-0.0,2781.9759372503354,-0.0,537.193114872048,1746.9101807715085,0.0,34.304379999999995,872.9916800000002,154.76456000000007,368.2536,535.7935162541959,6.211002480234395,4.721629436504718,9.31650372035159,1.1382750058786,5.703981869603015,10.55236645876558,37.80472428020221,12.865647994771246,-0.0,438.2502888410936,80.08862977977141,7.678518329127501,5.810422426906886,11.504894073675935,1.3269922615774037,7.034347328361772,13.012254215467753,46.62509703542351,15.885256878882904,-0.0,452.25856355915334,112.2555128732788,114557.10809715178
t104,20191.124468789425,3304.3199999999997,13281.391479216985,15781.770756812472,57241.5,2400.5503875355507,-0.0,-0.0,-0.0,-0.0,3225.3697314388296,-0.0,-0.0,-0.0,4845.3355154774545,-0.0,652.0822312935085,2236.868521157263,0.0,47.53829999999999,1074.5820800000004,206.22460000000012,368.2536,605.3106171117762,-0.0,-0.0,-0.0,2.668851159001355,-0.0,-0.0,-0.0,-0.0,-0.0,44.1704939790543,82.06541180049268,-0.0,-0.0,-0.0,1.4710860158379946,-0.0,-0.0,-0.0,-0.0,59.025182969150144,495.2279031632162,-0.0,126146.85121792002
t105,21775.904468789424,3512.16,14291.753679216985,17072.11075681247,57241.5,3600.825581303326,-0.0,-0.0,-0.0,-0.0,4838.054597158244,-0.0,-0.0,-0.0,6908.695093704573,-0.0,740.6930312935085,2641.061921157263,0.0,58.04609999999999,1220.0220558660458,251.8082000000001,368.2536,674.8277179693565,-0.0,-0.0,-0.0,-0.0,-0.0,-0.0,-0.0,-0.0,78.23293998758867,-0.0,-0.0,-0.0,-0.0,-0.0,-0.0,-0.0,-0.0,-0.0,-0.0,-0.0,-0.0,-0.0,135273.9497432588
t106,23360.684468789423,3720.0,15302.115879216984,18362.45075681247,57241.5,4801.100775071101,-0.0,-0.0,-0.0,-0.0,6450.739462877659,-0.0,-0.0,-0.0,8972.054671931692,-0.0,740.6930312935085,2843.1586211572635,0.0,63.3,1298.2652317320913,274.6,368.2536,744.3448188269368,-0.0,-0.0,-0.0,-0.0,-0.0,-0.0,-0.0,-0.0,-0.0,-0.0,-0.0,-0.0,-0.0,-0.0,-0.0,-0.0,-0.0,-0.0,-0.0,-0.0,662.3874588232715,-0.0,145205.64877653238
t107,24945.46446878942,3720.0,16312.478079216984,19652.790756812472,57241.5,6001.375968838876,-0.0,-0.0,-0.0,-0.0,7170.870263276707,-0.0,-0.0,-0.0,11035.41425015881,-0.0,718.5403312935085,2843.158621157264,0.0,63.3,1309.3116075981366,274.6,368.2536,813.8619196845171,-0.0,-0.0,-0.0,-0.0,11.911782943816865,-0.0,-0.0,-0.0,-0.0,1018.5716839305012,177.8568063934963,-0.0,-0.0,-0.0,-0.0,14.487740478103504,-0.0,-0.0,-0.0,-0.0,1312.1128238078622,-0.0,155005.8607043805
t108,26530.24446878942,3720.0,17322.840279216984,20943.130756812472,57241.5,6001.375968838876,-0.0,-0.0,-0.0,-0.0,7583.425054847781,-0.0,-0.0,-0.0,12184.765306112975,-0.0,607.7768312935085,2843.1586211572635,0.0,63.3,1309.3116075981366,263.20410000000004,368.2536,883.3790205420975,-0.0,-0.0,-0.0,-0.0,10.650981339273244,-0.0,-0.0,-0.0,-0.0,419.5986660932268,231.7664254667064,-0.0,-0.0,-0.0,-0.0,33.05095809950822,-0.0,-0.0,-0.0,-0.0,2569.9321569715485,-0.0,161130.66480317977
t109,27882.4289779832,3720.0,18083.8,22233.470756812472,57241.5,6001.375968838876,-0.0,-0.0,-0.0,-0.0,7583.425054847781,-0.0,-0.0,-0.0,12184.765306112975,-0.0,585.6241312935085,2843.1586211572635,0.0,63.3,1309.3116075981366,274.6,368.2536,948.8161901118374,-0.0,-0.0,-0.0,-0.0,-0.0,-0.0,-0.0,-0.0,-0.0,1082.7918342309933,168.4152650927415,-0.0,-0.0,-0.0,-0.0,6.427383702646676,-0.0,-0.0,-0.0,-0.0,681.2295870973767,395.65792336034013,163658.35220824013
t110,28363.940191664842,3720.0,18083.8,23095.0,57241.5,6001.375968838876,-0.0,-0.0,-0.0,-0.0,8234.036207562283,-0.0,-0.0,-0.0,12184.765306112975,-0.0,652.0822312935086,2843.1586211572635,0.0,63.3,1309.3116075981366,263.2041,368.2536,1018.3332909694177,-0.0,-0.0,-0.0,-0.0,-0.0,-0.0,-0.0,-0.0,-0.0,-0.0,160.54502379142616,-0.0,-0.0,-0.0,-0.0,30.323603817878432,-0.0,-0.0,-0.0,-0.0,-0.0,237.29076294743425,163870.22051575404
t111,28363.940191664842,3720.0,18083.8,23095.0,57241.5,6212.3881563673285,-0.0,-0.0,-0.0,-0.0,8499.75924886651,-0.0,-0.0,-0.0,12184.765306112975,-0.0,740.6930312935085,2843.158621157264,0.0,63.3,1309.3116075981366,263.20410000000015,368.2536,962.702991826998,-0.0,-0.0,-0.0,-0.0,-0.0,-0.0,-0.0,-0.0,-0.0,569.3586982809593,-0.0,-0.0,-0.0,-0.0,-0.0,-0.0,-0.0,-0.0,-0.0,-0.0,-0.0,-0.0,164521.13555316854
t112,28365.0,3720.0,18083.8,22830.93053939982,57241.5,6212.3881563673285,-0.0,-0.0,-0.0,-0.0,8499.75924886651,-0.0,-0.0,-0.0,12184.765306112975,-0.0,740.6930312935085,2814.775864352783,0.0,60.673049999999996,1309.3116075981368,274.6,320.7776,781.9252926845783,6.312627360435857,4.798885085229301,9.468941040653787,1.0950476033409138,-0.0,10.914010789194432,39.10034495948636,-0.0,110.2145796858017,547.0353350215,-0.0,-0.0,21.04994400882281,-0.0,4.807415150573724,-0.0,19.12870732288168,168.9129653390903,-0.0,534.2717321292894,823.9248149536725,-0.0,165741.93504712565
t113,28365.0,3720.0,18083.8,21110.376266882497,57241.5,6212.3881563673285,-0.0,-0.0,-0.0,-0.0,8499.75924886651,-0.0,-0.0,-0.0,11761.761284015605,-0.0,740.6930312935085,2754.1644686596583,0.0,63.3,1275.7132075981367,263.2041,320.7776,726.2949935421586,12.272303833393542,9.329455465181827,18.40845575009031,2.128869032323369,5.473172271083587,21.03937949069907,36.27496955223733,-0.0,213.05457871512056,1062.5271682118223,-0.0,30.854448392511234,44.3978571380553,46.22990338005458,10.139643647937243,28.265987956897874,71.41560812227152,191.95699659918776,-0.0,-0.0,2901.389525694427,-0.0,165843.8906804787
t114,28365.0,3720.0,18083.8,19389.821994365175,57241.5,5993.655827049057,-0.0,-0.0,-0.0,-0.0,8499.75924886651,-0.0,-0.0,-0.0,11099.15944531181,-0.0,652.0822312935086,2843.1586211572635,0.0,63.3,1309.3116075981366,274.6,343.1515092981565,795.812094399739,-0.0,-0.0,-0.0,-0.0,-0.0,12.449606242244649,80.8767120357144,15.178799202256235,8.413151950843655,620.6620149758919,-0.0,-0.0,-0.0,-0.0,-0.0,-0.0,118.84374667845289,-0.0,57.899895880962006,539.0308726010536,4826.401349333412,452.17252761667874,165406.04125585686
t115,26251.836027713627,3706.152792590413,18083.8,17669.267721847853,57241.5,4575.561316453859,-0.0,-0.0,-0.0,-0.0,8499.75924886651,-0.0,-0.0,-0.0,8661.352760260866,-0.0,652.0822312935086,2730.056073654868,0.0,58.046099999999996,1275.7132075981363,263.2041,355.70255464907825,865.1305005689354,8.49723532763169,6.459632978658784,12.745852991447531,1.474010209895293,7.803583464151551,26.886235650925016,-0.0,17.601416035808498,99.13523944238736,1341.923996500392,127.38199729430676,27.38141063434606,20.71982583236589,48.412189477980725,5.58393674830013,-0.0,101.0,196.19676788444818,71.46913005423971,1162.1149448918204,6998.4,526.7259823842683,161697.078023301
t116,24937.68245696104,3429.0165339299047,16736.571362586605,15948.713449330531,57241.5,3157.4668058586612,-0.0,-0.0,-0.0,-0.0,6693.04321324059,-0.0,-0.0,-0.0,6238.329192252025,-0.0,631.1388380136317,2494.691069607812,0.0,52.544064000000006,1174.918007598136,229.01639999999998,320.7776,809.3015067381318,8.531086768038643,6.485366981825297,12.796630152057968,1.479882398537316,7.8346715216681435,14.494142315086066,51.92646180750052,27.85148270192438,246.33958917172842,658.1817014170077,255.84733409159566,59.6,-0.0,96.68601549061322,11.151914440686634,29.51568757323331,155.5986162068968,192.10708736023994,138.12268825533255,1780.58675393491,5684.309231512895,1054.353979372641,150588.5108235915
t117,22824.518484674667,3151.8802752693964,15389.34272517321,14228.15917681321,52979.16343422269,2446.0886978504213,-0.0,-0.0,-0.0,-0.0,4787.697199866991,-0.0,-0.0,-0.0,3800.5225072010817,-0.0,698.8062447337547,2057.2293655607555,0.0,41.788128000000015,1055.7183999999997,203.78371111111107,333.32864535092176,809.3015067381318,14.685543394695841,11.164010029641227,22.028315092043762,2.547492221528871,13.48672352574108,24.950438522621,-0.0,-0.0,29.05366659393772,-0.0,92.09007795443125,27.96257969972285,21.15960309492451,90.17077848218366,15.984373684095114,55.13241327130156,101.98486704031976,361.9,195.971447936135,2314.720623197603,7580.833703013455,1509.344887209537,137292.50004653024
t118,20930.30448908908,3151.8802752693964,14042.114087759815,12507.604904295888,52979.16343422269,1418.0945105951976,0.0,-0.0,-0.0,-0.0,2882.3511864933907,-0.0,-0.0,-0.0,1870.8649220519335,-0.0,677.8628514538779,1821.8643615136991,0.0,36.286092000000025,917.5196799999998,201.34282222222217,350.7911226754609,684.1541067381318,-0.0,12.019043015748426,23.71542715859086,-0.0,9.23367812449458,-0.0,58.77246417277497,-0.0,-0.0,-0.0,235.44828412274921,53.04230324067673,40.137716042861086,127.74828372055919,13.115012893797859,78.10813315949085,144.4857408261644,514.1877843871008,247.85617801330972,2779.9053552082005,5702.042013612701,1914.0878899798,126426.10415405982
t119,18817.14051680271,3135.041425435269,12694.88545034642,11233.22017768348,52979.16343422269,1418.0945105951976,-0.0,-0.0,-0.0,-0.0,977.005173119792,-0.0,-0.0,0.0,802.4383930140907,-0.0,568.3086581740005,1788.5960574666428,0.0,36.03795600000004,779.3209599999998,176.11013333333327,320.7776,433.85930673813164,9.545550486661458,4.375609457139024,8.633752888583048,1.6558607987065797,-0.0,16.217695469685026,-0.0,19.77292600808445,154.25601815491257,739.7996258330243,145.16886122369,73.1266342180939,55.33575844355764,157.84108164477652,12.637656584670593,54.6,178.52126815366665,636.1428075536658,217.9373501321495,2606.4279852072686,6975.632340650488,2245.8922135933844,120473.52074943397
t120,17617.54963716549,2888.6399999999994,12340.951183202173,11233.22017768348,52979.16343422269,-0.0,-0.0,0.0,-0.0,0.0,977.005173119792,-0.0,0.0,-0.0,-0.0,-0.0,510.91479845058757,1723.7740909211525,0.0,30.53592000000008,708.31904,145.04372000000004,255.83912267546086,308.71190673813163,5.070685975485981,8.230365632380916,16.23978185181202,0.8796087916659352,-0.0,-0.0,-0.0,30.27648981444827,235.16580046324864,1151.970962353301,221.05907611631687,87.30971942841576,66.06826084264347,179.0919123374232,15.088760236789975,67.59322906851634,202.55636221813828,360.3645950975497,247.27920258907375,2238.683015323475,7871.542568963538,1949.641775648603,116673.78037693177
t121,21900.042206149697,3720.0,15495.469854615405,20212.5681232801,57241.5,-0.0,-0.0,-0.0,-0.0,-0.0,146.79103042891964,-0.0,-0.0,-0.0,2060.433027754312,-0.0,659.4229164385304,1584.1526772338534,0.0,27.70219000000009,640.2316799999999,140.30687,203.3443323608023,619.3594712502899,3.5604643219574434,2.7066795100594856,5.340696482936167,0.6176315660538426,3.2698141732262256,6.049156220468516,51.00131271689805,17.35669150298458,55.8937838850139,-0.0,-0.0,74.42692882329737,56.31970620689114,111.51551583759152,12.862371927516158,42.57464821015783,126.12617132807105,643.9025170264497,173.0897007754582,1355.4503490633658,3435.40877275596,957.1029407050835,131785.90023255133
t122,21900.042206149697,3720.0,15495.469854615405,20212.5681232801,57241.5,-0.0,-0.0,-0.0,-0.0,-0.0,146.79103042891964,-0.0,-0.0,-0.0,2060.433027754312,-0.0,512.0707460579242,1337.4939386169267,0.0,22.181375000000045,639.34112,112.77822,203.3443323608023,659.6446480037355,4.986465009157747,3.7907310528801244,7.479697513736621,0.864999032200834,1.309592467837013,8.47190228596699,30.351289571046912,10.329106090398195,78.21048713901857,111.1276562404633,21.27861418559108,77.88625977853313,58.937421409594705,116.69870802387597,13.46020932414247,45.74376683693421,131.98846036295043,472.9368693599185,161.1304669579385,1417.0777302235629,3657.655877612966,1011.037823247891,131706.41275599442
t123,21900.042206149697,3720.0,15495.469854615405,20212.5681232801,57241.5,-0.0,-0.0,-0.0,-0.0,-0.0,-0.0,-0.0,-0.0,-0.0,2060.433027754312,-0.0,453.3293756773181,1292.9319,0.0,21.91446,639.34112,89.98642000000001,203.3443323608023,699.9298247571811,1.9516369675350642,1.483642388585329,2.9274554513025937,0.3385492698785314,1.7923196640628132,3.315791378516204,11.879096440149645,4.042676575608345,30.570797895240375,153.01521283897998,28.969756123312866,52.841120060463346,39.985478435015054,79.17302049327812,9.131938533939135,48.40814018961911,89.54619339105366,320.8590830517062,109.31728361501897,948.0797564792244,3270.14196788096,870.8218958686027,130109.38345758687
t124,21900.042206149697,3720.0,15495.469854615405,20212.5681232801,57241.5,-0.0,-0.0,-0.0,-0.0,-0.0,-0.0,-0.0,-0.0,-0.0,2060.433027754312,-0.0,483.198805296712,1292.9319,0.0,21.91446,639.34112,89.98642000000001,203.3443323608023,740.2150015106267,0.8587083781913325,0.6527936140332069,1.2880625672869979,0.14895961662502707,0.7886097350736727,1.4589280098862938,5.226730077460507,1.7787530691106177,-0.0,-0.0,-0.0,32.78689728232864,24.81021925223191,49.12533435087158,5.666191979999747,30.036318651260803,55.56168834757037,199.08688131669024,67.8292690421329,294.58550147075175,1480.682469375384,313.1785657419384,126666.49613284649
t125,21900.042206149697,3720.0,15495.469854615405,20212.5681232801,57241.5,854.3375916407414,-0.0,-0.0,-0.0,-0.0,-0.0,-0.0,-0.0,-0.0,3008.9095248177264,-0.0,537.1333470039349,1292.9319,0.0,21.91446,639.3411199999999,89.98642000000001,203.3443323608023,780.5001782640724,0.18815898546054477,0.14303922874296526,0.28223847819081715,0.09041763690194887,0.17279906828009217,0.3196782763181707,1.1452738247675,0.3897578984539858,2.946561157775287,-0.0,2.6446885982898958,8.86001757665543,6.704476387704023,13.275160563680032,1.5311775342206522,8.116727511499771,23.212588547483904,105.5379057838887,35.95695988713311,158.10830870106304,-0.0,135.69903769632322,126503.3040314753
t126,22130.643297081104,3720.0,15495.469854615405,20212.5681232801,57241.5,2054.6127854085166,-0.0,-0.0,-0.0,-0.0,-0.0,-0.0,-0.0,-0.0,4166.482702841757,-0.0,591.0678887111578,1292.9319,0.0,21.91446,639.3411199999999,89.98642000000001,203.3443323608023,820.785355017518,1.3791740705171425,1.0484537576890522,2.068761105775714,0.2970222945138077,1.26658843210758,2.343188599399023,8.394666663913014,2.8568605746426523,21.59490983739395,-0.0,18.902859592036794,10.082726716897282,7.629714344497774,15.10717274863972,1.7424846507389589,9.236860381587107,17.08649997326553,61.22380534975045,20.859063828748994,179.8785347121469,65.15057902358117,153.1494118353277,129281.94757780952
t127,23715.423297081103,3720.0,15495.469854615405,21502.9081232801,57241.5,3254.887979176292,-0.0,-0.0,-0.0,-0.0,723.4465715065504,-0.0,-0.0,-0.0,6229.842281068875,-0.0,645.0024304183808,1495.0286,0.0,25.309450000000005,706.53792,112.77822,203.3443323608023,861.0705317709636,3.2997538127361743,3.413900845771036,6.736153346689156,0.8694285681517154,4.124175518381117,7.629724709005067,-0.0,6.835204326382074,35.8446388125806,229.72011456833002,59.95561117589907,9.079444135294075,-0.0,-0.0,-0.0,-0.0,15.38630633665607,-0.0,12.766681739476724,128.71429343768136,-0.0,-0.0,136456.9250226115
t128,25300.2032970811,3720.0,16505.832054615406,22634.565652039604,57241.5,4455.163172944067,-0.0,-0.0,-0.0,-0.0,2336.1314372259653,-0.0,-0.0,-0.0,8293.201859295994,-0.0,698.9369721256037,1899.2220000000002,0.0,23.45054000000001,739.6369418995342,148.66844,203.3443323608023,901.3557085244092,12.675497742947814,7.12747880408946,14.063615895317454,1.626404559322427,8.610377078765788,15.929197595716712,57.067665860931044,21.552037954016395,184.51819188611424,873.2431505587736,-0.0,10.13657074340754,3.000731674071953,5.941581784803222,0.6853112248989159,3.6328148426680404,17.177745722888616,-0.0,20.970455917150154,181.73271613556255,-0.0,-0.0,146540.90395409396
t129,26884.9832970811,3720.0,16505.832054615406,23095.0,57241.5,5655.438366711842,-0.0,-0.0,0.0,-0.0,3948.81630294538,-0.0,-0.0,-0.0,10356.561437523113,-0.0,752.8715138328266,2399.2754314424546,0.0,26.845530000000018,839.9327637990685,161.76686,203.3443323608023,941.6408852778549,9.19556788426795,14.117987042640095,27.85696772171938,3.221554090266867,17.05528636023635,27.89795142257813,99.94671485626338,-0.0,-0.0,596.9710514668734,-0.0,13.819297808517335,8.59870049518966,17.025808297570656,1.9637830399213638,10.409956697058881,23.418608702353197,44.92028639384698,-0.0,-0.0,423.28488809047167,-0.0,154073.51318595963
t130,28365.0,3720.0,17516.194254615406,23095.0,57241.5,6212.3881563673285,-0.0,0.0,-0.0,-0.0,5561.501168664795,-0.0,-0.0,-0.0,12143.747508501614,-0.0,806.8060555400496,2713.5437039844705,0.0,35.49442000000003,1007.4253856986029,197.65708,203.3443323608023,981.9260620313005,9.595060041468317,9.305090272126922,18.360379463122918,1.9448632798797219,11.241048650891578,15.39389142672756,55.149887303561485,-0.0,-0.0,596.9710514668734,169.49811276653006,25.93400857355281,18.2175242427863,36.071505873188826,4.1605432306141665,22.054918484614902,44.959655232447666,-0.0,-0.0,-0.0,1165.398894441239,175.03970727667058,162180.82426979064
t131,28365.0,3720.0,18083.8,23095.0,57241.5,6212.3881563673285,-0.0,-0.0,-0.0,-0.0,7174.18603438421,-0.0,-0.0,-0.0,12184.765306112975,-0.0,860.7405972472725,2825.7152765264864,0.0,49.39721000000004,1107.7212075981372,215.91797999999994,203.3443323608023,1022.2112387847461,0.5343912137247706,17.31713284695453,34.16937622150759,1.8282513257995885,20.92002625806587,-0.0,-0.0,-0.0,-0.0,-0.0,-0.0,43.45384035738261,31.47498084430852,62.32185785802106,7.188299394598177,38.104965722821404,56.248881053754694,-0.0,-0.0,-0.0,-0.0,-0.0,162675.2493424789
t132,28365.0,3720.0,18083.8,23095.0,57241.5,6212.3881563673285,-0.0,-0.0,-0.0,-0.0,8376.64618620838,-0.0,-0.0,-0.0,12184.765306112975,-0.0,860.7405972472723,3027.8119765264864,0.0,58.046100000000045,1242.114807598137,251.80819999999994,203.3443323608023,1062.4964155381917,-0.0,14.624593618379954,28.85658069666917,3.337155590771265,17.667294304083164,14.778385889281417,-0.0,18.018092105250016,144.9997820132157,-0.0,128.38298790658885,52.5739932596814,48.83352492245965,96.6925449129855,11.152667554353314,59.11996587064961,50.16312719366322,-0.0,47.45695088328237,432.39710818180515,-0.0,26.578232559185324,165181.0950654219
t133,28365.0,3720.0,18083.8,23095.0,57241.5,5761.031153390581,-0.0,-0.0,-0.0,-0.0,8499.75924886651,-0.0,-0.0,-0.0,12184.765306112975,-0.0,772.1297972472719,3027.8119765264864,0.0,63.3,1309.3116075981366,274.6,203.3443323608023,1102.7815922916375,7.65511063208842,10.84076247180758,10.939246644801798,1.2650829453172152,6.697497945797018,-0.0,27.430480434462865,33.875106986004596,128.21598827428332,529.1884517018607,116.32780555815512,81.55666446356224,67.76431122313646,50.81792307584722,5.176700982115328,67.55186014882999,99.27805658279014,39.30736351064161,107.41606765238484,-0.0,1748.5160517323718,486.88699197406714,167330.8425393347
t134,27011.98115115376,3720.0,18083.8,23095.0,57241.5,5761.031153390581,-0.0,-0.0,-0.0,-0.0,8499.75924886651,-0.0,-0.0,-0.0,12184.765306112975,-0.0,594.9081972472715,2917.9293553405587,0.0,63.3,1309.3116075981366,274.6,203.3443323608023,1143.0667690450832,13.246443452085199,-0.0,-0.0,-0.0,-0.0,-0.0,61.46343989495345,27.439061436462186,223.96846702453692,453.44531092383215,205.0407493405417,111.20216169326385,34.82362791548154,-0.0,-0.0,40.11031902033515,149.5162314183583,142.30076814562324,168.74643356550914,-0.0,1560.6922917896054,978.4,166274.69242673623
t135,27011.98115115376,3720.0,18083.8,23095.0,57241.5,5761.031153390581,-0.0,-0.0,-0.0,-0.0,8499.75924886651,-0.0,-0.0,-0.0,12184.765306112975,-0.0,506.29739724727114,2988.0542701834474,0.0,60.67305,1292.95162684013,263.20410000000004,203.3443323608023,1183.351945798529,-0.0,-0.0,6.7695530744947865,-0.0,-0.0,-0.0,61.5026085008725,9.348430436207085,174.05417076085146,822.4026734238751,161.0285321911093,119.2,45.1,42.42735009101908,4.893636124720005,13.223106820349479,149.5162314183583,325.9868103585387,231.32860821279425,594.5065836534714,3499.2,1484.878101831136,169841.0799788518
t136,25172.38513094675,3720.0,18083.8,23095.0,57241.5,5761.031153390581,-0.0,-0.0,-0.0,-0.0,8499.75924886651,-0.0,-0.0,-0.0,12184.765306112975,-0.0,506.29739724727074,3027.8119765264864,0.0,63.3,1309.3116075981366,274.6,203.3443323608023,1223.6371225519747,-0.0,-0.0,-0.0,-0.0,-0.0,-0.0,-0.0,19.690884269827357,164.65179929367878,-0.0,152.5644386757656,59.6,-0.0,-0.0,-0.0,-0.0,101.53009077790001,515.9443915686193,246.6,581.3105218026924,5523.00508347299,844.7740998262244,168576.21458528918
t137,25172.38513094675,3720.0,18083.8,23095.0,57241.5,5761.031153390581,-0.0,-0.0,-0.0,-0.0,8499.75924886651,-0.0,-0.0,-0.0,12184.765306112975,-0.0,560.2319389544937,3027.8119765264873,0.0,60.879829999999984,1309.3116075981366,263.20410000000004,203.3443323608023,1263.9222993054204,-0.0,3.6111377548146257,7.125332214197986,0.8240180111657536,4.3624482944069305,-0.0,-0.0,-0.0,82.07270501884929,-0.0,157.45110212478255,-0.0,-0.0,-0.0,4.937433769102013,26.173192601259213,58.538978458390375,361.9,123.3,1246.1919066390233,4250.106156506725,1426.0199657194264,168199.56130117428
t138,25172.38513094675,3720.0,18083.8,23095.0,57241.5,4342.936642795383,-0.0,-0.0,-0.0,-0.0,8499.75924886651,-0.0,-0.0,-0.0,10910.928481564773,-0.0,614.1664806617166,3027.8119765264864,0.0,63.3,1309.3116075981366,274.6,203.3443323608023,1291.017961980572,-0.0,-0.0,-0.0,-0.0,-0.0,-0.0,32.82734684142329,-0.0,174.53167122814403,433.9602392934073,165.49485957474053,-0.0,-0.0,-0.0,-0.0,-0.0,-0.0,550.3187105788331,-0.0,1843.900815431285,6302.967219715939,1956.8,169310.66272596488
t139,23059.221158660377,3720.0,18083.8,23095.0,57241.5,4235.990726270668,-0.0,-0.0,-0.0,-0.0,8499.75924886651,-0.0,-0.0,-0.0,8473.121796513831,-0.0,668.1010223689395,2908.1667868611567,0.0,60.466270000000016,1242.1148075981364,264.40318666666667,203.3443323608023,1192.9662246557234,-0.0,-0.0,-0.0,-0.0,-0.0,-0.0,-0.0,-0.0,210.83198606476222,976.906654299648,201.31673584467967,-0.0,-0.0,-0.0,-0.0,-0.0,-0.0,410.82254946150226,1.7313286877652558,2169.514863834838,6998.4,2131.2271708205435,166048.70684983654
t140,22649.23906227599,3720.0,16912.3025282462,21933.12239579742,57241.5,2817.8962156754706,-0.0,-0.0,-0.0,-0.0,6594.413235492911,-0.0,-0.0,-0.0,6035.315111462888,-0.0,722.0355640761625,2586.424897195827,0.0,52.37864000000003,1107.7212075981363,231.41457333333332,203.3443323608023,969.7670873308748,6.011339901005359,4.569845128825502,9.017009851508037,1.042783452215215,5.520618276433492,-0.0,36.58943113213976,12.452061223511096,69.72481347931756,1031.1983094414497,210.04320086354556,36.38818905328707,27.535357823879984,54.52122957145194,6.2885628733029675,-0.0,61.66454856345628,631.7770061458075,77.01092114196486,1686.44975669126,6998.4,1152.8271708205434,155895.90700628093
t141,21947.971051347966,3720.0,16015.557101271117,20212.5681232801,57241.5,2036.4736797789583,-0.0,-0.0,-0.0,-0.0,4689.067222119311,-0.0,-0.0,-0.0,3597.508426411945,-0.0,775.9701057833854,2062.586307530497,0.0,39.03711000000005,937.4623275981362,175.63415999999998,202.00906214617396,739.4293638975798,-0.0,-0.0,6.794900313446371,-0.0,4.160143049048799,7.696264640740274,34.29030467315531,24.12168712233847,166.004202850461,447.74470546824614,186.28212547701543,8.40323319151608,6.358822431835161,89.3,-0.0,28.962775334686317,115.24037839501887,823.7482221462283,142.4158698373279,1150.0,5544.318811979343,1676.2227603690794,144854.83924844465
t142,21900.042206149697,3720.0,15495.469854615405,20212.5681232801,57241.5,618.3791691837607,-0.0,-0.0,-0.0,-0.0,2783.721208745711,-0.0,-0.0,-0.0,2060.433027754312,-0.0,806.8060555400493,1740.844417865167,0.0,30.949480000000065,793.8844317320908,142.64554666666663,202.00906214617396,634.2390404642849,6.062806593719868,-0.0,15.889110204026172,1.051711347890181,9.728026655526229,17.99684931272352,71.1929999094196,-0.0,134.03185329941067,752.3568151307284,96.59510593485135,36.356736496033115,27.51155731495124,131.18335310559348,4.830890671753783,-0.0,162.61124808891518,993.4860215741597,76.94585234482707,1670.9761158334968,3805.2851123750143,1163.076182647922,137560.65997298437
t143,21900.042206149697,3720.0,15495.469854615405,20212.5681232801,57241.5,-0.0,-0.0,-0.0,-0.0,-0.0,1102.5931200393609,-0.0,-0.0,-0.0,2060.433027754312,-0.0,860.7405972472723,1621.1992281998373,0.0,28.115750000000084,717.5033358660454,132.44873333333328,202.00906214617396,654.1961170309913,9.007259863982554,6.847355712925511,-0.0,-0.0,-0.0,-0.0,91.7274963471377,18.657895432535284,99.68672797808404,-0.0,96.59510593485135,58.50268362919098,44.26964818249185,75.06511617591224,8.658126501812946,20.288065662255367,99.14045380114578,939.54077185925,122.76120941728286,922.1069197495024,5188.543408457433,1536.1188787241288,135286.33627909247
t144,21900.042206149697,3720.0,15495.469854615405,20212.5681232801,57241.5,-0.0,-0.0,-0.0,-0.0,0.0,146.79103042891964,-0.0,-0.0,-0.0,2060.433027754312,-0.0,849.5114575639973,1703.6507385345067,0.0,30.53592000000006,708.3190399999999,145.04372,202.00906214617396,694.481293784437,13.825887991741805,10.510496483518,-0.0,0.8358844711419106,-0.0,-0.0,84.15451211299987,28.639339411465155,75.59828386105943,381.46279501279116,76.72623517076997,74.30952420401444,56.23086479196396,98.74885549355878,11.389845594441832,34.76882900764733,125.92721383566204,813.1184028428327,155.4622738950636,1203.0844002472702,6168.808248369762,820.4810151428494,135344.43838219807
t145,22320.995733468073,3391.0468759135647,12694.88545034642,21454.332366247134,57241.5,-0.0,-0.0,-0.0,-0.0,-0.0,1673.5607447109244,-0.0,-0.0,-0.0,-0.0,-0.0,612.2863095915651,1803.8713160000002,0.0,29.34588000000014,703.4344533333333,152.48538000000005,202.71679999999998,490.3050037832768,7.886879908724498,5.995638297958926,11.830319863086741,1.3681322290644535,7.243052977400047,13.399648008190084,48.00534556687919,16.33710838235788,125.20194764294021,-0.0,118.27301010118656,52.74092632643868,39.90966069332861,79.02289800253313,9.114623173864405,35.368285591729546,89.37640199614611,320.25069190500284,109.1100036249981,966.785564588751,1609.4762377793322,819.371088099556,127256.83377815377
t146,22320.995733468073,3391.0468759135647,12694.88545034642,21454.332366247134,57241.5,-0.0,-0.0,-0.0,-0.0,-0.0,1673.5607447109244,-0.0,-0.0,-0.0,-0.0,-0.0,613.8889289989479,1683.1489740000002,0.0,22.901940000000202,631.3530666666667,137.16270000000006,234.0624,527.9618634693411,3.2995904501431257,2.508362127914927,4.949385675214687,0.5723779352289096,3.0302361276824614,5.605936836212553,20.083731668473213,6.834865932439328,53.4680759167241,74.94775388053695,49.31162213393104,36.870095517316706,27.900021943472886,55.24328069960373,6.371845366247689,33.77696669874989,62.48120213505015,223.88066388786788,76.2765566658582,669.4302824203412,1738.5761546163237,576.157078895666,126358.37713135208
t147,22320.995733468073,3391.0468759135647,12694.88545034642,21454.332366247134,57241.5,167.786522518903,-0.0,-0.0,-0.0,-0.0,1673.5607447109244,-0.0,-0.0,-0.0,552.6030713489009,-0.0,615.3242893057403,1360.329932,0.0,21.26247,626.3875200000001,103.12603000000003,265.5224,565.62936945709,1.2574687941894571,0.9559329098685159,1.886203191284186,0.2181323418491916,1.1548182803780724,2.1364138186994346,7.653878936061339,2.6047567879638747,-0.0,97.20519453951553,3.7723813039965606,23.40469022953195,17.710596130065284,35.067765729818845,4.044770291345289,21.441209505577937,39.662310623871264,142.11673479979225,48.41943465270616,195.58881027723316,1357.8354405311138,366.77336233130586,125425.2030813229
t148,22320.995733468073,3391.0468759135647,12694.88545034642,21454.332366247134,57241.5,810.4436286449422,-0.0,-0.0,-0.0,-0.0,1673.5607447109244,-0.0,-0.0,-0.0,2615.9626495760194,-0.0,616.6136093785759,1239.3641,0.0,24.409113,626.3875200000001,91.88116000000001,297.0396,603.2169910727101,0.570757635136864,-0.0,-0.0,0.09900897752374169,0.524165175125691,0.9697055739825291,-0.0,1.1822836727835033,4.805421022948585,-0.0,7.94154110539025,4.61089984280531,3.4891205186328733,20.546701424685594,0.7968501406190391,4.224079386194127,7.813773223545901,27.99806464951746,9.538992460031789,171.2784908562453,464.8411342248037,68.67132172114776,126501.5418539695
t149,22390.681681683174,3391.0468759135647,12694.88545034642,21454.332366247134,57241.5,2010.7188224127176,-0.0,-0.0,-0.0,-0.0,1673.5607447109244,-0.0,-0.0,-0.0,4679.322227803138,-0.0,617.7568892174546,1239.3641,0.0,22.301856,626.30656,99.6798,328.6712,640.8435776577024,1.3693844619403661,1.0410116572914005,2.0540766929105487,0.33655526173788686,1.2575979752513566,2.3265562542150096,8.335079913749269,2.836582099733615,21.89474769787306,-0.0,18.401658063604057,5.306743904094756,4.0156736589710285,7.951211923417148,0.9171050706740944,4.8615472678451965,8.992972052241104,32.22333253174314,10.97854904991415,96.04718754204586,178.4911867128883,78.52296963806306,129599.13388142246
t150,22693.409434489517,3391.0468759135647,12694.88545034642,21454.332366247134,57241.5,2983.693913019349,-0.0,-0.0,-0.0,-0.0,1673.5607447109244,-0.0,-0.0,-0.0,5925.304407366939,-0.0,618.7541288223765,1239.1206100000002,0.0,21.25614,626.30656,91.88116000000001,360.36,678.471640375926,3.4574603894504357,2.6283755001434432,5.186190584175653,0.6987725144692255,3.175218725005502,5.874154641260179,21.044644105175355,7.161882235290188,55.734493291213596,154.71992142438162,45.52517786387516,8.071541502012451,6.107827545985929,12.093769398149533,1.3949140515222866,7.394398758555031,13.678283417839882,49.01159177144807,16.698340053659983,146.94209268165045,328.8785008653175,116.35911751363673,132705.72010012637
t151,24278.189434489515,3458.135034981172,13705.24765034642,22615.74916856224,57241.5,4183.9691067871245,-0.0,-0.0,-0.0,-0.0,3286.245610430339,-0.0,-0.0,-0.0,7988.6639855940575,-0.0,619.6123088587942,1440.7303300000003,0.0,25.464323999999998,693.50336,106.90178000000002,392.16319999999996,716.0983176730164,-0.0,-0.0,-0.0,2.1992134556570493,11.642894765243199,2.611709431344554,9.356664719501651,-0.0,168.56921875038887,878.566363600689,-0.0,10.706616542717342,7.575265753563727,14.999362124018642,1.7300496066897204,9.170942575267839,22.161071007283194,79.40684750035435,-0.0,239.91843103064144,727.7960009968278,-0.0,142938.5842635829
t152,25862.969434489514,3512.16,14715.60985034642,23095.0,57241.5,5384.244300554899,-0.0,-0.0,-0.0,-0.0,4898.930476149754,-0.0,-0.0,-0.0,10052.023563821176,-0.0,620.363728895212,1844.4367500000005,0.0,34.926407999999995,827.816,144.7142,424.02359999999993,753.6944249930776,10.225887566303363,7.773761466220413,15.338831349455042,3.4,18.0,19.985283714910977,71.5989293450114,-0.0,-0.0,-0.0,-0.0,24.5359900474731,18.040110469410784,35.72021873433222,4.1200252291559005,21.840133739020597,35.71493602709499,157.04947578177047,-0.0,-0.0,1336.6415805439954,-0.0,151192.39790126422
t153,27447.749434489513,3512.16,15725.97205034642,23095.0,57241.5,6212.3881563673285,-0.0,-0.0,-0.0,-0.0,6511.615341869169,-0.0,-0.0,-0.0,12115.383142048295,-0.0,620.9691086976729,2447.861969637712,0.0,49.642391999999994,1029.32544,182.52662,455.99839999999995,791.2922146102293,18.062777632001406,5.957635815250044,27.094166448002106,1.359460521600681,7.197143937885958,-0.0,-0.0,16.23355799323166,122.41741813480463,523.3099977791228,102.57292440296526,40.15318379613699,29.857819161772223,59.11980601211218,6.81896978639144,36.14716022689055,62.18031469513281,-0.0,32.30872465117883,155.06616913502893,2178.188586480506,215.5055468365165,161078.93563351285
t154,28365.0,3720.0,16736.33425034642,23095.0,57241.5,6212.3881563673285,-0.0,-0.0,-0.0,-0.0,7776.648782629391,-0.0,-0.0,-0.0,12184.765306112975,-0.0,621.3679491655867,2848.946999275423,0.0,59.09814599999999,1163.5571200000002,197.54724000000002,488.03039999999993,828.891183484655,13.86421323784657,10.539631492036424,20.79631985676985,2.405016582075425,12.732440728634604,-0.0,-0.0,-0.0,-0.0,-0.0,-0.0,53.889143867319575,40.77853000698177,80.74329777435635,9.313056742171003,49.36824253616862,86.63689552365085,-0.0,-0.0,-0.0,-0.0,-0.0,161920.1423217298
t155,28365.0,3720.0,17547.04714588207,23095.0,57241.5,6212.3881563673285,-0.0,-0.0,-0.0,-0.0,7776.648782629391,-0.0,-0.0,-0.0,12184.765306112975,-0.0,621.6207493995435,3047.935328913133,0.0,63.30000000000001,1270.0732437990687,189.77606000000003,475.16040000000004,866.4595823820516,12.732549794800562,-0.0,-0.0,-0.0,6.157861184068192,-0.0,-0.0,-0.0,104.83856333692299,450.35316255377063,-0.0,67.22749048840842,51.2061113348208,94.60633265823922,10.912040608957039,55.354229954936805,114.67444001811307,-0.0,-0.0,296.06970904941164,11.372826757541361,-0.0,163952.18007322555
t156,28365.0,3720.0,17790.222626619805,23095.0,57241.5,6212.3881563673285,-0.0,-0.0,-0.0,-0.0,8009.454331650538,-0.0,-0.0,-0.0,12184.765306112975,-0.0,621.7667896335003,3044.5834685508444,0.0,63.300000000000004,1309.3116075981366,190.47629000000003,507.36400000000003,904.026595858315,12.187364931920758,-0.0,8.223207463903087,0.9509831760976358,11.192477998702735,-0.0,-0.0,11.355857926342358,191.51359293616596,381.9188293704743,76.20407432797282,80.67872660388329,61.0505129166972,114.09868434918295,13.160318575549653,73.91037705657799,62.36301807075819,-0.0,41.904266257002895,603.5989792955331,896.9390177861599,296.5846262300579,166196.99408766444
t157,28365.0,3720.0,18083.8,23095.0,57241.5,6212.3881563673285,-0.0,-0.0,-0.0,-0.0,8009.454331650538,-0.0,-0.0,-0.0,12184.765306112975,-0.0,621.7667896335003,2990.104771980771,0.0,63.3,1281.353171397205,213.96832000000003,539.682,941.5838536607652,-0.0,-0.0,6.594343770350241,0.7626111843262185,4.037353328785862,-0.0,-0.0,20.462332656826025,157.00565303235274,695.1767327663806,62.25275709424329,21.07872660388329,67.97288469724839,104.40570017568726,12.042314801898975,40.36008926729515,101.30113040193828,23.244508623699318,89.43960537021583,1024.5176065169887,2173.2083556080433,-0.0,168167.52940670325
t158,28365.0,3720.0,18083.8,23095.0,57241.5,6212.3881563673285,-0.0,-0.0,-0.0,-0.0,8336.147139967106,-0.0,-0.0,-0.0,12184.765306112975,-0.0,621.7667896335003,3047.935328913133,0.0,63.30000000000001,1309.3116075981366,251.80820000000003,572.0,979.1411114632153,-0.0,-0.0,12.26047100008542,1.4178775986493346,7.506410816378828,-0.0,22.992142126102276,-0.0,-0.0,-0.0,116.12963758131974,-0.0,25.22439330435645,139.24541734099847,16.06078161939848,54.6,140.70551375800136,141.19253798573496,-0.0,303.25816323345435,3499.2,349.2331515489693,168912.89013796888
t159,28365.0,3720.0,18083.8,23095.0,57241.5,6212.3881563673285,-0.0,-0.0,-0.0,-0.0,8499.75924886651,-0.0,-0.0,-0.0,12184.765306112975,-0.0,621.7667896335003,3047.935328913133,0.0,63.30000000000001,1309.3116075981366,274.6,572.0,1016.6983692656655,3.3326627073847415,-0.0,10.665121290812289,1.2333813737674078,-0.0,-0.0,20.285033724030587,5.643739967011845,53.92594707221485,-0.0,102.14375994479764,-0.0,-0.0,89.3,10.3,-0.0,142.2462291672099,300.68216244589905,-0.0,789.4618485206166,5002.873493056158,749.7973265081632,171589.7155125353
t160,28365.0,3720.0,18083.8,23095.0,57241.5,6212.3881563673285,-0.0,-0.0,-0.0,-0.0,8499.75924886651,-0.0,-0.0,-0.0,12184.765306112975,-0.0,621.7667896335003,3047.935328913133,0.0,63.3,1309.3116075981366,274.6,572.0,1054.2556270681162,-0.0,-0.0,-0.0,-0.0,-0.0,-0.0,44.60439538505414,-0.0,118.77621816843266,284.4751176200638,-0.0,-0.0,-0.0,-0.0,-0.0,-0.0,101.0,514.7899809051737,-0.0,1444.0525209779212,7008.029911558442,312.0224573378182,174173.1326665126
t161,26547.32367804082,3720.0,18083.8,23095.0,57241.5,4794.293645772131,-0.0,-0.0,-0.0,-0.0,8499.75924886651,-0.0,-0.0,-0.0,9746.958621062031,-0.0,621.7667896335003,2847.6549531305063,0.0,59.09181599999999,1242.1148075981366,256.300656,526.4344800000001,998.8728343910932,3.7465071441372,2.848110022838994,-0.0,-0.0,-0.0,-0.0,22.803995015079998,7.760621941427058,125.62874043553472,559.5069840391936,5.585434531715222,46.20422274852665,34.96326251608309,-0.0,-0.0,-0.0,-0.0,723.8,95.5869239076063,1150.0,4415.772603208494,1025.5211669836967,166500.60010298903
t162,24434.159705754446,3720.0,18083.8,23095.0,57241.5,3376.199135176933,-0.0,-0.0,-0.0,-0.0,7406.100493760767,-0.0,-0.0,-0.0,7309.151936011088,-0.0,555.2009920020665,2445.2778773478794,0.0,49.62973199999999,1107.7212075981365,215.209512,433.39296,818.3426417140702,8.251860664145022,-0.0,-0.0,-0.0,-0.0,-0.0,50.22688659349495,17.093139947157542,133.90765428635024,599.3830801613251,72.04732233095513,59.6,-0.0,-0.0,-0.0,-0.0,-0.0,1055.4681289588086,208.58686947439577,-0.0,7575.930684114517,1025.5211669836967,161096.70298688023
t163,24434.159705754446,3720.0,18083.8,23095.0,57241.5,1958.1046245817354,-0.0,-0.0,-0.0,-0.0,5500.754480387167,-0.0,-0.0,-0.0,4871.345250960145,-0.0,555.2009920020665,1840.8041015652527,0.0,34.91374799999999,924.1848875981365,151.32656799999998,292.87543999999997,512.6650490370473,-0.0,-0.0,-0.0,-0.0,-0.0,-0.0,-0.0,18.928791535810472,76.10794717505823,342.04775125313677,69.33504720680695,-0.0,-0.0,-0.0,-0.0,-0.0,-0.0,946.790380592497,294.8601594065145,780.3455823574266,10127.101614803087,881.4510712152536,156753.60319343157
t164,22320.995733468073,3720.0,16736.571362586605,23095.0,57241.5,540.0101139865378,-0.0,-0.0,-0.0,-0.0,3595.408467013567,-0.0,-0.0,-0.0,2433.5385659092026,-0.0,555.2009920020665,1438.4270257826265,0.0,25.451664,757.6143517320909,110.23542400000002,199.83392000000006,332.13485636002446,-0.0,-0.0,-0.0,-0.0,4.5049808935457225,-0.0,29.858012255555813,19.75750821218867,157.08851984412837,708.0126038991091,142.86585005947128,22.634940820973323,17.12811797023317,33.914433142834184,3.9117431284568,20.73603638968362,-0.0,722.333083329246,341.68714268211875,1150.0,8468.369113338616,1202.2076828050726,146146.93224561203
t165,22320.995733468073,3720.0,15389.34272517321,23095.0,57241.5,-0.0,-0.0,-0.0,-0.0,-0.0,2156.216224794789,-0.0,-0.0,-0.0,-0.0,-0.0,555.2009920020665,1238.14665,0.0,21.243479999999998,658.2406158660455,91.93608,154.26839999999999,276.75206368300144,6.6331619806339,5.042556811808423,9.949742970950847,1.1506505476609825,10.596660263515629,11.269606834444328,-0.0,23.901355927707474,100.07267010555324,839.8406864277006,-0.0,40.746061955874595,30.83300996996551,61.05072705804699,7.041685203783698,37.32776816763008,30.691665010487057,832.3064849856348,379.1552842246242,337.8899151338801,5917.928704117584,1478.129507000726,137080.40086968543
t166,22320.995733468073,3668.183134574073,14042.114087759815,21454.332366247134,57241.5,-0.0,-0.0,-0.0,-0.0,-0.0,2156.216224794789,-0.0,-0.0,-0.0,-0.0,-0.0,555.2009920020665,1238.14665,0.0,21.243479999999998,626.06368,91.93608,154.26839999999999,314.3093214854516,-0.0,-0.0,-0.0,-0.0,-0.0,-0.0,45.79168345294516,-0.0,220.71867544104578,1002.002379022395,110.63745783357206,55.25415756087048,41.81145144287348,82.78852802325056,9.548956759680639,16.934638889964987,55.27753172365124,920.4017836340914,285.8695155685167,603.579117872596,3262.6621937332975,1480.3955007831112,132078.18372207327
t167,22320.995733468073,3391.0468759135647,12694.88545034642,21454.332366247134,57241.5,-0.0,-0.0,-0.0,-0.0,-0.0,2156.216224794789,-0.0,-0.0,-0.0,-0.0,-0.0,555.2009920020665,1440.24335,0.0,26.49738,646.4116266666666,114.72788,186.58639999999997,351.8665792879018,6.755413172916051,5.135492667165773,10.133119759374074,1.1718573871384985,6.2039508730861685,11.477309115209412,86.9100911840107,13.993355858183246,-0.0,-0.0,211.58377964768914,65.06667667306994,49.23669660999085,97.4908427333078,11.244744458601016,25.923960090067176,71.9061295480161,648.3167195528832,191.5293466000353,779.4441043925283,3826.607490318889,656.4627820098826,129357.10472137867
t168,22320.995733468073,3391.0468759135647,12694.88545034642,21454.332366247134,57241.5,-0.0,-0.0,-0.0,-0.0,-0.0,1862.9525462790964,-0.0,-0.0,-0.0,-0.0,-0.0,555.2009920020665,1722.2534680000003,0.0,30.53592000000006,708.31904,145.04372,218.90439999999995,389.4238370903521,12.331874571035485,9.374741383083094,18.49781185655322,2.139202731710237,11.325190932583606,20.95160322527967,75.06084879206799,25.544597325716353,87.43965454107253,385.3407536719942,83.19779257399563,71.9439181226433,54.44078368005391,107.79516591194707,12.433261017839364,32.2242517536025,83.56051522598436,436.8540934326278,148.83699839801872,902.8795520646557,4216.904721225439,764.5213693196962,130298.9930511043
t169,23669.426198803958,3720.0,18083.8,23095.0,57241.5,104.84249216431786,-0.0,-0.0,-0.0,-0.0,440.11698888258996,-0.0,-0.0,-0.0,633.9505413043155,-0.0,303.4322902384281,1345.1498554581547,0.0,22.96840500000002,632.1761599999999,112.31140000000002,163.7443917768908,295.79319547278146,3.4902144639380017,2.653275281258991,5.235321695907001,0.6054453661933268,3.2052989974940824,5.929803145364053,21.244009466724673,7.2297299610144306,56.046787647770415,245.75325503923364,133.59595377735212,84.72290232156999,64.11078682387262,126.94220096168118,10.25135561994925,54.342137558177576,143.57404588051293,514.449972318392,175.2740579907648,1555.7931126621002,5090.25144195666,1498.1748632301706,139667.08789126755
t170,23669.426198803958,3720.0,18083.8,23095.0,57241.5,-0.0,-0.0,-0.0,-0.0,-0.0,-0.0,-0.0,-0.0,-0.0,105.80691911687532,-0.0,321.84222545665904,1185.7963000000002,0.0,20.65479,623.2300799999999,89.51960000000001,162.8219840279509,276.2141079555895,4.615600269213745,3.5087981638410617,6.923400403820617,0.8006653528227925,4.238816573767725,7.841810661470291,28.09393429169387,9.560886271942756,74.09419974917716,339.5366430700003,69.11888243722348,62.29966595572641,47.14286803025607,93.34496929272427,10.766553009127215,57.07318391246077,105.5749372739659,378.29277029156685,128.88504718693065,1135.8654682303313,3720.47607971468,1096.9487156802652,135980.61610118407
t171,23669.426198803958,3720.0,18083.8,23095.0,57241.5,-0.0,-0.0,-0.0,-0.0,-0.0,-0.0,-0.0,-0.0,-0.0,265.24884326387814,-0.0,340.25216067489,1228.5394445418456,0.0,20.65479,633.0604029584315,89.51960000000001,174.2619840279509,313.23341003062774,-0.0,-0.0,2.1099676459611043,0.2440098638186312,2.3253345023722773,4.301868829388713,15.41180034072293,5.244921155350803,-0.0,-0.0,36.68995253727908,5.480911068232054,4.147467939215865,64.23648648906307,4.361815328178391,39.27561211985268,72.65268908617436,260.326813666203,88.69382736955744,780.3134739183442,885.6941986615138,743.1646261353773,131889.1726109582
t172,23669.426198803958,3720.0,18083.8,23095.0,57241.5,-0.0,-0.0,-0.0,-0.0,-0.0,-0.0,-0.0,-0.0,-0.0,626.6659697722389,-0.0,358.6620958931209,1324.0458077768794,0.0,20.65479,623.23008,89.51960000000001,185.70198402795089,350.252712105666,0.9622707721038026,0.7315221685891151,3.553373804116808,0.4109343855101072,2.175534982112331,4.024739716907813,14.418962409222287,4.907040015208925,15.364599446102122,71.29277456677353,-0.0,7.270946835489855,5.502008427526718,40.49856565326013,4.671167147016568,24.761720992922776,45.80464872317215,164.1257660684754,55.9179523521498,132.47516748964267,990.03590891475,289.8296951181894,131267.19453836905
t173,23669.426198803958,3720.0,18083.8,23095.0,57241.5,561.1318667521371,-0.0,-0.0,-0.0,-0.0,-0.0,-0.0,-0.0,-0.0,1698.867652822564,-0.0,377.07203111135186,1217.455471011913,0.0,23.28174,627.9380012347515,100.91550000000001,197.14198402795088,387.2720141807042,0.7279985754866494,0.5534274885077077,1.0919978632299734,0.12628546717625555,0.668570120344882,1.2368547226380313,4.431134186508023,1.507997049222345,11.82298885402873,126.46312824497576,-0.0,7.605437394635015,5.7551212499670985,11.395395290954802,1.3143625027641042,6.967397344749525,12.888409007686846,46.181338810712326,15.73406763017612,138.6435449887343,-0.0,118.01972607350402,131513.93764281133
t174,23669.426198803958,3720.0,18083.8,23095.0,57241.5,1404.683105947964,-0.0,-0.0,-0.0,-0.0,-0.0,-0.0,-0.0,-0.0,2593.8162501834795,-0.0,395.4819663295828,1185.7963,0.0,20.65479,623.23008,89.51960000000001,208.58198402795088,424.29131625574246,2.3058248004742237,1.7528974248503022,3.4587372007113344,0.3999900164087939,2.1175942045171436,3.9175492783567156,14.034943811049736,4.7763513724108915,37.450728955937834,-0.0,21.533713927431076,8.622872498299905,6.525026001230296,12.919840840573507,1.4901944082632381,7.899477154482797,14.612585945105538,52.35935498548287,17.83892917852983,157.40401738913323,55.34560573633594,133.00075922621565,133315.54858590447
t175,25183.82546722846,3720.0,18083.8,23095.0,57241.5,2604.958299715739,-0.0,-0.0,-0.0,-0.0,-0.0,-0.0,-0.0,-0.0,4657.175828410598,-0.0,413.89190154781375,1356.233828988087,0.0,20.65479,623.23008,89.51960000000001,220.02198402795088,461.3106183307807,6.052690951087403,4.601280365877669,9.079036426631102,1.049956593555978,5.558593730590472,10.283398401592372,27.237314378760694,-0.0,98.30183158139849,313.7298400244656,82.00019295954944,7.751505511666264,5.865652660673629,11.614252385768404,1.339605818291317,7.10121142511708,13.1359405482935,-0.0,10.864750418846262,141.78377643576783,171.66041495142304,-0.0,138700.1336438188
t176,26768.60546722846,3720.0,18083.8,23095.0,57241.5,3805.2334934835144,-0.0,-0.0,-0.0,-0.0,607.0379372102159,-0.0,-0.0,-0.0,6720.535406637717,-0.0,432.3018367660447,1728.768057976174,0.0,20.65479,690.4268800000001,112.31140000000002,231.46198402795088,498.32992040581894,-0.0,9.795642643822234,-0.0,2.235247314697691,11.833662254281892,14.289571324547811,78.43088371865721,16.284649570048728,140.58610961865762,911.5597453343669,-0.0,-0.0,6.547641009282184,12.96461955939909,1.495359254891497,7.926855856026769,14.663231528547692,-0.0,17.900756905642865,158.99780501438912,364.2972677052246,42.072698439467096,145567.84892078786
t177,28217.941560686126,3720.0,18083.8,23095.0,57241.5,5005.508687251289,-0.0,-0.0,-0.0,-0.0,2219.7228029296307,0.0,-0.0,-0.0,8783.894984864835,-0.0,450.71177198427563,2039.6804680826817,0.0,24.259725,824.8204800000001,147.7348,242.90198402795087,535.3492224808572,11.738445035148892,15.317446042027896,17.607667552723335,3.4952561438184464,18.50429723198001,34.232949879163016,-0.0,-0.0,-0.0,836.9496384065562,157.2946602575063,6.388594519409753,10.027422883813275,19.854741985022734,2.290076623132522,12.139629477964633,20.16507619337205,38.79248920426827,-0.0,126.92398480641259,357.12435095242654,134.58813792286762,152456.26135242524
t178,28318.93310781993,3720.0,18083.8,23095.0,57241.5,6205.783881019064,-0.0,-0.0,-0.0,0.0,3832.4076686490453,-0.0,-0.0,-0.0,10847.254563091954,-0.0,469.12170720250657,2266.927989601571,0.0,22.610760000000003,935.1580655196269,160.3664,254.34198402795087,572.3685245558954,7.2501444686346765,5.511589417482485,29.1272251271052,1.257678122110097,6.6582959405828674,12.3178474900783,64.93147620606719,-0.0,-0.0,1411.4,80.86629505584051,17.770209834131702,9.143073019540587,26.625498962885246,3.0710261961670557,16.27942041851663,39.452712884427704,107.90333790221916,-0.0,-0.0,801.1815229043249,304.0243737725509,158970.3463792102
t179,28365.0,3720.0,18083.8,23095.0,57241.5,6212.3881563673285,-0.0,-0.0,-0.0,-0.0,5445.09253436846,-0.0,-0.0,-0.0,11950.178627420104,-0.0,487.5316424207375,2458.3689388895095,0.0,26.215695000000007,978.2988510392537,174.82866666666666,265.7819840279509,609.3878266309337,-0.0,-0.0,18.252008424153182,-0.0,-0.0,-0.0,20.801770333204075,-0.0,-0.0,-0.0,-0.0,32.82993327201582,20.538937567335452,39.169407010060446,4.517859935090957,23.949043927763697,64.9733851533253,-0.0,-0.0,-0.0,1675.6026127985454,-0.0,161014.00788125242
t180,28365.0,3720.0,18083.8,23095.0,57241.5,5926.800259253332,-0.0,-0.0,-0.0,-0.0,5912.402656003729,-0.0,-0.0,-0.0,12184.765306112975,-0.0,505.94157763896845,2628.0031508177894,0.0,35.07453000000001,954.2428365588804,166.4991333333333,277.2219840279509,580.8226954298451,7.431994383897878,-0.0,-0.0,-0.0,-0.0,-0.0,-0.0,-0.0,-0.0,592.1412433282272,110.6734604904595,34.265803285063214,35.07239731746594,67.94630181464254,7.837031452304794,41.543875465615685,-0.0,-0.0,-0.0,-0.0,2810.638965704766,308.9058648079958,163693.53106722725
t181,28365.0,3720.0,18083.8,23095.0,57241.5,5926.800259253332,-0.0,-0.0,-0.0,-0.0,7525.087521723144,-0.0,-0.0,-0.0,11861.76302818814,-0.0,524.3515128571994,2736.6141592457257,0.0,38.679465000000015,997.3836220785072,180.96139999999997,277.22198402795084,617.8419975048834,-0.0,-0.0,5.6482360546897326,-0.0,-0.0,-0.0,30.144576101741293,11.047512292718599,92.44128270968015,-0.0,191.54189857805824,46.66174497867814,8.151070691200545,103.94088124423234,11.988701868035758,63.551759416966235,40.710554562022075,74.13642115413163,49.699122549478425,469.775448937293,4240.87948303139,702.1777742638501,167334.50141831304
t182,28365.0,3720.0,18083.8,23095.0,57241.5,5926.800259253332,-0.0,-0.0,-0.0,-0.0,8499.75924886651,-0.0,-0.0,-0.0,10847.638113467641,-0.0,542.7614480754303,2885.495116288509,0.0,47.53830000000002,1107.721207598134,216.38479999999998,277.2219840279509,654.8612995799216,-0.0,-0.0,15.347996688599288,-0.0,-0.0,-0.0,69.50448915022463,13.394907542065576,205.83532029685972,493.65572860521985,99.36428489428522,70.87090456788067,26.470417964238024,50.91400123275222,5.872499582277133,31.129949241973918,68.88906493132389,53.42622212158287,99.78283693452325,469.775448937293,2220.014881689739,1103.7074077029224,166609.4381392412
t183,28365.0,3720.0,18083.8,23095.0,57241.5,5926.800259253332,-0.0,-0.0,-0.0,-0.0,8499.75924886651,-0.0,-0.0,-0.0,10847.638113467641,-0.0,482.3361308127795,3016.0462327907007,0.0,58.046100000000024,1242.1148075981341,251.8082,229.74598402795095,691.8806016549598,-0.0,-0.0,17.394828863834157,-0.0,-0.0,-0.0,-0.0,24.021430335770976,91.2362899124526,411.2512641700088,179.3858335417849,95.49004180361047,45.1,50.91400123275222,5.872499582277133,31.129949241973918,110.60941494489283,202.91725845733137,150.7147097728703,963.6842867285203,2220.014881689739,1302.5408317594463,167653.7532005093
t184,28365.0,3720.0,18083.8,23095.0,57241.5,5401.480768258024,-0.0,-0.0,-0.0,-0.0,8499.75924886651,-0.0,-0.0,-0.0,8409.831428416697,-0.0,500.74606603101046,3029.543393870041,0.0,63.29999999999997,1309.3116075981366,274.6,229.745984027951,728.8999037299981,-0.0,-0.0,-0.0,-0.0,-0.0,-0.0,34.768335512360856,-0.0,192.8044347796017,849.362769018145,168.11002698966325,35.890041803610465,-0.0,-0.0,-0.0,-0.0,53.0247103031462,358.48156925091445,203.71575846269843,1479.0751161392313,3778.533237612389,1026.858450487453,167133.1428511576
t185,28365.0,3720.0,18083.8,23095.0,57241.5,5401.480768258024,-0.0,-0.0,-0.0,-0.0,8499.75924886651,-0.0,-0.0,-0.0,8409.831428416697,-0.0,519.1560012492414,3029.5433938700407,0.0,63.29999999999997,1309.3116075981366,274.6,193.709984027951,765.9192058050363,-0.0,-0.0,-0.0,-0.0,-0.0,-0.0,72.54762484038154,12.856992009368318,-0.0,899.0177576638225,183.98036985189518,-0.0,-0.0,-0.0,-0.0,-0.0,-0.0,530.3851072835025,262.28361212232295,1616.926719727237,1952.7075742079624,1499.121939507463,166001.73933530558
t186,28365.0,3720.0,18083.8,23095.0,57241.5,3983.386257662826,-0.0,-0.0,-0.0,-0.0,8499.75924886651,-0.0,-0.0,-0.0,7245.8363554940315,-0.0,448.9551364674724,3029.543393870041,0.0,63.29999999999997,1309.3116075981363,274.6,205.149984027951,802.9385078800746,-0.0,-0.0,-0.0,-0.0,-0.0,-0.0,73.64045318190745,-0.0,99.94122522748214,-0.0,187.2381859577303,-0.0,3.6109348240490675,-0.0,-0.0,-0.0,-0.0,686.44546968593,215.6708295791214,963.8866897809197,-0.0,1929.39821294083,160527.912493045
t187,26251.836027713627,3720.0,18083.8,23095.0,57241.5,3983.386257662826,-0.0,-0.0,-0.0,-0.0,6594.413235492911,-0.0,0.0,-0.0,7245.8363554940315,-0.0,467.36507168570336,2827.446693870041,0.0,58.04609999999998,1242.1148075981362,251.8082,216.589984027951,776.8037079555895,6.0130566491857955,4.693734664551259,9.26146302938302,1.0710535476157235,5.670283487377359,10.490024451648114,50.622937838653144,12.789639421528932,-0.0,463.87683556762045,97.36270288006364,29.565156500129543,25.983226068274615,44.298128782912215,5.109414630055945,27.084858136024717,50.10202695491752,812.5432431582544,276.83498723794645,380.7572599948261,1429.3779247621346,1454.3104177383657,157253.7648170023
t188,26251.836027713627,3720.0,18083.8,23095.0,57241.5,3983.386257662826,-0.0,-0.0,-0.0,-0.0,5398.851139174548,-0.0,-0.0,-0.0,7245.8363554940315,-0.0,485.7750069039343,2423.2532938700415,0.0,53.92105000000002,1107.721207598136,230.45530399999996,228.029984027951,776.8037079555895,13.40616240679216,5.620269172874226,20.35112166579256,1.2824775293806958,6.789586920250741,23.050760254111985,82.58125220166846,15.314290497898895,122.29010671362255,540.7153722257668,158.88284930236955,59.16168233745499,48.379254847861496,88.64325893850219,10.224250471070244,-0.0,100.25721335709656,842.766681663581,234.13112000074824,937.182177102494,3183.0722739463454,1956.8,158777.07149595636
t189,26251.836027713627,3720.0,18083.8,23095.0,57241.5,2565.2917470676284,-0.0,0.0,-0.0,-0.0,3493.5051258009485,-0.0,-0.0,-0.0,4808.029670443088,-0.0,415.57414212216526,2033.3192670338653,0.0,44.54210000000006,936.7476799999991,186.31060799999995,239.469984027951,651.6563079555895,-0.0,10.328849792200595,-0.0,2.3569187445289947,12.477805118094675,-0.0,82.70011947714971,28.144382655257992,-0.0,1010.7971493946977,-0.0,85.00437854011608,64.32378308992007,127.36394301396587,14.690354009449594,-0.0,144.05104417033095,844.1230379126665,287.5942817757166,1411.587265537333,3440.6719533233127,1426.8261664331797,152759.62409315276
t190,24138.672055427254,3720.0,18083.8,23095.0,57241.5,2565.2917470676284,-0.0,-0.0,-0.0,-0.0,1588.1591124273489,-0.0,-0.0,-0.0,2370.2229853921453,-0.0,433.9840773403962,1845.4819401976893,0.0,40.4170500000001,793.4079999999991,164.9577119999999,250.909984027951,401.3615079555895,6.337980734489072,4.818158823667712,9.506971101733606,-0.0,-0.0,10.768099921351329,38.57760722574216,25.958766535943603,102.22430873156915,470.8560951349707,-0.0,106.93153349340608,80.91631141866804,160.21788491545573,18.47977843929669,20.087628531034124,181.20947789989958,738.419992544283,274.38914968892186,1344.0242873845625,4766.875409106011,1819.2091083594305,146912.9747218264
t191,24138.672055427254,3720.0,18083.8,23095.0,57241.5,1147.197236472431,-0.0,-0.0,-0.0,-0.0,1588.1591124273489,-0.0,-0.0,-0.0,1772.8689077371432,-0.0,363.78321255862716,1859.7413133615132,0.0,32.84953500000008,717.2651199999991,166.39661599999988,214.873984027951,276.2141079555895,11.515666180337217,8.754256433011454,17.27349927050582,0.8981699242797799,4.75501724618707,19.56488182679741,70.09280486297092,23.853879944984232,185.38946600509774,859.8177249018588,86.82954065173035,124.5645712966533,94.25943230669573,186.6378559864285,17.136744721347874,36.241384639378055,211.09096813694606,756.3744689976311,257.6981818939153,1665.26120726594,5827.238800354434,1159.3787918685177,146042.9485156835
t192,23669.426198803958,3720.0,18083.8,23095.0,57241.5,543.9012028898126,-0.0,-0.0,-0.0,-0.0,1188.9528949081953,-0.0,-0.0,-0.0,1772.8689077371432,-0.0,293.5823477768581,1701.4585845769304,0.0,30.53592000000004,708.3190399999999,145.04372,213.951576279011,276.2141079555895,-0.0,-0.0,-0.0,-0.0,-0.0,-0.0,-0.0,-0.0,-0.0,-0.0,81.01304870415447,77.37312664741678,58.549127714739896,115.92986928883082,8.981176266865724,47.60895380299695,131.11888911726672,469.82104922315636,160.06890126890085,1421.2952714101652,4689.749179549845,1378.8167994360292,141324.87989335787
t193,12517.200000000006,1849.439999999999,11202.435226605769,8828.024927148197,36744.2185711315,2787.1645950428274,-0.0,-0.0,-0.0,-0.0,6594.413235492911,-0.0,-0.0,-0.0,-0.0,-0.0,311.99228299508906,1500.516638387844,0.0,31.516015000000035,721.7466096968527,141.94074,225.39157627901102,313.23341003062774,-0.0,-0.0,12.715145700139269,-0.0,-0.0,-0.0,19.920727740400537,6.77939267611284,52.529663171906066,242.03905551267977,51.74501099847531,91.26540144698436,69.06157055803683,136.74497230227695,15.77237642456273,16.411385103384873,74.51504471379857,378.0658948448936,90.91808365990676,1236.796469101988,2167.940876323821,971.9818383210467,89404.43673641105
t194,12517.200000000006,1849.439999999999,9855.206589192374,8828.024927148197,36744.2185711315,1823.299712079397,-0.0,-0.0,-0.0,-0.0,4689.067222119311,-0.0,-0.0,0.0,-0.0,-0.0,330.40221821332,1425.2536239508909,0.0,37.75001000000003,707.1408166394614,161.62956000000003,236.83157627901102,350.252712105666,1.0588730309493317,0.8049596000584204,-0.0,0.18368205638916976,0.9724344161779575,1.7990036699292213,-0.0,2.193379849823616,69.44112394776079,-0.0,-0.0,34.478277354771215,26.090105850674206,51.65956657350793,5.958494240841331,18.988281488706395,79.28183106759846,293.95701057173926,96.73733868390207,1198.8262107943665,2345.83591970596,1018.9455095404312,84802.92954130273
t195,12517.200000000006,1849.439999999999,8930.172446203342,8828.024927148197,36744.2185711315,502.9766639360593,-0.0,-0.0,-0.0,-0.0,2783.721208745711,0.0,-0.0,-0.0,-0.0,-0.0,348.81215343155094,1490.860221974078,0.0,38.73010500000002,759.7318235820702,158.52657999999997,248.27157627901101,387.2720141807042,-0.0,-0.0,1.961915561386055,-0.0,-0.0,-0.0,7.961106342631171,4.902691815547216,37.83738859462963,91.67313410124268,19.59460501291304,36.80871109740569,14.747262462545311,7.706334761453441,0.8888605603916071,21.123209044878244,8.71601132034489,31.230935612206054,91.5745018795403,803.2840822047119,2478.406135448167,204.16476481159498,79450.53994224382
t196,12517.200000000006,1849.439999999999,8930.172446203342,8828.024927148197,32479.784390992936,-0.0,-0.0,-0.0,-0.0,-0.0,2783.721208745711,-0.0,-0.0,-0.0,-0.0,-0.0,367.2220886497819,1354.3701199972652,0.0,34.45630000000002,745.1260305246791,132.6318,259.711576279011,424.29131625574246,0.8882968625359882,0.6752869006013378,-0.0,0.15409231288889588,0.8157828329412135,1.5091982409412448,-0.0,-0.0,-0.0,-0.0,-0.0,6.800226477045207,16.00107032967177,10.188929939599623,1.1752069247242574,22.641122782020254,11.523873727878645,41.291979228903735,43.22609464736562,223.8547405700141,1108.5147155182108,230.763360573632,72426.17618266563
t197,12517.200000000006,1849.439999999999,8930.172446203342,9473.3209243154,28458.25800000001,-0.0,-0.0,-0.0,-0.0,-0.0,1352.3348218939077,-0.0,-0.0,-0.0,-0.0,-0.0,360.10056208755464,1259.6447721108582,0.0,24.928595,663.3234374672882,99.6798,271.151576279011,461.3106183307807,0.6765135155518394,0.5142883358021635,1.0147702733277588,0.11735438535082923,0.6212879224455666,1.1493826565242986,4.117758285986452,1.4013494250716672,10.995038970530212,50.60049676146716,9.792561355395792,7.111937817159174,5.381684489159047,10.655973944166355,1.2290765019587182,6.515298738538444,12.052109388138891,43.18473651056891,14.713119678787379,130.05014996459494,431.79566969095845,235.69251623508495,66700.2486285347
t198,12517.200000000006,1849.439999999999,8930.172446203342,10191.599999999999,28458.25800000001,-0.0,-0.0,-0.0,-0.0,-0.0,-0.0,-0.0,-0.0,-0.0,-0.0,-0.0,293.5823477768581,1185.7962999999997,0.0,20.65479,623.23008,89.51960000000001,282.591576279011,376.14709753746195,2.1406147967859583,1.6273041057199376,3.210922195178937,0.37133113821797237,1.9658707317422062,3.6368608537230824,13.029354349824736,4.4341306504852,34.604119024057425,153.44318871171387,30.393298984030693,8.058812132107242,6.098195086544247,12.07469670129492,1.392714177193032,7.382737288809661,13.65671183461129,48.93429715787941,16.672005635718534,147.47347115641142,482.18794358777626,131.12400828930166,65942.10482638581
t199,14101.980000000007,1849.439999999999,8990.540200000003,11481.939999999999,28458.25800000001,-0.0,-0.0,-0.0,-0.0,-0.0,-0.0,-0.0,-0.0,-0.0,829.9549945290589,-0.0,293.5823477768581,1192.78070752297,0.0,20.65479,650.333522532712,102.15120000000002,294.031576279011,413.1663996125002,5.558213284400043,4.225376425385747,8.337319926600063,0.9641798554571506,5.104481587714325,9.4432909372715,33.83136963412883,11.51344180340009,90.0328497405918,389.53430327049364,77.90051971288091,7.181532035174346,5.434347227959114,10.760248502366935,1.2411036906425466,6.579054515444952,12.170045898533713,43.60732287801335,14.857095636526797,132.06393703628666,410.48801292598586,113.75113394408042,70073.39291872247
t200,15686.760000000007,2057.279999999999,10000.902400000003,12772.279999999999,31656.396000000008,1200.2751937677754,-0.0,-0.0,-0.0,-0.0,1612.6848657194148,-0.0,-0.0,-0.0,2893.3145727561778,-0.0,311.99228299508906,1401.8618150459401,0.0,25.90869,744.633765065424,137.57460000000003,305.471576279011,450.1857016875384,11.897714026396343,9.044690764964566,17.84657103959451,2.0638891678442635,10.926472065057865,20.21397332035705,72.41822874230019,24.645264768963855,-0.0,424.05164002538174,77.10391786285084,8.015299447089792,6.065268541338082,12.0095006816295,1.3851943675339737,7.342874996830579,13.582973895236055,48.67008170976167,16.581986943392135,-0.0,-0.0,-0.0,82041.3870056829
t201,17271.540000000008,2265.119999999999,11011.264600000002,14062.619999999999,34854.53400000001,2400.5503875355507,-0.0,-0.0,-0.0,-0.0,3225.3697314388296,-0.0,-0.0,-0.0,4956.674150983296,-0.0,330.40221821332,1813.0396225689105,0.0,36.416489999999996,906.130807598136,172.99800000000005,316.911576279011,487.20500376257667,-0.0,-0.0,-0.0,-0.0,-0.0,-0.0,-0.0,-0.0,-0.0,1205.6307999398882,-0.0,-0.0,-0.0,-0.0,-0.0,-0.0,-0.0,-0.0,-0.0,-0.0,332.21386537051836,-0.0,95648.62125369004
t202,18856.320000000007,2472.959999999999,12021.626800000002,15352.96,38052.672000000006,3600.825581303326,-0.0,-0.0,-0.0,-0.0,4838.054597158244,-0.0,-0.0,-0.0,7020.033729210415,-0.0,348.81215343155094,2419.3297225689107,0.0,50.63155999999999,1107.721207598136,208.42140000000006,328.351576279011,524.2243058376149,10.193091758938625,5.622558093635735,15.289637638407932,1.28299983344708,9.36100263575996,-0.0,-0.0,-0.0,-0.0,543.1308011420967,-0.0,10.905121420394426,8.252029799660884,11.135403118260164,1.8846099099003792,9.990262240831136,-0.0,-0.0,-0.0,-0.0,179.07248400513276,-0.0,108009.06463498369
t203,20441.100000000006,2680.7999999999993,13031.989000000001,16643.3,41250.810000000005,4801.100775071101,-0.0,-0.0,-0.0,-0.0,6450.739462877659,-0.0,-0.0,-0.0,7773.538087934556,-0.0,367.2220886497819,2823.523122568911,0.0,59.59272999999999,1242.114807598136,243.84480000000008,339.791576279011,561.2436079126531,-0.0,-0.0,-0.0,-0.0,-0.0,-0.0,-0.0,-0.0,-0.0,-0.0,-0.0,-0.0,-0.0,-0.0,-0.0,-0.0,-0.0,-0.0,-0.0,192.6684732742679,-0.0,31.7843259357536,118935.16285810184
t204,22025.880000000005,2888.6399999999994,14042.351200000001,17933.64,44448.948000000004,5201.357914602311,-0.0,-0.0,-0.0,-0.0,7574.371268941975,-0.0,-0.0,-0.0,7773.538087934556,-0.0,385.6320238680128,3025.6198225689113,0.0,63.29999999999997,1309.3116075981363,256.47640000000007,351.231576279011,598.2629099876914,7.449074813708443,5.662817077768152,11.173612220562662,1.2921864472759543,6.840987073813875,12.65582608655567,45.34054210588863,15.43022639982463,118.64115461572547,-0.0,101.59951976752957,19.303212970192124,14.606961492544716,-0.0,3.0370411919956863,17.6838159089344,32.71182063740612,-0.0,-0.0,539.1810629589072,-0.0,320.1324347406651,129151.30310828993
t205,23610.660000000003,3096.4799999999996,15052.7134,19223.98,47647.086,5510.744988335929,-0.0,-0.0,-0.0,-0.0,7798.392789518128,-0.0,-0.0,-0.0,7773.538087934556,-0.0,404.04195908624376,3025.6198225689113,0.0,61.753369999999975,1309.311607598136,251.80820000000003,362.671576279011,635.2822120627296,12.854702639945543,9.772197415060642,19.28205395991831,2.229897396725247,11.729482928500339,21.839877444397274,32.90262243214724,-0.0,-0.0,413.50493321705346,175.9926006746731,34.7489731746808,26.294944466075574,36.583022113701986,7.256583496263666,31.833790861368655,58.886682728905384,148.25751067131858,50.511608360800174,536.34400033083,350.5713699385965,213.92495842756466,137959.4058260622
t206,25195.440000000002,3304.3199999999997,16063.0756,20514.32,50845.224,6212.3881563673285,-0.0,-0.0,-0.0,-0.0,8475.366308445453,-0.0,-0.0,-0.0,9836.897666161674,-0.0,422.4518943044747,2924.5714725689113,0.0,58.04609999999997,1275.7132075981363,251.8082,374.111576279011,672.3015141377679,6.619739542950253,9.141733357188347,-0.0,1.1483221656138194,10.967848496171388,-0.0,73.19522077265566,13.712317624682667,-0.0,103.52248599229927,74.39308090714353,59.6,-0.0,50.82884289753538,1.2513079308406407,-0.0,-0.0,299.1566148337853,70.18136986860148,526.3689030432696,-0.0,589.9881685315693,148316.1116518271
t207,26780.22,3512.16,17073.4378,21804.66,54043.362,6212.3881563673285,-0.0,-0.0,-0.0,-0.0,8475.366308445453,-0.0,-0.0,-0.0,11900.257244388793,-0.0,433.111979177587,3025.6198225689113,0.0,58.046099999999974,1309.3116075981363,274.6,385.551576279011,709.3208162128061,11.955399063269246,-0.0,-0.0,2.0738957558732363,-0.0,-0.0,-0.0,-0.0,-0.0,-0.0,-0.0,-0.0,-0.0,-0.0,5.688630642547087,-0.0,-0.0,-0.0,-0.0,663.3455689237474,-0.0,-0.0,156680.47690542348
t208,28365.0,3720.0,18083.8,23095.0,57241.5,6212.3881563673285,-0.0,-0.0,-0.0,-0.0,8499.75924886651,-0.0,-0.0,-0.0,12184.765306112975,-0.0,433.111979177587,3025.6198225689113,0.0,63.29999999999997,1309.3116075981363,274.6,396.991576279011,746.3401182878443,-0.0,-0.0,-0.0,-0.0,-0.0,-0.0,-0.0,-0.0,-0.0,-0.0,-0.0,-0.0,-0.0,-0.0,-0.0,-0.0,-0.0,-0.0,-0.0,-0.0,-0.0,-0.0,163651.48781525833
t209,28054.558925250098,3720.0,18083.8,21569.219146635038,57241.5,6212.3881563673285,-0.0,-0.0,-0.0,-0.0,8499.75924886651,-0.0,-0.0,-0.0,12184.765306112975,-0.0,344.501179177587,3025.6198225689113,0.0,63.29999999999998,1309.3116075981363,274.6,408.431576279011,783.3594203628826,-0.0,-0.0,-0.0,-0.0,-0.0,11.00470206565887,39.42525394694004,13.417144260232739,105.77288210269334,53.73712040554864,-0.0,-0.0,-0.0,-0.0,-0.0,-0.0,1.4792126450919199,-0.0,1.647756774368311,-0.0,-0.0,-0.0,162001.598461419
t210,25941.394952963725,3512.257551963048,18083.8,19848.664874117716,57241.5,6212.3881563673285,-0.0,-0.0,-0.0,-0.0,8499.75924886651,-0.0,-0.0,-0.0,11158.93557248346,-0.0,344.50117917758695,3025.6198225689113,0.0,58.04609999999998,1257.3352875981363,273.5382133333334,384.2170303219365,820.3787224379208,6.2414490002350895,3.6273788015096855,-0.0,1.0827003367754746,-0.0,21.608796540548077,37.990044169798274,12.928715786201256,208.67046092767265,535.9408882846137,-0.0,27.30124395129371,20.65916278864675,-0.0,-0.0,-0.0,47.74474350215005,165.77718432840928,58.12835038501453,507.19204885766584,-0.0,220.2176101269091,158537.44748998707
t211,23828.230980677352,3235.12129330254,16736.571362586605,18128.110601600394,52977.06581986143,5540.817372118868,-0.0,-0.0,-0.0,-0.0,6594.413235492911,-0.0,-0.0,-0.0,9251.169607513548,-0.0,362.9111143958179,2823.5231225689113,0.0,49.3650325,1138.1621675981364,249.68462666666676,312.526484364862,811.6637195414546,12.786394185894306,8.602872845709804,9.817417778488823,1.1353476342470068,6.010663946013565,8.526547072079422,77.82738910087707,26.48610224220963,-0.0,-0.0,92.72168797049576,52.07930639280843,44.43948029412232,47.08608322037623,5.430981603246084,28.7894752948773,-0.0,356.5997321162498,123.1419456937759,1088.7474677160712,1889.8144087686373,220.2176101269091,146139.59745479262
t212,21715.06700839098,2957.9850346420317,15389.34272517321,16407.556329083072,48712.631639722866,4953.829750559763,-0.0,0.0,-0.0,-0.0,6594.413235492911,-0.0,-0.0,-0.0,6813.362922462605,-0.0,372.55213108633785,2554.291758780586,0.0,35.43006500000001,951.7922475981364,203.03924000000012,288.31193840778747,677.8013166449883,7.83943741737939,5.959572322395554,-0.0,2.4952500433842477,7.199483342491275,21.84559125568828,47.71657570884494,16.238834650285877,128.24293919001195,586.4744563241264,202.38244145914533,83.54908952340672,68.25302424026297,94.23795626672569,10.869551506688408,6.830507296629062,53.32966604346355,185.78890183040286,188.24637958643982,1671.5772680364344,3769.48937103228,482.0643422468547,136268.0379823686
t213,19601.903036104606,2680.8487759815234,14537.974573826648,14687.00205656575,44448.1974595843,4303.313673590131,-0.0,-0.0,-0.0,-0.0,6594.413235492911,-0.0,-0.0,-0.0,4375.556237411662,0.0,293.5823477768581,2096.2671818261297,0.0,26.74899750000003,816.571450446831,154.35266000000013,216.621392450713,418.7915137485221,14.581371693310611,11.084818277057554,-0.0,-0.0,11.663271974788845,-0.0,77.30157481068383,30.204269936143408,237.5484276374305,1099.066264245525,205.80372380583285,111.75570571682266,89.59729253427403,136.50055401961234,15.74418484212774,32.67079662818126,101.0,357.06364009210137,123.3,2189.722242436609,5453.931125896308,922.3873139777946,126473.07117083119
t214,17488.739063818233,2403.712517321015,13896.892501432558,12966.447784048429,41008.65275127007,3737.1528623820864,-0.0,-0.0,-0.0,-0.0,6594.413235492911,-0.0,-0.0,-0.0,2274.39621927327,-0.0,293.5823477768581,1797.3107204784123,0.0,23.32183000000005,748.5474532955257,128.45788000000016,192.40684649363936,284.9291108520557,-0.0,5.245402643091456,10.349989107844886,1.1969375158732185,-0.0,11.722946846640639,-0.0,13.96543528585753,111.10019807629777,196.21909094233865,102.36543308262733,115.0396456341806,87.05181238425412,172.36644891161626,19.881012584430543,54.6,40.565009900250786,502.4148983386435,9.98401936253006,2627.790428868501,6871.4903655479875,1310.893293837198,116103.20549280522
t215,16165.01084131211,2126.576258660507,12549.663864019163,11245.893511531107,36744.2185711315,3737.1528623820864,-0.0,-0.0,-0.0,-0.0,6594.413235492911,-0.0,-0.0,-0.0,1226.580856274134,-0.0,293.5823477768581,1700.450959130695,0.0,24.301925000000043,694.8348466477627,125.35490000000017,203.84684649363936,276.2141079555895,5.589391480662319,9.494480860533729,18.734076328838363,0.9695883180740759,-0.0,-0.0,34.021143043010944,11.578025209943375,199.99660722497683,606.9161020110803,141.14802474746705,134.12717677940847,101.49556497904904,200.96571957048957,17.74871505494028,-0.0,40.565009900250786,618.3172057456565,49.47215007069444,2466.483193083263,4484.409514100629,1620.9273569701593,104471.05497928719
t216,14051.846869025736,1849.439999999999,11202.435226605769,10140.325879806533,36744.2185711315,2787.1645950428274,-0.0,-0.0,-0.0,-0.0,6594.413235492911,-0.0,-0.0,-0.0,-0.0,-0.0,293.5823477768581,1701.6057129416074,0.0,30.53592000000004,708.3190399999999,145.04372,215.28684649363936,276.2141079555895,10.79334502332138,8.205144941198396,16.19001753498207,1.8723149530251375,4.779141008564444,8.841410865844221,-0.0,-0.0,-0.0,-0.0,-0.0,115.8241711421296,87.6454717870813,173.54192085557344,20.01659333496535,10.080154674261784,62.803427985933524,336.10120084673156,76.62063472381011,1553.637798248069,1748.7658509054772,852.8700635475759,91829.0207346515
t217,28365.0,3720.0,18083.8,23095.0,55608.18058667822,-0.0,-0.0,-0.0,-0.0,-0.0,6460.7875291777855,-0.0,-0.0,-0.0,6274.463057618036,-0.0,627.265391402519,1731.4977399601382,0.0,32.389344000000065,704.6418279707755,153.81719,287.61756988204434,795.4331726828611,-0.0,4.64942192367484,9.174027151412098,1.0609419154694266,-0.0,6.418902951072359,22.996249911799787,-0.0,37.31380706336549,167.8226460160131,-0.0,11.352668927916206,36.93408559418294,73.13112735167489,8.435057242130476,10.400263816513856,-0.0,-0.0,-0.0,369.2345073800419,-0.0,232.5245360592504,146931.34165267693
t218,28365.0,3720.0,18083.8,23095.0,55608.18058667822,1200.2751937677754,-0.0,-0.0,-0.0,-0.0,6460.7875291777855,-0.0,-0.0,-0.0,6974.732122913103,-0.0,627.2653914025188,1748.878374083941,0.0,39.49666800000008,768.161415941551,174.20934482589416,273.26561890546566,795.4331726828611,0.6855279658137836,-0.0,-0.0,-0.0,0.6295664992167398,-0.0,-0.0,1.42002221489998,-0.0,-0.0,9.456288280433462,13.267821144013782,15.547177994913099,49.92732055203207,1.9220663533557563,12.154748900388482,3.2454760709036106,11.629087030297194,3.962051480617973,-0.0,116.30089166777447,261.54612146665005,148436.17958600045
t219,28365.0,3720.0,18083.8,23095.0,55608.18058667822,2400.5503875355507,-0.0,-0.0,-0.0,-0.0,6460.7875291777855,-0.0,-0.0,-0.0,8356.346647203909,-0.0,595.1619704590871,1773.631124412961,0.0,51.85789200000009,898.8778039123265,171.8096996517883,306.38966792888687,795.4331726828611,-0.0,1.0079530255790123,1.9888469095317425,0.23000270382339885,-0.0,-0.0,-0.0,-0.0,-0.0,-0.0,-0.0,-0.0,9.071794649330874,17.962555702555374,2.0718289332174726,-0.0,4.7140217569262655,16.89113340427342,5.7548404220693925,15.667920192441075,172.52535682938154,274.3722848414035,151205.08502101392
t220,28365.0,3720.0,18083.8,23095.0,55608.18058667822,3600.825581303326,0.0,-0.0,-0.0,-0.0,6460.7875291777855,-0.0,-0.0,-0.0,10419.706225431028,-0.0,651.6693495156553,1961.3389664436136,0.0,58.965216000000105,1037.1902350125772,146.61825447768243,386.9897169523081,795.4331726828611,0.37629825759175944,1.2940164969115233,2.5532942959193816,0.29527893218115303,0.345580032482228,0.6393230600921218,-0.0,-0.0,5.93969860001905,32.76511069286609,5.005156550686532,1.0865015039376098,9.893962733686347,19.59048496936122,2.259596810575818,0.995352048909287,6.55524074849839,23.488530959223436,8.002585983067837,35.390507344982986,234.5714057919564,-0.0,154782.55275948803
t221,28365.0,3720.0,18083.8,23095.0,55608.18058667822,4801.100775071101,-0.0,-0.0,-0.0,-0.0,6460.7875291777855,-0.0,-0.0,-0.0,11605.949849954155,-0.0,796.7875285722234,2151.410972545891,0.0,62.67902700000009,1130.6858840593165,114.26571723884035,420.1137659757293,795.4331726828611,2.2046710082196093,1.9620633704382335,3.871453898717052,0.4477191583550333,2.3702778971737053,4.385014109771355,13.419247514316293,4.566818517026332,41.20551806706415,179.494074201714,28.58419264857874,1.6449865877381515,-0.0,10.972301560741734,-0.0,1.5069843572232062,-0.0,-0.0,-0.0,45.66066583138196,-0.0,7.9622579628979215,157561.4530556475
t222,28365.0,3720.0,18083.8,23095.0,55608.18058667822,6001.375968838876,-0.0,-0.0,-0.0,-0.0,6460.7875291777855,-0.0,-0.0,-0.0,11775.499682390455,-0.0,853.2949076287916,2139.3862786481686,0.0,61.13893800000008,1156.984733106056,104.70498,405.7618149991505,795.4331726828611,4.958846169459797,-0.0,-0.0,-0.0,2.5293445358328257,4.6792873912907265,6.850803467299727,2.331455329190028,-0.0,226.8614042001318,62.6279177051552,-0.0,-0.0,-0.0,-0.0,3.543212567093552,-0.0,13.496538262858575,4.598295572839078,-0.0,129.1055157027904,-0.0,159087.93121305434
t223,28365.0,3720.0,18083.8,23095.0,55608.18058667822,6212.3881563673285,-0.0,-0.0,-0.0,-0.0,6460.7875291777855,-0.0,-0.0,-0.0,11775.499682390455,-0.0,941.9057076287916,1925.264884750446,0.0,54.34494900000007,1116.0867821527954,117.93604276115965,343.9338640225717,795.4331726828611,11.93665783294783,-0.0,17.90498674942174,2.070644726123603,13.491581321193076,22.19239082291714,79.50607282804852,27.05738941172482,194.63216782995988,805.9977681417413,-0.0,6.123238660144411,4.633524556585788,9.174584099847245,1.058210708045091,9.152756708769473,10.376629273063514,41.38310532005647,14.099300596747575,114.76525979382178,480.7673451716834,-0.0,160481.88497216525
t224,28365.0,3720.0,18083.8,23095.0,55608.18058667822,6212.3881563673285,-0.0,-0.0,-0.0,-0.0,6460.7875291777855,-0.0,-0.0,-0.0,11775.499682390455,-0.0,941.9057076287914,1671.2889919537593,0.0,42.29706000000006,1007.9920311995347,145.75302276115966,256.3083320112858,795.4331726828611,27.306478679280094,11.684200541344424,29.4,4.736838138242465,25.077378378930696,15.005402771022464,53.758094612101516,18.294875450555928,442.2299822000392,1859.0364354606213,-0.0,18.490340858796657,13.991851891471967,27.70448722635136,3.1954783698927107,20.48235033370928,31.334302462054733,116.47797588536262,39.68426202449626,344.4086286451048,1174.4884800208476,-0.0,162458.4221168014
t225,28365.0,3720.0,18083.8,23095.0,55608.18058667822,6212.3881563673285,-0.0,-0.0,-0.0,-0.0,8073.4723948972005,-0.0,-0.0,-0.0,11775.499682390455,-0.0,853.2949076287914,1275.0222009768797,0.0,30.035850000000057,859.2639842492243,196.36180276115965,216.1588,795.4331726828611,18.474469841080683,4.970071373529565,16.15198674270088,3.2047549724323634,7.077378378930696,-0.0,-0.0,-0.0,226.44717486716314,1207.4988695643146,144.71309089820645,32.61327489026257,24.678837207228895,48.86519207551086,5.636186767948062,-0.0,55.2674624818208,202.23451658985113,68.90167420704236,488.0734352595208,1975.7597111220125,208.73360141042144,163898.2132272821
t226,28365.0,3720.0,18083.8,23095.0,55608.18058667822,6212.3881563673285,-0.0,-0.0,-0.0,-0.0,8073.4723948972005,-0.0,-0.0,-0.0,11775.499682390455,-0.0,853.2949076287914,1080.85211,0.0,23.028540000000056,777.732737298914,224.17878276115965,216.1588,795.4331726828611,6.645543423520635,10.022040608756985,26.12030187798183,1.1527983489780684,6.103050082825071,11.29064265322638,40.449659715612825,13.76576852014988,-0.0,1234.5118488333442,234.88534631740302,45.858570608139075,34.701703597769665,68.71091200179225,7.925222772883094,12.134113191209007,-0.0,282.66190787004416,96.30343531466269,728.7842552459141,2735.7884313364893,20.517494206545848,164522.35291723217
t227,28365.0,3720.0,18083.8,23095.0,55608.18058667822,6212.3881563673285,-0.0,-0.0,-0.0,-0.0,8073.4723948972005,-0.0,-0.0,-0.0,11775.499682390455,-0.0,941.9057076287914,1088.7787190231204,0.0,21.275130000000058,763.3982903486037,229.20396276115966,263.63480000000004,795.4331726828611,12.48997544142294,9.494930310061315,18.734963162134402,2.166628392899897,11.470385609470044,-0.0,-0.0,-0.0,92.44708431864468,874.860801625729,-0.0,60.97378371902593,46.13955781422935,91.3583705722989,10.53741564271757,1.8924751743732244,25.614706781872027,12.543713655781602,4.27366646520548,1004.3400633394251,3451.3419574194368,-0.0,164767.6510822225
t228,28365.0,3720.0,18083.8,23095.0,55608.18058667822,6212.3881563673285,-0.0,-0.0,-0.0,-0.0,8073.4723948972005,-0.0,-0.0,-0.0,11935.724934917323,-0.0,941.9057076287913,1298.8020280462408,0.0,24.77562000000006,816.2606433982935,234.85502207086938,263.63480000000004,795.4331726828611,-0.0,-0.0,-0.0,-0.0,-0.0,-0.0,-0.0,-0.0,-0.0,803.4874665040145,39.98764442522892,19.895898559965175,15.055453440510561,106.52510366953237,3.4383851538194854,18.860721320602806,57.002854415007334,125.01272977886738,42.59206847674591,1341.2285623388348,4058.372437282773,-0.0,166100.69239205305
t229,28365.0,3720.0,18083.8,23095.0,55608.18058667822,6212.3881563673285,-0.0,0.0,0.0,-0.0,8073.4723948972005,-0.0,-0.0,-0.0,11935.724934917323,-0.0,941.9057076287914,1710.9220370693613,0.0,33.53001000000006,936.3197964479832,217.7142813805791,284.1437886585765,795.4331726828611,-0.0,-0.0,-0.0,-0.0,3.9692075795864157,-0.0,-0.0,-0.0,68.41895711419902,27.335988278416607,-0.0,-0.0,-0.0,119.56495933728678,-0.0,38.16317182638686,70.59487828690611,252.95333120823088,86.18166824530219,1208.9699044352378,4602.253095823602,-0.0,166491.9400288634
t230,28365.0,3720.0,18083.8,23095.0,55608.18058667822,6125.645101884468,0.0,-0.0,-0.0,-0.0,8073.4723948972005,-0.0,-0.0,-0.0,11935.724934917323,-0.0,875.5297733257194,2317.2121370693617,0.0,47.53830000000006,1123.5757494976729,223.36534069028883,352.128777317153,795.4331726828611,-0.0,-0.0,-0.0,-0.0,7.881071333076593,-0.0,-0.0,-0.0,120.32904901710282,-0.0,58.94871139416879,-0.0,-0.0,130.63249933317627,-0.0,57.86823530387482,6.045636734273941,21.662534001324133,7.380465438970049,127.43025111626633,3031.244768098736,-0.0,164311.02949073122
t231,28365.0,3720.0,18083.8,23095.0,57241.5,6125.645101884468,-0.0,-0.0,-0.0,-0.0,8073.4723948972005,-0.0,-0.0,-0.0,12184.765306112975,-0.0,720.5430390226475,2721.4055370693623,0.0,58.04610000000007,1250.042078547906,251.80819999999855,372.63776597572945,795.4331726828611,-0.0,-0.0,-0.0,-0.0,8.189691630584663,-0.0,-0.0,-0.0,125.56913479842049,-0.0,53.58147842848135,-0.0,-0.0,41.33249933317626,-0.0,25.271606535178314,46.747843590714474,167.50539203445115,57.069397175594986,564.9565358845697,2328.1993734015914,-0.0,166477.5216490059
t232,28365.0,3720.0,18083.8,23095.0,57241.5,5690.365521637548,-0.0,-0.0,-0.0,-0.0,8499.75924886651,-0.0,-0.0,-0.0,12184.765306112975,-0.0,654.1671047195755,2923.5022370693605,0.0,63.3,1309.3116075981366,274.6,420.1137659757293,795.4331726828611,-0.0,-0.0,-0.0,-0.0,-0.0,-0.0,-0.0,-0.0,-0.0,-0.0,120.63003784295555,-0.0,-0.0,-0.0,-0.0,-0.0,-0.0,-0.0,-0.0,-0.0,-0.0,-0.0,163441.24800250566
t233,28365.0,3720.0,18083.8,23095.0,57241.5,5320.199551223144,-0.0,-0.0,-0.0,0.0,8499.75924886651,-0.0,-0.0,-0.0,12184.765306112975,-0.0,676.4019704165036,2923.5022370693605,0.0,63.3,1301.3843366483695,274.6,420.1137659757293,795.4331726828611,-0.0,-0.0,-0.0,-0.0,-0.0,-0.0,-0.0,-0.0,-0.0,345.02554753667255,68.5007732504302,-0.0,-0.0,-0.0,-0.0,-0.0,-0.0,-0.0,-0.0,-0.0,2276.0680349539057,610.4764466283428,166264.8303913648
t234,28365.0,3720.0,18083.8,23095.0,57241.5,4257.478886448628,-0.0,-0.0,-0.0,-0.0,8030.971091108554,-0.0,-0.0,-0.0,11562.536143146299,-0.0,787.2476361134316,2721.4055370693604,0.0,58.046099999999996,1226.2602656986023,251.8082,379.3227727805835,795.4331726828611,5.883474974391775,-0.0,-0.0,1.0206028016802058,0.2197233998816852,-0.0,-0.0,-0.0,94.01374551036126,-0.0,145.30176147285425,49.34562748889995,37.340399324654165,73.93564655635512,8.527851730464254,45.205893639160024,83.62262376474656,299.633936044176,102.08583673458666,909.1706981042576,-0.0,723.9073139135829,163155.02494050836
t235,28365.0,3720.0,18083.8,23095.0,57241.5,3361.060901644787,-0.0,-0.0,-0.0,-0.0,7558.527402294617,-0.0,-0.0,-0.0,10247.087188987267,-0.0,809.4825018103596,2317.2121370693603,0.0,47.53829999999999,1083.9393947488352,215.03239499999998,291.0557795854377,795.4331726828611,-0.0,-0.0,-0.0,-0.0,7.878500148446337,-0.0,-0.0,-0.0,228.02061519438172,265.0376783388649,-0.0,87.96154484501646,66.56150457231952,131.7947307828854,15.201407917846808,80.582220613052,149.06234948568226,534.1154879095882,181.97413556024384,1625.1080994120814,2191.4694889223024,1281.8715713482484,164078.3085088745
t236,28365.0,3720.0,18083.8,23095.0,55608.18058667822,1942.9663910495894,-0.0,-0.0,-0.0,-0.0,7066.72872835359,-0.0,-0.0,0.0,7929.6445662051265,-0.0,743.1065675072878,1785.871245628552,0.0,33.630024000000006,874.421723799068,155.46478999999997,250.26478639029185,795.4331726828611,11.021188727247324,8.3783526548972,16.531783090870984,1.9118388608490253,-0.0,18.72477472537428,67.08305179390845,22.8296052207266,-0.0,992.0242392626263,-0.0,110.1055330320612,83.31811308298592,164.9735587208568,19.02830520520521,100.86849167031112,186.58823550735204,668.5770537634722,227.78543998075753,2034.139791472665,3518.250289108135,1597.957361004348,160299.60958917925
t237,28365.0,3720.0,18083.8,23095.0,55608.18058667822,863.3484009056078,-0.0,-0.0,-0.0,-0.0,6600.932898473523,0.0,-0.0,-0.0,6527.62123515507,-0.0,588.1198332042156,1456.6270541877439,0.0,24.975648000000017,732.1008528493008,118.68898500000003,256.94979319514584,766.528492306313,21.12476930227593,16.059135847138332,31.68715395341389,3.664500797333579,9.278798487271168,35.89055192682594,128.58086621232238,43.75845069757157,161.26748217885378,262.8324350933344,143.42435699356267,127.50721251869308,96.48616249317212,191.04688050200153,22.035642431921794,116.8102987167893,216.07765879845638,774.2426209817957,263.7858943549473,2354.9071143158094,4511.528943884049,1869.3551380906752,158209.22584853336
t238,28365.0,3720.0,18083.8,23095.0,55608.18058667822,249.93852936023893,-0.0,-0.0,-0.0,-0.0,6460.7875291777855,-0.0,-0.0,-0.0,6274.463057618036,-0.0,499.50903320421565,1329.4795627469357,0.0,21.57517200000003,656.9767818995338,104.70498,216.1588,612.4764119297648,19.34149824179057,14.703485908299974,29.01224736268586,3.355157858269793,17.7626004261342,32.86081078834827,117.72656837987836,40.06453207228047,307.5231692915056,882.7708863213994,133.3257867606164,140.90606646688525,106.62522814859942,211.122680125719,24.351216184713394,129.08508773644186,238.78377035495654,855.6024405094927,291.5053354927341,2600.1004970670538,5272.621692140384,2081.7620327066593,158848.9632349596
t239,28365.0,3720.0,18083.8,23095.0,55608.18058667822,-0.0,-0.0,-0.0,-0.0,-0.0,6460.7875291777855,-0.0,-0.0,-0.0,6274.463057618036,-0.0,499.50903320421565,1404.4287713061276,0.0,23.428596000000045,649.0495109497667,113.47845000000001,216.1588,583.5717315532166,17.262074927317407,13.122699817195375,25.89311239097611,2.9944415690244486,15.852925953658843,29.32791301426886,105.06967034841668,35.75715520658605,271.5155117633266,1152.336239369064,250.00835783425984,100.36187882440184,75.94497877484099,150.37442582246788,17.344418655894955,91.94225811765673,170.07633827625148,609.4121467542118,207.62784662833468,1849.8347911409983,5778.328903291416,1515.0562403344534,157582.30039530242
t240,28365.0,3720.0,18083.8,23095.0,55608.18058667822,-0.0,-0.0,-0.0,-0.0,-0.0,6460.7875291777855,-0.0,-0.0,-0.0,6274.463057618036,-0.0,499.50903320421565,1681.4746798653177,0.0,30.53592000000006,708.3190399999999,145.04372,263.63480000000004,583.5717315532166,11.764656627934588,8.94353998756252,17.64698494190188,2.0408077823968167,10.804276495041968,2.38294510272425,8.537097620270373,2.9053324675857155,-0.0,-0.0,171.04485366207095,67.85265026060739,51.34487460995626,101.66512866228592,11.726213048393564,62.1603138293484,79.42492163236773,284.59286275993924,96.96131522050433,1244.6481399840732,2631.1075578149757,1054.4726346453062,151441.34720525204
t241,14960.91678911167,2057.279999999999,9070.113906736176,17447.097985962933,39144.724227152255,130.43629422443843,-0.0,-0.0,-0.0,-0.0,3554.657712938672,-0.0,-0.0,-0.0,-0.0,-0.0,558.3179939259505,1550.133619439173,0.0,28.468120000000134,711.7193600000003,147.9113285714286,342.36914858067877,494.98884983800554,9.765726268631283,-0.0,-0.0,-0.0,3.009983617818292,5.568469692963841,19.94950253365124,6.7891852713012595,146.56983593726645,-0.0,51.761776200238344,74.36221396012687,56.27073573157252,107.33843772948478,12.851187983042067,6.3699553573119445,11.783250752536745,361.9,180.80355241204344,1680.921120602261,3321.5558775761674,1581.9319986304154,97838.63814673825
t242,14960.91678911167,2057.279999999999,9070.113906736176,17447.097985962933,39144.724227152255,39.70557867661084,-0.0,-0.0,-0.0,-0.0,1649.3116995650723,-0.0,-0.0,-0.0,11.676918917911893,-0.0,469.7071939259505,1514.26431,0.0,31.66688000000019,711.8812800000004,128.0695171428572,290.7897742903394,525.8394856584991,-0.0,1.1221713605302877,2.2142173154087557,0.2560659480404684,-0.0,-0.0,-0.0,9.84691394496097,70.90628766451549,117.20949715514944,22.58252087935891,17.4613733903289,13.213220468185135,22.082648083797558,3.017653455040069,8.842675238000387,16.357329652711336,378.2896945937939,144.41534202755736,1180.62567481754,-0.0,1130.0499580284263,91191.5387911636
t243,14960.91678911167,2057.279999999999,9070.113906736176,17447.097985962933,39144.724227152255,-0.0,-0.0,-0.0,-0.0,-0.0,741.0212199500697,-0.0,-0.0,-0.0,11.676918917911893,-0.0,469.58619572476965,1682.1961305608274,0.0,34.97958000000014,644.7654400000004,131.07442571428578,286.97239999999994,492.79491558192944,0.916951086744395,-0.0,-0.0,-0.0,0.8420979368060767,1.557881183091242,5.581237992275831,4.9571273533445295,-0.0,-0.0,36.23205631091292,4.887081188099941,14.868845825252173,25.360859710983508,3.395767450113029,10.847046512853165,20.065049410222883,29.67507855660017,94.95364569348979,492.74177146209183,132.64715789854642,745.6743933647538,88800.40418434901
t244,14960.91678911167,2057.279999999999,9070.113906736176,17447.097985962933,39144.724227152255,-0.0,-0.0,-0.0,-0.0,-0.0,92.74667475015096,-0.0,0.0,-0.0,680.5209469210228,-0.0,469.45821685813615,1649.4921911216545,0.0,33.05737000000009,644.7654400000001,150.91035285714287,315.0830222222222,585.2205733690657,-0.0,0.8669449510881139,1.7106162122141304,0.19782636467782463,-0.0,-0.0,3.729836604550785,-0.0,-0.0,-0.0,16.800615157476187,6.407783739923955,4.848843064942454,9.600924294886056,1.1073854449868579,12.240173347242278,22.642078902407874,38.90900898453827,17.078566900914353,457.04382259862075,228.76545038549676,443.89700357156664,88567.23457758797
t245,14960.91678911167,2057.279999999999,9070.113906736176,17513.81901441813,39144.724227152255,-0.0,-0.0,-0.0,-0.0,-0.0,92.74667475015096,-0.0,-0.0,-0.0,838.9791284849116,-0.0,469.33721865695526,1545.1944336239253,0.0,25.89392000000005,577.5686400000001,148.00940000000003,390.89844444444446,584.2435381010719,0.34586983690598627,0.2629316617295506,0.5188047553589794,0.05999782885103841,0.3176355645054975,0.5876257943351704,2.105217935861437,0.7164446621624,-0.0,-0.0,21.87196273829749,6.691590392571652,5.063602797063446,10.026158088198796,1.1564325678437586,6.130215359637788,11.339775665264039,40.63232488375306,17.665703818220745,-0.0,254.07320628919408,229.77990163935036,88029.07073775877
t246,14960.91678911167,2057.279999999999,9070.113906736176,17513.81901441813,39144.724227152255,-0.0,-0.0,-0.0,-0.0,-0.0,-0.0,-0.0,-0.0,-0.0,1335.966058588674,-0.0,469.2767195563649,1520.3515599999996,0.0,24.003359999999997,577.4876800000001,125.21760000000002,419.46666666666675,458.45089470137816,1.4292999835623588,1.0865596813815888,2.143949975343538,0.24793979306693975,1.3126224338837988,2.428351502685028,8.69976979790762,2.9606928230934573,-0.0,-0.0,20.96056951748166,7.55417344507819,5.716329234446749,11.318585379957753,1.305503128931298,6.9204340621018305,12.801535536122433,45.87005653982883,15.628013184197002,15.881208920372758,77.28643148582438,123.65760864731836,88042.28411200392
t247,15575.464586783342,2057.279999999999,9070.113906736176,17513.81901441813,37874.776927307474,-0.0,-0.0,-0.0,-0.0,-0.0,-0.0,-0.0,-0.0,-0.0,2558.456211319725,-0.0,469.18802092368816,1521.8125,0.0,24.01602,577.40672,125.27252000000001,400.84488888888905,458.0586473430321,3.870725175842487,2.942541077553727,5.8060877637637285,0.7314501552726942,3.5547476104675897,6.576283079365042,23.560077218265747,8.017930721388007,45.97113128240302,-0.0,56.36521982439753,6.66035832522257,5.039969135361374,9.979362389972742,1.1510350796945048,6.101603432166986,11.286848839722811,40.44267915936322,13.778895662750722,-0.0,188.4742421385733,107.2414122870321,88774.06256407902
t248,17160.24458678334,2265.119999999999,10080.476106736176,18100.613591888887,37874.776927307474,118.26908683477545,-0.0,-2.083666572616494e-14,-0.0,-0.0,-0.0,-0.0,-0.0,-0.0,4621.815789546843,-0.0,557.5891240898305,1523.27344,0.0,24.035009999999996,577.40672,125.35490000000001,429.92791111111137,332.9112473430321,11.143917817564528,8.4716518102914,16.71587672634679,1.933128601006091,10.234210240620483,18.933288945147893,67.8300712058902,23.083829764955084,187.69616584024982,675.8193859038942,163.86200866426037,7.596039363078356,5.748009652262313,11.381314012129145,1.31273834630381,6.958787738659031,12.872482813270368,46.12427257547075,15.714625058180566,58.60729942242298,389.41916439785393,122.14888497456141,95655.42159551587
t249,18745.02458678334,2472.959999999999,11090.838306736176,19390.953591888887,37874.776927307474,1318.5442806025508,-0.0,-2.083666572616494e-14,-0.0,-0.0,1245.7899794428336,-0.0,-0.0,-0.0,5473.484923408433,-0.0,734.4800290547918,1524.9778699999997,0.0,29.320559999999993,644.5225599999999,148.31146,506.7157333333337,333.2430392113323,4.6355250109759485,3.5239450338541634,6.9532875164639165,2.2709930845713693,4.257114805998318,7.875662391096888,28.215210908644405,-0.0,221.55141209088185,1765.8978432454132,-0.0,-0.0,8.962478679029921,17.746105233644602,2.0468632016409796,-0.0,20.07118285104261,71.91842647319129,-0.0,107.69664938300335,764.3701249710523,140.43823016883377,104712.3749028185
t250,20329.80458678334,2680.7999999999993,12101.200506736175,20514.32,38519.03904856759,2518.819474370326,-0.0,-2.083666572616494e-14,-0.0,-0.0,1994.7989977389402,-0.0,-0.0,-0.0,7536.844501635552,-0.0,928.1256621508576,1700.6616187555348,0.0,29.364869999999986,778.7542399999999,148.53114,536.256355555556,427.5473363016845,-0.0,14.32274662383811,21.307702466142818,3.4572357767288535,13.045532122128256,-0.0,114.67809880697224,-0.0,266.1929255297889,1655.5999940638796,-0.0,10.472497426031092,1.2139258805975484,24.334468369543337,3.346592448762851,9.593932205726471,37.33725278580306,128.54792956354925,-0.0,298.41764095368035,1346.9918277841598,-0.0,114693.72864140288
t251,21914.584586783338,2888.6399999999994,13111.562706736175,21804.66,41717.17704856759,3576.5336149695704,-0.0,-0.0,-0.0,-0.0,2712.678140530439,-0.0,-0.0,-0.0,8473.428902753245,-0.0,1033.099996146333,1743.0752269928787,0.0,30.170889999999964,866.0379491993787,171.625,518.6069777777782,522.2321459035221,-0.0,20.500267439058504,40.45019212807516,3.4,24.76542375188275,21.681799515045817,164.13972519997844,-0.0,140.19973430789702,2205.2150052317984,193.78363632703181,24.99747338113565,12.205140907027339,46.097561537174826,5.8567812463732025,22.900369909563864,27.333020656535723,216.74572819026633,18.050994410521646,556.4670291229652,2241.4317383088446,241.59868597592197,127311.93349390737
t252,23499.364586783337,3096.4799999999996,14121.924906736174,23095.0,44915.31504856759,4402.868472754279,-0.0,-0.0,-0.0,-0.0,4179.208674267576,-0.0,-0.0,-0.0,8917.371319072352,-0.0,1049.3425319406274,1989.0464752302225,0.0,36.243469999999945,1020.4374983987575,177.58382,548.6624,617.1702484226645,12.084994637475585,14.787329688976167,29.177684084288533,2.096376620786581,17.863888214870528,42.21395877157321,63.491472594277916,6.122112838726359,-0.0,1980.8589066291324,251.59090507883906,43.90704051122219,26.514226101102892,74.43018477067696,7.449567943176974,40.223563958267306,59.377756900474324,57.15911615025698,19.47421669335916,720.1402177096525,3273.263050459294,547.9170712356979,138956.1630937657
t253,25084.144586783335,3304.3199999999997,15132.287106736174,23095.0,48113.453048567586,5012.112962599554,-0.0,-0.0,-0.0,-0.0,5791.893539986991,-0.0,-0.0,-0.0,9527.648149748962,-0.0,1005.0976310412179,2438.5753634675666,0.0,47.58893999999992,1107.6402475981363,206.41681999999997,572.0,712.4515807810105,20.23850872152599,15.385396936262106,30.357763082288987,3.6868962618549386,18.586385560585093,24.49169525615448,-0.0,22.166515029874816,145.03309625256733,1302.0825291425624,128.1038048401113,33.974572220051485,-0.0,111.23084129332688,1.3942125364949378,31.12435642977871,-0.0,206.2986188999435,70.28632138812664,1150.0,3572.5624444934547,273.8757633653754,148311.50969902088
t254,26668.924586783334,3512.16,16142.649306736173,23095.0,51311.591048567585,6212.3881563673285,-0.0,-0.0,-0.0,-0.0,7369.115167207612,-0.0,-0.0,-0.0,10496.581227356215,-0.0,1049.3425319406274,2839.603393467567,0.0,58.06508999999994,1242.1148075981364,251.86311999999998,548.1476,808.113425650842,9.537432500207114,7.250395114953369,14.306148750310673,3.1342105006354912,8.758866581822861,-0.0,-0.0,-0.0,285.63964301705585,582.4195798270545,-0.0,-0.0,-0.0,89.3,5.8227680085330205,-0.0,-0.0,-0.0,-0.0,-0.0,2528.1355286813214,219.75919064601698,155359.72322530337
t255,28253.704586783333,3720.0,17153.011506736173,23095.0,54509.729048567584,6212.3881563673285,-0.0,-0.0,-0.0,-0.0,8499.75924886651,-0.0,-0.0,-0.0,11561.220539045182,-0.0,1049.3425319406274,3040.239153467568,0.0,63.29999999999994,1309.3116075981368,274.6,572.0,904.0285634379784,-0.0,-0.0,-0.0,-0.0,-0.0,-0.0,-0.0,-0.0,-0.0,-0.0,-0.0,-0.0,-0.0,-0.0,-0.0,-0.0,-0.0,-0.0,-0.0,-0.0,-0.0,-0.0,160217.63494281043
t256,28365.0,3720.0,18083.8,23095.0,57241.5,6212.3881563673285,-0.0,-0.0,-0.0,-0.0,8499.75924886651,-0.0,-0.0,-0.0,12184.765306112975,-0.0,1049.3425319406274,3040.239153467568,0.0,63.29999999999996,1309.3116075981368,274.6,572.0,1000.2782639356813,-0.0,-0.0,-0.0,-0.0,-0.0,-0.0,-0.0,-0.0,-0.0,-0.0,-0.0,-0.0,-0.0,-0.0,-0.0,-0.0,-0.0,-0.0,-0.0,-0.0,-0.0,-0.0,164711.28426828884
t257,28365.0,3442.8637413394918,18083.8,23095.0,57241.5,5976.109443000368,-0.0,-0.0,-0.0,-0.0,8499.75924886651,-0.0,-0.0,-0.0,11488.925538096557,-0.0,1049.3425319406274,2939.329857307022,0.0,63.29999999999995,1292.7706686824872,251.89058000000006,567.9993185047829,1000.2782639356811,4.964415506377577,5.093158799239101,10.049588503196615,1.1621973098934861,6.152809287671397,11.382697182192084,40.7794526677332,13.87800317108104,114.06966193843199,544.6053099909557,95.8043415181056,-0.0,23.11327495346447,-0.0,5.278641508219157,-0.0,-0.0,185.46993804121482,63.18995125858466,-0.0,1653.5043041462468,478.2631417765283,166614.63007923268
t258,26251.836027713627,3165.7274826789835,16736.571362586605,23095.0,57241.5,5140.274340492479,-0.0,-0.0,-0.0,-0.0,7365.349739685871,-0.0,-0.0,-0.0,9715.665432242135,-0.0,960.6037530739939,2637.7848011464757,0.0,58.06508999999993,1208.9519697668377,233.14716857142867,544.9182888785872,1000.2782639356813,6.93390058410899,8.65732076395529,-0.0,-0.0,12.520677171036796,23.16325276641807,82.9842659169272,14.363079781368619,122.67244379525839,1129.4959786596155,101.53014309581074,23.643971493218253,-0.0,24.80073859422066,10.081838989988654,21.660416837746922,40.067804040520855,317.8479745859663,120.68842208403893,546.680833111905,-0.0,550.4844541352593,158513.95123718007
t259,24138.672055427254,2888.5912240184753,15389.34272517321,21374.44572748268,54636.48672163092,5140.274340492479,-0.0,-0.0,-0.0,-0.0,7365.349739685871,-0.0,-0.0,-0.0,8060.8207165983285,-0.0,783.1936751067698,2384.8430859265554,0.0,47.58893999999991,1057.936470851188,191.69433714285728,569.5420592523915,875.4740937748851,15.145747095953041,-0.0,-0.0,1.3705997251445208,7.2561161919415795,13.423814955091917,-0.0,31.373333270188436,258.34402167932217,-0.0,223.4909433727012,-0.0,-0.0,73.29252370639858,16.295716399717715,-0.0,-0.0,317.8479745859663,120.68842208403893,546.680833111905,2215.8007222093665,706.8997224759986,149452.16640342757
t260,22025.50808314088,2656.345538278534,14042.114087759815,19653.891454965356,50372.052541492354,4384.719826010031,-0.0,-0.0,-0.0,-0.0,7365.349739685871,-0.0,-0.0,-0.0,6005.371082972284,-0.0,694.3126791723217,1931.2656107066348,0.0,34.540699999999944,899.2386601299701,173.1156857142859,546.9186296261958,719.1146220198088,9.958593493490822,7.570563421072104,17.548343553162084,-0.0,18.0,33.3,71.2080743500761,24.23342681150955,-0.0,906.1136654753356,-0.0,35.94719433359849,27.20165208800826,127.15300112234397,17.229425590090244,26.285343143293296,48.62307064968172,174.2246462190081,195.05568821378213,1194.3143987971084,4428.178886178249,1288.0456742102358,140154.0505893244
t261,19912.34411085451,2379.209279618026,13545.525260463111,17933.337182448035,47104.20475022654,2966.6253154148335,-0.0,-0.0,-0.0,-0.0,7365.349739685871,-0.0,-0.0,-0.0,4848.796284699452,-0.0,661.9781198113205,1681.4892654867144,0.0,26.759019999999964,770.4869780703461,177.38375428571447,572.0,593.82418315246,-0.0,-0.0,32.01045331292585,-0.0,2.895024713957042,5.355795720820524,-0.0,44.20491171784999,153.5838007347777,1552.6737625911678,141.71647121277095,66.85476848487541,50.58976608503157,173.46250400336794,22.570835216904882,-0.0,-0.0,361.9,258.99702869788354,1739.6560037541922,6349.254334205813,1785.054451383961,133280.09315605322
t262,17799.180138568136,2379.209279618026,12198.296623049717,17447.097985962933,42839.770570087974,1548.530804819636,0.0,-0.0,-0.0,-0.0,7365.349739685871,-0.0,-0.0,-0.0,2742.672190635458,-0.0,718.1333622491386,1635.2705602667938,0.0,24.2439,682.6484920468971,158.94240285714307,549.8913703738044,593.9254731978217,-0.0,-0.0,29.404072421766152,1.7279820765580993,12.043165119264625,22.279855470639554,-0.0,24.239050632043757,-0.0,1411.4,-0.0,92.95118255023824,70.33722035261317,212.56333917177233,27.080785969811547,23.90711758336931,44.22378893626923,474.7749619590822,189.6850799438439,2185.106687230198,7938.874020578135,2205.0446698198393,123648.80587323479
t263,17074.080761398043,2334.416258660507,10851.067985636322,17447.097985962933,41379.69991814108,130.43629422443843,-0.0,-0.0,-0.0,-0.0,5460.003726312271,-0.0,-0.0,-0.0,584.0875254442446,-0.0,685.556806485776,1792.6094950468735,0.0,27.001670000000033,661.9258460234481,163.34777142857166,480.5355407476087,469.2108582355265,6.486331314578521,4.930935540164283,20.80097988576967,1.1251799219166823,-0.0,-0.0,39.48057784842947,-0.0,98.78560739286877,514.4763509383287,95.48267317099184,113.22548192300542,85.67901400549572,223.52196109697977,25.78136841320148,42.48055291479696,78.58124257132772,235.9835012712373,231.62838720327667,1593.7063879642863,9169.402999279273,2064.9738686904097,114187.611845094
t264,14960.91678911167,2057.279999999999,10417.342544149571,17447.097985962933,39871.33679313688,130.43629422443843,-0.0,-0.0,-0.0,-0.0,3554.657712938672,-0.0,-0.0,0.0,-0.0,-0.0,667.3425090578745,1789.8548256077,0.0,30.535920000000086,708.31904,145.04372,434.3329664572694,469.9576885565391,12.974519866029887,9.863282959379863,19.46177979904483,2.2506820175766133,-0.0,-0.0,-0.0,-0.0,97.82037458237562,989.8039336670845,-0.0,127.00892935763984,96.10910594009324,190.30029180599394,21.94952973798139,42.48055291479696,78.58124257132772,319.67862923422723,260.14347224841805,1825.7215677780703,6495.773946581525,2043.1081201605034,105317.48475042562
t265,18438.16759340943,3720.0,18083.8,23095.0,57241.5,-0.0,-0.0,-0.0,-0.0,-0.0,-0.0,-0.0,-0.0,-0.0,267.72321379916207,-0.0,689.2490005206807,1880.3728555418063,0.0,33.98830200000031,736.8307941989656,138.20618000000005,368.3723923219896,836.7816944161502,2.2781573142118,1.7318644888650923,18.149905350496095,2.0989686459757393,11.112186949283327,3.87054278383944,13.866539162523878,4.7190401508673006,-0.0,-0.0,30.569775030453997,50.15481937157773,9.812270990995621,75.14807667587067,8.667695294081387,45.94720029678095,21.974265412207444,78.73749161067207,51.52015149738908,126.0671346190843,463.51622433059947,243.36190975253402,126793.2962459365
t266,19038.20756641232,3720.0,18083.8,23095.0,57241.5,1200.2751937677754,-0.0,0.0,-0.0,-0.0,-0.0,-0.0,-0.0,0.0,1087.7275349841314,-0.0,744.0053618385596,2202.1561766321456,0.0,42.68825400000035,832.5393483979312,154.16044000000002,363.09209168428873,924.0907198219695,4.732522488575331,0.9628975965794409,9.828709407650452,1.1366534689119574,6.017577188357423,-0.0,-0.0,-0.0,39.70146855644699,178.4528586048488,62.38152877348967,11.445904330593926,11.238852057692695,51.58180840588351,5.9495254936237405,31.53826135454915,25.16904784538714,90.184934804412,-0.0,160.7612384586102,572.0333475016497,271.06309955626585,130263.42292343266
t267,20622.987566412317,3720.0,18083.8,23095.0,57241.5,1380.2011836533527,-0.0,-0.0,-0.0,-0.0,-0.0,-0.0,-0.0,-0.0,2131.1488371992014,-0.0,887.6215002242529,2335.9848993174287,0.0,54.819066000000305,992.1261210524957,192.9065,405.34499104658795,1011.335537555507,1.5607737648222946,1.1865065865230706,2.3411606472334423,0.2707464694079491,1.4333636615714944,2.651722773907265,9.50001582363774,3.233031369989038,-0.0,-0.0,20.29005208303885,12.299245593036572,11.884585127091409,18.428232071445727,2.125540765239541,11.267429687580485,-0.0,-0.0,1.7653855311942648,176.84127832978635,625.4887856909071,69.58733715843081,133126.93139559598
t268,21733.021079471288,3720.0,18083.8,23095.0,57241.5,2580.476377421128,-0.0,-0.0,-0.0,-0.0,-0.0,-0.0,-0.0,-0.0,4058.3265489743385,-0.0,942.9825756777607,2671.666832002712,0.0,61.68964800000026,1084.4351337070602,216.8859449999998,465.2396728372704,1098.449680388585,3.520858056755939,2.6765706655950754,5.281287085133908,0.610761091478071,3.2334410725309635,5.981865984182282,-0.0,7.293205974708729,33.07091683284519,141.92532916526653,45.856407733498045,13.354985770457773,10.105870104826263,20.010070961440917,2.307992507310655,12.23460105817105,1.7890898979788832,6.410610238401561,3.949492307637792,-0.0,-0.0,85.20526145521738,137458.29211144356
t269,22803.05062673928,3720.0,18083.8,23095.0,57241.5,3780.751571188903,-0.0,-0.0,-0.0,-0.0,-0.0,-0.0,-0.0,-0.0,4989.593291588165,-0.0,909.9818281990828,2804.765084687995,0.0,63.30000000000021,1109.5473463616247,218.0735899999996,477.7155546279526,1185.4618298372832,4.378839114258038,3.328811367471671,6.5682586713870545,0.759594540228435,4.021382860032891,7.439558291060848,14.722318893025514,9.070452450963078,75.21003822649419,325.4723551034321,57.27784491612446,7.46806784088199,5.651172141338552,-0.0,-0.0,1.4670991479833173,-0.0,9.724234096248393,5.078450090651096,10.797682890511968,36.40271334526399,-0.0,141067.3795972177
t270,24387.83062673928,3720.0,18083.8,23095.0,57241.5,3780.751571188903,-0.0,-0.0,-0.0,-0.0,-0.0,-0.0,-0.0,-0.0,4989.593291588165,-0.0,965.8408577882198,2735.279657373278,0.0,59.656452000000165,1067.3817990161892,196.44197499999942,442.77263641863505,1201.3456391566033,-0.0,-0.0,-0.0,-0.0,-0.0,7.6990131492334,42.30466930454337,9.386784800566847,-0.0,-0.0,92.00009600416105,-0.0,-0.0,-0.0,-0.0,3.396537573110585,-0.0,-0.0,4.357138421578611,55.14743477891746,-0.0,-0.0,142181.4861803014
t271,25569.42021840243,3720.0,18083.8,23095.0,57241.5,3780.751571188903,-0.0,-0.0,-0.0,-0.0,-0.0,-0.0,-0.0,-0.0,4989.593291588165,-0.0,965.8408577882198,2463.454040058561,0.0,50.75267400000011,958.0194516707537,152.01856,360.46811820931754,1092.0204054820488,10.521097135667342,7.998180985787928,15.781645703501008,1.8250882786361713,9.662232063367965,20.533450281401045,-0.0,25.034777219966447,208.7702381131831,-0.0,-0.0,5.4203113198798345,4.101611418231217,8.121372497739415,0.9367316542745353,8.362124788973656,9.185426901138646,32.91293064873342,15.570634826632027,177.10365119878463,349.3852567638499,83.97851022842559,143517.84446041659
t272,26192.012466416752,3720.0,18083.8,23095.0,57241.5,3780.751571188903,-0.0,-0.0,-0.0,-0.0,-0.0,-0.0,-0.0,-0.0,4989.593291588165,-0.0,877.5395339566244,1989.0447427438442,0.0,36.58866600000006,781.4603043253181,129.22676,325.6968,857.3677825119354,23.76334841421009,18.064994457741342,35.64502262131513,4.122213500424198,21.823483237539875,9.73176495361908,80.60207028215049,11.865154868376418,457.17393956838555,1074.3005949705323,189.49946137757837,16.551865203553938,12.524985246313467,24.8000262194189,2.860473348936335,18.559823481064363,28.049301771123282,100.50536941553976,38.59950385107862,413.7260672110892,1035.6666265496663,264.98973728350927,145983.00774656472
t273,26968.649294367955,3720.0,18083.8,23095.0,57241.5,3780.751571188903,-0.0,-0.0,-0.0,-0.0,-0.0,-0.0,-0.0,-0.0,4989.593291588165,-0.0,847.2609417367934,1656.6934263719224,0.0,27.678558000000045,672.0169969798826,129.22676,338.4586817906825,747.8073158741345,27.1142454800162,20.61236008429803,40.6713682200243,4.703491562859953,24.900837685729158,-0.0,107.17200422679534,-0.0,363.28964952855443,2110.506132087152,383.979690134989,29.590718075028562,22.391633979593763,44.33642825671225,5.113832150550239,29.537641486019346,50.145344388890685,179.67920925088652,65.57417766068973,507.68127777582947,1795.639987886199,472.66654897825293,148583.74341679746
t274,26968.649294367955,3720.0,18083.8,23095.0,57241.5,4658.254354604974,-0.0,0.0,-0.0,-0.0,760.7608556404535,-0.0,-0.0,-0.0,6010.496835423033,-0.0,728.6205265847767,1525.9518300000002,0.0,24.01602,629.7704896344471,152.01856,398.81096358136494,763.2541072914636,19.6,13.681053124373085,29.4,3.121851048514664,16.52744672743057,17.80922672714761,51.67502970873856,21.71335150517096,151.8911256792206,1478.243490258516,258.5,41.898718874227825,31.705238611202606,62.7777784474588,4.206864571881739,40.31316410520847,71.00286252176193,254.41520739233306,91.03687058923452,738.8386927908795,2378.385997105959,665.3375829040908,151202.98538982184
t275,27593.630298507098,3720.0,18083.8,23095.0,57241.5,4658.254354604974,-0.0,-0.0,-0.0,-0.0,2172.2177368585562,-0.0,-0.0,-0.0,7248.954098932399,-0.0,698.8791687345314,1596.8199536280777,0.0,25.601051999999957,654.7207822890117,152.01856,425.0552939302272,849.5973704691052,-0.0,7.227088810373047,16.66533215895294,1.6491343594139845,8.730711314544616,-0.0,-0.0,-0.0,-0.0,850.0962187894582,150.9275101292384,-0.0,42.33698563449343,83.82910902794373,6.63495757276634,46.28938874075204,-0.0,339.72849448166676,43.06200271875079,997.3575347210069,3153.093684954044,798.1525919211024,154761.8294152885
t276,28289.388516186726,3720.0,18083.8,23095.0,57241.5,4658.254354604974,-0.0,-0.0,-0.0,-0.0,3660.996766242591,-0.0,0.0,-0.0,8370.672021599365,-0.0,758.0650677181436,1816.9991422941744,0.0,27.659568000000046,746.7869149435762,167.44009600000004,403.8808242790895,935.7979270234696,9.774533646033952,-0.0,29.4,-0.0,-0.0,16.606733184333194,20.785589509771953,-0.0,-0.0,-0.0,284.0362576859342,17.431583513077882,10.427663762678208,85.14721045479757,9.647462777207652,62.2585910866254,29.540099577531315,117.48087793394247,79.12432230201426,1060.5966714543388,3059.8760805949532,923.3277467506039,157791.70262312598
t277,28365.0,3720.0,18083.8,23095.0,57241.5,4658.254354604974,-0.0,-0.0,-0.0,-0.0,5273.681631962006,0.0,-0.0,-0.0,9670.764577524458,-0.0,906.1107437695701,2025.8894078714798,0.0,34.965654000000136,906.0498475981407,205.62597200000005,430.2967546279518,1021.9572425594573,9.163911177872517,6.966442681137781,13.745866766808772,-0.0,8.41583679600537,32.17603125694313,76.56388560774089,-0.0,37.31194615318665,-0.0,162.74913128416546,27.09920278059944,25.447163389083578,89.8511558230665,13.077636749535266,14.724171507245192,63.17578610229723,238.00320420436606,120.18650199016909,1060.5966714543388,4130.450309933482,251.1472426669244,162019.748284843
t278,28365.0,3720.0,18083.8,23095.0,57241.5,5858.52954837275,-0.0,-0.0,-0.0,-0.0,6886.366497681421,-0.0,-0.0,-0.0,11734.124155751577,-0.0,965.8408577882198,2436.632883448785,0.0,47.519310000000225,1107.7212075981406,221.02004800000003,477.7155546279527,1107.9251308289824,15.775814589819982,12.303979181093027,19.4468592606215,-0.0,-0.0,27.498154814120653,-0.0,-0.0,-0.0,-0.0,-0.0,27.64371289557521,27.602299758144877,54.653777569896626,6.30385116427699,33.416531414516854,9.522826819941812,-0.0,132.98468400839852,732.77743617676,631.2503099334813,-0.0,163079.87543168446
t279,28365.0,3720.0,18083.8,23095.0,57241.5,6212.3881563673285,-0.0,-0.0,-0.0,-0.0,8499.051363400835,-0.0,-0.0,-0.0,12184.765306112975,-0.0,965.8408577882198,2644.7926790260904,0.0,58.039770000000225,1242.1148075981405,259.20592400000004,477.7155546279527,1193.8405462730866,13.24733057153313,10.070674771216513,-0.0,-0.0,-0.0,22.506944287349654,-0.0,-0.0,-0.0,-0.0,-0.0,28.742757338983097,-0.0,-0.0,10.3,-0.0,48.70836394693443,140.40837511147157,57.52207735253903,-0.0,1865.5640075255226,-0.0,166440.1254961002
t280,28365.0,3720.0,18083.8,23095.0,57241.5,6182.1014365817,-0.0,-0.0,-0.0,-0.0,8499.75924886651,-0.0,-0.0,-0.0,12184.765306112975,-0.0,877.5788141905815,2847.1328690260893,0.0,63.30000000000021,1309.3116075981366,274.6000000000001,477.7155546279527,1279.615819772321,-0.0,-0.0,-0.0,-0.0,-0.0,-0.0,-0.0,-0.0,-0.0,-0.0,86.08332699968601,-0.0,-0.0,-0.0,-0.0,-0.0,-0.0,-0.0,-0.0,-0.0,-0.0,474.79154899916637,165062.05553277512
t281,27056.28869800991,3720.0,18083.8,23095.0,57241.5,6182.1014365817,-0.0,-0.0,-0.0,-0.0,8499.75924886651,-0.0,-0.0,-0.0,11630.231036763025,-0.0,820.3197640097416,2847.1328690260893,0.0,63.30000000000021,1309.3116075981366,274.6000000000001,477.7155546279527,1279.6158197723212,-0.0,-0.0,-0.0,-0.0,-0.0,-0.0,-0.0,-0.0,-0.0,470.5550263598245,87.51576139126728,-0.0,-0.0,-0.0,-0.0,-0.0,-0.0,-0.0,-0.0,761.1610043516291,2168.0936236896746,405.8112810472322,166473.81273209502
t282,25794.250458733375,3720.0,18083.8,23095.0,57241.5,4764.006925986502,-0.0,-0.0,-0.0,-0.0,7418.848866668239,-0.0,-0.0,-0.0,9192.424351712081,-0.0,851.920490896716,2644.549189026089,0.0,58.04610000000021,1242.0338475981364,251.80820000000008,430.29675462795274,1181.8280973910369,7.996904679023121,6.079279577420637,11.99535701853468,1.2921327366111317,7.344096133796743,13.586577847523975,48.67503715344175,-0.0,141.9037221525286,1064.6119166654678,197.76878867137825,-0.0,-0.0,-0.0,-0.0,-0.0,-0.0,-0.0,41.55116082289717,1715.9094739456068,2168.0936236896746,405.8112810472322,161802.93263478123
t283,24039.387206177853,3720.0,18083.8,23095.0,57241.5,3345.9124153913044,-0.0,-0.0,-0.0,-0.0,5513.502853294639,-0.0,-0.0,-0.0,6754.617666661138,-0.0,795.2661548515048,2359.027204566689,0.0,47.53197000000021,1107.559287598136,230.75553333333337,354.6877773139764,958.829064213428,12.151234812477004,9.237418301321805,18.226852218715504,3.4,11.159297276764594,20.6446999620145,43.416937975440064,22.99804185483117,244.11173259457843,820.7964896999774,166.07058786286066,39.66639148737126,30.01601100806114,59.433032882923705,6.855097857716845,36.3386740807126,67.21989161450499,240.860185893954,123.61267207109978,2448.5086545680747,4368.653873020423,1021.2537663117497,157462.00867675757
t284,21926.22323389148,3720.0,18083.8,23095.0,57241.5,2677.335774459076,-0.0,-0.0,-0.0,-0.0,3608.1568399210396,-0.0,-0.0,-0.0,4316.810981610195,-0.0,650.2499958741079,2098.3884222459988,0.0,35.41635000000002,905.8879275981358,186.88360666666668,326.61199999999997,860.7974417402601,19.197045820058662,18.714850188714454,36.92728829182583,2.162635464237249,22.60854385213826,32.61538907183436,119.3,48.822453574840665,395.49819433009304,1664.493408201086,336.8965838080625,62.078564378838735,46.97555794438972,93.01368790319293,10.728342501712063,56.87063112558045,105.20025171581732,376.9502088708345,169.97879484824642,2855.999128313661,5648.3575640614645,1369.8148222474442,153226.26652052105
t285,19813.059261605107,3720.0,18083.8,23095.0,57241.5,1418.0945105951976,-0.0,-0.0,-0.0,-0.0,2573.0481247586654,-0.0,-0.0,-0.0,2266.546981739359,-0.0,584.120985112342,1709.0521111229993,0.0,28.554629999999854,755.7409856986015,165.80347999999998,346.0694226860236,637.5654434018547,19.6,13.358595902338601,26.358571780453342,4.3404029425139,16.13790109007347,33.3,76.41401769364836,40.6,395.88015695289397,631.0577275905231,250.84727994672187,79.69224117487373,60.30402813736251,119.40464994825878,13.77231684733556,73.00665047228365,135.04893219231957,483.90305505346976,206.41782754876849,3171.6067122684985,6595.561096466943,1062.2258514606342,145946.79395219003
t286,19143.65601282032,3720.0,18083.8,23095.0,57241.5,-0.0,-0.0,-0.0,-0.0,-0.0,993.6830541210687,-0.0,-0.0,0.0,307.4961841674399,-0.0,606.8587320838427,1521.32552,0.0,23.96538,672.7908437990674,136.09176000000002,360.1645113430118,539.35017016299,12.037720238911287,9.151124059172352,18.056580358366926,4.265943438087792,11.055049199000159,20.451841018150297,149.68442710702163,24.935277637744804,246.99612942308278,-0.0,155.56976364573143,93.4600493205095,70.72228564353992,140.0332618174748,16.151652818812885,85.61944115603723,158.3802849223399,567.503218944503,234.90055815878344,2648.6181938867576,4540.544874097356,1274.0070653620437,136927.82691075117
t287,18438.16759340943,3720.0,18083.8,23095.0,57241.5,-0.0,-0.0,-0.0,-0.0,-0.0,-0.0,-0.0,-0.0,-0.0,-0.0,-0.0,541.3344354577056,1535.208648877001,0.0,24.623700000000145,656.9565418995332,129.17184,326.8408,566.2180892518437,21.815940652792357,16.584567128908468,32.723910979188524,3.7843978683415305,20.03504753827869,37.06483794581558,132.78784285092487,45.19016278078416,325.1151934303521,622.9750468060062,286.1449630755193,102.67271737049096,77.69361666793864,153.83680639571884,17.743774981813036,94.05923436961085,173.99235661777828,623.4438996037026,212.4084908017036,1847.2939117641154,5014.921421465924,1413.5140542570164,135634.62384424824
t288,18438.16759340943,3720.0,18083.8,23095.0,57241.5,-0.0,-0.0,-0.0,-0.0,-0.0,-0.0,-0.0,-0.0,-0.0,-0.0,-0.0,564.6768965648357,1750.9449877540023,0.0,30.53592000000028,708.3190399999999,145.04371999999998,326.898,651.0918081951821,17.780049550141694,13.516466239648532,26.670074325212536,3.0842943097184574,16.328616933803595,30.207941327536652,108.2224444557094,36.83010263957922,257.89935636828295,1127.1135257319697,235.77839165639534,69.43895252208391,52.545247629966184,104.04192047352507,12.000355888883629,63.61353704204331,117.67339269682002,421.6435724453383,143.65474573780108,1220.3462881643734,3743.228121135292,1070.3235870445578,133647.91895024214
