Status,Solve,Objval
OPTIMAL,30.274533987045288,3.6736982510501335e10
