Line,New_Trans_Capacity,Cost_Trans_Capacity
1,-0.0,-0.0
2,800.0,1.3364e7
3,0.0,0.0
4,0.0,0.0
5,1285.913618286176,6.618597393318947e6
6,500.0,1.206e7
7,1300.0,1.16571e7
8,1600.0,2.04832e7
9,0.0,0.0
10,2150.0,2.56108e7
11,755.0,2.672247e7
12,524.9304401952127,5.595758492480967e6
13,1112.1399664836445,6.921959151394203e6
14,974.8344739107907,7.497451938847892e6
15,175.0,803600.0
16,660.0,9.22548e6
17,300.0,9.3117e6
