Status,Solve,Objval
OPTIMAL,30.584774017333984,3.1969770404753983e10
