Status,Solve,Objval
OPTIMAL,32.70479488372803,3.3360385834349487e10
