Status,Solve,Objval
OPTIMAL,30.53535795211792,3.1969770404753983e10
