Line,New_Trans_Capacity,Cost_Trans_Capacity
1,-0.0,-0.0
2,800.0,1.3364e7
3,0.0,0.0
4,0.0,0.0
5,1236.7238790132342,6.365417805281117e6
6,500.0,1.206e7
7,1300.0,1.16571e7
8,1600.0,2.04832e7
9,0.0,0.0
10,2150.0,2.56108e7
11,755.0,2.672247e7
12,360.6475532964252,3.8445029181398926e6
13,1059.406755149957,6.5937476440533325e6
14,908.6473259009683,6.988406583504347e6
15,175.0,803600.0
16,660.0,9.22548e6
17,115.52427290145992,3.5857579065884147e6
