Status,Solve,Objval
OPTIMAL,30.31881618499756,3.3713426120650814e10
