Line,New_Trans_Capacity,Cost_Trans_Capacity
1,-0.0,-0.0
2,800.0,1.3364e7
3,600.0,1.42788e7
4,0.0,0.0
5,1265.8283332067583,6.515218431015185e6
6,500.0,1.206e7
7,1300.0,1.16571e7
8,1600.0,2.04832e7
9,548.0654403004997,5.275677928332611e6
10,2150.0,2.56108e7
11,755.0,2.672247e7
12,3475.0,3.70435e7
13,3651.0855201671693,2.2724356277520463e7
14,1290.0,9.92139e6
15,175.0,803600.0
16,660.0,9.22548e6
17,0.0,0.0
