Status,Solve,Objval
OPTIMAL,30.224440813064575,3.6035397537120155e10
