Line,New_Trans_Capacity,Cost_Trans_Capacity
1,-0.0,-0.0
2,800.0,1.3364e7
3,0.0,0.0
4,0.0,0.0
5,0.0,0.0
6,500.0,1.206e7
7,0.0,0.0
8,0.0,0.0
9,0.0,0.0
10,2150.0,2.56108e7
11,755.0,2.672247e7
12,1962.7979984129622,2.092342666308218e7
13,2385.9815079481787,1.4850348905469464e7
14,1290.0,9.92139e6
15,175.0,803600.0
16,660.0,9.22548e6
17,300.0,9.3117e6
