Status,Solve,Objval
OPTIMAL,738.1312820911407,3.92830561916049e10
