Status,Solve,Objval
OPTIMAL,30.476773977279663,3.3342890062673534e10
