Status,Solve,Objval
OPTIMAL,735.2545750141144,4.0821076571284e10
