Resource,NENG_Rest_hydroelectric_pumped_storage_1,NY_Z_A_hydroelectric_pumped_storage_1,NY_Z_F_hydroelectric_pumped_storage_1,PJM_EMAC_hydroelectric_pumped_storage_1,PJM_Rest_hydroelectric_pumped_storage_1,NENG_Rest_battery_moderate_0,NY_Z_A_battery_moderate_0,NY_Z_B_battery_moderate_0,NY_Z_C&E_battery_moderate_0,NY_Z_D_battery_moderate_0,NY_Z_F_battery_moderate_0,NY_Z_G-I_battery_moderate_0,NY_Z_J_battery_moderate_0,NY_Z_K_battery_moderate_0,PJM_EMAC_battery_moderate_0,PJM_Rest_battery_moderate_0,NY_Z_A_res_water_heat_1,NY_Z_B_res_water_heat_1,NY_Z_C&E_res_water_heat_1,NY_Z_D_res_water_heat_1,NY_Z_F_res_water_heat_1,NY_Z_G-I_res_water_heat_1,NY_Z_J_res_water_heat_1,NY_Z_K_res_water_heat_1,PJM_EMAC_res_water_heat_1,PJM_Rest_res_water_heat_1,NENG_Rest_res_water_heat_1,NY_Z_A_trans_light_duty_1,NY_Z_B_trans_light_duty_1,NY_Z_C&E_trans_light_duty_1,NY_Z_D_trans_light_duty_1,NY_Z_F_trans_light_duty_1,NY_Z_G-I_trans_light_duty_1,NY_Z_J_trans_light_duty_1,NY_Z_K_trans_light_duty_1,PJM_EMAC_trans_light_duty_1,PJM_Rest_trans_light_duty_1,NENG_Rest_trans_light_duty_1,Total
Zone,1,2,6,10,11,1,2,3,4,5,6,7,8,9,10,11,2,3,4,5,6,7,8,9,10,11,1,2,3,4,5,6,7,8,9,10,11,1,0
AnnualSum,6.546364561868112e6,1.016881335379065e6,4.285413273913671e6,4.579008079220758e6,1.3634530420297254e7,3.3612951351106483e6,3.3108632542413115e6,4.716469394725913e6,2.5047556740480945e7,1.4276755211664657e6,4.727432659813136e6,6.348283175255389e6,0.0,0.0,770596.4714192268,3.4936233656026274e7,55087.134347397776,41511.960297582504,81903.0833483425,9532.893362227003,50314.480876886955,94514.42302158583,335772.3279064905,111187.95979328989,918242.1512041168,4.047909555070959e6,752487.6196005659,115980.64564168047,90678.42890403044,181099.73401889895,21670.3192111308,116491.7414404223,217334.27081143841,770624.560743188,259537.22257861006,2.499218171998605e6,6.992551288087643e6,2.0190156304906604e6,1.3449126928167388e8
t1,1270.4633614456382,0.0,0.0,647.4216704729085,2535.277555914032,1178.9007850210323,717.9038500375863,781.8459963421315,6012.580495937507,248.41879103261977,0.0,0.0,-0.0,-0.0,-0.0,0.0,4.074020285778655,3.0970868499031607,6.111030428667981,0.7067178046758891,3.7414472012252946,6.921677322266794,24.797480617009867,8.439042020541496,59.160830315132166,276.0045387646198,55.93922728321915,3.124705482860058,2.3645002898823595,4.681815429855758,0.5400078267358825,2.862565761143611,5.295222378672246,18.97367305783649,6.464365537527605,52.54355383828086,211.9304692061413,45.7422668887221,14196.328750794155
t2,892.8352842107493,0.0,861.6379166909261,802.1385236322978,3693.0,736.5575961873175,555.4455216044998,902.7683071717438,1969.0704011878129,312.51376612215216,-0.0,2297.4006829443147,-0.0,-0.0,0.0,1738.4058974296495,3.142469108046601,2.3889178423415482,4.7137036620699,0.5451221922121654,2.885941017593817,5.33899088254856,19.127375744385684,6.509400295239387,46.59413476578957,205.83109010081955,42.79297741046188,1.8800919491968624,1.4226870286707805,2.8169834071020103,0.32491521940818263,1.7223661145326965,3.1860618602161592,11.416195912992357,3.889519082818341,32.2688923229799,104.85212344284368,27.29932967673487,15292.723186220468
t3,1830.0,107.76941237874956,0.0,1490.0,3693.0,-0.0,687.3688884585138,800.41966328556,4905.44144161774,427.9178184474238,1546.607438107191,0.0,-0.0,-0.0,478.36737595859904,709.9087875454279,1.1182328164897755,0.8500851513111048,1.6773492247346629,0.19397916204414473,1.0269485049395897,1.8998547341382408,6.806386479960724,2.316339405585963,16.916459380383795,84.33171130103304,15.141968525332986,0.8546708131925052,0.646739155620503,1.2805722083572264,0.14770317744769804,0.7829702416159527,1.4483515458463594,5.189687370710865,1.768136095077783,14.975167301394658,51.57568665034787,12.351895279340024,16900.10172032411
t4,1583.3211147815696,240.0,1166.7,1354.809133332017,3693.0,1178.9007850210323,496.8505844986683,957.1499528407178,3810.9006424251766,453.28175910020497,0.0,2297.4006829443147,0.0,-0.0,0.0,2741.35717511475,1.5461132643990234,1.175361614262523,2.3191698965985346,0.26820332137534075,1.4198999366929803,2.6268148828820137,9.410781247081811,3.2026631905408336,24.032154176235384,103.99139155814844,20.863996076207243,1.058182313514403,0.8007386298573757,1.5854979965912113,0.1828737890805093,0.9694086294947386,1.793228417197227,6.425439249343331,2.1891590479249317,18.994581736630202,57.4145815542423,15.24437970375356,20251.186450290505
t5,1213.6319690131631,215.33493086086673,0.0,1296.8306343545478,3693.0,1178.9007850210323,712.5379752506037,834.936151659042,7755.641652688708,391.20374925859846,0.0,0.0,0.0,-0.0,0.0,975.2021005997776,2.5625606870361226,1.948069093716236,1.677225098328563,0.44452583346544977,2.353372059522969,4.3537383101174925,15.597627038949458,5.308161423146252,41.253461219154616,177.41058044512053,34.67153037530674,0.5434037540008724,0.41119982056106286,0.8141938797362065,0.0,0.4978161907457658,0.9208687777531565,3.299627828404626,1.1241893098709324,10.0864731310483,34.91725893509478,7.852773390687033,18615.26860530811
t6,1830.0,240.0,1166.7,919.0246494518796,1573.5316925289662,1178.9007850210323,621.3313692352588,957.6538836141956,1777.4571518539833,189.81534170818577,1546.607438107191,697.7901342663569,0.0,0.0,0.0,0.0,4.587773286706772,3.487643978159739,6.881659930060157,0.7958382232042358,4.213261181669484,7.794533186088544,27.924558831842745,9.503244665321168,77.42934810988476,334.61486225140965,62.90692184226132,2.1274675568892243,1.6098789734178527,3.187631758896102,0.36766637308656064,1.948988735002545,3.605272202110934,12.91829712815789,4.401287747725526,41.298825047385044,120.89671651464882,31.16930333754404,13462.48342664852
t7,1830.0,240.0,393.3013591010885,367.94800177612353,0.0,638.4861270694499,515.8262375324604,950.6564591504746,2493.512567779698,376.4492064419025,743.9001248940149,1706.7911133012703,0.0,-0.0,0.0,0.0,11.010903844530587,8.370534045076823,16.516355766795876,1.91005474854102,10.112054551099519,18.707300919534106,67.02045044145403,22.808300820813358,191.56510242424648,800.7623552433136,149.92479576962285,5.540894000765837,4.192857708633209,8.302044199134045,0.9575706075149013,5.076053900030447,9.389770034854859,33.64512649122745,11.462956884134691,111.0090110523071,324.5698075538679,80.67785541522062,12150.403353469203
t8,911.7987704522056,240.0,1166.7,0.0,0.0,638.4861270694499,757.2157608843233,593.2643800250605,387.8867258053074,-0.0,-0.0,-0.0,-0.0,-0.0,377.88794438468227,0.0,15.034540474176268,11.429319033940121,22.5518107112644,2.608032531234659,13.807231047712898,25.543377438268863,91.51125911067494,31.14297669650799,259.53318798153146,1116.2528762544744,209.52627295556314,10.536351925637007,7.972977715540755,15.786849445627258,1.8208796113097512,9.652429784224505,17.855227256532512,63.97828459543678,21.79752000723226,208.7576493962597,620.6678820133263,157.01816605878307,8008.024810666288
t9,1830.0,240.0,1166.7,1490.0,0.0,638.4861270694499,297.7876395133495,781.8459963421315,-0.0,0.0,-0.0,-0.0,-0.0,-0.0,259.05856415789015,0.0,7.356961817023958,9.841302905735988,19.418409760311278,1.2762076621368097,11.888822302231397,21.994321259128085,78.7964722586781,26.815899192810818,222.29957045534567,346.33990143261497,181.96836319277955,11.697199454147343,8.851404284933645,17.526173007640228,2.0214958788207658,10.715890775108138,19.822435316591974,71.02712218885777,24.199072025106837,0.0,710.1260921612429,111.26900057826154,8619.13044499233
t10,1468.2441900220394,240.0,1166.7,1464.559595847459,0.0,638.4861270694499,881.0248518861775,902.7683071717438,6947.506122585789,522.7754308521615,1546.607438107191,0.0,-0.0,-0.0,0.0,13236.973621230614,5.7975938642691895,4.407354519265863,8.696390796403781,1.0057050580875122,5.324320895757418,9.849993657151224,35.28841571465888,12.009301575986177,100.39187692279472,487.8902982129772,85.00458362372704,11.093142362619222,8.394307391847766,16.62110088895799,1.917103461996275,10.162509614077342,18.798781520545994,67.35919833946134,22.949403579042784,219.21771783652486,209.98195425556537,173.98669641167723,30531.79343527602
t11,1830.0,240.0,1166.7,1490.0,3693.0,196.14293823573485,923.3577748643587,1428.7792488265875,7572.14400172686,370.11050867089773,1546.607438107191,2297.4006829443147,-0.0,-0.0,0.0,9210.525999271606,7.818332293539338,5.943528121108986,11.727498440309004,1.3562413162262115,7.180101085903472,13.283187008921423,47.588114419349125,0.0,132.62485682063553,577.1698003544079,115.69025244773522,12.731118109798478,9.633782328052206,17.196546427677944,2.2001764518611466,11.66307128850666,21.57454579009474,77.30522892510183,26.338034613056244,246.62703830897058,766.865027522071,201.473398506246,34278.75847322713
t12,1830.0,240.0,1166.7,1490.0,3693.0,0.0,1133.0723099702766,1392.603585201398,7962.866278610432,522.7754308521615,1546.607438107191,1724.9322642508234,-0.0,-0.0,0.0,17810.430303631754,8.494801034994621,6.457782419460197,12.74220155249193,0.0,7.801347889280775,14.432493595169433,51.70560017728869,17.596373572488858,141.18960057073787,625.1897627430774,57.80516392853772,15.973159562353604,12.087072084935363,23.932938740237866,1.2540328009508706,14.633129397726623,27.068609325465,96.99138331570082,33.04514385970134,302.7361013202977,940.604834500913,253.97488302981148,43178.704026045656
t13,1830.0,240.0,1166.7,1195.8133842655084,3693.0,1178.9007850210323,1133.0723099702766,1564.522758475724,7962.866278610432,86.97823459585345,1546.607438107191,2132.302011719058,-0.0,-0.0,0.0,17447.36111850025,6.941878054622343,5.277244031320047,10.412817081933513,1.2042033360059168,6.375194131796028,11.794109143822652,42.25336999573701,14.37960454171771,113.96286157635733,519.389880240058,103.95176667366691,18.582922146948015,14.061909208512677,27.8432038208466,3.2114781562678614,9.038414123063944,16.719410740466273,112.83824706343096,38.44419967648809,347.27093437330296,1090.3395525397896,272.88419590097703,43965.301715822454
t14,-0.0,240.0,1166.7,1490.0,3693.0,1178.9007850210323,835.2846704569271,1261.7692936757617,7366.236580989912,0.0,1546.607438107191,2165.020844673005,-0.0,-0.0,0.0,11470.984419422133,0.0,5.072676147527282,10.00917306961759,1.1575234162142791,6.1280651446638315,0.0,40.615453986577506,13.822191381852864,109.06301766542784,-0.0,54.349331334588825,0.0,0.0,0.0,3.3112250048389007,17.55270730720427,32.46929373676979,116.34294458749496,39.638256611323925,357.0850744155813,0.0,304.85611110515913,33525.97707726081
t15,1830.0,240.0,1166.7,1490.0,3693.0,0.0,94.25904831641816,1564.522758475724,7529.168460268697,522.7754308521615,1095.8523749301683,1978.3905207752152,0.0,0.0,218.48138445406636,28153.025574604184,6.75171285619151,5.132679671288443,10.127569284287263,1.1712154954617924,6.200552623033018,11.471022352611083,41.09588488487996,13.985690916396697,111.6114332049033,474.8788587988762,100.19890199174425,21.563156688601186,16.31708668885761,32.3085552398001,3.7265186894730244,19.7541670335172,36.54159103269664,130.93467123497933,44.60968489437125,405.88276588433826,1271.5421254975436,341.6095248583198,52683.590922498806
t16,1830.0,240.0,1166.7,0.0,3693.0,1178.9007850210323,1133.0723099702766,423.89339370320215,6576.412292333585,522.7754308521615,837.6340111065809,1550.7740445694037,-0.0,-0.0,-0.0,0.0,5.637115826931098,4.285358460269048,8.455673740396646,0.9778670312023333,5.176943106365293,9.577344746775793,34.31162847718775,11.676882784357273,95.22669988688156,431.973230599486,83.88666387079004,28.813217466298102,21.80329039815511,43.171481874839266,4.979465434611921,26.396001235903967,48.827767853961554,0.0,59.6085522415194,554.2484709824054,1223.4240159870083,457.6010626402266,22313.221002201815
t17,1045.7405786202623,88.40698618809455,833.9781152979166,0.0,3693.0,736.5575961873176,613.6656791433473,847.3368492611156,4312.6442150186485,240.81084133250482,837.6340111065809,1244.2594686656817,-0.0,-0.0,0.0,0.0,6.487147352888894,4.931555895818598,9.730721029333338,1.1253214795827673,5.957584303673473,11.021530961795927,39.485544857124744,13.437662373841281,115.51563567805881,504.5479106016379,95.55459017011361,0.0,0.0,55.27628170743596,6.3756517534892545,33.79714424665178,62.518526903147055,224.01440481434574,76.32212244710924,748.4303894989235,2275.7759840129916,579.8491054953174,19364.189156404755
t18,0.0,0.0,666.7024770908525,0.0,0.0,449.9572180487514,508.06188099770384,291.1844551215988,1415.150794798263,0.0,-0.0,1244.2594686656817,-0.0,-0.0,0.0,0.0,7.244362204096147,5.619670122528668,11.088476617606903,1.2823408333286896,1.2242102246219115,12.559396985248632,44.99507688709196,15.312658186219057,137.55900232344595,594.9592662167237,111.7296580293721,44.001723083370614,33.29660589026871,65.92875623062073,7.604324626824118,40.31030336161134,74.56667837953746,267.1849594609367,0.0,934.9434151444872,2803.887471378211,709.4154672681086,10500.030118177112
t19,0.0,0.0,0.0,0.0,0.0,534.3835347697357,0.0,194.56115505324604,1699.127465323746,151.6710859511369,741.9807235824577,0.0,0.0,-0.0,0.0,0.0,12.355637795903855,9.392806283620788,18.53345669385578,2.14332492377924,11.347014302360682,20.991976459367258,75.20548923731273,25.593821148657984,211.88516680799447,900.056689645254,0.0,37.092978326627104,28.068679908236287,55.577230949124164,6.410363704098309,33.98115128580269,62.85890622465331,225.23404121487164,76.73765482673025,726.1643746890487,2284.097705062926,591.4646124187858,8736.917046589333
t20,0.0,0.0,0.0,0.0,0.0,46.43125072243288,483.6785877841869,0.0,1413.834772753903,522.7754308521615,1011.8701394417823,0.0,-0.0,-0.0,0.0,0.0,12.833331063809796,0.0,19.249996595714688,2.2261900824976175,11.785712201457974,21.803567572697254,20.368362915244845,26.583328632177427,214.8541398608729,935.8932625291459,189.7297696337873,21.03245992295446,15.915502391363189,0.0,3.634804315544143,19.267991808612646,35.6422559097047,127.71220211606068,34.53952930245785,402.4002733612502,1328.4786983616648,331.4116449027521,7253.953205034238
t21,19.95892114290109,0.0,0.0,0.0,0.0,0.0,266.4971440189957,452.9793283423054,1072.3332619135072,280.99704927514244,753.1607655789443,1275.8849565987955,0.0,0.0,0.0,0.0,6.7666689361902055,9.637869041457531,19.017003343547067,2.199245284627893,11.643063271559432,21.53966705238495,77.16763601650224,14.016671367822575,98.30169100768674,391.89078160887675,187.04949702182,16.508456599832726,12.492137460611678,24.734986147064802,2.8529715264811597,15.123518965618574,27.97574021112593,100.24178596442052,9.501813602277803,310.7524196903812,979.0385061890494,259.5268144140451,6719.7903715939765
t22,221.7796971977782,0.0,411.53958199967894,0.0,0.0,1178.9007850210323,166.361609932515,355.4640516263594,1431.9250925054835,308.6475080811124,219.7099764579142,-0.0,-0.0,-0.0,0.0,0.0,5.0756380963035745,3.8585207977001694,16.23001045959464,1.8769399851231898,9.936741097711005,8.623405541168829,65.85851183094016,22.412871587059264,174.84519996883043,776.5271488753126,140.2207333443927,0.0,0.0,18.818546484106534,1.625960751922645,11.506076573709038,21.284134321329905,76.26463575137912,25.983502592276995,232.0728822754719,737.9644060851602,196.96476898083742,6842.278938222204
t23,0.0,0.0,0.0,0.0,0.0,0.0,555.6058864337322,648.574522271644,1278.2434685971148,33.18926069264822,1191.9433863037884,1901.977949562879,-0.0,-0.0,0.0,0.0,8.942764889413091,6.798326370013012,13.414147334119633,1.52306001487681,8.21274326578753,15.193575041706932,54.43223731158069,18.52429869949854,139.42673811028263,626.1292494350678,130.3364950450155,5.3897336221703895,4.0784729255014085,12.354950482652763,1.425039081425795,7.554090664645476,13.973684196505367,50.070062482329625,17.05896298444665,147.0290430700312,483.12433507611973,128.0085153280287,7502.534999293026
t24,0.0,0.0,-0.0,0.0,0.0,638.4861270694499,268.5289138356633,664.7378882871766,1575.7093283241365,296.7210374055271,627.2516388196088,2297.4006829443147,-0.0,-0.0,0.0,0.0,5.581597014283335,4.24315283228682,8.372395521425,0.9682362167634355,5.125956441688776,9.483019417124236,33.973700194081715,11.561879529586905,86.31597851597756,404.01447439453295,81.19151262928443,5.617932108426109,4.251153323658012,8.417472102054555,0.9708842402145793,5.146629079195731,9.520321190453641,34.11291325569477,11.622332700821127,99.08762706368937,328.78876373625457,87.04052066558995,7614.244068858964
t25,0.0,0.0,0.0,1490.0,0.0,0.0,0.0,0.0,0.0,425.9335417031522,0.0,0.0,-0.0,0.0,0.0,0.0,4.091255806644996,3.110189363214818,6.136883709967493,0.6994300296574152,3.7028648628921985,6.950960120473386,24.90238865983408,8.47474417090749,63.597198194781086,293.4320889185499,54.69150909379722,2.990606900019415,2.263026362263014,4.480892553217009,0.5168330716476507,2.73971705941376,5.067974780234244,18.159406663037352,6.186943469335468,52.8191955157034,172.40500775271133,44.34446757550843,2697.6971263369633
t26,0.0,0.0,0.0,1490.0,0.0,0.0,0.0,0.0,0.0,219.48042711261934,0.0,0.0,-0.0,0.0,855.6519447635119,0.0,2.1417656975113477,1.6281790251489323,3.212648546267021,0.3715307842621725,1.966927681387972,3.638816210567749,13.036359577199171,4.436514659130648,34.58283876087315,165.0289885646944,-0.0,1.7907534555916742,1.355083571261485,2.6831255634955786,0.30947584886903096,1.6405224609950575,3.0346660908516627,10.873719388903133,3.7046963267525745,32.80823527513239,105.08609870254584,26.486364584776886,2984.949682652349
t27,0.0,0.0,0.0,1490.0,0.0,0.0,0.0,0.0,0.0,0.0,0.0,0.0,-0.0,0.0,0.0,0.0,1.1495574733597562,0.8738982833194063,1.7243362100396336,0.19941303109301886,1.055716046963041,1.9530746868816262,6.997051355705045,2.381226194816637,19.031517505743896,91.54198175022115,15.340537513725025,0.8059905596355897,0.6099022523416961,1.2076335062996333,0.1392903148363519,0.7383739019480402,1.3658564852884991,4.894093683424829,1.6674267785749697,15.140973191147456,51.195083037710035,11.949624790015982,1721.9625585530914
t28,0.0,0.0,0.0,1490.0,0.0,0.0,0.0,0.0,0.0,0.0,0.0,0.0,0.0,0.0,0.0,0.0,1.6478367879074118,1.2526922520316546,2.4717551818611168,0.2858492387186326,1.5133194990986432,2.7996410733324897,10.029945346803784,3.4133762035224944,27.938006383172613,123.76558915142046,22.152836166396412,0.9933038718511042,0.7516443728269262,1.4882891905420066,0.1716615751688989,0.9099730101186291,1.6832834069959988,6.031487772196554,2.054939050322838,19.14674660055974,56.84084632167155,14.831902863381902,1792.1749253199018
t29,0.0,0.0,0.0,1490.0,0.0,0.0,0.0,0.0,0.0,0.0,0.0,0.0,0.0,0.0,478.1433241917259,0.0,2.0236368936744684,1.538377026313754,3.035455340511702,0.35103905298434657,1.8584420452112465,3.4381177836408057,12.317340888538983,4.191819279754256,35.443549479748704,156.4464752858919,27.402352381123258,0.5100082566857402,0.38592906672024985,0.7641566664771242,0.08813901080307257,0.4672223291114333,0.8642757370010028,3.0968454378283456,1.0551009739824126,10.148046312042784,34.01226732801293,7.677568174119708,2275.2594889419042
t30,0.0,0.0,0.0,153.50535328002636,0.0,0.0,0.0,0.0,0.0,0.0,0.0,0.0,0.0,0.0,0.0,0.0,3.4712626021032023,2.6388679985376386,5.2068939031548025,0.6021577983240248,3.1878942264213084,5.897604318879419,21.128654511781225,7.1904725329280605,64.90639010762303,294.79912616580543,47.87078505121059,1.968570892848954,1.4896400548236215,2.949553367976704,0.34020604356282264,1.8034223280126327,3.336001009693698,11.95345312285296,4.0725636088636925,41.64964210766161,121.02311281912318,30.17785131598003,831.1694791681949
t31,0.0,0.0,0.0,0.0,0.0,0.0,0.0,0.0,0.0,0.0,0.0,0.0,0.0,0.0,0.0,0.0,11.410326596489316,8.674176851412795,17.11548989473397,1.9793423687787588,10.47887136412284,19.385912023627252,69.45163076332527,23.635676521299292,227.31203456345366,981.0571609527461,160.93284303980107,5.0238465681497315,3.8016020171737064,7.527340579459244,0.8682150948312456,4.602382929882137,8.513565493005418,30.505538137808514,10.393293319678891,113.48678230192714,330.25820761485585,78.78615882055388,2125.200397817116
t32,0.0,0.0,0.0,0.0,0.0,0.0,0.0,0.0,0.0,0.0,0.0,0.0,0.0,0.0,0.0,0.0,16.780723769031187,12.756774701967585,25.171085653546776,2.9109418783013283,15.41086876747762,28.5101072198336,102.13981355333779,34.76007066442175,317.0221077137954,1399.7871180229558,246.87929962370362,10.195882233543788,7.7153404149802824,15.27671616536007,1.7620400504278693,9.34052298576327,17.278256805166485,61.91090235435396,21.0931590502676,219.00409160973513,639.8812747152634,166.6962563955287,3372.283354348763
t33,0.0,0.0,0.0,0.0,0.0,0.0,0.0,0.0,0.0,0.0,0.0,0.0,0.0,0.0,0.0,0.0,13.369088722257139,10.163235814368944,0.0,0.0,0.0,0.0,0.0,0.0,232.53275197133547,1067.2394443520875,193.43572118310567,12.283604363799398,9.29514357059317,18.40479647126319,2.1228376668982185,11.253100642004148,20.816175180264082,74.58785938354029,25.412221779470904,242.7846427274459,728.1820466465806,197.4276789215658,2859.310349396581
t34,0.0,240.0,0.0,0.0,3693.0,1178.9007850210323,1133.0723099702766,220.59707385667613,421.47010762565253,0.0,0.0,2297.4006829443147,-0.0,0.0,478.1433241917259,2457.7794594115876,7.591361451198184,5.770983960349638,11.387042176797273,1.3168688231670316,6.971658475590167,12.897568179841807,46.20660311877261,15.724963006053377,128.89917601725386,615.0298976360071,108.26112723151539,11.75960646110126,8.898628379121927,17.61967880832789,2.0322809823715264,10.77306229490149,19.928192157235355,71.40606674953935,22.5562152499598,156.35122879423966,691.165768876705,186.2120158994506,14279.123737750766
t35,211.34733097771164,240.0,0.0,1127.7234814914063,3693.0,0.0,201.10489739843578,668.2756949696535,7919.566349730804,522.7754308521615,563.2967709875617,0.0,0.0,0.0,0.0,23889.144284716825,7.062412823970781,5.368875054957378,10.593619235956167,1.2251124286479924,6.485889328136429,11.998895257052396,42.98703315814868,14.629283706796613,118.54078733813733,535.7844835345888,99.77873290907837,13.337329843531162,10.092509663477442,19.983616695089477,2.3049412313485065,12.21842633316781,22.601850909339724,0.0,27.592160565560278,254.40139106082788,759.2558245174499,209.19949259895952,41221.676909318776
t36,0.0,240.0,0.0,530.3020186646472,3693.0,1178.9007850210323,467.1093374997037,1161.1597073959394,7962.866278610432,0.0,1546.607438107191,331.81953939374415,0.0,0.0,855.6519447635119,20841.20010401337,8.28144890053591,6.295591256019645,12.422173350803861,1.436577870501127,7.605412255594201,14.070012672849273,32.12288880623585,17.154429865395812,138.16441589156446,588.4594495416654,116.69725556351464,16.460927248239305,12.456171457979746,24.663771866908892,1.8270252411185441,15.079976975736011,27.895195504566612,99.95318072378866,34.05423371993131,311.4579762427128,897.1085419994855,241.42441196684922,41433.708222391564
t37,1830.0,240.0,0.0,1490.0,3693.0,1178.9007850210323,530.6880292439887,881.9485231835766,7352.955977780674,0.0,1546.607438107191,2297.4006829443147,-0.0,0.0,0.0,28153.025574604184,6.7836368959043405,5.15694845658034,10.175455343856507,0.7383097008508805,6.229870618687658,11.525260644572167,41.29019804496876,14.051819284373273,111.8743110193107,505.27686121078125,95.93507906451586,18.89865751571044,14.300829764405048,28.3162771166601,3.266043161272106,17.31319967043272,32.02624847460998,114.75543884120145,39.09739046454861,353.55698088684017,1042.5498787262284,194.91213408959058,51862.55783988086
t38,1830.0,240.0,-0.0,1490.0,3693.0,101.54255054621922,1062.4041392099164,639.107074255485,7962.866278610432,0.0,1546.607438107191,2297.4006829443147,0.0,0.0,0.0,28153.025574604184,7.53883904204853,5.7310562105368925,11.308258563072794,1.3077577930084185,6.923423610044568,7.704726682578553,45.886913148795394,15.616166587100526,124.55748210662183,0.0,106.7838620311329,19.136578249510563,14.480867098203467,28.67275902149821,3.3071603350664236,17.531160611128808,32.42943629531153,116.20012866607169,39.58959896249417,0.0,0.0,128.5015586049147,49749.16147189688
t39,0.0,240.0,0.0,866.2031519813156,3693.0,1178.9007850210323,315.48802076156517,1429.5595536543997,7962.866278610432,0.0,1546.607438107191,238.27238125385537,0.0,0.0,0.0,0.0,6.1913890696214535,4.706719241702023,7.9162860930706955,1.0740164712608642,5.685969553733987,10.519043674407877,37.68534265335914,10.932014128526198,101.903297947127,454.77811425481747,88.07507261253109,21.742090973052843,16.452488303434283,32.5766564411681,3.7574418963497367,19.91809005249472,36.84481859527411,132.02118662999703,44.97986270096335,406.79806006927697,1191.344247023144,343.30375886840596,20450.103576643505
t40,0.0,240.0,0.0,560.8242266345951,3693.0,0.0,0.0,1484.7828923732006,6273.161718520653,0.0,796.8082067885026,0.0,0.0,0.0,0.0,0.0,5.154470604166869,3.918449591943181,7.731705906250303,0.8941428599064978,4.733697493622635,8.757340363201873,31.37389505495446,10.677117680059943,86.3130846943283,381.80857002408555,73.31107964911983,5.19085923744764,22.06120865237242,43.682171455806134,5.038369160076185,26.708248168947545,49.40536749200919,177.02774747879326,60.31368130460131,555.1308096292216,1584.7472287388066,460.09742364778816,16652.65371320446
t41,0.0,240.0,0.0,0.0,3693.0,0.0,537.4901803174922,908.3443313305576,1983.2496588070258,522.7754308521615,0.0,1493.885987306221,-0.0,-0.0,-0.0,-0.0,5.835610316266699,4.436254781243561,8.753415474400049,1.0122997487401417,5.359233963918396,9.914582833249034,35.51981177197026,12.088049940838161,101.37892127513747,430.5669588033203,82.29146079122731,37.77088677603922,6.5863030441932935,56.59295619295809,6.527519023375906,34.60218822100238,64.00771081174432,229.350401413567,78.14010636720866,746.604483515512,97.45033012636395,590.9098980716802,12024.444971877416
t42,0.0,240.0,0.0,0.0,3693.0,0.0,410.6826314022165,0.0,0.0,0.0,0.0,0.0,0.0,0.0,0.0,0.0,7.05309857315998,5.361794323473657,10.579647859739968,1.2234966912624454,6.477335424330594,11.983070535011597,42.930339784591105,14.60998990154567,126.58304620671647,534.5754540848409,99.1701554244069,0.0,33.862866364985585,67.0499770818894,7.733647972491164,40.99584265029297,75.83480050695218,271.7288544897623,92.57852378720006,913.3858939946832,2185.1997733859716,522.8228406593225,9415.423081104846
t43,0.0,0.0,0.0,0.0,0.0,0.0,0.0,0.0,0.0,0.0,0.0,0.0,0.0,0.0,0.0,0.0,11.53542057832656,8.76927380699315,17.303130867489834,2.0010423452199135,10.593753592340716,19.598444145830328,70.2130446425693,23.894799769390726,196.96749552078447,829.2392989164238,161.4939108972927,36.46239915282302,8.913560271146231,54.632420207166035,6.301387773054985,33.40347304939827,31.172062915218504,221.4050713658834,75.43311771045434,706.0389474912516,2095.9762780099677,566.4212103853896,5187.769543414415
t44,0.0,0.0,0.0,0.0,0.0,0.0,0.0,0.0,0.0,0.0,0.0,0.0,0.0,0.0,0.0,0.0,12.345747492955855,9.385287634951133,18.51862123943378,2.141609258982138,2.698895660785322,20.975173036501527,75.14528958722619,3.9363127293016937,204.89583477177192,897.0583376948173,172.55865160268095,20.478719766277802,15.49648089696525,0.0,3.5391076106151242,18.760706363066582,34.70387074486675,124.34981012442844,42.36621052318881,384.8501117991667,1220.8911591177803,317.65813975834664,3602.7540774141103
t45,0.0,0.0,0.0,0.0,0.0,0.0,0.0,0.0,0.0,0.0,0.0,0.0,0.0,0.0,0.0,0.0,12.87558162844595,9.788069707339012,11.624699556108123,1.344353009890055,11.824513740409545,21.87535041975766,14.79151421364314,26.67084765892375,211.5326094409891,934.0843932205205,180.5897644426882,15.793848335958332,11.951385234089276,23.664272758407368,0.0,14.468861059451761,26.764742985432743,95.90257907354564,32.674186238652055,293.7785982717357,897.7468185776312,245.87806608080697,3095.625055654426
t46,0.0,0.0,0.0,0.0,0.0,0.0,0.0,0.0,0.0,0.0,0.0,0.0,0.0,0.0,0.0,0.0,2.443250300271636,3.305858436073777,17.775300443891876,2.055646990109945,10.882837006464415,20.13324846195917,72.12902527062248,24.546843470136405,189.3273065255874,849.1196288524831,2.357673057338161,12.457842522862078,9.42699157350805,18.665861363952747,2.1529492950583795,11.412721505843448,21.11144454377634,75.64585921180849,10.079645520310208,225.0845009568244,691.7265020310213,190.7473666293608,2462.5883039692644
t47,0.0,0.0,0.0,0.0,0.0,0.0,0.0,0.0,0.0,0.0,0.0,0.0,0.0,0.0,0.0,0.0,9.630024882152155,7.320784221636076,14.445037323228231,1.6705145203733327,8.84390040197647,13.166751538040828,47.17097472937752,16.053156529863596,150.1363867377162,682.9458897711049,131.63925193642413,8.239140197418077,6.234651390999252,6.04543002628381,1.4238782555940641,7.547937160721934,0.0,50.029275796067154,17.045066884927,145.47298802118672,459.833870471764,125.01272528628459,1909.9076360831402
t48,0.0,0.0,0.0,0.0,0.0,0.0,0.0,0.0,0.0,0.0,0.0,0.0,0.0,0.0,0.0,0.0,5.9379667115874515,4.514066530747603,0.0,1.0300554499692518,5.453234735131332,10.088484259992965,36.14282799450933,12.300073902574004,91.5093860753711,436.0876189885228,79.73095515678288,5.701069410001312,4.314064268306363,8.542038562300624,0.985251928238482,2.4752636367266794,9.66120822835793,34.617735226165685,11.794326480757748,99.37271224150217,317.128759201553,84.99115931426809,1262.3782583033667
t49,0.0,0.0,0.0,0.0,0.0,0.0,0.0,0.0,0.0,0.0,0.0,0.0,0.0,0.0,73.23273320352583,0.0,3.8797889849548417,2.9494314222360782,5.819683477432262,0.6730246198391052,3.563071516795262,6.5916823060712355,23.6152462196486,8.036705754549315,62.04244245398512,293.79842394937185,52.573450732278495,2.922444671055017,2.2114472259157933,4.378763575926392,0.5050533575816556,2.6772731382483883,4.952464962693905,17.7455155445438,6.04592999901147,52.96064273594439,176.47587288000227,43.84319266176903,851.4942853933802
t50,0.0,0.0,0.0,959.0495247673637,0.0,0.0,0.0,0.0,0.0,0.0,0.0,0.0,0.0,0.0,855.6519447635119,0.0,2.0364403608440766,1.5481102743151394,3.054660541266114,0.35326006259540094,1.8702003313874167,3.459870613066721,12.395272196362155,4.218340747462729,33.61618201987995,164.2328059083523,27.628742154871105,1.7542265606191592,1.3274432530859743,2.628396507773337,0.3031633150063312,1.6070599028490957,2.972766486955287,10.651922689397209,3.6291297806097704,32.84082489146575,107.25257442072171,26.36955695194667,2260.4524195017093
t51,0.0,0.0,0.0,1490.0,0.0,0.0,0.0,0.0,0.0,0.0,0.0,0.0,0.0,0.0,0.0,0.0,1.099746779088589,0.8360319902255091,1.6496201686328833,0.190772400454143,1.0099715318160511,1.8684473338596947,6.693866874758606,2.2780468995406484,18.53385803454537,91.49998321574951,14.909026717751383,0.7943946795638811,0.6011275175894469,1.1902591423666875,0.13728632885080497,0.7277508306071797,1.346205748925369,4.823681787486049,1.6434373152722574,15.183119674933774,52.45390507283695,11.940235877341104,1721.4107759221959
t52,0.0,0.0,0.0,0.0,0.0,0.0,0.0,0.0,0.0,0.0,0.0,0.0,0.0,0.0,0.0,0.0,1.5901652770376502,1.20885013407454,2.3852479155564748,0.2758449970371434,1.4603558666672294,2.7016583533343748,9.678914160744473,3.293913788149418,27.29566285568354,124.09475855493682,21.663298536563538,0.987431696239285,0.7472008305434858,1.479490779767922,0.1706467528735677,0.9045934666890096,1.6733322369155672,5.995831054848947,2.0427907407097963,19.205985921017273,58.61431145422218,14.923708251592101,302.39399362520425
t53,0.0,0.0,0.0,1379.9613982424573,0.0,0.0,0.0,0.0,0.0,0.0,0.0,0.0,0.0,0.0,0.0,0.0,1.9666689068801189,1.4950697302302944,2.950003360320178,0.34115685119349,1.8061245063184763,3.3413303366891816,11.970591866877458,4.073814164251675,34.76766344848503,161.0502083493227,26.947307542138038,0.5107391313854384,0.3864821279443503,0.7652517522268397,0.08826531968573854,0.467891888819546,0.8655142998310283,3.1012834169192978,1.056613001674909,10.2381747471417,35.608929451974156,7.763123480758737,1691.5236059235258
t54,0.0,0.0,0.0,0.0,0.0,0.0,0.0,0.0,0.0,0.0,0.0,0.0,0.0,0.0,404.9105909882001,0.0,3.4029122535801815,2.5869077846094233,5.10436838037027,0.5903011052128886,3.12512349818588,5.7814784716438785,20.71262407408753,7.048889668130374,64.05384964798945,299.388473277513,47.24269267550442,1.9884517729065498,1.5046841435920373,2.9793413308817938,0.34364183323720576,1.8216353490049937,3.3696917628114353,12.074172761994637,4.113693013412377,42.312811471968175,126.51975090489408,30.625346493201995,1091.6014326629327
t55,0.0,0.0,0.0,0.0,0.0,0.0,0.0,0.0,0.0,0.0,0.0,0.0,0.0,0.0,0.0,0.0,11.155891839708678,8.480754510798942,16.733837759563013,1.9352057272964032,10.245206791569192,18.953632564403,67.90295390190025,23.1086330965394,223.53616907018483,983.8017438899822,158.29978993976223,5.060945122529476,3.8296749165449566,7.5829261651322515,0.8746264221821076,4.636369189431366,8.57643384858183,30.73080603764123,10.470042510199402,114.90437917078938,341.99207244460086,79.6690980066059,2132.481192925947
t56,0.0,0.0,0.0,0.0,0.0,0.0,0.0,0.0,0.0,0.0,0.0,0.0,0.0,0.0,0.0,0.0,16.51523000409094,8.741988539892343,11.231143158863645,1.2988396850386517,10.560791524702157,19.537464320698987,100.5238234432678,23.82045199460598,310.26134481881456,1403.6114321663572,242.5323054759314,10.339095459423607,7.823711496979944,15.491295713532347,1.7867899871151536,9.471721679270619,17.52095035909034,62.7805142074732,21.389437418572662,220.43057253081284,661.8146586855198,168.33064458746432,3345.8142072575183
t57,1830.0,240.0,1166.7,0.0,0.0,-0.0,0.0,1535.5586886621911,1549.1323402163562,-0.0,-0.0,-0.0,-0.0,-0.0,0.0,0.0,13.141667357591018,9.990349164699294,19.712501036386524,2.2796769906025234,12.06887818554277,22.327424643254126,79.98984264084737,27.222025240724253,155.107324114917,1068.559888089193,191.68874763884898,12.441189503703733,9.41439004391004,18.640909776522538,2.1500713404051752,11.397465552050736,21.083223823390554,75.54473962064397,25.738232647762917,243.98571475214936,752.1128277841678,201.01030001508235,9296.998418840942
t58,1830.0,240.0,1166.7,1490.0,3693.0,1178.9007850210323,1133.0723099702766,264.82588439204534,6651.680665851309,522.7754308521615,1546.607438107191,2297.4006829443147,-0.0,-0.0,0.0,5570.574952337407,7.415012030124547,5.636922410655905,11.122518045186817,1.2862775970624212,6.809704925624582,12.597954112405477,45.13321097927848,15.359667776686559,124.52300760964897,603.548483608502,107.09110049127612,11.83455532218453,8.955343037424873,17.731976346830173,1.2276541852328724,10.841723499853613,20.055202811084527,71.86116730031176,21.96641906857891,225.339238315104,702.933726402911,189.27544484218637,29808.084460193895
t59,1830.0,240.0,1166.7,1490.0,3693.0,1178.9007850210323,1133.0723099702766,1564.522758475724,7962.866278610432,522.7754308521615,1546.607438107191,1218.4624699276446,-0.0,-0.0,167.71270866122282,25436.071125465383,6.870938905633932,5.223315800711508,10.306408358450895,1.1918975652630288,6.310045933745446,11.673584977429075,41.8215822164351,14.232659161670282,113.54419616253193,517.4513377431854,75.88805645418125,13.36939761229282,10.11677570997326,20.03166454325082,2.3104831444063096,12.247803852872282,22.65619394029488,81.18095630685856,27.65850210731048,251.9337321567859,598.2987625426335,210.3763635200627,51205.38596380704
t60,1830.0,240.0,1166.7,1490.0,3693.0,540.6333364430162,1133.0723099702766,1564.522758475724,7962.866278610432,370.11050867089773,1546.607438107191,810.2705713354881,-0.0,-0.0,310.43061553050313,16181.477770338994,8.112599527371094,6.167231273358637,12.168899291056636,1.4072876731153938,7.450346504728555,13.783141033747825,49.379241000784255,16.804670449554404,131.32282082879462,579.6461745233502,114.5085898921674,16.6146505908747,12.572495665242435,24.894098955790447,2.8713238437249906,5.167229120943929,28.15569982681787,100.88661155767709,34.37225533313508,306.9128688868056,909.9749653008823,134.69400477275968,41357.55879333521
t61,1830.0,240.0,1166.7,1490.0,3693.0,782.8865860138642,378.45402155001716,1440.632475503911,7962.866278610432,-0.0,1546.607438107191,2297.4006829443147,0.0,-0.0,0.0,28153.025574604184,6.618712471289388,5.031572235827136,9.92806870693408,0.7185037411329893,6.078409412408622,11.24505741295595,40.286346827797146,13.710190119099444,105.82210687659695,481.7331826407098,93.61593797284964,18.997958475767568,14.375971933844252,28.46506194439671,3.2832042332282887,17.404170013035394,32.19452694719001,0.0,39.30282349097553,346.95859039675116,1032.424165201057,297.47193033162347,53587.239548719386
t62,1830.0,240.0,1166.7,1490.0,3693.0,1178.9007850210323,387.1153435466604,1395.1544749073614,7962.866278610432,522.7754308521615,1050.353317788518,1874.74406455711,0.0,-0.0,0.0,28153.025574604184,7.345437729626969,5.584031743440909,11.01815659444045,1.2742085857516168,6.745810159861501,12.479748795743776,44.70973067063761,15.215549582798719,116.95961318767164,513.9830726627314,103.51642058240381,19.211371857892335,14.537464275015848,0.0,0.0,0.0,32.55618385313969,116.65428649951738,0.0,350.1445976347197,1045.0186214802213,299.7251599179325,53661.314735701
t63,1830.0,240.0,1166.7,1490.0,3693.0,1178.9007850210323,1133.0723099702766,1126.5183123432175,6536.104625577341,326.6213913729709,1546.607438107191,2297.4006829443147,-0.0,-0.0,855.6519447635119,0.0,5.992936841021183,4.284396020731956,8.98940526153177,1.0395910846669396,5.503717507060268,10.181877388061498,36.477416588460564,12.413940599258162,95.25638492611539,429.48552262130755,84.54626709008704,21.683645399689894,0.0,32.48908614416623,3.7473414029665424,19.864547631259533,36.745774922293286,0.0,44.85895096949269,394.4090213981434,1165.0771854266022,338.68114374343673,26172.30564306621
t64,1830.0,240.0,1166.7,1490.0,3693.0,638.4861270694499,1133.0723099702766,1260.6200587948265,6717.7321825143845,283.13227407504417,883.133068248231,2297.4006829443147,0.0,-0.0,-0.0,-0.0,4.974449621768859,3.7815969063446935,7.461674432653287,0.862914730306843,4.568372101624462,8.451488388005254,30.27815509576657,10.304217073664065,79.90329021483304,360.05107179378683,69.67361765410679,28.98945070506165,10.152597704778898,16.398331478797658,5.0099218500358225,26.55744980698601,49.126418141127964,176.02822500271492,59.973142146545335,532.3946283350424,1544.6725736456915,449.56522890904614,25112.455519355215
t65,1830.0,240.0,1166.7,1297.4611233021224,3693.0,-0.0,-0.0,-0.0,-0.0,-0.0,-0.0,-0.0,-0.0,-0.0,-0.0,0.0,5.636707678534797,4.285048184192267,7.120159237148637,0.9777962299499133,5.176568276205423,9.576651310980033,34.30914418618372,11.676037334107788,92.35825198830366,404.25697993627074,77.58725768843831,13.702922970713857,28.44469471114531,56.32175693359814,6.49623848170281,0.0,0.5652023691362729,177.18875333292027,77.76565095086956,703.938067179998,0.0,572.9242852881408,10517.469297570662
t66,0.0,0.0,0.0,0.0,0.0,0.0,0.0,0.0,0.0,0.0,0.0,0.0,0.0,0.0,0.0,0.0,6.733014527185383,5.118465125258275,10.099521790778072,1.167971907777056,6.183380688231474,11.446062815963481,40.98207311700083,13.946958663455433,115.79679493080049,497.0567342697583,71.34557063492855,0.0,33.30662188167122,65.94858833776584,7.606612092709835,40.322429151646304,74.58910887026148,267.26533168463,15.016675453389325,865.881925972824,2457.068828015207,662.7698957009869,5269.65256563223
t67,0.0,0.0,0.0,0.0,0.0,0.0,0.0,0.0,0.0,0.0,0.0,0.0,0.0,0.0,0.0,0.0,10.927935273690707,8.307460998877117,16.391902910536057,1.89566224135451,10.035858924817994,0.0,66.5154427628215,22.636437352645032,184.3879207844845,782.2498200094874,125.64252475516423,35.58974475678092,26.931165914946632,53.32490279833114,6.150576694544354,32.6040279147691,60.3114802086388,216.1061850248156,73.62777732401153,685.296543057254,2047.223464508746,551.1464583723863,5017.303292589104
t68,0.0,0.0,0.0,0.0,0.0,0.0,0.0,0.0,0.0,0.0,0.0,0.0,0.0,0.0,0.0,0.0,11.742595693085184,6.5925390011228835,17.613893539627767,2.0369808855351845,10.784016452833328,19.95043043774166,71.47406460127868,4.016603983899536,191.8170687284792,838.4791352772043,164.09861564819033,20.06888531421209,2.953243941379924,30.069655344952,3.46828051571115,18.385253995905707,34.00935262978894,121.861234819016,41.51834830943541,373.6883684870614,1182.1652965351816,310.34411062289155,3477.1379747645337
t69,0.0,0.0,0.0,0.0,0.0,0.0,0.0,0.0,0.0,0.0,0.0,0.0,0.0,0.0,0.0,0.0,5.276440861247179,9.28164539060994,7.914661291870772,0.9153009657265514,7.66558637267425,20.743543054181945,74.31545604696416,25.29092636635997,199.52741976996805,871.2013687333042,0.0,15.43069955626087,11.676586409183985,23.120158898894225,2.666714856199446,14.136177781406774,26.149339852052822,93.69748606393975,31.92290696790211,287.4373652373168,866.6320837585985,239.481091876588,2834.48296011125
t70,0.0,0.0,0.0,0.0,0.0,0.0,0.0,0.0,0.0,0.0,0.0,0.0,0.0,0.0,0.0,0.0,11.253028171976931,8.554597947064094,16.879542257965394,1.9520559073837533,10.33441362732575,19.118665210552642,37.0700339921041,23.30984407052364,181.10615920382187,803.0344755511679,155.9132889617169,12.189020710055953,9.223571040663145,18.26307968805363,2.106491834120408,11.166451858541192,20.655890800598176,74.01353347263841,25.216547878354014,223.38433441368323,675.7479032089374,186.8412859773821,2527.3342157846305
t71,0.0,0.0,0.0,0.0,0.0,0.0,0.0,0.0,0.0,0.0,0.0,0.0,0.0,0.0,0.0,0.0,9.157692615668065,6.961715304768068,13.736538923502096,1.588579331289358,8.410125871531895,15.558732862334006,55.74044535965305,18.969506132455273,145.0947124201099,647.6411468289889,-0.0,8.072840895885689,6.1088108121551095,12.095716308768319,1.3951386112017214,7.395589142875144,13.680485410812995,49.01948188290319,16.701028229240023,145.5891771350669,450.2433735285245,123.42639603556268,1756.5872336432967
t72,0.0,0.0,0.0,0.0,0.0,0.0,0.0,0.0,0.0,0.0,0.0,0.0,0.0,0.0,-0.0,0.0,5.65888142650633,4.301904757905321,8.488322139759493,0.9816426964347714,5.19693192230173,9.614324056258202,34.44410990725536,11.72196866919168,89.04198068436816,413.2675222962929,77.76868219264678,5.59812558948995,4.2361655047986035,8.387795556064638,0.9674613015393707,5.1284841809756925,9.486756451988002,33.99264514826196,11.58135713396159,100.16877189154505,310.8246060237348,85.13461345246006,1235.9930529837404
t73,1722.5284526399234,0.0,0.0,0.0,0.0,-0.0,409.4985337241148,586.239220237482,4937.777338587178,240.3850703748183,-0.0,-0.0,-0.0,-0.0,0.0,0.0,4.067224540901173,3.0919206969095647,6.1008368113517575,0.7055389509726524,3.735206211031689,6.910131490408624,24.75611672089336,8.424965120438141,62.11119446107732,288.7185385212729,55.83387285223245,2.906899309835336,2.199683873717679,4.3554716169177095,0.5023668270353014,2.6630319180706272,4.926121313647131,17.651121815929663,6.013769880917734,50.81623726076976,174.0004231573056,43.90413209371505,8670.823421008869
t74,989.71561778625,171.51132942771122,1166.7,0.0,0.0,638.4861270694499,218.16654742517505,887.500333589715,2317.1811630214706,281.24207615432556,-0.0,2297.4006829443147,-0.0,-0.0,0.0,0.0,2.1394863165528837,1.6264462304407123,3.2092294748293244,0.37113538144284713,1.9648343723444845,3.634943588837297,13.022485590038725,4.431793084288115,33.5385442206269,161.63490162795006,29.340961322565317,1.748748362943504,1.3232978384018799,2.620188402866693,0.30221657950198144,1.6020412855153578,2.9634829640485556,10.618658264249229,3.617796529378088,31.362985820935037,105.5290168677194,26.415531390052802,9410.92260293394
t75,-0.0,0.0,206.76552479198477,0.0,0.0,1178.9007850210323,434.70072433870575,654.3887336785682,2698.502290712063,284.73213759514033,1546.607438107191,2297.4006829443147,0.0,-0.0,0.0,0.0,1.1527850468154714,0.8763518978342102,1.7291775702232068,0.19997291628431646,1.0586801450346164,1.9585582683140403,7.016696739034986,2.3879118826891905,18.442071821574828,89.61329381281651,15.810810790211764,0.7902989350038587,0.5980282209509066,1.184122397581285,0.13657850722382123,0.7239986887787029,1.33926497374815,4.798811821776786,1.6349640719123453,14.488860823052802,51.485408459798364,11.930662698893794,9531.355627678553
t76,820.9176928068935,0.0,0.0,0.0,0.0,1178.9007850210323,1133.0723099702766,0.0,5678.853939751742,390.1812772873595,0.0,0.0,0.0,0.0,262.3111861490015,0.0,1.6638761776139486,1.2648854615534608,2.495814266420922,0.2886315818309911,1.5280495508699528,2.826891669109412,10.127572856599187,3.4466006536288933,27.166650029008192,121.38961420357157,22.84198257994265,0.9804339587225759,0.7419055627246339,1.4690059146631882,0.1694374123295727,0.8981827876888029,1.6614736548822178,5.953339759424501,2.028313877692846,18.335675158414645,57.22340072807958,14.829978416433736,9763.56890724751
t77,0.0,0.0,1126.9914482976255,0.0,0.0,1178.9007850210323,356.96596294489535,548.1519525225959,3425.0596343690345,522.7754308521615,24.490743313759626,2297.4006829443147,0.0,0.0,224.35129467520346,0.0,2.0598099601377524,1.5658759390843113,3.0897149402066275,0.35731397267695697,1.8916622082897723,3.4995750853360788,12.537516747164991,4.266749203142486,34.54043409471841,157.81273536292258,28.20670199746848,0.5075622185840724,0.3840781217809004,0.7604917134153969,0.0,0.4649814955484958,0.860130605318646,3.0819927333150297,1.0500406300573173,9.728648247624758,34.99548667468967,7.6590226857847945,10014.408459577891
t78,1830.0,0.0,0.0,0.0,0.0,-0.0,405.2212557442946,493.5961550979025,3918.138096410632,139.70673776098923,1546.607438107191,0.0,0.0,-0.0,0.0,0.0,3.5448469837535534,2.69480714581265,5.317270475630329,0.614922435957249,3.255471719773671,6.022622681581291,21.57654312049994,7.3428973234895025,63.087429654188554,292.47752324878866,49.31323051371859,1.965195661005323,1.4870859783781893,2.944496183351935,0.33962274007306764,1.8003302532028633,3.3302812376096913,11.932958216742051,4.065580956408664,39.83769014920931,122.80580436856013,30.128558562774383,9009.154852731517
t79,0.0,0.0,1166.7,0.0,0.0,515.3342768901925,223.55113589260085,580.8263319036814,4646.554193808473,361.3980609546144,941.8038518987921,0.0,0.0,-0.0,0.0,0.0,11.627646616569107,8.839384417697943,17.441469924853656,2.0170407396089263,10.678450974400198,19.75513430264037,70.7744000692191,24.085839420036006,217.54008503489462,960.9891076428228,163.92556549902358,5.005059523112997,3.787385645845573,7.499191533791788,0.8649683404037563,4.585171979227678,8.481728386483434,30.391460426419354,10.354426832211955,106.72793894177839,331.8588059441018,77.82346995612066,10531.221583499617
t80,1830.0,240.0,1166.7,0.0,0.0,250.8188163989214,-0.0,-0.0,-0.0,0.0,-0.0,-0.0,-0.0,-0.0,0.0,0.0,17.03876179823252,12.952936264982885,25.558142697348778,1.111568492378502,15.647842467764557,28.94850856536443,103.71042257801733,9.171263256474493,304.54258945494985,1373.2106184844076,249.12431084563167,10.121366478133815,7.658953492681798,15.165067558680363,1.7491623275969517,9.27225855211588,17.15198010556234,61.45843168517831,20.939001455602337,206.40870391362512,641.9359107963978,163.1796524835544,6783.576270153601
t81,1830.0,240.0,1166.7,1490.0,3693.0,568.5242701493845,1133.0723099702766,1564.522758475724,2619.892736429885,284.73213759514033,689.9246517523843,43.03690104005792,-0.0,-0.0,-0.0,-0.0,13.463763303046822,10.235207817112123,20.19564495457023,2.3355507770591424,12.364680584430753,22.874659081196892,81.9503552068105,27.889223984882697,227.80361764809456,1057.1172371932541,198.40381351410392,12.094277550257305,9.151877810681285,18.121123913388885,2.09011843569883,11.079656950403507,20.49533611704678,73.4382390174181,25.020543992394728,233.80925158809666,736.2760454915219,196.39400240899914,18336.009992753323
t82,1830.0,240.0,1166.7,1490.0,3693.0,1178.9007850210323,1133.0723099702766,1564.522758475724,7962.866278610432,479.2308744706934,962.6552128639728,2260.9742499040094,-0.0,-0.0,0.0,28153.025574604184,7.700724653731534,5.8541223132959095,11.551086980597297,1.3358399909534293,7.072094069753448,13.083374029043878,46.87226791786591,15.95150106844389,127.48921048301992,607.6785282032007,113.5131680272062,11.662469035833753,8.825123381142658,17.474135652683792,2.0154938098840214,10.684073982491999,19.76358007750351,70.81623396087642,24.12722201540775,220.6105932714422,697.032623057123,189.33391851030444,54345.39542841212
t83,1830.0,240.0,1166.7,1490.0,3693.0,543.8649596222953,1133.0723099702766,977.3924547322389,7962.866278610432,522.7754308521615,1546.607438107191,2097.4149355821633,-0.0,-0.0,0.0,28153.025574604184,7.182117578834542,5.459875098195646,10.773176368251809,1.2458775391855836,6.5958222662766195,12.202271192611745,43.71564424260003,14.877243556157262,117.48221468002278,526.7905496637757,104.62487552489591,13.26041520657555,10.03430748014358,19.868373791060343,2.2916489367068484,12.147964266426595,22.4715089910089,80.51919904798139,27.433040184073242,248.07539163744661,548.4449938398247,212.66758344201432,53404.88347661501
t84,1830.0,240.0,1166.7,1490.0,3693.0,1067.6880616884764,765.5693650966779,1447.161680104135,7962.866278610432,283.13227407504417,1546.607438107191,1971.2563820897824,-0.0,-0.0,0.0,0.0,8.427196859032072,6.406389448958055,12.640795288548107,1.4618606796280125,4.590893622427294,14.317635479886121,51.29411149400643,10.355015615030453,136.20142156946937,595.1229859596941,100.45814293379397,16.375961965675142,12.391877259260887,12.633843123213111,2.830073963866677,15.002139653118501,27.751210713644113,45.27643586212639,33.878458227646725,303.1059272991671,915.7307304050898,261.8707692114093,26052.105356406428
t85,1611.2488335090006,240.0,1166.7,1490.0,3693.0,0.0,0.0,-0.0,7962.866278610432,283.13227407504417,1546.607438107191,1957.7862956295849,-0.0,-0.0,0.0,0.0,6.912219296434465,5.254697322289465,10.368328944651694,1.1990584493814886,6.347956496725527,11.743719518942227,42.07284500329752,14.318168542614245,110.76312661777773,498.2103214857748,100.97192452190578,18.826347584407564,14.246112014375525,28.207933545093884,3.2535466462986227,17.24695600853445,31.90370983263698,114.31636226169624,38.947796261031094,345.277475033104,1046.6376887350232,302.5418026092475,22720.9092166625
t86,1830.0,240.0,1166.7,1490.0,3693.0,0.0,1133.0723099702766,1386.3006634211529,6721.235207130172,0.0,1546.607438107191,2297.4006829443147,-0.0,-0.0,492.51268306482416,0.0,7.688807648033597,5.845062956923499,11.533211472050393,1.333772755271134,7.0611498808471795,13.063127279567283,46.79973226583714,15.926815842355305,84.33545181275286,539.8124476552504,111.86207785049892,0.0,0.0,28.589849540632667,0.0,0.0,0.0,115.86412708572188,39.47512260201577,350.00140154354125,0.0,305.3443482133154,23681.365491042547
t87,1830.0,240.0,1166.7,1490.0,3693.0,1178.9007850210323,1133.0723099702766,1564.522758475724,5692.648769582401,522.7754308521615,323.64467868445286,307.0544856089773,-0.0,-0.0,168.95453259148596,0.0,6.2845586293817695,4.777547121315732,9.426837944072652,1.0901785377498987,5.771533435146522,10.677336855021066,38.25244104516557,-0.0,100.78465458604435,449.151513233142,91.59609113635133,21.576148135943676,16.32691746528624,0.0,3.728763855708387,19.766068594337668,36.56360674044147,0.0,44.63656149600429,0.0,1193.0889596746204,345.8641269067858,21710.63759617903
t88,1830.0,240.0,1166.7,1490.0,3693.0,1178.9007850210323,613.6656791433473,1341.1649746239102,6276.337703446439,326.6213913729709,1546.607438107191,1785.3801727450204,-0.0,-0.0,672.3280532989278,0.0,5.235694476757254,3.980196311412402,7.853541715135879,0.90823271535585,4.808290846001559,8.895338065102884,31.868283218221443,10.845367130425739,84.33731487433698,374.90712559655697,75.69047917260175,28.951965968726064,21.908282972978952,43.37937182898049,5.003443783185881,10.908133543292138,49.06289534968679,175.8006121490262,59.89559402590476,533.1771128716271,1576.837955987921,460.31976699335956,25735.281197355438
t89,1830.0,240.0,1166.7,806.8936324433853,3693.0,1178.9007850210323,613.6656791433473,1169.790992085894,5037.097504819174,130.8131253779441,1168.555218959713,1640.3437476430468,0.0,0.0,0.0,28153.025574604184,5.887302081578898,4.475551072220694,8.830953122368346,1.0212666876208294,5.406705993286742,10.002406087580473,35.8344458332838,12.195125740413431,97.0413960674664,418.3160399811722,84.07179770792811,37.2540802359656,28.1905875611082,55.8186135079149,6.438205141450433,34.12873793429064,63.13191449383432,226.2122757952341,77.07094115930468,702.3945472321833,2058.366978830353,585.2246065155847,51386.10073887987
t90,1045.7405786202623,240.0,666.7024770908525,0.0,3693.0,638.4861270694499,613.6656791433473,847.3368492611156,4312.6442150186485,283.13227407504417,826.4073185476738,777.4858582855884,-0.0,-0.0,0.0,19035.09827353759,7.0167284812009045,5.334145631117014,10.525092721801355,1.217187593677708,6.443934319470218,11.921278491019903,42.70896468404428,14.534651853916158,120.26260439895262,508.8676227192702,98.34758700946524,24.17099805215065,32.93545342821393,63.995167817184665,1.7328135927893697,39.87307665588648,73.7578890520977,264.2869311678629,90.04304673389748,853.4988750683768,2461.4600694700443,671.2986284536407,38383.93239804565
t91,0.0,0.0,0.0,0.0,0.0,638.4861270694499,613.6656791433473,694.9504482051237,777.6684806080696,-0.0,575.9436697932323,1021.5760836355022,-0.0,0.0,0.0,0.0,11.104143373257116,1.8219980459225429,16.65621505988567,1.9262289525037852,10.197682689725923,18.865712975992956,67.5879747157946,23.001439844604025,193.61345056100248,800.9494367311505,159.31202949225465,34.31453668731763,25.96620141942995,51.414230304991,5.930196776499524,31.435800388046015,58.15047324528658,208.3629333412793,70.98963714003798,684.0556359920009,2045.8723786903963,541.7091553164967,9385.527980198603
t92,0.0,240.0,0.0,0.0,0.0,-0.0,259.01283740762796,999.7232503171076,347.11457714537124,90.09576084815916,526.1841451655512,1052.185889222153,-0.0,0.0,0.0,0.0,12.183074298032192,9.26162280819794,18.274611447048283,2.1133904394545637,11.188537620641807,20.698794598187344,74.15514100792043,25.236368188780965,201.96334963392346,871.0313162645059,176.05109865237657,0.0,14.950550686314221,0.0,2.1520375043283337,18.099779766579967,33.48127759019371,119.96905306822872,40.873678483870144,374.0817525534888,1199.4570764952173,313.9676761469191,7053.506647360179
t93,607.6227115239695,0.0,-0.0,0.0,0.0,-0.0,484.2195724564578,618.9240919944918,2133.3172805653394,279.5356632218681,-0.0,888.6199137003116,-0.0,0.0,0.0,0.0,4.1322130250233435,9.760742277260055,6.198319537535021,0.7168124635244579,3.7948895127765425,21.814276364614752,34.069103774186246,11.594347135221817,210.66418050890593,540.3686837354941,184.90531205598214,15.397588825676813,11.651531141577587,23.070548357935223,2.6609926997394493,1.312900605036731,26.093229385794604,57.66066352275976,31.854407755133405,288.4486797896713,885.8579385936384,243.82089854923203,7628.087493079158
t94,0.0,240.0,0.0,0.0,0.0,963.2060046160581,383.5324405868318,784.8804188745156,1233.4090158551207,198.52332200077953,660.3126893574683,323.80972789217094,-0.0,0.0,0.0,0.0,11.78056930368735,8.955636868619463,17.670853955531022,2.0435681445171934,10.81889017685573,20.0149468271831,71.70519989438269,24.402607843352364,190.80983209092977,837.7643378371,167.57183197513353,0.0,9.16211907262809,18.141402066201515,2.0924573491811382,11.092055462649528,20.51827109391213,73.5204188998693,25.04854283048877,223.70719662478342,688.6456052265512,189.34573086521908,7412.485693591721
t95,0.0,0.0,0.0,0.0,0.0,1178.9007850210323,529.4135802845975,506.4994719795297,1396.938689085257,281.24207615432556,541.9691920602659,713.1290365309917,-0.0,-0.0,0.0,0.0,9.639085367483727,7.327672039566709,14.458628051225586,1.6720862372165646,8.852221255852399,16.37660932332694,58.67055532351063,19.966676832644858,153.25004343293708,683.0859412445558,136.63326116084278,8.062796198889298,6.101209875334016,12.080666116792186,1.3934026988013386,7.386387121801271,6.419004679202487,48.95848899963149,16.68024784099078,146.02024914160154,462.9143845737292,125.6327580726406,7099.675206704575
t96,0.0,0.0,0.0,0.0,0.0,67.56599892486156,192.3579912505266,536.6052467145297,1388.652719690982,325.87947777527,1546.607438107191,2277.499937861298,-0.0,0.0,0.0,0.0,6.011100948494746,4.569663476151617,9.016651422742115,1.0427420012694966,5.520398830250275,10.21273783596301,36.58797669160322,12.451566250453398,94.7129064010901,438.558883508612,0.0,5.642583345149477,4.269807195742307,8.454407596004167,0.9751444371650942,5.169212259147005,9.562095937249955,0.0,11.673330980820984,100.98055405930677,321.39468621715747,87.1186844001071,7509.0939441191385
t97,1830.0,0.0,0.0,1090.3051325809738,0.0,1178.9007850210323,1133.0723099702766,0.0,2924.8163653370725,412.44196252152335,1546.607438107191,0.0,-0.0,-0.0,0.0,-0.0,2.486865883055439,1.8905255947717363,3.730298824583157,0.4313951021626781,2.283856423214178,4.225134382946229,15.136892849413968,5.151365043471979,40.73620145574983,192.27631959765858,34.46765274769686,3.214815427580598,2.432687513152432,4.81682915575415,0.5555805185248349,2.9451161467432994,5.447925472913429,19.52083394700366,6.65078426544778,59.36709365734406,186.36930815682314,50.14232445291712,10760.423800157
t98,0.0,0.0,0.0,1490.0,0.0,1178.9007850210323,613.6656791433473,1064.470009775325,3491.1599039598523,443.2573386860704,0.0,2297.4006829443147,0.0,-0.0,0.0,0.0,1.10604429550191,0.8408193879070642,1.659066443252865,0.19186482677073952,1.015754965256856,1.879146685725184,6.73219818639683,2.2910917549682424,18.34139383599521,87.78408908517562,14.851464056024481,1.9899683448680316,1.5058317508984604,2.981613644240188,0.3439039253714888,1.8230246917750768,3.372261792477705,12.08338161086813,4.1168304852722875,37.23264311418733,115.30232050020483,30.067971097362783,10926.367084010442
t99,1830.0,14.277226507354385,0.0,1490.0,0.0,638.4861270694499,0.0,663.5553422018888,1544.837376701029,52.71922029687152,1546.607438107191,2297.4006829443147,0.0,-0.0,152.70170934201633,0.0,0.42524235562063983,0.3232709744258946,0.6378635334309597,0.07376653107704977,0.3905286939373223,0.7224780837840462,2.588337399262364,0.8808591652141824,7.12080271502956,35.46464700650093,5.592191933014794,0.91207068287018,0.6901742919034416,1.3665757043675681,0.15762295358326936,0.8355546859850979,1.5456231370786606,5.538227854542249,1.8868844831861273,17.2371080153427,56.89508044678908,13.50252992422128,10385.372563741283
t100,-0.0,0.0,0.0,1490.0,2387.234387551759,0.0,0.0,1564.522758475724,4632.628739790768,502.64019671079626,0.0,0.0,0.0,-0.0,458.2048669826455,0.0,0.4087034738075089,0.31069804896591235,0.6130552107112632,-0.07376653107704977,0.37533992492526325,0.6943788611117369,2.487669613532439,0.8466000528869826,6.969974472133191,33.1290578994446,5.313891395293168,1.1346351491671947,0.858591362876518,1.7000489735005113,0.19608627577889437,1.0394476366531684,1.922787752783333,6.88967215576523,2.3473240585958908,21.83501903541608,64.113296410934,16.61229214069799,11204.955752885598
t101,1830.0,0.0,0.0,1490.0,2472.398881454639,0.0,99.53896216403628,353.3365745336436,3733.8174663500336,0.0,0.0,0.0,0.0,-0.0,194.2723719188416,0.0,2.1264720169381466,1.6165527067539986,3.189708025407219,0.3688777988566172,1.952882464535032,3.612832559389809,12.943271001057186,4.404834892229017,36.354651076423764,158.28985846645136,26.84993127959193,0.5840428868216296,0.44195191603448825,0.8750843925028778,0.10093358614534877,0.5350460003433051,0.9897371068621578,3.5463946433011366,1.2082632205554855,11.22925364688263,38.42032512337632,8.309342812289229,10491.314504043941
t102,1830.0,143.21918364982457,0.0,1490.0,0.0,638.4861270694499,-0.0,-0.0,1491.6532036552107,283.13227407504417,1546.607438107191,-0.0,0.0,0.0,0.0,0.0,3.3782904765203314,2.5681902091914757,5.067435714780496,0.5860299806208737,3.102511662110508,5.739646574904439,20.562757849432423,6.997887415649257,58.907675243633655,276.35282047592955,41.367939229766606,2.300480509570771,1.7407998486852652,3.44686089772936,0.3975662625600494,2.1074871782309414,3.898465293064562,13.968857322376879,4.759215550840204,44.9950973077244,133.59361352369504,31.753484679222865,8090.691339762961
t103,1256.3115408602994,240.0,922.3518171489889,984.7266314643066,0.0,638.4861270694499,-0.0,-0.0,0.0,0.0,0.0,0.0,0.0,0.0,0.0,973.4723087527606,12.300653796303944,9.351007222700446,18.45098069445591,2.1337868830323163,11.296518792524028,20.898559766169452,74.87081621933982,25.479925720915308,216.03205668944153,950.8478915687674,146.49954442856492,6.207975538518785,4.697645919248275,9.30154724143838,1.072854832999052,5.687172221528955,10.520227003194584,37.69574408372396,12.84300979696923,122.33403890909936,362.71573522210184,83.41932246008801,7160.005440306931
t104,1830.0,240.0,1166.7,660.0149771479118,3693.0,638.4861270694499,0.0,852.6684127648635,1591.39513400055,-0.0,592.3991291347356,-0.0,-0.0,-0.0,0.0,0.0,16.748785635924374,12.732495202820058,25.123178453886556,2.905401589905248,15.381537828910135,28.45584498348375,101.94541461049884,15.009278162688759,129.94394583406026,419.9453077578553,209.1933392357944,12.546790701016446,9.494299674762447,18.79913438927464,2.1683212117528425,11.49420758851507,21.262178872527873,76.18596568284987,25.956699554284025,236.50542020359876,674.6915835465795,176.76619376773704,13507.919104606237
t105,1830.0,240.0,1166.7,333.0358157288392,3693.0,1178.9007850210323,1133.0723099702766,842.8242139115434,4394.246294743247,522.7754308521615,0.0,2004.475686763285,-0.0,-0.0,0.0,28153.025574604195,6.772270091251352,5.148307365288021,18.782342367765573,2.172107620762005,11.499393286387086,21.273877579816105,76.2154232814433,25.93752041262865,203.00596982478064,919.2993037701862,108.75474816995381,14.476153483207854,10.954270504910642,21.689941376685592,2.501751356997331,13.261711076898473,24.531736607449552,87.9013413686732,29.948149739589407,265.96606316358327,777.0098907596514,215.02257441421062,48354.180959216705
t106,1830.0,240.0,1166.7,0.0,3693.0,834.6290653051848,1133.0723099702766,1564.522758475724,5848.392136268431,522.7754308521615,1546.607438107191,1046.637283970886,-0.0,-0.0,0.0,0.0,7.0902427017462175,5.390031441633605,10.635364052619325,1.229940060506997,6.51144737915469,12.046177651436174,43.15642624073081,14.68693131076002,113.6180276517176,532.7074969031913,94.60830730693067,13.668817506976342,10.343350160480421,20.480292002902473,2.362228528890207,12.5221046288743,23.163600137661252,48.560109562514214,28.27793957399636,248.23047994653058,736.3612304242604,205.4858151422404,21617.47278326561
t107,-0.0,240.0,1166.7,756.1404495717925,3693.0,1178.9007850210323,1133.0723099702766,1564.522758475724,6910.958049708777,130.46735189378026,1546.607438107191,965.7020634883404,-0.0,-0.0,0.0,0.0,0.0,0.0,0.0,1.362008666640848,7.210634117510371,13.339673117394188,0.0,16.26398584282895,125.73038465647836,548.4206953325161,104.44360528732109,15.557843005517723,11.772797307866599,13.875452925414677,2.688687633503902,14.252654833913887,26.364801066397483,94.46951986068561,32.185940311750585,282.75459724232053,821.5465189162292,233.18631076054112,21651.49731712175
t108,1830.0,240.0,1166.7,681.0563783917951,3693.0,0.0,968.345301060881,1564.522758475724,6563.258306734096,522.7754308521615,1546.607438107191,1859.866854036703,-0.0,0.0,0.0,0.0,7.066028585162774,5.3716237713737405,10.599042877744159,1.2257396525282362,6.489209925149486,12.005038361526546,43.00904133724075,14.636773497837172,111.80483119336508,494.66559705297556,95.52954074422013,19.078167020657226,14.436666654893308,28.58524018363574,3.29706577705989,17.47764965315243,32.330450823596976,115.84544705999747,17.88870730168587,342.9935005257998,989.1112486862427,290.52742635483366,23310.10650469923
t109,1830.0,240.0,1166.7,0.0,3693.0,0.0,505.1487914955624,1564.522758475724,7647.953841964399,283.13227407504417,1095.1680797980498,2220.6448902194325,-0.0,-0.0,0.0,0.0,5.397467331185342,4.103176695645999,8.096200996778013,0.9362953533688858,4.956857753129395,9.17018684328938,32.852951663796496,9.699240659333878,84.88970904862543,387.0498042289567,73.57649530208776,21.726405544436368,16.440618960638933,32.55315461607663,3.7547311595250776,19.9037205155407,36.81823758369251,131.92594239146845,44.94741281256719,0.0,839.1984902537852,173.07788815582455,22187.34562389796
t110,1830.0,240.0,1166.7,127.63657623996366,1038.6123212257744,638.4861270694499,-0.0,-0.0,7667.530336861476,283.13227407504417,1546.607438107191,1420.685834513892,-0.0,-0.0,0.0,0.0,5.056081473386632,3.843653773135756,7.584122210079947,0.8770753576282933,4.643340128620376,8.590179237947696,30.775026519133938,10.473311623443738,78.71417908963853,355.26253687063536,68.84860122362491,22.202954314781707,16.80122885229287,33.26717819312091,3.8370877423196577,20.34029036219935,37.625811842163635,134.81961688791105,45.93329307068095,391.82068587383054,1172.0373590376994,340.55456432006844,18753.299086097133
t111,1830.0,240.0,1166.7,-0.0,3693.0,1178.9007850210323,1133.0723099702766,1111.7362555948594,6932.93465232208,283.13227407504417,1213.0747534823317,2218.1569681786814,-0.0,-0.0,0.0,0.0,4.848610744190429,3.6859336779814993,7.272916116285642,0.8410855372575234,4.452805785481006,8.237690703139862,29.51220723377133,10.043550827251602,74.70693077221914,341.09483923779067,66.44570377190614,0.27142991200977207,19.000395384575185,0.0,3.2161930053590737,23.002695964474615,31.53742655740451,0.0,51.945648579115755,438.1078338843498,1318.1805556392462,387.6253506103746,23824.737802588494
t112,261.4811572405255,240.0,1166.7,-0.0,3693.0,294.21440735360227,0.0,1564.522758475724,6579.5641085669995,283.13227407504417,1171.8509908635592,1848.195070083376,-0.0,0.0,0.0,0.0,4.463805906238647,3.393403469538562,6.695708859357968,0.7743336776128262,4.0994135873620206,7.583915136619739,27.170002276238282,9.246455091494337,68.34308321280382,316.55220194805105,60.21901361167714,33.970800681312426,25.706092461865612,50.899203034248316,5.870792735193256,5.263430261164999,57.5679675975261,206.27571755984846,70.2785188591581,587.2381462848581,1757.248398112313,516.197880307692,20927.719051331
t113,1830.0,240.0,1166.7,0.0,489.8173105683431,1178.9007850210323,1133.0723099702766,130.1509400465074,6614.8193554271365,43.48911729792671,836.4615704712218,1838.5875702833252,-0.0,0.0,0.0,28153.025574604184,5.506464994275921,4.186037164015879,8.259697491413881,0.9552031112519455,5.056957647804417,9.355371648438172,33.516391521281506,11.406248916714409,84.28057013782391,380.1705010384287,72.42726319798884,44.416040817556265,33.610124846842076,66.54953766791567,7.675926517128014,40.68986289662034,75.26879400290575,80.34933990566458,91.88754753028,767.6175274612621,2288.55474124302,658.0194869463802,48424.78417039496
t114,422.27305425770305,240.0,1166.7,308.6595661271367,3693.0,1178.9007850210323,1133.0723099702766,1564.522758475724,4312.6442150186485,522.7754308521615,838.80645174194,1244.2594686656817,0.0,-0.0,0.0,0.0,6.043123257489848,4.594006966152995,9.064684886234769,1.0482968916053816,5.549807073204961,10.267143085429177,36.78288799074176,12.517898176228968,92.42068937833876,416.71514993598,77.85883630823102,53.03138771354432,40.12945613894042,0.0,0.0,48.58244579126712,0.0,322.01441633442425,109.71090780335595,916.7509085938315,0.0,-0.0,18788.696086455308
t115,0.0,240.0,1166.7,0.0,0.0,638.4861270694499,613.6656791433473,847.3368492611156,3666.394775667061,-0.0,0.0,1244.2594686656817,-0.0,0.0,528.6163207117345,218.0677148729402,9.258177653003143,7.038104440293205,13.88726647950471,1.6060104091944227,8.502408048676354,15.729454890051255,56.35207112261607,16.675852907056626,142.61815639203942,618.2601906490606,121.69927634169558,0.0,0.0,60.3115222110216,6.95642417439555,36.87580193417447,68.2134797683447,244.4203794867717,0.0,702.4471318502647,2133.2692070276926,596.2495170832705,14023.89736826046
t116,0.0,14.014919270531777,0.0,0.0,0.0,638.4861270694499,-0.0,467.4307310517642,1377.25222318325,505.73296867490996,0.0,-0.0,-0.0,-0.0,0.0,0.0,8.628857160108382,7.672140813753215,15.138318115727818,1.3493783564705124,9.26835803003744,15.04441443197791,53.89785710915808,17.874061260224508,157.90158962935837,666.765359909284,109.98355044092659,22.127614239355825,16.74421815763335,33.154294489504615,3.8240675614994126,20.2712707628998,32.7865202316553,134.3621408258871,45.777430129405595,393.0941505947962,1228.2552665835676,333.4776229203764,6330.315451003513
t117,283.18070159603417,0.0,185.436278312669,0.0,0.0,0.0,1041.2481231781524,0.0,353.49633488363145,153.95639104690872,1546.607438107191,682.491705489901,-0.0,-0.0,0.0,0.0,10.97114283989162,8.340307567060465,16.456714259837426,1.9031574314097706,2.514868504753565,18.639747784101576,66.7784357550546,22.725938739775494,172.17880473472704,744.6346400907161,148.5164495590734,17.799710396967782,13.469243941329648,26.669700309550713,3.0761244477981236,16.306446101920148,30.163938759962182,108.08246967554763,36.82389751587462,316.94736337763567,937.4305884424771,271.4924571290198,7238.339119978971
t118,0.0,0.0,0.0,0.0,0.0,1093.5863425908747,556.6626381786471,478.9024431706575,625.5526340894814,341.85619108566647,527.3559232425757,716.8727268680493,-0.0,-0.0,0.0,0.0,11.191910158039933,8.508135783407907,16.787865237059897,1.9414538029252943,10.278284839016262,19.014826952180087,68.12218784970224,23.183242470225576,174.1732202073383,761.6183264553435,158.16100584957087,13.719845270144509,10.38196345106573,20.556748030602428,2.3710470852766523,12.56885153942769,23.250073360479792,83.30892622928353,0.0,242.44400631595687,728.4813466445573,218.3672068584039,6949.219373615962
t119,914.527432931741,0.0,-0.0,27.03865288144607,0.0,379.5288497837602,350.2014647359973,748.3405242998097,1622.22392026446,197.8969951497137,-0.0,1332.3749895917013,-0.0,-0.0,0.0,0.0,8.181976345408781,6.219971813601572,12.272964518113168,1.4193224272647884,7.5140599090488776,13.901010831740425,49.80151928608507,16.948379572632472,127.2001439018636,573.801114339347,100.33899415042913,9.051644511053512,6.849482675310629,13.562279443575145,1.5642942695277047,8.292278360797347,15.339196235174576,54.96292195554138,18.725969265317087,159.76696733251356,491.5325968143447,147.72521772667776,7417.105135323997
t120,0.0,0.0,566.8546630048764,0.0,0.0,0.0,414.7263036884684,-0.0,2886.4840543817177,200.68624243661588,243.7103857816027,1939.0020480041067,-0.0,-0.0,0.0,0.0,5.550981364884309,4.219878690651846,8.326472047326462,0.9629253388064616,5.0978400289753845,9.431004053604461,33.787350858709075,11.49846139868892,87.35991475629856,398.63587625205815,79.90849875988248,6.190830043606139,4.684671727628135,9.275857766678325,1.0698917692809269,5.671465107062,10.491171718191612,37.59163410706479,12.807539335178472,110.54409570895687,340.3249908430211,100.31382642215142,7535.208875396093
t121,0.0,0.0,0.0,0.0,0.0,-0.0,933.7826658082872,1564.522758475724,0.0,-0.0,1546.607438107191,1125.3729910536626,0.0,-0.0,820.627967504081,-0.0,2.525515186881198,1.9199069532923387,3.7882727803217957,0.4380995732344935,2.319350681829671,4.290798761384892,15.372140907904432,5.23142431568248,40.80639075396157,189.72914243935026,36.10717834268284,3.1401416173391374,2.3761809889596495,4.704943732019881,0.5426754808488778,2.8767069178979345,5.321380928712297,19.067403545554257,6.496299688220062,58.26367693839424,183.8759291041832,48.73094093041262,6628.838321518015
t122,0.0,0.0,0.0,1240.252356302848,0.0,372.5108889502354,17.320122802606647,0.0,4484.287053442729,522.7754308521615,0.0,1344.8849833164943,0.0,-0.0,21.969256249931544,0.0,1.1251818653140777,0.8553678465908038,1.6877727979711161,0.1951846092891767,1.0333302844721122,1.9116610262734073,6.848683496529054,2.3307338638648747,18.41163686679074,85.92499913172267,15.566926714916114,1.9470589388417123,1.4733617137879405,2.917321530848405,0.3364883736588866,1.7837150681335154,3.299546188305587,11.822829361859323,4.028059851664147,36.5559107276405,112.52101051682621,29.24897876991022,8345.82585146222
t123,0.0,0.0,0.0,1490.0,0.0,0.0,0.0,1564.522758475724,4167.365716576505,120.2583979307368,-0.0,1159.0900330652335,0.0,0.0,541.815539143437,0.0,0.43274145674352305,0.3289718217080863,0.6491121851152845,0.0750673955575499,0.3974156235399701,0.7352189035489446,2.633982438239913,0.8963930175401547,7.137495997217795,34.632334545177876,5.862726776537198,0.8926360737733917,0.6754679014627512,1.3374563991269104,0.15426428791721367,0.8177504971145502,1.5126886485086,5.4202180385669525,1.8466783204070334,16.888691825207864,55.384797493542266,13.13890194044448,9194.903456778637
t124,0.0,0.0,0.0,1490.0,1364.9110870105987,248.73528043210433,64.30303030657228,57.489692134246404,2511.678321292521,381.0286310917411,1546.607438107191,1316.346878957901,0.0,0.0,397.05927243250676,0.0,0.418044306520946,0.317798988120515,0.627066459781419,0.07251788990669471,0.38391824068250135,0.7102487452626275,2.544524784079023,0.8659489206505309,6.964333810827462,32.186086852629614,5.575540566037132,1.1161948162890283,0.8446373525945501,1.6724194143390976,0.19289943972780188,1.0225543115667945,1.891538195389125,6.777699731795291,2.309174846450288,21.30173900897946,62.01683330130998,16.172956054494247,9544.144307802817
t125,0.0,0.0,0.0,1490.0,644.569713529163,-0.0,1014.3431948122216,1458.3737909190515,1.0255074266300346e-13,0.0,0.0,1183.2446845943473,0.0,-0.0,519.5809765766381,0.0,2.177291567085898,1.655185936203055,3.265937350628847,0.3776934351067374,1.9995534799768446,3.6991739379571627,13.252596120068755,4.510103960392217,36.592986183080576,153.16688351969572,28.3630066382672,0.5748849982875822,0.435022037294798,0.8613629252865953,0.09935093091211573,0.5266563910486912,0.9742178662256006,3.4907865919509398,1.1893174545110552,11.065810118837023,37.10662145709303,8.142806413245498,6623.639609744577
t126,1830.0,171.51132942771127,828.4000209633512,1490.0,0.0,1178.9007850210323,0.0,0.0,0.0,0.0,0.0,0.0,0.0,0.0,-2.7688836640925174e-14,0.0,3.454083658764314,2.625808495693279,5.18112548814647,0.5991777775407483,3.172117645803961,5.868417644737328,21.02409084135626,7.154887578868935,59.18546385492774,265.55140320366206,43.50406541380215,2.2622044637508583,1.711835928106774,3.38951105055288,0.39095144256097053,2.0724222100804846,3.8336015241415553,13.736439520661671,4.680030375511423,44.21612930330613,127.85389919328621,30.968826552716575,6151.248628580072
t127,1830.0,240.0,1166.7,1490.0,3494.7437424349446,303.78659099707255,1133.0723099702766,1246.6515666279054,6113.997615195777,522.7754308521615,1100.3572829812783,0.0,-0.0,0.0,478.143324191726,15485.011712250018,12.43496251591417,9.453109259546997,14.992932195142448,2.1570853343932748,11.419863535023218,21.12674753979295,75.68831776268166,25.758136640107924,213.33504302065026,899.3110782086569,148.59035659854788,6.036109147573245,4.567592660328077,9.04403602144783,1.0431530909396718,5.529724151971463,10.228976911156003,36.652145981657,12.487453991539953,118.404256181775,342.00224026402464,78.45517280179388,36663.95806931583
t128,1830.0,240.0,1166.7,1490.0,3693.0,1117.8048005776757,1133.0723099702766,1564.522758475724,4892.30346917844,370.1105086708977,1546.607438107191,2297.4006829443147,-0.0,-0.0,855.6519447635119,0.0,16.702215145770758,5.438484256698656,25.05332271865613,2.897323035490845,15.33876901142212,28.376722671130924,101.66195239236995,34.597445659096564,275.1380442963134,500.1200396908912,108.31250085716539,12.034174557941531,6.911483041640169,18.031070268862056,2.0797315091744593,11.02459615542966,20.393483730739845,73.07328477380939,24.8962034059428,227.47819570614902,649.5463345170763,162.70291300342322,24518.982203093226
t129,1830.0,240.0,1166.7,1490.0,3693.0,1178.9007850210323,0.0,1564.522758475724,7962.866278610432,522.7754308521615,-0.0,904.908257098097,-0.0,-0.0,422.25310236636176,0.0,6.608738679550761,9.504449040285756,18.753745086201423,1.1464138525751317,6.069249807750701,11.228112144338791,76.09938057087858,25.898028928563875,114.9414488281086,897.7377145569473,164.77147196676827,13.902145004881362,10.519911740270965,20.829891760669557,2.402551905206008,12.73585767225709,23.559004119010364,84.41587713534506,28.760645622514637,255.4752531833407,755.0458252261947,199.12835666615774,23715.46068592163
t130,1830.0,240.0,1166.7,1490.0,3693.0,-0.0,1133.0723099702766,1564.522758475724,4169.914201142055,283.13227407504417,852.8239362851015,2297.4006829443147,-0.0,-0.0,504.5795934346692,0.0,0.0,5.403957443468592,10.662842203891048,1.2331178058921621,-0.0,12.077300863590882,43.26792771851027,14.701971071436127,112.94276408152042,525.6311675435048,95.32567057751845,13.18086658005797,9.974112126855948,19.749184322133836,2.2779014391710923,7.310700876530515,22.336703432648573,80.03616804233187,27.268470626193754,239.87181397340268,722.0844857994226,191.95673798754672,21382.43962084281
t131,1830.0,240.0,1166.7,1490.0,3693.0,1178.9007850210323,1133.0723099702766,339.5845883444747,5696.18524495119,283.13227407504417,1546.607438107191,2297.4006829443147,-0.0,-0.0,366.1180597923917,0.0,7.915286764283253,6.017233305501044,8.02427693985466,1.3730599489062785,7.269140905974416,13.447910676052667,48.17825056015265,16.395951154586736,125.31254584411103,543.3828321512286,106.20874257800075,15.085096327422722,11.415064502798067,8.633120322232195,2.606988123698893,13.81956811203491,25.563669950833805,91.59893222976984,31.20792579146345,273.64789954328626,119.1930061620119,141.08959720250016,22878.087482302617
t132,1830.0,240.0,1166.7,1454.8111950480563,0.0,1178.9007850210323,1133.0723099702766,0.0,7962.866278610432,283.13227407504417,704.9131528376043,1834.7116769465779,-0.0,-0.0,400.0106070302918,0.0,7.141920570836195,5.429317168645883,10.71288085625429,1.2389045888185235,6.5589066466863,12.133977296369656,0.0,14.793978325303547,112.05660043969021,493.81853317503464,96.95892744758909,18.546604906695748,14.034427538456011,27.78878889543507,3.2052018546806416,16.990681676268256,31.429649254635418,112.61772341834214,38.369066862342045,326.7860990454892,979.716852236084,273.2511688025564,20792.69849054553
t133,1830.0,240.0,1166.7,1490.0,353.32863105192837,1178.9007850210323,765.5693650966779,1564.522758475724,5845.05398836669,283.13227407504417,1546.607438107191,2216.9983860542,-0.0,-0.0,234.5573503825131,0.0,5.479718541955909,4.165704401793012,8.219577812933862,0.9505634205433717,5.032394579347262,9.309929971792435,33.35359296200713,11.35084555119438,85.89255675437,385.2513784467075,74.85918608407124,21.21465550564469,16.053371867526437,31.786388198893796,3.6662911360426227,19.434902526983223,35.95101016896164,128.81852059551696,43.888708453791786,380.89396305044147,1125.7811397428495,314.4735162559755,21461.198892660344
t134,1830.0,240.0,1166.7,1290.354653568127,3693.0,638.4861270694499,0.0,0.0,5834.789441880855,283.13227407504417,1546.607438107191,0.0,-0.0,0.0,446.01680124265823,0.0,5.122659070929051,3.8942663345327975,7.683988606393573,0.8886245327121821,4.704482820240964,8.703293217445783,31.180266691930385,10.611222361210173,80.54560949855076,355.4379634955385,70.2292497537312,3.5696448933766476,16.372320371942834,32.41792038169611,3.7391330339470334,19.82103530616583,36.665285090160225,131.3778878626632,0.0,0.0,1164.8824086007833,321.8121720213975,19278.746169888673
t135,1830.0,240.0,1166.7,851.4499793137657,0.0,98.0714691178673,1133.0723099702766,1564.522758475724,7962.866278610432,0.0,1546.607438107191,2147.8109126684094,-0.0,-0.0,478.1433241917259,0.0,4.92896224957653,3.5678682155610577,7.393443374364795,0.8550240637020513,4.526597984304977,8.374206270964208,30.001285529310206,10.209993231265669,77.50847989588905,341.7069736171435,67.926351050679,24.55055492117637,18.577685015856616,36.78464017552096,1.1205659272928257,22.490944608997147,0.0,0.0,50.7899902983397,442.31993790406926,1312.31609872388,366.98106075584457,21852.175134269135
t136,1830.0,240.0,1166.7,693.717583093557,3693.0,1178.9007850210323,0.0,1564.522758475724,7962.866278610432,522.7754308521615,1546.607438107191,876.490850131983,-0.0,-0.0,855.6519447635119,0.0,4.540471408688185,3.4516848974211194,6.810707113032275,0.787632795384685,4.169820681448331,7.714168260679413,27.636644849821447,9.405262203711237,71.64150233672109,318.8165072897679,62.0440965493168,33.23448941202236,25.14891732352699,49.79597155190599,5.743544311138095,30.446361105644655,24.360359967363465,201.804726815619,40.0771386820459,599.7825819573412,1760.297056733438,492.58973513438576,25911.532450436014
t137,1551.2515718177606,240.0,1166.7,2.8809292033536167,3693.0,98.0714691178673,298.8756997410659,1564.522758475724,4312.6442150186485,326.6213913729709,837.6340111065809,1952.7361118623337,0.0,-0.0,463.4163479005155,0.0,5.597678636104143,4.255378146834272,8.396517954156215,0.9710258858548004,5.140725278054825,9.510341764401428,34.07158475955226,11.59519146050144,88.33628957355964,386.6828034976084,75.33028526252879,43.42756686064558,32.86213532575698,65.06848524590016,7.505099642024321,39.78431460723572,73.59369551887926,263.69859810180594,89.84260056908725,782.4092463539005,2315.0096650013697,633.9176551736357,21485.36139023622
t138,1830.0,240.0,1166.7,1.3328070006662074,3693.0,1178.9007850210323,1133.0723099702766,847.3368492611156,4312.6442150186485,283.13227407504417,837.6340111065809,1244.2594686656817,-0.0,-0.0,463.4163479005155,0.0,6.123967636492849,4.655465193048134,9.185951454739271,0.8185142938380641,5.624051911064861,10.404496035469991,37.27496627722433,12.685361532735184,96.57400321704615,425.68559530663373,81.0449441531863,51.688375588076575,39.113183540641835,77.44583791971876,8.93272262679847,0.0,0.0,313.85944841149177,106.93249513439332,929.9674420223154,2750.924886992865,742.1397866597191,22942.510563927055
t139,1586.5223150685354,240.0,1166.7,0.0,1727.2576040037884,638.4861270694499,1116.973755178465,847.3368492611156,4312.6442150186485,283.13227407504417,837.6340111065809,1244.2594686656817,0.0,-0.0,0.0,28153.025574604184,9.283827199417603,7.0576033301695045,13.925740799126402,1.6104598203071354,8.525963754567185,15.773032945949293,56.50819310665919,19.230784913079322,146.99798827574904,626.1198828917852,123.53185098284344,0.0,0.0,58.168700957031504,0.0,35.56563350788265,65.78990813729209,235.73631440481188,0.0,702.886919200201,2148.637082334719,236.26021334028087,46665.58229395336
t140,0.0,0.0,0.0,0.0,3330.2995539723015,638.4861270694499,584.1888134308892,560.795085328307,1570.6029578179007,283.13227407504417,-0.0,972.086975895623,0.0,-0.0,0.0,0.0,9.893352075302955,7.520966628674184,14.84002811295443,1.716193727348472,9.085731497727203,16.808603270795324,60.21820931549197,0.0,157.6625041034038,359.5945218015811,132.02627734934356,20.863229839742427,15.787444056583615,31.25983934041944,3.605558177002467,19.112958880032494,35.355473386140694,126.68461206380509,0.0,381.2763148134583,1212.3735527181789,302.18511141327224,10857.462270160775
t141,0.0,0.0,0.0,0.0,0.0,472.5654433870666,0.0,0.0,1514.4425022197863,283.13227407504417,0.0,0.0,0.0,-0.0,0.0,0.0,8.656573891451504,6.580762805236093,15.822588108856074,1.5016505730068934,7.9499147982717915,14.70734237680281,64.2052639927391,21.85024072175363,169.17448583006626,721.1553030780808,139.37891643078947,16.46011943625667,12.455560177435835,24.66256150432417,2.844617956265834,15.079236933215002,27.89382656144167,99.94827557015584,34.05256252500751,302.99748449879326,902.3918745293345,236.05576963181997,5115.965151613002
t142,0.0,0.0,0.0,0.0,0.0,-0.0,655.0530090268651,0.0,595.4723670455235,283.13227407504417,1034.5156624224624,0.0,0.0,-0.0,0.0,0.0,10.943426108548497,8.319237194763907,16.41513916282274,1.8983494269931065,10.050085201728209,18.592657623197187,66.60973136478754,22.668525510564738,173.79215454838183,690.2446969219193,149.88302244705858,12.90303042059883,9.763870335050457,19.332896250997912,2.229886129734362,11.820561425582152,21.865873699336944,78.34910585930733,26.69368541711134,235.32282756895628,702.121000611117,191.77501750683595,5049.768093305289
t143,0.0,0.0,0.0,0.0,0.0,740.9919506586863,0.0,416.69270397931604,0.0,283.13227407504417,316.8634894963561,1500.7105084427658,0.0,-0.0,-0.0,0.0,8.100893352967752,6.158332191796912,12.151340029451625,1.4052570102086914,7.439595936398954,13.763252482338064,49.30798862291085,16.780421945433197,127.41245674721164,559.8375701678599,108.61697755294142,8.619795641814479,6.522697708822701,12.915230718356256,1.489662669642435,7.896658423541451,14.60737180911514,52.34067185860166,17.83256380261284,155.67288542973242,474.7897802387261,134.24992523353706,5056.30225622619
t144,0.0,0.0,0.0,0.0,0.0,1178.9007850210323,1133.0723099702766,0.0,1572.1716448743991,0.0,0.0,0.0,0.0,-0.0,554.5472367765715,0.0,5.586366576554677,4.246778672993096,8.379549864832015,0.9690635898105051,5.130336651937968,9.49112280608524,34.00273125423332,11.571759337148974,87.74565212027831,390.78213595223446,80.80799581895045,5.992087131719457,4.534280698666905,8.978076860109855,1.0355452593407786,5.48939525825306,10.154375844021226,36.38483780149784,12.396381599681359,108.1433366163181,329.9561201956716,94.03412893660015,5694.504035489219
t145,0.0,0.0,0.0,0.0,0.0,0.0,0.0,0.0,0.0,0.0,0.0,0.0,0.0,0.0,0.0,0.0,2.5866338316142645,1.966369596482272,3.879950747421396,0.44870178711676006,2.375480049441671,4.394638091467092,15.744153883243966,5.358027222629547,39.016255516070665,189.69421694685317,37.73943705238995,3.723258429400566,2.8174321336571397,5.57864056619917,0.6434490238729167,3.410904534316626,6.30954868069559,0.0,7.702647052769963,65.18812324701494,225.92534189109085,55.65197686408551,680.1551871478341
t146,0.0,0.0,0.0,0.0,0.0,0.0,0.0,0.0,0.0,0.0,0.0,0.0,0.0,0.0,0.0,0.0,1.480956754952843,1.1258293698366,2.2214351324292636,0.2569006615734523,1.3600623259771005,2.516115303057636,9.014190860503783,3.0676961352594603,22.26168071483914,106.54143168497694,20.89246856675033,2.3653345166537623,1.7898756157900118,3.544033092905721,0.4087742537170094,2.166900412907642,4.008368895671644,14.362660429144238,4.893384998379344,41.3037659746979,140.33777414810908,34.1833135009577,420.10295334909057
t147,0.0,0.0,0.0,0.0,0.0,0.0,0.0,0.0,0.0,0.0,0.0,0.0,0.0,-0.0,-0.0,0.0,0.6668083085408325,0.5069103978193062,1.0002124628112485,0.11567082903259339,0.6123749772313767,1.132893707878047,4.058685265761292,1.3812457819774389,10.049961466580454,49.6857794434064,9.186215946876048,1.1055864914551872,0.8366099121582039,1.6565247262910776,0.19106612184544342,1.0128359468700205,1.8735610006203678,6.713284417074366,2.287228429470211,19.387727491660232,69.39168090090517,15.59543093203869,198.448294958304
t148,0.0,0.0,0.0,962.7159400713539,0.0,0.0,0.0,0.0,0.0,0.0,0.0,0.0,-0.0,0.0,-0.0,0.0,0.40023918534078856,0.30426346232539536,0.6003587780111828,0.06942924643666741,0.36756659878235687,0.67999820774736,2.4361497352630646,0.8290668839202048,6.032021264801806,29.64161093988386,5.390233020346042,1.4070758402038301,1.0647503421676634,2.108252894802047,0.24316914688086327,1.289032565018945,2.3844741587346783,8.54397225788198,2.9109471660592656,24.646505033865886,77.16418968788972,19.408555130190212,1150.6378016179078
t149,0.0,0.0,0.0,1190.587495991982,0.0,0.0,0.0,0.0,0.0,0.0,0.0,0.0,0.0,0.0,0.0,0.0,1.4836440019480959,1.1278722259707463,2.225466002922143,0.2573668166644656,1.3625302058706998,2.520680880860795,9.030547420020806,3.073262575463912,22.442021595209436,96.47152166228499,19.3867735790571,0.7422626407298893,0.5616786090086915,1.1121485539795155,0.12827693287781647,0.679992284963959,1.2578611864717923,4.507128350338036,1.5355869731878415,13.046245044250266,46.95549959155592,9.937314189626106,1430.433177315245
t150,0.0,0.0,0.0,347.0576907413265,0.0,0.0,0.0,0.0,0.0,0.0,0.0,0.0,0.0,0.0,0.0,0.0,1.7033133547866406,1.2948657646082116,2.5549700321799604,0.2954727248099274,1.564267366640792,2.8938946282854654,10.367616491124807,3.5282919492008977,26.28656459191658,125.98090117071754,21.668210655591334,2.909261188186767,2.201471134013812,4.3590104715617155,0.5027750039987199,2.665195652265058,4.930123825618514,17.665463490013266,6.018656115829335,52.106029611199745,158.92891721102725,37.915129562499125,835.398092737402
t151,366.54137361607957,240.0,0.0,1490.0,3693.0,1178.9007850210323,-0.0,-0.0,0.0,0.0,0.0,2297.4006829443147,-0.0,-0.0,855.6519447635119,6207.336776447351,10.446162285406798,7.941215206763331,15.66924342811019,1.8120893760399543,9.593414343740935,17.74781653592073,63.58301840046075,21.638479019771218,162.22465605676828,683.6038702597023,127.41506775168837,7.592845392893927,5.745592738582485,11.376528415862877,1.3121863682350243,6.95586171899343,12.867070212790043,46.10487831691798,15.70801739838626,137.2123393628894,416.40538668056575,94.91729778956281,18206.704599852343
t152,1120.296172462464,240.0,1122.268428057712,1490.0,3693.0,1178.9007850210323,1133.0723099702766,1387.9110061918632,1295.3621731207998,0.0,0.0,2297.4006829443147,-0.0,-0.0,291.1479399220185,19852.169405905814,11.10083729978055,0.0,16.65125594967082,1.925655449961932,10.194646499798463,18.860096024627158,67.56785152366426,22.994591549545422,170.98656710935788,759.4898612301017,136.7010986923668,14.400546628115137,10.897057935033436,21.576657951185933,2.4886850716373474,13.192447078776622,24.403610896638067,87.44224538112192,29.79173488668786,257.646170907799,781.4237825264953,181.83541562922017,37743.09971981788
t153,1630.7039385753687,240.0,1166.7,1490.0,3693.0,823.2407237599256,0.0,1564.522758475724,4165.197455762294,0.0,929.7529637259726,2297.4006829443147,-0.0,-0.0,151.5540172115838,24107.053995833154,9.872528621220626,7.505136553887108,14.808792931830936,1.7125814955178633,9.066607917447513,16.7732246472779,60.09146247508269,20.450237858242723,151.23549476585475,675.71376019919,127.81950406076069,16.07304583940447,12.16265717042184,24.08260056138958,2.7777243648635244,14.724635953548391,27.23787969429281,97.59790753826303,33.251787785210915,285.64173415074566,892.0201398193152,213.3676925101556,44973.11367320226
t154,1830.0,240.0,1166.7,1490.0,3693.0,871.436114228584,0.0,559.4865361226384,5699.672380511437,0.0,1052.529133655735,1478.262235033314,-0.0,0.0,35.44136705812292,21592.410408517917,8.313120122790835,6.319667848448135,12.469680184186252,1.4420718580351448,7.145331239013089,14.123821433108917,-0.0,-0.0,0.0,575.0189371614429,111.5695640290999,14.810828670009174,11.207523037204929,22.191392621339247,2.55958951847474,13.568309486283573,25.098887511257157,89.93353851805904,30.64052307067334,266.7266553741733,843.6093905768814,203.8063129598893,41969.49332034811
t155,1830.0,240.0,1166.7,1490.0,3693.0,764.6672825997741,0.0,752.8090332778149,7962.866278610432,522.7754308521615,1546.607438107191,1150.9612226584102,-0.0,-0.0,0.0,19004.768361454782,6.759381024156106,5.138509043873772,10.139071536234155,1.1725456878638139,6.207594818102544,11.484050413489706,41.14255898886853,14.001574978609073,106.30152652257141,473.5342890845692,92.77550031993701,17.015591431484676,12.875892173824816,25.494837497174185,1.339350802161098,15.588108928843347,28.835146553354907,103.3211835411796,35.20171851513525,310.1663027605285,956.0060885521332,239.43893512482126,42639.094805859495
t156,1830.0,240.0,1166.7,0.0,3693.0,-0.0,1133.0723099702766,1564.522758475724,4128.610948037953,0.0,728.4407441438007,13.231876999114922,0.0,0.0,0.0,8525.283404196449,6.376644289626186,4.847551016093375,9.564966434439276,1.106152580853522,5.856101898636291,10.83378851247714,38.81294202818387,13.208763171368524,101.96387005507789,442.1088819871377,88.22013807287749,20.966095606236696,15.865283755726093,31.4139653965929,3.6233353145006375,19.207194968129595,35.52979288976353,127.30922818619229,43.37448973572123,388.74957861913487,1174.2143213961938,172.8365009011302,25778.85162863941
t157,1374.7165019817787,240.0,1166.7,0.0,3693.0,0.0,1133.0723099702766,0.0,5998.44125067136,522.7754308521615,1132.947926155417,27.320205712775113,0.0,0.0,0.0,4205.152644994671,4.549616663059747,3.4586371571219505,6.824424994589619,0.7892192170613848,4.178219384442625,7.729705861218855,27.692309586889174,9.424205944909476,73.8667651052816,329.12063152404994,63.598853512797106,0.0,5.1513010332441596,35.706388547486064,4.1184300340325475,21.8316776561337,40.38460518808614,144.70483779770666,49.301206135554665,449.0030984589142,1357.4104042810407,341.46828927514065,22474.4390976972
t158,922.8267503456768,240.0,1166.7,0.0,3693.0,0.0,0.0,1564.522758475724,6547.952898846867,189.74079909946119,656.6295433809449,0.0,0.0,0.0,0.0,-0.0,4.636904706069028,3.524993883695332,6.955357059103539,0.8043610204405456,4.258381872920535,7.87800646490299,28.223608746634433,9.605016891142984,75.8381259460354,325.3538773142841,65.25034232136805,0.0,18.284974595767395,36.205060563237865,4.175947634953529,0.0,40.948612731097704,146.72577175627978,49.9897420766767,458.85150281821313,1399.3010544312463,348.4837481123058,18016.66814109505
t159,398.2878489162411,240.0,1166.7,0.0,3693.0,-0.0,1133.0723099702766,0.0,3870.4187305242617,0.0,1153.106934279552,0.0,0.0,-0.0,0.0,-0.0,3.777840109231881,2.871929470793624,5.66676016384782,0.6553396107851222,3.4694449982741764,6.418473246807226,22.99471046078385,7.825525940551754,62.201986239342695,273.4877441807654,53.87925551972279,27.13401358498081,20.53261766246031,40.655493509040035,1.49121238252296,21.26581486205815,45.98213711548761,164.76173685242537,56.13462877563983,518.7109277594543,1567.1825332013161,396.5454656663612,14958.231415002983
t160,0.0,240.0,1166.7,0.0,425.39407577891916,0.0,0.0,0.0,5122.751456758142,0.0,484.3342410338327,-0.0,0.0,0.0,0.0,-0.0,4.904523291979421,3.728438625025172,7.356784937969131,0.8507846526903077,4.50415404365457,8.332684980760954,29.852532078221678,10.159369676243086,81.24650632764613,341.3808173996589,70.3604697055054,0.8585719629908013,27.5342811304245,16.980056084630462,6.288316976571449,33.33418513794185,61.66213734307925,220.94581687584534,75.2766488554621,699.5646149548697,2073.9062106027677,181.3463535855393,11399.554032800372
t161,0.0,240.0,1166.7,0.0,0.0,-0.0,0.0,0.0,3398.1204748887913,0.0,611.985037041071,0.0,0.0,0.0,0.0,-0.0,4.106380636371379,3.1216873205068136,6.1595709545570685,0.7123313348807495,3.771165890545144,6.976656897508516,24.99444948566865,8.506074175340714,67.81832213002956,295.9141713449236,59.22868568009712,47.58808931882073,36.01045013890629,71.3022881907834,8.224116107111636,43.59579994643644,80.64424532216265,288.9619047731748,98.44985592299656,911.9256626533162,0.0,703.2014307302015,8188.018850884202
t162,0.0,240.0,0.0,0.0,0.0,0.0,125.7503059224892,-0.0,410.8118994318002,-0.0,-0.0,0.0,0.0,0.0,-0.0,0.0,4.534083687546508,3.4468289257368863,6.8011255313197605,0.7865247213090881,4.163954406930467,7.703315652821364,27.59776448593359,9.392030495632053,74.64613219505398,318.5413243011307,67.0216791455702,56.01821391431343,42.38962160294523,0.0,0.0,51.31869932418646,94.9301947205647,340.1508660333897,115.89002979253098,1069.5152918621588,3205.5752259244478,848.3320462723719,7125.3171583501835
t163,0.0,0.0,0.0,0.0,0.0,0.0,0.0,0.0,0.0,0.0,0.0,0.0,0.0,0.0,-0.0,-0.0,5.290594403977946,4.021931460166907,7.935891605966916,0.9177561721186231,4.858709146510357,8.988611921044159,32.20244450992698,10.959088408240028,87.96918698031615,377.769423130965,80.29824335476545,42.39775781299245,9.008951841824313,63.52549954195008,7.327129286473529,38.84089893606356,71.84854931396372,257.4454455121135,87.7121399050666,816.5236391397085,0.0,581.1673055767833,2597.009197960938
t164,0.0,0.0,0.0,0.0,0.0,0.0,0.0,0.0,0.0,0.0,0.0,0.0,0.0,0.0,0.0,0.0,6.179219238428531,4.697467686356382,8.853661824274157,1.023892864031705,5.674793178148651,10.498367379575003,37.61126811961856,12.799811279601954,103.29174505557359,447.1986416612682,93.29136453903499,22.939878373847232,2.0731526861453347,34.37132783195567,3.9644420679635326,21.01539193308824,38.87462610333172,139.29432858213613,47.45783562911684,443.7074343522835,1498.7651051944283,354.91478004927245,3338.4985356294806
t165,0.0,0.0,0.0,0.0,0.0,0.0,0.0,0.0,0.0,0.0,0.0,0.0,0.0,0.0,0.0,0.0,6.71808656575126,5.1071168280456005,10.077129848626887,1.165382363446647,6.169671335894012,11.413891971403924,40.891210576230876,13.916036457627607,112.68066671814069,489.4289205126332,98.84815396955709,18.046800133546245,13.656219564143218,27.039920334323483,3.1188261975759457,16.532806833752097,30.58266465584179,109.58283503910043,37.3350747729237,350.27555847829456,1114.7749241503134,272.13809892302186,2789.499996230195
t166,0.0,0.0,0.0,0.0,0.0,0.0,0.0,0.0,0.0,0.0,0.0,0.0,0.0,0.0,0.0,0.0,6.979472218065969,5.305823267815456,10.469208327098952,1.2107247725216477,6.409719383938134,11.857980860285547,42.48219569465663,14.457478165993791,115.05983592193505,496.99710909010054,100.59967032357495,14.417293887628611,10.909730777383395,0.0,2.4915793127948778,13.2077893668544,24.43199131963909,87.54393721363746,29.826381482292078,275.2484651646042,866.0511030124616,146.8797736585061,2282.8372632217884
t167,0.0,0.0,0.0,0.0,0.0,0.0,0.0,0.0,0.0,0.0,0.0,0.0,0.0,0.0,0.0,0.0,6.975124537068145,5.302518142975273,10.462686805602214,1.2099705829608005,6.4057266156748245,11.85059423899843,42.45573251388927,14.44847225535544,103.55949735992428,484.474698296221,101.90133360522627,9.705483403839368,7.344250025388515,14.541940737631805,1.6772899171064681,8.891264997477007,16.447211808519736,58.933128252507835,20.078625900895876,181.81486816856852,582.315571064106,145.29824227467415,1836.0942315046111
t168,0.0,0.0,0.0,0.0,0.0,0.0,0.0,0.0,0.0,0.0,0.0,0.0,0.0,0.0,0.0,0.0,5.0970945334372075,3.8748320687864477,7.645641800155809,0.8841898680452296,4.681005183768863,8.659859589972395,31.02466213464585,10.558267247834213,81.08237349540114,357.64577305793586,73.82412513577005,6.985595026777433,5.286079458182252,10.466671743141353,1.2072420935538182,6.399555175537715,11.838004995042294,42.41756443273075,14.451742731571432,129.00639344290778,407.1373378048238,103.6491195117603,1323.823130531782
t169,0.0,0.0,0.0,0.0,0.0,0.0,0.0,0.0,0.0,0.0,0.0,0.0,0.0,0.0,0.0,0.0,2.3299612500194344,1.7712460523106919,3.4949418750291503,0.4041769515339835,2.1397603316505007,3.9585566135534256,14.181855975883597,4.8263483036116845,36.98996158263405,170.50603715740922,34.00751160264643,3.3717795920760807,2.551464087292471,5.052012039805269,0.582706875811806,3.0889121766334573,5.71392179194101,20.47394352973714,6.975510464815113,61.77467514431087,191.71738340141835,52.335060102700666,628.2477269028245
t170,0.0,0.0,0.0,0.0,0.0,0.0,0.0,0.0,0.0,0.0,0.0,0.0,0.0,0.0,0.0,0.0,0.9730523727228398,0.7397183853862404,1.4595785590842594,0.16879479934988037,0.8936195259699548,1.653196123044416,5.922711636011979,2.0156084863544534,15.545289511440368,72.12306038996552,13.859411863367317,2.147277422674089,1.6248693248758626,3.2173133195435595,0.3710898901601195,1.9671366992953907,3.6388426122497153,13.038585558150213,4.442270238518711,39.54676446808655,119.42789124676993,32.522998026841144,337.2990804598625
t171,0.0,0.0,0.0,0.0,0.0,0.0,0.0,0.0,0.0,0.0,0.0,0.0,0.0,0.0,0.0,0.0,0.26410130257337794,0.20077088818078218,0.3961519538600668,0.045813491262728816,0.2425420125673879,0.44870272324966753,1.6075145610716317,0.547066983901997,4.242008266490992,21.46021605808109,3.689404477794867,1.0000102924005816,0.7567191977729233,1.4983375689827505,0.1728205706665435,0.9161168114944926,1.6946483143029993,6.072210147982726,2.068813239144156,18.53103855914382,58.8834909583457,14.850643344032308,139.58914172330358
t172,0.0,0.0,0.0,1012.3753621377332,0.0,0.0,0.0,0.0,0.0,0.0,0.0,0.0,0.0,0.0,0.0,0.0,0.29759972185867867,0.22623652324970975,0.4463995827880179,0.05162444154691364,0.2733058670130722,0.5056158539741836,1.8114105519255286,0.6164565667072628,4.785610155954688,20.992004433840247,4.0855866368917,1.2729124878551294,0.9632274027225897,1.9072329725748836,0.21998319840449387,1.1661245274645986,2.157116799888726,7.729312573066633,2.6333911032304944,23.61643995977844,66.41564201135918,18.58656398464957,1173.1351594944779
t173,0.0,0.0,0.0,0.0,0.0,0.0,0.0,0.0,0.0,0.0,0.0,0.0,0.0,0.0,0.0,0.0,1.3431164311213224,1.0210425930463114,2.0146746466819834,0.2329895849904334,1.2334742734787651,2.2819274059357157,8.175193379223149,2.7821697501798814,21.706888893932522,88.30488273840044,17.90854425605456,0.6650316345966456,0.5032370255085356,0.9964316270047056,0.11492996369707133,0.6092403900835043,1.1269831391654566,4.038170277861174,1.375812089694067,12.391629935587554,40.01234930585457,9.43121810544574,218.26993744754412
t174,0.0,0.0,0.0,0.0,0.0,0.0,0.0,0.0,0.0,0.0,0.0,0.0,0.0,0.0,0.0,0.0,2.057812127837352,1.5643571788151294,3.086718191756027,0.35696740993096915,1.8898274643404247,3.4961808090297857,12.525356471989594,4.262610836234514,33.538834981274725,149.07672333759996,26.520101486066064,2.6546641473735875,2.0088146484320273,3.977542086584922,0.4587758509722812,2.4319574236006365,4.498675820213631,16.119512666686262,5.4919478082409965,49.78183967075198,139.1752601912606,36.40019107013577,501.37467167912723
t175,1830.0,240.0,496.82228227872014,1490.0,0.0,0.0,0.0,0.0,0.0,0.0,0.0,0.0,0.0,0.0,0.0,0.0,10.550770073513094,8.020738474252301,15.826155110269637,1.8302356249971692,9.689482720573249,17.92554303306051,64.21973825357715,21.855166580848547,173.81199856523372,710.0455582283781,134.04033448124727,7.033660890967266,5.322451446017177,10.538689892002967,1.2155487781369605,6.443588668570685,11.91945889241097,42.70942745706465,14.55118100429973,133.2640738867371,376.27189832776935,95.09716433085495,5929.005146999502
t176,1830.0,240.0,1166.7,1490.0,3693.0,1178.9007850210323,1133.0723099702766,-0.0,1182.3290167321254,522.7754308521615,16.96154356861874,2297.4006829443147,-0.0,-0.0,855.6519447635119,19103.930706779265,10.022089547954492,7.618833380842953,15.033134321931731,1.7385257379104728,9.203959788937796,17.027325609534923,61.00180015668218,20.760042635048585,0.0,704.7592729427578,130.397635062688,13.205273570511268,9.992581175000977,19.78575385648752,2.2821194257762762,12.097448606542203,22.378064272175138,80.184370892081,27.318963611477173,244.10311892827988,699.8932296413939,182.94743072341635,37002.47339451873
t177,1830.0,240.0,1166.7,1490.0,3693.0,1178.9007850210323,207.52497220895705,1564.522758475724,6962.1429988483615,80.29830617889198,1091.8036173351759,2297.4006829443147,-0.0,-0.0,478.1433241917259,28153.025574604184,7.549151944736146,5.7388961212534975,11.323727917104216,1.309546765923617,6.932894643125031,12.825855089781307,45.94968505137868,15.637529028382012,119.75964642835928,536.4259766173652,101.55694988435216,13.533943969257372,11.091385839571558,21.96143581981685,2.3389198470360872,13.42770879912654,24.838801991058254,89.00160832241565,30.323012727697847,266.9303968181264,650.2758254675639,209.96690263647068,52632.16282153827
t178,1830.0,240.0,1166.7,1490.0,3693.0,1178.9007850210323,1133.0723099702766,1564.522758475724,6253.43659838123,454.81094450234735,1423.742985753493,2297.4006829443147,-0.0,-0.0,0.0,28153.025574604184,5.8286035878820295,4.430928237726644,8.742905381823041,1.0110842958570865,5.352799213361046,9.902678544717936,35.47716367522071,12.073536003469917,92.19767778384951,412.095978742546,79.56332042997066,13.597205449168767,10.289160499287103,20.372994070650517,2.3498526195711125,11.427337480169875,23.04224413365848,82.56423912842577,28.12978912554545,246.91443235504752,745.9945548287731,197.66541337807038,52927.63653861739
t179,1830.0,240.0,1166.7,1181.138280336736,3693.0,965.677316218835,1133.0723099702766,1542.122321721948,6406.223928927471,522.7754308521615,1454.0840120544526,2119.381071924952,-0.0,-0.0,0.0,0.0,6.406359454950397,4.87014060605923,9.609539182425593,1.1113072523893543,5.883391336178935,10.884273971931028,38.99381035589705,13.270316013825818,101.4832085781693,440.94201291110045,89.06140776080798,15.40120356535647,11.654266456335185,23.075964402455245,2.6616173946840886,14.109156286383614,26.09935503525174,93.51838205205549,31.86188589947069,279.81817962158215,836.0342713755005,228.05806287188858,24538.982784391534
t180,1830.0,240.0,1166.7,0.0,3693.0,758.6784536062916,1133.0723099702766,421.2543561170874,7962.866278610432,401.2658061397467,1417.238250016706,1592.977779508242,0.0,-0.0,0.0,0.0,5.225831949374513,3.9726987778408285,7.838747924061768,0.9065218687690481,4.79923342289496,8.878581832355676,31.808252630631596,10.824937609418631,82.85496328359659,370.683621664256,73.86195460859197,18.8123531417341,14.235522259936378,28.186965361692202,3.2511281436218336,17.234135596286613,31.87999441803933,114.23138593948944,38.918844670735155,341.6904755437776,1018.615730311586,283.1501434426682,23128.91525837014
t181,1830.0,240.0,1166.7,1215.0431310977392,3693.0,415.0514144271399,558.0443928877205,1564.522758475724,7570.672873056229,43.48911729792676,1343.3004369429548,1244.2594686656817,-0.0,-0.0,0.0,0.0,4.174379129274942,3.1733800523569706,6.2615686939124116,0.7241269918130001,3.8336134860688236,7.092184949227324,25.40833827155615,8.646928196355235,67.0200728088261,301.1302740590043,59.881188956725836,21.25673411420095,16.08521323071247,15.945509747917825,3.6735631103400976,19.47345105092906,36.022317878092224,129.07402811961953,43.97576034028485,390.3607514627052,1172.3904554640687,324.6295749791099,23544.317007944213
t182,1830.0,240.0,1166.7,1490.0,3693.0,-0.0,1133.0723099702766,1564.522758475724,5896.413267671451,522.7754308521615,1264.4398387327674,1142.755695921907,-0.0,-0.0,0.0,0.0,3.5771929713868285,2.719396697635905,5.365789457080241,0.6205334746283273,3.285177218620556,6.077577854448029,21.773424565635132,7.409899726444144,58.41496302147543,259.72428251221686,51.755409632641914,21.454241200733026,16.234669096527846,32.14536475210502,3.7076960464354056,19.654388751007104,36.357019484463684,-0.0,44.38436141024132,82.00911172579413,1210.4738324825446,330.37720672437695,22161.200840430734
t183,1538.0783577480556,240.0,1166.7,0.0,3693.0,-0.0,613.6656791433473,1099.237630130341,6682.622857229567,283.13227407504417,1172.1882967572262,123.70067593929382,-0.0,-0.0,0.0,0.0,3.1448610806246644,2.390736229658545,4.717291620936995,0.5455371262308091,2.888137727104282,5.343054795142923,19.141935046863384,6.514355095579661,51.84219209047315,231.24673488091784,46.151131690421934,0.0,18.273395659688962,36.182133756324255,0.0,0.0,40.922682076021836,146.63285785457722,49.958086138351405,453.9548506406056,1364.615330069962,377.09869971277817,19473.88977431514
t184,665.699897113053,240.0,1166.7,0.0,3693.0,-0.0,613.6656791433473,847.3368492611156,6696.400595088721,283.13227407504417,994.7942183254333,-0.0,0.0,0.0,-0.0,0.0,3.767921130862176,2.8643890229513476,5.6518816962932625,0.6536189716801734,3.4603357324244466,6.401621104985226,22.93433627101314,7.8049794853573635,62.387805834432854,270.6715729195607,55.4327839870374,32.397977720537604,0.5882539573026406,48.542607557785374,5.598979371166735,29.680026569485797,54.90261325124662,196.7253043131302,67.02467538493771,611.3000295123015,0.0,507.07268575079854,17196.593912552005
t185,44.321294427681096,240.0,1166.7,0.0,3693.0,-0.0,613.6656791433473,847.3368492611156,6119.636298358303,283.13227407504417,933.8807158464203,-0.0,-0.0,-0.0,0.0,27278.855020542047,3.524234850514955,2.6791377179935116,5.2863522757724315,0.6113468618240228,3.2365422096565903,5.987603087864693,21.451082534001742,7.300200761780976,58.52257142313683,169.93814860389455,52.22625412000074,42.34634083901171,32.04395925905081,63.44846035106955,7.318243467144642,38.79379546661139,71.76141652248629,257.1332340543345,87.60576888339168,799.4645462224195,2381.877757889627,667.6233504577749,46000.70847951332
t186,0.0,240.0,384.2901523049474,0.0,3693.0,0.0,613.6656791433473,847.3368492611156,4312.6442150186485,283.13227407504417,-0.0,0.0,0.0,0.0,0.0,0.0,4.233358908671397,3.2182167213879493,6.350038363007094,0.734358178034834,3.88777858959618,7.192390390752934,25.767332541045793,8.769100596533606,70.38400844247506,305.9196065259887,63.18406702784523,50.004514359027525,37.8389865367809,0.0,8.641719763388986,45.80950476514938,84.73919379633858,303.6347944049003,103.44893658503513,943.0542156433006,2820.446152028415,794.0056354875666,16065.333079458343
t187,0.0,240.0,0.0,0.0,3693.0,0.0,-0.0,-0.0,0.0,0.0,0.0,0.0,0.0,0.0,0.0,805.3381208204487,4.336925711711904,3.2969486277809885,6.505388567567855,0.7523238479500242,3.982890959735422,7.36834827551053,26.39771619424644,8.98363183140323,72.72887406709468,318.74738353313694,65.58896304855206,0.0,0.0,56.991602903245834,6.573499550990282,16.766681238440988,64.45858783009888,81.12352794214837,78.6905334599128,724.0281427911533,1796.0760900819578,612.0980398430268,8693.834221126115
t188,0.0,0.0,0.0,0.0,0.0,0.0,0.0,0.0,0.0,0.0,0.0,0.0,0.0,0.0,0.0,0.0,4.636243199112721,3.5244910034071197,6.954364798669081,0.8042462692338392,4.25777436653209,7.876882578084367,28.219582329293246,9.603646626733493,77.7020532413591,340.64108616331555,69.7733281308189,20.843023914714873,15.772154002577867,31.229564355436878,3.602066213449047,19.094448082943494,34.18395294330543,126.56191870361262,43.11988001148228,397.7556573156326,1293.1716851883825,333.87251372845736,2873.2005631665543
t189,0.0,0.0,0.0,0.0,0.0,0.0,0.0,0.0,0.0,0.0,0.0,0.0,0.0,0.0,0.0,0.0,6.340499337029289,4.820073475598796,0.0,1.0998825380561013,5.822907554414653,10.772378975667106,38.592937291203775,13.13389148384638,106.14793819257622,450.0044116906367,92.8701574847921,16.86721592612914,12.763614736047385,25.272523191331075,2.914971879851177,15.452181032997503,0.0,102.42022556486803,0.0,322.0202320274513,975.7960572284269,262.8987380704816,2466.0108376814055
t190,0.0,0.0,0.0,0.0,0.0,0.0,0.0,0.0,0.0,0.0,0.0,0.0,0.0,0.0,0.0,0.0,7.01648964505219,5.33396406690192,10.524734467578282,1.2171461629172167,6.44371498014997,11.920872713277443,42.707510951771745,14.534157121893822,116.01787633983368,494.6259535434104,106.72442203852611,13.183154191866873,9.975843188812014,19.752611901572347,2.2782967814803494,12.077184880468646,22.3405800902442,80.05005875900372,0.0,249.0548241246334,751.5546560887988,213.31601830606826,2190.6500703442616
t191,0.0,0.0,0.0,0.0,0.0,0.0,0.0,0.0,0.0,0.0,0.0,-0.0,-0.0,-0.0,-0.0,0.0,6.235877653255035,4.7405396445663275,9.353816479882552,1.0817338786258734,5.726826416254623,10.594628870071054,37.95613285884315,12.917175138885428,101.68248946692351,434.8841534104234,96.17585408243207,8.825054144019871,6.67801915931705,13.222774078204266,1.5251351960302797,8.084697252743036,14.955209203792062,53.58703179061729,18.257200938886744,164.77478259660768,499.53067499787636,144.71690464820097,1655.5067119064588
t192,0.0,0.0,0.0,0.0,0.0,0.0,0.0,0.0,0.0,0.0,0.0,-0.0,0.0,0.0,0.0,0.0,5.186718047859527,3.9429642302605585,7.780077071789289,0.89973680422053,4.763312492932217,8.812128111924602,31.570176689267424,10.743915956280446,83.9697207514253,356.4773200613688,78.97545080012392,6.232070821570097,4.715879094845829,9.33764973768808,1.0770189507075838,5.709246088216902,10.56105961373456,37.84205420010432,12.892857924489814,115.69477738047055,344.092454542672,100.84912743022484,1242.1257168021773
t193,0.0,0.0,0.0,0.0,0.0,0.0,0.0,0.0,0.0,0.0,0.0,0.0,0.0,0.0,0.0,0.0,2.4549841119398352,1.8662889422399762,3.6824761679097517,0.42586459084670597,2.2545772456590316,4.170967904469208,14.94283696706236,5.085324231875371,38.552248405346546,173.94685157714156,35.36108501995823,3.1998433258352232,2.4213579529390703,4.794396124112172,0.5529930579883021,2.931400093802068,5.422553287069758,19.42992113455985,6.619810101937635,57.29915356133591,183.7960732373,52.353582745440505,621.564589786769
t194,0.0,0.0,0.0,0.0,0.0,0.0,0.0,0.0,0.0,0.0,0.0,0.0,0.0,0.0,0.0,0.0,0.7169243615409291,0.5450088258652981,1.0753865423113933,0.12436443006322238,0.6583999238641184,1.2180398591486192,4.363728384277185,1.4850576060490672,11.322889517341382,59.50606947161016,9.999638541395194,1.9998962180264228,1.513344285788451,2.996488796472475,0.34561964841731807,1.8321196896685015,3.389085872830012,12.143665122546345,4.137369189306341,35.99666439124915,113.41222912663548,31.697086978438133,300.4790767828452
t195,0.0,0.0,0.0,0.0,0.0,0.0,0.0,0.0,0.0,296.479275273311,0.0,741.1663930624952,-0.0,-0.0,0.0,0.0,1.3936263845901196,1.0594404658363663,2.0904395768851787,0.2417515156942044,1.2798609654399056,2.3677427860638254,8.482634065387819,2.8867975109366757,22.126552263801244,0.0,19.011266700823366,0.9097819432523275,0.6884423765214761,1.3631464351079337,0.15722741636743245,0.8334579547244478,1.5417445682631727,5.524330289647942,1.8821495570975166,16.468266898859675,54.914982084709095,14.101689631616363,1196.9709997274322
t196,0.0,0.0,0.0,0.0,0.0,1178.9007850210323,0.0,0.0,0.0,522.7754308521615,0.0,0.0,-0.0,-0.0,855.6519447635119,0.0,0.395620125125715,0.30075203389658944,0.5934301876885724,0.0,0.36332460470728917,0.6721505187084851,2.408034741198867,0.8194988306175525,6.370995520583673,35.383421603607445,5.33868867593738,1.1406935283053061,0.8631758074927737,1.7091263771420104,0.19713327754269552,1.0449977625078812,1.9330544691079852,6.926459528417621,2.359857584564501,20.914167172220054,61.746633081774675,17.484910304000902,2726.2942863718536
t197,0.0,0.0,0.0,0.0,0.0,1178.9007850210323,0.0,860.9751400608544,0.0,0.0,1381.663747407872,0.0,0.0,-0.0,138.29047377143448,0.0,2.3080830583879024,1.7546141617336604,3.4621245875818527,0.40038175502647283,2.119668114846032,3.92138601246516,14.048689227840649,4.78102919237494,37.72667380077561,159.64634640339855,30.373967145209914,0.5840989982015237,0.441994376155851,0.8751684654261084,0.1009432832462365,0.5350974043926711,0.9898321949388236,3.546735359884755,1.2083793033263064,10.856076806569067,37.085952526360174,8.741397632366416,3885.338786071701
t198,0.0,0.0,0.0,0.0,0.0,0.0,0.0,0.0,0.0,0.0,0.0,0.0,0.0,0.0,0.0,0.0,2.867407651451159,2.1798150003378702,4.301111477176737,0.4974074497415275,2.6333335574551455,4.871667081292019,17.453149633577713,5.939630135148827,48.08757254446485,222.8927777041699,36.06171807030917,2.3110657000638213,1.748809783101986,3.4627209230822023,0.39939558239358,2.1171843493873266,3.9164032836652014,14.033132161964716,4.781114107682369,43.958390684115734,128.04515031376806,33.044378588950785,585.6033357833006
t199,0.0,0.0,0.0,0.0,0.0,0.0,0.0,0.0,0.0,0.0,0.0,0.0,0.0,0.0,0.0,0.0,12.324769331279615,9.369339950819707,18.487153996919417,2.137970190119933,11.318665712399646,20.939531567939344,75.01760108273764,25.529879329079197,207.97161329497635,873.2670866270919,148.95926514127902,6.314201470694222,4.778028294099152,9.460707908271711,1.0912126702709815,5.784486582213164,10.700240747317391,38.34076362825905,13.062769149942913,121.06323006280421,348.9168996936078,86.83673113767424,2051.672147569797
t200,0.0,0.0,0.0,0.0,0.0,0.0,0.0,0.0,0.0,0.0,0.0,0.0,0.0,0.0,0.0,0.0,15.827927680714728,12.032455226665787,23.741891521072088,2.745660924205616,14.53585195167679,26.891326110602062,96.34039654639116,32.78642162433765,261.0180566844228,1119.9096211019316,204.81946623853872,12.719355211326429,9.624881208570839,19.05769161697064,2.19814360195742,11.652295210376227,21.554612019194117,77.23380286877574,26.313699623432026,239.2213873927742,678.3271889978556,187.3265335734823,3095.8786669352744
t201,0.0,240.0,462.0595317434642,0.0,3693.0,1178.9007850210323,0.0,36.59309714941065,733.1106771527003,522.7754308521615,140.82419274689022,1084.4525203560752,-0.0,-0.0,535.4864059504798,-0.0,10.905747012123602,8.290593391869471,16.358620518185397,1.8918132572051145,10.01548194990943,18.528641607332442,26.303093518015487,22.5904759536846,174.91915157310322,794.6901042174441,87.39671679848928,14.285194807661547,10.809769896401606,21.403823763828456,2.468750109377751,13.086772424468466,24.208132140500272,51.55305415911147,29.55309596954142,261.1945380083547,771.5762316227585,222.1888473985473,11221.421291070128
t202,1830.0,240.0,0.0,0.0,3693.0,1178.9007850210323,450.16872756686604,58.74155329269981,5503.469329043837,0.0,281.64838549378044,2297.4006829443147,-0.0,-0.0,0.0,19035.098273537602,6.725922996780985,5.113074114899829,10.088884495171472,1.1667417443395582,6.176868058268249,11.427205907796262,40.93890885285567,13.932269064760606,106.3391780869325,487.33850797883736,91.27501978353828,9.875210023041223,10.13097621694804,20.05978217679512,2.3137262757109713,12.26499559745816,22.687995519107584,81.29490671648547,25.914665620053682,241.29303282556077,720.4110526488251,206.63686401033686,36701.83352561464
t203,1830.0,240.0,0.0,0.0,3693.0,0.0,752.0494989576813,497.28726308364134,7035.140335617769,0.0,1546.607438107191,0.0,-0.0,0.0,610.9163451360555,28153.025574604184,5.933000195063481,4.510290964614584,8.899500292595219,1.0291939113885626,5.448673648527685,10.080046249776217,36.112598126075156,12.289786118345779,93.28533000089057,410.56949433415946,79.82826341797242,15.324736374699388,11.596402860720511,17.14085246310563,2.648402427171203,14.039104128499774,25.969771373232184,0.0,31.70369119128246,275.11752076669154,801.2401496389671,234.38821646407246,46455.181480454376
t204,1830.0,240.0,1166.7,856.6567866775595,3693.0,1178.9007850210323,579.2599938440062,1533.1047501398775,7962.866278610432,0.0,1546.607438107191,1518.2829196886926,-0.0,-0.0,187.39251786870256,28153.025574604184,6.043981737883894,4.5946595864525515,9.06597260682584,1.0484458116737367,5.550595473566841,10.268601626098654,36.78811333314023,12.519676457045207,94.39335241799886,407.79620104451834,81.79572071242683,18.68819388944776,14.141569537149229,28.000934804155783,3.229671091632751,17.120392388655166,31.669590316010467,113.4774726273682,38.661985009545454,203.59243438426915,960.8504979167702,287.40940754155804,52832.50451487587
t205,1288.4672133176207,240.0,1166.7,973.0163303912441,3693.0,1178.9007850210323,700.1743393525751,1377.1630492806735,7962.866278610432,189.74079909946119,1546.607438107191,2297.4006829443147,0.0,0.0,0.0,0.0,4.38359468889034,3.332426574717656,6.575392033335509,0.7604194868483242,4.025750224491128,7.447637915308587,26.681777876766198,9.080303284129988,67.90863603387291,304.71637624228157,59.527135508052126,21.34262819012199,16.15021025796144,31.978132506340494,0.7166962866132813,19.552139247997662,22.85065807103676,129.59558963095887,44.15345731278593,0.0,1098.3143279296391,329.28657029294556,24822.41677571964
t206,1830.0,240.0,1166.7,0.0,3693.0,101.54255054621922,0.0,1554.3390882944161,5412.766160828191,0.0,1546.607438107191,2297.4006829443147,0.0,0.0,0.0,28153.025574604184,4.323151733647265,3.2864775934359307,6.4847276004708965,0.749934484408199,3.970241388043406,7.344946567880302,26.313877644087686,8.955100019697905,66.88937520958707,292.6354022146297,58.61631671665935,0.0,16.498147809669643,32.66706428832592,3.7678696771529343,6.405853555976897,36.94707159149965,132.38757632637348,0.0,0.0,1132.3310425213265,255.12375244097052,48091.07942470836
t207,1830.0,240.0,0.0,574.6820348566771,3693.0,0.0,838.9351224496262,1226.2020417623164,6751.033734858566,0.0,0.0,0.0,0.0,0.0,0.0,0.0,4.721392777429958,3.589222060393182,7.082089166144936,0.8190171144521354,4.335972958864247,8.021549973898857,28.737865221805816,9.780027896104912,73.20876471986072,318.2110715131537,64.45692452269428,24.313418931810194,18.39824150712483,0.0,4.20181568787995,22.273702578470417,41.20227033746359,147.63466965473336,50.299405273359014,429.99701202347853,1257.813415121192,327.83855983999365,18000.789342807497
t208,0.0,240.0,0.0,0.0,3693.0,0.0,1133.0723099702766,1110.3440080164532,7043.044244068986,522.7754308521615,1546.607438107191,0.0,0.0,0.0,0.0,-0.0,4.954723796942318,3.766601253797986,7.432085695413475,0.8594929035512184,4.550256548212332,8.417974614192815,30.15808923342951,10.26335643652337,76.75781859717088,336.15034301698233,66.76960043392945,32.53855243193854,10.203610683205532,48.753233761277045,1.2530684444611602,29.808808100400082,55.14083549707707,197.57889471675432,0.0,573.8471927131756,1663.6339192756384,331.5343649561913,18783.216254125335
t209,0.0,240.0,0.0,0.0,3693.0,0.0,204.37955366256506,0.0,0.0,0.0,0.0,0.0,0.0,0.0,0.0,0.0,5.2345126826364705,3.979297906698132,7.851769023954703,0.9080277102532651,4.807205524870226,8.893330221009919,31.861089950945445,10.8429191283184,80.59085809196914,352.3626706951646,67.99139433843705,42.43206535127936,32.10882797554864,63.57690328639676,7.333058273794925,38.87232832516533,71.90668792750361,257.6537659501342,87.78311506397225,742.5255158082044,84.21664759646592,625.9371876044643,6767.048732099753
t210,0.0,0.0,0.0,0.0,1400.066967822404,0.0,0.0,0.0,0.0,0.0,0.0,0.0,0.0,0.0,0.0,0.0,6.024424846784834,4.579792358015,9.036637270177248,1.0450532897483895,5.532635063373825,10.235374867241578,36.66907572558319,12.479165754054296,93.61283896591448,401.49880267999066,75.99204416231028,19.42046986565807,38.18584181816834,75.60966018541978,8.720935049382126,46.229422688957676,32.91052779247424,306.4180965409118,104.39721277561321,892.9191278344977,2555.2861668455803,722.9562355432797,6859.826509745541
t211,0.0,0.0,0.0,0.0,0.0,0.0,0.0,0.0,0.0,0.0,0.0,0.0,0.0,0.0,0.0,0.0,8.688342861343996,6.604913705817628,13.03251429201599,1.5071615167637542,7.979090382866934,14.761317208303828,14.656463792923226,17.997281641355418,135.30365768654445,556.4651346589892,109.85533504565974,40.17953013434193,30.40430887682586,60.20187988249554,6.943777858787279,36.808764183474324,68.08947220752576,243.97603952379768,83.12308834839531,714.5513780381553,2061.8342585663836,463.3220168217096,4696.285727234476
t212,0.0,0.0,0.0,0.0,0.0,0.0,0.0,0.0,0.0,0.0,0.0,0.0,0.0,0.0,0.0,0.0,11.167639777345133,8.489685340940941,0.38963101916210086,1.9372436348455842,10.255995713888385,8.303307924454593,67.97446048149358,23.132968110214915,175.94877695502058,732.8783605606865,124.12359851097011,22.40946118183802,16.957494954713,33.576592005673405,3.3562221412127213,20.529472827656978,37.975764754457046,136.0735570756238,46.360512814104496,402.81015453792094,1232.4373556044811,348.4346675101186,3465.5229234368226
t213,0.0,0.0,0.0,0.0,0.0,0.0,0.0,0.0,0.0,0.0,0.0,0.0,0.0,0.0,0.0,0.0,10.094787226982445,7.674098453165224,15.142180840473662,1.7511365597826685,9.270722963555304,17.150837482577316,61.44429164178599,17.467031889785087,155.35122304497946,684.0676814939233,142.8351409488301,17.364235688417036,13.139715260865914,26.01721890898727,3.0008662347432136,15.907504506502859,29.42596987466646,105.43820294694841,35.92299094600371,314.48409560494053,919.985439995531,279.15194935592086,2882.0873218693678
t214,0.0,0.0,0.0,0.0,0.0,0.0,0.0,0.0,0.0,0.0,0.0,0.0,0.0,0.0,0.0,0.0,9.245458760242826,7.028435486102963,13.868188140364236,1.6038040706543675,8.490727432876062,15.707845750820718,56.27465459678413,19.151307431931563,144.8360053887033,615.4855330582569,132.5148630940574,13.392545231578998,10.134291777587464,20.06634713389269,2.3144834880077805,12.269009557788817,22.695420610561726,81.32151206893353,27.706389715665946,239.69069484231122,697.8896355139981,218.09502002013497,2369.7821731712556
t215,0.0,0.0,0.0,0.0,0.0,0.0,0.0,0.0,0.0,0.0,0.0,0.0,0.0,0.0,0.0,0.0,7.973576833264993,6.0615456538596115,11.960365249897485,1.3831714914847435,7.322672601978054,13.546944313659399,48.53304674533232,16.516694868906054,124.36321877337433,532.9052455380256,116.4085364861225,8.734941738159952,6.60983007367473,13.087756664726237,1.5095620789101931,8.002144612475393,14.802501938828106,53.03985595704843,18.070777119381244,155.77970554238166,466.99248589834866,144.84828456761508,1778.4528647474547
t216,0.0,0.0,0.0,0.0,0.0,0.0,0.0,0.0,0.0,0.0,0.0,0.0,0.0,0.0,0.0,0.0,3.71734075572096,2.8259376153184848,5.5760111335814395,0.6448448249720032,3.4138843674988406,6.3156860798728545,22.62646694681176,7.700205851136273,58.48375831958482,272.6201512011471,54.456652526769034,6.061230532683904,4.586602299061143,9.081675949138802,1.047494538366514,5.552738038331229,10.271548385924067,36.80468674124673,12.539424910737004,108.86313614623815,328.4964750415769,100.82911203047178,1062.5150642361898
t217,0.0,0.0,0.0,0.0,0.0,0.0,0.0,0.0,0.0,0.0,0.0,0.0,0.0,0.0,0.0,0.0,3.2775377171799196,2.4915975503051424,4.916306575769878,0.5685524611434553,3.009983617818292,5.568469692963841,19.94950253365124,6.7891852713012595,48.749461354890826,252.2679612591898,51.761776200238344,6.953284602487029,5.26162979147928,10.418260318827041,1.2016582450606783,6.3699553573119445,11.783250752536745,42.221370765772754,14.384899186017632,115.38350851973053,430.4127644284648,119.96983020414916,1163.7107464062897
t218,0.0,0.0,0.0,0.0,0.0,0.0,0.0,0.0,0.0,0.0,0.0,0.0,0.0,0.0,0.0,0.0,1.4761448769391707,1.1221713605302877,2.2142173154087557,0.2560659480404684,1.3556432543318915,2.507940020513999,8.984902235655257,3.0577286736597102,22.156826309624666,117.20949715514944,22.582520879358913,2.699159430202036,2.042484736612615,4.044210354312783,0.466465471998003,2.472719880688443,4.574078900174592,16.389694593793905,5.583999291005219,45.04615917236263,177.6441224238326,45.12673657173626,489.01348885593166
t219,0.0,0.0,0.0,0.0,0.0,0.0,0.0,0.0,0.0,0.0,0.0,0.0,0.0,0.0,0.0,0.0,0.916951086744395,0.6970699588005859,1.3754266301165918,0.15906294361892562,0.8420979368060767,1.557881183091242,5.581237992275831,1.8993986796848175,14.205299594165423,72.87558381721826,13.649535431554009,2.187921757897903,1.6556253570670374,3.278211627185951,0.3781139950729598,2.004371274852777,3.707719757511547,13.285383962806222,4.526354911892809,37.82404487501075,132.64715789854642,35.614653772205706,350.8691044441262
t220,0.0,0.0,0.0,0.0,0.0,0.0,0.0,0.0,0.0,0.0,0.0,0.0,0.0,0.0,0.0,0.0,1.140410808142754,0.8669449510881139,1.7106162122141304,0.19782636467782463,1.0473160482943655,1.9375346893445762,6.941378031195434,2.362279531152847,18.017117984095336,86.7573213627238,16.800615157476187,1.520702551824014,1.1507329712628027,2.278502313387323,0.26280597791589505,1.3931268343891137,2.5770294921849906,9.233930427938098,3.1460171919446465,26.774930217732688,96.11829248695034,24.50727520658085,306.7427068125162
t221,0.0,0.0,0.0,0.0,0.0,0.0,0.0,0.0,0.0,0.0,0.0,0.0,0.0,0.0,0.0,0.0,0.34586983690598627,0.26293166172955074,0.5188047553589793,0.05999782885103842,0.3176355645054975,0.5876257943351704,2.105217935861437,0.7164446621624,5.566558736888547,32.92501843705722,5.071347580821302,0.2838066526476969,0.21475973212099211,0.42523379331274047,0.04904712285690064,0.2599973697074539,0.48094751539290925,1.7233158992147903,0.5871369173063931,5.091730152660706,25.307755903697302,4.561405884678302,87.46258973807332
t222,0.0,0.0,0.0,0.0,0.0,0.0,0.0,0.0,0.0,0.0,0.0,0.0,0.0,0.0,0.0,0.0,1.0834301466563725,0.8236280196520381,1.6251452199845586,0.18794196421590134,0.9949868693783013,1.8407257083498574,6.594551862046185,2.244248160931057,17.9241846205355,84.95701153152622,15.889221936660352,0.8625830525065377,0.6527264373833029,1.2924272917589565,0.14907056108753924,0.790218702464043,1.4617598708583945,5.237731656075772,1.784504872047921,15.881208920372758,51.97867558212705,13.847537212117278,228.1035201987359
t223,0.0,0.0,0.0,0.0,0.0,0.0,0.0,0.0,0.0,0.0,0.0,0.0,0.0,0.0,0.0,0.0,2.7872950291861147,2.118913057901689,4.18094254377917,0.48351036220575444,2.5597607410892884,4.735557371015184,16.965525356219562,5.773682560456951,45.97113128240302,221.98814877687283,40.47599788773717,1.8053443103464175,1.366124637527239,2.7049873643277698,0.31199742276120973,1.6538892507535974,3.0593922037749692,10.96231721332833,3.7348817695589474,33.108071517569115,111.18781065274892,28.71054021145001,546.6458215230134
t224,0.0,0.0,0.0,1315.0071350330954,0.0,0.0,0.0,0.0,0.0,0.0,0.0,0.0,0.0,0.0,0.0,0.0,8.356622788378413,6.352738752389711,12.534934182567618,1.4496182388003367,7.674449499531194,14.197731574132709,50.86454584967064,17.310147204498136,141.7250345578468,675.8193859038942,123.38601077652321,3.1236027957536896,2.363665873967977,4.680163249342357,0.5398172616822652,2.861555581344823,5.293353731059105,18.96697737891376,6.462084307322651,58.60729942242298,200.94492225928062,50.52212645973497,2729.043922682153
t225,1830.0,240.0,1166.7,1490.0,3693.0,-0.0,1133.0723099702766,472.5056619316154,1212.5005096571404,522.7754308521615,1546.607438107191,2297.4006829443147,-0.0,-0.0,855.6519447635119,12745.201679879316,13.091607193411422,9.952293223562764,19.637410790117126,2.270993084571369,12.022904565377836,22.242373445948992,79.6851397027542,27.118329186352224,221.55141209088188,1090.0784573415192,197.7997014892876,5.768648316687634,4.365201998030408,8.64329353490278,0.9969308332530644,5.284701310254109,9.775729529957234,35.02808432565864,11.934133178650761,107.69664938300335,374.95096057319836,95.50296479890524,31560.813578001816
t226,1830.0,240.0,1166.7,1490.0,3693.0,1178.9007850210323,580.2482400723236,1336.8556934173835,7962.866278610432,80.29830617889198,1546.607438107191,1915.387100992015,-0.0,-0.0,682.5998994580744,28153.025574604184,14.205134977428548,10.798801589983947,21.307702466142818,2.464156067513115,13.045532122128256,24.134234425937276,86.46288789832784,29.424922453244843,234.7202903391734,1174.3876188067356,81.73692021246526,10.472497426031092,7.924658287147689,15.691174834640545,1.809844353827521,9.593932205726471,17.74701745015336,63.59055064564852,21.665418332711972,190.720991570677,659.9081342989319,158.2838666683719,54706.58560389447
t227,1830.0,240.0,1166.7,1490.0,3693.0,1057.2233986961855,1133.0723099702766,1564.522758475724,5939.994311916774,454.81094450234735,1546.607438107191,2297.4006829443147,-0.0,-0.0,0.0,6289.896593658285,12.761659774621561,9.701465849074554,11.272508043786626,2.2137573078425157,11.719891629754494,12.767840743472604,77.67683730165062,17.139715417819858,205.30680877810815,1030.8273864250627,193.78363632703181,11.616091218987723,10.99121502642979,21.763093167631485,2.510188797610351,13.306437703837394,24.614472675596645,68.8243266033027,16.45832591277088,258.0493881692848,885.9824445289009,241.59868597592197,31844.1146156496
t228,1830.0,240.0,1166.7,1490.0,3693.0,896.283400197839,466.71600993906,1564.522758475724,7782.464905044001,364.4566172587815,577.5401331332545,2297.4006829443147,-0.0,-0.0,0.0,28153.025574604184,12.084994637475585,9.187062249917663,18.127491956213373,2.096376620786581,0.0,20.532159256527393,73.55815613524679,25.033203177627993,191.100265692103,678.77637748657,178.7937311946921,18.90956713008654,14.309085194075553,18.489469271145943,3.2679285476491846,17.323194048703446,20.911941728843644,114.82168363050867,39.11996018690723,330.2820000286362,1143.0191228031983,306.318385259776,53758.17223783385
t229,1830.0,240.0,1166.7,1490.0,3693.0,1178.9007850210323,519.216549683754,1500.7036424661587,7025.110703981336,522.7754308521615,1546.607438107191,1192.4607934292187,-0.0,-0.0,0.0,0.0,9.168877930864651,6.970218427034861,13.753316896296973,1.5905196410683577,8.420398099773658,15.577736484581266,55.80852740572208,18.992675713933917,145.03309625256733,732.6236225134301,-0.0,24.561244442888416,0.0,36.80065652264992,3.5847358072820845,19.002580104621526,41.622243099525676,149.13950274968653,50.81210469476748,429.8597822903476,1472.790009006487,395.85650266379685,25537.443694288177
t230,1830.0,240.0,1166.7,1490.0,3693.0,548.913908583889,1133.0723099702766,737.5751019731462,7962.866278610432,283.13227407504417,1130.6849282299397,1848.7704256776417,-0.0,-0.0,0.0,0.0,8.898923778681125,6.764998178691262,13.348385668021685,1.5436908595671337,8.172481021237767,15.119089889289869,54.165388101870306,18.433484970125185,140.60654676448854,691.7370506844921,130.3961951598887,25.625427779948513,19.391053571739565,38.39514598572822,4.428555472038083,23.47564357022129,43.42564103648993,0.0,53.01367861187336,449.7072321735629,0.0,410.9394236852228,24222.303264083548
t231,1830.0,240.0,1166.7,1490.0,3693.0,1178.9007850210323,1133.0723099702766,565.6568757288948,7962.866278610432,283.13227407504417,1546.607438107191,191.1182543870486,-0.0,-0.0,0.0,0.0,10.062567499792888,7.649604885046632,6.164171419287456,0.7128633614141959,3.773982501604566,6.981867627968439,61.24817871047403,8.512427198063637,160.4420897314166,767.9260831182364,32.70989414551934,0.0,19.604190564578722,38.817166683301096,4.47723199146698,23.73367638195118,43.902954479433504,157.31167550600972,53.59637908231832,459.65474396579674,1570.8876503536412,0.0,24719.223615107243
t232,1830.0,240.0,1166.7,1490.0,3693.0,638.4861270694499,563.8801558669214,1263.0958110428678,5953.9543956972075,0.0,837.6340111065809,2297.4006829443147,-0.0,-0.0,-0.0,28153.025574604184,6.591628608460572,5.010982972758292,9.887442912690856,1.1434457790186705,6.053536477157667,11.199042482741687,40.121494540272764,13.654087831811182,30.251363504094854,537.6170460016889,95.39391069459197,28.015172002057728,6.10475586368171,41.97575268093549,4.841548181563669,25.664905894502557,47.475375372614614,170.11226086484382,57.95756221231071,511.97932965156144,0.0,443.8031357469107,50222.030538607796
t233,1830.0,240.0,1166.7,1308.3112634616937,3693.0,0.0,663.4512024197734,847.3368492611156,-0.0,-0.0,-0.0,-0.0,-0.0,-0.0,0.0,0.0,6.699725668797744,5.093158799239101,10.049588503196615,1.1621973098934861,6.152809287671397,11.382697182192084,40.7794526677332,13.87800317108104,114.06966193843199,544.6053099909557,95.8043415181056,30.54437222231667,23.11327495346447,45.76530938679327,5.278641508219157,27.98192488822971,51.76143614855679,185.46993804121482,63.18995125858466,580.0213218413556,1925.720773307772,478.2631417765283,14015.586346512915
t234,0.0,0.0,0.0,0.0,0.0,0.0,0.0,0.0,0.0,0.0,0.0,0.0,0.0,0.0,0.0,0.0,6.933900584108991,5.2711795256746905,10.400850876163483,1.2028194890801311,6.367867883365399,11.780555584225986,42.204813249194004,14.36307978136862,122.67244379525837,584.8906686686598,101.53014309581073,23.643971493218253,21.03147635221401,41.64325583708894,4.803197481769497,25.461609951904325,40.067804040520855,168.76477365557093,57.49847082545427,546.680833111905,1845.695695853753,445.7187399175042,4128.628151053814
t235,0.0,0.0,0.0,0.0,0.0,0.0,0.0,0.0,0.0,0.0,0.0,0.0,0.0,0.0,0.0,0.0,7.898389350047838,6.242679236044711,12.317769767766071,1.4245039867484575,7.253622872492915,13.951759634918714,49.983331064438524,17.010253488819817,135.6715778840638,659.873817225682,121.96080027689045,35.95602850678175,27.20833700764861,36.786763865941715,5.010669297375216,32.93958316225308,60.932195959479145,218.3303140369851,74.38554219607701,658.5913871364011,2215.8007222093665,584.4659947184099,4983.9960428846325
t236,0.0,0.0,0.0,0.0,0.0,0.0,0.0,0.0,0.0,0.0,0.0,0.0,0.0,0.0,0.0,0.0,11.698895702108059,8.893548263337248,17.548343553162084,2.029400274855479,10.74388380805842,19.87618504490808,69.31666893556147,24.23342681150955,189.830350808883,906.1136654753356,137.24000146297436,35.94719433359849,17.891662992351392,53.860477415945375,5.289330702624785,32.93149011098117,60.91722529686992,218.2766716330418,74.3672661297432,647.6335656852033,2212.3781639688823,581.1459517342372,5338.163370144172
t237,0.0,0.0,0.0,0.0,0.0,0.0,0.0,0.0,0.0,0.0,0.0,0.0,0.0,0.0,0.0,0.0,9.64140650650918,7.329436578927896,14.462109759763766,1.6724888837822045,8.854352914141081,16.380552891161003,58.68468348094617,19.97148490634044,153.5838007347777,774.3888990838855,141.71647121277095,30.90757415127692,23.38811399702331,46.30950288102397,5.341409626814636,28.314656856706705,52.37692935031828,187.67535378099188,48.9327338702568,545.3416049570836,1921.0754480275648,497.0087771737252,4593.357791625792
t238,0.0,0.0,0.0,0.0,0.0,0.0,0.0,0.0,0.0,0.0,0.0,0.0,0.0,0.0,0.0,0.0,9.961308441334927,2.5087729369353102,14.941962662002387,1.7279820765580993,9.148140405307583,16.92405974981903,60.6318416862886,20.63413891419377,153.52675582532075,482.4236182150971,100.71462752726035,26.096414065362833,19.747454267581606,39.10083516840438,4.509950752906665,23.90711758336931,44.22378893626923,158.46127936669143,53.988051245960364,445.45068347600574,1578.1245519724353,419.9902184358783,3686.7435537109827
t239,0.0,0.0,0.0,0.0,0.0,0.0,0.0,0.0,0.0,0.0,0.0,0.0,0.0,0.0,0.0,0.0,6.486331314578521,4.930935540164283,9.72949697186778,1.1251799219166823,5.956834880735375,11.020144529360445,39.48057784842947,13.435972008769792,98.78560739286877,514.4763509383287,95.48267317099184,20.27429937276718,15.341793652882549,19.12885995047236,3.50377992515943,18.573435331427653,21.63510475921285,123.10853931215509,26.411964522880638,342.7301438356568,1230.5289787011377,326.2846649997679,2948.431668881532
t240,0.0,0.0,0.0,0.0,0.0,0.0,0.0,0.0,0.0,0.0,0.0,0.0,0.0,0.0,0.0,0.0,6.4881885514513655,4.932347419215579,9.732282827177047,1.1255020956599309,5.958540506434927,11.023299936904616,39.49188235653816,13.43981914229211,97.82037458237562,475.32758272875583,94.18194964816196,13.78344743463443,10.430091934597533,20.65204456229622,2.3820387345089706,12.627117951863088,23.35785555198117,83.69512796298994,28.515085045141365,232.01517981378404,825.5709473022512,218.678507816895,2231.22921390591
t241,0.0,0.0,0.0,0.0,0.0,0.0,0.0,0.0,0.0,0.0,0.0,0.0,0.0,0.0,322.6659845283775,0.0,2.916046326437631,2.2167903195877905,4.374069489656445,0.5058447709126501,2.678001728361089,4.954303197468014,17.74920034408211,6.040381676192234,46.04838410495622,218.35376824445774,40.22054858927557,3.0242906837457997,2.2885152657203958,4.531361712390938,0.5226542624594251,2.7705750223577295,5.125056360039023,18.363939571268535,6.256628209829818,54.665150837374405,179.32572442565782,46.46942519912909,992.066644869738
t242,0.0,0.0,0.0,0.0,0.0,0.0,0.0,0.0,0.0,0.0,0.0,0.0,0.0,0.0,0.0,0.0,1.9720716985904283,1.4991769545406828,2.9581075478856422,0.3420940701636457,1.811086253807536,3.350509569543942,12.003477226624392,4.085005661365886,31.98068800428288,149.5910775048538,27.26789560632062,1.8235060426458685,1.379867827572629,2.732199490071746,0.31513611139685316,1.6705273477930276,3.0901696360273947,11.072597933448654,3.772454615071067,33.834100816223874,107.4294961049716,28.098634151431114,432.0798801746333
t243,0.0,0.0,0.0,0.0,0.0,0.0,0.0,0.0,0.0,0.0,0.0,0.0,0.0,0.0,290.69901034336294,0.0,0.8023890058782657,0.6099793973258245,1.2035835088173985,0.13918992959112772,0.7368878625412644,-0.018147865528956315,4.883929000065159,1.6620915121764075,13.29811305109848,67.63421204455673,11.147417559668687,0.8262376412779264,0.6252234500274243,1.2379701571496449,0.14278939102621885,0.7569224029156844,1.4001678149172916,5.017036952659087,1.7093137780128915,15.671949154943078,52.479839966711644,12.80538905797466,485.4714951171689
t244,0.0,0.0,0.0,0.0,0.0,0.0,0.0,0.0,0.0,0.0,0.0,0.0,0.0,0.0,464.5258575426888,0.0,1.4572915886138518,1.1078390137931833,2.1859373829207773,0.25279547965750493,1.3383290099514964,2.475908668410269,8.870147271511863,3.0186754335572643,24.711505630198584,109.17348772523579,20.287827614470473,1.0282704438098564,0.7781039767755793,1.5406803797352377,0.17770445589331413,0.9420061448325194,1.7425388393422063,6.2438099599796475,2.127277612781129,19.956398261178823,58.88076196694432,15.96501777787185,748.7881721801543
t245,0.0,0.0,0.0,0.0,0.0,0.0,0.0,0.0,0.0,0.0,0.0,0.0,0.0,0.0,0.0,0.0,1.9900667055926615,1.5128568323127884,2.985100058388992,0.3452156530109719,1.8276122806463218,3.3810827191956947,12.113008060061453,4.12228103301337,34.790581864539234,157.8575748914721,27.796170094146728,0.5314694314164532,0.4021689824980208,0.7963124198907595,0.09184790509378304,0.4868830697204421,0.9006445062594258,3.2271608595572885,1.0994996794236358,10.61608151671708,35.82602830258501,8.279463519798131,310.9791103853404
t246,0.0,0.0,0.0,0.0,0.0,0.0,0.0,0.0,0.0,0.0,0.0,0.0,0.0,0.0,255.9044165408086,0.0,3.2741329023558396,2.489009196178674,4.911199353533759,0.5679618300005028,3.006856747061485,5.5626849820637485,19.928778329135287,6.782132440594239,60.83604131048376,281.0485805048675,46.29717459733204,2.0612263415022305,1.5597534899622585,3.088381078794449,0.35621864626632505,1.8883046685574123,3.493017793485323,12.516070687745923,4.264248454819211,43.62784333235738,126.82876294260886,32.526520052834854,922.8193162233497
t247,0.0,0.0,0.0,0.0,0.0,0.0,0.0,0.0,0.0,0.0,0.0,0.0,0.0,0.0,0.0,0.0,11.642208510603947,8.850454428979528,17.463312765905915,2.0195667824517045,10.69182414239138,19.77987466342405,70.86303445484953,24.11600334339388,223.82655074305305,979.9251482396031,166.93833951413083,5.271358759478463,3.988897316316757,7.8981935775407175,0.9109898527286608,4.8291306756295995,8.933007293747062,32.0084687089808,10.905344547712996,115.57016554504807,339.28786120954663,84.40703224759001,2150.1267673231064
t248,0.0,0.0,0.0,0.0,0.0,0.0,0.0,0.0,0.0,0.0,0.0,0.0,0.0,0.0,0.0,0.0,14.917621751750644,11.340436943932886,22.37643262762596,2.5877507120383765,13.699856710791403,25.344734914964096,90.79960586652304,30.900787914340615,271.7295437335643,1227.5632585746603,221.11886030608164,10.726635414716064,8.116967402746553,16.071955411646723,1.8537641740197226,9.826749893347268,18.17768753164971,65.13371403667354,22.191176956954543,223.067589021528,653.764108034882,177.51549676758117,3138.8247347020188
t249,1830.0,240.0,1166.7,1490.0,3693.0,297.88772803446074,-0.0,0.0,481.08933299236605,189.74079909946119,0.0,2297.4006829443147,0.0,-0.0,478.1433241917259,1518.4133560116097,10.409623107853163,7.913437974847557,15.614434661779743,1.805750947280651,9.55985795619168,17.685737218954607,63.3606141207593,21.562790723410124,177.15080888047757,841.8731691184196,153.30171123140892,12.743438340105595,9.643105186891987,18.494408569975473,2.202305619179323,11.67435794244573,20.917528169849067,74.95102420463746,26.363522606292282,247.8778200790532,746.2465646439784,209.3620367920493,16383.089271369776
t250,1830.0,240.0,1166.7,1490.0,3693.0,0.0,0.0,1564.522758475724,7962.866278610432,522.7754308521615,563.2967709875609,1926.8020177703938,-0.0,-0.0,0.0,28153.025574604184,7.856109936621095,5.9722468395742,11.78416490493164,1.3627945808424349,7.214794839754067,13.347370453545022,47.818056910147796,16.27337058300084,129.85130349445097,604.5406259703021,113.98549164898475,12.129061251770239,9.178199034477146,18.173241103742992,2.096129712973716,0.0,20.554281651489834,73.64945078885317,25.092504233947494,229.2492651821328,693.8575420000057,196.24688618889098,51353.221722610884
t251,1830.0,240.0,1166.7,1490.0,3693.0,1128.6945579647415,1133.0723099702766,1564.522758475724,7962.866278610432,522.7754308521615,1546.607438107191,545.4201876224598,0.0,-0.0,0.0,17516.684917525992,7.3716074107738,5.6039260418637555,11.057411116160695,1.2787482243179038,6.76984354050655,12.524210549937116,44.86901857680174,15.269758208031439,119.59482257371596,541.2729795859905,105.7602712727999,13.931055659646532,10.541788762584876,20.8732092350073,2.407548209636901,12.762342936521824,23.607997007119124,84.59142689976643,28.820455752255324,258.9784684378924,306.36397971132465,222.7544644926337,42197.34921333426
t252,1830.0,240.0,1166.7,1490.0,3693.0,1102.7320603555102,1133.0723099702766,495.2132197754807,7962.866278610432,0.0,1546.607438107191,2297.4006829443147,-0.0,-0.0,0.0,28153.025574604184,8.06888503885695,6.1339993407637,12.103327558285422,1.3997045475568175,7.410200545889033,13.708871009894713,49.1131625069201,16.71411900906082,128.33652077530687,573.0783349840522,114.43631918661546,17.295542044616344,13.087733996848945,25.914293701077845,1.506826736742509,15.84457375228276,29.30955950513844,105.02108499910494,35.78087808894624,315.17783030623025,920.9181582829291,273.32145809447087,53794.29894837898
t253,1830.0,240.0,1166.7,1490.0,3693.0,1178.9007850210323,1133.0723099702766,0.0,7962.866278610432,0.0,1546.607438107191,1481.5784762103506,-0.0,-0.0,0.0,28153.025574604184,6.911009520969685,5.253777646043281,10.366514281454524,1.1988485903722923,6.346845478441546,11.741664135116862,42.06548142100425,14.31566257915149,108.3484407693032,492.29328515676724,97.71822028933539,19.966129175700566,15.108597748726435,29.91569354681309,3.4505223239885208,18.291118338812932,33.83521890513015,121.23728437392674,41.305767237648986,359.03268395145307,1051.065015337861,314.4710110623211,52679.98965439381
t254,1830.0,240.0,1166.7,1490.0,3693.0,1108.9305592546036,1133.0723099702766,1564.522758475724,7815.012108568105,0.0,1546.607438107191,0.0,-0.0,-0.0,0.0,0.0,5.136475567641365,3.9047696917273638,7.704713351462044,0.8910212719377877,4.717171439670641,8.726767163390685,31.26436404181708,10.639842247257109,80.7907319053565,370.1503503747726,72.12720801033477,0.0,15.463683484799484,30.61877905083357,3.5316172925373546,18.72100040510093,34.630421994783774,124.08663089022026,42.27654487085979,369.16447159602956,1082.121113808653,319.5070727004789,24224.019925535562
t255,1830.0,240.0,1166.7,1490.0,3693.0,0.0,125.7503059224892,640.470597341112,7962.866278610432,0.0,1546.607438107191,0.0,0.0,-0.0,855.6519447635119,0.0,5.222173690743898,3.9699177546981663,7.833260536115844,0.9058872728841455,4.795873797621946,8.8723665256006,31.785985780905456,10.817359787969501,82.12949099713408,362.9473627089739,73.09733344239784,23.09942147408694,3.3414085830719316,34.61037479254973,3.9920141138103276,15.156775519250104,39.144992766489615,140.263097843491,9.135159163919496,417.8203719301613,1204.7756569708192,360.06213568805987,22394.824985885487
t256,1830.0,240.0,1166.7,1490.0,3693.0,-0.0,0.0,1564.522758475724,489.7731125515013,-0.0,0.0,1013.3755417447253,-0.0,0.0,0.0,-0.0,4.57993651006829,3.4816864285723224,6.869904765102433,0.7944787823587849,4.206064141899449,7.781218662513981,27.876858451589126,9.487011342284312,72.98770457115357,324.96638815291203,63.921195087902454,31.027136763052646,23.47858838949118,0.0,5.362072292943662,28.42418904803145,0.0,0.0,64.18869065242266,568.4268110415944,1391.3302462663178,482.2293171510314,14608.790911273192
t257,0.0,240.0,0.0,0.0,3693.0,0.0,-0.0,-0.0,0.0,-0.0,-0.0,0.0,-0.0,0.0,-0.0,0.0,4.787759462867919,3.639674285547551,7.181639194301878,0.8305297027423941,4.396921955695027,8.134305618035802,29.14182162857871,9.917501744512117,78.64067180051588,342.8704260816345,65.60597275352313,28.572863236947356,30.222475559693052,50.636918390548296,6.902250515850075,36.58862894809846,57.27131867240064,242.51693802778078,82.62596976740915,755.0539765980541,2107.869753733682,609.7235822700336,8496.131899948452
t258,0.0,0.0,0.0,0.0,0.0,0.0,0.0,0.0,0.0,0.0,0.0,0.0,0.0,0.0,0.0,0.0,6.425142178779892,3.1881757114232947,0.0,1.1145654799924303,5.900640776430512,10.916185436396448,39.10813581267556,13.30922308461549,110.72705208245699,472.1182714637515,0.0,46.928331002050406,35.511203493162306,70.31375769266948,8.11009747183086,18.01137105190154,79.52619851018609,284.95575485976576,97.08495323075194,930.0114621779846,2582.034117416416,598.6895823335262,5413.984221266767
t259,0.0,0.0,0.0,0.0,0.0,0.0,0.0,0.0,0.0,0.0,0.0,0.0,0.0,0.0,0.0,0.0,11.100204186306357,8.438420529385954,16.650306279459528,1.925545624155184,3.775365503620786,18.859020377755183,67.56399792991571,22.993280100206018,179.51333862652288,758.0489273889915,153.98689348686725,38.475920553641885,29.115168069953846,57.649323916782215,6.64936210910254,35.24807486961153,65.20248281741327,233.6314706101174,79.59867456818867,715.0283443963843,2088.566900143146,325.2353197077831,4917.2563417953115
t260,0.0,0.0,0.0,0.0,0.0,0.0,0.0,0.0,0.0,0.0,0.0,0.0,0.0,0.0,0.0,0.0,11.798424373453052,8.969210365533186,17.697636560179575,2.0466654525377743,10.835287689905863,20.04528222632585,71.8138789669872,24.439593345009893,188.8212420095229,820.1058579735503,165.42796210373552,21.432650266460403,16.21833099022423,32.11301457709587,3.703964727257419,19.634609136723792,36.32043082067955,130.1422169703359,44.33969425930483,394.20147232306084,1209.169728738759,334.7262068909439,3584.003360767587
t261,0.0,0.0,0.0,0.0,0.0,0.0,0.0,0.0,0.0,0.0,0.0,0.0,0.0,0.0,0.0,0.0,9.67069939589721,7.351705153003489,11.702363439820424,1.6775703033699239,7.164712310094139,13.254717773674148,58.86298152706821,20.0321630343585,154.93775849341617,689.6142927883981,135.81650860164152,16.758574733389988,12.681404705971286,25.10974368610278,2.8961966401663912,15.352654034280093,28.39959812201995,101.76054020157443,34.67000444005009,308.26895546816957,904.5702012772396,262.0734457135753,2822.6267918432814
t262,0.0,0.0,0.0,0.0,0.0,0.0,0.0,0.0,0.0,0.0,0.0,0.0,0.0,0.0,0.0,0.0,9.64462834335688,7.3318858324498715,14.466942515035315,1.6730477738476217,8.857311743899174,16.386026726213473,58.704293947065075,19.978158711239246,152.2215000512334,668.4536544129013,35.7079559811622,13.016067795890368,9.849407006621739,19.50226265390956,2.249421112377027,11.92411579959084,22.057430325250458,79.0354854921598,26.92753622874635,235.74860487815442,694.1096958673844,201.2586946506571,2309.1041278491452
t263,0.0,0.0,0.0,0.0,0.0,0.0,0.0,0.0,0.0,0.0,0.0,0.0,0.0,0.0,0.0,0.0,8.235666722123685,6.260787457124637,12.353500083185525,1.4027164702446797,7.563367397868689,13.992229686057074,50.12831836476303,17.059595352970483,128.6735859671597,573.4919753720483,115.05521918323211,8.537156528391789,6.460163748833384,12.791410704452797,1.4753810778932122,7.820952121647513,14.46732901623441,51.838874960150804,17.661600670313888,152.92263543292495,462.3534145617826,132.73097812519137,1803.2768590045944
t264,0.0,0.0,0.0,0.0,0.0,0.0,0.0,0.0,0.0,0.0,0.0,0.0,0.0,0.0,0.0,0.0,5.035554097417343,3.828048778138693,7.553331146126012,0.8735144862866818,4.624488456811845,8.55530364510191,30.650081827647387,10.430790630364493,78.0126981916664,361.31933867704896,69.9977086449418,6.026629524507758,4.5604193213976485,9.029832492257427,1.0415148339333877,5.521039799297376,10.212912449249725,36.59458431072747,12.46784262368803,106.85941023239386,322.9334023418475,93.21879858454949,1189.3472450954011
t265,0.0,0.0,0.0,0.0,0.0,0.0,0.0,0.0,0.0,0.0,0.0,0.0,0.0,0.0,0.0,0.0,4.163784793852033,3.1653261953262897,6.245677190778047,0.7222891989335157,3.8238839943539067,7.074185389554728,25.343853362578947,8.624982787264923,66.47244614087087,307.130989854236,57.26956704310845,8.011153011978926,6.06213088658137,12.003287986069095,1.3844777856272308,7.339076417014251,13.575947218286437,48.64490394354317,16.573408831828885,144.41797595361197,435.01417130613993,121.08456185597841,1304.1480811475174
t266,0.0,0.0,0.0,0.0,0.0,0.0,0.0,254.2876244537165,0.0,35.25995334279195,0.0,0.0,-0.0,-0.0,0.0,0.0,3.688427735899362,2.80395781963778,5.532641603849043,0.6398293011253995,3.387331594193291,6.266563449257589,22.45048106595887,7.640314595791535,59.93716026291294,268.38472469332555,49.96037656432567,2.9923838699649803,2.2643710156949766,4.4835550266421595,0.5171401654469681,2.741344954699462,5.070986088363473,18.170196686918224,6.190619650447686,54.90138147346704,197.18373194056772,44.58598538075105,1059.3410827357493
t267,0.0,0.0,0.0,0.0,0.0,0.0,0.0,0.0,749.6509910974785,211.33486111072318,0.0,0.0,-0.0,-0.0,0.0,0.0,1.404914504881215,1.0680217409556176,2.1073717573218222,0.24370965901000669,1.2902276065235647,2.3869210720685947,8.551341858792293,2.910180045825374,23.402019320005554,117.66348079471324,19.133105931896,2.381334042962555,1.8019826398928063,3.5680055375261106,0.411539272525408,2.181557697076435,4.035482186899633,14.459811915237392,4.92648468955173,44.66815052718765,144.2561464358917,35.69642853901552,1399.5340699839617
t268,711.0350472687973,0.0,1166.7,0.0,0.0,179.22069632892124,0.0,0.0,0.0,383.0177421964411,0.0,58.05909561808262,-0.0,0.0,155.2789918663461,0.0,1.6410973887706253,1.247568933300118,2.4616460831559377,0.28468015927653706,1.5071302549934313,2.788190971737848,9.98892441226202,3.3994160195962952,27.698503113747208,123.30033719366725,22.31191794636172,1.6471913886412677,1.246448517243644,2.468023339021228,0.28466562588934663,1.5090041916076045,2.7913813800800007,10.001989321296556,3.4076962788501395,31.319685047577305,103.43536515484735,24.667950671888327,3032.7203866724003
t269,1830.0,240.0,0.0,0.0,0.0,0.0,0.0,0.0,113.18857954133904,214.4093290954926,0.0,0.0,-0.0,0.0,855.6519447635119,0.0,0.8424832605963681,0.640459213412545,1.2637248908945518,0.14614505540957404,0.7737091168742154,1.4313618662172987,5.127972091282995,1.745143896949619,14.504456486477872,71.08962023109282,11.56681552577797,0.30373085056948496,0.2298366000114727,0.45508666033313755,0.0,0.27825007451499795,0.5147116763006372,1.8442985708237682,0.6283559375036492,5.897757072691131,26.942668358373844,4.601347462568219,3404.07778829902
t270,789.8520376575493,80.1314210433677,0.0,0.0,0.0,0.0,0.0,0.0,0.0,273.16253447330723,0.0,10.988363777368347,-0.0,0.0,0.0,0.0,1.5621245109342516,1.18753342923063,2.3431867664013772,0.2709807825090028,1.434604142694721,2.6540176639852335,9.50823745686001,3.235829344078093,27.721031955854265,122.61717036930294,21.737272006593948,0.9047852918252891,0.6846613533778615,1.3556598416107097,0.1563639011040349,0.8288804854641073,1.533277088495876,5.4939898844223505,1.8718125248667474,18.08517715560747,54.93228168185558,13.883221507491063,1448.136456096158
t271,185.89909821944616,0.0,0.0,96.58966751956595,0.0,0.0,0.0,0.0,0.0,51.6675033321489,0.0,0.0,0.0,0.0,0.0,0.0,2.8433344532804954,2.161514456830581,4.265001679920743,0.4932314867935553,2.611225518318822,4.830767208889821,17.306622463079748,5.8897642246524535,51.49462618315366,229.55809936242906,39.798318546214816,1.8658151006482862,1.4118835744838545,2.7955920887230192,0.32244791168921727,1.7092869881777923,3.161867871903975,11.329504780614341,3.859983253522378,38.14826649756923,116.8416369744715,28.80203078656209,905.6570904830905
t272,0.0,0.0,0.0,0.0,0.0,0.0,0.0,0.0,0.0,0.0,0.0,0.0,0.0,0.0,0.0,0.0,8.084924668140168,6.146192732412676,12.127387002210247,1.4024869322283962,7.424930817679744,13.736122012707526,49.210791474955194,16.747343955433198,148.5828841149839,647.5731002688711,114.76134735476538,3.3247797253389657,2.515898751892405,4.981591098536403,0.5745844156206602,3.045855251736704,5.6342743667656965,20.188553399331735,6.878277519031786,68.9394751774659,212.8423411508366,52.02604295444787,1406.7491851453924
t273,762.0750343498967,0.0,1166.7,0.0,0.0,0.0,0.0,0.0,0.0,0.0,0.0,0.0,-0.0,0.0,0.0,0.0,12.449158592684185,12.600510112795334,24.862751497730386,2.875284186812358,11.432900748383437,26.633496615042354,100.88864808432773,34.33427587781816,303.17838960075244,1311.3082818300447,233.00051700220897,6.211212550403229,4.700095403073585,9.306397328037052,1.0734142494824375,5.690137672013697,10.525712543468561,37.71539969783437,12.849706501085876,128.52806083115496,392.39803764413966,96.2592879321279,4707.596710851319
t274,1830.0,240.0,1166.7,284.9999134562917,3693.0,-0.0,526.7985455415068,521.1402739881372,1140.5762676547092,242.97691026672376,563.2967709875609,2297.4006829443147,-0.0,-0.0,0.0,-0.0,15.822582285895155,12.028391635706008,23.73387342884273,1.8500684572995882,14.530942915617997,26.882244393893295,90.83591354828559,32.77534902078281,285.2991658687232,1282.1106225766837,225.34980571268514,11.446233734581325,8.661495661570767,17.15014551171329,1.9781242863454302,10.48597922664665,19.397141060280433,69.50322128431176,23.679876165669086,233.264637742863,554.8574816076776,157.04464107673195,15625.577302042051
t275,1830.0,240.0,1166.7,0.0,3693.0,1178.9007850210323,687.1900210239453,1147.766667641199,7962.866278610432,317.11977400240653,1546.607438107191,352.8807449002466,-0.0,-0.0,-0.0,28153.025574604184,16.372986410857454,4.679369562360447,9.233118465328669,2.840211928414048,15.036416091603781,27.817369769466996,99.65802442935174,12.75049692831103,286.26828788034123,182.06135621710177,231.38455272067358,15.94430274120003,12.065235799129553,23.88970192599266,2.755475138160408,14.6066934508309,27.019707665456426,96.81616043691763,32.985445100502744,315.9564954891603,960.4483555402063,248.49393009285816,50915.140977694864
t276,1830.0,240.0,1166.7,287.2540178419601,3693.0,999.1191687848545,1023.6329824366101,1564.522758475724,7962.866278610432,254.3652541365246,1546.607438107191,2297.4006829443147,-0.0,-0.0,0.0,11827.830777817693,12.161913070591979,9.245535956725535,18.242869605887968,2.1097196142863637,11.169103840339572,20.662842104628208,74.02633823069505,25.192534217654813,209.85461627505344,938.2532547031353,168.8990161065274,21.627379100270414,16.36568452050664,32.40478110157966,3.737617529073579,19.813001658972563,36.65042431421664,131.3246392011386,44.74254770240507,422.5870568952808,1261.812147082668,330.9910107160652,38505.17339270301
t277,1830.0,240.0,1166.7,955.4305031286162,3693.0,1178.9007850210323,1133.0723099702766,1564.522758475724,7962.866278610432,522.7754308521615,1546.607438107191,2297.4006829443147,-0.0,0.0,0.0,28153.025574604184,12.601336307907554,9.579587295297067,18.902004461861324,2.185946094228861,11.572655792976322,21.409413217006197,76.70099089455975,26.102768066379927,212.94770289162867,921.9687054052513,173.34298241568663,27.233475251502785,20.607881440315026,40.80451912683218,4.706456293464408,24.948787730403556,46.150687926204384,165.36568277716202,56.34039427030694,522.1564100114352,1515.5671542424207,412.7134423015202,56568.210745928285
t278,1830.0,240.0,1166.7,1139.241957796988,3693.0,1178.9007850210323,1005.6649142734303,1545.8031084794818,7962.866278610432,493.1512222606481,1546.607438107191,2297.4006829443147,0.0,-0.0,322.86433232537985,28153.025574604184,10.640647187267062,8.089063422973428,15.96097078090059,1.845826552893266,9.772022927081995,18.078242415101688,64.76679640004899,22.041340602196055,0.0,780.5166836745117,145.76177868745293,0.0,0.0,43.142487516744616,0.0,26.378273442488876,48.79497468299223,174.84060730470185,33.94366306368255,426.79543702372587,0.0,0.0,54406.595110107846
t279,1830.0,240.0,1166.7,1490.0,3693.0,864.8154116236085,1033.1416702853753,1564.522758475724,7962.866278610432,283.13227407504417,1546.607438107191,2297.4006829443147,-0.0,0.0,0.0,0.0,9.682039552247927,7.360325986147659,14.523059328371888,1.6795374733491302,8.227977072918005,16.4495876066253,23.105874474696193,20.055653358227847,162.1873142063149,0.0,133.1362503877252,29.646303394746994,9.2915294357256,44.41971297233064,5.123438338353927,27.159197405254798,50.239540987742394,180.01673151944524,61.33203370087759,563.6149483579677,1701.597368297489,448.9481558149685,27489.983093793217
t280,1830.0,240.0,1166.7,1201.59985527469,3693.0,638.4861270694499,693.0759629524614,847.3368492611156,7817.291349798451,283.13227407504417,837.6340111065809,1253.195677975681,-0.0,0.0,0.0,0.0,9.915413507696584,7.537737819626482,14.873120261544871,1.7200207105187946,9.105991996864207,14.179518695629241,60.35249140143888,20.53907083737149,169.09716646127342,726.5668963844398,136.1112180123291,18.643699677823832,23.20817314275241,45.953212009928826,2.1192243543503215,28.096812718276755,51.9739575924167,186.23143814550104,63.449395753910686,593.9120679727388,1777.4724713993019,463.65012769917223,24926.16133406838
t281,1421.4777581245999,240.0,389.538870547074,0.0,3693.0,0.0,-0.0,-0.0,-0.0,-0.0,0.0,0.0,0.0,0.0,-0.0,7207.267495719916,8.65556064238821,6.579992529162464,12.98334096358231,1.5014748053122402,7.948984263417742,14.705620887322823,52.68410125698537,17.929375616375573,156.27417452078478,672.6525716585238,118.56591795226078,0.0,0.8542561913876234,50.03793205547647,5.77145240953424,30.594301122385396,56.59385372455907,202.78530359324674,69.0893283587934,684.2189121511608,2003.7630060607883,503.66956460319983,17629.143149758238
t282,0.0,0.0,0.0,0.0,0.0,0.0,0.0,0.0,0.0,0.0,0.0,0.0,0.0,0.0,0.0,0.0,9.119549595364392,6.932718825047419,13.679324393046585,1.5819626849101491,8.37509656717138,15.49392864926705,55.50827891464141,18.890495590397663,170.97081875732073,726.75556754118,129.45732414050684,30.984561617929398,23.44637129141973,46.42485490740093,5.3547145077965235,28.38518564327089,52.50739468810183,188.14283304578268,0.0,659.9782466594997,1303.5429566597456,484.18510105807667,3979.7172857378782
t283,0.0,0.0,0.0,0.0,0.0,0.0,0.0,0.0,0.0,0.0,0.0,0.0,0.0,0.0,0.0,0.0,13.07898686632148,0.0,19.61848029948222,2.2688038441578082,12.011314469070747,22.220931767780883,79.6083231200078,27.092187080237352,226.45677566480975,962.3739724174764,181.03997504795274,39.92543530949978,30.212032423799332,0.0,6.89986549811825,0.0,67.65887527281004,242.43313822999946,82.59741902116312,784.608191359555,2323.483474909626,607.7939546412041,5731.382137243073
t284,0.0,0.0,0.0,0.0,0.0,0.0,0.0,0.0,0.0,0.0,0.0,0.0,0.0,0.0,0.0,0.0,5.497348549910811,9.247471930100456,12.143827517395021,1.4043882162973833,7.434996439221441,20.667168810224513,56.35164482112934,25.197809420273728,207.1443599455473,908.1772113806303,27.583228780111966,34.01677198693851,30.264279996720187,31.04742693551364,6.911797870647848,36.63923919780315,67.77588203256626,242.85239314441318,82.74025994668733,772.7106774187248,2337.557888682839,607.5344823419522,5530.900555365648
t285,0.0,0.0,0.0,0.0,0.0,0.0,0.0,0.0,0.0,0.0,0.0,0.0,0.0,0.0,0.0,0.0,11.504114988403323,8.745475169755585,17.256172482604978,1.9956117837026166,10.565003560778559,19.545256587440335,70.02249582227122,23.829952475978306,194.53953132031464,857.3253023591204,159.26550853630687,33.96247689070724,0.0,50.886731314432154,5.869354227756453,31.113275809272068,0.0,206.2251742742777,0.0,651.3720158352073,2017.3896249742809,517.2369659927332,4888.6500444053445
t286,0.0,0.0,0.0,0.0,0.0,0.0,0.0,0.0,0.0,0.0,0.0,0.0,0.0,0.0,0.0,0.0,10.777854533779598,8.193369007822243,8.968849428795778,1.8696278272882974,9.89802967387922,18.31135489667656,65.60194111632173,22.325555819972017,179.85394238512018,94.92351384277299,149.11128763562843,28.414743894574563,21.501760900089145,42.57444009707229,4.910601713324128,0.0,48.152502237450186,172.53852039339824,58.78419332552088,538.0643696877756,1677.6166111135983,432.47231791044953,3594.86538744131
t287,0.0,0.0,0.0,0.0,0.0,0.0,0.0,0.0,0.0,0.0,0.0,0.0,0.0,0.0,0.0,0.0,7.659922862610587,5.823104625147844,11.489884293915878,1.3287621292283671,7.034623037091355,13.014052618619006,46.6239182402777,5.926981225677423,124.55905187083764,565.6580496759203,105.9018478303719,22.80600722777969,17.25756587202792,34.170745728871246,3.9413066182236713,20.89275158786529,20.0959212277007,0.0,47.180884080289196,421.2255544419839,1319.5278373538365,346.84709517974613,3148.965867728022
t288,0.0,0.0,0.0,0.0,0.0,0.0,0.0,0.0,0.0,0.0,0.0,0.0,0.0,0.0,0.0,0.0,5.960844184858896,4.531458079305997,8.941266277288342,1.034023991251033,5.474244659564292,10.127352620193939,36.28207710477889,12.34746295435057,93.9530306629649,424.18640800063514,81.84801386008495,0.0,11.763733324556068,23.29271365593917,2.6866175885349777,14.241681585826193,26.344502567187646,94.39678692143768,17.33492259418992,278.8331411570405,893.1414664584836,234.83873560669574,2281.560483855168
