Line,New_Trans_Capacity,Cost_Trans_Capacity
1,-0.0,-0.0
2,800.0,1.3364e7
3,0.0,0.0
4,0.0,0.0
5,1233.8143914446457,6.350442672765591e6
6,500.0,1.206e7
7,1300.0,1.16571e7
8,1600.0,2.04832e7
9,0.0,0.0
10,2150.0,2.56108e7
11,755.0,2.672247e7
12,255.9899745722031,2.728853128939685e6
13,1071.5882001247555,6.669564957576479e6
14,912.0477251802305,7.014559054361152e6
15,175.0,803600.0
16,660.0,9.22548e6
17,59.55795440898116,1.8486193469003662e6
