Status,Solve,Objval
OPTIMAL,30.523306846618652,3.3737032669610344e10
