Line,New_Trans_Capacity,Cost_Trans_Capacity
1,-0.0,-0.0
2,800.0,1.3364e7
3,0.0,0.0
4,0.0,0.0
5,1234.3726492294973,6.353316025584223e6
6,500.0,1.206e7
7,1300.0,1.16571e7
8,1600.0,2.04832e7
9,0.0,0.0
10,2150.0,2.56108e7
11,755.0,2.672247e7
12,336.68075428002396,3.5890168406250556e6
13,1062.152865091489,6.610839432329427e6
14,909.3528131948783,6.993832486281809e6
15,175.0,803600.0
16,660.0,9.22548e6
17,110.55793452299655,3.4316077296592896e6
