Status,Solve,Objval
OPTIMAL,30.522641897201538,3.3718927313910297e10
